{
  "pitcher_id": "434378",
  "pitcher_name": "Justin Verlander",
  "pitches": [
    {
      "code": "FF",
      "title": "four-seam fastball",
      "color": "#D22D49",
      "count": 1182,
      "pitch_percent": 0.4532208588957055,
      "rhh_percent": 0.481139337952271,
      "lhh_percent": 0.4255156608097785,
      "start_speed": 93.92131979695435,
      "max_start_speed": 98.3,
      "ivb": 18.634517766497463,
      "hb": 8.872842639593918,
      "release_pos_z": 7.148511516822097,
      "release_pos_x": 1.689205273114578,
      "extension": 6.012606973023493,
      "pitches": 1178,
      "whiffs": 108,
      "swings": 572,
      "spin_rate": 2433,
      "swing_miss_percent": 18.9,
      "arm_angle": 57.5,
      "barrels_per_pa_percent": 8.333333333333332,
      "hardhit_percent": 42.364532019704434,
      "whiffs_per_pitch": 0.09168081494057725,
      "active_spin_percent": 96.4
    },
    {
      "code": "SL",
      "title": "slider",
      "color": "#EEE716",
      "count": 607,
      "pitch_percent": 0.23274539877300612,
      "rhh_percent": 0.21709006928406466,
      "lhh_percent": 0.2482811306340718,
      "start_speed": 87.1288303130148,
      "max_start_speed": 92.5,
      "ivb": 5.519110378912686,
      "hb": -4.0532125205930765,
      "release_pos_z": 7.071666814802927,
      "release_pos_x": 1.8721899458131803,
      "extension": 6.019358480697893,
      "pitches": 606,
      "whiffs": 111,
      "swings": 349,
      "spin_rate": 2500,
      "swing_miss_percent": 31.8,
      "arm_angle": 54.4,
      "barrels_per_pa_percent": 6.111111111111111,
      "hardhit_percent": 36.440677966101696,
      "whiffs_per_pitch": 0.18316831683168316,
      "active_spin_percent": 34
    },
    {
      "code": "CU",
      "title": "curveball",
      "color": "#00D2ED",
      "count": 381,
      "pitch_percent": 0.1460889570552147,
      "rhh_percent": 0.13933795227097767,
      "lhh_percent": 0.15278838808250572,
      "start_speed": 78.4700787401575,
      "max_start_speed": 82.7,
      "ivb": -12.329658792650918,
      "hb": -7.543044619422571,
      "release_pos_z": 7.099964399160393,
      "release_pos_x": 1.9737995970217286,
      "extension": 5.997968628892585,
      "pitches": 381,
      "whiffs": 38,
      "swings": 143,
      "spin_rate": 2748,
      "swing_miss_percent": 26.6,
      "arm_angle": 53.3,
      "barrels_per_pa_percent": 3.79746835443038,
      "hardhit_percent": 35,
      "whiffs_per_pitch": 0.09973753280839895,
      "active_spin_percent": 67.5
    },
    {
      "code": "CH",
      "title": "changeup",
      "color": "#1DBF3A",
      "count": 222,
      "pitch_percent": 0.08512269938650306,
      "rhh_percent": 0.02848344880677444,
      "lhh_percent": 0.1413292589763178,
      "start_speed": 84.67882882882887,
      "max_start_speed": 90.2,
      "ivb": 9.366666666666662,
      "hb": 12.95810810810811,
      "release_pos_z": 7.050307720263462,
      "release_pos_x": 2.0196777983784897,
      "extension": 6.041223100502047,
      "pitches": 222,
      "whiffs": 29,
      "swings": 101,
      "spin_rate": 1729,
      "swing_miss_percent": 28.7,
      "arm_angle": 50.9,
      "barrels_per_pa_percent": 0,
      "hardhit_percent": 28.205128205128204,
      "whiffs_per_pitch": 0.13063063063063063,
      "active_spin_percent": 94.1
    },
    {
      "code": "ST",
      "title": "sweeper",
      "color": "#DDB43A",
      "count": 206,
      "pitch_percent": 0.0789877300613497,
      "rhh_percent": 0.12779060816012316,
      "lhh_percent": 0.030557677616501147,
      "start_speed": 80.6679611650485,
      "max_start_speed": 84.2,
      "ivb": -1.519902912621359,
      "hb": -11.582038834951462,
      "release_pos_z": 6.9678644155542715,
      "release_pos_x": 2.112632005922518,
      "extension": 5.997553360378278,
      "pitches": 205,
      "whiffs": 26,
      "swings": 94,
      "spin_rate": 2672,
      "swing_miss_percent": 27.7,
      "arm_angle": 51.5,
      "barrels_per_pa_percent": 1.6129032258064515,
      "hardhit_percent": 28.205128205128204,
      "whiffs_per_pitch": 0.12682926829268293,
      "active_spin_percent": 48.3
    },
    {
      "code": "SI",
      "title": "sinker",
      "color": "#FE9E00",
      "count": 10,
      "pitch_percent": 0.003834355828220859,
      "rhh_percent": 0.006158583525789068,
      "lhh_percent": 0.0015278838808250573,
      "start_speed": 93.27,
      "max_start_speed": 95.7,
      "ivb": 16.34,
      "hb": 11.930000000000001,
      "release_pos_z": 7.13143474094382,
      "release_pos_x": 1.6138703123568714,
      "extension": 6.029115977258262,
      "pitches": 10,
      "whiffs": 3,
      "swings": 7,
      "spin_rate": 2474,
      "swing_miss_percent": 42.9,
      "arm_angle": 56.7,
      "barrels_per_pa_percent": 0,
      "hardhit_percent": 50,
      "whiffs_per_pitch": 0.3,
      "active_spin_percent": null
    }
  ]
}