{
  "pitcher_id": "453286",
  "pitcher_name": "Max Scherzer",
  "pitches": [
    {
      "code": "FF",
      "title": "four-seam fastball",
      "color": "#D22D49",
      "count": 674,
      "pitch_percent": 0.4848920863309353,
      "rhh_percent": 0.4755905511811024,
      "lhh_percent": 0.49271523178807947,
      "start_speed": 93.59807121661727,
      "max_start_speed": 96.1,
      "ivb": 16.164391691394638,
      "hb": 8.705192878338261,
      "release_pos_z": 5.695539897949395,
      "release_pos_x": 2.9547010837217376,
      "extension": 6.238121324218617,
      "pitches": 674,
      "whiffs": 63,
      "swings": 333,
      "spin_rate": 2391,
      "swing_miss_percent": 18.9,
      "arm_angle": 34.1,
      "barrels_per_pa_percent": 11.25,
      "hardhit_percent": 42.608695652173914,
      "whiffs_per_pitch": 0.09347181008902077,
      "active_spin_percent": 93
    },
    {
      "code": "SL",
      "title": "slider",
      "color": "#EEE716",
      "count": 329,
      "pitch_percent": 0.23669064748201438,
      "rhh_percent": 0.34488188976377954,
      "lhh_percent": 0.1456953642384106,
      "start_speed": 86.34255319148937,
      "max_start_speed": 92.4,
      "ivb": 3.8723404255319123,
      "hb": -3.7407294832826756,
      "release_pos_z": 5.553757120703496,
      "release_pos_x": 3.0548832010987677,
      "extension": 6.213954099636278,
      "pitches": 329,
      "whiffs": 67,
      "swings": 202,
      "spin_rate": 2404,
      "swing_miss_percent": 33.2,
      "arm_angle": 31.9,
      "barrels_per_pa_percent": 8.16326530612245,
      "hardhit_percent": 30.76923076923077,
      "whiffs_per_pitch": 0.20364741641337386,
      "active_spin_percent": 28.5
    },
    {
      "code": "CH",
      "title": "changeup",
      "color": "#1DBF3A",
      "count": 195,
      "pitch_percent": 0.14028776978417265,
      "rhh_percent": 0.09291338582677165,
      "lhh_percent": 0.18013245033112582,
      "start_speed": 84.8851282051283,
      "max_start_speed": 87.6,
      "ivb": 4.687692307692309,
      "hb": 14.321538461538461,
      "release_pos_z": 5.4459387286693985,
      "release_pos_x": 3.0832631401901645,
      "extension": 6.506278642377519,
      "pitches": 195,
      "whiffs": 16,
      "swings": 77,
      "spin_rate": 1353,
      "swing_miss_percent": 20.8,
      "arm_angle": 29.2,
      "barrels_per_pa_percent": 4.166666666666666,
      "hardhit_percent": 43.75,
      "whiffs_per_pitch": 0.08205128205128205,
      "active_spin_percent": 99.1
    },
    {
      "code": "CU",
      "title": "curveball",
      "color": "#00D2ED",
      "count": 165,
      "pitch_percent": 0.11870503597122302,
      "rhh_percent": 0.08346456692913386,
      "lhh_percent": 0.14834437086092717,
      "start_speed": 76.7296969696969,
      "max_start_speed": 79.9,
      "ivb": -6.411515151515149,
      "hb": -11.61212121212121,
      "release_pos_z": 5.717771061955455,
      "release_pos_x": 2.8917341050182914,
      "extension": 6.354208936214945,
      "pitches": 165,
      "whiffs": 17,
      "swings": 72,
      "spin_rate": 2689,
      "swing_miss_percent": 23.6,
      "arm_angle": 37.1,
      "barrels_per_pa_percent": 6.521739130434782,
      "hardhit_percent": 37.142857142857146,
      "whiffs_per_pitch": 0.10303030303030303,
      "active_spin_percent": 66.4
    },
    {
      "code": "FC",
      "title": "cutter",
      "color": "#933F2C",
      "count": 27,
      "pitch_percent": 0.019424460431654675,
      "rhh_percent": 0.0031496062992125984,
      "lhh_percent": 0.033112582781456956,
      "start_speed": 88.09259259259261,
      "max_start_speed": 89.9,
      "ivb": 7.825925925925926,
      "hb": -0.20740740740740743,
      "release_pos_z": 5.555402841841037,
      "release_pos_x": 3.125196857777825,
      "extension": 6.165064546058962,
      "pitches": 27,
      "whiffs": 1,
      "swings": 12,
      "spin_rate": 2486,
      "swing_miss_percent": 8.3,
      "arm_angle": 30.7,
      "barrels_per_pa_percent": 0,
      "hardhit_percent": 0,
      "whiffs_per_pitch": 0.037037037037037035,
      "active_spin_percent": 43.2
    }
  ]
}