{
  "pitcher_id": "476594",
  "pitcher_name": "Robert Stock",
  "pitches": [
    {
      "code": "FC",
      "title": "cutter",
      "color": "#933F2C",
      "count": 26,
      "pitch_percent": 0.4406779661016949,
      "rhh_percent": 0.2777777777777778,
      "lhh_percent": 0.5121951219512195,
      "start_speed": 88.85384615384615,
      "max_start_speed": 90.7,
      "ivb": 6.496153846153845,
      "hb": 0.9884615384615386,
      "release_pos_z": 4.423233872081131,
      "release_pos_x": 3.287556250362159,
      "extension": 6.291432653305729,
      "pitches": 26,
      "whiffs": 1,
      "swings": 9,
      "spin_rate": 2392,
      "swing_miss_percent": 11.1,
      "arm_angle": 2.6,
      "barrels_per_pa_percent": 0,
      "hardhit_percent": 40,
      "whiffs_per_pitch": 0.038461538461538464,
      "active_spin_percent": null
    },
    {
      "code": "SI",
      "title": "sinker",
      "color": "#FE9E00",
      "count": 19,
      "pitch_percent": 0.3220338983050847,
      "rhh_percent": 0.5,
      "lhh_percent": 0.24390243902439024,
      "start_speed": 93.7,
      "max_start_speed": 95.5,
      "ivb": -0.9894736842105264,
      "hb": 18.38947368421053,
      "release_pos_z": 4.528910499678037,
      "release_pos_x": 2.9449359349159283,
      "extension": 6.320278338704027,
      "pitches": 19,
      "whiffs": 2,
      "swings": 5,
      "spin_rate": 2091,
      "swing_miss_percent": 40,
      "arm_angle": 3.9,
      "barrels_per_pa_percent": 0,
      "hardhit_percent": 100,
      "whiffs_per_pitch": 0.10526315789473684,
      "active_spin_percent": null
    },
    {
      "code": "FF",
      "title": "four-seam fastball",
      "color": "#D22D49",
      "count": 6,
      "pitch_percent": 0.1016949152542373,
      "rhh_percent": 0.1111111111111111,
      "lhh_percent": 0.0975609756097561,
      "start_speed": 95.03333333333332,
      "max_start_speed": 97.2,
      "ivb": 12.15,
      "hb": 11.049999999999999,
      "release_pos_z": 5.252526472380436,
      "release_pos_x": 4.01885961542224,
      "extension": 6.248707886205298,
      "pitches": 6,
      "whiffs": 0,
      "swings": 1,
      "spin_rate": 2167,
      "swing_miss_percent": 0,
      "arm_angle": 24,
      "barrels_per_pa_percent": 50,
      "hardhit_percent": 100,
      "whiffs_per_pitch": 0,
      "active_spin_percent": null
    },
    {
      "code": "ST",
      "title": "sweeper",
      "color": "#DDB43A",
      "count": 5,
      "pitch_percent": 0.0847457627118644,
      "rhh_percent": 0.1111111111111111,
      "lhh_percent": 0.07317073170731707,
      "start_speed": 81.82000000000001,
      "max_start_speed": 82.6,
      "ivb": 3.66,
      "hb": -21.54,
      "release_pos_z": 4.600423126999114,
      "release_pos_x": 4.444615633165995,
      "extension": 6.153589100372049,
      "pitches": 5,
      "whiffs": 0,
      "swings": 2,
      "spin_rate": 2546,
      "swing_miss_percent": 0,
      "arm_angle": 6.8,
      "barrels_per_pa_percent": 0,
      "hardhit_percent": 50,
      "whiffs_per_pitch": 0,
      "active_spin_percent": null
    },
    {
      "code": "CH",
      "title": "changeup",
      "color": "#1DBF3A",
      "count": 3,
      "pitch_percent": 0.05084745762711865,
      "rhh_percent": 0,
      "lhh_percent": 0.07317073170731707,
      "start_speed": 79.36666666666667,
      "max_start_speed": 79.6,
      "ivb": 0.4333333333333334,
      "hb": 16.666666666666668,
      "release_pos_z": 4.351944641157872,
      "release_pos_x": 1.9231479578382251,
      "extension": 6.7590921207962245,
      "pitches": 3,
      "whiffs": 1,
      "swings": 2,
      "spin_rate": 1402,
      "swing_miss_percent": 50,
      "arm_angle": 1.1,
      "barrels_per_pa_percent": 0,
      "hardhit_percent": 0,
      "whiffs_per_pitch": 0.3333333333333333,
      "active_spin_percent": null
    }
  ]
}