{
  "pitcher_id": "477132",
  "pitcher_name": "Clayton Kershaw",
  "pitches": [
    {
      "code": "SL",
      "title": "slider",
      "color": "#EEE716",
      "count": 730,
      "pitch_percent": 0.4124293785310734,
      "rhh_percent": 0.4021276595744681,
      "lhh_percent": 0.4527777777777778,
      "start_speed": 85.68616438356163,
      "max_start_speed": 88.7,
      "ivb": 7.949863013698635,
      "hb": -4.476027397260277,
      "release_pos_z": 6.043200463532686,
      "release_pos_x": 1.7142080171389436,
      "extension": 6.540051944034995,
      "pitches": 729,
      "whiffs": 110,
      "swings": 402,
      "spin_rate": 2484,
      "swing_miss_percent": 27.4,
      "arm_angle": 54.5,
      "barrels_per_pa_percent": 3.7383177570093453,
      "hardhit_percent": 47.74193548387097,
      "whiffs_per_pitch": 0.15089163237311384,
      "active_spin_percent": 48.3
    },
    {
      "code": "FF",
      "title": "four-seam fastball",
      "color": "#D22D49",
      "count": 612,
      "pitch_percent": 0.34576271186440677,
      "rhh_percent": 0.33687943262411346,
      "lhh_percent": 0.38055555555555554,
      "start_speed": 88.99918300653596,
      "max_start_speed": 91.5,
      "ivb": 17.541666666666657,
      "hb": -0.028921568627450992,
      "release_pos_z": 5.992420667959444,
      "release_pos_x": 1.6996454351246444,
      "extension": 6.587815209973877,
      "pitches": 608,
      "whiffs": 14,
      "swings": 211,
      "spin_rate": 2310,
      "swing_miss_percent": 6.6,
      "arm_angle": 54,
      "barrels_per_pa_percent": 2.2058823529411766,
      "hardhit_percent": 41.44144144144144,
      "whiffs_per_pitch": 0.023026315789473683,
      "active_spin_percent": 84.1
    },
    {
      "code": "CU",
      "title": "curveball",
      "color": "#00D2ED",
      "count": 316,
      "pitch_percent": 0.17853107344632768,
      "rhh_percent": 0.18652482269503545,
      "lhh_percent": 0.14722222222222223,
      "start_speed": 72.32974683544303,
      "max_start_speed": 74.8,
      "ivb": -14.356645569620245,
      "hb": -3.9224683544303804,
      "release_pos_z": 6.2442152411002825,
      "release_pos_x": 1.3653246202321285,
      "extension": 6.475716897030707,
      "pitches": 316,
      "whiffs": 53,
      "swings": 137,
      "spin_rate": 2242,
      "swing_miss_percent": 38.7,
      "arm_angle": 62.6,
      "barrels_per_pa_percent": 3.4090909090909087,
      "hardhit_percent": 32.72727272727273,
      "whiffs_per_pitch": 0.16772151898734178,
      "active_spin_percent": 82.5
    },
    {
      "code": "FS",
      "title": "splitter",
      "color": "#3BACAC",
      "count": 98,
      "pitch_percent": 0.05536723163841808,
      "rhh_percent": 0.06950354609929078,
      "lhh_percent": 0,
      "start_speed": 83.1295918367347,
      "max_start_speed": 88.2,
      "ivb": 12.72857142857143,
      "hb": 9.007142857142856,
      "release_pos_z": 6.051866549594953,
      "release_pos_x": 1.7173154546687006,
      "extension": 6.61636978198489,
      "pitches": 98,
      "whiffs": 17,
      "swings": 41,
      "spin_rate": 1552,
      "swing_miss_percent": 41.5,
      "arm_angle": 54.9,
      "barrels_per_pa_percent": 0,
      "hardhit_percent": 30.76923076923077,
      "whiffs_per_pitch": 0.17346938775510204,
      "active_spin_percent": 89.5
    },
    {
      "code": "SI",
      "title": "sinker",
      "color": "#FE9E00",
      "count": 11,
      "pitch_percent": 0.0062146892655367235,
      "rhh_percent": 0.0028368794326241137,
      "lhh_percent": 0.019444444444444445,
      "start_speed": 89.27272727272728,
      "max_start_speed": 90.5,
      "ivb": 16.318181818181817,
      "hb": 8.290909090909091,
      "release_pos_z": 5.610201917236995,
      "release_pos_x": 2.412103841750893,
      "extension": 6.588434040459757,
      "pitches": 13,
      "whiffs": 1,
      "swings": 7,
      "spin_rate": 2329,
      "swing_miss_percent": 14.3,
      "arm_angle": 43.1,
      "barrels_per_pa_percent": 0,
      "hardhit_percent": 50,
      "whiffs_per_pitch": 0.07692307692307693,
      "active_spin_percent": 72
    },
    {
      "code": "CS",
      "title": "slow curve",
      "color": "#0068FF",
      "count": 1,
      "pitch_percent": 0.0005649717514124294,
      "rhh_percent": 0.0007092198581560284,
      "lhh_percent": 0,
      "start_speed": 58.6,
      "max_start_speed": 58.6,
      "ivb": -19.8,
      "hb": -9.1,
      "release_pos_z": 6.8873179825740305,
      "release_pos_x": 1.347320835058818,
      "extension": 6.1075868589507785,
      "pitches": 1,
      "whiffs": 0,
      "swings": 1,
      "spin_rate": 2221,
      "swing_miss_percent": 0,
      "arm_angle": 68,
      "barrels_per_pa_percent": 0,
      "hardhit_percent": 0,
      "whiffs_per_pitch": 0,
      "active_spin_percent": null
    }
  ]
}