{
  "pitcher_id": "489119",
  "pitcher_name": "Wade Miley",
  "pitches": [
    {
      "code": "FC",
      "title": "cutter",
      "color": "#933F2C",
      "count": 69,
      "pitch_percent": 0.33658536585365856,
      "rhh_percent": 0.36486486486486486,
      "lhh_percent": 0.2631578947368421,
      "start_speed": 88.27101449275366,
      "max_start_speed": 91.6,
      "ivb": 9.411594202898554,
      "hb": -1.8536231884057972,
      "release_pos_z": 6.236793101078786,
      "release_pos_x": 1.8211330951519011,
      "extension": 6.139871800819364,
      "pitches": 69,
      "whiffs": 2,
      "swings": 25,
      "spin_rate": 2313,
      "swing_miss_percent": 8,
      "arm_angle": 51.3,
      "barrels_per_pa_percent": 6.666666666666667,
      "hardhit_percent": 36.36363636363637,
      "whiffs_per_pitch": 0.028985507246376812,
      "active_spin_percent": 58.9
    },
    {
      "code": "CH",
      "title": "changeup",
      "color": "#1DBF3A",
      "count": 49,
      "pitch_percent": 0.23902439024390243,
      "rhh_percent": 0.32432432432432434,
      "lhh_percent": 0.017543859649122806,
      "start_speed": 84.45714285714283,
      "max_start_speed": 85.7,
      "ivb": 8.875510204081634,
      "hb": 14.824489795918367,
      "release_pos_z": 6.034439231954344,
      "release_pos_x": 2.0335396534453665,
      "extension": 6.152693704044754,
      "pitches": 49,
      "whiffs": 3,
      "swings": 17,
      "spin_rate": 1906,
      "swing_miss_percent": 17.6,
      "arm_angle": 46.2,
      "barrels_per_pa_percent": 21.428571428571427,
      "hardhit_percent": 40,
      "whiffs_per_pitch": 0.061224489795918366,
      "active_spin_percent": 90.4
    },
    {
      "code": "FF",
      "title": "four-seam fastball",
      "color": "#D22D49",
      "count": 47,
      "pitch_percent": 0.22926829268292684,
      "rhh_percent": 0.2702702702702703,
      "lhh_percent": 0.12280701754385964,
      "start_speed": 91.931914893617,
      "max_start_speed": 94.2,
      "ivb": 16.670212765957448,
      "hb": 4.406382978723404,
      "release_pos_z": 6.250344919460879,
      "release_pos_x": 1.6783809940555574,
      "extension": 6.054668245499961,
      "pitches": 47,
      "whiffs": 2,
      "swings": 22,
      "spin_rate": 2301,
      "swing_miss_percent": 9.1,
      "arm_angle": 51.8,
      "barrels_per_pa_percent": 7.6923076923076925,
      "hardhit_percent": 80,
      "whiffs_per_pitch": 0.0425531914893617,
      "active_spin_percent": 89.4
    },
    {
      "code": "SI",
      "title": "sinker",
      "color": "#FE9E00",
      "count": 31,
      "pitch_percent": 0.15121951219512195,
      "rhh_percent": 0.033783783783783786,
      "lhh_percent": 0.45614035087719296,
      "start_speed": 91.52903225806453,
      "max_start_speed": 93.2,
      "ivb": 11.393548387096773,
      "hb": 13.677419354838712,
      "release_pos_z": 6.1973678241308985,
      "release_pos_x": 1.7597469382917128,
      "extension": 6.101569515675666,
      "pitches": 31,
      "whiffs": 2,
      "swings": 16,
      "spin_rate": 2244,
      "swing_miss_percent": 12.5,
      "arm_angle": 49.1,
      "barrels_per_pa_percent": 0,
      "hardhit_percent": 25,
      "whiffs_per_pitch": 0.06451612903225806,
      "active_spin_percent": 88.5
    },
    {
      "code": "ST",
      "title": "sweeper",
      "color": "#DDB43A",
      "count": 7,
      "pitch_percent": 0.03414634146341464,
      "rhh_percent": 0.006756756756756757,
      "lhh_percent": 0.10526315789473684,
      "start_speed": 81.38571428571429,
      "max_start_speed": 83.4,
      "ivb": 1.8000000000000005,
      "hb": -11.285714285714286,
      "release_pos_z": 5.865359806317801,
      "release_pos_x": 2.0591599219195413,
      "extension": 6.00578369160051,
      "pitches": 7,
      "whiffs": 1,
      "swings": 2,
      "spin_rate": 2458,
      "swing_miss_percent": 50,
      "arm_angle": 44.5,
      "barrels_per_pa_percent": 0,
      "hardhit_percent": 0,
      "whiffs_per_pitch": 0.14285714285714285,
      "active_spin_percent": null
    },
    {
      "code": "SL",
      "title": "slider",
      "color": "#EEE716",
      "count": 1,
      "pitch_percent": 0.004878048780487805,
      "rhh_percent": 0,
      "lhh_percent": 0.017543859649122806,
      "start_speed": 83.6,
      "max_start_speed": 83.6,
      "ivb": 1.9,
      "hb": -3.6,
      "release_pos_z": 6.207308791389868,
      "release_pos_x": 1.6540458882857545,
      "extension": 6.429462744650079,
      "pitches": 1,
      "whiffs": 0,
      "swings": 1,
      "spin_rate": 2385,
      "swing_miss_percent": 0,
      "arm_angle": 50.9,
      "barrels_per_pa_percent": null,
      "hardhit_percent": null,
      "whiffs_per_pitch": 0,
      "active_spin_percent": null
    },
    {
      "code": "CU",
      "title": "curveball",
      "color": "#00D2ED",
      "count": 1,
      "pitch_percent": 0.004878048780487805,
      "rhh_percent": 0,
      "lhh_percent": 0.017543859649122806,
      "start_speed": 79.7,
      "max_start_speed": 79.7,
      "ivb": -10.2,
      "hb": -4.6,
      "release_pos_z": 6.278098922898151,
      "release_pos_x": 1.7835162244501028,
      "extension": 6.022872823854262,
      "pitches": 1,
      "whiffs": 0,
      "swings": 1,
      "spin_rate": 2508,
      "swing_miss_percent": 0,
      "arm_angle": 53.3,
      "barrels_per_pa_percent": null,
      "hardhit_percent": null,
      "whiffs_per_pitch": 0,
      "active_spin_percent": null
    }
  ]
}