{
  "pitcher_id": "489446",
  "pitcher_name": "Kirby Yates",
  "pitches": [
    {
      "code": "FF",
      "title": "four-seam fastball",
      "color": "#D22D49",
      "count": 440,
      "pitch_percent": 0.5736636245110821,
      "rhh_percent": 0.5731462925851704,
      "lhh_percent": 0.5746268656716418,
      "start_speed": 92.75409090909095,
      "max_start_speed": 94.8,
      "ivb": 13.78522727272727,
      "hb": 13.540909090909091,
      "release_pos_z": 5.159610032527173,
      "release_pos_x": 2.5329422608272494,
      "extension": 6.079831239496695,
      "pitches": 440,
      "whiffs": 85,
      "swings": 241,
      "spin_rate": 2328,
      "swing_miss_percent": 35.3,
      "arm_angle": 19.2,
      "barrels_per_pa_percent": 11.458333333333332,
      "hardhit_percent": 41.07142857142857,
      "whiffs_per_pitch": 0.19318181818181818,
      "active_spin_percent": 95.6
    },
    {
      "code": "FS",
      "title": "splitter",
      "color": "#3BACAC",
      "count": 322,
      "pitch_percent": 0.4198174706649283,
      "rhh_percent": 0.4168336673346693,
      "lhh_percent": 0.4253731343283582,
      "start_speed": 85.89627329192543,
      "max_start_speed": 88.4,
      "ivb": 0.10838509316770174,
      "hb": 12.17111801242237,
      "release_pos_z": 5.134754983591167,
      "release_pos_x": 2.520937055731666,
      "extension": 6.126503520289357,
      "pitches": 321,
      "whiffs": 53,
      "swings": 149,
      "spin_rate": 1218,
      "swing_miss_percent": 35.6,
      "arm_angle": 18.7,
      "barrels_per_pa_percent": 3.6585365853658534,
      "hardhit_percent": 45.09803921568628,
      "whiffs_per_pitch": 0.16510903426791276,
      "active_spin_percent": 98.1
    },
    {
      "code": "SL",
      "title": "slider",
      "color": "#EEE716",
      "count": 4,
      "pitch_percent": 0.005215123859191656,
      "rhh_percent": 0.008016032064128256,
      "lhh_percent": 0,
      "start_speed": 86.275,
      "max_start_speed": 86.7,
      "ivb": 0.049999999999999996,
      "hb": 6.4750000000000005,
      "release_pos_z": 5.192189430249622,
      "release_pos_x": -2.3807084017722353,
      "extension": 6.252143021781236,
      "active_spin_percent": null
    },
    {
      "code": "CH",
      "title": "changeup",
      "color": "#1DBF3A",
      "count": 1,
      "pitch_percent": 0.001303780964797914,
      "rhh_percent": 0.002004008016032064,
      "lhh_percent": 0,
      "start_speed": 93.7,
      "max_start_speed": 93.7,
      "ivb": 5.9,
      "hb": -12.2,
      "release_pos_z": 5.129757327707859,
      "release_pos_x": -2.4222558007191,
      "extension": 6.2366804190971115,
      "active_spin_percent": null
    }
  ]
}