{
  "pitcher_id": "500779",
  "pitcher_name": "Jose Quintana",
  "pitches": [
    {
      "code": "SI",
      "title": "sinker",
      "color": "#FE9E00",
      "count": 956,
      "pitch_percent": 0.43974241030358785,
      "rhh_percent": 0.4153846153846154,
      "lhh_percent": 0.51183970856102,
      "start_speed": 90.51317991631792,
      "max_start_speed": 93,
      "ivb": 12.072071129707123,
      "hb": 13.788179916317992,
      "release_pos_z": 5.725113166628967,
      "release_pos_x": 2.1905484458700597,
      "extension": 6.570723816869087,
      "pitches": 954,
      "whiffs": 47,
      "swings": 385,
      "spin_rate": 2094,
      "swing_miss_percent": 12.2,
      "arm_angle": 41.6,
      "barrels_per_pa_percent": 7.786885245901639,
      "hardhit_percent": 52.071005917159766,
      "whiffs_per_pitch": 0.049266247379454925,
      "active_spin_percent": 85.5
    },
    {
      "code": "CH",
      "title": "changeup",
      "color": "#1DBF3A",
      "count": 480,
      "pitch_percent": 0.22079116835326587,
      "rhh_percent": 0.2855384615384615,
      "lhh_percent": 0.029143897996357013,
      "start_speed": 85.58770833333338,
      "max_start_speed": 87.8,
      "ivb": 3.729999999999998,
      "hb": 14.709583333333333,
      "release_pos_z": 5.748812098300261,
      "release_pos_x": 2.2783815057908314,
      "extension": 6.4424931377499,
      "pitches": 479,
      "whiffs": 43,
      "swings": 211,
      "spin_rate": 1354,
      "swing_miss_percent": 20.4,
      "arm_angle": 40.4,
      "barrels_per_pa_percent": 6.086956521739131,
      "hardhit_percent": 34.34343434343434,
      "whiffs_per_pitch": 0.08977035490605428,
      "active_spin_percent": 89.1
    },
    {
      "code": "CU",
      "title": "curveball",
      "color": "#00D2ED",
      "count": 316,
      "pitch_percent": 0.1453541858325667,
      "rhh_percent": 0.17846153846153845,
      "lhh_percent": 0.04735883424408015,
      "start_speed": 78.19873417721516,
      "max_start_speed": 80.8,
      "ivb": -6.121202531645573,
      "hb": -5.952531645569621,
      "release_pos_z": 5.754038674958522,
      "release_pos_x": 2.24310947283519,
      "extension": 6.479074357454065,
      "pitches": 316,
      "whiffs": 30,
      "swings": 135,
      "spin_rate": 2178,
      "swing_miss_percent": 22.2,
      "arm_angle": 42.6,
      "barrels_per_pa_percent": 10.843373493975903,
      "hardhit_percent": 45.45454545454545,
      "whiffs_per_pitch": 0.0949367088607595,
      "active_spin_percent": 55.3
    },
    {
      "code": "FF",
      "title": "four-seam fastball",
      "color": "#D22D49",
      "count": 254,
      "pitch_percent": 0.11683532658693652,
      "rhh_percent": 0.11876923076923077,
      "lhh_percent": 0.1111111111111111,
      "start_speed": 90.40984251968503,
      "max_start_speed": 92.7,
      "ivb": 16.041338582677174,
      "hb": 4.51732283464567,
      "release_pos_z": 5.76719490823566,
      "release_pos_x": 2.1787147873217476,
      "extension": 6.577525725307361,
      "pitches": 254,
      "whiffs": 25,
      "swings": 121,
      "spin_rate": 2095,
      "swing_miss_percent": 20.7,
      "arm_angle": 42.7,
      "barrels_per_pa_percent": 7.6923076923076925,
      "hardhit_percent": 35.55555555555556,
      "whiffs_per_pitch": 0.0984251968503937,
      "active_spin_percent": 87.3
    },
    {
      "code": "SV",
      "title": "slurve",
      "color": "#93AFD4",
      "count": 168,
      "pitch_percent": 0.07727690892364306,
      "rhh_percent": 0.0018461538461538461,
      "lhh_percent": 0.3005464480874317,
      "start_speed": 78.46785714285714,
      "max_start_speed": 80.6,
      "ivb": -0.47261904761904766,
      "hb": -10.414285714285718,
      "release_pos_z": 5.664388671385511,
      "release_pos_x": 2.2547332303762144,
      "extension": 6.560303948926527,
      "pitches": 168,
      "whiffs": 28,
      "swings": 85,
      "spin_rate": 2202,
      "swing_miss_percent": 32.9,
      "arm_angle": 40.8,
      "barrels_per_pa_percent": 0,
      "hardhit_percent": 13.333333333333334,
      "whiffs_per_pitch": 0.16666666666666666,
      "active_spin_percent": 53.4
    }
  ]
}