{
  "pitcher_id": "519141",
  "pitcher_name": "Drew Pomeranz",
  "pitches": [
    {
      "code": "FF",
      "title": "four-seam fastball",
      "color": "#D22D49",
      "count": 614,
      "pitch_percent": 0.7675,
      "rhh_percent": 0.722567287784679,
      "lhh_percent": 0.8359621451104101,
      "start_speed": 92.72850162866452,
      "max_start_speed": 95.2,
      "ivb": 17.05684039087947,
      "hb": 1.1545602605863199,
      "release_pos_z": 6.219146237071586,
      "release_pos_x": 2.3552711254701624,
      "extension": 5.801294726964321,
      "pitches": 613,
      "whiffs": 77,
      "swings": 319,
      "spin_rate": 2642,
      "swing_miss_percent": 24.1,
      "arm_angle": 39.5,
      "barrels_per_pa_percent": 5.128205128205128,
      "hardhit_percent": 43.13725490196079,
      "whiffs_per_pitch": 0.12561174551386622,
      "active_spin_percent": 71.7
    },
    {
      "code": "KC",
      "title": "knuckle curve",
      "color": "#6236CD",
      "count": 186,
      "pitch_percent": 0.2325,
      "rhh_percent": 0.2774327122153209,
      "lhh_percent": 0.1640378548895899,
      "start_speed": 83.72150537634403,
      "max_start_speed": 86.8,
      "ivb": -10.9016129032258,
      "hb": -4.096236559139784,
      "release_pos_z": 6.213295486440298,
      "release_pos_x": 2.40317768459464,
      "extension": 5.748860205115845,
      "pitches": 186,
      "whiffs": 21,
      "swings": 80,
      "spin_rate": 2301,
      "swing_miss_percent": 26.3,
      "arm_angle": 38.6,
      "barrels_per_pa_percent": 6.666666666666667,
      "hardhit_percent": 43.47826086956522,
      "whiffs_per_pitch": 0.11290322580645161,
      "active_spin_percent": null
    }
  ]
}