{
  "pitcher_id": "527048",
  "pitcher_name": "Martín Pérez",
  "pitches": [
    {
      "code": "SI",
      "title": "sinker",
      "color": "#FE9E00",
      "count": 279,
      "pitch_percent": 0.3106904231625835,
      "rhh_percent": 0.2814814814814815,
      "lhh_percent": 0.3991031390134529,
      "start_speed": 89.55878136200721,
      "max_start_speed": 92,
      "ivb": 9.621505376344087,
      "hb": 15.848028673835117,
      "release_pos_z": 5.704500882438108,
      "release_pos_x": 1.031636071609027,
      "extension": 6.0336300648759105,
      "pitches": 280,
      "whiffs": 14,
      "swings": 113,
      "spin_rate": 1987,
      "swing_miss_percent": 12.4,
      "arm_angle": 47,
      "barrels_per_pa_percent": 7.792207792207792,
      "hardhit_percent": 36.206896551724135,
      "whiffs_per_pitch": 0.05,
      "active_spin_percent": 96.3
    },
    {
      "code": "CH",
      "title": "changeup",
      "color": "#1DBF3A",
      "count": 259,
      "pitch_percent": 0.2884187082405345,
      "rhh_percent": 0.30074074074074075,
      "lhh_percent": 0.25112107623318386,
      "start_speed": 82.27992277992276,
      "max_start_speed": 85.4,
      "ivb": 9.273745173745176,
      "hb": 14.493436293436302,
      "release_pos_z": 5.6324921100950105,
      "release_pos_x": 1.1656473486032455,
      "extension": 6.102152859117171,
      "pitches": 260,
      "whiffs": 40,
      "swings": 125,
      "spin_rate": 1650,
      "swing_miss_percent": 32,
      "arm_angle": 44.9,
      "barrels_per_pa_percent": 11.594202898550725,
      "hardhit_percent": 37.5,
      "whiffs_per_pitch": 0.15384615384615385,
      "active_spin_percent": 99.5
    },
    {
      "code": "FC",
      "title": "cutter",
      "color": "#933F2C",
      "count": 253,
      "pitch_percent": 0.2817371937639198,
      "rhh_percent": 0.3244444444444444,
      "lhh_percent": 0.15246636771300448,
      "start_speed": 85.9936758893281,
      "max_start_speed": 89.1,
      "ivb": 11.067193675889326,
      "hb": -0.5956521739130427,
      "release_pos_z": 5.656501999343315,
      "release_pos_x": 1.2046766027472138,
      "extension": 6.014954728328535,
      "pitches": 254,
      "whiffs": 22,
      "swings": 104,
      "spin_rate": 2220,
      "swing_miss_percent": 21.2,
      "arm_angle": 45.9,
      "barrels_per_pa_percent": 12.698412698412698,
      "hardhit_percent": 44.73684210526316,
      "whiffs_per_pitch": 0.08661417322834646,
      "active_spin_percent": 65.9
    },
    {
      "code": "CU",
      "title": "curveball",
      "color": "#00D2ED",
      "count": 75,
      "pitch_percent": 0.08351893095768374,
      "rhh_percent": 0.06222222222222222,
      "lhh_percent": 0.14798206278026907,
      "start_speed": 76.36266666666668,
      "max_start_speed": 79.1,
      "ivb": -3.271999999999999,
      "hb": -5.6626666666666665,
      "release_pos_z": 5.79520468246154,
      "release_pos_x": 1.1334953679732689,
      "extension": 6.008326344739376,
      "pitches": 75,
      "whiffs": 3,
      "swings": 25,
      "spin_rate": 2443,
      "swing_miss_percent": 12,
      "arm_angle": 50,
      "barrels_per_pa_percent": 15.384615384615385,
      "hardhit_percent": 36.36363636363637,
      "whiffs_per_pitch": 0.04,
      "active_spin_percent": 35.8
    },
    {
      "code": "FF",
      "title": "four-seam fastball",
      "color": "#D22D49",
      "count": 32,
      "pitch_percent": 0.035634743875278395,
      "rhh_percent": 0.03111111111111111,
      "lhh_percent": 0.04932735426008968,
      "start_speed": 89.69375,
      "max_start_speed": 91.3,
      "ivb": 14.95,
      "hb": 10.365625,
      "release_pos_z": 5.788297077654064,
      "release_pos_x": 0.9703991432626697,
      "extension": 6.004514433374492,
      "pitches": 32,
      "whiffs": 1,
      "swings": 14,
      "spin_rate": 2071,
      "swing_miss_percent": 7.1,
      "arm_angle": 50.1,
      "barrels_per_pa_percent": 0,
      "hardhit_percent": 75,
      "whiffs_per_pitch": 0.03125,
      "active_spin_percent": 96.8
    }
  ]
}