{
  "pitcher_id": "542881",
  "pitcher_name": "Tyler Anderson",
  "pitches": [
    {
      "code": "FF",
      "title": "four-seam fastball",
      "color": "#D22D49",
      "count": 892,
      "pitch_percent": 0.38135955536554084,
      "rhh_percent": 0.4007220216606498,
      "lhh_percent": 0.33382570162481534,
      "start_speed": 89.28946188340818,
      "max_start_speed": 92.3,
      "ivb": 19.476905829596404,
      "hb": 6.852914798206284,
      "release_pos_z": 6.297431288413016,
      "release_pos_x": 1.3218920897979423,
      "extension": 6.047619667082065,
      "pitches": 891,
      "whiffs": 68,
      "swings": 437,
      "spin_rate": 2185,
      "swing_miss_percent": 15.6,
      "arm_angle": 55.5,
      "barrels_per_pa_percent": 10.084033613445378,
      "hardhit_percent": 43.956043956043956,
      "whiffs_per_pitch": 0.07631874298540965,
      "active_spin_percent": 99.2
    },
    {
      "code": "CH",
      "title": "changeup",
      "color": "#1DBF3A",
      "count": 795,
      "pitch_percent": 0.33988884138520736,
      "rhh_percent": 0.44103489771359805,
      "lhh_percent": 0.0915805022156573,
      "start_speed": 78.67559748427668,
      "max_start_speed": 81.8,
      "ivb": 12.219245283018862,
      "hb": 13.150188679245288,
      "release_pos_z": 6.460771852405948,
      "release_pos_x": 1.2955369549351858,
      "extension": 5.940868034289176,
      "pitches": 795,
      "whiffs": 160,
      "swings": 416,
      "spin_rate": 1916,
      "swing_miss_percent": 38.5,
      "arm_angle": 59.3,
      "barrels_per_pa_percent": 6.103286384976526,
      "hardhit_percent": 26.277372262773724,
      "whiffs_per_pitch": 0.20125786163522014,
      "active_spin_percent": 94.5
    },
    {
      "code": "FC",
      "title": "cutter",
      "color": "#933F2C",
      "count": 479,
      "pitch_percent": 0.20478837109876016,
      "rhh_percent": 0.154632972322503,
      "lhh_percent": 0.32791728212703103,
      "start_speed": 84.34488517745301,
      "max_start_speed": 89.1,
      "ivb": 13.356367432150314,
      "hb": -1.7179540709812111,
      "release_pos_z": 6.210361604601797,
      "release_pos_x": 1.5706952808332095,
      "extension": 6.05463968833637,
      "pitches": 480,
      "whiffs": 41,
      "swings": 219,
      "spin_rate": 2294,
      "swing_miss_percent": 18.7,
      "arm_angle": 51.9,
      "barrels_per_pa_percent": 5.660377358490567,
      "hardhit_percent": 31.521739130434785,
      "whiffs_per_pitch": 0.08541666666666667,
      "active_spin_percent": 62.8
    },
    {
      "code": "SI",
      "title": "sinker",
      "color": "#FE9E00",
      "count": 86,
      "pitch_percent": 0.0367678495083369,
      "rhh_percent": 0.0006016847172081829,
      "lhh_percent": 0.1255539143279173,
      "start_speed": 88.43953488372091,
      "max_start_speed": 91.7,
      "ivb": 10.509302325581393,
      "hb": 16.27325581395349,
      "release_pos_z": 5.679535135256322,
      "release_pos_x": 2.2390562287524345,
      "extension": 6.009162797969095,
      "pitches": 85,
      "whiffs": 6,
      "swings": 40,
      "spin_rate": 2141,
      "swing_miss_percent": 15,
      "arm_angle": 32.9,
      "barrels_per_pa_percent": 16.666666666666664,
      "hardhit_percent": 72.22222222222221,
      "whiffs_per_pitch": 0.07058823529411765,
      "active_spin_percent": 95.7
    },
    {
      "code": "SL",
      "title": "slider",
      "color": "#EEE716",
      "count": 81,
      "pitch_percent": 0.03463018383924754,
      "rhh_percent": 0.0024067388688327317,
      "lhh_percent": 0.1137370753323486,
      "start_speed": 80.69506172839503,
      "max_start_speed": 83.9,
      "ivb": 5.934567901234568,
      "hb": -3.016049382716049,
      "release_pos_z": 5.691111866053304,
      "release_pos_x": 2.1482322277188004,
      "extension": 6.114288894881522,
      "pitches": 81,
      "whiffs": 11,
      "swings": 32,
      "spin_rate": 2332,
      "swing_miss_percent": 34.4,
      "arm_angle": 36.8,
      "barrels_per_pa_percent": 7.6923076923076925,
      "hardhit_percent": 20,
      "whiffs_per_pitch": 0.13580246913580246,
      "active_spin_percent": 33.2
    },
    {
      "code": "CU",
      "title": "curveball",
      "color": "#00D2ED",
      "count": 6,
      "pitch_percent": 0.0025651988029072254,
      "rhh_percent": 0.0006016847172081829,
      "lhh_percent": 0.007385524372230428,
      "start_speed": 69.18333333333334,
      "max_start_speed": 70.1,
      "ivb": -9.483333333333333,
      "hb": -2.9666666666666663,
      "release_pos_z": 6.558903762931869,
      "release_pos_x": 1.2190802182437588,
      "extension": 5.844455753646812,
      "pitches": 6,
      "whiffs": 0,
      "swings": 0,
      "spin_rate": 2034,
      "swing_miss_percent": null,
      "arm_angle": 64.1,
      "barrels_per_pa_percent": null,
      "hardhit_percent": null,
      "whiffs_per_pitch": 0,
      "active_spin_percent": null
    }
  ]
}