{
  "pitcher_id": "543859",
  "pitcher_name": "Michael Tonkin",
  "pitches": [
    {
      "code": "FF",
      "title": "four-seam fastball",
      "color": "#D22D49",
      "count": 213,
      "pitch_percent": 0.5365239294710328,
      "rhh_percent": 0.46994535519125685,
      "lhh_percent": 0.5934579439252337,
      "start_speed": 92.42018779342723,
      "max_start_speed": 94.4,
      "ivb": 11.412206572769952,
      "hb": 13.173708920187797,
      "release_pos_z": 5.307212360376349,
      "release_pos_x": 3.670605525790903,
      "extension": 6.030881719781249,
      "pitches": 213,
      "whiffs": 23,
      "swings": 103,
      "spin_rate": 2357,
      "swing_miss_percent": 22.3,
      "arm_angle": 13.9,
      "barrels_per_pa_percent": 4.761904761904762,
      "hardhit_percent": 46.51162790697674,
      "whiffs_per_pitch": 0.107981220657277,
      "active_spin_percent": 92.7
    },
    {
      "code": "SL",
      "title": "slider",
      "color": "#EEE716",
      "count": 103,
      "pitch_percent": 0.2594458438287154,
      "rhh_percent": 0.25136612021857924,
      "lhh_percent": 0.26635514018691586,
      "start_speed": 83.9165048543689,
      "max_start_speed": 86,
      "ivb": 0.11262135922330088,
      "hb": -0.6864077669902912,
      "release_pos_z": 5.3382196697113145,
      "release_pos_x": 3.661564602603634,
      "extension": 6.008767006331331,
      "pitches": 103,
      "whiffs": 10,
      "swings": 42,
      "spin_rate": 2231,
      "swing_miss_percent": 23.8,
      "arm_angle": 15.4,
      "barrels_per_pa_percent": 7.6923076923076925,
      "hardhit_percent": 35.294117647058826,
      "whiffs_per_pitch": 0.0970873786407767,
      "active_spin_percent": 11.2
    },
    {
      "code": "SI",
      "title": "sinker",
      "color": "#FE9E00",
      "count": 45,
      "pitch_percent": 0.11335012594458438,
      "rhh_percent": 0.1366120218579235,
      "lhh_percent": 0.09345794392523364,
      "start_speed": 92.01333333333336,
      "max_start_speed": 93.9,
      "ivb": 6.606666666666666,
      "hb": 16.197777777777777,
      "release_pos_z": 5.2668562652884034,
      "release_pos_x": 3.7054892546044886,
      "extension": 6.102291863556953,
      "pitches": 45,
      "whiffs": 0,
      "swings": 16,
      "spin_rate": 2328,
      "swing_miss_percent": 0,
      "arm_angle": 14.2,
      "barrels_per_pa_percent": 12.5,
      "hardhit_percent": 42.857142857142854,
      "whiffs_per_pitch": 0,
      "active_spin_percent": 90.1
    },
    {
      "code": "ST",
      "title": "sweeper",
      "color": "#DDB43A",
      "count": 36,
      "pitch_percent": 0.0906801007556675,
      "rhh_percent": 0.14207650273224043,
      "lhh_percent": 0.04672897196261682,
      "start_speed": 80.08333333333334,
      "max_start_speed": 82.1,
      "ivb": -1.3555555555555556,
      "hb": -13.48888888888889,
      "release_pos_z": 5.327480287160245,
      "release_pos_x": 3.7615010612644415,
      "extension": 5.847102928758834,
      "pitches": 36,
      "whiffs": 3,
      "swings": 13,
      "spin_rate": 2504,
      "swing_miss_percent": 23.1,
      "arm_angle": 13.4,
      "barrels_per_pa_percent": 0,
      "hardhit_percent": 50,
      "whiffs_per_pitch": 0.08333333333333333,
      "active_spin_percent": 44.7
    }
  ]
}