{
  "pitcher_id": "570632",
  "pitcher_name": "José Ureña",
  "pitches": [
    {
      "code": "FF",
      "title": "four-seam fastball",
      "color": "#D22D49",
      "count": 333,
      "pitch_percent": 0.35653104925053536,
      "rhh_percent": 0.38173302107728335,
      "lhh_percent": 0.33530571992110453,
      "start_speed": 96.15435435435433,
      "max_start_speed": 98.3,
      "ivb": 11.193993993993999,
      "hb": 15.262762762762765,
      "release_pos_z": 5.667202398286754,
      "release_pos_x": 2.585714348290943,
      "extension": 6.17570111831902,
      "pitches": 95,
      "whiffs": 6,
      "swings": 47,
      "spin_rate": 2143,
      "swing_miss_percent": 12.8,
      "arm_angle": 27.6,
      "barrels_per_pa_percent": 23.809523809523807,
      "hardhit_percent": 62.5,
      "whiffs_per_pitch": 0.06315789473684211,
      "active_spin_percent": 98.4
    },
    {
      "code": "SL",
      "title": "slider",
      "color": "#EEE716",
      "count": 240,
      "pitch_percent": 0.2569593147751606,
      "rhh_percent": 0.36065573770491804,
      "lhh_percent": 0.16962524654832348,
      "start_speed": 87.56000000000002,
      "max_start_speed": 91.3,
      "ivb": 7.892500000000003,
      "hb": 0.655,
      "release_pos_z": 5.711570619104918,
      "release_pos_x": 2.669204225872661,
      "extension": 6.182856461184796,
      "pitches": 239,
      "whiffs": 27,
      "swings": 107,
      "spin_rate": 2227,
      "swing_miss_percent": 25.2,
      "arm_angle": 31.2,
      "barrels_per_pa_percent": 6.779661016949152,
      "hardhit_percent": 23.684210526315788,
      "whiffs_per_pitch": 0.11297071129707113,
      "active_spin_percent": 50.1
    },
    {
      "code": "CH",
      "title": "changeup",
      "color": "#1DBF3A",
      "count": 230,
      "pitch_percent": 0.2462526766595289,
      "rhh_percent": 0.15456674473067916,
      "lhh_percent": 0.3234714003944773,
      "start_speed": 88.77956521739128,
      "max_start_speed": 91.7,
      "ivb": 8.59869565217392,
      "hb": 15.847391304347827,
      "release_pos_z": 5.647152859957328,
      "release_pos_x": 2.7583061840687457,
      "extension": 6.31455435241742,
      "pitches": 229,
      "whiffs": 28,
      "swings": 115,
      "spin_rate": 1856,
      "swing_miss_percent": 24.3,
      "arm_angle": 29.8,
      "barrels_per_pa_percent": 10,
      "hardhit_percent": 26.190476190476193,
      "whiffs_per_pitch": 0.1222707423580786,
      "active_spin_percent": 99.1
    },
    {
      "code": "SI",
      "title": "sinker",
      "color": "#FE9E00",
      "count": 100,
      "pitch_percent": 0.10706638115631692,
      "rhh_percent": 0.10304449648711944,
      "lhh_percent": 0.11045364891518737,
      "start_speed": 96.15700000000001,
      "max_start_speed": 98.2,
      "ivb": 7.2310000000000025,
      "hb": 16.681999999999995,
      "release_pos_z": 5.624873299879416,
      "release_pos_x": 2.5963465435357715,
      "extension": 6.185931887291629,
      "pitches": 337,
      "whiffs": 19,
      "swings": 164,
      "spin_rate": 2176,
      "swing_miss_percent": 11.6,
      "arm_angle": 28.4,
      "barrels_per_pa_percent": 8.823529411764707,
      "hardhit_percent": 51.80722891566265,
      "whiffs_per_pitch": 0.05637982195845697,
      "active_spin_percent": 97.4
    },
    {
      "code": "FS",
      "title": "splitter",
      "color": "#3BACAC",
      "count": 31,
      "pitch_percent": 0.033190578158458245,
      "rhh_percent": 0,
      "lhh_percent": 0.0611439842209073,
      "start_speed": 84.98709677419356,
      "max_start_speed": 87.6,
      "ivb": 8.729032258064517,
      "hb": 10.651612903225805,
      "release_pos_z": 5.712457452821261,
      "release_pos_x": 2.436080355774525,
      "extension": 6.320961339882101,
      "pitches": 31,
      "whiffs": 9,
      "swings": 14,
      "spin_rate": 1320,
      "swing_miss_percent": 64.3,
      "arm_angle": 32,
      "barrels_per_pa_percent": 11.11111111111111,
      "hardhit_percent": 33.33333333333333,
      "whiffs_per_pitch": 0.2903225806451613,
      "active_spin_percent": 85
    }
  ]
}