{
  "pitcher_id": "571948",
  "pitcher_name": "Hoby Milner",
  "pitches": [
    {
      "code": "ST",
      "title": "sweeper",
      "color": "#DDB43A",
      "count": 406,
      "pitch_percent": 0.3509075194468453,
      "rhh_percent": 0.2781065088757396,
      "lhh_percent": 0.45322245322245325,
      "start_speed": 78.18325123152712,
      "max_start_speed": 80.7,
      "ivb": 0.1322660098522168,
      "hb": -14.995320197044325,
      "release_pos_z": 4.149781585264016,
      "release_pos_x": 4.294070821048786,
      "extension": 6.650301189411404,
      "pitches": 403,
      "whiffs": 22,
      "swings": 142,
      "spin_rate": 1808,
      "swing_miss_percent": 15.5,
      "arm_angle": -6.3,
      "barrels_per_pa_percent": 8.333333333333332,
      "hardhit_percent": 32.72727272727273,
      "whiffs_per_pitch": 0.05459057071960298,
      "active_spin_percent": 63
    },
    {
      "code": "SI",
      "title": "sinker",
      "color": "#FE9E00",
      "count": 380,
      "pitch_percent": 0.32843560933448573,
      "rhh_percent": 0.2529585798816568,
      "lhh_percent": 0.43451143451143454,
      "start_speed": 87.52710526315785,
      "max_start_speed": 89.9,
      "ivb": -0.6955263157894737,
      "hb": 18.25342105263159,
      "release_pos_z": 4.225806978405666,
      "release_pos_x": 4.33668996013127,
      "extension": 6.713698296021088,
      "pitches": 377,
      "whiffs": 17,
      "swings": 171,
      "spin_rate": 1966,
      "swing_miss_percent": 9.9,
      "arm_angle": -5.1,
      "barrels_per_pa_percent": 4.545454545454546,
      "hardhit_percent": 40.476190476190474,
      "whiffs_per_pitch": 0.04509283819628647,
      "active_spin_percent": 92.1
    },
    {
      "code": "CH",
      "title": "changeup",
      "color": "#1DBF3A",
      "count": 201,
      "pitch_percent": 0.17372515125324114,
      "rhh_percent": 0.2692307692307692,
      "lhh_percent": 0.0395010395010395,
      "start_speed": 81.10099502487563,
      "max_start_speed": 83.5,
      "ivb": -4.148258706467661,
      "hb": 15.95174129353234,
      "release_pos_z": 4.018513319174782,
      "release_pos_x": 4.4405284465709896,
      "extension": 6.664745163893011,
      "pitches": 201,
      "whiffs": 20,
      "swings": 96,
      "spin_rate": 1633,
      "swing_miss_percent": 20.8,
      "arm_angle": -9,
      "barrels_per_pa_percent": 5.084745762711865,
      "hardhit_percent": 34.883720930232556,
      "whiffs_per_pitch": 0.09950248756218906,
      "active_spin_percent": 95
    },
    {
      "code": "FF",
      "title": "four-seam fastball",
      "color": "#D22D49",
      "count": 170,
      "pitch_percent": 0.14693171996542784,
      "rhh_percent": 0.1997041420118343,
      "lhh_percent": 0.07276507276507277,
      "start_speed": 87.9005882352941,
      "max_start_speed": 90.1,
      "ivb": 6.541764705882355,
      "hb": 15.253529411764719,
      "release_pos_z": 4.275373046273917,
      "release_pos_x": 4.2892492252984376,
      "extension": 6.696190528518808,
      "pitches": 171,
      "whiffs": 19,
      "swings": 90,
      "spin_rate": 1992,
      "swing_miss_percent": 21.1,
      "arm_angle": -3.8,
      "barrels_per_pa_percent": 11.363636363636363,
      "hardhit_percent": 44,
      "whiffs_per_pitch": 0.1111111111111111,
      "active_spin_percent": 95.5
    }
  ]
}