{
  "pitcher_id": "592351",
  "pitcher_name": "Jon Gray",
  "pitches": [
    {
      "code": "FF",
      "title": "four-seam fastball",
      "color": "#D22D49",
      "count": 99,
      "pitch_percent": 0.4714285714285714,
      "rhh_percent": 0.4921875,
      "lhh_percent": 0.43902439024390244,
      "start_speed": 94.75252525252523,
      "max_start_speed": 96.3,
      "ivb": 12.48787878787879,
      "hb": 9.686868686868687,
      "release_pos_z": 5.314238560979122,
      "release_pos_x": 1.652946051603985,
      "extension": 6.352825286668828,
      "pitches": 99,
      "whiffs": 6,
      "swings": 52,
      "spin_rate": 2008,
      "swing_miss_percent": 11.5,
      "arm_angle": 26.7,
      "barrels_per_pa_percent": 12.5,
      "hardhit_percent": 59.09090909090909,
      "whiffs_per_pitch": 0.06060606060606061,
      "active_spin_percent": 96.3
    },
    {
      "code": "SL",
      "title": "slider",
      "color": "#EEE716",
      "count": 89,
      "pitch_percent": 0.4238095238095238,
      "rhh_percent": 0.484375,
      "lhh_percent": 0.32926829268292684,
      "start_speed": 87.31123595505619,
      "max_start_speed": 89.2,
      "ivb": 2.5786516853932593,
      "hb": -3.406741573033707,
      "release_pos_z": 5.439773218473735,
      "release_pos_x": 1.6568715118758262,
      "extension": 6.2857328658113225,
      "pitches": 89,
      "whiffs": 11,
      "swings": 42,
      "spin_rate": 2394,
      "swing_miss_percent": 26.2,
      "arm_angle": 28.9,
      "barrels_per_pa_percent": 16.666666666666664,
      "hardhit_percent": 44.44444444444444,
      "whiffs_per_pitch": 0.12359550561797752,
      "active_spin_percent": 31.9
    },
    {
      "code": "CH",
      "title": "changeup",
      "color": "#1DBF3A",
      "count": 16,
      "pitch_percent": 0.0761904761904762,
      "rhh_percent": 0.015625,
      "lhh_percent": 0.17073170731707318,
      "start_speed": 88.26875,
      "max_start_speed": 89.5,
      "ivb": 4.325,
      "hb": 13.53125,
      "release_pos_z": 5.496548227436949,
      "release_pos_x": 1.572429989726999,
      "extension": 6.2917970341410685,
      "pitches": 16,
      "whiffs": 4,
      "swings": 10,
      "spin_rate": 1465,
      "swing_miss_percent": 40,
      "arm_angle": 29.8,
      "barrels_per_pa_percent": 0,
      "hardhit_percent": 0,
      "whiffs_per_pitch": 0.25,
      "active_spin_percent": 99.3
    },
    {
      "code": "CU",
      "title": "curveball",
      "color": "#00D2ED",
      "count": 6,
      "pitch_percent": 0.02857142857142857,
      "rhh_percent": 0.0078125,
      "lhh_percent": 0.06097560975609756,
      "start_speed": 77.3,
      "max_start_speed": 78.7,
      "ivb": -8.716666666666667,
      "hb": -13.033333333333333,
      "release_pos_z": 5.587092141288351,
      "release_pos_x": 1.5740285082345862,
      "extension": 6.073364902663431,
      "pitches": 6,
      "whiffs": 1,
      "swings": 1,
      "spin_rate": 2476,
      "swing_miss_percent": 100,
      "arm_angle": 34,
      "barrels_per_pa_percent": null,
      "hardhit_percent": null,
      "whiffs_per_pitch": 0.16666666666666666,
      "active_spin_percent": null
    }
  ]
}