{
  "pitcher_id": "592779",
  "pitcher_name": "Brock Stewart",
  "pitches": [
    {
      "code": "FF",
      "title": "four-seam fastball",
      "color": "#D22D49",
      "count": 322,
      "pitch_percent": 0.5278688524590164,
      "rhh_percent": 0.4779874213836478,
      "lhh_percent": 0.5821917808219178,
      "start_speed": 96.2034161490683,
      "max_start_speed": 98.8,
      "ivb": 14.386956521739128,
      "hb": 5.71801242236025,
      "release_pos_z": 5.339247003581739,
      "release_pos_x": 1.999032517403241,
      "extension": 6.491626400515396,
      "pitches": 321,
      "whiffs": 64,
      "swings": 188,
      "spin_rate": 2621,
      "swing_miss_percent": 34,
      "arm_angle": 24.9,
      "barrels_per_pa_percent": 2.4691358024691357,
      "hardhit_percent": 42.5531914893617,
      "whiffs_per_pitch": 0.19937694704049844,
      "active_spin_percent": 73.1
    },
    {
      "code": "ST",
      "title": "sweeper",
      "color": "#DDB43A",
      "count": 87,
      "pitch_percent": 0.14262295081967213,
      "rhh_percent": 0.24842767295597484,
      "lhh_percent": 0.0273972602739726,
      "start_speed": 84.73333333333335,
      "max_start_speed": 87.3,
      "ivb": 2.6827586206896554,
      "hb": -15.704597701149424,
      "release_pos_z": 5.298044840237933,
      "release_pos_x": 1.9620627343728996,
      "extension": 6.45479785474386,
      "pitches": 87,
      "whiffs": 13,
      "swings": 33,
      "spin_rate": 2562,
      "swing_miss_percent": 39.4,
      "arm_angle": 26.9,
      "barrels_per_pa_percent": 6.25,
      "hardhit_percent": 25,
      "whiffs_per_pitch": 0.14942528735632185,
      "active_spin_percent": 52.7
    },
    {
      "code": "SI",
      "title": "sinker",
      "color": "#FE9E00",
      "count": 68,
      "pitch_percent": 0.11147540983606558,
      "rhh_percent": 0.20440251572327045,
      "lhh_percent": 0.010273972602739725,
      "start_speed": 96.24705882352939,
      "max_start_speed": 98.5,
      "ivb": 5.008823529411764,
      "hb": 14.163235294117646,
      "release_pos_z": 5.278826248914748,
      "release_pos_x": 2.0419223659294525,
      "extension": 6.483108757164036,
      "pitches": 68,
      "whiffs": 8,
      "swings": 37,
      "spin_rate": 2365,
      "swing_miss_percent": 21.6,
      "arm_angle": 23.5,
      "barrels_per_pa_percent": 0,
      "hardhit_percent": 29.411764705882355,
      "whiffs_per_pitch": 0.11764705882352941,
      "active_spin_percent": 77.4
    },
    {
      "code": "FC",
      "title": "cutter",
      "color": "#933F2C",
      "count": 67,
      "pitch_percent": 0.10983606557377049,
      "rhh_percent": 0.06289308176100629,
      "lhh_percent": 0.16095890410958905,
      "start_speed": 93.48208955223879,
      "max_start_speed": 96.7,
      "ivb": 8.161194029850744,
      "hb": -2.2865671641791048,
      "release_pos_z": 5.375215538182102,
      "release_pos_x": 2.0520877346775115,
      "extension": 6.489759959260685,
      "pitches": 67,
      "whiffs": 3,
      "swings": 29,
      "spin_rate": 2476,
      "swing_miss_percent": 10.3,
      "arm_angle": 26.3,
      "barrels_per_pa_percent": 5.88235294117647,
      "hardhit_percent": 21.428571428571427,
      "whiffs_per_pitch": 0.04477611940298507,
      "active_spin_percent": 48.8
    },
    {
      "code": "CH",
      "title": "changeup",
      "color": "#1DBF3A",
      "count": 66,
      "pitch_percent": 0.10819672131147541,
      "rhh_percent": 0.006289308176100629,
      "lhh_percent": 0.2191780821917808,
      "start_speed": 90.63181818181818,
      "max_start_speed": 92.6,
      "ivb": 2.113636363636364,
      "hb": 14.296969696969695,
      "release_pos_z": 5.293993998426921,
      "release_pos_x": 2.1436541814542434,
      "extension": 6.4416086379440065,
      "pitches": 66,
      "whiffs": 9,
      "swings": 24,
      "spin_rate": 1640,
      "swing_miss_percent": 37.5,
      "arm_angle": 25.6,
      "barrels_per_pa_percent": 0,
      "hardhit_percent": 18.181818181818183,
      "whiffs_per_pitch": 0.13636363636363635,
      "active_spin_percent": 85.7
    }
  ]
}