{
  "pitcher_id": "592866",
  "pitcher_name": "Trevor Williams",
  "pitches": [
    {
      "code": "FF",
      "title": "four-seam fastball",
      "color": "#D22D49",
      "count": 617,
      "pitch_percent": 0.4261049723756906,
      "rhh_percent": 0.41784037558685444,
      "lhh_percent": 0.4326328800988875,
      "start_speed": 87.73938411669361,
      "max_start_speed": 91.2,
      "ivb": 10.109238249594815,
      "hb": 2.2452188006482983,
      "release_pos_z": 4.972705197363619,
      "release_pos_x": 2.3564776571180626,
      "extension": 6.83253387643969,
      "pitches": 611,
      "whiffs": 52,
      "swings": 342,
      "spin_rate": 2221,
      "swing_miss_percent": 15.2,
      "arm_angle": 17.2,
      "barrels_per_pa_percent": 6.557377049180328,
      "hardhit_percent": 46.76258992805755,
      "whiffs_per_pitch": 0.0851063829787234,
      "active_spin_percent": 61.8
    },
    {
      "code": "ST",
      "title": "sweeper",
      "color": "#DDB43A",
      "count": 403,
      "pitch_percent": 0.27831491712707185,
      "rhh_percent": 0.3051643192488263,
      "lhh_percent": 0.25710754017305315,
      "start_speed": 76.82878411910671,
      "max_start_speed": 79,
      "ivb": 7.274937965260551,
      "hb": -10.405707196029784,
      "release_pos_z": 4.937041238589453,
      "release_pos_x": 2.5391433531971095,
      "extension": 6.902353831120729,
      "pitches": 395,
      "whiffs": 49,
      "swings": 170,
      "spin_rate": 2227,
      "swing_miss_percent": 28.8,
      "arm_angle": 16,
      "barrels_per_pa_percent": 4.301075268817205,
      "hardhit_percent": 26.5625,
      "whiffs_per_pitch": 0.1240506329113924,
      "active_spin_percent": 50.2
    },
    {
      "code": "CH",
      "title": "changeup",
      "color": "#1DBF3A",
      "count": 186,
      "pitch_percent": 0.12845303867403315,
      "rhh_percent": 0.04381846635367762,
      "lhh_percent": 0.19530284301606923,
      "start_speed": 81.31559139784943,
      "max_start_speed": 84.3,
      "ivb": 0.3720430107526882,
      "hb": 13.645698924731187,
      "release_pos_z": 4.909675729438052,
      "release_pos_x": 2.4231505499009254,
      "extension": 7.015591599019538,
      "pitches": 186,
      "whiffs": 25,
      "swings": 65,
      "spin_rate": 1486,
      "swing_miss_percent": 38.5,
      "arm_angle": 15,
      "barrels_per_pa_percent": 5.263157894736842,
      "hardhit_percent": 33.33333333333333,
      "whiffs_per_pitch": 0.13440860215053763,
      "active_spin_percent": 90.1
    },
    {
      "code": "SL",
      "title": "slider",
      "color": "#EEE716",
      "count": 122,
      "pitch_percent": 0.08425414364640885,
      "rhh_percent": 0.10015649452269171,
      "lhh_percent": 0.07169344870210136,
      "start_speed": 80.82704918032786,
      "max_start_speed": 83.6,
      "ivb": 3.9918032786885242,
      "hb": -5.840983606557376,
      "release_pos_z": 4.961497978364485,
      "release_pos_x": 2.541156257820739,
      "extension": 6.903639360161846,
      "pitches": 127,
      "whiffs": 0,
      "swings": 40,
      "spin_rate": 2222,
      "swing_miss_percent": 0,
      "arm_angle": 16,
      "barrels_per_pa_percent": 9.375,
      "hardhit_percent": 43.333333333333336,
      "whiffs_per_pitch": 0,
      "active_spin_percent": 37
    },
    {
      "code": "SI",
      "title": "sinker",
      "color": "#FE9E00",
      "count": 120,
      "pitch_percent": 0.08287292817679558,
      "rhh_percent": 0.13302034428794993,
      "lhh_percent": 0.04326328800988875,
      "start_speed": 86.6458333333333,
      "max_start_speed": 88.7,
      "ivb": 4.536666666666666,
      "hb": 13.840833333333332,
      "release_pos_z": 4.893254821026272,
      "release_pos_x": 2.44124249421256,
      "extension": 6.911956308239018,
      "pitches": 123,
      "whiffs": 8,
      "swings": 53,
      "spin_rate": 1936,
      "swing_miss_percent": 15.1,
      "arm_angle": 15.4,
      "barrels_per_pa_percent": 14.285714285714285,
      "hardhit_percent": 66.66666666666666,
      "whiffs_per_pitch": 0.06504065040650407,
      "active_spin_percent": 68.2
    }
  ]
}