{
  "pitcher_id": "595014",
  "pitcher_name": "Blake Treinen",
  "pitches": [
    {
      "code": "ST",
      "title": "sweeper",
      "color": "#DDB43A",
      "count": 241,
      "pitch_percent": 0.47162426614481406,
      "rhh_percent": 0.4983277591973244,
      "lhh_percent": 0.4339622641509434,
      "start_speed": 84.39917012448132,
      "max_start_speed": 87.5,
      "ivb": -1.2037344398340248,
      "hb": -14.458921161825735,
      "release_pos_z": 6.25386668219685,
      "release_pos_x": 2.930571115508227,
      "extension": 5.562837398267926,
      "pitches": 241,
      "whiffs": 41,
      "swings": 118,
      "spin_rate": 2612,
      "swing_miss_percent": 34.7,
      "arm_angle": 32.4,
      "barrels_per_pa_percent": 3.1746031746031744,
      "hardhit_percent": 31.428571428571427,
      "whiffs_per_pitch": 0.17012448132780084,
      "active_spin_percent": 49.1
    },
    {
      "code": "SI",
      "title": "sinker",
      "color": "#FE9E00",
      "count": 152,
      "pitch_percent": 0.2974559686888454,
      "rhh_percent": 0.40468227424749165,
      "lhh_percent": 0.14622641509433962,
      "start_speed": 95.89210526315792,
      "max_start_speed": 98.7,
      "ivb": 5.3999999999999995,
      "hb": 17.282236842105267,
      "release_pos_z": 6.271049249393898,
      "release_pos_x": 2.7082852428796915,
      "extension": 5.621562548836751,
      "pitches": 152,
      "whiffs": 4,
      "swings": 69,
      "spin_rate": 2354,
      "swing_miss_percent": 5.8,
      "arm_angle": 32.9,
      "barrels_per_pa_percent": 2.7777777777777777,
      "hardhit_percent": 52,
      "whiffs_per_pitch": 0.02631578947368421,
      "active_spin_percent": 82.2
    },
    {
      "code": "FF",
      "title": "four-seam fastball",
      "color": "#D22D49",
      "count": 61,
      "pitch_percent": 0.11937377690802348,
      "rhh_percent": 0.06354515050167224,
      "lhh_percent": 0.19811320754716982,
      "start_speed": 95.20163934426229,
      "max_start_speed": 97.1,
      "ivb": 14.026229508196723,
      "hb": 9.419672131147541,
      "release_pos_z": 6.275277541040777,
      "release_pos_x": 2.739904201018204,
      "extension": 5.559801573778069,
      "pitches": 61,
      "whiffs": 9,
      "swings": 24,
      "spin_rate": 2464,
      "swing_miss_percent": 37.5,
      "arm_angle": 33.1,
      "barrels_per_pa_percent": 0,
      "hardhit_percent": 0,
      "whiffs_per_pitch": 0.14754098360655737,
      "active_spin_percent": 79.1
    },
    {
      "code": "FC",
      "title": "cutter",
      "color": "#933F2C",
      "count": 57,
      "pitch_percent": 0.11154598825831702,
      "rhh_percent": 0.033444816053511704,
      "lhh_percent": 0.22169811320754718,
      "start_speed": 91.60000000000001,
      "max_start_speed": 94,
      "ivb": 8.478947368421052,
      "hb": -1.4333333333333333,
      "release_pos_z": 6.3504231450085,
      "release_pos_x": 2.7866815318371354,
      "extension": 5.535388027356107,
      "pitches": 57,
      "whiffs": 7,
      "swings": 27,
      "spin_rate": 2572,
      "swing_miss_percent": 25.9,
      "arm_angle": 34.6,
      "barrels_per_pa_percent": 15.384615384615385,
      "hardhit_percent": 33.33333333333333,
      "whiffs_per_pitch": 0.12280701754385964,
      "active_spin_percent": 37.5
    }
  ]
}