{
  "pitcher_id": "595897",
  "pitcher_name": "Nick Burdi",
  "pitches": [
    {
      "code": "SI",
      "title": "sinker",
      "color": "#FE9E00",
      "count": 36,
      "pitch_percent": 0.43373493975903615,
      "rhh_percent": 0.4528301886792453,
      "lhh_percent": 0.4,
      "start_speed": 93.6083333333333,
      "max_start_speed": 95.8,
      "ivb": 0.9916666666666666,
      "hb": 16.680555555555554,
      "release_pos_z": 5.17385993310425,
      "release_pos_x": 2.114488990379315,
      "extension": 6.1235839697267815,
      "pitches": 36,
      "whiffs": 1,
      "swings": 16,
      "spin_rate": 2063,
      "swing_miss_percent": 6.3,
      "arm_angle": 13.1,
      "barrels_per_pa_percent": 0,
      "hardhit_percent": 37.5,
      "whiffs_per_pitch": 0.027777777777777776,
      "active_spin_percent": null
    },
    {
      "code": "SL",
      "title": "slider",
      "color": "#EEE716",
      "count": 26,
      "pitch_percent": 0.3132530120481928,
      "rhh_percent": 0.32075471698113206,
      "lhh_percent": 0.3,
      "start_speed": 86.1846153846154,
      "max_start_speed": 88.4,
      "ivb": 2.6384615384615384,
      "hb": -11.153846153846153,
      "release_pos_z": 5.247036282142168,
      "release_pos_x": 2.243211158117419,
      "extension": 6.049240277038359,
      "pitches": 26,
      "whiffs": 5,
      "swings": 13,
      "spin_rate": 2650,
      "swing_miss_percent": 38.5,
      "arm_angle": 16.1,
      "barrels_per_pa_percent": 0,
      "hardhit_percent": 25,
      "whiffs_per_pitch": 0.19230769230769232,
      "active_spin_percent": null
    },
    {
      "code": "FF",
      "title": "four-seam fastball",
      "color": "#D22D49",
      "count": 19,
      "pitch_percent": 0.2289156626506024,
      "rhh_percent": 0.22641509433962265,
      "lhh_percent": 0.23333333333333334,
      "start_speed": 94.78421052631579,
      "max_start_speed": 96.4,
      "ivb": 10.684210526315788,
      "hb": 8.947368421052632,
      "release_pos_z": 5.2688691373010315,
      "release_pos_x": 2.0227293736578145,
      "extension": 6.144855566555675,
      "pitches": 19,
      "whiffs": 1,
      "swings": 6,
      "spin_rate": 2269,
      "swing_miss_percent": 16.7,
      "arm_angle": 14.8,
      "barrels_per_pa_percent": 0,
      "hardhit_percent": 100,
      "whiffs_per_pitch": 0.05263157894736842,
      "active_spin_percent": null
    },
    {
      "code": "CH",
      "title": "changeup",
      "color": "#1DBF3A",
      "count": 2,
      "pitch_percent": 0.024096385542168676,
      "rhh_percent": 0,
      "lhh_percent": 0.06666666666666667,
      "start_speed": 86.75,
      "max_start_speed": 87.4,
      "ivb": -1.75,
      "hb": 12.9,
      "release_pos_z": 5.330289661961421,
      "release_pos_x": 2.113405831589211,
      "extension": 6.339066809813902,
      "pitches": 2,
      "whiffs": 0,
      "swings": 1,
      "spin_rate": 1680,
      "swing_miss_percent": 0,
      "arm_angle": 13.8,
      "barrels_per_pa_percent": null,
      "hardhit_percent": null,
      "whiffs_per_pitch": 0,
      "active_spin_percent": null
    }
  ]
}