{
  "pitcher_id": "596133",
  "pitcher_name": "Luke Weaver",
  "pitches": [
    {
      "code": "FF",
      "title": "four-seam fastball",
      "color": "#D22D49",
      "count": 621,
      "pitch_percent": 0.5919923736892279,
      "rhh_percent": 0.6087824351297405,
      "lhh_percent": 0.5766423357664233,
      "start_speed": 95.11449275362308,
      "max_start_speed": 97.5,
      "ivb": 18.984702093397743,
      "hb": 6.826731078904984,
      "release_pos_z": 5.618246258759281,
      "release_pos_x": 1.4949604282140623,
      "extension": 6.083625000224001,
      "pitches": 620,
      "whiffs": 81,
      "swings": 329,
      "spin_rate": 2435,
      "swing_miss_percent": 24.6,
      "arm_angle": 47.7,
      "barrels_per_pa_percent": 5.952380952380952,
      "hardhit_percent": 45.87155963302752,
      "whiffs_per_pitch": 0.13064516129032258,
      "active_spin_percent": 96
    },
    {
      "code": "CH",
      "title": "changeup",
      "color": "#1DBF3A",
      "count": 313,
      "pitch_percent": 0.29837940896091514,
      "rhh_percent": 0.2055888223552894,
      "lhh_percent": 0.38321167883211676,
      "start_speed": 88.11853035143758,
      "max_start_speed": 91.3,
      "ivb": 7.40511182108626,
      "hb": 14.374440894568693,
      "release_pos_z": 5.5200592844152725,
      "release_pos_x": 1.5810279754659828,
      "extension": 6.095313846079083,
      "pitches": 313,
      "whiffs": 75,
      "swings": 171,
      "spin_rate": 1971,
      "swing_miss_percent": 43.9,
      "arm_angle": 45.4,
      "barrels_per_pa_percent": 4,
      "hardhit_percent": 27.906976744186046,
      "whiffs_per_pitch": 0.23961661341853036,
      "active_spin_percent": 88.4
    },
    {
      "code": "FC",
      "title": "cutter",
      "color": "#933F2C",
      "count": 98,
      "pitch_percent": 0.09342230695900858,
      "rhh_percent": 0.15568862275449102,
      "lhh_percent": 0.0364963503649635,
      "start_speed": 91.58673469387755,
      "max_start_speed": 94.3,
      "ivb": 13.51326530612245,
      "hb": -0.7918367346938775,
      "release_pos_z": 5.588883593657379,
      "release_pos_x": 1.4826585293874377,
      "extension": 6.063690367899445,
      "pitches": 98,
      "whiffs": 13,
      "swings": 43,
      "spin_rate": 2491,
      "swing_miss_percent": 30.2,
      "arm_angle": 48.4,
      "barrels_per_pa_percent": 7.6923076923076925,
      "hardhit_percent": 41.66666666666667,
      "whiffs_per_pitch": 0.1326530612244898,
      "active_spin_percent": 67.6
    },
    {
      "code": "SL",
      "title": "slider",
      "color": "#EEE716",
      "count": 17,
      "pitch_percent": 0.016205910390848427,
      "rhh_percent": 0.029940119760479042,
      "lhh_percent": 0.0036496350364963502,
      "start_speed": 86.98823529411766,
      "max_start_speed": 88.4,
      "ivb": 12.129411764705882,
      "hb": -2.9705882352941173,
      "release_pos_z": 5.7091841271024135,
      "release_pos_x": 1.4462597135684778,
      "extension": 6.038603031377021,
      "pitches": 17,
      "whiffs": 2,
      "swings": 8,
      "spin_rate": 2357,
      "swing_miss_percent": 25,
      "arm_angle": 49.5,
      "barrels_per_pa_percent": 0,
      "hardhit_percent": 0,
      "whiffs_per_pitch": 0.11764705882352941,
      "active_spin_percent": 53.3
    }
  ]
}