{
  "pitcher_id": "605218",
  "pitcher_name": "Carl Edwards Jr.",
  "pitches": [
    {
      "code": "FF",
      "title": "four-seam fastball",
      "color": "#D22D49",
      "count": 46,
      "pitch_percent": 0.5111111111111111,
      "rhh_percent": 0.5862068965517241,
      "lhh_percent": 0.375,
      "start_speed": 93.07173913043476,
      "max_start_speed": 95.8,
      "ivb": 17.90434782608696,
      "hb": -1.2869565217391303,
      "release_pos_z": 6.477772072847934,
      "release_pos_x": 2.2065085339496466,
      "extension": 6.791063366803803,
      "pitches": 46,
      "whiffs": 5,
      "swings": 23,
      "spin_rate": 2520,
      "swing_miss_percent": 21.7,
      "arm_angle": 52.9,
      "barrels_per_pa_percent": 0,
      "hardhit_percent": 25,
      "whiffs_per_pitch": 0.10869565217391304,
      "active_spin_percent": null
    },
    {
      "code": "CU",
      "title": "curveball",
      "color": "#00D2ED",
      "count": 31,
      "pitch_percent": 0.34444444444444444,
      "rhh_percent": 0.3275862068965517,
      "lhh_percent": 0.375,
      "start_speed": 78.90645161290323,
      "max_start_speed": 80.9,
      "ivb": -12.019354838709674,
      "hb": -5.6096774193548375,
      "release_pos_z": 6.6113741081931865,
      "release_pos_x": 1.9545503625700367,
      "extension": 6.622182805390243,
      "pitches": 31,
      "whiffs": 5,
      "swings": 12,
      "spin_rate": 2212,
      "swing_miss_percent": 41.7,
      "arm_angle": 61.1,
      "barrels_per_pa_percent": 0,
      "hardhit_percent": 25,
      "whiffs_per_pitch": 0.16129032258064516,
      "active_spin_percent": null
    },
    {
      "code": "CH",
      "title": "changeup",
      "color": "#1DBF3A",
      "count": 13,
      "pitch_percent": 0.14444444444444443,
      "rhh_percent": 0.08620689655172414,
      "lhh_percent": 0.25,
      "start_speed": 88.61538461538461,
      "max_start_speed": 89.8,
      "ivb": 10,
      "hb": 13.953846153846152,
      "release_pos_z": 6.418966814527606,
      "release_pos_x": 2.2374594832363877,
      "extension": 6.737085286706741,
      "pitches": 13,
      "whiffs": 3,
      "swings": 6,
      "spin_rate": 1794,
      "swing_miss_percent": 50,
      "arm_angle": 55.7,
      "barrels_per_pa_percent": 25,
      "hardhit_percent": 33.33333333333333,
      "whiffs_per_pitch": 0.23076923076923078,
      "active_spin_percent": null
    }
  ]
}