{
  "pitcher_id": "605488",
  "pitcher_name": "Jeffrey Springs",
  "pitches": [
    {
      "code": "FF",
      "title": "four-seam fastball",
      "color": "#D22D49",
      "count": 1215,
      "pitch_percent": 0.4267650158061117,
      "rhh_percent": 0.4286343612334802,
      "lhh_percent": 0.4194107452339688,
      "start_speed": 90.69983539094657,
      "max_start_speed": 93.7,
      "ivb": 15.99069958847737,
      "hb": 11.331275720164614,
      "release_pos_z": 5.971585589691827,
      "release_pos_x": 2.3345359434605313,
      "extension": 6.46417599478872,
      "pitches": 1209,
      "whiffs": 79,
      "swings": 511,
      "spin_rate": 2171,
      "swing_miss_percent": 15.5,
      "arm_angle": 42.3,
      "barrels_per_pa_percent": 7.6923076923076925,
      "hardhit_percent": 44.94949494949495,
      "whiffs_per_pitch": 0.065343258891646,
      "active_spin_percent": 99.1
    },
    {
      "code": "CH",
      "title": "changeup",
      "color": "#1DBF3A",
      "count": 720,
      "pitch_percent": 0.2528977871443625,
      "rhh_percent": 0.313215859030837,
      "lhh_percent": 0.01559792027729636,
      "start_speed": 79.14986111111111,
      "max_start_speed": 82.4,
      "ivb": 6.75986111111111,
      "hb": 12.541666666666666,
      "release_pos_z": 6.269825236114484,
      "release_pos_x": 2.3814487449687882,
      "extension": 6.165858179728906,
      "pitches": 718,
      "whiffs": 175,
      "swings": 422,
      "spin_rate": 1395,
      "swing_miss_percent": 41.5,
      "arm_angle": 45.2,
      "barrels_per_pa_percent": 3.4782608695652173,
      "hardhit_percent": 23.89937106918239,
      "whiffs_per_pitch": 0.24373259052924792,
      "active_spin_percent": 95.8
    },
    {
      "code": "SL",
      "title": "slider",
      "color": "#EEE716",
      "count": 589,
      "pitch_percent": 0.2068844397611521,
      "rhh_percent": 0.15462555066079295,
      "lhh_percent": 0.4124783362218371,
      "start_speed": 83.5001697792869,
      "max_start_speed": 88.1,
      "ivb": 2.567062818336165,
      "hb": -4.022071307300507,
      "release_pos_z": 6.094130325389035,
      "release_pos_x": 2.428644118889208,
      "extension": 6.229343546918351,
      "pitches": 579,
      "whiffs": 54,
      "swings": 251,
      "spin_rate": 2226,
      "swing_miss_percent": 21.5,
      "arm_angle": 43.7,
      "barrels_per_pa_percent": 7.352941176470589,
      "hardhit_percent": 46.666666666666664,
      "whiffs_per_pitch": 0.09326424870466321,
      "active_spin_percent": 30.1
    },
    {
      "code": "ST",
      "title": "sweeper",
      "color": "#DDB43A",
      "count": 168,
      "pitch_percent": 0.059009483667017915,
      "rhh_percent": 0.04140969162995595,
      "lhh_percent": 0.12824956672443674,
      "start_speed": 76.06309523809526,
      "max_start_speed": 79.3,
      "ivb": -0.4791666666666662,
      "hb": -15.189880952380959,
      "release_pos_z": 5.915016190139837,
      "release_pos_x": 2.648738580831677,
      "extension": 6.117386847836703,
      "pitches": 174,
      "whiffs": 19,
      "swings": 71,
      "spin_rate": 2320,
      "swing_miss_percent": 26.8,
      "arm_angle": 37.7,
      "barrels_per_pa_percent": 0,
      "hardhit_percent": 18.51851851851852,
      "whiffs_per_pitch": 0.10919540229885058,
      "active_spin_percent": 55.8
    },
    {
      "code": "FC",
      "title": "cutter",
      "color": "#933F2C",
      "count": 155,
      "pitch_percent": 0.054443273621355814,
      "rhh_percent": 0.06211453744493392,
      "lhh_percent": 0.024263431542461005,
      "start_speed": 86.85483870967745,
      "max_start_speed": 90.1,
      "ivb": 8.525161290322577,
      "hb": 0.3361290322580647,
      "release_pos_z": 6.101825091000076,
      "release_pos_x": 2.345289804042604,
      "extension": 6.222947743404233,
      "pitches": 162,
      "whiffs": 16,
      "swings": 58,
      "spin_rate": 2203,
      "swing_miss_percent": 27.6,
      "arm_angle": 44.3,
      "barrels_per_pa_percent": 8.823529411764707,
      "hardhit_percent": 50,
      "whiffs_per_pitch": 0.09876543209876543,
      "active_spin_percent": 57.3
    }
  ]
}