{
  "pitcher_id": "606160",
  "pitcher_name": "Rafael Montero",
  "pitches": [
    {
      "code": "FS",
      "title": "splitter",
      "color": "#3BACAC",
      "count": 510,
      "pitch_percent": 0.46875,
      "rhh_percent": 0.352755905511811,
      "lhh_percent": 0.6313465783664459,
      "start_speed": 87.88666666666667,
      "max_start_speed": 91.1,
      "ivb": 0.8941176470588235,
      "hb": 12.12921568627451,
      "release_pos_z": 4.941299115054491,
      "release_pos_x": 1.7741090611977117,
      "extension": 6.319355584769442,
      "pitches": 509,
      "whiffs": 92,
      "swings": 254,
      "spin_rate": 1618,
      "swing_miss_percent": 36.2,
      "arm_angle": 33.2,
      "barrels_per_pa_percent": 2.272727272727273,
      "hardhit_percent": 28.947368421052634,
      "whiffs_per_pitch": 0.1807465618860511,
      "active_spin_percent": 78.2
    },
    {
      "code": "FF",
      "title": "four-seam fastball",
      "color": "#D22D49",
      "count": 439,
      "pitch_percent": 0.40349264705882354,
      "rhh_percent": 0.431496062992126,
      "lhh_percent": 0.36423841059602646,
      "start_speed": 95.14806378132107,
      "max_start_speed": 97.3,
      "ivb": 14.819134396355341,
      "hb": 9.794988610478354,
      "release_pos_z": 5.108408816522618,
      "release_pos_x": 1.818088745433983,
      "extension": 6.200447833185332,
      "pitches": 439,
      "whiffs": 49,
      "swings": 200,
      "spin_rate": 2385,
      "swing_miss_percent": 24.5,
      "arm_angle": 34.5,
      "barrels_per_pa_percent": 9.30232558139535,
      "hardhit_percent": 61.111111111111114,
      "whiffs_per_pitch": 0.11161731207289294,
      "active_spin_percent": 89.4
    },
    {
      "code": "SL",
      "title": "slider",
      "color": "#EEE716",
      "count": 83,
      "pitch_percent": 0.07628676470588236,
      "rhh_percent": 0.12755905511811025,
      "lhh_percent": 0.004415011037527594,
      "start_speed": 85.07951807228919,
      "max_start_speed": 87.4,
      "ivb": 1.2891566265060235,
      "hb": -7.34698795180723,
      "release_pos_z": 5.052920767783571,
      "release_pos_x": 1.8658106333026487,
      "extension": 6.268253977969865,
      "pitches": 83,
      "whiffs": 7,
      "swings": 30,
      "spin_rate": 2391,
      "swing_miss_percent": 23.3,
      "arm_angle": 35.4,
      "barrels_per_pa_percent": 0,
      "hardhit_percent": 15.384615384615385,
      "whiffs_per_pitch": 0.08433734939759036,
      "active_spin_percent": 32.9
    },
    {
      "code": "SI",
      "title": "sinker",
      "color": "#FE9E00",
      "count": 56,
      "pitch_percent": 0.051470588235294115,
      "rhh_percent": 0.08818897637795275,
      "lhh_percent": 0,
      "start_speed": 95.02499999999996,
      "max_start_speed": 97,
      "ivb": 8.528571428571427,
      "hb": 16.192857142857143,
      "release_pos_z": 5.056632412244464,
      "release_pos_x": 1.9453875554311633,
      "extension": 6.226174078875677,
      "pitches": 56,
      "whiffs": 2,
      "swings": 27,
      "spin_rate": 2300,
      "swing_miss_percent": 7.4,
      "arm_angle": 35,
      "barrels_per_pa_percent": 0,
      "hardhit_percent": 30.76923076923077,
      "whiffs_per_pitch": 0.03571428571428571,
      "active_spin_percent": 86.5
    }
  ]
}