{
  "pitcher_id": "607074",
  "pitcher_name": "Carlos Rodón",
  "pitches": [
    {
      "code": "FF",
      "title": "four-seam fastball",
      "color": "#D22D49",
      "count": 1344,
      "pitch_percent": 0.41843088418430885,
      "rhh_percent": 0.45264006449012495,
      "lhh_percent": 0.3023255813953488,
      "start_speed": 94.1259672619046,
      "max_start_speed": 98.2,
      "ivb": 17.628050595238115,
      "hb": 10.768154761904748,
      "release_pos_z": 6.4521978715577895,
      "release_pos_x": 2.1582768041615896,
      "extension": 6.11030324184474,
      "pitches": 1340,
      "whiffs": 124,
      "swings": 575,
      "spin_rate": 2347,
      "swing_miss_percent": 21.6,
      "arm_angle": 47.1,
      "barrels_per_pa_percent": 6.440677966101695,
      "hardhit_percent": 43.58974358974359,
      "whiffs_per_pitch": 0.09253731343283582,
      "active_spin_percent": 97.8
    },
    {
      "code": "SL",
      "title": "slider",
      "color": "#EEE716",
      "count": 913,
      "pitch_percent": 0.2842465753424658,
      "rhh_percent": 0.260378879484079,
      "lhh_percent": 0.3652530779753762,
      "start_speed": 85.8918948521359,
      "max_start_speed": 90.3,
      "ivb": -0.7558598028477557,
      "hb": -5.546878422782031,
      "release_pos_z": 6.239922001876096,
      "release_pos_x": 2.5675094349305425,
      "extension": 5.935550987792306,
      "pitches": 910,
      "whiffs": 170,
      "swings": 420,
      "spin_rate": 2633,
      "swing_miss_percent": 40.5,
      "arm_angle": 40.5,
      "barrels_per_pa_percent": 3.225806451612903,
      "hardhit_percent": 36.22047244094488,
      "whiffs_per_pitch": 0.18681318681318682,
      "active_spin_percent": 20
    },
    {
      "code": "CH",
      "title": "changeup",
      "color": "#1DBF3A",
      "count": 519,
      "pitch_percent": 0.1615815691158157,
      "rhh_percent": 0.20757758968158002,
      "lhh_percent": 0.005471956224350205,
      "start_speed": 84.99942196531792,
      "max_start_speed": 88.6,
      "ivb": 3.7231213872832343,
      "hb": 12.679383429672443,
      "release_pos_z": 6.265869573327801,
      "release_pos_x": 2.3779501763641804,
      "extension": 6.166185865134871,
      "pitches": 519,
      "whiffs": 96,
      "swings": 274,
      "spin_rate": 1650,
      "swing_miss_percent": 35,
      "arm_angle": 43.4,
      "barrels_per_pa_percent": 4.516129032258064,
      "hardhit_percent": 37.16814159292036,
      "whiffs_per_pitch": 0.18497109826589594,
      "active_spin_percent": 79.3
    },
    {
      "code": "SI",
      "title": "sinker",
      "color": "#FE9E00",
      "count": 309,
      "pitch_percent": 0.09620174346201743,
      "rhh_percent": 0.032245062474808545,
      "lhh_percent": 0.31326949384404923,
      "start_speed": 91.93915857605168,
      "max_start_speed": 96.5,
      "ivb": 6.29417475728155,
      "hb": 14.569579288025908,
      "release_pos_z": 6.327031584480015,
      "release_pos_x": 2.3815192694612604,
      "extension": 6.026036920963397,
      "pitches": 309,
      "whiffs": 44,
      "swings": 152,
      "spin_rate": 2256,
      "swing_miss_percent": 28.9,
      "arm_angle": 43.2,
      "barrels_per_pa_percent": 5.47945205479452,
      "hardhit_percent": 43.13725490196079,
      "whiffs_per_pitch": 0.1423948220064725,
      "active_spin_percent": 80.7
    },
    {
      "code": "CU",
      "title": "curveball",
      "color": "#00D2ED",
      "count": 122,
      "pitch_percent": 0.03798256537982565,
      "rhh_percent": 0.0471584038694075,
      "lhh_percent": 0.006839945280437756,
      "start_speed": 80.31721311475413,
      "max_start_speed": 85.3,
      "ivb": -13.086065573770497,
      "hb": -7.286065573770493,
      "release_pos_z": 6.491760780365383,
      "release_pos_x": 2.146039928238296,
      "extension": 6.039905116004013,
      "pitches": 123,
      "whiffs": 10,
      "swings": 34,
      "spin_rate": 2717,
      "swing_miss_percent": 29.4,
      "arm_angle": 50.8,
      "barrels_per_pa_percent": 0,
      "hardhit_percent": 14.285714285714285,
      "whiffs_per_pitch": 0.08130081300813008,
      "active_spin_percent": 71.8
    },
    {
      "code": "FC",
      "title": "cutter",
      "color": "#933F2C",
      "count": 5,
      "pitch_percent": 0.001556662515566625,
      "rhh_percent": 0,
      "lhh_percent": 0.006839945280437756,
      "start_speed": 92.38000000000001,
      "max_start_speed": 93.4,
      "ivb": 7.4799999999999995,
      "hb": 3.5200000000000005,
      "release_pos_z": 6.374411573302001,
      "release_pos_x": 2.386111067265806,
      "extension": 6.00341880610633,
      "pitches": 5,
      "whiffs": 0,
      "swings": 2,
      "spin_rate": 2383,
      "swing_miss_percent": 0,
      "arm_angle": 44.1,
      "barrels_per_pa_percent": 0,
      "hardhit_percent": 0,
      "whiffs_per_pitch": 0,
      "active_spin_percent": null
    }
  ]
}