{
  "pitcher_id": "608032",
  "pitcher_name": "Carlos Estévez",
  "pitches": [
    {
      "code": "FF",
      "title": "four-seam fastball",
      "color": "#D22D49",
      "count": 558,
      "pitch_percent": 0.5349952061361457,
      "rhh_percent": 0.5346320346320347,
      "lhh_percent": 0.5352839931153184,
      "start_speed": 95.86953405017917,
      "max_start_speed": 99.4,
      "ivb": 17.24283154121862,
      "hb": 7.466129032258061,
      "release_pos_z": 5.936042442628669,
      "release_pos_x": 1.8905792418040799,
      "extension": 6.315161499978403,
      "pitches": 558,
      "whiffs": 54,
      "swings": 281,
      "spin_rate": 2164,
      "swing_miss_percent": 19.2,
      "arm_angle": 40,
      "barrels_per_pa_percent": 9.58904109589041,
      "hardhit_percent": 44.680851063829785,
      "whiffs_per_pitch": 0.0967741935483871,
      "active_spin_percent": 99
    },
    {
      "code": "SL",
      "title": "slider",
      "color": "#EEE716",
      "count": 322,
      "pitch_percent": 0.3087248322147651,
      "rhh_percent": 0.4329004329004329,
      "lhh_percent": 0.2099827882960413,
      "start_speed": 87.34099378881984,
      "max_start_speed": 92.4,
      "ivb": 2.996273291925464,
      "hb": -5.393478260869565,
      "release_pos_z": 6.0435026297669445,
      "release_pos_x": 1.8647874875361996,
      "extension": 6.164991351201346,
      "pitches": 322,
      "whiffs": 28,
      "swings": 150,
      "spin_rate": 2244,
      "swing_miss_percent": 18.7,
      "arm_angle": 44.5,
      "barrels_per_pa_percent": 6.756756756756757,
      "hardhit_percent": 36.666666666666664,
      "whiffs_per_pitch": 0.08695652173913043,
      "active_spin_percent": 39.3
    },
    {
      "code": "CH",
      "title": "changeup",
      "color": "#1DBF3A",
      "count": 163,
      "pitch_percent": 0.15627996164908917,
      "rhh_percent": 0.032467532467532464,
      "lhh_percent": 0.2547332185886403,
      "start_speed": 87.8662576687117,
      "max_start_speed": 91.2,
      "ivb": 9.794478527607358,
      "hb": 11.328220858895705,
      "release_pos_z": 5.937229873320298,
      "release_pos_x": 2.0125224325016102,
      "extension": 6.381242316952462,
      "pitches": 162,
      "whiffs": 16,
      "swings": 83,
      "spin_rate": 1618,
      "swing_miss_percent": 19.3,
      "arm_angle": 40.4,
      "barrels_per_pa_percent": 2.380952380952381,
      "hardhit_percent": 23.52941176470588,
      "whiffs_per_pitch": 0.09876543209876543,
      "active_spin_percent": 86.5
    }
  ]
}