{
  "pitcher_id": "608379",
  "pitcher_name": "Michael Wacha",
  "pitches": [
    {
      "code": "FF",
      "title": "four-seam fastball",
      "color": "#D22D49",
      "count": 772,
      "pitch_percent": 0.2896810506566604,
      "rhh_percent": 0.24100156494522693,
      "lhh_percent": 0.334534967555876,
      "start_speed": 93.03536269430052,
      "max_start_speed": 96.6,
      "ivb": 17.994818652849748,
      "hb": 6.647279792746106,
      "release_pos_z": 6.540937128434412,
      "release_pos_x": 1.3835357912066097,
      "extension": 6.7119284929225325,
      "pitches": 717,
      "whiffs": 57,
      "swings": 332,
      "spin_rate": 2160,
      "swing_miss_percent": 17.2,
      "arm_angle": 51.5,
      "barrels_per_pa_percent": 6.2857142857142865,
      "hardhit_percent": 42.016806722689076,
      "whiffs_per_pitch": 0.0794979079497908,
      "active_spin_percent": 98.6
    },
    {
      "code": "CH",
      "title": "changeup",
      "color": "#1DBF3A",
      "count": 677,
      "pitch_percent": 0.25403377110694186,
      "rhh_percent": 0.1729264475743349,
      "lhh_percent": 0.3287671232876712,
      "start_speed": 79.84268833087148,
      "max_start_speed": 83.4,
      "ivb": 7.533530280649929,
      "hb": 12.953914327917278,
      "release_pos_z": 6.6466745974582775,
      "release_pos_x": 1.416095016336027,
      "extension": 6.649263991424663,
      "pitches": 675,
      "whiffs": 107,
      "swings": 400,
      "spin_rate": 1537,
      "swing_miss_percent": 26.8,
      "arm_angle": 53.3,
      "barrels_per_pa_percent": 3.2710280373831773,
      "hardhit_percent": 26.490066225165563,
      "whiffs_per_pitch": 0.15851851851851853,
      "active_spin_percent": 78.2
    },
    {
      "code": "FC",
      "title": "cutter",
      "color": "#933F2C",
      "count": 410,
      "pitch_percent": 0.15384615384615385,
      "rhh_percent": 0.1564945226917058,
      "lhh_percent": 0.1514059120403749,
      "start_speed": 88.14926829268293,
      "max_start_speed": 92.2,
      "ivb": 9.468780487804878,
      "hb": -1.9273170731707316,
      "release_pos_z": 6.38702738429643,
      "release_pos_x": 1.6264663582190813,
      "extension": 6.742086090019688,
      "pitches": 399,
      "whiffs": 37,
      "swings": 207,
      "spin_rate": 2118,
      "swing_miss_percent": 17.9,
      "arm_angle": 48,
      "barrels_per_pa_percent": 10,
      "hardhit_percent": 41.86046511627907,
      "whiffs_per_pitch": 0.09273182957393483,
      "active_spin_percent": 62.3
    },
    {
      "code": "SL",
      "title": "slider",
      "color": "#EEE716",
      "count": 315,
      "pitch_percent": 0.11819887429643527,
      "rhh_percent": 0.19718309859154928,
      "lhh_percent": 0.04542177361211247,
      "start_speed": 84.79650793650795,
      "max_start_speed": 87.5,
      "ivb": 4.109841269841268,
      "hb": -4.070476190476191,
      "release_pos_z": 6.449646924085218,
      "release_pos_x": 1.4809861399088282,
      "extension": 6.73007861791529,
      "pitches": 322,
      "whiffs": 47,
      "swings": 165,
      "spin_rate": 1954,
      "swing_miss_percent": 28.5,
      "arm_angle": 50.2,
      "barrels_per_pa_percent": 6.172839506172839,
      "hardhit_percent": 32.30769230769231,
      "whiffs_per_pitch": 0.14596273291925466,
      "active_spin_percent": 30
    },
    {
      "code": "SI",
      "title": "sinker",
      "color": "#FE9E00",
      "count": 285,
      "pitch_percent": 0.10694183864915573,
      "rhh_percent": 0.17683881064162754,
      "lhh_percent": 0.04253785147801009,
      "start_speed": 93.22947368421052,
      "max_start_speed": 96.5,
      "ivb": 15.064912280701751,
      "hb": 12.832631578947375,
      "release_pos_z": 6.414646133482298,
      "release_pos_x": 1.434724063920481,
      "extension": 6.7292824308448544,
      "pitches": 336,
      "whiffs": 19,
      "swings": 167,
      "spin_rate": 2044,
      "swing_miss_percent": 11.4,
      "arm_angle": 49,
      "barrels_per_pa_percent": 4.901960784313726,
      "hardhit_percent": 38.2716049382716,
      "whiffs_per_pitch": 0.05654761904761905,
      "active_spin_percent": 96.3
    },
    {
      "code": "CU",
      "title": "curveball",
      "color": "#00D2ED",
      "count": 206,
      "pitch_percent": 0.0772983114446529,
      "rhh_percent": 0.05555555555555555,
      "lhh_percent": 0.0973323720259553,
      "start_speed": 75.12621359223301,
      "max_start_speed": 78.3,
      "ivb": -11.754854368932039,
      "hb": -11.520873786407764,
      "release_pos_z": 6.5295688138785914,
      "release_pos_x": 1.5844364115530583,
      "extension": 6.600746575748555,
      "pitches": 206,
      "whiffs": 19,
      "swings": 62,
      "spin_rate": 2261,
      "swing_miss_percent": 30.6,
      "arm_angle": 51.6,
      "barrels_per_pa_percent": 5.88235294117647,
      "hardhit_percent": 34.61538461538461,
      "whiffs_per_pitch": 0.09223300970873786,
      "active_spin_percent": 86.8
    }
  ]
}