{
  "pitcher_id": "608337",
  "pitcher_name": "Lucas Giolito",
  "pitches": [
    {
      "code": "FF",
      "title": "four-seam fastball",
      "color": "#D22D49",
      "count": 1146,
      "pitch_percent": 0.4839527027027027,
      "rhh_percent": 0.4469507101086048,
      "lhh_percent": 0.5217762596071733,
      "start_speed": 93.2595986038393,
      "max_start_speed": 96.4,
      "ivb": 18.13499127399652,
      "hb": 6.760209424083786,
      "release_pos_z": 6.318261366024819,
      "release_pos_x": 1.3312120999158976,
      "extension": 6.6778755017768585,
      "pitches": 1143,
      "whiffs": 83,
      "swings": 518,
      "spin_rate": 2231,
      "swing_miss_percent": 16,
      "arm_angle": 53.2,
      "barrels_per_pa_percent": 6.976744186046512,
      "hardhit_percent": 49.08256880733945,
      "whiffs_per_pitch": 0.0726159230096238,
      "active_spin_percent": 99.5
    },
    {
      "code": "SL",
      "title": "slider",
      "color": "#EEE716",
      "count": 606,
      "pitch_percent": 0.25591216216216217,
      "rhh_percent": 0.3583959899749373,
      "lhh_percent": 0.1511528608027327,
      "start_speed": 85.97838283828382,
      "max_start_speed": 90.4,
      "ivb": 4.733168316831681,
      "hb": -2.3719471947194717,
      "release_pos_z": 6.285928121897169,
      "release_pos_x": 1.5338971023280001,
      "extension": 6.513808175766542,
      "pitches": 606,
      "whiffs": 89,
      "swings": 277,
      "spin_rate": 1966,
      "swing_miss_percent": 32.1,
      "arm_angle": 50.3,
      "barrels_per_pa_percent": 4.605263157894736,
      "hardhit_percent": 35.57692307692308,
      "whiffs_per_pitch": 0.14686468646864687,
      "active_spin_percent": 29.7
    },
    {
      "code": "CH",
      "title": "changeup",
      "color": "#1DBF3A",
      "count": 534,
      "pitch_percent": 0.22550675675675674,
      "rhh_percent": 0.18295739348370926,
      "lhh_percent": 0.269000853970965,
      "start_speed": 81.66142322097372,
      "max_start_speed": 85.5,
      "ivb": 12.552247191011238,
      "hb": 13.21367041198501,
      "release_pos_z": 6.249888173869078,
      "release_pos_x": 1.437797473285982,
      "extension": 6.655018946882172,
      "pitches": 534,
      "whiffs": 79,
      "swings": 296,
      "spin_rate": 1673,
      "swing_miss_percent": 26.7,
      "arm_angle": 51.5,
      "barrels_per_pa_percent": 7.801418439716312,
      "hardhit_percent": 29.292929292929294,
      "whiffs_per_pitch": 0.14794007490636704,
      "active_spin_percent": 99
    },
    {
      "code": "CU",
      "title": "curveball",
      "color": "#00D2ED",
      "count": 82,
      "pitch_percent": 0.03462837837837838,
      "rhh_percent": 0.011695906432748537,
      "lhh_percent": 0.05807002561912895,
      "start_speed": 78.63780487804878,
      "max_start_speed": 82.2,
      "ivb": -15.400000000000002,
      "hb": -5.942682926829267,
      "release_pos_z": 6.419086198617601,
      "release_pos_x": 1.3558846840568888,
      "extension": 6.48440873917169,
      "pitches": 82,
      "whiffs": 5,
      "swings": 26,
      "spin_rate": 2471,
      "swing_miss_percent": 19.2,
      "arm_angle": 53.6,
      "barrels_per_pa_percent": 0,
      "hardhit_percent": 45.45454545454545,
      "whiffs_per_pitch": 0.06097560975609756,
      "active_spin_percent": 90.2
    }
  ]
}