{
  "pitcher_id": "615698",
  "pitcher_name": "Cal Quantrill",
  "pitches": [
    {
      "code": "FC",
      "title": "cutter",
      "color": "#933F2C",
      "count": 434,
      "pitch_percent": 0.217,
      "rhh_percent": 0.15014436958614052,
      "lhh_percent": 0.2892819979188345,
      "start_speed": 88.91013824884794,
      "max_start_speed": 92,
      "ivb": 8.413594470046082,
      "hb": -2.178341013824886,
      "release_pos_z": 6.318356685246115,
      "release_pos_x": 1.2786099771961281,
      "extension": 6.269767245402064,
      "pitches": 434,
      "whiffs": 48,
      "swings": 222,
      "spin_rate": 2306,
      "swing_miss_percent": 21.6,
      "arm_angle": 43.4,
      "barrels_per_pa_percent": 13.600000000000001,
      "hardhit_percent": 52.80898876404494,
      "whiffs_per_pitch": 0.11059907834101383,
      "active_spin_percent": 42.1
    },
    {
      "code": "FS",
      "title": "splitter",
      "color": "#3BACAC",
      "count": 418,
      "pitch_percent": 0.209,
      "rhh_percent": 0.15110683349374399,
      "lhh_percent": 0.2715920915712799,
      "start_speed": 86.34976076555024,
      "max_start_speed": 88.9,
      "ivb": 6.050478468899523,
      "hb": 11.694976076555026,
      "release_pos_z": 6.30162019946298,
      "release_pos_x": 1.2884564847712139,
      "extension": 6.429789181152076,
      "pitches": 422,
      "whiffs": 49,
      "swings": 205,
      "spin_rate": 1127,
      "swing_miss_percent": 23.9,
      "arm_angle": 43.9,
      "barrels_per_pa_percent": 5.217391304347826,
      "hardhit_percent": 42.69662921348314,
      "whiffs_per_pitch": 0.11611374407582939,
      "active_spin_percent": 94.7
    },
    {
      "code": "FF",
      "title": "four-seam fastball",
      "color": "#D22D49",
      "count": 409,
      "pitch_percent": 0.2045,
      "rhh_percent": 0.2107795957651588,
      "lhh_percent": 0.19771071800208118,
      "start_speed": 93.57212713936428,
      "max_start_speed": 96.1,
      "ivb": 16.51515892420537,
      "hb": 10.192176039119802,
      "release_pos_z": 6.41100739173904,
      "release_pos_x": 1.077755761127459,
      "extension": 6.36217347994738,
      "pitches": 300,
      "whiffs": 27,
      "swings": 125,
      "spin_rate": 2146,
      "swing_miss_percent": 21.6,
      "arm_angle": 48,
      "barrels_per_pa_percent": 6.153846153846154,
      "hardhit_percent": 36.36363636363637,
      "whiffs_per_pitch": 0.09,
      "active_spin_percent": 99.1
    },
    {
      "code": "SI",
      "title": "sinker",
      "color": "#FE9E00",
      "count": 333,
      "pitch_percent": 0.1665,
      "rhh_percent": 0.20404234841193455,
      "lhh_percent": 0.1259105098855359,
      "start_speed": 93.75165165165168,
      "max_start_speed": 97.1,
      "ivb": 12.390090090090085,
      "hb": 15.454054054054062,
      "release_pos_z": 6.157649588624448,
      "release_pos_x": 1.6133612766738294,
      "extension": 6.370052379344919,
      "pitches": 440,
      "whiffs": 28,
      "swings": 190,
      "spin_rate": 2104,
      "swing_miss_percent": 14.7,
      "arm_angle": 40.9,
      "barrels_per_pa_percent": 6.481481481481481,
      "hardhit_percent": 35.526315789473685,
      "whiffs_per_pitch": 0.06363636363636363,
      "active_spin_percent": 98.2
    },
    {
      "code": "CU",
      "title": "curveball",
      "color": "#00D2ED",
      "count": 236,
      "pitch_percent": 0.118,
      "rhh_percent": 0.1289701636188643,
      "lhh_percent": 0.10613943808532779,
      "start_speed": 79.93601694915256,
      "max_start_speed": 83.5,
      "ivb": -6.874576271186442,
      "hb": -4.030508474576271,
      "release_pos_z": 6.501990735973736,
      "release_pos_x": 1.057073693989222,
      "extension": 6.2013371208274455,
      "pitches": 235,
      "whiffs": 26,
      "swings": 113,
      "spin_rate": 2523,
      "swing_miss_percent": 23,
      "arm_angle": 50.4,
      "barrels_per_pa_percent": 6,
      "hardhit_percent": 44.18604651162791,
      "whiffs_per_pitch": 0.11063829787234042,
      "active_spin_percent": 47
    },
    {
      "code": "SL",
      "title": "slider",
      "color": "#EEE716",
      "count": 165,
      "pitch_percent": 0.0825,
      "rhh_percent": 0.15206929740134745,
      "lhh_percent": 0.007284079084287201,
      "start_speed": 84.94181818181815,
      "max_start_speed": 88.1,
      "ivb": -0.36545454545454537,
      "hb": -3.4963636363636357,
      "release_pos_z": 6.311032838074475,
      "release_pos_x": 1.250753686825669,
      "extension": 6.275660275204241,
      "pitches": 165,
      "whiffs": 11,
      "swings": 74,
      "spin_rate": 2441,
      "swing_miss_percent": 14.9,
      "arm_angle": 44.4,
      "barrels_per_pa_percent": 25,
      "hardhit_percent": 61.53846153846154,
      "whiffs_per_pitch": 0.06666666666666667,
      "active_spin_percent": 21.5
    },
    {
      "code": "CH",
      "title": "changeup",
      "color": "#1DBF3A",
      "count": 5,
      "pitch_percent": 0.0025,
      "rhh_percent": 0.0028873917228103944,
      "lhh_percent": 0.002081165452653486,
      "start_speed": 87.74,
      "max_start_speed": 88.8,
      "ivb": 10.36,
      "hb": 14.38,
      "release_pos_z": 6.462519623437794,
      "release_pos_x": 1.395737300385289,
      "extension": 6.454020267659393,
      "pitches": 3,
      "whiffs": 0,
      "swings": 2,
      "spin_rate": 1678,
      "swing_miss_percent": 0,
      "arm_angle": 44.5,
      "barrels_per_pa_percent": 0,
      "hardhit_percent": 100,
      "whiffs_per_pitch": 0,
      "active_spin_percent": null
    }
  ]
}