{
  "pitcher_id": "621053",
  "pitcher_name": "Tyler Ferguson",
  "pitches": [
    {
      "code": "FF",
      "title": "four-seam fastball",
      "color": "#D22D49",
      "count": 380,
      "pitch_percent": 0.38306451612903225,
      "rhh_percent": 0.3940298507462687,
      "lhh_percent": 0.36024844720496896,
      "start_speed": 94.7523684210526,
      "max_start_speed": 97.9,
      "ivb": 14.466578947368411,
      "hb": 8.556842105263156,
      "release_pos_z": 5.972437927836878,
      "release_pos_x": 3.2442298903811086,
      "extension": 6.1889949647503615,
      "pitches": 377,
      "whiffs": 50,
      "swings": 215,
      "spin_rate": 2307,
      "swing_miss_percent": 23.3,
      "arm_angle": 28.9,
      "barrels_per_pa_percent": 5,
      "hardhit_percent": 35.2112676056338,
      "whiffs_per_pitch": 0.13262599469496023,
      "active_spin_percent": 84.5
    },
    {
      "code": "ST",
      "title": "sweeper",
      "color": "#DDB43A",
      "count": 316,
      "pitch_percent": 0.3185483870967742,
      "rhh_percent": 0.3776119402985075,
      "lhh_percent": 0.1956521739130435,
      "start_speed": 83.69778481012658,
      "max_start_speed": 87.8,
      "ivb": 1.2401898734177215,
      "hb": -11.00696202531646,
      "release_pos_z": 5.918462011156609,
      "release_pos_x": 3.2720842783049537,
      "extension": 6.1070998022054335,
      "pitches": 316,
      "whiffs": 38,
      "swings": 133,
      "spin_rate": 2536,
      "swing_miss_percent": 28.6,
      "arm_angle": 27.9,
      "barrels_per_pa_percent": 4.838709677419355,
      "hardhit_percent": 22.22222222222222,
      "whiffs_per_pitch": 0.12025316455696203,
      "active_spin_percent": 36.2
    },
    {
      "code": "SI",
      "title": "sinker",
      "color": "#FE9E00",
      "count": 147,
      "pitch_percent": 0.14818548387096775,
      "rhh_percent": 0.17313432835820897,
      "lhh_percent": 0.09627329192546584,
      "start_speed": 94.16462585034009,
      "max_start_speed": 96.9,
      "ivb": 5.325170068027211,
      "hb": 16.31496598639455,
      "release_pos_z": 5.860422577802569,
      "release_pos_x": 3.2714840045256097,
      "extension": 6.224786087344349,
      "pitches": 145,
      "whiffs": 16,
      "swings": 61,
      "spin_rate": 2157,
      "swing_miss_percent": 26.2,
      "arm_angle": 26.2,
      "barrels_per_pa_percent": 2.7777777777777777,
      "hardhit_percent": 38.095238095238095,
      "whiffs_per_pitch": 0.1103448275862069,
      "active_spin_percent": 83
    },
    {
      "code": "FC",
      "title": "cutter",
      "color": "#933F2C",
      "count": 108,
      "pitch_percent": 0.10887096774193548,
      "rhh_percent": 0.04776119402985075,
      "lhh_percent": 0.2360248447204969,
      "start_speed": 89.95462962962964,
      "max_start_speed": 93.5,
      "ivb": 6.346296296296297,
      "hb": -1.5120370370370366,
      "release_pos_z": 5.870643906989558,
      "release_pos_x": 3.327103261543207,
      "extension": 6.107723221360989,
      "pitches": 108,
      "whiffs": 10,
      "swings": 39,
      "spin_rate": 2389,
      "swing_miss_percent": 25.6,
      "arm_angle": 26.2,
      "barrels_per_pa_percent": 0,
      "hardhit_percent": 50,
      "whiffs_per_pitch": 0.09259259259259259,
      "active_spin_percent": 33
    },
    {
      "code": "CH",
      "title": "changeup",
      "color": "#1DBF3A",
      "count": 41,
      "pitch_percent": 0.04133064516129032,
      "rhh_percent": 0.007462686567164179,
      "lhh_percent": 0.11180124223602485,
      "start_speed": 86.30731707317074,
      "max_start_speed": 89,
      "ivb": 1.8756097560975609,
      "hb": 15.94878048780488,
      "release_pos_z": 5.785175278071128,
      "release_pos_x": 3.2903765695970915,
      "extension": 6.276965739879192,
      "pitches": 40,
      "whiffs": 6,
      "swings": 10,
      "spin_rate": 1585,
      "swing_miss_percent": 60,
      "arm_angle": 24.9,
      "barrels_per_pa_percent": 0,
      "hardhit_percent": 0,
      "whiffs_per_pitch": 0.15,
      "active_spin_percent": 93.3
    }
  ]
}