{
  "pitcher_id": "621107",
  "pitcher_name": "Zach Eflin",
  "pitches": [
    {
      "code": "FC",
      "title": "cutter",
      "color": "#933F2C",
      "count": 245,
      "pitch_percent": 0.21739130434782608,
      "rhh_percent": 0.14541387024608501,
      "lhh_percent": 0.2647058823529412,
      "start_speed": 88.46571428571428,
      "max_start_speed": 91.1,
      "ivb": 8.360408163265303,
      "hb": -0.9665306122448973,
      "release_pos_z": 5.532678964531452,
      "release_pos_x": 2.4284028098521633,
      "extension": 6.453035624787664,
      "pitches": 244,
      "whiffs": 15,
      "swings": 103,
      "spin_rate": 2227,
      "swing_miss_percent": 14.6,
      "arm_angle": 23.3,
      "barrels_per_pa_percent": 11.320754716981133,
      "hardhit_percent": 40,
      "whiffs_per_pitch": 0.06147540983606557,
      "active_spin_percent": 48.3
    },
    {
      "code": "SI",
      "title": "sinker",
      "color": "#FE9E00",
      "count": 212,
      "pitch_percent": 0.1881100266193434,
      "rhh_percent": 0.25279642058165547,
      "lhh_percent": 0.14558823529411766,
      "start_speed": 91.69952830188679,
      "max_start_speed": 94.2,
      "ivb": 2.3754716981132065,
      "hb": 16.22924528301887,
      "release_pos_z": 5.479918576330942,
      "release_pos_x": 2.4201780737201575,
      "extension": 6.565458271167833,
      "pitches": 206,
      "whiffs": 14,
      "swings": 111,
      "spin_rate": 2075,
      "swing_miss_percent": 12.6,
      "arm_angle": 22.6,
      "barrels_per_pa_percent": 5.555555555555555,
      "hardhit_percent": 46.55172413793103,
      "whiffs_per_pitch": 0.06796116504854369,
      "active_spin_percent": 74.7
    },
    {
      "code": "CH",
      "title": "changeup",
      "color": "#1DBF3A",
      "count": 185,
      "pitch_percent": 0.16415261756876665,
      "rhh_percent": 0.08501118568232663,
      "lhh_percent": 0.2161764705882353,
      "start_speed": 86.56648648648653,
      "max_start_speed": 89.3,
      "ivb": 1.0994594594594598,
      "hb": 15.573513513513523,
      "release_pos_z": 5.543845776497636,
      "release_pos_x": 2.4153937303255004,
      "extension": 6.693280586922446,
      "pitches": 184,
      "whiffs": 16,
      "swings": 103,
      "spin_rate": 1646,
      "swing_miss_percent": 15.5,
      "arm_angle": 24.2,
      "barrels_per_pa_percent": 6.779661016949152,
      "hardhit_percent": 39.21568627450981,
      "whiffs_per_pitch": 0.08695652173913043,
      "active_spin_percent": 92.1
    },
    {
      "code": "CU",
      "title": "curveball",
      "color": "#00D2ED",
      "count": 182,
      "pitch_percent": 0.16149068322981366,
      "rhh_percent": 0.12304250559284116,
      "lhh_percent": 0.18676470588235294,
      "start_speed": 78.06593406593404,
      "max_start_speed": 80.9,
      "ivb": -7.0989010989010985,
      "hb": -12.632417582417585,
      "release_pos_z": 5.66530392587379,
      "release_pos_x": 2.4225898446195706,
      "extension": 6.4459006827433285,
      "pitches": 188,
      "whiffs": 30,
      "swings": 100,
      "spin_rate": 2484,
      "swing_miss_percent": 30,
      "arm_angle": 26,
      "barrels_per_pa_percent": 9.803921568627452,
      "hardhit_percent": 42.10526315789473,
      "whiffs_per_pitch": 0.1595744680851064,
      "active_spin_percent": 70.6
    },
    {
      "code": "ST",
      "title": "sweeper",
      "color": "#DDB43A",
      "count": 159,
      "pitch_percent": 0.14108251996450755,
      "rhh_percent": 0.30201342281879195,
      "lhh_percent": 0.03529411764705882,
      "start_speed": 79.19245283018867,
      "max_start_speed": 82,
      "ivb": 2.2867924528301886,
      "hb": -12.998742138364776,
      "release_pos_z": 5.618485148501001,
      "release_pos_x": 2.410244079720574,
      "extension": 6.372341343372836,
      "pitches": 152,
      "whiffs": 29,
      "swings": 88,
      "spin_rate": 2394,
      "swing_miss_percent": 33,
      "arm_angle": 24.3,
      "barrels_per_pa_percent": 5.714285714285714,
      "hardhit_percent": 19.230769230769234,
      "whiffs_per_pitch": 0.19078947368421054,
      "active_spin_percent": 56.9
    },
    {
      "code": "FF",
      "title": "four-seam fastball",
      "color": "#D22D49",
      "count": 144,
      "pitch_percent": 0.12777284826974267,
      "rhh_percent": 0.09172259507829977,
      "lhh_percent": 0.1514705882352941,
      "start_speed": 91.96875000000007,
      "max_start_speed": 94.1,
      "ivb": 11.745833333333328,
      "hb": 9.472222222222221,
      "release_pos_z": 5.515792710187784,
      "release_pos_x": 2.404556086256168,
      "extension": 6.496896884249027,
      "pitches": 148,
      "whiffs": 12,
      "swings": 55,
      "spin_rate": 2172,
      "swing_miss_percent": 21.8,
      "arm_angle": 22.8,
      "barrels_per_pa_percent": 5.88235294117647,
      "hardhit_percent": 61.904761904761905,
      "whiffs_per_pitch": 0.08108108108108109,
      "active_spin_percent": 83.2
    }
  ]
}