{
  "pitcher_id": "621114",
  "pitcher_name": "Ryan Burr",
  "pitches": [
    {
      "code": "SL",
      "title": "slider",
      "color": "#EEE716",
      "count": 26,
      "pitch_percent": 0.7647058823529411,
      "rhh_percent": 0.8125,
      "lhh_percent": 0,
      "start_speed": 84.3076923076923,
      "max_start_speed": 85.8,
      "ivb": -3.557692307692307,
      "hb": -3.9692307692307693,
      "release_pos_z": 6.3193504433941765,
      "release_pos_x": 1.93072951909195,
      "extension": 7.047392739793756,
      "pitches": 30,
      "whiffs": 8,
      "swings": 13,
      "spin_rate": 2557,
      "swing_miss_percent": 61.5,
      "arm_angle": 58.3,
      "barrels_per_pa_percent": 0,
      "hardhit_percent": 0,
      "whiffs_per_pitch": 0.26666666666666666,
      "active_spin_percent": null
    },
    {
      "code": "FF",
      "title": "four-seam fastball",
      "color": "#D22D49",
      "count": 8,
      "pitch_percent": 0.23529411764705882,
      "rhh_percent": 0.1875,
      "lhh_percent": 1,
      "start_speed": 93.91250000000002,
      "max_start_speed": 94.5,
      "ivb": 17.1,
      "hb": 1.3375000000000001,
      "release_pos_z": 6.342412039358795,
      "release_pos_x": 1.8179139753975482,
      "extension": 7.090648984013553,
      "pitches": 9,
      "whiffs": 1,
      "swings": 3,
      "spin_rate": 2239,
      "swing_miss_percent": 33.3,
      "arm_angle": 59.4,
      "barrels_per_pa_percent": 0,
      "hardhit_percent": 0,
      "whiffs_per_pitch": 0.1111111111111111,
      "active_spin_percent": null
    }
  ]
}