{
  "pitcher_id": "621112",
  "pitcher_name": "Paul Blackburn",
  "pitches": [
    {
      "code": "SI",
      "title": "sinker",
      "color": "#FE9E00",
      "count": 203,
      "pitch_percent": 0.3048048048048048,
      "rhh_percent": 0.42265193370165743,
      "lhh_percent": 0.16447368421052633,
      "start_speed": 92.62315270935959,
      "max_start_speed": 95.7,
      "ivb": 7.096059113300494,
      "hb": 12.939901477832514,
      "release_pos_z": 5.872278056527097,
      "release_pos_x": 2.142527789874137,
      "extension": 6.289357895174322,
      "pitches": 203,
      "whiffs": 8,
      "swings": 84,
      "spin_rate": 1953,
      "swing_miss_percent": 9.5,
      "arm_angle": 42,
      "barrels_per_pa_percent": 3.4482758620689653,
      "hardhit_percent": 40.476190476190474,
      "whiffs_per_pitch": 0.03940886699507389,
      "active_spin_percent": 83.6
    },
    {
      "code": "FC",
      "title": "cutter",
      "color": "#933F2C",
      "count": 178,
      "pitch_percent": 0.2672672672672673,
      "rhh_percent": 0.19337016574585636,
      "lhh_percent": 0.35526315789473684,
      "start_speed": 90.01235955056181,
      "max_start_speed": 93.4,
      "ivb": 6.13988764044944,
      "hb": -4.324719101123593,
      "release_pos_z": 5.9336418798639246,
      "release_pos_x": 2.1804254337831606,
      "extension": 6.194243630424804,
      "pitches": 178,
      "whiffs": 17,
      "swings": 86,
      "spin_rate": 2481,
      "swing_miss_percent": 19.8,
      "arm_angle": 44.2,
      "barrels_per_pa_percent": 5.263157894736842,
      "hardhit_percent": 33.33333333333333,
      "whiffs_per_pitch": 0.09550561797752809,
      "active_spin_percent": 44.6
    },
    {
      "code": "ST",
      "title": "sweeper",
      "color": "#DDB43A",
      "count": 107,
      "pitch_percent": 0.16066066066066065,
      "rhh_percent": 0.2513812154696133,
      "lhh_percent": 0.05263157894736842,
      "start_speed": 81.64392523364488,
      "max_start_speed": 85,
      "ivb": -5.062616822429905,
      "hb": -17.045794392523362,
      "release_pos_z": 5.659598602875214,
      "release_pos_x": 2.4297971194718713,
      "extension": 6.246434528649489,
      "pitches": 107,
      "whiffs": 15,
      "swings": 52,
      "spin_rate": 2745,
      "swing_miss_percent": 28.8,
      "arm_angle": 37.3,
      "barrels_per_pa_percent": 13.333333333333334,
      "hardhit_percent": 30.434782608695656,
      "whiffs_per_pitch": 0.14018691588785046,
      "active_spin_percent": 67.2
    },
    {
      "code": "CU",
      "title": "curveball",
      "color": "#00D2ED",
      "count": 84,
      "pitch_percent": 0.12612612612612611,
      "rhh_percent": 0.04143646408839779,
      "lhh_percent": 0.22697368421052633,
      "start_speed": 80.52619047619052,
      "max_start_speed": 83.7,
      "ivb": -15.835714285714289,
      "hb": -8.147619047619049,
      "release_pos_z": 5.955399386523799,
      "release_pos_x": 2.2621167699331726,
      "extension": 6.209521648149862,
      "pitches": 84,
      "whiffs": 15,
      "swings": 39,
      "spin_rate": 2649,
      "swing_miss_percent": 38.5,
      "arm_angle": 43,
      "barrels_per_pa_percent": 5.263157894736842,
      "hardhit_percent": 36.36363636363637,
      "whiffs_per_pitch": 0.17857142857142858,
      "active_spin_percent": 87.2
    },
    {
      "code": "CH",
      "title": "changeup",
      "color": "#1DBF3A",
      "count": 65,
      "pitch_percent": 0.09759759759759759,
      "rhh_percent": 0.04143646408839779,
      "lhh_percent": 0.16447368421052633,
      "start_speed": 86.50769230769235,
      "max_start_speed": 89,
      "ivb": 3.5092307692307685,
      "hb": 10.924615384615382,
      "release_pos_z": 5.868658604530648,
      "release_pos_x": 2.2955737276758947,
      "extension": 6.289876811293898,
      "pitches": 65,
      "whiffs": 11,
      "swings": 42,
      "spin_rate": 1712,
      "swing_miss_percent": 26.2,
      "arm_angle": 41.1,
      "barrels_per_pa_percent": 4,
      "hardhit_percent": 30,
      "whiffs_per_pitch": 0.16923076923076924,
      "active_spin_percent": 75.1
    },
    {
      "code": "FF",
      "title": "four-seam fastball",
      "color": "#D22D49",
      "count": 29,
      "pitch_percent": 0.04354354354354354,
      "rhh_percent": 0.049723756906077346,
      "lhh_percent": 0.03618421052631579,
      "start_speed": 92.43103448275865,
      "max_start_speed": 94.4,
      "ivb": 14.610344827586207,
      "hb": 4.889655172413793,
      "release_pos_z": 5.752401395224929,
      "release_pos_x": 2.371191474876658,
      "extension": 6.411171513137363,
      "pitches": 29,
      "whiffs": 5,
      "swings": 12,
      "spin_rate": 2218,
      "swing_miss_percent": 41.7,
      "arm_angle": 37.7,
      "barrels_per_pa_percent": 0,
      "hardhit_percent": 100,
      "whiffs_per_pitch": 0.1724137931034483,
      "active_spin_percent": 80.2
    }
  ]
}