{
  "pitcher_id": "621244",
  "pitcher_name": "José Berríos",
  "pitches": [
    {
      "code": "SI",
      "title": "sinker",
      "color": "#FE9E00",
      "count": 849,
      "pitch_percent": 0.3285603715170279,
      "rhh_percent": 0.4405897658282741,
      "lhh_percent": 0.23829489867225717,
      "start_speed": 92.16360424028274,
      "max_start_speed": 95.6,
      "ivb": 10.73886925795052,
      "hb": 16.131802120141348,
      "release_pos_z": 5.697123896375453,
      "release_pos_x": 1.9114527391394065,
      "extension": 6.44471206349368,
      "pitches": 869,
      "whiffs": 34,
      "swings": 360,
      "spin_rate": 2028,
      "swing_miss_percent": 9.4,
      "arm_angle": 40,
      "barrels_per_pa_percent": 10.16260162601626,
      "hardhit_percent": 52.68817204301075,
      "whiffs_per_pitch": 0.039125431530494824,
      "active_spin_percent": 98.6
    },
    {
      "code": "SV",
      "title": "slurve",
      "color": "#93AFD4",
      "count": 671,
      "pitch_percent": 0.2596749226006192,
      "rhh_percent": 0.31743278404163056,
      "lhh_percent": 0.21313766596785463,
      "start_speed": 82.52712369597612,
      "max_start_speed": 85.8,
      "ivb": -4.511177347242923,
      "hb": -14.88718330849478,
      "release_pos_z": 5.599984121505125,
      "release_pos_x": 2.1203623453380356,
      "extension": 6.248516918622534,
      "pitches": 671,
      "whiffs": 96,
      "swings": 288,
      "spin_rate": 2362,
      "swing_miss_percent": 33.3,
      "arm_angle": 36.8,
      "barrels_per_pa_percent": 7.2727272727272725,
      "hardhit_percent": 35.23809523809524,
      "whiffs_per_pitch": 0.14307004470938897,
      "active_spin_percent": 55.7
    },
    {
      "code": "FF",
      "title": "four-seam fastball",
      "color": "#D22D49",
      "count": 478,
      "pitch_percent": 0.184984520123839,
      "rhh_percent": 0.11535125758889853,
      "lhh_percent": 0.24109014675052412,
      "start_speed": 92.97719665271964,
      "max_start_speed": 95.9,
      "ivb": 15.164435146443509,
      "hb": 9.938493723849373,
      "release_pos_z": 5.716779777307048,
      "release_pos_x": 1.913227532047978,
      "extension": 6.41470174728895,
      "pitches": 458,
      "whiffs": 31,
      "swings": 201,
      "spin_rate": 2130,
      "swing_miss_percent": 15.4,
      "arm_angle": 40.3,
      "barrels_per_pa_percent": 8.571428571428571,
      "hardhit_percent": 46.75324675324675,
      "whiffs_per_pitch": 0.06768558951965066,
      "active_spin_percent": 93.6
    },
    {
      "code": "CH",
      "title": "changeup",
      "color": "#1DBF3A",
      "count": 434,
      "pitch_percent": 0.16795665634674922,
      "rhh_percent": 0.11361665221162186,
      "lhh_percent": 0.21174004192872117,
      "start_speed": 85.18940092165904,
      "max_start_speed": 88.6,
      "ivb": 4.356221198156678,
      "hb": 14.427419354838705,
      "release_pos_z": 5.554812925240274,
      "release_pos_x": 2.0123515441511004,
      "extension": 6.473909775158937,
      "pitches": 433,
      "whiffs": 86,
      "swings": 247,
      "spin_rate": 1554,
      "swing_miss_percent": 34.8,
      "arm_angle": 37.3,
      "barrels_per_pa_percent": 6.338028169014084,
      "hardhit_percent": 31.868131868131865,
      "whiffs_per_pitch": 0.19861431870669746,
      "active_spin_percent": 98.4
    },
    {
      "code": "FC",
      "title": "cutter",
      "color": "#933F2C",
      "count": 152,
      "pitch_percent": 0.058823529411764705,
      "rhh_percent": 0.013009540329575022,
      "lhh_percent": 0.0957372466806429,
      "start_speed": 89.56644736842104,
      "max_start_speed": 92.9,
      "ivb": 10.049342105263156,
      "hb": 0.03618421052631575,
      "release_pos_z": 5.668154147175019,
      "release_pos_x": 2.0005647333523333,
      "extension": 6.3339634090010035,
      "pitches": 150,
      "whiffs": 15,
      "swings": 91,
      "spin_rate": 2309,
      "swing_miss_percent": 16.5,
      "arm_angle": 38.7,
      "barrels_per_pa_percent": 2.857142857142857,
      "hardhit_percent": 33.33333333333333,
      "whiffs_per_pitch": 0.1,
      "active_spin_percent": 55.3
    }
  ]
}