{
  "pitcher_id": "621366",
  "pitcher_name": "Ryan Borucki",
  "pitches": [
    {
      "code": "SL",
      "title": "slider",
      "color": "#EEE716",
      "count": 244,
      "pitch_percent": 0.4107744107744108,
      "rhh_percent": 0.35526315789473684,
      "lhh_percent": 0.4689655172413793,
      "start_speed": 85.85614754098371,
      "max_start_speed": 88.7,
      "ivb": 2.414344262295081,
      "hb": -1.475409836065574,
      "release_pos_z": 5.643868834319378,
      "release_pos_x": 1.780134659768335,
      "extension": 6.524792303411234,
      "pitches": 239,
      "whiffs": 46,
      "swings": 117,
      "spin_rate": 2277,
      "swing_miss_percent": 39.3,
      "arm_angle": 27.8,
      "barrels_per_pa_percent": 6.666666666666667,
      "hardhit_percent": 42.42424242424242,
      "whiffs_per_pitch": 0.19246861924686193,
      "active_spin_percent": 15.7
    },
    {
      "code": "SI",
      "title": "sinker",
      "color": "#FE9E00",
      "count": 156,
      "pitch_percent": 0.26262626262626265,
      "rhh_percent": 0.19078947368421054,
      "lhh_percent": 0.33793103448275863,
      "start_speed": 93.92500000000007,
      "max_start_speed": 96.3,
      "ivb": 8.504487179487183,
      "hb": 18.087179487179494,
      "release_pos_z": 5.659509507096107,
      "release_pos_x": 1.7140756656431735,
      "extension": 6.553687553223663,
      "pitches": 155,
      "whiffs": 5,
      "swings": 65,
      "spin_rate": 2274,
      "swing_miss_percent": 7.7,
      "arm_angle": 27.6,
      "barrels_per_pa_percent": 9.375,
      "hardhit_percent": 48.148148148148145,
      "whiffs_per_pitch": 0.03225806451612903,
      "active_spin_percent": 95.4
    },
    {
      "code": "FS",
      "title": "splitter",
      "color": "#3BACAC",
      "count": 103,
      "pitch_percent": 0.1734006734006734,
      "rhh_percent": 0.33881578947368424,
      "lhh_percent": 0,
      "start_speed": 83.81262135922331,
      "max_start_speed": 87.4,
      "ivb": 0.25631067961165055,
      "hb": 13.197087378640775,
      "release_pos_z": 5.552772581994822,
      "release_pos_x": 1.7115727942527612,
      "extension": 6.664836666651099,
      "pitches": 103,
      "whiffs": 23,
      "swings": 55,
      "spin_rate": 1281,
      "swing_miss_percent": 41.8,
      "arm_angle": 28.1,
      "barrels_per_pa_percent": 3.571428571428571,
      "hardhit_percent": 44.44444444444444,
      "whiffs_per_pitch": 0.22330097087378642,
      "active_spin_percent": 89.9
    },
    {
      "code": "ST",
      "title": "sweeper",
      "color": "#DDB43A",
      "count": 91,
      "pitch_percent": 0.1531986531986532,
      "rhh_percent": 0.11513157894736842,
      "lhh_percent": 0.19310344827586207,
      "start_speed": 81.11978021978021,
      "max_start_speed": 83.8,
      "ivb": -0.9241758241758238,
      "hb": -14.01098901098901,
      "release_pos_z": 5.638205000203187,
      "release_pos_x": 1.813266611821284,
      "extension": 6.5131229389671494,
      "pitches": 91,
      "whiffs": 8,
      "swings": 32,
      "spin_rate": 2548,
      "swing_miss_percent": 25,
      "arm_angle": 29.7,
      "barrels_per_pa_percent": 0,
      "hardhit_percent": 16.666666666666664,
      "whiffs_per_pitch": 0.08791208791208792,
      "active_spin_percent": 46.6
    }
  ]
}