{
  "pitcher_id": "621381",
  "pitcher_name": "Matt Strahm",
  "pitches": [
    {
      "code": "FF",
      "title": "four-seam fastball",
      "color": "#D22D49",
      "count": 373,
      "pitch_percent": 0.3756294058408862,
      "rhh_percent": 0.4482758620689655,
      "lhh_percent": 0.2053872053872054,
      "start_speed": 92.29276139410177,
      "max_start_speed": 94.6,
      "ivb": 16.719034852546923,
      "hb": 13.596514745308315,
      "release_pos_z": 5.333785032200825,
      "release_pos_x": 2.0905907415484273,
      "extension": 6.220559267707434,
      "pitches": 370,
      "whiffs": 45,
      "swings": 181,
      "spin_rate": 2531,
      "swing_miss_percent": 24.9,
      "arm_angle": 29.4,
      "barrels_per_pa_percent": 4.395604395604396,
      "hardhit_percent": 48.888888888888886,
      "whiffs_per_pitch": 0.12162162162162163,
      "active_spin_percent": 98
    },
    {
      "code": "SL",
      "title": "slider",
      "color": "#EEE716",
      "count": 317,
      "pitch_percent": 0.3192346424974824,
      "rhh_percent": 0.28304597701149425,
      "lhh_percent": 0.40404040404040403,
      "start_speed": 82.5586750788643,
      "max_start_speed": 86,
      "ivb": 4.340694006309151,
      "hb": -6.4063091482649845,
      "release_pos_z": 5.474036355302742,
      "release_pos_x": 2.462363795360624,
      "extension": 6.1577839055731705,
      "pitches": 317,
      "whiffs": 51,
      "swings": 170,
      "spin_rate": 2690,
      "swing_miss_percent": 30,
      "arm_angle": 34.4,
      "barrels_per_pa_percent": 0,
      "hardhit_percent": 28.846153846153843,
      "whiffs_per_pitch": 0.1608832807570978,
      "active_spin_percent": 19.3
    },
    {
      "code": "SI",
      "title": "sinker",
      "color": "#FE9E00",
      "count": 152,
      "pitch_percent": 0.15307150050352467,
      "rhh_percent": 0.08620689655172414,
      "lhh_percent": 0.30976430976430974,
      "start_speed": 92.38092105263166,
      "max_start_speed": 94.5,
      "ivb": 11.630921052631571,
      "hb": 16.97105263157894,
      "release_pos_z": 5.3025437571660206,
      "release_pos_x": 2.8679422678952196,
      "extension": 6.267551612361376,
      "pitches": 149,
      "whiffs": 13,
      "swings": 77,
      "spin_rate": 2437,
      "swing_miss_percent": 16.9,
      "arm_angle": 28.6,
      "barrels_per_pa_percent": 6.8181818181818175,
      "hardhit_percent": 50,
      "whiffs_per_pitch": 0.087248322147651,
      "active_spin_percent": 98.5
    },
    {
      "code": "FC",
      "title": "cutter",
      "color": "#933F2C",
      "count": 145,
      "pitch_percent": 0.14602215508559918,
      "rhh_percent": 0.17385057471264367,
      "lhh_percent": 0.08080808080808081,
      "start_speed": 87.6786206896552,
      "max_start_speed": 90.6,
      "ivb": 10.152413793103445,
      "hb": 2.6131034482758615,
      "release_pos_z": 5.3024294019670775,
      "release_pos_x": 2.203527028008364,
      "extension": 6.200227901370184,
      "pitches": 143,
      "whiffs": 15,
      "swings": 80,
      "spin_rate": 2552,
      "swing_miss_percent": 18.8,
      "arm_angle": 28.8,
      "barrels_per_pa_percent": 0,
      "hardhit_percent": 26.31578947368421,
      "whiffs_per_pitch": 0.1048951048951049,
      "active_spin_percent": 50.1
    },
    {
      "code": "CH",
      "title": "changeup",
      "color": "#1DBF3A",
      "count": 6,
      "pitch_percent": 0.006042296072507553,
      "rhh_percent": 0.008620689655172414,
      "lhh_percent": 0,
      "start_speed": 83.1,
      "max_start_speed": 84.7,
      "ivb": -0.9333333333333332,
      "hb": 9.316666666666666,
      "release_pos_z": 5.304191666389913,
      "release_pos_x": 1.8217893842095811,
      "extension": 6.389580510013321,
      "pitches": 6,
      "whiffs": 0,
      "swings": 4,
      "spin_rate": 1531,
      "swing_miss_percent": 0,
      "arm_angle": 30.1,
      "barrels_per_pa_percent": 0,
      "hardhit_percent": 100,
      "whiffs_per_pitch": 0,
      "active_spin_percent": null
    }
  ]
}