{
  "pitcher_id": "622608",
  "pitcher_name": "Antonio Senzatela",
  "pitches": [
    {
      "code": "FF",
      "title": "four-seam fastball",
      "color": "#D22D49",
      "count": 1219,
      "pitch_percent": 0.5337127845884413,
      "rhh_percent": 0.5004608294930876,
      "lhh_percent": 0.5638031693077564,
      "start_speed": 94.88088597210826,
      "max_start_speed": 99.7,
      "ivb": 11.553076292042645,
      "hb": 4.468088597210828,
      "release_pos_z": 6.069565209360058,
      "release_pos_x": 2.1014723210739485,
      "extension": 6.082581753942813,
      "pitches": 1313,
      "whiffs": 82,
      "swings": 630,
      "spin_rate": 2229,
      "swing_miss_percent": 13,
      "arm_angle": 42.1,
      "barrels_per_pa_percent": 6.702412868632708,
      "hardhit_percent": 49.82332155477032,
      "whiffs_per_pitch": 0.062452399086062454,
      "active_spin_percent": 84
    },
    {
      "code": "SL",
      "title": "slider",
      "color": "#EEE716",
      "count": 448,
      "pitch_percent": 0.19614711033274956,
      "rhh_percent": 0.3096774193548387,
      "lhh_percent": 0.09341117597998332,
      "start_speed": 86.83973214285717,
      "max_start_speed": 92.2,
      "ivb": 3.283928571428571,
      "hb": -4.595535714285712,
      "release_pos_z": 6.1539188861504766,
      "release_pos_x": 2.216325891772131,
      "extension": 5.936865995150065,
      "pitches": 451,
      "whiffs": 54,
      "swings": 209,
      "spin_rate": 2291,
      "swing_miss_percent": 25.8,
      "arm_angle": 42.6,
      "barrels_per_pa_percent": 8.035714285714286,
      "hardhit_percent": 40.65934065934066,
      "whiffs_per_pitch": 0.1197339246119734,
      "active_spin_percent": 37.1
    },
    {
      "code": "CU",
      "title": "curveball",
      "color": "#00D2ED",
      "count": 328,
      "pitch_percent": 0.1436077057793345,
      "rhh_percent": 0.12073732718894009,
      "lhh_percent": 0.16430358632193495,
      "start_speed": 80.27957317073174,
      "max_start_speed": 84.7,
      "ivb": -5.61676829268293,
      "hb": -5.6295731707317085,
      "release_pos_z": 6.299693401101809,
      "release_pos_x": 1.8645778173692402,
      "extension": 5.8970095295289475,
      "pitches": 328,
      "whiffs": 40,
      "swings": 142,
      "spin_rate": 2462,
      "swing_miss_percent": 28.2,
      "arm_angle": 48.6,
      "barrels_per_pa_percent": 7.4074074074074066,
      "hardhit_percent": 49.2063492063492,
      "whiffs_per_pitch": 0.12195121951219512,
      "active_spin_percent": 51.4
    },
    {
      "code": "CH",
      "title": "changeup",
      "color": "#1DBF3A",
      "count": 175,
      "pitch_percent": 0.0766199649737303,
      "rhh_percent": 0.011981566820276499,
      "lhh_percent": 0.13511259382819016,
      "start_speed": 87.59885714285713,
      "max_start_speed": 92.6,
      "ivb": 6.7942857142857145,
      "hb": 9.740571428571434,
      "release_pos_z": 5.985050044090241,
      "release_pos_x": 2.3873225799818805,
      "extension": 6.084563295677198,
      "pitches": 168,
      "whiffs": 15,
      "swings": 70,
      "spin_rate": 2201,
      "swing_miss_percent": 21.4,
      "arm_angle": 38.5,
      "barrels_per_pa_percent": 9.75609756097561,
      "hardhit_percent": 36.84210526315789,
      "whiffs_per_pitch": 0.08928571428571429,
      "active_spin_percent": 67.4
    },
    {
      "code": "SI",
      "title": "sinker",
      "color": "#FE9E00",
      "count": 114,
      "pitch_percent": 0.049912434325744305,
      "rhh_percent": 0.05714285714285714,
      "lhh_percent": 0.043369474562135114,
      "start_speed": 95.73070175438595,
      "max_start_speed": 98.4,
      "ivb": 13.5921052631579,
      "hb": 9.699122807017543,
      "release_pos_z": 5.93572856773694,
      "release_pos_x": 2.1046271422267924,
      "extension": 6.117230227309998,
      "pitches": 20,
      "whiffs": 2,
      "swings": 11,
      "spin_rate": 2070,
      "swing_miss_percent": 18.2,
      "arm_angle": 40.4,
      "barrels_per_pa_percent": 20,
      "hardhit_percent": 40,
      "whiffs_per_pitch": 0.1,
      "active_spin_percent": 81.3
    }
  ]
}