{
  "pitcher_id": "622786",
  "pitcher_name": "Jesus Tinoco",
  "pitches": [
    {
      "code": "SL",
      "title": "slider",
      "color": "#EEE716",
      "count": 130,
      "pitch_percent": 0.4276315789473684,
      "rhh_percent": 0.46875,
      "lhh_percent": 0.3819444444444444,
      "start_speed": 85.07076923076929,
      "max_start_speed": 87.7,
      "ivb": 2.3353846153846147,
      "hb": -7.572307692307693,
      "release_pos_z": 5.090972355344602,
      "release_pos_x": 2.3308058809028784,
      "extension": 6.233498893297797,
      "pitches": 129,
      "whiffs": 17,
      "swings": 56,
      "spin_rate": 2470,
      "swing_miss_percent": 30.4,
      "arm_angle": 21.8,
      "barrels_per_pa_percent": 3.0303030303030303,
      "hardhit_percent": 4.166666666666666,
      "whiffs_per_pitch": 0.13178294573643412,
      "active_spin_percent": 35.5
    },
    {
      "code": "SI",
      "title": "sinker",
      "color": "#FE9E00",
      "count": 97,
      "pitch_percent": 0.3190789473684211,
      "rhh_percent": 0.39375,
      "lhh_percent": 0.2361111111111111,
      "start_speed": 95.21443298969075,
      "max_start_speed": 98.2,
      "ivb": 4.555670103092786,
      "hb": 18.89690721649485,
      "release_pos_z": 5.2127370025018545,
      "release_pos_x": 2.003254224272069,
      "extension": 6.2024389653688425,
      "pitches": 97,
      "whiffs": 3,
      "swings": 47,
      "spin_rate": 2223,
      "swing_miss_percent": 6.4,
      "arm_angle": 20.9,
      "barrels_per_pa_percent": 0,
      "hardhit_percent": 50,
      "whiffs_per_pitch": 0.030927835051546393,
      "active_spin_percent": 87.8
    },
    {
      "code": "CH",
      "title": "changeup",
      "color": "#1DBF3A",
      "count": 46,
      "pitch_percent": 0.1513157894736842,
      "rhh_percent": 0.075,
      "lhh_percent": 0.2361111111111111,
      "start_speed": 89.17608695652174,
      "max_start_speed": 90.5,
      "ivb": 0.8956521739130432,
      "hb": 17.204347826086956,
      "release_pos_z": 5.074884481731785,
      "release_pos_x": 2.281469436508876,
      "extension": 6.163244888498357,
      "pitches": 46,
      "whiffs": 1,
      "swings": 18,
      "spin_rate": 1572,
      "swing_miss_percent": 5.6,
      "arm_angle": 18.9,
      "barrels_per_pa_percent": 0,
      "hardhit_percent": 18.181818181818183,
      "whiffs_per_pitch": 0.021739130434782608,
      "active_spin_percent": 98.4
    },
    {
      "code": "FF",
      "title": "four-seam fastball",
      "color": "#D22D49",
      "count": 31,
      "pitch_percent": 0.10197368421052631,
      "rhh_percent": 0.0625,
      "lhh_percent": 0.14583333333333334,
      "start_speed": 95.22903225806452,
      "max_start_speed": 97.5,
      "ivb": 11.683870967741933,
      "hb": 13.829032258064514,
      "release_pos_z": 5.218266908609677,
      "release_pos_x": 2.1081599833290428,
      "extension": 6.206295476127182,
      "pitches": 30,
      "whiffs": 1,
      "swings": 10,
      "spin_rate": 2303,
      "swing_miss_percent": 10,
      "arm_angle": 21.1,
      "barrels_per_pa_percent": 0,
      "hardhit_percent": 66.66666666666666,
      "whiffs_per_pitch": 0.03333333333333333,
      "active_spin_percent": 91
    }
  ]
}