{
  "pitcher_id": "623352",
  "pitcher_name": "Josh Hader",
  "pitches": [
    {
      "code": "SI",
      "title": "sinker",
      "color": "#FE9E00",
      "count": 459,
      "pitch_percent": 0.5419126328217237,
      "rhh_percent": 0.5172932330827068,
      "lhh_percent": 0.6318681318681318,
      "start_speed": 95.50915032679742,
      "max_start_speed": 98.1,
      "ivb": 18.487145969498904,
      "hb": 9.3755991285403,
      "release_pos_z": 5.668013041572754,
      "release_pos_x": 3.032965869383923,
      "extension": 6.71486639634393,
      "pitches": 457,
      "whiffs": 83,
      "swings": 269,
      "spin_rate": 2322,
      "swing_miss_percent": 30.9,
      "arm_angle": 30.4,
      "barrels_per_pa_percent": 5.357142857142857,
      "hardhit_percent": 37.5,
      "whiffs_per_pitch": 0.18161925601750548,
      "active_spin_percent": 99.5
    },
    {
      "code": "SL",
      "title": "slider",
      "color": "#EEE716",
      "count": 351,
      "pitch_percent": 0.41440377804014167,
      "rhh_percent": 0.4270676691729323,
      "lhh_percent": 0.36813186813186816,
      "start_speed": 83.32877492877495,
      "max_start_speed": 87.6,
      "ivb": 0.17948717948717938,
      "hb": -3.252421652421654,
      "release_pos_z": 5.459100385494319,
      "release_pos_x": 3.254334179482147,
      "extension": 6.473195189528269,
      "pitches": 350,
      "whiffs": 100,
      "swings": 180,
      "spin_rate": 2563,
      "swing_miss_percent": 55.6,
      "arm_angle": 26.7,
      "barrels_per_pa_percent": 3.5294117647058822,
      "hardhit_percent": 30,
      "whiffs_per_pitch": 0.2857142857142857,
      "active_spin_percent": 18.2
    },
    {
      "code": "CH",
      "title": "changeup",
      "color": "#1DBF3A",
      "count": 37,
      "pitch_percent": 0.043683589138134596,
      "rhh_percent": 0.055639097744360905,
      "lhh_percent": 0,
      "start_speed": 88.71621621621621,
      "max_start_speed": 90.9,
      "ivb": 6.27837837837838,
      "hb": 13.467567567567569,
      "release_pos_z": 5.293368430206899,
      "release_pos_x": 3.161827637158369,
      "extension": 6.823071458684657,
      "pitches": 37,
      "whiffs": 6,
      "swings": 15,
      "spin_rate": 1683,
      "swing_miss_percent": 40,
      "arm_angle": 23.4,
      "barrels_per_pa_percent": 0,
      "hardhit_percent": 50,
      "whiffs_per_pitch": 0.16216216216216217,
      "active_spin_percent": 93.3
    }
  ]
}