{
  "pitcher_id": "624133",
  "pitcher_name": "Ranger Suárez",
  "pitches": [
    {
      "code": "SI",
      "title": "sinker",
      "color": "#FE9E00",
      "count": 695,
      "pitch_percent": 0.28600823045267487,
      "rhh_percent": 0.24278350515463917,
      "lhh_percent": 0.45714285714285713,
      "start_speed": 90.12115107913667,
      "max_start_speed": 93.3,
      "ivb": 4.897553956834539,
      "hb": 15.675971223021588,
      "release_pos_z": 5.803272482587453,
      "release_pos_x": 2.165709123362082,
      "extension": 6.230627529548247,
      "pitches": 692,
      "whiffs": 20,
      "swings": 269,
      "spin_rate": 1981,
      "swing_miss_percent": 7.4,
      "arm_angle": 35.9,
      "barrels_per_pa_percent": 2.6178010471204187,
      "hardhit_percent": 44.60431654676259,
      "whiffs_per_pitch": 0.028901734104046242,
      "active_spin_percent": 72.5
    },
    {
      "code": "CH",
      "title": "changeup",
      "color": "#1DBF3A",
      "count": 464,
      "pitch_percent": 0.19094650205761318,
      "rhh_percent": 0.21855670103092784,
      "lhh_percent": 0.08163265306122448,
      "start_speed": 79.51185344827579,
      "max_start_speed": 83.2,
      "ivb": 3.270905172413796,
      "hb": 10.926293103448286,
      "release_pos_z": 5.771445438894571,
      "release_pos_x": 2.1146720718221217,
      "extension": 6.234240930714028,
      "pitches": 463,
      "whiffs": 87,
      "swings": 263,
      "spin_rate": 1287,
      "swing_miss_percent": 33.1,
      "arm_angle": 36.8,
      "barrels_per_pa_percent": 4.929577464788732,
      "hardhit_percent": 22.772277227722775,
      "whiffs_per_pitch": 0.1879049676025918,
      "active_spin_percent": 70.5
    },
    {
      "code": "FC",
      "title": "cutter",
      "color": "#933F2C",
      "count": 422,
      "pitch_percent": 0.17366255144032922,
      "rhh_percent": 0.20670103092783504,
      "lhh_percent": 0.04285714285714286,
      "start_speed": 86.43554502369666,
      "max_start_speed": 89.8,
      "ivb": 6.152132701421799,
      "hb": -2.611611374407584,
      "release_pos_z": 5.856712310374152,
      "release_pos_x": 2.197476520410533,
      "extension": 6.200758863232878,
      "pitches": 421,
      "whiffs": 49,
      "swings": 241,
      "spin_rate": 2111,
      "swing_miss_percent": 20.3,
      "arm_angle": 37.3,
      "barrels_per_pa_percent": 6.593406593406594,
      "hardhit_percent": 28.000000000000004,
      "whiffs_per_pitch": 0.1163895486935867,
      "active_spin_percent": 37.9
    },
    {
      "code": "CU",
      "title": "curveball",
      "color": "#00D2ED",
      "count": 393,
      "pitch_percent": 0.1617283950617284,
      "rhh_percent": 0.17525773195876287,
      "lhh_percent": 0.10816326530612246,
      "start_speed": 73.93129770992364,
      "max_start_speed": 78.3,
      "ivb": -8.621119592875322,
      "hb": -11.38804071246819,
      "release_pos_z": 5.854512911043908,
      "release_pos_x": 2.0136931469693646,
      "extension": 6.280184984348078,
      "pitches": 390,
      "whiffs": 48,
      "swings": 193,
      "spin_rate": 2109,
      "swing_miss_percent": 24.9,
      "arm_angle": 40.9,
      "barrels_per_pa_percent": 0,
      "hardhit_percent": 18.84057971014493,
      "whiffs_per_pitch": 0.12307692307692308,
      "active_spin_percent": 87.1
    },
    {
      "code": "FF",
      "title": "four-seam fastball",
      "color": "#D22D49",
      "count": 354,
      "pitch_percent": 0.145679012345679,
      "rhh_percent": 0.15257731958762888,
      "lhh_percent": 0.11836734693877551,
      "start_speed": 91.30819209039551,
      "max_start_speed": 93.6,
      "ivb": 11.529096045197738,
      "hb": 6.12231638418079,
      "release_pos_z": 5.765184649446576,
      "release_pos_x": 2.209179233727912,
      "extension": 6.2003162997329895,
      "pitches": 355,
      "whiffs": 31,
      "swings": 149,
      "spin_rate": 1950,
      "swing_miss_percent": 20.8,
      "arm_angle": 34.7,
      "barrels_per_pa_percent": 6.666666666666667,
      "hardhit_percent": 36.36363636363637,
      "whiffs_per_pitch": 0.08732394366197183,
      "active_spin_percent": 80
    },
    {
      "code": "SL",
      "title": "slider",
      "color": "#EEE716",
      "count": 102,
      "pitch_percent": 0.04197530864197531,
      "rhh_percent": 0.004123711340206186,
      "lhh_percent": 0.19183673469387755,
      "start_speed": 79.7156862745098,
      "max_start_speed": 82.2,
      "ivb": 5.366666666666666,
      "hb": -8.156862745098039,
      "release_pos_z": 5.708290892136535,
      "release_pos_x": 2.222918443104273,
      "extension": 6.277544943686251,
      "pitches": 102,
      "whiffs": 24,
      "swings": 43,
      "spin_rate": 2163,
      "swing_miss_percent": 55.8,
      "arm_angle": 35.8,
      "barrels_per_pa_percent": 4,
      "hardhit_percent": 33.33333333333333,
      "whiffs_per_pitch": 0.23529411764705882,
      "active_spin_percent": 37
    }
  ]
}