{
  "pitcher_id": "628452",
  "pitcher_name": "Raisel Iglesias",
  "pitches": [
    {
      "code": "FF",
      "title": "four-seam fastball",
      "color": "#D22D49",
      "count": 381,
      "pitch_percent": 0.3944099378881988,
      "rhh_percent": 0.2972972972972973,
      "lhh_percent": 0.47701149425287354,
      "start_speed": 94.79133858267714,
      "max_start_speed": 98,
      "ivb": 15.072178477690288,
      "hb": 8.855380577427818,
      "release_pos_z": 5.469067264592059,
      "release_pos_x": 1.9096232034937075,
      "extension": 6.1790066895459645,
      "pitches": 388,
      "whiffs": 58,
      "swings": 203,
      "spin_rate": 2344,
      "swing_miss_percent": 28.6,
      "arm_angle": 30.1,
      "barrels_per_pa_percent": 5.05050505050505,
      "hardhit_percent": 40.35087719298245,
      "whiffs_per_pitch": 0.14948453608247422,
      "active_spin_percent": 86.5
    },
    {
      "code": "CH",
      "title": "changeup",
      "color": "#1DBF3A",
      "count": 271,
      "pitch_percent": 0.2805383022774327,
      "rhh_percent": 0.20270270270270271,
      "lhh_percent": 0.34674329501915707,
      "start_speed": 88.82988929889298,
      "max_start_speed": 95.2,
      "ivb": 4.471955719557195,
      "hb": 15.829151291512915,
      "release_pos_z": 5.43326832337364,
      "release_pos_x": 1.971578628967743,
      "extension": 6.172828998906341,
      "pitches": 271,
      "whiffs": 71,
      "swings": 173,
      "spin_rate": 1999,
      "swing_miss_percent": 41,
      "arm_angle": 29.9,
      "barrels_per_pa_percent": 3.488372093023256,
      "hardhit_percent": 28.07017543859649,
      "whiffs_per_pitch": 0.26199261992619927,
      "active_spin_percent": 83.9
    },
    {
      "code": "SI",
      "title": "sinker",
      "color": "#FE9E00",
      "count": 217,
      "pitch_percent": 0.2246376811594203,
      "rhh_percent": 0.34459459459459457,
      "lhh_percent": 0.12260536398467432,
      "start_speed": 94.81566820276494,
      "max_start_speed": 98,
      "ivb": 9.156221198156679,
      "hb": 16.56543778801844,
      "release_pos_z": 5.461536565050082,
      "release_pos_x": 1.901923229428361,
      "extension": 6.222894389112343,
      "pitches": 209,
      "whiffs": 8,
      "swings": 72,
      "spin_rate": 2332,
      "swing_miss_percent": 11.1,
      "arm_angle": 31.3,
      "barrels_per_pa_percent": 1.9230769230769231,
      "hardhit_percent": 30.952380952380953,
      "whiffs_per_pitch": 0.03827751196172249,
      "active_spin_percent": 89.3
    },
    {
      "code": "SL",
      "title": "slider",
      "color": "#EEE716",
      "count": 97,
      "pitch_percent": 0.10041407867494824,
      "rhh_percent": 0.1554054054054054,
      "lhh_percent": 0.05363984674329502,
      "start_speed": 83.84845360824742,
      "max_start_speed": 89.5,
      "ivb": 4.341237113402062,
      "hb": -9.93814432989691,
      "release_pos_z": 5.565307895910591,
      "release_pos_x": 1.7597341367624502,
      "extension": 6.0541258619723095,
      "pitches": 95,
      "whiffs": 17,
      "swings": 50,
      "spin_rate": 2634,
      "swing_miss_percent": 34,
      "arm_angle": 33.8,
      "barrels_per_pa_percent": 22.22222222222222,
      "hardhit_percent": 56.25,
      "whiffs_per_pitch": 0.17894736842105263,
      "active_spin_percent": 31.3
    }
  ]
}