{
  "pitcher_id": "640451",
  "pitcher_name": "Hunter Harvey",
  "pitches": [
    {
      "code": "FF",
      "title": "four-seam fastball",
      "color": "#D22D49",
      "count": 89,
      "pitch_percent": 0.5329341317365269,
      "rhh_percent": 0.5432098765432098,
      "lhh_percent": 0.5232558139534884,
      "start_speed": 96.10449438202247,
      "max_start_speed": 98.4,
      "ivb": 17.347191011235964,
      "hb": 6.635955056179778,
      "release_pos_z": 5.908519192587569,
      "release_pos_x": 1.5249429378293675,
      "extension": 6.209905849439193,
      "pitches": 89,
      "whiffs": 12,
      "swings": 49,
      "spin_rate": 2061,
      "swing_miss_percent": 24.5,
      "arm_angle": 45.8,
      "barrels_per_pa_percent": 0,
      "hardhit_percent": 40,
      "whiffs_per_pitch": 0.1348314606741573,
      "active_spin_percent": 99
    },
    {
      "code": "FS",
      "title": "splitter",
      "color": "#3BACAC",
      "count": 32,
      "pitch_percent": 0.19161676646706588,
      "rhh_percent": 0.1111111111111111,
      "lhh_percent": 0.26744186046511625,
      "start_speed": 87.94062500000001,
      "max_start_speed": 89.9,
      "ivb": 2.959374999999999,
      "hb": 10.431249999999999,
      "release_pos_z": 5.687137224003393,
      "release_pos_x": 1.781811042082168,
      "extension": 6.222615188718097,
      "pitches": 32,
      "whiffs": 4,
      "swings": 12,
      "spin_rate": 1049,
      "swing_miss_percent": 33.3,
      "arm_angle": 39.3,
      "barrels_per_pa_percent": 0,
      "hardhit_percent": 100,
      "whiffs_per_pitch": 0.125,
      "active_spin_percent": 86.4
    },
    {
      "code": "SL",
      "title": "slider",
      "color": "#EEE716",
      "count": 30,
      "pitch_percent": 0.17964071856287425,
      "rhh_percent": 0.3333333333333333,
      "lhh_percent": 0.03488372093023256,
      "start_speed": 86.64666666666669,
      "max_start_speed": 89.1,
      "ivb": 1.3666666666666665,
      "hb": -3.2966666666666664,
      "release_pos_z": 5.725137365146559,
      "release_pos_x": 1.8745281792239759,
      "extension": 6.1999906116925665,
      "pitches": 30,
      "whiffs": 7,
      "swings": 14,
      "spin_rate": 2230,
      "swing_miss_percent": 50,
      "arm_angle": 42,
      "barrels_per_pa_percent": 0,
      "hardhit_percent": 40,
      "whiffs_per_pitch": 0.23333333333333334,
      "active_spin_percent": 27
    },
    {
      "code": "CU",
      "title": "curveball",
      "color": "#00D2ED",
      "count": 16,
      "pitch_percent": 0.09580838323353294,
      "rhh_percent": 0.012345679012345678,
      "lhh_percent": 0.1744186046511628,
      "start_speed": 81.5625,
      "max_start_speed": 83.3,
      "ivb": -10.118750000000002,
      "hb": -6.7,
      "release_pos_z": 5.720371609939293,
      "release_pos_x": 1.7807286012926808,
      "extension": 6.092788459177954,
      "pitches": 16,
      "whiffs": 3,
      "swings": 10,
      "spin_rate": 2062,
      "swing_miss_percent": 30,
      "arm_angle": 43.6,
      "barrels_per_pa_percent": 0,
      "hardhit_percent": 33.33333333333333,
      "whiffs_per_pitch": 0.1875,
      "active_spin_percent": 87
    }
  ]
}