{
  "pitcher_id": "640448",
  "pitcher_name": "Kyle Finnegan",
  "pitches": [
    {
      "code": "FF",
      "title": "four-seam fastball",
      "color": "#D22D49",
      "count": 493,
      "pitch_percent": 0.58274231678487,
      "rhh_percent": 0.6155778894472361,
      "lhh_percent": 0.5535714285714286,
      "start_speed": 96.2805273833672,
      "max_start_speed": 98.5,
      "ivb": 17.052738336713997,
      "hb": 10.374847870182547,
      "release_pos_z": 5.73945511577032,
      "release_pos_x": 1.9382112686313016,
      "extension": 6.642992046654825,
      "pitches": 491,
      "whiffs": 38,
      "swings": 238,
      "spin_rate": 2239,
      "swing_miss_percent": 16,
      "arm_angle": 51.5,
      "barrels_per_pa_percent": 7.936507936507936,
      "hardhit_percent": 47.77777777777778,
      "whiffs_per_pitch": 0.07739307535641547,
      "active_spin_percent": 99.2
    },
    {
      "code": "FS",
      "title": "splitter",
      "color": "#3BACAC",
      "count": 314,
      "pitch_percent": 0.37115839243498816,
      "rhh_percent": 0.2889447236180904,
      "lhh_percent": 0.44419642857142855,
      "start_speed": 87.36146496815287,
      "max_start_speed": 90.4,
      "ivb": 3.6222929936305728,
      "hb": 9.009235668789803,
      "release_pos_z": 5.6015961294619725,
      "release_pos_x": 2.319696195409488,
      "extension": 6.651721632876207,
      "pitches": 313,
      "whiffs": 62,
      "swings": 165,
      "spin_rate": 1025,
      "swing_miss_percent": 37.6,
      "arm_angle": 47.6,
      "barrels_per_pa_percent": 2.247191011235955,
      "hardhit_percent": 43.39622641509434,
      "whiffs_per_pitch": 0.19808306709265175,
      "active_spin_percent": 91.7
    },
    {
      "code": "SL",
      "title": "slider",
      "color": "#EEE716",
      "count": 39,
      "pitch_percent": 0.04609929078014184,
      "rhh_percent": 0.09547738693467336,
      "lhh_percent": 0.002232142857142857,
      "start_speed": 84.26153846153846,
      "max_start_speed": 86.7,
      "ivb": -1.3589743589743588,
      "hb": -1.8948717948717946,
      "release_pos_z": 5.694914327571973,
      "release_pos_x": 2.250176459458476,
      "extension": 6.611777744173779,
      "pitches": 39,
      "whiffs": 4,
      "swings": 17,
      "spin_rate": 2211,
      "swing_miss_percent": 23.5,
      "arm_angle": 51.7,
      "barrels_per_pa_percent": 0,
      "hardhit_percent": 0,
      "whiffs_per_pitch": 0.10256410256410256,
      "active_spin_percent": 23.7
    }
  ]
}