{
  "pitcher_id": "641312",
  "pitcher_name": "Shaun Anderson",
  "pitches": [
    {
      "code": "SL",
      "title": "slider",
      "color": "#EEE716",
      "count": 67,
      "pitch_percent": 0.3101851851851852,
      "rhh_percent": 0.3157894736842105,
      "lhh_percent": 0.30392156862745096,
      "start_speed": 88.30149253731344,
      "max_start_speed": 90.4,
      "ivb": 4.37313432835821,
      "hb": -5.82089552238806,
      "release_pos_z": 6.032773869335124,
      "release_pos_x": 1.8179171046815743,
      "extension": 6.722735775835262,
      "pitches": 67,
      "whiffs": 6,
      "swings": 32,
      "spin_rate": 2614,
      "swing_miss_percent": 18.8,
      "arm_angle": 44,
      "barrels_per_pa_percent": 25,
      "hardhit_percent": 43.75,
      "whiffs_per_pitch": 0.08955223880597014,
      "active_spin_percent": 40.6
    },
    {
      "code": "FF",
      "title": "four-seam fastball",
      "color": "#D22D49",
      "count": 61,
      "pitch_percent": 0.2824074074074074,
      "rhh_percent": 0.30701754385964913,
      "lhh_percent": 0.2549019607843137,
      "start_speed": 92.2967213114754,
      "max_start_speed": 94.5,
      "ivb": 15.18360655737705,
      "hb": 2.3311475409836064,
      "release_pos_z": 6.057685224851449,
      "release_pos_x": 1.5542080435050716,
      "extension": 6.8394842465779115,
      "pitches": 60,
      "whiffs": 6,
      "swings": 31,
      "spin_rate": 2500,
      "swing_miss_percent": 19.4,
      "arm_angle": 47.5,
      "barrels_per_pa_percent": 21.428571428571427,
      "hardhit_percent": 40,
      "whiffs_per_pitch": 0.1,
      "active_spin_percent": 70.8
    },
    {
      "code": "CH",
      "title": "changeup",
      "color": "#1DBF3A",
      "count": 48,
      "pitch_percent": 0.2222222222222222,
      "rhh_percent": 0.05263157894736842,
      "lhh_percent": 0.4117647058823529,
      "start_speed": 85.74791666666668,
      "max_start_speed": 88.2,
      "ivb": 5.291666666666668,
      "hb": 14.28541666666667,
      "release_pos_z": 6.074919144431312,
      "release_pos_x": 1.8303953578125087,
      "extension": 6.665364497898639,
      "pitches": 48,
      "whiffs": 9,
      "swings": 22,
      "spin_rate": 1416,
      "swing_miss_percent": 40.9,
      "arm_angle": 42,
      "barrels_per_pa_percent": 0,
      "hardhit_percent": 33.33333333333333,
      "whiffs_per_pitch": 0.1875,
      "active_spin_percent": 78.8
    },
    {
      "code": "ST",
      "title": "sweeper",
      "color": "#DDB43A",
      "count": 34,
      "pitch_percent": 0.1574074074074074,
      "rhh_percent": 0.2807017543859649,
      "lhh_percent": 0.0196078431372549,
      "start_speed": 82.27647058823528,
      "max_start_speed": 85.5,
      "ivb": 0.6558823529411764,
      "hb": -16.585294117647056,
      "release_pos_z": 6.129984603354858,
      "release_pos_x": 1.7380950028575963,
      "extension": 6.605622613374395,
      "pitches": 34,
      "whiffs": 4,
      "swings": 17,
      "spin_rate": 2757,
      "swing_miss_percent": 23.5,
      "arm_angle": 45.1,
      "barrels_per_pa_percent": 0,
      "hardhit_percent": 25,
      "whiffs_per_pitch": 0.11764705882352941,
      "active_spin_percent": 55.9
    },
    {
      "code": "SI",
      "title": "sinker",
      "color": "#FE9E00",
      "count": 6,
      "pitch_percent": 0.027777777777777776,
      "rhh_percent": 0.043859649122807015,
      "lhh_percent": 0.00980392156862745,
      "start_speed": 92.98333333333333,
      "max_start_speed": 93.8,
      "ivb": 13.233333333333334,
      "hb": 12.700000000000001,
      "release_pos_z": 6.219484874058484,
      "release_pos_x": 1.505392408451045,
      "extension": 6.8657799696383135,
      "pitches": 6,
      "whiffs": 0,
      "swings": 2,
      "spin_rate": 2412,
      "swing_miss_percent": 0,
      "arm_angle": 51.2,
      "barrels_per_pa_percent": 0,
      "hardhit_percent": 100,
      "whiffs_per_pitch": 0,
      "active_spin_percent": null
    }
  ]
}