{
  "pitcher_id": "641302",
  "pitcher_name": "Tyler Alexander",
  "pitches": [
    {
      "code": "FF",
      "title": "four-seam fastball",
      "color": "#D22D49",
      "count": 414,
      "pitch_percent": 0.261198738170347,
      "rhh_percent": 0.2753468516542156,
      "lhh_percent": 0.24074074074074073,
      "start_speed": 90.81207729468595,
      "max_start_speed": 93.6,
      "ivb": 15.943961352657007,
      "hb": 9.261352657004833,
      "release_pos_z": 5.5749313510281615,
      "release_pos_x": 1.7614662057520125,
      "extension": 6.21570673403426,
      "pitches": 413,
      "whiffs": 43,
      "swings": 213,
      "spin_rate": 2234,
      "swing_miss_percent": 20.2,
      "arm_angle": 35.2,
      "barrels_per_pa_percent": 6.730769230769231,
      "hardhit_percent": 52.23880597014925,
      "whiffs_per_pitch": 0.10411622276029056,
      "active_spin_percent": 90.3
    },
    {
      "code": "ST",
      "title": "sweeper",
      "color": "#DDB43A",
      "count": 355,
      "pitch_percent": 0.22397476340694006,
      "rhh_percent": 0.11419423692636073,
      "lhh_percent": 0.38271604938271603,
      "start_speed": 80.24929577464793,
      "max_start_speed": 83.2,
      "ivb": 4.788732394366194,
      "hb": -12.315492957746464,
      "release_pos_z": 5.236097460136053,
      "release_pos_x": 2.0207448787549382,
      "extension": 6.304419974282723,
      "pitches": 352,
      "whiffs": 43,
      "swings": 165,
      "spin_rate": 2484,
      "swing_miss_percent": 26.1,
      "arm_angle": 29.7,
      "barrels_per_pa_percent": 4.444444444444445,
      "hardhit_percent": 31.944444444444443,
      "whiffs_per_pitch": 0.12215909090909091,
      "active_spin_percent": 45.2
    },
    {
      "code": "SI",
      "title": "sinker",
      "color": "#FE9E00",
      "count": 291,
      "pitch_percent": 0.18359621451104102,
      "rhh_percent": 0.12913553895410887,
      "lhh_percent": 0.2623456790123457,
      "start_speed": 90.49690721649479,
      "max_start_speed": 93.6,
      "ivb": 9.333676975945023,
      "hb": 16.12164948453608,
      "release_pos_z": 5.421995056655512,
      "release_pos_x": 1.8699170406573713,
      "extension": 6.246685102476432,
      "pitches": 289,
      "whiffs": 19,
      "swings": 145,
      "spin_rate": 2097,
      "swing_miss_percent": 13.1,
      "arm_angle": 31.2,
      "barrels_per_pa_percent": 2.4096385542168677,
      "hardhit_percent": 30,
      "whiffs_per_pitch": 0.0657439446366782,
      "active_spin_percent": 90.4
    },
    {
      "code": "FC",
      "title": "cutter",
      "color": "#933F2C",
      "count": 271,
      "pitch_percent": 0.17097791798107256,
      "rhh_percent": 0.23372465314834578,
      "lhh_percent": 0.08024691358024691,
      "start_speed": 86.93505535055351,
      "max_start_speed": 90.4,
      "ivb": 9.367158671586719,
      "hb": -1.2907749077490773,
      "release_pos_z": 5.525238117077186,
      "release_pos_x": 1.7669452570942943,
      "extension": 6.205412461769055,
      "pitches": 269,
      "whiffs": 26,
      "swings": 121,
      "spin_rate": 2344,
      "swing_miss_percent": 21.5,
      "arm_angle": 34.7,
      "barrels_per_pa_percent": 6.896551724137931,
      "hardhit_percent": 48.717948717948715,
      "whiffs_per_pitch": 0.09665427509293681,
      "active_spin_percent": 49
    },
    {
      "code": "CH",
      "title": "changeup",
      "color": "#1DBF3A",
      "count": 254,
      "pitch_percent": 0.16025236593059936,
      "rhh_percent": 0.24759871931696906,
      "lhh_percent": 0.033950617283950615,
      "start_speed": 83.33897637795276,
      "max_start_speed": 85.9,
      "ivb": 2.4696850393700815,
      "hb": 14.482677165354314,
      "release_pos_z": 5.37265028056675,
      "release_pos_x": 1.9452303267104647,
      "extension": 6.291307065814308,
      "pitches": 253,
      "whiffs": 35,
      "swings": 120,
      "spin_rate": 1520,
      "swing_miss_percent": 29.2,
      "arm_angle": 32.1,
      "barrels_per_pa_percent": 1.3513513513513513,
      "hardhit_percent": 45,
      "whiffs_per_pitch": 0.1383399209486166,
      "active_spin_percent": 87.4
    }
  ]
}