{
  "pitcher_id": "641401",
  "pitcher_name": "Connor Brogdon",
  "pitches": [
    {
      "code": "CH",
      "title": "changeup",
      "color": "#1DBF3A",
      "count": 352,
      "pitch_percent": 0.41904761904761906,
      "rhh_percent": 0.34782608695652173,
      "lhh_percent": 0.48826291079812206,
      "start_speed": 84.01136363636364,
      "max_start_speed": 86.9,
      "ivb": 7.075568181818184,
      "hb": 16.783806818181812,
      "release_pos_z": 5.684575759572679,
      "release_pos_x": 2.7735702817998624,
      "extension": 7.037826398322418,
      "pitches": 352,
      "whiffs": 64,
      "swings": 197,
      "spin_rate": 2021,
      "swing_miss_percent": 32.5,
      "arm_angle": 29.8,
      "barrels_per_pa_percent": 8.045977011494253,
      "hardhit_percent": 35.483870967741936,
      "whiffs_per_pitch": 0.18181818181818182,
      "active_spin_percent": 97.4
    },
    {
      "code": "FF",
      "title": "four-seam fastball",
      "color": "#D22D49",
      "count": 352,
      "pitch_percent": 0.41904761904761906,
      "rhh_percent": 0.4251207729468599,
      "lhh_percent": 0.4131455399061033,
      "start_speed": 95.4639204545455,
      "max_start_speed": 97.8,
      "ivb": 15.471590909090907,
      "hb": 10.96136363636363,
      "release_pos_z": 5.741798795095679,
      "release_pos_x": 2.71994306295299,
      "extension": 7.012747911407454,
      "pitches": 351,
      "whiffs": 45,
      "swings": 163,
      "spin_rate": 2290,
      "swing_miss_percent": 27.6,
      "arm_angle": 31.5,
      "barrels_per_pa_percent": 8.75,
      "hardhit_percent": 43.18181818181818,
      "whiffs_per_pitch": 0.1282051282051282,
      "active_spin_percent": 96.7
    },
    {
      "code": "FC",
      "title": "cutter",
      "color": "#933F2C",
      "count": 136,
      "pitch_percent": 0.1619047619047619,
      "rhh_percent": 0.22705314009661837,
      "lhh_percent": 0.09859154929577464,
      "start_speed": 86.81470588235295,
      "max_start_speed": 90.5,
      "ivb": 6.282352941176468,
      "hb": -3.973529411764708,
      "release_pos_z": 5.661863085681855,
      "release_pos_x": 2.888040423238527,
      "extension": 7.066901204682051,
      "pitches": 136,
      "whiffs": 12,
      "swings": 52,
      "spin_rate": 2338,
      "swing_miss_percent": 23.1,
      "arm_angle": 30,
      "barrels_per_pa_percent": 11.11111111111111,
      "hardhit_percent": 48,
      "whiffs_per_pitch": 0.08823529411764706,
      "active_spin_percent": 40
    }
  ]
}