{
  "pitcher_id": "641816",
  "pitcher_name": "Tyler Mahle",
  "pitches": [
    {
      "code": "FF",
      "title": "four-seam fastball",
      "color": "#D22D49",
      "count": 684,
      "pitch_percent": 0.4952932657494569,
      "rhh_percent": 0.5063613231552163,
      "lhh_percent": 0.48067226890756304,
      "start_speed": 91.96608187134503,
      "max_start_speed": 96.2,
      "ivb": 18.330263157894752,
      "hb": 10.961111111111103,
      "release_pos_z": 5.657456792988983,
      "release_pos_x": 1.7439008316482438,
      "extension": 6.585694814178035,
      "pitches": 686,
      "whiffs": 73,
      "swings": 311,
      "spin_rate": 2334,
      "swing_miss_percent": 23.5,
      "arm_angle": 43.3,
      "barrels_per_pa_percent": 8.16326530612245,
      "hardhit_percent": 48.93617021276596,
      "whiffs_per_pitch": 0.10641399416909621,
      "active_spin_percent": 99.6
    },
    {
      "code": "FS",
      "title": "splitter",
      "color": "#3BACAC",
      "count": 383,
      "pitch_percent": 0.277335264301231,
      "rhh_percent": 0.18829516539440203,
      "lhh_percent": 0.3949579831932773,
      "start_speed": 84.06736292428194,
      "max_start_speed": 88,
      "ivb": 6.802872062663184,
      "hb": 13.859007832898165,
      "release_pos_z": 5.586252151563611,
      "release_pos_x": 1.8957291888808085,
      "extension": 6.528806829377513,
      "pitches": 382,
      "whiffs": 55,
      "swings": 228,
      "spin_rate": 1734,
      "swing_miss_percent": 24.1,
      "arm_angle": 38.4,
      "barrels_per_pa_percent": 5.88235294117647,
      "hardhit_percent": 29.88505747126437,
      "whiffs_per_pitch": 0.14397905759162305,
      "active_spin_percent": 91.1
    },
    {
      "code": "FC",
      "title": "cutter",
      "color": "#933F2C",
      "count": 176,
      "pitch_percent": 0.1274438812454743,
      "rhh_percent": 0.15648854961832062,
      "lhh_percent": 0.08907563025210084,
      "start_speed": 85.40113636363634,
      "max_start_speed": 88.2,
      "ivb": 7.80227272727272,
      "hb": -3.2261363636363627,
      "release_pos_z": 5.527114581063046,
      "release_pos_x": 1.9582038712267336,
      "extension": 6.5577195262752666,
      "pitches": 174,
      "whiffs": 17,
      "swings": 89,
      "spin_rate": 2446,
      "swing_miss_percent": 19.1,
      "arm_angle": 38.7,
      "barrels_per_pa_percent": 1.8867924528301887,
      "hardhit_percent": 38.297872340425535,
      "whiffs_per_pitch": 0.09770114942528736,
      "active_spin_percent": 47
    },
    {
      "code": "SL",
      "title": "slider",
      "color": "#EEE716",
      "count": 138,
      "pitch_percent": 0.0999275887038378,
      "rhh_percent": 0.14885496183206107,
      "lhh_percent": 0.03529411764705882,
      "start_speed": 83.40507246376812,
      "max_start_speed": 86.4,
      "ivb": 2.97536231884058,
      "hb": -3.159420289855072,
      "release_pos_z": 5.637834787376589,
      "release_pos_x": 1.9120670157333992,
      "extension": 6.519382807141508,
      "pitches": 138,
      "whiffs": 15,
      "swings": 60,
      "spin_rate": 2449,
      "swing_miss_percent": 25,
      "arm_angle": 40.9,
      "barrels_per_pa_percent": 0,
      "hardhit_percent": 13.636363636363635,
      "whiffs_per_pitch": 0.10869565217391304,
      "active_spin_percent": 28.1
    }
  ]
}