{
  "pitcher_id": "641835",
  "pitcher_name": "Tim Mayza",
  "pitches": [
    {
      "code": "SI",
      "title": "sinker",
      "color": "#FE9E00",
      "count": 206,
      "pitch_percent": 0.6843853820598007,
      "rhh_percent": 0.6629213483146067,
      "lhh_percent": 0.7154471544715447,
      "start_speed": 93.60339805825242,
      "max_start_speed": 96.5,
      "ivb": 9.458252427184469,
      "hb": 16.343689320388346,
      "release_pos_z": 6.22611543997185,
      "release_pos_x": 1.7350983037039434,
      "extension": 6.887121567182613,
      "pitches": 206,
      "whiffs": 25,
      "swings": 92,
      "spin_rate": 2106,
      "swing_miss_percent": 27.2,
      "arm_angle": 40.2,
      "barrels_per_pa_percent": 6.122448979591836,
      "hardhit_percent": 40.625,
      "whiffs_per_pitch": 0.12135922330097088,
      "active_spin_percent": 87.3
    },
    {
      "code": "SL",
      "title": "slider",
      "color": "#EEE716",
      "count": 90,
      "pitch_percent": 0.29900332225913623,
      "rhh_percent": 0.3146067415730337,
      "lhh_percent": 0.2764227642276423,
      "start_speed": 87.09666666666665,
      "max_start_speed": 89.2,
      "ivb": 2.227777777777777,
      "hb": -2.346666666666666,
      "release_pos_z": 6.104399804316008,
      "release_pos_x": 1.9165311532708373,
      "extension": 6.953030278262995,
      "pitches": 90,
      "whiffs": 10,
      "swings": 43,
      "spin_rate": 2158,
      "swing_miss_percent": 23.3,
      "arm_angle": 40.9,
      "barrels_per_pa_percent": 0,
      "hardhit_percent": 50,
      "whiffs_per_pitch": 0.1111111111111111,
      "active_spin_percent": 15.8
    },
    {
      "code": "FF",
      "title": "four-seam fastball",
      "color": "#D22D49",
      "count": 5,
      "pitch_percent": 0.016611295681063124,
      "rhh_percent": 0.02247191011235955,
      "lhh_percent": 0.008130081300813009,
      "start_speed": 93.4,
      "max_start_speed": 94.2,
      "ivb": 14.520000000000001,
      "hb": 8.98,
      "release_pos_z": 6.1537089226734905,
      "release_pos_x": 1.8582738824852811,
      "extension": 6.858534896219737,
      "pitches": 5,
      "whiffs": 0,
      "swings": 3,
      "spin_rate": 2171,
      "swing_miss_percent": 0,
      "arm_angle": 36.9,
      "barrels_per_pa_percent": null,
      "hardhit_percent": null,
      "whiffs_per_pitch": 0,
      "active_spin_percent": null
    }
  ]
}