{
  "pitcher_id": "642121",
  "pitcher_name": "Cole Sulser",
  "pitches": [
    {
      "code": "FF",
      "title": "four-seam fastball",
      "color": "#D22D49",
      "count": 153,
      "pitch_percent": 0.3953488372093023,
      "rhh_percent": 0.3384615384615385,
      "lhh_percent": 0.453125,
      "start_speed": 92.93529411764706,
      "max_start_speed": 94.4,
      "ivb": 17.92091503267974,
      "hb": 9.925490196078437,
      "release_pos_z": 5.767875890684615,
      "release_pos_x": 1.5327410339123475,
      "extension": 6.630184142756244,
      "pitches": 153,
      "whiffs": 24,
      "swings": 86,
      "spin_rate": 2354,
      "swing_miss_percent": 27.9,
      "arm_angle": 43.5,
      "barrels_per_pa_percent": 0,
      "hardhit_percent": 61.904761904761905,
      "whiffs_per_pitch": 0.1568627450980392,
      "active_spin_percent": 97.1
    },
    {
      "code": "CH",
      "title": "changeup",
      "color": "#1DBF3A",
      "count": 151,
      "pitch_percent": 0.39018087855297157,
      "rhh_percent": 0.40512820512820513,
      "lhh_percent": 0.375,
      "start_speed": 84.02913907284768,
      "max_start_speed": 86.4,
      "ivb": 2.719205298013245,
      "hb": 14.039072847682109,
      "release_pos_z": 5.754740328733722,
      "release_pos_x": 1.7340668932162198,
      "extension": 6.520676723060391,
      "pitches": 151,
      "whiffs": 28,
      "swings": 81,
      "spin_rate": 1653,
      "swing_miss_percent": 34.6,
      "arm_angle": 41.4,
      "barrels_per_pa_percent": 0,
      "hardhit_percent": 47.82608695652174,
      "whiffs_per_pitch": 0.18543046357615894,
      "active_spin_percent": 83.3
    },
    {
      "code": "FC",
      "title": "cutter",
      "color": "#933F2C",
      "count": 81,
      "pitch_percent": 0.20930232558139536,
      "rhh_percent": 0.24615384615384617,
      "lhh_percent": 0.171875,
      "start_speed": 87.56049382716049,
      "max_start_speed": 89.4,
      "ivb": 8.06543209876543,
      "hb": -4.05925925925926,
      "release_pos_z": 5.661617270220472,
      "release_pos_x": 1.8600819197793728,
      "extension": 6.595647715748202,
      "pitches": 81,
      "whiffs": 7,
      "swings": 40,
      "spin_rate": 2347,
      "swing_miss_percent": 17.5,
      "arm_angle": 39.1,
      "barrels_per_pa_percent": 5.88235294117647,
      "hardhit_percent": 29.411764705882355,
      "whiffs_per_pitch": 0.08641975308641975,
      "active_spin_percent": 44.8
    },
    {
      "code": "ST",
      "title": "sweeper",
      "color": "#DDB43A",
      "count": 2,
      "pitch_percent": 0.00516795865633075,
      "rhh_percent": 0.010256410256410256,
      "lhh_percent": 0,
      "start_speed": 78.9,
      "max_start_speed": 79.3,
      "ivb": -0.45000000000000007,
      "hb": -18.799999999999997,
      "release_pos_z": 5.686921749044611,
      "release_pos_x": 1.9171954865638647,
      "extension": 6.481738778922557,
      "pitches": 2,
      "whiffs": 1,
      "swings": 1,
      "spin_rate": 2565,
      "swing_miss_percent": 100,
      "arm_angle": 39.5,
      "barrels_per_pa_percent": null,
      "hardhit_percent": null,
      "whiffs_per_pitch": 0.5,
      "active_spin_percent": null
    }
  ]
}