{
  "pitcher_id": "642239",
  "pitcher_name": "Rob Zastryzny",
  "pitches": [
    {
      "code": "FF",
      "title": "four-seam fastball",
      "color": "#D22D49",
      "count": 158,
      "pitch_percent": 0.45014245014245013,
      "rhh_percent": 0.45454545454545453,
      "lhh_percent": 0.44711538461538464,
      "start_speed": 91.99113924050631,
      "max_start_speed": 95.9,
      "ivb": 16.470886075949373,
      "hb": 2.975316455696202,
      "release_pos_z": 5.664019135598013,
      "release_pos_x": 1.854213456135394,
      "extension": 6.668301127668867,
      "pitches": 153,
      "whiffs": 20,
      "swings": 82,
      "spin_rate": 2516,
      "swing_miss_percent": 24.4,
      "arm_angle": 42.4,
      "barrels_per_pa_percent": 2.2222222222222223,
      "hardhit_percent": 23.52941176470588,
      "whiffs_per_pitch": 0.13071895424836602,
      "active_spin_percent": 73.5
    },
    {
      "code": "FC",
      "title": "cutter",
      "color": "#933F2C",
      "count": 115,
      "pitch_percent": 0.32763532763532766,
      "rhh_percent": 0.34965034965034963,
      "lhh_percent": 0.3125,
      "start_speed": 86.29913043478258,
      "max_start_speed": 89.4,
      "ivb": 3.933043478260868,
      "hb": -5.3547826086956505,
      "release_pos_z": 5.6427631850499225,
      "release_pos_x": 1.9990869135829457,
      "extension": 6.594426503619037,
      "pitches": 115,
      "whiffs": 17,
      "swings": 50,
      "spin_rate": 2537,
      "swing_miss_percent": 34,
      "arm_angle": 41,
      "barrels_per_pa_percent": 8.695652173913043,
      "hardhit_percent": 37.5,
      "whiffs_per_pitch": 0.14782608695652175,
      "active_spin_percent": 36.6
    },
    {
      "code": "ST",
      "title": "sweeper",
      "color": "#DDB43A",
      "count": 50,
      "pitch_percent": 0.14245014245014245,
      "rhh_percent": 0,
      "lhh_percent": 0.2403846153846154,
      "start_speed": 80.58399999999997,
      "max_start_speed": 82.5,
      "ivb": 5.000000000000002,
      "hb": -11.740000000000002,
      "release_pos_z": 5.61206773269415,
      "release_pos_x": 2.0158821881682782,
      "extension": 6.659591120288917,
      "pitches": 50,
      "whiffs": 13,
      "swings": 30,
      "spin_rate": 2424,
      "swing_miss_percent": 43.3,
      "arm_angle": 41.5,
      "barrels_per_pa_percent": 0,
      "hardhit_percent": 10,
      "whiffs_per_pitch": 0.26,
      "active_spin_percent": 42.5
    },
    {
      "code": "FS",
      "title": "splitter",
      "color": "#3BACAC",
      "count": 18,
      "pitch_percent": 0.05128205128205128,
      "rhh_percent": 0.1258741258741259,
      "lhh_percent": 0,
      "start_speed": 83.53888888888888,
      "max_start_speed": 86.1,
      "ivb": 1.9499999999999997,
      "hb": 9.405555555555555,
      "release_pos_z": 5.6466916807039915,
      "release_pos_x": 1.9729024969455904,
      "extension": 6.735518080192897,
      "pitches": 18,
      "whiffs": 4,
      "swings": 5,
      "spin_rate": 1439,
      "swing_miss_percent": 80,
      "arm_angle": 39,
      "barrels_per_pa_percent": null,
      "hardhit_percent": null,
      "whiffs_per_pitch": 0.2222222222222222,
      "active_spin_percent": 68
    },
    {
      "code": "CH",
      "title": "changeup",
      "color": "#1DBF3A",
      "count": 10,
      "pitch_percent": 0.02849002849002849,
      "rhh_percent": 0.06993006993006994,
      "lhh_percent": 0,
      "start_speed": 81.61000000000001,
      "max_start_speed": 84.1,
      "ivb": 7.029999999999999,
      "hb": 16.130000000000003,
      "release_pos_z": 5.622992011483953,
      "release_pos_x": 1.9449912907886069,
      "extension": 6.683415716994797,
      "pitches": 10,
      "whiffs": 1,
      "swings": 3,
      "spin_rate": 1994,
      "swing_miss_percent": 33.3,
      "arm_angle": 38.5,
      "barrels_per_pa_percent": 0,
      "hardhit_percent": 0,
      "whiffs_per_pitch": 0.1,
      "active_spin_percent": 84.5
    }
  ]
}