{
  "pitcher_id": "643511",
  "pitcher_name": "Tyler Rogers",
  "pitches": [
    {
      "code": "SI",
      "title": "sinker",
      "color": "#FE9E00",
      "count": 729,
      "pitch_percent": 0.745398773006135,
      "rhh_percent": 0.6441351888667992,
      "lhh_percent": 0.8526315789473684,
      "start_speed": 83.48710562414271,
      "max_start_speed": 86,
      "ivb": -13.010699588477367,
      "hb": 1.4838134430727024,
      "release_pos_z": 1.3193072845749585,
      "release_pos_x": 3.816202966366048,
      "extension": 6.079666869797143,
      "pitches": 727,
      "whiffs": 51,
      "swings": 410,
      "spin_rate": 1973,
      "swing_miss_percent": 12.4,
      "arm_angle": -61.3,
      "barrels_per_pa_percent": 1.345291479820628,
      "hardhit_percent": 36.84210526315789,
      "whiffs_per_pitch": 0.07015130674002751,
      "active_spin_percent": 73.6
    },
    {
      "code": "SL",
      "title": "slider",
      "color": "#EEE716",
      "count": 249,
      "pitch_percent": 0.254601226993865,
      "rhh_percent": 0.3558648111332008,
      "lhh_percent": 0.14736842105263157,
      "start_speed": 74.05662650602403,
      "max_start_speed": 75.9,
      "ivb": 13.845381526104418,
      "hb": -10.915261044176713,
      "release_pos_z": 1.360440517129074,
      "release_pos_x": 3.8146431566591223,
      "extension": 6.0505709800476914,
      "pitches": 249,
      "whiffs": 34,
      "swings": 122,
      "spin_rate": 2425,
      "swing_miss_percent": 27.9,
      "arm_angle": -58.6,
      "barrels_per_pa_percent": 2.7027027027027026,
      "hardhit_percent": 20.833333333333336,
      "whiffs_per_pitch": 0.13654618473895583,
      "active_spin_percent": 59.3
    }
  ]
}