{
  "pitcher_id": "647315",
  "pitcher_name": "Zach Pop",
  "pitches": [
    {
      "code": "SI",
      "title": "sinker",
      "color": "#FE9E00",
      "count": 70,
      "pitch_percent": 0.5511811023622047,
      "rhh_percent": 0.5974025974025974,
      "lhh_percent": 0.48,
      "start_speed": 96.38285714285715,
      "max_start_speed": 98.4,
      "ivb": 6.281428571428571,
      "hb": 16.998571428571424,
      "release_pos_z": 5.629940002139003,
      "release_pos_x": 2.1812621099822542,
      "extension": 6.51207250968989,
      "pitches": 70,
      "whiffs": 4,
      "swings": 36,
      "spin_rate": 2206,
      "swing_miss_percent": 11.1,
      "arm_angle": 30.6,
      "barrels_per_pa_percent": 10.344827586206897,
      "hardhit_percent": 72,
      "whiffs_per_pitch": 0.05714285714285714,
      "active_spin_percent": 85
    },
    {
      "code": "SL",
      "title": "slider",
      "color": "#EEE716",
      "count": 31,
      "pitch_percent": 0.2440944881889764,
      "rhh_percent": 0.2597402597402597,
      "lhh_percent": 0.22,
      "start_speed": 85.29677419354842,
      "max_start_speed": 88.6,
      "ivb": -4.396774193548388,
      "hb": -6.967741935483874,
      "release_pos_z": 5.356425491832006,
      "release_pos_x": 2.4708351664058834,
      "extension": 6.487946599473006,
      "pitches": 31,
      "whiffs": 2,
      "swings": 10,
      "spin_rate": 2717,
      "swing_miss_percent": 20,
      "arm_angle": 25.2,
      "barrels_per_pa_percent": 0,
      "hardhit_percent": 0,
      "whiffs_per_pitch": 0.06451612903225806,
      "active_spin_percent": 47.5
    },
    {
      "code": "FC",
      "title": "cutter",
      "color": "#933F2C",
      "count": 26,
      "pitch_percent": 0.2047244094488189,
      "rhh_percent": 0.14285714285714285,
      "lhh_percent": 0.3,
      "start_speed": 93.41538461538462,
      "max_start_speed": 95.6,
      "ivb": 7.81153846153846,
      "hb": 1.4153846153846155,
      "release_pos_z": 5.666764773240105,
      "release_pos_x": 2.2497902679010826,
      "extension": 6.4396441804377105,
      "pitches": 26,
      "whiffs": 3,
      "swings": 12,
      "spin_rate": 2288,
      "swing_miss_percent": 25,
      "arm_angle": 31,
      "barrels_per_pa_percent": 33.33333333333333,
      "hardhit_percent": 80,
      "whiffs_per_pitch": 0.11538461538461539,
      "active_spin_percent": 51.7
    }
  ]
}