{
  "pitcher_id": "650556",
  "pitcher_name": "Bryan Abreu",
  "pitches": [
    {
      "code": "FF",
      "title": "four-seam fastball",
      "color": "#D22D49",
      "count": 594,
      "pitch_percent": 0.49957947855340623,
      "rhh_percent": 0.487256371814093,
      "lhh_percent": 0.5153256704980843,
      "start_speed": 97.29629629629633,
      "max_start_speed": 100.5,
      "ivb": 16.59915824915827,
      "hb": 6.552693602693596,
      "release_pos_z": 5.546592363487158,
      "release_pos_x": 2.403769832818363,
      "extension": 6.633259826795417,
      "pitches": 594,
      "whiffs": 99,
      "swings": 272,
      "spin_rate": 2314,
      "swing_miss_percent": 36.4,
      "arm_angle": 39,
      "barrels_per_pa_percent": 4.651162790697675,
      "hardhit_percent": 49.275362318840585,
      "whiffs_per_pitch": 0.16666666666666666,
      "active_spin_percent": 86.9
    },
    {
      "code": "SL",
      "title": "slider",
      "color": "#EEE716",
      "count": 576,
      "pitch_percent": 0.48444070647603027,
      "rhh_percent": 0.4917541229385307,
      "lhh_percent": 0.47509578544061304,
      "start_speed": 86.49583333333327,
      "max_start_speed": 90.8,
      "ivb": -6.084895833333332,
      "hb": -8.439409722222223,
      "release_pos_z": 5.740998017357763,
      "release_pos_x": 2.588773315701742,
      "extension": 6.491841238294395,
      "pitches": 575,
      "whiffs": 125,
      "swings": 270,
      "spin_rate": 2924,
      "swing_miss_percent": 46.3,
      "arm_angle": 42.7,
      "barrels_per_pa_percent": 4.3478260869565215,
      "hardhit_percent": 43.373493975903614,
      "whiffs_per_pitch": 0.21739130434782608,
      "active_spin_percent": 58
    },
    {
      "code": "SI",
      "title": "sinker",
      "color": "#FE9E00",
      "count": 14,
      "pitch_percent": 0.011774600504625737,
      "rhh_percent": 0.020989505247376312,
      "lhh_percent": 0,
      "start_speed": 95.95000000000002,
      "max_start_speed": 97.1,
      "ivb": 11.542857142857143,
      "hb": 16.37142857142857,
      "release_pos_z": 5.29156666300326,
      "release_pos_x": 2.7096412304915987,
      "extension": 6.642402438262413,
      "pitches": 14,
      "whiffs": 2,
      "swings": 6,
      "spin_rate": 2171,
      "swing_miss_percent": 33.3,
      "arm_angle": 34,
      "barrels_per_pa_percent": 0,
      "hardhit_percent": 50,
      "whiffs_per_pitch": 0.14285714285714285,
      "active_spin_percent": 88.4
    },
    {
      "code": "CH",
      "title": "changeup",
      "color": "#1DBF3A",
      "count": 5,
      "pitch_percent": 0.004205214465937763,
      "rhh_percent": 0,
      "lhh_percent": 0.009578544061302681,
      "start_speed": 91.22,
      "max_start_speed": 92.8,
      "ivb": 5.18,
      "hb": 16,
      "release_pos_z": 5.41684898732281,
      "release_pos_x": 2.5895480490655425,
      "extension": 6.691492095978425,
      "pitches": 5,
      "whiffs": 0,
      "swings": 0,
      "spin_rate": 1729,
      "swing_miss_percent": null,
      "arm_angle": 34.9,
      "barrels_per_pa_percent": null,
      "hardhit_percent": null,
      "whiffs_per_pitch": 0,
      "active_spin_percent": null
    }
  ]
}