{
  "pitcher_id": "650633",
  "pitcher_name": "Michael King",
  "pitches": [
    {
      "code": "SI",
      "title": "sinker",
      "color": "#FE9E00",
      "count": 360,
      "pitch_percent": 0.29532403609515995,
      "rhh_percent": 0.37969924812030076,
      "lhh_percent": 0.22998544395924309,
      "start_speed": 92.66361111111104,
      "max_start_speed": 95.2,
      "ivb": 4.335277777777779,
      "hb": 18.7075,
      "release_pos_z": 5.407130960074283,
      "release_pos_x": 3.167707978448985,
      "extension": 6.041773931394771,
      "pitches": 360,
      "whiffs": 21,
      "swings": 137,
      "spin_rate": 2288,
      "swing_miss_percent": 15.3,
      "arm_angle": 23.5,
      "barrels_per_pa_percent": 5.154639175257731,
      "hardhit_percent": 40.32258064516129,
      "whiffs_per_pitch": 0.058333333333333334,
      "active_spin_percent": 77.3
    },
    {
      "code": "FF",
      "title": "four-seam fastball",
      "color": "#D22D49",
      "count": 297,
      "pitch_percent": 0.24364232977850697,
      "rhh_percent": 0.18233082706766918,
      "lhh_percent": 0.29112081513828236,
      "start_speed": 93.70134680134672,
      "max_start_speed": 96.3,
      "ivb": 16.730976430976433,
      "hb": 7.488215488215488,
      "release_pos_z": 5.783869273375289,
      "release_pos_x": 2.9197837481589675,
      "extension": 5.990259084438084,
      "pitches": 296,
      "whiffs": 39,
      "swings": 129,
      "spin_rate": 2368,
      "swing_miss_percent": 30.2,
      "arm_angle": 35,
      "barrels_per_pa_percent": 19.230769230769234,
      "hardhit_percent": 58.06451612903226,
      "whiffs_per_pitch": 0.13175675675675674,
      "active_spin_percent": 84.8
    },
    {
      "code": "CH",
      "title": "changeup",
      "color": "#1DBF3A",
      "count": 261,
      "pitch_percent": 0.21410992616899097,
      "rhh_percent": 0.07894736842105263,
      "lhh_percent": 0.31877729257641924,
      "start_speed": 86.76590038314177,
      "max_start_speed": 89.3,
      "ivb": 4.822605363984673,
      "hb": 19.28659003831417,
      "release_pos_z": 5.278292892184423,
      "release_pos_x": 3.227950919430089,
      "extension": 6.115103180692499,
      "pitches": 261,
      "whiffs": 43,
      "swings": 150,
      "spin_rate": 2014,
      "swing_miss_percent": 28.7,
      "arm_angle": 20,
      "barrels_per_pa_percent": 4.444444444444445,
      "hardhit_percent": 27.692307692307693,
      "whiffs_per_pitch": 0.16475095785440613,
      "active_spin_percent": 96.7
    },
    {
      "code": "ST",
      "title": "sweeper",
      "color": "#DDB43A",
      "count": 231,
      "pitch_percent": 0.18949958982772763,
      "rhh_percent": 0.24812030075187969,
      "lhh_percent": 0.14410480349344978,
      "start_speed": 82.2441558441558,
      "max_start_speed": 85.6,
      "ivb": 3.1125541125541107,
      "hb": -14.887012987012987,
      "release_pos_z": 5.525873955188849,
      "release_pos_x": 3.1100670958612415,
      "extension": 5.972606591173986,
      "pitches": 231,
      "whiffs": 29,
      "swings": 93,
      "spin_rate": 2778,
      "swing_miss_percent": 31.2,
      "arm_angle": 27.8,
      "barrels_per_pa_percent": 8.51063829787234,
      "hardhit_percent": 28.57142857142857,
      "whiffs_per_pitch": 0.12554112554112554,
      "active_spin_percent": 52.6
    },
    {
      "code": "SL",
      "title": "slider",
      "color": "#EEE716",
      "count": 70,
      "pitch_percent": 0.05742411812961444,
      "rhh_percent": 0.11090225563909774,
      "lhh_percent": 0.01601164483260553,
      "start_speed": 83.7585714285714,
      "max_start_speed": 86.8,
      "ivb": -1.0799999999999998,
      "hb": -4.4857142857142875,
      "release_pos_z": 5.525264466538356,
      "release_pos_x": 3.058640829194891,
      "extension": 6.023738117822177,
      "pitches": 70,
      "whiffs": 7,
      "swings": 28,
      "spin_rate": 2495,
      "swing_miss_percent": 25,
      "arm_angle": 28.5,
      "barrels_per_pa_percent": 0,
      "hardhit_percent": 53.333333333333336,
      "whiffs_per_pitch": 0.1,
      "active_spin_percent": 31.8
    }
  ]
}