{
  "pitcher_id": "656302",
  "pitcher_name": "Dylan Cease",
  "pitches": [
    {
      "code": "FF",
      "title": "four-seam fastball",
      "color": "#D22D49",
      "count": 1252,
      "pitch_percent": 0.41170667543571193,
      "rhh_percent": 0.3880890052356021,
      "lhh_percent": 0.4355584930601454,
      "start_speed": 97.12188498402567,
      "max_start_speed": 100.4,
      "ivb": 18.535303514377016,
      "hb": 3.579872204472846,
      "release_pos_z": 6.238446064447685,
      "release_pos_x": 1.3145781912653387,
      "extension": 6.38484772592857,
      "pitches": 1281,
      "whiffs": 168,
      "swings": 651,
      "spin_rate": 2550,
      "swing_miss_percent": 25.8,
      "arm_angle": 53.4,
      "barrels_per_pa_percent": 5.111821086261981,
      "hardhit_percent": 40.72164948453608,
      "whiffs_per_pitch": 0.13114754098360656,
      "active_spin_percent": 88.9
    },
    {
      "code": "SL",
      "title": "slider",
      "color": "#EEE716",
      "count": 1245,
      "pitch_percent": 0.40940480105228544,
      "rhh_percent": 0.4535340314136126,
      "lhh_percent": 0.3648380700594845,
      "start_speed": 89.06755020080315,
      "max_start_speed": 92.5,
      "ivb": 3.3110040160642598,
      "hb": -1.2620080321285145,
      "release_pos_z": 6.049488276814206,
      "release_pos_x": 1.505862461372889,
      "extension": 6.346237006850273,
      "pitches": 1246,
      "whiffs": 280,
      "swings": 653,
      "spin_rate": 2763,
      "swing_miss_percent": 42.9,
      "arm_angle": 48.5,
      "barrels_per_pa_percent": 4.545454545454546,
      "hardhit_percent": 35.54216867469879,
      "whiffs_per_pitch": 0.2247191011235955,
      "active_spin_percent": 24.9
    },
    {
      "code": "KC",
      "title": "knuckle curve",
      "color": "#6236CD",
      "count": 252,
      "pitch_percent": 0.08286747780335416,
      "rhh_percent": 0.03337696335078534,
      "lhh_percent": 0.13284864507600794,
      "start_speed": 82.27738095238094,
      "max_start_speed": 87.1,
      "ivb": -15.591666666666665,
      "hb": -3.0646825396825372,
      "release_pos_z": 6.107584992044388,
      "release_pos_x": 1.394869765040174,
      "extension": 6.366336402436751,
      "pitches": 253,
      "whiffs": 26,
      "swings": 70,
      "spin_rate": 2746,
      "swing_miss_percent": 37.1,
      "arm_angle": 53.2,
      "barrels_per_pa_percent": 11.428571428571429,
      "hardhit_percent": 61.904761904761905,
      "whiffs_per_pitch": 0.10276679841897234,
      "active_spin_percent": null
    },
    {
      "code": "SI",
      "title": "sinker",
      "color": "#FE9E00",
      "count": 152,
      "pitch_percent": 0.049983558040118385,
      "rhh_percent": 0.06479057591623037,
      "lhh_percent": 0.03502974223397224,
      "start_speed": 96.05065789473689,
      "max_start_speed": 98.6,
      "ivb": 14.998684210526317,
      "hb": 10.63355263157895,
      "release_pos_z": 6.215058222617864,
      "release_pos_x": 1.3312737352073316,
      "extension": 6.437036933733129,
      "pitches": 119,
      "whiffs": 8,
      "swings": 61,
      "spin_rate": 2478,
      "swing_miss_percent": 13.1,
      "arm_angle": 55.2,
      "barrels_per_pa_percent": 6.25,
      "hardhit_percent": 32,
      "whiffs_per_pitch": 0.06722689075630252,
      "active_spin_percent": 82.7
    },
    {
      "code": "ST",
      "title": "sweeper",
      "color": "#DDB43A",
      "count": 106,
      "pitch_percent": 0.03485695494902993,
      "rhh_percent": 0.060209424083769635,
      "lhh_percent": 0.009253139458030404,
      "start_speed": 84.30188679245285,
      "max_start_speed": 87.4,
      "ivb": -7.924528301886792,
      "hb": -11.60471698113207,
      "release_pos_z": 5.976482319575412,
      "release_pos_x": 1.659985795019261,
      "extension": 6.348646150798824,
      "pitches": 108,
      "whiffs": 12,
      "swings": 46,
      "spin_rate": 2914,
      "swing_miss_percent": 26.1,
      "arm_angle": 47,
      "barrels_per_pa_percent": 4.3478260869565215,
      "hardhit_percent": 12.5,
      "whiffs_per_pitch": 0.1111111111111111,
      "active_spin_percent": 60.1
    },
    {
      "code": "CH",
      "title": "changeup",
      "color": "#1DBF3A",
      "count": 34,
      "pitch_percent": 0.011180532719500164,
      "rhh_percent": 0,
      "lhh_percent": 0.02247191011235955,
      "start_speed": 77.25294117647059,
      "max_start_speed": 80.7,
      "ivb": 17.88823529411765,
      "hb": 8.55294117647059,
      "release_pos_z": 6.150685182291497,
      "release_pos_x": 1.0634339786975082,
      "extension": 6.426220264534516,
      "pitches": 34,
      "whiffs": 7,
      "swings": 14,
      "spin_rate": 1681,
      "swing_miss_percent": 50,
      "arm_angle": 60.4,
      "barrels_per_pa_percent": 0,
      "hardhit_percent": 0,
      "whiffs_per_pitch": 0.20588235294117646,
      "active_spin_percent": 92.6
    }
  ]
}