{
  "pitcher_id": "656848",
  "pitcher_name": "Michael Petersen",
  "pitches": [
    {
      "code": "FF",
      "title": "four-seam fastball",
      "color": "#D22D49",
      "count": 183,
      "pitch_percent": 0.5562310030395137,
      "rhh_percent": 0.5123456790123457,
      "lhh_percent": 0.5988023952095808,
      "start_speed": 97.50546448087434,
      "max_start_speed": 100.4,
      "ivb": 18.42295081967213,
      "hb": 7.7092896174863395,
      "release_pos_z": 6.531769651791592,
      "release_pos_x": 0.9703899241288938,
      "extension": 6.4406212194076415,
      "pitches": 182,
      "whiffs": 28,
      "swings": 116,
      "spin_rate": 2312,
      "swing_miss_percent": 24.1,
      "arm_angle": 52.2,
      "barrels_per_pa_percent": 9.090909090909092,
      "hardhit_percent": 55.88235294117647,
      "whiffs_per_pitch": 0.15384615384615385,
      "active_spin_percent": 99
    },
    {
      "code": "FC",
      "title": "cutter",
      "color": "#933F2C",
      "count": 135,
      "pitch_percent": 0.41033434650455924,
      "rhh_percent": 0.48148148148148145,
      "lhh_percent": 0.3413173652694611,
      "start_speed": 89.21703703703697,
      "max_start_speed": 92.6,
      "ivb": 3.4918518518518513,
      "hb": -3.1274074074074085,
      "release_pos_z": 6.21321771175441,
      "release_pos_x": 1.5077676194158398,
      "extension": 6.521412179160528,
      "pitches": 135,
      "whiffs": 13,
      "swings": 53,
      "spin_rate": 2302,
      "swing_miss_percent": 24.5,
      "arm_angle": 44.8,
      "barrels_per_pa_percent": 6.451612903225806,
      "hardhit_percent": 47.368421052631575,
      "whiffs_per_pitch": 0.0962962962962963,
      "active_spin_percent": 29.2
    },
    {
      "code": "SI",
      "title": "sinker",
      "color": "#FE9E00",
      "count": 8,
      "pitch_percent": 0.0243161094224924,
      "rhh_percent": 0.006172839506172839,
      "lhh_percent": 0.041916167664670656,
      "start_speed": 97.12499999999999,
      "max_start_speed": 97.7,
      "ivb": 14.037500000000001,
      "hb": 14.187499999999998,
      "release_pos_z": 6.40476431714628,
      "release_pos_x": 1.432399355236163,
      "extension": 6.506684307546767,
      "pitches": 8,
      "whiffs": 1,
      "swings": 5,
      "spin_rate": 2352,
      "swing_miss_percent": 20,
      "arm_angle": 45.7,
      "barrels_per_pa_percent": 0,
      "hardhit_percent": 100,
      "whiffs_per_pitch": 0.125,
      "active_spin_percent": null
    },
    {
      "code": "CU",
      "title": "curveball",
      "color": "#00D2ED",
      "count": 2,
      "pitch_percent": 0.0060790273556231,
      "rhh_percent": 0,
      "lhh_percent": 0.011976047904191617,
      "start_speed": 83.7,
      "max_start_speed": 84.4,
      "ivb": -13.75,
      "hb": -8.9,
      "release_pos_z": 6.211171952191761,
      "release_pos_x": 1.3995661020715695,
      "extension": 5.747900056144928,
      "active_spin_percent": null
    },
    {
      "code": "CH",
      "title": "changeup",
      "color": "#1DBF3A",
      "count": 1,
      "pitch_percent": 0.00303951367781155,
      "rhh_percent": 0,
      "lhh_percent": 0.005988023952095809,
      "start_speed": 86.7,
      "max_start_speed": 86.7,
      "ivb": 11.4,
      "hb": 13.2,
      "release_pos_z": 6.163108160838223,
      "release_pos_x": 1.6808496272352338,
      "extension": 6.604888982670843,
      "pitches": 1,
      "whiffs": 0,
      "swings": 0,
      "spin_rate": 1632,
      "swing_miss_percent": null,
      "arm_angle": 43,
      "barrels_per_pa_percent": null,
      "hardhit_percent": null,
      "whiffs_per_pitch": 0,
      "active_spin_percent": null
    }
  ]
}