{
  "pitcher_id": "657571",
  "pitcher_name": "Caleb Ferguson",
  "pitches": [
    {
      "code": "FF",
      "title": "four-seam fastball",
      "color": "#D22D49",
      "count": 329,
      "pitch_percent": 0.31573896353166986,
      "rhh_percent": 0.39182282793867124,
      "lhh_percent": 0.2175824175824176,
      "start_speed": 93.95075987841948,
      "max_start_speed": 95.8,
      "ivb": 15.624620060790274,
      "hb": 4.928571428571428,
      "release_pos_z": 5.917043351026111,
      "release_pos_x": 2.260959381621989,
      "extension": 6.372003722287783,
      "pitches": 323,
      "whiffs": 35,
      "swings": 160,
      "spin_rate": 2307,
      "swing_miss_percent": 21.9,
      "arm_angle": 45.3,
      "barrels_per_pa_percent": 3.571428571428571,
      "hardhit_percent": 32.72727272727273,
      "whiffs_per_pitch": 0.10835913312693499,
      "active_spin_percent": 84.9
    },
    {
      "code": "FC",
      "title": "cutter",
      "color": "#933F2C",
      "count": 244,
      "pitch_percent": 0.23416506717850288,
      "rhh_percent": 0.22657580919931858,
      "lhh_percent": 0.24395604395604395,
      "start_speed": 88.63442622950822,
      "max_start_speed": 91.8,
      "ivb": 4.58893442622951,
      "hb": -2.8200819672131145,
      "release_pos_z": 5.850081840898512,
      "release_pos_x": 2.3184375991394104,
      "extension": 6.381099990300185,
      "pitches": 243,
      "whiffs": 31,
      "swings": 134,
      "spin_rate": 2634,
      "swing_miss_percent": 23.1,
      "arm_angle": 44.4,
      "barrels_per_pa_percent": 2.9850746268656714,
      "hardhit_percent": 37.5,
      "whiffs_per_pitch": 0.12757201646090535,
      "active_spin_percent": 27.3
    },
    {
      "code": "SI",
      "title": "sinker",
      "color": "#FE9E00",
      "count": 242,
      "pitch_percent": 0.23224568138195778,
      "rhh_percent": 0.05281090289608177,
      "lhh_percent": 0.46373626373626375,
      "start_speed": 93.88636363636357,
      "max_start_speed": 95.8,
      "ivb": 11.311157024793392,
      "hb": 14.709917355371896,
      "release_pos_z": 5.881560615402382,
      "release_pos_x": 2.2925402317973007,
      "extension": 6.385567348244147,
      "pitches": 245,
      "whiffs": 18,
      "swings": 111,
      "spin_rate": 2289,
      "swing_miss_percent": 16.2,
      "arm_angle": 44.6,
      "barrels_per_pa_percent": 0,
      "hardhit_percent": 17.02127659574468,
      "whiffs_per_pitch": 0.07346938775510205,
      "active_spin_percent": 82.5
    },
    {
      "code": "SV",
      "title": "slurve",
      "color": "#93AFD4",
      "count": 227,
      "pitch_percent": 0.21785028790786948,
      "rhh_percent": 0.3287904599659284,
      "lhh_percent": 0.07472527472527472,
      "start_speed": 80.46211453744495,
      "max_start_speed": 83.4,
      "ivb": -11.965638766519827,
      "hb": -8.890308370044048,
      "release_pos_z": 5.93976056797434,
      "release_pos_x": 2.293956660992299,
      "extension": 6.284881815838872,
      "pitches": 227,
      "whiffs": 23,
      "swings": 90,
      "spin_rate": 3012,
      "swing_miss_percent": 25.6,
      "arm_angle": 46.8,
      "barrels_per_pa_percent": 1.8181818181818181,
      "hardhit_percent": 25,
      "whiffs_per_pitch": 0.1013215859030837,
      "active_spin_percent": 64.9
    }
  ]
}