{
  "pitcher_id": "657756",
  "pitcher_name": "Connor Seabold",
  "pitches": [
    {
      "code": "FF",
      "title": "four-seam fastball",
      "color": "#D22D49",
      "count": 94,
      "pitch_percent": 0.5081081081081081,
      "rhh_percent": 0.52,
      "lhh_percent": 0.5,
      "start_speed": 92.42127659574464,
      "max_start_speed": 94.8,
      "ivb": 14.22553191489362,
      "hb": 12.981914893617024,
      "release_pos_z": 5.23661530818827,
      "release_pos_x": 2.9076037058238553,
      "extension": 6.060956792415703,
      "pitches": 94,
      "whiffs": 12,
      "swings": 55,
      "spin_rate": 2175,
      "swing_miss_percent": 21.8,
      "arm_angle": 23.8,
      "barrels_per_pa_percent": 9.090909090909092,
      "hardhit_percent": 41.66666666666667,
      "whiffs_per_pitch": 0.1276595744680851,
      "active_spin_percent": 99.1
    },
    {
      "code": "CH",
      "title": "changeup",
      "color": "#1DBF3A",
      "count": 49,
      "pitch_percent": 0.2648648648648649,
      "rhh_percent": 0.12,
      "lhh_percent": 0.36363636363636365,
      "start_speed": 81.65102040816325,
      "max_start_speed": 84.5,
      "ivb": -2.5734693877551025,
      "hb": 16.055102040816326,
      "release_pos_z": 4.97753571802086,
      "release_pos_x": 3.004220876559055,
      "extension": 6.307126960848929,
      "pitches": 49,
      "whiffs": 5,
      "swings": 22,
      "spin_rate": 2299,
      "swing_miss_percent": 22.7,
      "arm_angle": 18,
      "barrels_per_pa_percent": 17.647058823529413,
      "hardhit_percent": 50,
      "whiffs_per_pitch": 0.10204081632653061,
      "active_spin_percent": 82
    },
    {
      "code": "SL",
      "title": "slider",
      "color": "#EEE716",
      "count": 35,
      "pitch_percent": 0.1891891891891892,
      "rhh_percent": 0.26666666666666666,
      "lhh_percent": 0.13636363636363635,
      "start_speed": 86.44285714285715,
      "max_start_speed": 88.8,
      "ivb": 8.822857142857142,
      "hb": -0.7057142857142858,
      "release_pos_z": 5.1608501299300045,
      "release_pos_x": 3.0256547532144165,
      "extension": 5.877319007523358,
      "pitches": 35,
      "whiffs": 3,
      "swings": 15,
      "spin_rate": 2380,
      "swing_miss_percent": 20,
      "arm_angle": 21.7,
      "barrels_per_pa_percent": 0,
      "hardhit_percent": 50,
      "whiffs_per_pitch": 0.08571428571428572,
      "active_spin_percent": 46
    },
    {
      "code": "ST",
      "title": "sweeper",
      "color": "#DDB43A",
      "count": 7,
      "pitch_percent": 0.03783783783783784,
      "rhh_percent": 0.09333333333333334,
      "lhh_percent": 0,
      "start_speed": 81.88571428571429,
      "max_start_speed": 84.6,
      "ivb": 1.9571428571428573,
      "hb": -6.014285714285714,
      "release_pos_z": 5.0303273093967125,
      "release_pos_x": 3.14108661015539,
      "extension": 5.783441919220688,
      "pitches": 7,
      "whiffs": 1,
      "swings": 4,
      "spin_rate": 2575,
      "swing_miss_percent": 25,
      "arm_angle": 20.3,
      "barrels_per_pa_percent": 0,
      "hardhit_percent": 0,
      "whiffs_per_pitch": 0.14285714285714285,
      "active_spin_percent": null
    }
  ]
}