{
  "pitcher_id": "660761",
  "pitcher_name": "José Suarez",
  "pitches": [
    {
      "code": "FF",
      "title": "four-seam fastball",
      "color": "#D22D49",
      "count": 123,
      "pitch_percent": 0.41694915254237286,
      "rhh_percent": 0.41935483870967744,
      "lhh_percent": 0.4142857142857143,
      "start_speed": 93.42682926829268,
      "max_start_speed": 95.7,
      "ivb": 17.850406504065045,
      "hb": 8.352032520325205,
      "release_pos_z": 5.6783952628683805,
      "release_pos_x": 2.0685720135813814,
      "extension": 6.060263909110111,
      "pitches": 123,
      "whiffs": 14,
      "swings": 45,
      "spin_rate": 2417,
      "swing_miss_percent": 31.1,
      "arm_angle": 39.5,
      "barrels_per_pa_percent": 3.8461538461538463,
      "hardhit_percent": 58.82352941176471,
      "whiffs_per_pitch": 0.11382113821138211,
      "active_spin_percent": 93.1
    },
    {
      "code": "CH",
      "title": "changeup",
      "color": "#1DBF3A",
      "count": 84,
      "pitch_percent": 0.2847457627118644,
      "rhh_percent": 0.432258064516129,
      "lhh_percent": 0.12142857142857143,
      "start_speed": 83.34166666666664,
      "max_start_speed": 85.8,
      "ivb": 3.1976190476190487,
      "hb": 15.192857142857143,
      "release_pos_z": 5.64816564088149,
      "release_pos_x": 2.1291417889172477,
      "extension": 6.17376591757904,
      "pitches": 84,
      "whiffs": 18,
      "swings": 44,
      "spin_rate": 1589,
      "swing_miss_percent": 40.9,
      "arm_angle": 41.3,
      "barrels_per_pa_percent": 3.571428571428571,
      "hardhit_percent": 44.44444444444444,
      "whiffs_per_pitch": 0.21428571428571427,
      "active_spin_percent": 86.1
    },
    {
      "code": "SL",
      "title": "slider",
      "color": "#EEE716",
      "count": 62,
      "pitch_percent": 0.21016949152542372,
      "rhh_percent": 0.14193548387096774,
      "lhh_percent": 0.2857142857142857,
      "start_speed": 82.31290322580648,
      "max_start_speed": 85.8,
      "ivb": 0.053225806451612886,
      "hb": -6.654838709677421,
      "release_pos_z": 5.65395021978735,
      "release_pos_x": 2.2149027060151267,
      "extension": 6.057826935961055,
      "pitches": 61,
      "whiffs": 8,
      "swings": 28,
      "spin_rate": 2871,
      "swing_miss_percent": 28.6,
      "arm_angle": 40.8,
      "barrels_per_pa_percent": 14.285714285714285,
      "hardhit_percent": 54.54545454545454,
      "whiffs_per_pitch": 0.13114754098360656,
      "active_spin_percent": 30.2
    },
    {
      "code": "SI",
      "title": "sinker",
      "color": "#FE9E00",
      "count": 20,
      "pitch_percent": 0.06779661016949153,
      "rhh_percent": 0,
      "lhh_percent": 0.14285714285714285,
      "start_speed": 92.92499999999998,
      "max_start_speed": 94.3,
      "ivb": 12.624999999999998,
      "hb": 16.354999999999997,
      "release_pos_z": 5.679950169662626,
      "release_pos_x": 2.070739551164329,
      "extension": 6.111164144786833,
      "pitches": 20,
      "whiffs": 1,
      "swings": 8,
      "spin_rate": 2326,
      "swing_miss_percent": 12.5,
      "arm_angle": 40,
      "barrels_per_pa_percent": 0,
      "hardhit_percent": 66.66666666666666,
      "whiffs_per_pitch": 0.05,
      "active_spin_percent": 91.2
    },
    {
      "code": "CU",
      "title": "curveball",
      "color": "#00D2ED",
      "count": 6,
      "pitch_percent": 0.020338983050847456,
      "rhh_percent": 0.0064516129032258064,
      "lhh_percent": 0.03571428571428571,
      "start_speed": 76.23333333333333,
      "max_start_speed": 77.7,
      "ivb": -4.3,
      "hb": -14.466666666666667,
      "release_pos_z": 5.729531277452632,
      "release_pos_x": 2.2943936118795167,
      "extension": 6.0186045787328455,
      "pitches": 6,
      "whiffs": 3,
      "swings": 5,
      "spin_rate": 2873,
      "swing_miss_percent": 60,
      "arm_angle": 42.6,
      "barrels_per_pa_percent": 0,
      "hardhit_percent": 50,
      "whiffs_per_pitch": 0.5,
      "active_spin_percent": null
    }
  ]
}