{
  "pitcher_id": "660896",
  "pitcher_name": "Jorge Alcala",
  "pitches": [
    {
      "code": "FF",
      "title": "four-seam fastball",
      "color": "#D22D49",
      "count": 486,
      "pitch_percent": 0.45935727788279773,
      "rhh_percent": 0.4028436018957346,
      "lhh_percent": 0.5435294117647059,
      "start_speed": 97.36604938271616,
      "max_start_speed": 100.9,
      "ivb": 17.76440329218106,
      "hb": 8.885390946502062,
      "release_pos_z": 6.631075740420426,
      "release_pos_x": 2.0341707028556493,
      "extension": 5.818920488708908,
      "pitches": 490,
      "whiffs": 71,
      "swings": 245,
      "spin_rate": 2482,
      "swing_miss_percent": 29,
      "arm_angle": 50.9,
      "barrels_per_pa_percent": 7.476635514018691,
      "hardhit_percent": 45.45454545454545,
      "whiffs_per_pitch": 0.14489795918367346,
      "active_spin_percent": 95.2
    },
    {
      "code": "CU",
      "title": "curveball",
      "color": "#00D2ED",
      "count": 246,
      "pitch_percent": 0.23251417769376181,
      "rhh_percent": 0.20537124802527645,
      "lhh_percent": 0.27294117647058824,
      "start_speed": 85.38536585365851,
      "max_start_speed": 89.4,
      "ivb": -4.829268292682928,
      "hb": -3.9658536585365876,
      "release_pos_z": 6.648070776624174,
      "release_pos_x": 1.9519234514272557,
      "extension": 5.871760238687203,
      "pitches": 245,
      "whiffs": 23,
      "swings": 103,
      "spin_rate": 2598,
      "swing_miss_percent": 22.3,
      "arm_angle": 53.9,
      "barrels_per_pa_percent": 4.615384615384616,
      "hardhit_percent": 27.27272727272727,
      "whiffs_per_pitch": 0.09387755102040816,
      "active_spin_percent": 43.1
    },
    {
      "code": "SL",
      "title": "slider",
      "color": "#EEE716",
      "count": 163,
      "pitch_percent": 0.15406427221172023,
      "rhh_percent": 0.1674565560821485,
      "lhh_percent": 0.13411764705882354,
      "start_speed": 89.89386503067482,
      "max_start_speed": 94.4,
      "ivb": 4.917791411042944,
      "hb": -3.2822085889570554,
      "release_pos_z": 6.588720082405795,
      "release_pos_x": 2.1567471361381476,
      "extension": 5.901628070678311,
      "pitches": 163,
      "whiffs": 15,
      "swings": 76,
      "spin_rate": 2482,
      "swing_miss_percent": 19.7,
      "arm_angle": 48.9,
      "barrels_per_pa_percent": 7.5,
      "hardhit_percent": 42.30769230769231,
      "whiffs_per_pitch": 0.09202453987730061,
      "active_spin_percent": 31.4
    },
    {
      "code": "SI",
      "title": "sinker",
      "color": "#FE9E00",
      "count": 143,
      "pitch_percent": 0.13516068052930058,
      "rhh_percent": 0.22274881516587677,
      "lhh_percent": 0.004705882352941176,
      "start_speed": 96.81398601398605,
      "max_start_speed": 99.7,
      "ivb": 12.018881118881117,
      "hb": 14.957342657342656,
      "release_pos_z": 6.622614774625392,
      "release_pos_x": 1.8577898455331185,
      "extension": 5.863771123851129,
      "pitches": 137,
      "whiffs": 18,
      "swings": 67,
      "spin_rate": 2228,
      "swing_miss_percent": 26.9,
      "arm_angle": 50.6,
      "barrels_per_pa_percent": 9.090909090909092,
      "hardhit_percent": 38.095238095238095,
      "whiffs_per_pitch": 0.13138686131386862,
      "active_spin_percent": 92.3
    },
    {
      "code": "CH",
      "title": "changeup",
      "color": "#1DBF3A",
      "count": 20,
      "pitch_percent": 0.01890359168241966,
      "rhh_percent": 0.001579778830963665,
      "lhh_percent": 0.04470588235294118,
      "start_speed": 90.47000000000001,
      "max_start_speed": 92,
      "ivb": 12.514999999999997,
      "hb": 14.75,
      "release_pos_z": 6.534730271524522,
      "release_pos_x": 2.457534387092472,
      "extension": 5.924536403597335,
      "pitches": 20,
      "whiffs": 2,
      "swings": 7,
      "spin_rate": 2400,
      "swing_miss_percent": 28.6,
      "arm_angle": 45.9,
      "barrels_per_pa_percent": 12.5,
      "hardhit_percent": 20,
      "whiffs_per_pitch": 0.1,
      "active_spin_percent": 94.5
    }
  ]
}