{
  "pitcher_id": "661395",
  "pitcher_name": "Jhoan Duran",
  "pitches": [
    {
      "code": "FS",
      "title": "splitter",
      "color": "#3BACAC",
      "count": 429,
      "pitch_percent": 0.3979591836734694,
      "rhh_percent": 0.42768595041322316,
      "lhh_percent": 0.37373737373737376,
      "start_speed": 97.7552447552447,
      "max_start_speed": 100.3,
      "ivb": 1.6762237762237773,
      "hb": 14.020279720279726,
      "release_pos_z": 6.02491678567141,
      "release_pos_x": 2.3238368006903714,
      "extension": 6.224410795294364,
      "pitches": 428,
      "whiffs": 58,
      "swings": 249,
      "spin_rate": 1825,
      "swing_miss_percent": 23.3,
      "arm_angle": 33.3,
      "barrels_per_pa_percent": 4.166666666666666,
      "hardhit_percent": 43.43434343434344,
      "whiffs_per_pitch": 0.13551401869158877,
      "active_spin_percent": 87.7
    },
    {
      "code": "FF",
      "title": "four-seam fastball",
      "color": "#D22D49",
      "count": 377,
      "pitch_percent": 0.349721706864564,
      "rhh_percent": 0.25826446280991733,
      "lhh_percent": 0.42424242424242425,
      "start_speed": 100.54774535809018,
      "max_start_speed": 103.3,
      "ivb": 12.66976127320956,
      "hb": 13.202652519893894,
      "release_pos_z": 6.046451052248321,
      "release_pos_x": 2.2243034720425765,
      "extension": 6.207868055923544,
      "pitches": 375,
      "whiffs": 69,
      "swings": 209,
      "spin_rate": 2108,
      "swing_miss_percent": 33,
      "arm_angle": 33.7,
      "barrels_per_pa_percent": 2.247191011235955,
      "hardhit_percent": 47.05882352941176,
      "whiffs_per_pitch": 0.184,
      "active_spin_percent": 99.1
    },
    {
      "code": "KC",
      "title": "knuckle curve",
      "color": "#6236CD",
      "count": 206,
      "pitch_percent": 0.19109461966604824,
      "rhh_percent": 0.18388429752066116,
      "lhh_percent": 0.19696969696969696,
      "start_speed": 87.59611650485438,
      "max_start_speed": 91.6,
      "ivb": -10.39563106796116,
      "hb": -5.662621359223302,
      "release_pos_z": 5.991913051296291,
      "release_pos_x": 2.3304014287762533,
      "extension": 6.142178027263803,
      "pitches": 205,
      "whiffs": 38,
      "swings": 91,
      "spin_rate": 2646,
      "swing_miss_percent": 41.8,
      "arm_angle": 32.9,
      "barrels_per_pa_percent": 1.5384615384615385,
      "hardhit_percent": 33.33333333333333,
      "whiffs_per_pitch": 0.18536585365853658,
      "active_spin_percent": null
    },
    {
      "code": "ST",
      "title": "sweeper",
      "color": "#DDB43A",
      "count": 62,
      "pitch_percent": 0.0575139146567718,
      "rhh_percent": 0.12190082644628099,
      "lhh_percent": 0.005050505050505051,
      "start_speed": 87.25322580645161,
      "max_start_speed": 90.5,
      "ivb": -2.198387096774194,
      "hb": -12.049999999999995,
      "release_pos_z": 5.752011725984504,
      "release_pos_x": 2.5155813711123987,
      "extension": 6.063984705851287,
      "pitches": 63,
      "whiffs": 11,
      "swings": 20,
      "spin_rate": 2609,
      "swing_miss_percent": 55,
      "arm_angle": 26.2,
      "barrels_per_pa_percent": 0,
      "hardhit_percent": 0,
      "whiffs_per_pitch": 0.1746031746031746,
      "active_spin_percent": 55.4
    },
    {
      "code": "FC",
      "title": "cutter",
      "color": "#933F2C",
      "count": 3,
      "pitch_percent": 0.0027829313543599257,
      "rhh_percent": 0.006198347107438017,
      "lhh_percent": 0,
      "start_speed": 87.56666666666666,
      "max_start_speed": 88.3,
      "ivb": 4.8,
      "hb": 4.133333333333333,
      "release_pos_z": 6.029504924363213,
      "release_pos_x": -0.7552678508388585,
      "extension": 5.880666578649073,
      "active_spin_percent": null
    },
    {
      "code": "CH",
      "title": "changeup",
      "color": "#1DBF3A",
      "count": 1,
      "pitch_percent": 0.0009276437847866419,
      "rhh_percent": 0.002066115702479339,
      "lhh_percent": 0,
      "start_speed": 87.2,
      "max_start_speed": 87.2,
      "ivb": 6.7,
      "hb": -14.2,
      "release_pos_z": 5.802934163437527,
      "release_pos_x": -1.0016271396301282,
      "extension": 5.903679039384352,
      "active_spin_percent": null
    }
  ]
}