{
  "pitcher_id": "663465",
  "pitcher_name": "Kolby Allard",
  "pitches": [
    {
      "code": "FF",
      "title": "four-seam fastball",
      "color": "#D22D49",
      "count": 381,
      "pitch_percent": 0.381,
      "rhh_percent": 0.40588235294117647,
      "lhh_percent": 0.328125,
      "start_speed": 90.07664041994752,
      "max_start_speed": 92.5,
      "ivb": 16.215223097112855,
      "hb": 6.083202099737531,
      "release_pos_z": 5.313786957646855,
      "release_pos_x": 2.049215776468083,
      "extension": 6.367745625187122,
      "pitches": 387,
      "whiffs": 53,
      "swings": 191,
      "spin_rate": 2030,
      "swing_miss_percent": 27.7,
      "arm_angle": 44.3,
      "barrels_per_pa_percent": 4.901960784313726,
      "hardhit_percent": 46.3768115942029,
      "whiffs_per_pitch": 0.13695090439276486,
      "active_spin_percent": 93.2
    },
    {
      "code": "CH",
      "title": "changeup",
      "color": "#1DBF3A",
      "count": 200,
      "pitch_percent": 0.2,
      "rhh_percent": 0.2529411764705882,
      "lhh_percent": 0.0875,
      "start_speed": 81.44199999999998,
      "max_start_speed": 83.9,
      "ivb": 6.262500000000004,
      "hb": 14.119999999999996,
      "release_pos_z": 5.557493767179626,
      "release_pos_x": 2.137190781234272,
      "extension": 5.81551688476771,
      "pitches": 199,
      "whiffs": 17,
      "swings": 109,
      "spin_rate": 1547,
      "swing_miss_percent": 15.6,
      "arm_angle": 44.5,
      "barrels_per_pa_percent": 5.172413793103448,
      "hardhit_percent": 27.450980392156865,
      "whiffs_per_pitch": 0.08542713567839195,
      "active_spin_percent": 99.4
    },
    {
      "code": "FC",
      "title": "cutter",
      "color": "#933F2C",
      "count": 193,
      "pitch_percent": 0.193,
      "rhh_percent": 0.1661764705882353,
      "lhh_percent": 0.25,
      "start_speed": 84.89689119170986,
      "max_start_speed": 87.2,
      "ivb": 6.696373056994819,
      "hb": -4.681865284974095,
      "release_pos_z": 5.394772872503977,
      "release_pos_x": 2.003258174792181,
      "extension": 6.327039786510026,
      "pitches": 193,
      "whiffs": 14,
      "swings": 92,
      "spin_rate": 2039,
      "swing_miss_percent": 15.2,
      "arm_angle": 48.1,
      "barrels_per_pa_percent": 7.5,
      "hardhit_percent": 41.17647058823529,
      "whiffs_per_pitch": 0.07253886010362694,
      "active_spin_percent": 49.5
    },
    {
      "code": "CU",
      "title": "curveball",
      "color": "#00D2ED",
      "count": 132,
      "pitch_percent": 0.132,
      "rhh_percent": 0.15588235294117647,
      "lhh_percent": 0.08125,
      "start_speed": 72.0598484848485,
      "max_start_speed": 74.8,
      "ivb": -13.093939393939392,
      "hb": -7.618939393939399,
      "release_pos_z": 5.594341012349952,
      "release_pos_x": 1.9100387692715133,
      "extension": 5.891706052012782,
      "pitches": 132,
      "whiffs": 7,
      "swings": 55,
      "spin_rate": 1882,
      "swing_miss_percent": 12.7,
      "arm_angle": 52.2,
      "barrels_per_pa_percent": 0,
      "hardhit_percent": 34.375,
      "whiffs_per_pitch": 0.05303030303030303,
      "active_spin_percent": 95.1
    },
    {
      "code": "SI",
      "title": "sinker",
      "color": "#FE9E00",
      "count": 94,
      "pitch_percent": 0.094,
      "rhh_percent": 0.01911764705882353,
      "lhh_percent": 0.253125,
      "start_speed": 90.50638297872342,
      "max_start_speed": 91.9,
      "ivb": 12.839361702127661,
      "hb": 13.109574468085103,
      "release_pos_z": 5.285486829997367,
      "release_pos_x": 2.013399079604354,
      "extension": 6.42654718897307,
      "pitches": 85,
      "whiffs": 6,
      "swings": 44,
      "spin_rate": 2005,
      "swing_miss_percent": 13.6,
      "arm_angle": 43.3,
      "barrels_per_pa_percent": 4.3478260869565215,
      "hardhit_percent": 21.052631578947366,
      "whiffs_per_pitch": 0.07058823529411765,
      "active_spin_percent": 94.3
    }
  ]
}