{
  "pitcher_id": "663546",
  "pitcher_name": "Sean Hjelle",
  "pitches": [
    {
      "code": "SI",
      "title": "sinker",
      "color": "#FE9E00",
      "count": 127,
      "pitch_percent": 0.5,
      "rhh_percent": 0.48226950354609927,
      "lhh_percent": 0.5221238938053098,
      "start_speed": 93.58740157480314,
      "max_start_speed": 95.6,
      "ivb": 4.872440944881887,
      "hb": 14.179527559055108,
      "release_pos_z": 6.313815999811397,
      "release_pos_x": 1.4796187628931858,
      "extension": 6.799574783933937,
      "pitches": 126,
      "whiffs": 4,
      "swings": 45,
      "spin_rate": 2299,
      "swing_miss_percent": 8.9,
      "arm_angle": 27.1,
      "barrels_per_pa_percent": 3.0303030303030303,
      "hardhit_percent": 50,
      "whiffs_per_pitch": 0.031746031746031744,
      "active_spin_percent": 70.9
    },
    {
      "code": "KC",
      "title": "knuckle curve",
      "color": "#6236CD",
      "count": 91,
      "pitch_percent": 0.35826771653543305,
      "rhh_percent": 0.4397163120567376,
      "lhh_percent": 0.25663716814159293,
      "start_speed": 85.76263736263729,
      "max_start_speed": 88.8,
      "ivb": -2.0439560439560434,
      "hb": -3.7945054945054966,
      "release_pos_z": 6.223481102905879,
      "release_pos_x": 1.6557461100483049,
      "extension": 6.74260602398652,
      "pitches": 91,
      "whiffs": 18,
      "swings": 43,
      "spin_rate": 2043,
      "swing_miss_percent": 41.9,
      "arm_angle": 26.3,
      "barrels_per_pa_percent": 8.333333333333332,
      "hardhit_percent": 53.333333333333336,
      "whiffs_per_pitch": 0.1978021978021978,
      "active_spin_percent": null
    },
    {
      "code": "FC",
      "title": "cutter",
      "color": "#933F2C",
      "count": 36,
      "pitch_percent": 0.14173228346456693,
      "rhh_percent": 0.07801418439716312,
      "lhh_percent": 0.22123893805309736,
      "start_speed": 89.58333333333331,
      "max_start_speed": 92.6,
      "ivb": 5.633333333333332,
      "hb": 1.3277777777777775,
      "release_pos_z": 6.29594867452546,
      "release_pos_x": 1.5354705380420375,
      "extension": 6.767375880544496,
      "pitches": 36,
      "whiffs": 3,
      "swings": 18,
      "spin_rate": 2238,
      "swing_miss_percent": 16.7,
      "arm_angle": 27.3,
      "barrels_per_pa_percent": 7.6923076923076925,
      "hardhit_percent": 50,
      "whiffs_per_pitch": 0.08333333333333333,
      "active_spin_percent": 44
    }
  ]
}