{
  "pitcher_id": "663562",
  "pitcher_name": "Noah Davis",
  "pitches": [
    {
      "code": "SI",
      "title": "sinker",
      "color": "#FE9E00",
      "count": 94,
      "pitch_percent": 0.3745019920318725,
      "rhh_percent": 0.45774647887323944,
      "lhh_percent": 0.26605504587155965,
      "start_speed": 94.42021276595747,
      "max_start_speed": 96.8,
      "ivb": 7.380851063829784,
      "hb": 18.098936170212767,
      "release_pos_z": 5.557475852602756,
      "release_pos_x": 2.247943442531866,
      "extension": 5.637855924162449,
      "pitches": 94,
      "whiffs": 4,
      "swings": 35,
      "spin_rate": 2226,
      "swing_miss_percent": 11.4,
      "arm_angle": 26,
      "barrels_per_pa_percent": 12,
      "hardhit_percent": 57.14285714285714,
      "whiffs_per_pitch": 0.0425531914893617,
      "active_spin_percent": 92.8
    },
    {
      "code": "ST",
      "title": "sweeper",
      "color": "#DDB43A",
      "count": 83,
      "pitch_percent": 0.33067729083665337,
      "rhh_percent": 0.3873239436619718,
      "lhh_percent": 0.25688073394495414,
      "start_speed": 80.00843373493976,
      "max_start_speed": 83.1,
      "ivb": -0.18313253012048178,
      "hb": -16.968674698795176,
      "release_pos_z": 5.578064617698776,
      "release_pos_x": 2.271781505986435,
      "extension": 5.6276362160369695,
      "pitches": 83,
      "whiffs": 14,
      "swings": 28,
      "spin_rate": 2728,
      "swing_miss_percent": 50,
      "arm_angle": 27.8,
      "barrels_per_pa_percent": 10,
      "hardhit_percent": 44.44444444444444,
      "whiffs_per_pitch": 0.1686746987951807,
      "active_spin_percent": 68.4
    },
    {
      "code": "FC",
      "title": "cutter",
      "color": "#933F2C",
      "count": 48,
      "pitch_percent": 0.19123505976095617,
      "rhh_percent": 0.11971830985915492,
      "lhh_percent": 0.28440366972477066,
      "start_speed": 87.8729166666667,
      "max_start_speed": 91.1,
      "ivb": 5.747916666666668,
      "hb": -1.7520833333333339,
      "release_pos_z": 5.586672437145681,
      "release_pos_x": 2.306735829638566,
      "extension": 5.562738553685269,
      "pitches": 48,
      "whiffs": 6,
      "swings": 20,
      "spin_rate": 2203,
      "swing_miss_percent": 30,
      "arm_angle": 27.1,
      "barrels_per_pa_percent": 11.11111111111111,
      "hardhit_percent": 33.33333333333333,
      "whiffs_per_pitch": 0.125,
      "active_spin_percent": 31.4
    },
    {
      "code": "FF",
      "title": "four-seam fastball",
      "color": "#D22D49",
      "count": 18,
      "pitch_percent": 0.07171314741035857,
      "rhh_percent": 0.02112676056338028,
      "lhh_percent": 0.13761467889908258,
      "start_speed": 94.75555555555553,
      "max_start_speed": 95.8,
      "ivb": 12.127777777777776,
      "hb": 11.999999999999998,
      "release_pos_z": 5.5875890205186485,
      "release_pos_x": 2.2104929177592303,
      "extension": 5.6406113696497595,
      "pitches": 18,
      "whiffs": 1,
      "swings": 8,
      "spin_rate": 2226,
      "swing_miss_percent": 12.5,
      "arm_angle": 26.2,
      "barrels_per_pa_percent": 25,
      "hardhit_percent": 80,
      "whiffs_per_pitch": 0.05555555555555555,
      "active_spin_percent": 91
    },
    {
      "code": "SC",
      "title": "screwball",
      "color": "#60dc33",
      "count": 7,
      "pitch_percent": 0.027888446215139442,
      "rhh_percent": 0.014084507042253521,
      "lhh_percent": 0.045871559633027525,
      "start_speed": 85.8142857142857,
      "max_start_speed": 86.9,
      "ivb": 2.657142857142857,
      "hb": 11.885714285714286,
      "release_pos_z": 5.438058031313047,
      "release_pos_x": 2.2637157299750585,
      "extension": 5.783816513406829,
      "pitches": 7,
      "whiffs": 0,
      "swings": 3,
      "spin_rate": 1386,
      "swing_miss_percent": 0,
      "arm_angle": 26.1,
      "barrels_per_pa_percent": 0,
      "hardhit_percent": 33.33333333333333,
      "whiffs_per_pitch": 0,
      "active_spin_percent": null
    },
    {
      "code": "CU",
      "title": "curveball",
      "color": "#00D2ED",
      "count": 1,
      "pitch_percent": 0.00398406374501992,
      "rhh_percent": 0,
      "lhh_percent": 0.009174311926605505,
      "start_speed": 76,
      "max_start_speed": 76,
      "ivb": -8.3,
      "hb": -18.7,
      "release_pos_z": 5.6968503472745295,
      "release_pos_x": 2.276580780510744,
      "extension": 5.8513805035678255,
      "pitches": 1,
      "whiffs": 0,
      "swings": 0,
      "spin_rate": 2637,
      "swing_miss_percent": null,
      "arm_angle": 29.9,
      "barrels_per_pa_percent": null,
      "hardhit_percent": null,
      "whiffs_per_pitch": 0,
      "active_spin_percent": null
    }
  ]
}