{
  "pitcher_id": "663574",
  "pitcher_name": "Tony Santillan",
  "pitches": [
    {
      "code": "FF",
      "title": "four-seam fastball",
      "color": "#D22D49",
      "count": 799,
      "pitch_percent": 0.6495934959349593,
      "rhh_percent": 0.6176470588235294,
      "lhh_percent": 0.6779141104294478,
      "start_speed": 96.25607008760946,
      "max_start_speed": 99.6,
      "ivb": 13.324906132665824,
      "hb": 11.66270337922403,
      "release_pos_z": 5.3631264196046695,
      "release_pos_x": 2.333493144898764,
      "extension": 5.932784571582505,
      "pitches": 797,
      "whiffs": 94,
      "swings": 428,
      "spin_rate": 2347,
      "swing_miss_percent": 22,
      "arm_angle": 25.9,
      "barrels_per_pa_percent": 7.07070707070707,
      "hardhit_percent": 50.3875968992248,
      "whiffs_per_pitch": 0.11794228356336262,
      "active_spin_percent": 93.2
    },
    {
      "code": "SV",
      "title": "slurve",
      "color": "#93AFD4",
      "count": 265,
      "pitch_percent": 0.21544715447154472,
      "rhh_percent": 0.2491349480968858,
      "lhh_percent": 0.18558282208588958,
      "start_speed": 86.0954716981132,
      "max_start_speed": 89.1,
      "ivb": -5.745283018867926,
      "hb": -10.697358490566042,
      "release_pos_z": 5.380228519303781,
      "release_pos_x": 2.417264840934249,
      "extension": 5.8096870600175095,
      "pitches": 265,
      "whiffs": 45,
      "swings": 114,
      "spin_rate": 2190,
      "swing_miss_percent": 39.5,
      "arm_angle": 26.4,
      "barrels_per_pa_percent": 1.4084507042253522,
      "hardhit_percent": 39.02439024390244,
      "whiffs_per_pitch": 0.16981132075471697,
      "active_spin_percent": 38.3
    },
    {
      "code": "SL",
      "title": "slider",
      "color": "#EEE716",
      "count": 165,
      "pitch_percent": 0.13414634146341464,
      "rhh_percent": 0.1314878892733564,
      "lhh_percent": 0.13650306748466257,
      "start_speed": 86.53757575757575,
      "max_start_speed": 89.4,
      "ivb": 2.229696969696971,
      "hb": -6.9248484848484875,
      "release_pos_z": 5.488286190984586,
      "release_pos_x": 2.4103193106768126,
      "extension": 5.814517391654872,
      "pitches": 164,
      "whiffs": 26,
      "swings": 66,
      "spin_rate": 2213,
      "swing_miss_percent": 39.4,
      "arm_angle": 27.4,
      "barrels_per_pa_percent": 3.4482758620689653,
      "hardhit_percent": 31.57894736842105,
      "whiffs_per_pitch": 0.15853658536585366,
      "active_spin_percent": 30.1
    },
    {
      "code": "CH",
      "title": "changeup",
      "color": "#1DBF3A",
      "count": 1,
      "pitch_percent": 0.0008130081300813008,
      "rhh_percent": 0.0017301038062283738,
      "lhh_percent": 0,
      "start_speed": 95.1,
      "max_start_speed": 95.1,
      "ivb": 10.2,
      "hb": 10.1,
      "release_pos_z": 5.486054336720863,
      "release_pos_x": 2.3251928029148456,
      "extension": 5.848480358671098,
      "pitches": 1,
      "whiffs": 0,
      "swings": 0,
      "spin_rate": 2389,
      "swing_miss_percent": null,
      "arm_angle": 29.1,
      "barrels_per_pa_percent": null,
      "hardhit_percent": null,
      "whiffs_per_pitch": 0,
      "active_spin_percent": null
    }
  ]
}