{
  "pitcher_id": "663738",
  "pitcher_name": "Daniel Lynch IV",
  "pitches": [
    {
      "code": "SL",
      "title": "slider",
      "color": "#EEE716",
      "count": 318,
      "pitch_percent": 0.2922794117647059,
      "rhh_percent": 0.14946070878274267,
      "lhh_percent": 0.5034168564920274,
      "start_speed": 86.80094339622634,
      "max_start_speed": 89.5,
      "ivb": 3.603773584905661,
      "hb": -1.8628930817610059,
      "release_pos_z": 5.774099863324103,
      "release_pos_x": 1.3408257957672616,
      "extension": 6.619053597611698,
      "pitches": 318,
      "whiffs": 43,
      "swings": 144,
      "spin_rate": 2290,
      "swing_miss_percent": 29.9,
      "arm_angle": 36.1,
      "barrels_per_pa_percent": 2.7027027027027026,
      "hardhit_percent": 52,
      "whiffs_per_pitch": 0.13522012578616352,
      "active_spin_percent": 17
    },
    {
      "code": "FF",
      "title": "four-seam fastball",
      "color": "#D22D49",
      "count": 247,
      "pitch_percent": 0.2270220588235294,
      "rhh_percent": 0.26810477657935283,
      "lhh_percent": 0.1662870159453303,
      "start_speed": 94.06761133603234,
      "max_start_speed": 96.9,
      "ivb": 14.81862348178137,
      "hb": 10.212550607287447,
      "release_pos_z": 5.8581837693911565,
      "release_pos_x": 1.1431560360042863,
      "extension": 6.643529996487694,
      "pitches": 247,
      "whiffs": 14,
      "swings": 97,
      "spin_rate": 2234,
      "swing_miss_percent": 14.4,
      "arm_angle": 37.9,
      "barrels_per_pa_percent": 4.918032786885246,
      "hardhit_percent": 40.909090909090914,
      "whiffs_per_pitch": 0.05668016194331984,
      "active_spin_percent": 94.2
    },
    {
      "code": "CH",
      "title": "changeup",
      "color": "#1DBF3A",
      "count": 209,
      "pitch_percent": 0.19209558823529413,
      "rhh_percent": 0.300462249614792,
      "lhh_percent": 0.03189066059225513,
      "start_speed": 85.98038277511966,
      "max_start_speed": 88,
      "ivb": 1.9272727272727281,
      "hb": 15.072727272727281,
      "release_pos_z": 5.6854904094824255,
      "release_pos_x": 1.3632206780408826,
      "extension": 6.669208357817912,
      "pitches": 209,
      "whiffs": 26,
      "swings": 98,
      "spin_rate": 1642,
      "swing_miss_percent": 26.5,
      "arm_angle": 32.4,
      "barrels_per_pa_percent": 8.571428571428571,
      "hardhit_percent": 37.735849056603776,
      "whiffs_per_pitch": 0.12440191387559808,
      "active_spin_percent": 93.8
    },
    {
      "code": "SI",
      "title": "sinker",
      "color": "#FE9E00",
      "count": 207,
      "pitch_percent": 0.19025735294117646,
      "rhh_percent": 0.12326656394453005,
      "lhh_percent": 0.28929384965831434,
      "start_speed": 93.77584541062801,
      "max_start_speed": 96.6,
      "ivb": 8.357487922705316,
      "hb": 16.65120772946859,
      "release_pos_z": 5.701745975755088,
      "release_pos_x": 1.2945480372880025,
      "extension": 6.694991378242227,
      "pitches": 205,
      "whiffs": 12,
      "swings": 88,
      "spin_rate": 2093,
      "swing_miss_percent": 13.6,
      "arm_angle": 34.3,
      "barrels_per_pa_percent": 7.6923076923076925,
      "hardhit_percent": 37.5,
      "whiffs_per_pitch": 0.05853658536585366,
      "active_spin_percent": 90.1
    },
    {
      "code": "KC",
      "title": "knuckle curve",
      "color": "#6236CD",
      "count": 107,
      "pitch_percent": 0.09834558823529412,
      "rhh_percent": 0.15870570107858242,
      "lhh_percent": 0.009111617312072893,
      "start_speed": 82.55327102803737,
      "max_start_speed": 85.7,
      "ivb": -2.7897196261682238,
      "hb": -3.066355140186915,
      "release_pos_z": 6.044052621648323,
      "release_pos_x": 1.1842241721289872,
      "extension": 6.334496954040846,
      "pitches": 106,
      "whiffs": 9,
      "swings": 37,
      "spin_rate": 2257,
      "swing_miss_percent": 24.3,
      "arm_angle": 42.1,
      "barrels_per_pa_percent": 6.666666666666667,
      "hardhit_percent": 61.53846153846154,
      "whiffs_per_pitch": 0.08490566037735849,
      "active_spin_percent": null
    }
  ]
}