{
  "pitcher_id": "663773",
  "pitcher_name": "Bryan Hoeing",
  "pitches": [
    {
      "code": "SI",
      "title": "sinker",
      "color": "#FE9E00",
      "count": 61,
      "pitch_percent": 0.46564885496183206,
      "rhh_percent": 0.5256410256410257,
      "lhh_percent": 0.37735849056603776,
      "start_speed": 92.54918032786885,
      "max_start_speed": 94.3,
      "ivb": 4.332786885245902,
      "hb": 17.25409836065574,
      "release_pos_z": 5.964580031991514,
      "release_pos_x": 2.18938179336793,
      "extension": 6.343218772218024,
      "pitches": 61,
      "whiffs": 2,
      "swings": 32,
      "spin_rate": 1837,
      "swing_miss_percent": 6.3,
      "arm_angle": 28.5,
      "barrels_per_pa_percent": 0,
      "hardhit_percent": 40,
      "whiffs_per_pitch": 0.03278688524590164,
      "active_spin_percent": 94.5
    },
    {
      "code": "FS",
      "title": "splitter",
      "color": "#3BACAC",
      "count": 51,
      "pitch_percent": 0.3893129770992366,
      "rhh_percent": 0.3076923076923077,
      "lhh_percent": 0.5094339622641509,
      "start_speed": 86.47058823529412,
      "max_start_speed": 88.7,
      "ivb": 0.9921568627450981,
      "hb": 9.505882352941176,
      "release_pos_z": 6.2511313919307545,
      "release_pos_x": 2.0992630282139966,
      "extension": 6.353964205407205,
      "pitches": 51,
      "whiffs": 5,
      "swings": 21,
      "spin_rate": 1152,
      "swing_miss_percent": 23.8,
      "arm_angle": 35.2,
      "barrels_per_pa_percent": 0,
      "hardhit_percent": 20,
      "whiffs_per_pitch": 0.09803921568627451,
      "active_spin_percent": 86.9
    },
    {
      "code": "SL",
      "title": "slider",
      "color": "#EEE716",
      "count": 13,
      "pitch_percent": 0.09923664122137404,
      "rhh_percent": 0.16666666666666666,
      "lhh_percent": 0,
      "start_speed": 82.52307692307694,
      "max_start_speed": 84.4,
      "ivb": -2.4461538461538463,
      "hb": -1.6846153846153848,
      "release_pos_z": 6.182269493740889,
      "release_pos_x": 2.0295094590451295,
      "extension": 6.262718088496022,
      "pitches": 13,
      "whiffs": 3,
      "swings": 7,
      "spin_rate": 2114,
      "swing_miss_percent": 42.9,
      "arm_angle": 34.5,
      "barrels_per_pa_percent": 0,
      "hardhit_percent": 100,
      "whiffs_per_pitch": 0.23076923076923078,
      "active_spin_percent": 32.9
    },
    {
      "code": "FF",
      "title": "four-seam fastball",
      "color": "#D22D49",
      "count": 6,
      "pitch_percent": 0.04580152671755725,
      "rhh_percent": 0,
      "lhh_percent": 0.11320754716981132,
      "start_speed": 92.64999999999999,
      "max_start_speed": 93.2,
      "ivb": 8.783333333333333,
      "hb": 15.466666666666669,
      "release_pos_z": 5.936682351736245,
      "release_pos_x": 2.162314957030675,
      "extension": 6.369826747462521,
      "pitches": 6,
      "whiffs": 0,
      "swings": 3,
      "spin_rate": 1955,
      "swing_miss_percent": 0,
      "arm_angle": 27.6,
      "barrels_per_pa_percent": 0,
      "hardhit_percent": 50,
      "whiffs_per_pitch": 0,
      "active_spin_percent": null
    }
  ]
}