{
  "pitcher_id": "663765",
  "pitcher_name": "Jake Woodford",
  "pitches": [
    {
      "code": "SI",
      "title": "sinker",
      "color": "#FE9E00",
      "count": 196,
      "pitch_percent": 0.3136,
      "rhh_percent": 0.43658536585365854,
      "lhh_percent": 0.07906976744186046,
      "start_speed": 93.25459183673468,
      "max_start_speed": 95.4,
      "ivb": 5.763265306122446,
      "hb": 15.325000000000006,
      "release_pos_z": 5.004086371202699,
      "release_pos_x": 2.234478244976414,
      "extension": 6.602343679806818,
      "pitches": 194,
      "whiffs": 9,
      "swings": 100,
      "spin_rate": 2052,
      "swing_miss_percent": 9,
      "arm_angle": 23.1,
      "barrels_per_pa_percent": 7.8125,
      "hardhit_percent": 36.17021276595745,
      "whiffs_per_pitch": 0.04639175257731959,
      "active_spin_percent": 84.8
    },
    {
      "code": "ST",
      "title": "sweeper",
      "color": "#DDB43A",
      "count": 143,
      "pitch_percent": 0.2288,
      "rhh_percent": 0.3195121951219512,
      "lhh_percent": 0.05581395348837209,
      "start_speed": 81.09650349650347,
      "max_start_speed": 83.8,
      "ivb": -0.6335664335664335,
      "hb": -14.130069930069928,
      "release_pos_z": 4.900848578022298,
      "release_pos_x": 2.353517489511328,
      "extension": 6.445186251682977,
      "pitches": 143,
      "whiffs": 10,
      "swings": 54,
      "spin_rate": 2544,
      "swing_miss_percent": 18.5,
      "arm_angle": 21.8,
      "barrels_per_pa_percent": 3.3333333333333335,
      "hardhit_percent": 36.36363636363637,
      "whiffs_per_pitch": 0.06993006993006994,
      "active_spin_percent": 50.8
    },
    {
      "code": "CH",
      "title": "changeup",
      "color": "#1DBF3A",
      "count": 116,
      "pitch_percent": 0.1856,
      "rhh_percent": 0.09268292682926829,
      "lhh_percent": 0.3627906976744186,
      "start_speed": 86.5155172413793,
      "max_start_speed": 88.4,
      "ivb": -0.1741379310344828,
      "hb": 8.036206896551722,
      "release_pos_z": 5.127459937270233,
      "release_pos_x": 2.079732854814632,
      "extension": 6.580408382053926,
      "pitches": 116,
      "whiffs": 10,
      "swings": 65,
      "spin_rate": 1314,
      "swing_miss_percent": 15.4,
      "arm_angle": 27.7,
      "barrels_per_pa_percent": 5,
      "hardhit_percent": 24.242424242424242,
      "whiffs_per_pitch": 0.08620689655172414,
      "active_spin_percent": 72.4
    },
    {
      "code": "FF",
      "title": "four-seam fastball",
      "color": "#D22D49",
      "count": 108,
      "pitch_percent": 0.1728,
      "rhh_percent": 0.08292682926829269,
      "lhh_percent": 0.34418604651162793,
      "start_speed": 93.0611111111111,
      "max_start_speed": 95,
      "ivb": 13.1212962962963,
      "hb": 6.214814814814812,
      "release_pos_z": 5.229508909194145,
      "release_pos_x": 1.9987891069859616,
      "extension": 6.537101924679026,
      "pitches": 108,
      "whiffs": 12,
      "swings": 40,
      "spin_rate": 2169,
      "swing_miss_percent": 30,
      "arm_angle": 29.8,
      "barrels_per_pa_percent": 4.761904761904762,
      "hardhit_percent": 41.17647058823529,
      "whiffs_per_pitch": 0.1111111111111111,
      "active_spin_percent": 82
    },
    {
      "code": "FC",
      "title": "cutter",
      "color": "#933F2C",
      "count": 62,
      "pitch_percent": 0.0992,
      "rhh_percent": 0.06829268292682927,
      "lhh_percent": 0.15813953488372093,
      "start_speed": 88.96451612903223,
      "max_start_speed": 91.3,
      "ivb": 7.05483870967742,
      "hb": -0.7306451612903224,
      "release_pos_z": 5.109685590179053,
      "release_pos_x": 2.27737048295934,
      "extension": 6.49978847294645,
      "pitches": 61,
      "whiffs": 6,
      "swings": 24,
      "spin_rate": 2142,
      "swing_miss_percent": 25,
      "arm_angle": 26.6,
      "barrels_per_pa_percent": 0,
      "hardhit_percent": 44.44444444444444,
      "whiffs_per_pitch": 0.09836065573770492,
      "active_spin_percent": 48.9
    }
  ]
}