{
  "pitcher_id": "664062",
  "pitcher_name": "Tony Gonsolin",
  "pitches": [
    {
      "code": "FF",
      "title": "four-seam fastball",
      "color": "#D22D49",
      "count": 245,
      "pitch_percent": 0.40229885057471265,
      "rhh_percent": 0.3543307086614173,
      "lhh_percent": 0.43661971830985913,
      "start_speed": 93.50122448979592,
      "max_start_speed": 96.8,
      "ivb": 16.573469387755097,
      "hb": 10.131428571428565,
      "release_pos_z": 6.140826480457599,
      "release_pos_x": 0.8451671211829732,
      "extension": 5.919333148473826,
      "pitches": 244,
      "whiffs": 27,
      "swings": 114,
      "spin_rate": 2236,
      "swing_miss_percent": 23.7,
      "arm_angle": 41,
      "barrels_per_pa_percent": 6.153846153846154,
      "hardhit_percent": 50,
      "whiffs_per_pitch": 0.11065573770491803,
      "active_spin_percent": 97.3
    },
    {
      "code": "FS",
      "title": "splitter",
      "color": "#3BACAC",
      "count": 163,
      "pitch_percent": 0.2676518883415435,
      "rhh_percent": 0.25984251968503935,
      "lhh_percent": 0.27323943661971833,
      "start_speed": 84.1687116564417,
      "max_start_speed": 86.2,
      "ivb": -1.2104294478527602,
      "hb": 13.133128834355833,
      "release_pos_z": 6.015630475393949,
      "release_pos_x": 0.9680014969128733,
      "extension": 5.840692782351762,
      "pitches": 162,
      "whiffs": 30,
      "swings": 78,
      "spin_rate": 1512,
      "swing_miss_percent": 38.5,
      "arm_angle": 36.9,
      "barrels_per_pa_percent": 4.444444444444445,
      "hardhit_percent": 32,
      "whiffs_per_pitch": 0.18518518518518517,
      "active_spin_percent": 86.4
    },
    {
      "code": "CU",
      "title": "curveball",
      "color": "#00D2ED",
      "count": 103,
      "pitch_percent": 0.16912972085385877,
      "rhh_percent": 0.11811023622047244,
      "lhh_percent": 0.2056338028169014,
      "start_speed": 81.71941747572816,
      "max_start_speed": 84.8,
      "ivb": -12.421359223300973,
      "hb": -7.245631067961167,
      "release_pos_z": 6.162092124407974,
      "release_pos_x": 0.7282985362656967,
      "extension": 5.827893102030648,
      "pitches": 103,
      "whiffs": 8,
      "swings": 28,
      "spin_rate": 2749,
      "swing_miss_percent": 28.6,
      "arm_angle": 43.1,
      "barrels_per_pa_percent": 9.090909090909092,
      "hardhit_percent": 50,
      "whiffs_per_pitch": 0.07766990291262135,
      "active_spin_percent": 65.7
    },
    {
      "code": "SL",
      "title": "slider",
      "color": "#EEE716",
      "count": 98,
      "pitch_percent": 0.16091954022988506,
      "rhh_percent": 0.2677165354330709,
      "lhh_percent": 0.08450704225352113,
      "start_speed": 88.0979591836735,
      "max_start_speed": 90.4,
      "ivb": 5.689795918367346,
      "hb": -2.073469387755101,
      "release_pos_z": 6.142699411681689,
      "release_pos_x": 0.8753672294824643,
      "extension": 5.900356055499875,
      "pitches": 98,
      "whiffs": 16,
      "swings": 45,
      "spin_rate": 2508,
      "swing_miss_percent": 35.6,
      "arm_angle": 41.2,
      "barrels_per_pa_percent": 13.043478260869565,
      "hardhit_percent": 54.54545454545454,
      "whiffs_per_pitch": 0.16326530612244897,
      "active_spin_percent": 32.7
    }
  ]
}