{
  "pitcher_id": "664199",
  "pitcher_name": "Taylor Clarke",
  "pitches": [
    {
      "code": "SL",
      "title": "slider",
      "color": "#EEE716",
      "count": 344,
      "pitch_percent": 0.39677047289504036,
      "rhh_percent": 0.495260663507109,
      "lhh_percent": 0.30337078651685395,
      "start_speed": 87.50639534883722,
      "max_start_speed": 90.2,
      "ivb": 2.6857558139534885,
      "hb": -4.85087209302326,
      "release_pos_z": 6.1096141166020965,
      "release_pos_x": 0.7994631058656315,
      "extension": 6.180813477888147,
      "pitches": 343,
      "whiffs": 57,
      "swings": 171,
      "spin_rate": 2314,
      "swing_miss_percent": 33.3,
      "arm_angle": 46.3,
      "barrels_per_pa_percent": 2.7027027027027026,
      "hardhit_percent": 27.450980392156865,
      "whiffs_per_pitch": 0.1661807580174927,
      "active_spin_percent": 30
    },
    {
      "code": "FF",
      "title": "four-seam fastball",
      "color": "#D22D49",
      "count": 191,
      "pitch_percent": 0.22029988465974626,
      "rhh_percent": 0.13270142180094788,
      "lhh_percent": 0.30337078651685395,
      "start_speed": 94.8753926701571,
      "max_start_speed": 99.8,
      "ivb": 16.949738219895295,
      "hb": 6.832984293193721,
      "release_pos_z": 6.099984783518865,
      "release_pos_x": 0.9147384693226444,
      "extension": 6.243365862201817,
      "pitches": 189,
      "whiffs": 7,
      "swings": 86,
      "spin_rate": 2332,
      "swing_miss_percent": 8.1,
      "arm_angle": 44.8,
      "barrels_per_pa_percent": 10,
      "hardhit_percent": 59.375,
      "whiffs_per_pitch": 0.037037037037037035,
      "active_spin_percent": 91.1
    },
    {
      "code": "CH",
      "title": "changeup",
      "color": "#1DBF3A",
      "count": 176,
      "pitch_percent": 0.2029988465974625,
      "rhh_percent": 0.08767772511848342,
      "lhh_percent": 0.31235955056179776,
      "start_speed": 89.65965909090914,
      "max_start_speed": 91.6,
      "ivb": 1.1227272727272732,
      "hb": 14.451704545454545,
      "release_pos_z": 5.864400930868652,
      "release_pos_x": 1.1232972351009332,
      "extension": 6.257784594378948,
      "pitches": 176,
      "whiffs": 24,
      "swings": 84,
      "spin_rate": 1757,
      "swing_miss_percent": 28.6,
      "arm_angle": 39,
      "barrels_per_pa_percent": 4.3478260869565215,
      "hardhit_percent": 40.625,
      "whiffs_per_pitch": 0.13636363636363635,
      "active_spin_percent": 87.2
    },
    {
      "code": "SI",
      "title": "sinker",
      "color": "#FE9E00",
      "count": 156,
      "pitch_percent": 0.17993079584775087,
      "rhh_percent": 0.2843601895734597,
      "lhh_percent": 0.08089887640449438,
      "start_speed": 94.67820512820512,
      "max_start_speed": 96.3,
      "ivb": 10.758974358974363,
      "hb": 13.825,
      "release_pos_z": 6.085589894652983,
      "release_pos_x": 0.7163278689004736,
      "extension": 6.253174735388375,
      "pitches": 156,
      "whiffs": 8,
      "swings": 70,
      "spin_rate": 2307,
      "swing_miss_percent": 11.4,
      "arm_angle": 45.3,
      "barrels_per_pa_percent": 8.88888888888889,
      "hardhit_percent": 43.24324324324324,
      "whiffs_per_pitch": 0.05128205128205128,
      "active_spin_percent": 88.4
    }
  ]
}