{
  "pitcher_id": "664129",
  "pitcher_name": "Geoff Hartlieb",
  "pitches": [
    {
      "code": "SL",
      "title": "slider",
      "color": "#EEE716",
      "count": 67,
      "pitch_percent": 0.6146788990825688,
      "rhh_percent": 0.6428571428571429,
      "lhh_percent": 0.5849056603773585,
      "start_speed": 85.56865671641789,
      "max_start_speed": 87.7,
      "ivb": 2.7626865671641796,
      "hb": 0.08507462686567163,
      "release_pos_z": 5.92985032655488,
      "release_pos_x": 3.1043236326734194,
      "extension": 6.232353791713428,
      "pitches": 67,
      "whiffs": 9,
      "swings": 24,
      "spin_rate": 2510,
      "swing_miss_percent": 37.5,
      "arm_angle": 37.2,
      "barrels_per_pa_percent": 16.666666666666664,
      "hardhit_percent": 66.66666666666666,
      "whiffs_per_pitch": 0.13432835820895522,
      "active_spin_percent": 9.1
    },
    {
      "code": "FF",
      "title": "four-seam fastball",
      "color": "#D22D49",
      "count": 26,
      "pitch_percent": 0.23853211009174313,
      "rhh_percent": 0.07142857142857142,
      "lhh_percent": 0.41509433962264153,
      "start_speed": 94.89615384615384,
      "max_start_speed": 97.5,
      "ivb": 15.13846153846154,
      "hb": 7.01923076923077,
      "release_pos_z": 5.931550906168898,
      "release_pos_x": 3.0897181561823412,
      "extension": 6.372439750280081,
      "pitches": 26,
      "whiffs": 1,
      "swings": 13,
      "spin_rate": 2384,
      "swing_miss_percent": 7.7,
      "arm_angle": 35.5,
      "barrels_per_pa_percent": 0,
      "hardhit_percent": 0,
      "whiffs_per_pitch": 0.038461538461538464,
      "active_spin_percent": 84.7
    },
    {
      "code": "SI",
      "title": "sinker",
      "color": "#FE9E00",
      "count": 16,
      "pitch_percent": 0.14678899082568808,
      "rhh_percent": 0.2857142857142857,
      "lhh_percent": 0,
      "start_speed": 94.1375,
      "max_start_speed": 95.9,
      "ivb": 9.84375,
      "hb": 15.6375,
      "release_pos_z": 5.811044763980716,
      "release_pos_x": 3.2277477542303066,
      "extension": 6.399160364634235,
      "pitches": 16,
      "whiffs": 1,
      "swings": 7,
      "spin_rate": 2391,
      "swing_miss_percent": 14.3,
      "arm_angle": 33.9,
      "barrels_per_pa_percent": 50,
      "hardhit_percent": 80,
      "whiffs_per_pitch": 0.0625,
      "active_spin_percent": 85.3
    }
  ]
}