{
  "pitcher_id": "664351",
  "pitcher_name": "Luis Contreras",
  "pitches": [
    {
      "code": "FF",
      "title": "four-seam fastball",
      "color": "#D22D49",
      "count": 113,
      "pitch_percent": 0.5044642857142857,
      "rhh_percent": 0.4358974358974359,
      "lhh_percent": 0.5794392523364486,
      "start_speed": 91.0663716814159,
      "max_start_speed": 93.8,
      "ivb": 18.986725663716815,
      "hb": -0.03539823008849574,
      "release_pos_z": 5.46465350345872,
      "release_pos_x": 2.3367609673239023,
      "extension": 7.006670877670648,
      "pitches": 113,
      "whiffs": 17,
      "swings": 55,
      "spin_rate": 2544,
      "swing_miss_percent": 30.9,
      "arm_angle": 48.5,
      "barrels_per_pa_percent": 6.896551724137931,
      "hardhit_percent": 38.88888888888889,
      "whiffs_per_pitch": 0.1504424778761062,
      "active_spin_percent": 77.8
    },
    {
      "code": "SL",
      "title": "slider",
      "color": "#EEE716",
      "count": 44,
      "pitch_percent": 0.19642857142857142,
      "rhh_percent": 0.2905982905982906,
      "lhh_percent": 0.09345794392523364,
      "start_speed": 85.50227272727271,
      "max_start_speed": 88.1,
      "ivb": 6.83409090909091,
      "hb": -5.46590909090909,
      "release_pos_z": 5.50200138164541,
      "release_pos_x": 2.3618890390142044,
      "extension": 6.926834286966203,
      "pitches": 44,
      "whiffs": 8,
      "swings": 23,
      "spin_rate": 2385,
      "swing_miss_percent": 34.8,
      "arm_angle": 47.6,
      "barrels_per_pa_percent": 0,
      "hardhit_percent": 25,
      "whiffs_per_pitch": 0.18181818181818182,
      "active_spin_percent": 49.3
    },
    {
      "code": "CH",
      "title": "changeup",
      "color": "#1DBF3A",
      "count": 37,
      "pitch_percent": 0.16517857142857142,
      "rhh_percent": 0.03418803418803419,
      "lhh_percent": 0.308411214953271,
      "start_speed": 83.62702702702703,
      "max_start_speed": 85.8,
      "ivb": 8.16216216216216,
      "hb": 11.554054054054053,
      "release_pos_z": 5.4361958916837345,
      "release_pos_x": 2.414625373832049,
      "extension": 6.868073851817147,
      "pitches": 37,
      "whiffs": 3,
      "swings": 10,
      "spin_rate": 1559,
      "swing_miss_percent": 30,
      "arm_angle": 46.7,
      "barrels_per_pa_percent": 0,
      "hardhit_percent": 0,
      "whiffs_per_pitch": 0.08108108108108109,
      "active_spin_percent": 63.8
    },
    {
      "code": "ST",
      "title": "sweeper",
      "color": "#DDB43A",
      "count": 27,
      "pitch_percent": 0.12053571428571429,
      "rhh_percent": 0.21367521367521367,
      "lhh_percent": 0.018691588785046728,
      "start_speed": 79.21851851851854,
      "max_start_speed": 82.6,
      "ivb": 2.814814814814815,
      "hb": -16.137037037037036,
      "release_pos_z": 5.461012145946484,
      "release_pos_x": 2.4485612716841683,
      "extension": 6.7656932055406624,
      "pitches": 27,
      "whiffs": 4,
      "swings": 11,
      "spin_rate": 2476,
      "swing_miss_percent": 36.4,
      "arm_angle": 45.1,
      "barrels_per_pa_percent": 0,
      "hardhit_percent": 33.33333333333333,
      "whiffs_per_pitch": 0.14814814814814814,
      "active_spin_percent": 55.2
    },
    {
      "code": "SI",
      "title": "sinker",
      "color": "#FE9E00",
      "count": 3,
      "pitch_percent": 0.013392857142857142,
      "rhh_percent": 0.02564102564102564,
      "lhh_percent": 0,
      "start_speed": 90.63333333333333,
      "max_start_speed": 91.2,
      "ivb": 13.5,
      "hb": 10.566666666666668,
      "release_pos_z": 5.45312198329092,
      "release_pos_x": 2.3328741602403573,
      "extension": 7.068862502298298,
      "pitches": 3,
      "whiffs": 0,
      "swings": 0,
      "spin_rate": 2380,
      "swing_miss_percent": null,
      "arm_angle": 47.7,
      "barrels_per_pa_percent": null,
      "hardhit_percent": null,
      "whiffs_per_pitch": 0,
      "active_spin_percent": null
    }
  ]
}