{
  "pitcher_id": "664849",
  "pitcher_name": "Danny Young",
  "pitches": [
    {
      "code": "SI",
      "title": "sinker",
      "color": "#FE9E00",
      "count": 87,
      "pitch_percent": 0.5506329113924051,
      "rhh_percent": 0.46511627906976744,
      "lhh_percent": 0.6527777777777778,
      "start_speed": 92.9068965517241,
      "max_start_speed": 95.3,
      "ivb": 2.377011494252873,
      "hb": 18.87586206896552,
      "release_pos_z": 5.175012556579274,
      "release_pos_x": 3.352907445356571,
      "extension": 6.272100811551742,
      "pitches": 86,
      "whiffs": 7,
      "swings": 29,
      "spin_rate": 2367,
      "swing_miss_percent": 24.1,
      "arm_angle": 17.2,
      "barrels_per_pa_percent": 0,
      "hardhit_percent": 20,
      "whiffs_per_pitch": 0.08139534883720931,
      "active_spin_percent": 85.3
    },
    {
      "code": "ST",
      "title": "sweeper",
      "color": "#DDB43A",
      "count": 66,
      "pitch_percent": 0.4177215189873418,
      "rhh_percent": 0.5,
      "lhh_percent": 0.3194444444444444,
      "start_speed": 82.24393939393939,
      "max_start_speed": 85,
      "ivb": 0.07878787878787885,
      "hb": -19.075757575757574,
      "release_pos_z": 4.919183224048751,
      "release_pos_x": 3.721980728897241,
      "extension": 6.14032610647407,
      "pitches": 66,
      "whiffs": 9,
      "swings": 16,
      "spin_rate": 2785,
      "swing_miss_percent": 56.3,
      "arm_angle": 11.4,
      "barrels_per_pa_percent": 0,
      "hardhit_percent": 50,
      "whiffs_per_pitch": 0.13636363636363635,
      "active_spin_percent": 57.3
    },
    {
      "code": "FC",
      "title": "cutter",
      "color": "#933F2C",
      "count": 5,
      "pitch_percent": 0.03164556962025317,
      "rhh_percent": 0.03488372093023256,
      "lhh_percent": 0.027777777777777776,
      "start_speed": 90.10000000000001,
      "max_start_speed": 92.2,
      "ivb": 6.7,
      "hb": 2.7199999999999998,
      "release_pos_z": 5.24905839654644,
      "release_pos_x": 3.393103096908635,
      "extension": 6.3155329556639845,
      "pitches": 5,
      "whiffs": 1,
      "swings": 5,
      "spin_rate": 2401,
      "swing_miss_percent": 20,
      "arm_angle": 17.8,
      "barrels_per_pa_percent": 0,
      "hardhit_percent": 100,
      "whiffs_per_pitch": 0.2,
      "active_spin_percent": null
    }
  ]
}