{
  "pitcher_id": "666120",
  "pitcher_name": "Ian Anderson",
  "pitches": [
    {
      "code": "FF",
      "title": "four-seam fastball",
      "color": "#D22D49",
      "count": 105,
      "pitch_percent": 0.5172413793103449,
      "rhh_percent": 0.5481481481481482,
      "lhh_percent": 0.45588235294117646,
      "start_speed": 93.70857142857137,
      "max_start_speed": 95.4,
      "ivb": 15.035238095238102,
      "hb": 7.905714285714288,
      "release_pos_z": 6.1446482128239905,
      "release_pos_x": 1.649541894654123,
      "extension": 6.952021335651949,
      "pitches": 105,
      "whiffs": 4,
      "swings": 45,
      "spin_rate": 1950,
      "swing_miss_percent": 8.9,
      "arm_angle": 64.5,
      "barrels_per_pa_percent": 0,
      "hardhit_percent": 40,
      "whiffs_per_pitch": 0.0380952380952381,
      "active_spin_percent": 97.5
    },
    {
      "code": "CH",
      "title": "changeup",
      "color": "#1DBF3A",
      "count": 70,
      "pitch_percent": 0.3448275862068966,
      "rhh_percent": 0.3111111111111111,
      "lhh_percent": 0.4117647058823529,
      "start_speed": 88.15714285714287,
      "max_start_speed": 89.8,
      "ivb": 9.63571428571428,
      "hb": 10.58142857142857,
      "release_pos_z": 6.126113471999611,
      "release_pos_x": 1.8172058322065148,
      "extension": 6.949070777389838,
      "pitches": 68,
      "whiffs": 16,
      "swings": 37,
      "spin_rate": 1499,
      "swing_miss_percent": 43.2,
      "arm_angle": 61.8,
      "barrels_per_pa_percent": 9.090909090909092,
      "hardhit_percent": 46.666666666666664,
      "whiffs_per_pitch": 0.23529411764705882,
      "active_spin_percent": 94.1
    },
    {
      "code": "CU",
      "title": "curveball",
      "color": "#00D2ED",
      "count": 28,
      "pitch_percent": 0.13793103448275862,
      "rhh_percent": 0.14074074074074075,
      "lhh_percent": 0.1323529411764706,
      "start_speed": 80.94285714285714,
      "max_start_speed": 82.8,
      "ivb": -5.371428571428571,
      "hb": -2.1642857142857137,
      "release_pos_z": 6.1132553497020785,
      "release_pos_x": 1.8519454427842932,
      "extension": 6.904308227610135,
      "pitches": 28,
      "whiffs": 1,
      "swings": 9,
      "spin_rate": 2297,
      "swing_miss_percent": 11.1,
      "arm_angle": 62.5,
      "barrels_per_pa_percent": 25,
      "hardhit_percent": 50,
      "whiffs_per_pitch": 0.03571428571428571,
      "active_spin_percent": 48.6
    }
  ]
}