{
  "pitcher_id": "666374",
  "pitcher_name": "Matt Brash",
  "pitches": [
    {
      "code": "SL",
      "title": "slider",
      "color": "#EEE716",
      "count": 498,
      "pitch_percent": 0.6058394160583942,
      "rhh_percent": 0.6643192488262911,
      "lhh_percent": 0.5429292929292929,
      "start_speed": 86.04558232931723,
      "max_start_speed": 89,
      "ivb": -0.9102409638554217,
      "hb": -15.811847389558233,
      "release_pos_z": 5.245209453462042,
      "release_pos_x": 2.6829790065625105,
      "extension": 6.3711760805305095,
      "pitches": 496,
      "whiffs": 76,
      "swings": 209,
      "spin_rate": 2951,
      "swing_miss_percent": 36.4,
      "arm_angle": 29.9,
      "barrels_per_pa_percent": 1.8518518518518516,
      "hardhit_percent": 23.809523809523807,
      "whiffs_per_pitch": 0.1532258064516129,
      "active_spin_percent": 50.7
    },
    {
      "code": "SI",
      "title": "sinker",
      "color": "#FE9E00",
      "count": 180,
      "pitch_percent": 0.21897810218978103,
      "rhh_percent": 0.27230046948356806,
      "lhh_percent": 0.16161616161616163,
      "start_speed": 96.42111111111113,
      "max_start_speed": 98.7,
      "ivb": 7.812777777777778,
      "hb": 17.46277777777777,
      "release_pos_z": 5.3547558841814915,
      "release_pos_x": 2.5426556549579384,
      "extension": 6.376701764419214,
      "pitches": 175,
      "whiffs": 5,
      "swings": 70,
      "spin_rate": 2267,
      "swing_miss_percent": 7.1,
      "arm_angle": 30.8,
      "barrels_per_pa_percent": 6.382978723404255,
      "hardhit_percent": 41.935483870967744,
      "whiffs_per_pitch": 0.02857142857142857,
      "active_spin_percent": 90.6
    },
    {
      "code": "CH",
      "title": "changeup",
      "color": "#1DBF3A",
      "count": 98,
      "pitch_percent": 0.1192214111922141,
      "rhh_percent": 0.025821596244131457,
      "lhh_percent": 0.2196969696969697,
      "start_speed": 89.95306122448982,
      "max_start_speed": 91.9,
      "ivb": -3.2836734693877556,
      "hb": 14.468367346938772,
      "release_pos_z": 5.111995545182743,
      "release_pos_x": 2.7699362971583503,
      "extension": 6.334656620909372,
      "pitches": 98,
      "whiffs": 18,
      "swings": 41,
      "spin_rate": 1723,
      "swing_miss_percent": 43.9,
      "arm_angle": 26.9,
      "barrels_per_pa_percent": 8.333333333333332,
      "hardhit_percent": 50,
      "whiffs_per_pitch": 0.1836734693877551,
      "active_spin_percent": 78.9
    },
    {
      "code": "FF",
      "title": "four-seam fastball",
      "color": "#D22D49",
      "count": 40,
      "pitch_percent": 0.04866180048661801,
      "rhh_percent": 0.035211267605633804,
      "lhh_percent": 0.06313131313131314,
      "start_speed": 95.75250000000001,
      "max_start_speed": 98.4,
      "ivb": 13.342500000000001,
      "hb": 10.549999999999999,
      "release_pos_z": 5.3011280171665165,
      "release_pos_x": 2.6923920185645054,
      "extension": 6.384464947133057,
      "pitches": 43,
      "whiffs": 7,
      "swings": 18,
      "spin_rate": 2189,
      "swing_miss_percent": 38.9,
      "arm_angle": 29.2,
      "barrels_per_pa_percent": 0,
      "hardhit_percent": 20,
      "whiffs_per_pitch": 0.16279069767441862,
      "active_spin_percent": 87.1
    },
    {
      "code": "KC",
      "title": "knuckle curve",
      "color": "#6236CD",
      "count": 6,
      "pitch_percent": 0.0072992700729927005,
      "rhh_percent": 0.002347417840375587,
      "lhh_percent": 0.012626262626262626,
      "start_speed": 83.83333333333333,
      "max_start_speed": 85.9,
      "ivb": -8.4,
      "hb": -15.766666666666667,
      "release_pos_z": 5.261095775002235,
      "release_pos_x": 2.574708530601448,
      "extension": 6.354360606507734,
      "pitches": 6,
      "whiffs": 1,
      "swings": 4,
      "spin_rate": 2992,
      "swing_miss_percent": 25,
      "arm_angle": 31.4,
      "barrels_per_pa_percent": 0,
      "hardhit_percent": 33.33333333333333,
      "whiffs_per_pitch": 0.16666666666666666,
      "active_spin_percent": null
    }
  ]
}