{
  "pitcher_id": "666661",
  "pitcher_name": "Juan Morillo",
  "pitches": [
    {
      "code": "FF",
      "title": "four-seam fastball",
      "color": "#D22D49",
      "count": 292,
      "pitch_percent": 0.473257698541329,
      "rhh_percent": 0.35646687697160884,
      "lhh_percent": 0.5966666666666667,
      "start_speed": 98.99999999999999,
      "max_start_speed": 100.8,
      "ivb": 16.50787671232877,
      "hb": 5.389383561643835,
      "release_pos_z": 5.760185431560488,
      "release_pos_x": 1.6066281587874516,
      "extension": 6.370299465099344,
      "pitches": 285,
      "whiffs": 37,
      "swings": 143,
      "spin_rate": 2246,
      "swing_miss_percent": 25.9,
      "arm_angle": 46.1,
      "barrels_per_pa_percent": 2.666666666666667,
      "hardhit_percent": 52.63157894736842,
      "whiffs_per_pitch": 0.12982456140350876,
      "active_spin_percent": 92.4
    },
    {
      "code": "SL",
      "title": "slider",
      "color": "#EEE716",
      "count": 130,
      "pitch_percent": 0.2106969205834684,
      "rhh_percent": 0.2902208201892745,
      "lhh_percent": 0.12666666666666668,
      "start_speed": 89.31923076923083,
      "max_start_speed": 92.5,
      "ivb": -1.2415384615384613,
      "hb": -5.730769230769231,
      "release_pos_z": 5.80537846994402,
      "release_pos_x": 1.4960810490261138,
      "extension": 6.411337873397439,
      "pitches": 130,
      "whiffs": 15,
      "swings": 52,
      "spin_rate": 2547,
      "swing_miss_percent": 28.8,
      "arm_angle": 48.3,
      "barrels_per_pa_percent": 10.344827586206897,
      "hardhit_percent": 47.368421052631575,
      "whiffs_per_pitch": 0.11538461538461539,
      "active_spin_percent": 40.1
    },
    {
      "code": "SI",
      "title": "sinker",
      "color": "#FE9E00",
      "count": 113,
      "pitch_percent": 0.18314424635332252,
      "rhh_percent": 0.3217665615141956,
      "lhh_percent": 0.03666666666666667,
      "start_speed": 98.86017699115044,
      "max_start_speed": 100.3,
      "ivb": 12.872566371681415,
      "hb": 13.777876106194691,
      "release_pos_z": 5.787425770169105,
      "release_pos_x": 1.639416147633946,
      "extension": 6.374201625509608,
      "pitches": 118,
      "whiffs": 14,
      "swings": 69,
      "spin_rate": 2217,
      "swing_miss_percent": 20.3,
      "arm_angle": 46.4,
      "barrels_per_pa_percent": 0,
      "hardhit_percent": 28.000000000000004,
      "whiffs_per_pitch": 0.11864406779661017,
      "active_spin_percent": 91.1
    },
    {
      "code": "CH",
      "title": "changeup",
      "color": "#1DBF3A",
      "count": 82,
      "pitch_percent": 0.13290113452188007,
      "rhh_percent": 0.031545741324921134,
      "lhh_percent": 0.24,
      "start_speed": 91.88292682926827,
      "max_start_speed": 94.5,
      "ivb": 8.651219512195125,
      "hb": 14.70487804878049,
      "release_pos_z": 5.831199354754451,
      "release_pos_x": 1.7235844167748535,
      "extension": 6.252680237085591,
      "pitches": 82,
      "whiffs": 14,
      "swings": 35,
      "spin_rate": 2151,
      "swing_miss_percent": 40,
      "arm_angle": 44.7,
      "barrels_per_pa_percent": 0,
      "hardhit_percent": 36.36363636363637,
      "whiffs_per_pitch": 0.17073170731707318,
      "active_spin_percent": 97.5
    }
  ]
}