{
  "pitcher_id": "668964",
  "pitcher_name": "Tobias Myers",
  "pitches": [
    {
      "code": "FF",
      "title": "four-seam fastball",
      "color": "#D22D49",
      "count": 373,
      "pitch_percent": 0.4515738498789346,
      "rhh_percent": 0.45610278372591007,
      "lhh_percent": 0.4456824512534819,
      "start_speed": 93.45656836461121,
      "max_start_speed": 98.2,
      "ivb": 19.478284182305632,
      "hb": 5.491152815013402,
      "release_pos_z": 5.910904459968623,
      "release_pos_x": 0.807231228074823,
      "extension": 6.784063089614125,
      "pitches": 371,
      "whiffs": 28,
      "swings": 189,
      "spin_rate": 2280,
      "swing_miss_percent": 14.8,
      "arm_angle": 61,
      "barrels_per_pa_percent": 4.807692307692308,
      "hardhit_percent": 51.89873417721519,
      "whiffs_per_pitch": 0.07547169811320754,
      "active_spin_percent": 99.4
    },
    {
      "code": "FC",
      "title": "cutter",
      "color": "#933F2C",
      "count": 161,
      "pitch_percent": 0.19491525423728814,
      "rhh_percent": 0.19700214132762311,
      "lhh_percent": 0.19220055710306408,
      "start_speed": 87.66149068322979,
      "max_start_speed": 91.7,
      "ivb": 11.700000000000001,
      "hb": -4.26335403726708,
      "release_pos_z": 5.869495354311887,
      "release_pos_x": 0.9667591128418815,
      "extension": 6.753064823996912,
      "pitches": 161,
      "whiffs": 16,
      "swings": 73,
      "spin_rate": 2158,
      "swing_miss_percent": 21.9,
      "arm_angle": 59.3,
      "barrels_per_pa_percent": 5.714285714285714,
      "hardhit_percent": 46.42857142857143,
      "whiffs_per_pitch": 0.09937888198757763,
      "active_spin_percent": 71.4
    },
    {
      "code": "SL",
      "title": "slider",
      "color": "#EEE716",
      "count": 139,
      "pitch_percent": 0.1682808716707022,
      "rhh_percent": 0.23768736616702354,
      "lhh_percent": 0.07799442896935933,
      "start_speed": 84.46258992805753,
      "max_start_speed": 90.3,
      "ivb": 2.848920863309352,
      "hb": -4.229496402877699,
      "release_pos_z": 5.964603265212965,
      "release_pos_x": 0.872737568315404,
      "extension": 6.663742995257293,
      "pitches": 139,
      "whiffs": 14,
      "swings": 78,
      "spin_rate": 2128,
      "swing_miss_percent": 17.9,
      "arm_angle": 61.7,
      "barrels_per_pa_percent": 7.894736842105263,
      "hardhit_percent": 43.333333333333336,
      "whiffs_per_pitch": 0.10071942446043165,
      "active_spin_percent": 42.8
    },
    {
      "code": "FS",
      "title": "splitter",
      "color": "#3BACAC",
      "count": 129,
      "pitch_percent": 0.15617433414043583,
      "rhh_percent": 0.08993576017130621,
      "lhh_percent": 0.24233983286908078,
      "start_speed": 83.09457364341087,
      "max_start_speed": 86.4,
      "ivb": 10.543410852713183,
      "hb": 9.586821705426358,
      "release_pos_z": 5.76857509812238,
      "release_pos_x": 0.8169291733960412,
      "extension": 6.879463271530104,
      "pitches": 129,
      "whiffs": 28,
      "swings": 71,
      "spin_rate": 1529,
      "swing_miss_percent": 39.4,
      "arm_angle": 60.5,
      "barrels_per_pa_percent": 2.631578947368421,
      "hardhit_percent": 24,
      "whiffs_per_pitch": 0.21705426356589147,
      "active_spin_percent": 90.9
    },
    {
      "code": "CU",
      "title": "curveball",
      "color": "#00D2ED",
      "count": 12,
      "pitch_percent": 0.014527845036319613,
      "rhh_percent": 0.006423982869379015,
      "lhh_percent": 0.025069637883008356,
      "start_speed": 76.375,
      "max_start_speed": 78.1,
      "ivb": -9.35,
      "hb": -1.8500000000000003,
      "release_pos_z": 5.888258351053569,
      "release_pos_x": 0.722168676888055,
      "extension": 6.6965716661374195,
      "pitches": 12,
      "whiffs": 1,
      "swings": 1,
      "spin_rate": 2317,
      "swing_miss_percent": 100,
      "arm_angle": 64.2,
      "barrels_per_pa_percent": null,
      "hardhit_percent": null,
      "whiffs_per_pitch": 0.08333333333333333,
      "active_spin_percent": 61.2
    },
    {
      "code": "CH",
      "title": "changeup",
      "color": "#1DBF3A",
      "count": 12,
      "pitch_percent": 0.014527845036319613,
      "rhh_percent": 0.01284796573875803,
      "lhh_percent": 0.016713091922005572,
      "start_speed": 80.125,
      "max_start_speed": 83.4,
      "ivb": 13.783333333333333,
      "hb": 10.791666666666666,
      "release_pos_z": 6.0006232380233575,
      "release_pos_x": 0.8845930074864007,
      "extension": 6.808540430684335,
      "pitches": 12,
      "whiffs": 3,
      "swings": 7,
      "spin_rate": 1801,
      "swing_miss_percent": 42.9,
      "arm_angle": 59.4,
      "barrels_per_pa_percent": 0,
      "hardhit_percent": 100,
      "whiffs_per_pitch": 0.25,
      "active_spin_percent": 98.3
    }
  ]
}