{
  "pitcher_id": "668984",
  "pitcher_name": "Casey Legumina",
  "pitches": [
    {
      "code": "FF",
      "title": "four-seam fastball",
      "color": "#D22D49",
      "count": 485,
      "pitch_percent": 0.5632984901277585,
      "rhh_percent": 0.5419501133786848,
      "lhh_percent": 0.5857142857142857,
      "start_speed": 94.28371134020621,
      "max_start_speed": 97.1,
      "ivb": 13.090515463917516,
      "hb": 14.986597938144332,
      "release_pos_z": 4.707470164054994,
      "release_pos_x": 2.11654327036706,
      "extension": 6.731510165147244,
      "pitches": 423,
      "whiffs": 63,
      "swings": 221,
      "spin_rate": 2434,
      "swing_miss_percent": 28.5,
      "arm_angle": 17.6,
      "barrels_per_pa_percent": 5.405405405405405,
      "hardhit_percent": 42.3728813559322,
      "whiffs_per_pitch": 0.14893617021276595,
      "active_spin_percent": 97
    },
    {
      "code": "ST",
      "title": "sweeper",
      "color": "#DDB43A",
      "count": 149,
      "pitch_percent": 0.17305458768873402,
      "rhh_percent": 0.2471655328798186,
      "lhh_percent": 0.09523809523809523,
      "start_speed": 81.0503355704698,
      "max_start_speed": 83.8,
      "ivb": 6.001342281879191,
      "hb": -9.687919463087248,
      "release_pos_z": 4.480801210057158,
      "release_pos_x": 2.369561059280276,
      "extension": 6.696596699178601,
      "pitches": 149,
      "whiffs": 19,
      "swings": 70,
      "spin_rate": 2688,
      "swing_miss_percent": 27.1,
      "arm_angle": 15.2,
      "barrels_per_pa_percent": 4.651162790697675,
      "hardhit_percent": 43.333333333333336,
      "whiffs_per_pitch": 0.12751677852348994,
      "active_spin_percent": 44.8
    },
    {
      "code": "SI",
      "title": "sinker",
      "color": "#FE9E00",
      "count": 135,
      "pitch_percent": 0.156794425087108,
      "rhh_percent": 0.18820861678004536,
      "lhh_percent": 0.12380952380952381,
      "start_speed": 93.80814814814809,
      "max_start_speed": 96.2,
      "ivb": 7.797777777777778,
      "hb": 18.225925925925925,
      "release_pos_z": 4.7178108355692645,
      "release_pos_x": 2.140551299598249,
      "extension": 6.753012270029888,
      "pitches": 196,
      "whiffs": 17,
      "swings": 92,
      "spin_rate": 2288,
      "swing_miss_percent": 18.5,
      "arm_angle": 19,
      "barrels_per_pa_percent": 8.823529411764707,
      "hardhit_percent": 48.148148148148145,
      "whiffs_per_pitch": 0.08673469387755102,
      "active_spin_percent": 96.1
    },
    {
      "code": "CH",
      "title": "changeup",
      "color": "#1DBF3A",
      "count": 92,
      "pitch_percent": 0.10685249709639953,
      "rhh_percent": 0.022675736961451247,
      "lhh_percent": 0.19523809523809524,
      "start_speed": 87.69673913043476,
      "max_start_speed": 90.5,
      "ivb": 0.9195652173913046,
      "hb": 15.456521739130435,
      "release_pos_z": 4.470518597302077,
      "release_pos_x": 2.2841685598217962,
      "extension": 6.808898791388849,
      "pitches": 92,
      "whiffs": 6,
      "swings": 43,
      "spin_rate": 1583,
      "swing_miss_percent": 14,
      "arm_angle": 13,
      "barrels_per_pa_percent": 3.571428571428571,
      "hardhit_percent": 45,
      "whiffs_per_pitch": 0.06521739130434782,
      "active_spin_percent": 89.5
    }
  ]
}