{
  "pitcher_id": "669145",
  "pitcher_name": "Bruce Zimmermann",
  "pitches": [
    {
      "code": "SI",
      "title": "sinker",
      "color": "#FE9E00",
      "count": 28,
      "pitch_percent": 0.3076923076923077,
      "rhh_percent": 0.2857142857142857,
      "lhh_percent": 0.34285714285714286,
      "start_speed": 89.77857142857142,
      "max_start_speed": 91.4,
      "ivb": 6.664285714285714,
      "hb": 15.35,
      "release_pos_z": 5.894064834777042,
      "release_pos_x": 1.2307400297700077,
      "extension": 6.1170375930982654,
      "pitches": 28,
      "whiffs": 0,
      "swings": 11,
      "spin_rate": 2323,
      "swing_miss_percent": 0,
      "arm_angle": 40.4,
      "barrels_per_pa_percent": 0,
      "hardhit_percent": 33.33333333333333,
      "whiffs_per_pitch": 0,
      "active_spin_percent": null
    },
    {
      "code": "FS",
      "title": "splitter",
      "color": "#3BACAC",
      "count": 19,
      "pitch_percent": 0.2087912087912088,
      "rhh_percent": 0.32142857142857145,
      "lhh_percent": 0.02857142857142857,
      "start_speed": 82.74736842105263,
      "max_start_speed": 83.8,
      "ivb": 2.3842105263157896,
      "hb": 10.810526315789474,
      "release_pos_z": 5.900082929140507,
      "release_pos_x": 1.1877736131666357,
      "extension": 6.238242454362632,
      "pitches": 19,
      "whiffs": 3,
      "swings": 15,
      "spin_rate": 1542,
      "swing_miss_percent": 20,
      "arm_angle": 43.6,
      "barrels_per_pa_percent": 14.285714285714285,
      "hardhit_percent": 50,
      "whiffs_per_pitch": 0.15789473684210525,
      "active_spin_percent": null
    },
    {
      "code": "SL",
      "title": "slider",
      "color": "#EEE716",
      "count": 16,
      "pitch_percent": 0.17582417582417584,
      "rhh_percent": 0.16071428571428573,
      "lhh_percent": 0.2,
      "start_speed": 82.81875,
      "max_start_speed": 84.5,
      "ivb": -3.4062499999999996,
      "hb": -0.11874999999999995,
      "release_pos_z": 6.032490464884073,
      "release_pos_x": 1.013808578166642,
      "extension": 6.207838006893852,
      "pitches": 16,
      "whiffs": 1,
      "swings": 6,
      "spin_rate": 2365,
      "swing_miss_percent": 16.7,
      "arm_angle": 48.1,
      "barrels_per_pa_percent": 0,
      "hardhit_percent": 25,
      "whiffs_per_pitch": 0.0625,
      "active_spin_percent": null
    },
    {
      "code": "CU",
      "title": "curveball",
      "color": "#00D2ED",
      "count": 12,
      "pitch_percent": 0.13186813186813187,
      "rhh_percent": 0.125,
      "lhh_percent": 0.14285714285714285,
      "start_speed": 78.85833333333333,
      "max_start_speed": 82,
      "ivb": -8.741666666666667,
      "hb": -9.558333333333334,
      "release_pos_z": 6.1218268794147574,
      "release_pos_x": 0.9778279752773353,
      "extension": 6.0922446435390585,
      "pitches": 12,
      "whiffs": 0,
      "swings": 3,
      "spin_rate": 2342,
      "swing_miss_percent": 0,
      "arm_angle": 52.1,
      "barrels_per_pa_percent": 0,
      "hardhit_percent": 100,
      "whiffs_per_pitch": 0,
      "active_spin_percent": null
    },
    {
      "code": "FF",
      "title": "four-seam fastball",
      "color": "#D22D49",
      "count": 10,
      "pitch_percent": 0.10989010989010989,
      "rhh_percent": 0.05357142857142857,
      "lhh_percent": 0.2,
      "start_speed": 90.30999999999999,
      "max_start_speed": 91.1,
      "ivb": 12.59,
      "hb": 5.67,
      "release_pos_z": 5.932211206795857,
      "release_pos_x": 1.1255060417350893,
      "extension": 6.1148742797925575,
      "pitches": 10,
      "whiffs": 0,
      "swings": 3,
      "spin_rate": 2424,
      "swing_miss_percent": 0,
      "arm_angle": 43.7,
      "barrels_per_pa_percent": 0,
      "hardhit_percent": 0,
      "whiffs_per_pitch": 0,
      "active_spin_percent": null
    },
    {
      "code": "FC",
      "title": "cutter",
      "color": "#933F2C",
      "count": 6,
      "pitch_percent": 0.06593406593406594,
      "rhh_percent": 0.05357142857142857,
      "lhh_percent": 0.08571428571428572,
      "start_speed": 86.08333333333333,
      "max_start_speed": 86.9,
      "ivb": 7.45,
      "hb": 2.6,
      "release_pos_z": 6.032823168135697,
      "release_pos_x": 1.0753723901766061,
      "extension": 6.163476012989951,
      "pitches": 6,
      "whiffs": 0,
      "swings": 3,
      "spin_rate": 2472,
      "swing_miss_percent": 0,
      "arm_angle": 45.8,
      "barrels_per_pa_percent": 0,
      "hardhit_percent": 50,
      "whiffs_per_pitch": 0,
      "active_spin_percent": null
    }
  ]
}