{
  "pitcher_id": "669203",
  "pitcher_name": "Corbin Burnes",
  "pitches": [
    {
      "code": "FC",
      "title": "cutter",
      "color": "#933F2C",
      "count": 554,
      "pitch_percent": 0.5490584737363726,
      "rhh_percent": 0.45433255269320844,
      "lhh_percent": 0.6185567010309279,
      "start_speed": 94.08212996389891,
      "max_start_speed": 96.9,
      "ivb": 12.196209386281593,
      "hb": -2.422924187725631,
      "release_pos_z": 5.89536768721517,
      "release_pos_x": 0.7582588273452633,
      "extension": 6.522767237567346,
      "pitches": 554,
      "whiffs": 53,
      "swings": 244,
      "spin_rate": 2662,
      "swing_miss_percent": 21.7,
      "arm_angle": 40.4,
      "barrels_per_pa_percent": 5.785123966942149,
      "hardhit_percent": 43.529411764705884,
      "whiffs_per_pitch": 0.09566787003610108,
      "active_spin_percent": 62.1
    },
    {
      "code": "CU",
      "title": "curveball",
      "color": "#00D2ED",
      "count": 194,
      "pitch_percent": 0.19226957383548068,
      "rhh_percent": 0.10772833723653395,
      "lhh_percent": 0.2542955326460481,
      "start_speed": 80.03350515463917,
      "max_start_speed": 82.9,
      "ivb": -11.501546391752571,
      "hb": -9.706701030927839,
      "release_pos_z": 5.964367398771633,
      "release_pos_x": 0.5655672417480458,
      "extension": 6.459184538196462,
      "pitches": 194,
      "whiffs": 42,
      "swings": 96,
      "spin_rate": 2811,
      "swing_miss_percent": 43.8,
      "arm_angle": 45.7,
      "barrels_per_pa_percent": 1.4925373134328357,
      "hardhit_percent": 34.375,
      "whiffs_per_pitch": 0.21649484536082475,
      "active_spin_percent": 70.7
    },
    {
      "code": "SI",
      "title": "sinker",
      "color": "#FE9E00",
      "count": 97,
      "pitch_percent": 0.09613478691774034,
      "rhh_percent": 0.22716627634660422,
      "lhh_percent": 0,
      "start_speed": 95.61443298969071,
      "max_start_speed": 98.1,
      "ivb": 10.909278350515466,
      "hb": 12.643298969072159,
      "release_pos_z": 5.830325875890367,
      "release_pos_x": 0.750977088493348,
      "extension": 6.557609345014623,
      "pitches": 96,
      "whiffs": 3,
      "swings": 44,
      "spin_rate": 2496,
      "swing_miss_percent": 6.8,
      "arm_angle": 39.9,
      "barrels_per_pa_percent": 6.451612903225806,
      "hardhit_percent": 52.17391304347826,
      "whiffs_per_pitch": 0.03125,
      "active_spin_percent": 74
    },
    {
      "code": "SL",
      "title": "slider",
      "color": "#EEE716",
      "count": 91,
      "pitch_percent": 0.09018830525272548,
      "rhh_percent": 0.2107728337236534,
      "lhh_percent": 0.001718213058419244,
      "start_speed": 87.92967032967032,
      "max_start_speed": 93.4,
      "ivb": 1.447252747252748,
      "hb": -6.295604395604395,
      "release_pos_z": 5.796050041624656,
      "release_pos_x": 0.8261559282258779,
      "extension": 6.531334178229978,
      "pitches": 91,
      "whiffs": 12,
      "swings": 50,
      "spin_rate": 2849,
      "swing_miss_percent": 24,
      "arm_angle": 39.8,
      "barrels_per_pa_percent": 10,
      "hardhit_percent": 42.857142857142854,
      "whiffs_per_pitch": 0.13186813186813187,
      "active_spin_percent": 37.9
    },
    {
      "code": "CH",
      "title": "changeup",
      "color": "#1DBF3A",
      "count": 73,
      "pitch_percent": 0.07234886025768088,
      "rhh_percent": 0,
      "lhh_percent": 0.1254295532646048,
      "start_speed": 88.34931506849317,
      "max_start_speed": 91.2,
      "ivb": 7.745205479452054,
      "hb": 15.393150684931504,
      "release_pos_z": 5.629876354668594,
      "release_pos_x": 0.8925980901916171,
      "extension": 6.66096561002031,
      "pitches": 72,
      "whiffs": 10,
      "swings": 31,
      "spin_rate": 2174,
      "swing_miss_percent": 32.3,
      "arm_angle": 37.8,
      "barrels_per_pa_percent": 7.6923076923076925,
      "hardhit_percent": 30,
      "whiffs_per_pitch": 0.1388888888888889,
      "active_spin_percent": 77.7
    }
  ]
}