{
  "pitcher_id": "669371",
  "pitcher_name": "Cole Henry",
  "pitches": [
    {
      "code": "FF",
      "title": "four-seam fastball",
      "color": "#D22D49",
      "count": 495,
      "pitch_percent": 0.5118924508790073,
      "rhh_percent": 0.43478260869565216,
      "lhh_percent": 0.625,
      "start_speed": 94.44202020202025,
      "max_start_speed": 97.9,
      "ivb": 14.15737373737373,
      "hb": 14.519191919191917,
      "release_pos_z": 5.362225935045329,
      "release_pos_x": 1.9986234857223049,
      "extension": 6.783793026696117,
      "pitches": 488,
      "whiffs": 66,
      "swings": 224,
      "spin_rate": 2538,
      "swing_miss_percent": 29.5,
      "arm_angle": 24.4,
      "barrels_per_pa_percent": 3.64963503649635,
      "hardhit_percent": 39.189189189189186,
      "whiffs_per_pitch": 0.13524590163934427,
      "active_spin_percent": 95.1
    },
    {
      "code": "CU",
      "title": "curveball",
      "color": "#00D2ED",
      "count": 318,
      "pitch_percent": 0.32885211995863495,
      "rhh_percent": 0.40695652173913044,
      "lhh_percent": 0.21428571428571427,
      "start_speed": 80.82201257861631,
      "max_start_speed": 84.1,
      "ivb": 0.5371069182389941,
      "hb": -14.375157232704407,
      "release_pos_z": 5.251582978241644,
      "release_pos_x": 2.233361420440764,
      "extension": 6.425971793552407,
      "active_spin_percent": null
    },
    {
      "code": "SI",
      "title": "sinker",
      "color": "#FE9E00",
      "count": 92,
      "pitch_percent": 0.09513960703205791,
      "rhh_percent": 0.1443478260869565,
      "lhh_percent": 0.02295918367346939,
      "start_speed": 94.51304347826088,
      "max_start_speed": 96.7,
      "ivb": 7.260869565217392,
      "hb": 18.35326086956521,
      "release_pos_z": 5.328184344208996,
      "release_pos_x": 2.0177434136256083,
      "extension": 6.768584889966636,
      "pitches": 98,
      "whiffs": 4,
      "swings": 49,
      "spin_rate": 2340,
      "swing_miss_percent": 8.2,
      "arm_angle": 23.5,
      "barrels_per_pa_percent": 13.333333333333334,
      "hardhit_percent": 50,
      "whiffs_per_pitch": 0.04081632653061224,
      "active_spin_percent": 93.9
    },
    {
      "code": "FC",
      "title": "cutter",
      "color": "#933F2C",
      "count": 35,
      "pitch_percent": 0.03619441571871768,
      "rhh_percent": 0.01391304347826087,
      "lhh_percent": 0.06887755102040816,
      "start_speed": 87.72,
      "max_start_speed": 89.5,
      "ivb": 6.068571428571428,
      "hb": -2.0657142857142854,
      "release_pos_z": 5.36055386224311,
      "release_pos_x": 2.133576907706941,
      "extension": 6.5245167159752295,
      "pitches": 35,
      "whiffs": 1,
      "swings": 17,
      "spin_rate": 2444,
      "swing_miss_percent": 5.9,
      "arm_angle": 23.9,
      "barrels_per_pa_percent": 11.11111111111111,
      "hardhit_percent": 37.5,
      "whiffs_per_pitch": 0.02857142857142857,
      "active_spin_percent": 29.8
    },
    {
      "code": "CH",
      "title": "changeup",
      "color": "#1DBF3A",
      "count": 27,
      "pitch_percent": 0.027921406411582212,
      "rhh_percent": 0,
      "lhh_percent": 0.06887755102040816,
      "start_speed": 87.29629629629629,
      "max_start_speed": 88.9,
      "ivb": 3.3925925925925924,
      "hb": 18.614814814814817,
      "release_pos_z": 5.136410072426673,
      "release_pos_x": 2.103470720315043,
      "extension": 6.758900381048086,
      "pitches": 27,
      "whiffs": 1,
      "swings": 7,
      "spin_rate": 2251,
      "swing_miss_percent": 14.3,
      "arm_angle": 17.5,
      "barrels_per_pa_percent": 0,
      "hardhit_percent": 50,
      "whiffs_per_pitch": 0.037037037037037035,
      "active_spin_percent": 93.9
    }
  ]
}