{
  "pitcher_id": "669422",
  "pitcher_name": "Matt Sauer",
  "pitches": [
    {
      "code": "FC",
      "title": "cutter",
      "color": "#933F2C",
      "count": 163,
      "pitch_percent": 0.318359375,
      "rhh_percent": 0.31868131868131866,
      "lhh_percent": 0.3179916317991632,
      "start_speed": 89.95092024539879,
      "max_start_speed": 93.5,
      "ivb": 7.614110429447851,
      "hb": -4.638036809815952,
      "release_pos_z": 5.931664207162476,
      "release_pos_x": 2.5456085117334877,
      "extension": 6.489018122688045,
      "pitches": 162,
      "whiffs": 16,
      "swings": 87,
      "spin_rate": 2534,
      "swing_miss_percent": 18.4,
      "arm_angle": 41.2,
      "barrels_per_pa_percent": 8.333333333333332,
      "hardhit_percent": 38.23529411764706,
      "whiffs_per_pitch": 0.09876543209876543,
      "active_spin_percent": 46.2
    },
    {
      "code": "FF",
      "title": "four-seam fastball",
      "color": "#D22D49",
      "count": 112,
      "pitch_percent": 0.21875,
      "rhh_percent": 0.14652014652014653,
      "lhh_percent": 0.301255230125523,
      "start_speed": 94.14999999999999,
      "max_start_speed": 96.4,
      "ivb": 16.37053571428571,
      "hb": 5.260714285714287,
      "release_pos_z": 5.9986353995904125,
      "release_pos_x": 2.284926797308355,
      "extension": 6.5426802233246715,
      "pitches": 112,
      "whiffs": 11,
      "swings": 57,
      "spin_rate": 2183,
      "swing_miss_percent": 19.3,
      "arm_angle": 45,
      "barrels_per_pa_percent": 4.545454545454546,
      "hardhit_percent": 56.25,
      "whiffs_per_pitch": 0.09821428571428571,
      "active_spin_percent": 90.1
    },
    {
      "code": "SL",
      "title": "slider",
      "color": "#EEE716",
      "count": 96,
      "pitch_percent": 0.1875,
      "rhh_percent": 0.21978021978021978,
      "lhh_percent": 0.1506276150627615,
      "start_speed": 83.76666666666664,
      "max_start_speed": 86.4,
      "ivb": -5.079166666666668,
      "hb": -5.922916666666667,
      "release_pos_z": 6.134328679429919,
      "release_pos_x": 2.313337271176016,
      "extension": 6.403331797150311,
      "pitches": 96,
      "whiffs": 9,
      "swings": 55,
      "spin_rate": 2468,
      "swing_miss_percent": 16.4,
      "arm_angle": 48.6,
      "barrels_per_pa_percent": 0,
      "hardhit_percent": 34.78260869565217,
      "whiffs_per_pitch": 0.09375,
      "active_spin_percent": 50.9
    },
    {
      "code": "SI",
      "title": "sinker",
      "color": "#FE9E00",
      "count": 90,
      "pitch_percent": 0.17578125,
      "rhh_percent": 0.27472527472527475,
      "lhh_percent": 0.06276150627615062,
      "start_speed": 94.31333333333335,
      "max_start_speed": 96.7,
      "ivb": 12.883333333333333,
      "hb": 14.284444444444448,
      "release_pos_z": 5.946281121225357,
      "release_pos_x": 2.25892120676034,
      "extension": 6.624562396906234,
      "pitches": 90,
      "whiffs": 4,
      "swings": 39,
      "spin_rate": 2102,
      "swing_miss_percent": 10.3,
      "arm_angle": 44.9,
      "barrels_per_pa_percent": 9.523809523809524,
      "hardhit_percent": 17.647058823529413,
      "whiffs_per_pitch": 0.044444444444444446,
      "active_spin_percent": 92.9
    },
    {
      "code": "FS",
      "title": "splitter",
      "color": "#3BACAC",
      "count": 46,
      "pitch_percent": 0.08984375,
      "rhh_percent": 0.03296703296703297,
      "lhh_percent": 0.15481171548117154,
      "start_speed": 87.31086956521739,
      "max_start_speed": 90.6,
      "ivb": 6.799999999999998,
      "hb": 12.38695652173913,
      "release_pos_z": 5.975596359016061,
      "release_pos_x": 2.3316024971508287,
      "extension": 6.619493230734505,
      "pitches": 46,
      "whiffs": 9,
      "swings": 19,
      "spin_rate": 1557,
      "swing_miss_percent": 47.4,
      "arm_angle": 45,
      "barrels_per_pa_percent": 12.5,
      "hardhit_percent": 50,
      "whiffs_per_pitch": 0.1956521739130435,
      "active_spin_percent": 80
    },
    {
      "code": "CU",
      "title": "curveball",
      "color": "#00D2ED",
      "count": 5,
      "pitch_percent": 0.009765625,
      "rhh_percent": 0.007326007326007326,
      "lhh_percent": 0.012552301255230125,
      "start_speed": 82.16000000000001,
      "max_start_speed": 84.1,
      "ivb": -6.5,
      "hb": -11.580000000000002,
      "release_pos_z": 6.138602080857254,
      "release_pos_x": 2.1413619209988215,
      "extension": 6.466380752982296,
      "pitches": 5,
      "whiffs": 1,
      "swings": 2,
      "spin_rate": 2547,
      "swing_miss_percent": 50,
      "arm_angle": 51.1,
      "barrels_per_pa_percent": null,
      "hardhit_percent": null,
      "whiffs_per_pitch": 0.2,
      "active_spin_percent": null
    }
  ]
}