{
  "pitcher_id": "669674",
  "pitcher_name": "Sam Long",
  "pitches": [
    {
      "code": "FF",
      "title": "four-seam fastball",
      "color": "#D22D49",
      "count": 279,
      "pitch_percent": 0.3549618320610687,
      "rhh_percent": 0.3711340206185567,
      "lhh_percent": 0.3289036544850498,
      "start_speed": 93.17096774193548,
      "max_start_speed": 96,
      "ivb": 16.223297491039414,
      "hb": 6.855555555555555,
      "release_pos_z": 5.901429261567611,
      "release_pos_x": 1.6966873292662774,
      "extension": 6.103257213687885,
      "pitches": 279,
      "whiffs": 15,
      "swings": 134,
      "spin_rate": 2310,
      "swing_miss_percent": 11.2,
      "arm_angle": 49.6,
      "barrels_per_pa_percent": 8.955223880597014,
      "hardhit_percent": 51.11111111111111,
      "whiffs_per_pitch": 0.053763440860215055,
      "active_spin_percent": 91.9
    },
    {
      "code": "SL",
      "title": "slider",
      "color": "#EEE716",
      "count": 202,
      "pitch_percent": 0.25699745547073793,
      "rhh_percent": 0.19381443298969073,
      "lhh_percent": 0.3588039867109635,
      "start_speed": 84.85396039603964,
      "max_start_speed": 87.6,
      "ivb": 2.7618811881188106,
      "hb": -1.8391089108910894,
      "release_pos_z": 5.942006828348662,
      "release_pos_x": 1.6543514789267244,
      "extension": 6.024721405888681,
      "pitches": 201,
      "whiffs": 30,
      "swings": 95,
      "spin_rate": 2260,
      "swing_miss_percent": 31.6,
      "arm_angle": 52.1,
      "barrels_per_pa_percent": 5.405405405405405,
      "hardhit_percent": 40.74074074074074,
      "whiffs_per_pitch": 0.14925373134328357,
      "active_spin_percent": 15.9
    },
    {
      "code": "CU",
      "title": "curveball",
      "color": "#00D2ED",
      "count": 146,
      "pitch_percent": 0.18575063613231552,
      "rhh_percent": 0.22268041237113403,
      "lhh_percent": 0.12624584717607973,
      "start_speed": 76.93630136986303,
      "max_start_speed": 83.8,
      "ivb": -13.180136986301362,
      "hb": -5.1876712328767125,
      "release_pos_z": 5.979412007658753,
      "release_pos_x": 1.67258466662674,
      "extension": 5.8499332264133725,
      "pitches": 146,
      "whiffs": 15,
      "swings": 62,
      "spin_rate": 2597,
      "swing_miss_percent": 24.2,
      "arm_angle": 50.8,
      "barrels_per_pa_percent": 0,
      "hardhit_percent": 47.61904761904761,
      "whiffs_per_pitch": 0.10273972602739725,
      "active_spin_percent": 74.6
    },
    {
      "code": "SI",
      "title": "sinker",
      "color": "#FE9E00",
      "count": 83,
      "pitch_percent": 0.10559796437659033,
      "rhh_percent": 0.061855670103092786,
      "lhh_percent": 0.1760797342192691,
      "start_speed": 92.64698795180723,
      "max_start_speed": 94.9,
      "ivb": 8.212048192771086,
      "hb": 15.439759036144576,
      "release_pos_z": 5.512342442094509,
      "release_pos_x": 2.1263426962960135,
      "extension": 5.980054908136396,
      "pitches": 83,
      "whiffs": 4,
      "swings": 39,
      "spin_rate": 2200,
      "swing_miss_percent": 10.3,
      "arm_angle": 36.8,
      "barrels_per_pa_percent": 7.142857142857142,
      "hardhit_percent": 42.857142857142854,
      "whiffs_per_pitch": 0.04819277108433735,
      "active_spin_percent": 84
    },
    {
      "code": "FS",
      "title": "splitter",
      "color": "#3BACAC",
      "count": 73,
      "pitch_percent": 0.09287531806615776,
      "rhh_percent": 0.15051546391752577,
      "lhh_percent": 0,
      "start_speed": 86.3849315068493,
      "max_start_speed": 89.4,
      "ivb": 4.615068493150686,
      "hb": 9.880821917808214,
      "release_pos_z": 5.8312824506113,
      "release_pos_x": 1.909668221266553,
      "extension": 5.986580378317567,
      "pitches": 73,
      "whiffs": 4,
      "swings": 29,
      "spin_rate": 1591,
      "swing_miss_percent": 13.8,
      "arm_angle": 45.3,
      "barrels_per_pa_percent": 5,
      "hardhit_percent": 18.75,
      "whiffs_per_pitch": 0.0547945205479452,
      "active_spin_percent": 77.6
    },
    {
      "code": "ST",
      "title": "sweeper",
      "color": "#DDB43A",
      "count": 3,
      "pitch_percent": 0.003816793893129771,
      "rhh_percent": 0,
      "lhh_percent": 0.009966777408637873,
      "start_speed": 82.86666666666666,
      "max_start_speed": 83.2,
      "ivb": 0.3666666666666667,
      "hb": -17.166666666666668,
      "release_pos_z": 5.138051443740018,
      "release_pos_x": 2.8375085928915595,
      "extension": 5.845112872661583,
      "pitches": 3,
      "whiffs": 1,
      "swings": 2,
      "spin_rate": 2608,
      "swing_miss_percent": 50,
      "arm_angle": 21.3,
      "barrels_per_pa_percent": 0,
      "hardhit_percent": 0,
      "whiffs_per_pitch": 0.3333333333333333,
      "active_spin_percent": null
    }
  ]
}