{
  "pitcher_id": "669622",
  "pitcher_name": "Anthony Bender",
  "pitches": [
    {
      "code": "ST",
      "title": "sweeper",
      "color": "#DDB43A",
      "count": 360,
      "pitch_percent": 0.45977011494252873,
      "rhh_percent": 0.6235565819861432,
      "lhh_percent": 0.2571428571428571,
      "start_speed": 83.90583333333336,
      "max_start_speed": 87.2,
      "ivb": 2.253888888888889,
      "hb": -16.764999999999986,
      "release_pos_z": 5.253060786010474,
      "release_pos_x": 2.168296392082615,
      "extension": 5.634684110678559,
      "pitches": 360,
      "whiffs": 41,
      "swings": 151,
      "spin_rate": 2779,
      "swing_miss_percent": 27.2,
      "arm_angle": 9.2,
      "barrels_per_pa_percent": 4.444444444444445,
      "hardhit_percent": 40,
      "whiffs_per_pitch": 0.11388888888888889,
      "active_spin_percent": 55.4
    },
    {
      "code": "SI",
      "title": "sinker",
      "color": "#FE9E00",
      "count": 208,
      "pitch_percent": 0.2656449553001277,
      "rhh_percent": 0.30484988452655887,
      "lhh_percent": 0.21714285714285714,
      "start_speed": 96.58317307692309,
      "max_start_speed": 98.6,
      "ivb": 3.1822115384615373,
      "hb": 18.422596153846165,
      "release_pos_z": 5.837237374663261,
      "release_pos_x": 1.6733602170263575,
      "extension": 5.7701150429127965,
      "pitches": 209,
      "whiffs": 4,
      "swings": 77,
      "spin_rate": 2320,
      "swing_miss_percent": 5.2,
      "arm_angle": 23.4,
      "barrels_per_pa_percent": 5.172413793103448,
      "hardhit_percent": 55.00000000000001,
      "whiffs_per_pitch": 0.019138755980861243,
      "active_spin_percent": 83.3
    },
    {
      "code": "SL",
      "title": "slider",
      "color": "#EEE716",
      "count": 175,
      "pitch_percent": 0.22349936143039592,
      "rhh_percent": 0.07159353348729793,
      "lhh_percent": 0.4114285714285714,
      "start_speed": 87.36457142857142,
      "max_start_speed": 89.9,
      "ivb": -1.0525714285714287,
      "hb": -4.574285714285716,
      "release_pos_z": 5.779074591594889,
      "release_pos_x": 1.8264181265606223,
      "extension": 5.834863819902749,
      "pitches": 175,
      "whiffs": 20,
      "swings": 81,
      "spin_rate": 2664,
      "swing_miss_percent": 24.7,
      "arm_angle": 23.2,
      "barrels_per_pa_percent": 2.380952380952381,
      "hardhit_percent": 36.666666666666664,
      "whiffs_per_pitch": 0.11428571428571428,
      "active_spin_percent": 31.1
    },
    {
      "code": "CH",
      "title": "changeup",
      "color": "#1DBF3A",
      "count": 27,
      "pitch_percent": 0.034482758620689655,
      "rhh_percent": 0,
      "lhh_percent": 0.07714285714285714,
      "start_speed": 89.26296296296299,
      "max_start_speed": 91.6,
      "ivb": -1.011111111111111,
      "hb": 17.34814814814815,
      "release_pos_z": 5.409342799653199,
      "release_pos_x": 2.071877322243068,
      "extension": 5.958226856454683,
      "pitches": 28,
      "whiffs": 1,
      "swings": 11,
      "spin_rate": 1806,
      "swing_miss_percent": 9.1,
      "arm_angle": 14.9,
      "barrels_per_pa_percent": 25,
      "hardhit_percent": 66.66666666666666,
      "whiffs_per_pitch": 0.03571428571428571,
      "active_spin_percent": 86.4
    },
    {
      "code": "FF",
      "title": "four-seam fastball",
      "color": "#D22D49",
      "count": 13,
      "pitch_percent": 0.016602809706257982,
      "rhh_percent": 0,
      "lhh_percent": 0.037142857142857144,
      "start_speed": 95.86923076923077,
      "max_start_speed": 97.7,
      "ivb": 13.069230769230769,
      "hb": 13.276923076923076,
      "release_pos_z": 5.683364193871455,
      "release_pos_x": 1.7667074846316297,
      "extension": 5.82271210052026,
      "pitches": 10,
      "whiffs": 1,
      "swings": 4,
      "spin_rate": 2372,
      "swing_miss_percent": 25,
      "arm_angle": 19.4,
      "barrels_per_pa_percent": 0,
      "hardhit_percent": 50,
      "whiffs_per_pitch": 0.1,
      "active_spin_percent": 82.8
    }
  ]
}