{
  "pitcher_id": "669717",
  "pitcher_name": "Will Wilson",
  "pitches": [
    {
      "code": "SL",
      "title": "slider",
      "color": "#EEE716",
      "count": 15,
      "pitch_percent": 0.5769230769230769,
      "rhh_percent": 0.7692307692307693,
      "lhh_percent": 0.38461538461538464,
      "start_speed": 47.78666666666667,
      "max_start_speed": 51.2,
      "ivb": 19.37333333333333,
      "hb": 8.033333333333333,
      "release_pos_z": 6.367141780980991,
      "release_pos_x": 2.0078203626503934,
      "extension": 3.448812950092225,
      "pitches": 15,
      "whiffs": 0,
      "swings": 5,
      "spin_rate": 1221,
      "swing_miss_percent": 0,
      "arm_angle": 36.3,
      "barrels_per_pa_percent": 50,
      "hardhit_percent": 100,
      "whiffs_per_pitch": 0,
      "active_spin_percent": null
    },
    {
      "code": "CH",
      "title": "changeup",
      "color": "#1DBF3A",
      "count": 9,
      "pitch_percent": 0.34615384615384615,
      "rhh_percent": 0.15384615384615385,
      "lhh_percent": 0.5384615384615384,
      "start_speed": 57.088888888888896,
      "max_start_speed": 66.2,
      "ivb": 18.27777777777778,
      "hb": 12.21111111111111,
      "release_pos_z": 6.329779793083026,
      "release_pos_x": 2.0425871381775162,
      "extension": 3.6129902177763267,
      "pitches": 9,
      "whiffs": 0,
      "swings": 5,
      "spin_rate": 1459,
      "swing_miss_percent": 0,
      "arm_angle": 33.4,
      "barrels_per_pa_percent": 20,
      "hardhit_percent": 40,
      "whiffs_per_pitch": 0,
      "active_spin_percent": null
    },
    {
      "code": "CU",
      "title": "curveball",
      "color": "#00D2ED",
      "count": 2,
      "pitch_percent": 0.07692307692307693,
      "rhh_percent": 0.07692307692307693,
      "lhh_percent": 0.07692307692307693,
      "start_speed": 48.45,
      "max_start_speed": 50.1,
      "ivb": 15.55,
      "hb": 7.45,
      "release_pos_z": 6.331314385858539,
      "release_pos_x": 2.1282455626504024,
      "extension": 3.40820328010073,
      "pitches": 2,
      "whiffs": 0,
      "swings": 1,
      "spin_rate": 1225,
      "swing_miss_percent": 0,
      "arm_angle": 33.8,
      "barrels_per_pa_percent": 100,
      "hardhit_percent": 100,
      "whiffs_per_pitch": 0,
      "active_spin_percent": null
    }
  ]
}