{
  "pitcher_id": "669947",
  "pitcher_name": "Jesse Scholtens",
  "pitches": [
    {
      "code": "FF",
      "title": "four-seam fastball",
      "color": "#D22D49",
      "count": 59,
      "pitch_percent": 0.38311688311688313,
      "rhh_percent": 0.36538461538461536,
      "lhh_percent": 0.42,
      "start_speed": 95.25084745762709,
      "max_start_speed": 97,
      "ivb": 16.091525423728815,
      "hb": 5.961016949152544,
      "release_pos_z": 5.886225348614361,
      "release_pos_x": 1.0500287481433004,
      "extension": 6.6599790232116485,
      "pitches": 59,
      "whiffs": 9,
      "swings": 31,
      "spin_rate": 2208,
      "swing_miss_percent": 29,
      "arm_angle": 41.2,
      "barrels_per_pa_percent": 15.384615384615385,
      "hardhit_percent": 44.44444444444444,
      "whiffs_per_pitch": 0.15254237288135594,
      "active_spin_percent": 94.7
    },
    {
      "code": "SL",
      "title": "slider",
      "color": "#EEE716",
      "count": 49,
      "pitch_percent": 0.3181818181818182,
      "rhh_percent": 0.28846153846153844,
      "lhh_percent": 0.38,
      "start_speed": 87.91020408163264,
      "max_start_speed": 90.2,
      "ivb": 4.089795918367345,
      "hb": -4.855102040816327,
      "release_pos_z": 5.860479838807647,
      "release_pos_x": 1.0789247429894961,
      "extension": 6.643331154984136,
      "pitches": 49,
      "whiffs": 10,
      "swings": 27,
      "spin_rate": 2383,
      "swing_miss_percent": 37,
      "arm_angle": 42.4,
      "barrels_per_pa_percent": 0,
      "hardhit_percent": 50,
      "whiffs_per_pitch": 0.20408163265306123,
      "active_spin_percent": 36.4
    },
    {
      "code": "ST",
      "title": "sweeper",
      "color": "#DDB43A",
      "count": 38,
      "pitch_percent": 0.24675324675324675,
      "rhh_percent": 0.34615384615384615,
      "lhh_percent": 0.04,
      "start_speed": 81.24473684210527,
      "max_start_speed": 84.1,
      "ivb": -1.4078947368421053,
      "hb": -13.410526315789474,
      "release_pos_z": 5.792597867565551,
      "release_pos_x": 1.1123189573957923,
      "extension": 6.615310380182656,
      "pitches": 38,
      "whiffs": 6,
      "swings": 15,
      "spin_rate": 2401,
      "swing_miss_percent": 40,
      "arm_angle": 40.4,
      "barrels_per_pa_percent": 0,
      "hardhit_percent": 0,
      "whiffs_per_pitch": 0.15789473684210525,
      "active_spin_percent": 46.5
    },
    {
      "code": "FS",
      "title": "splitter",
      "color": "#3BACAC",
      "count": 8,
      "pitch_percent": 0.05194805194805195,
      "rhh_percent": 0,
      "lhh_percent": 0.16,
      "start_speed": 84.91250000000001,
      "max_start_speed": 86.9,
      "ivb": 3.2375,
      "hb": 3.7375,
      "release_pos_z": 5.757485992102561,
      "release_pos_x": 1.3223054381233283,
      "extension": 6.718929143369485,
      "pitches": 8,
      "whiffs": 1,
      "swings": 3,
      "spin_rate": 1212,
      "swing_miss_percent": 33.3,
      "arm_angle": 37.7,
      "barrels_per_pa_percent": 0,
      "hardhit_percent": 50,
      "whiffs_per_pitch": 0.125,
      "active_spin_percent": null
    }
  ]
}