{
  "pitcher_id": "670950",
  "pitcher_name": "Trevor Richards",
  "pitches": [
    {
      "code": "FF",
      "title": "four-seam fastball",
      "color": "#D22D49",
      "count": 68,
      "pitch_percent": 0.5862068965517241,
      "rhh_percent": 0.6233766233766234,
      "lhh_percent": 0.5128205128205128,
      "start_speed": 91.38823529411762,
      "max_start_speed": 93.6,
      "ivb": 19.580882352941174,
      "hb": 5.455882352941177,
      "release_pos_z": 6.332516232473102,
      "release_pos_x": 2.10785422632513,
      "extension": 6.474463734491854,
      "pitches": 67,
      "whiffs": 7,
      "swings": 37,
      "spin_rate": 2242,
      "swing_miss_percent": 18.9,
      "arm_angle": 54.9,
      "barrels_per_pa_percent": 0,
      "hardhit_percent": 8.333333333333332,
      "whiffs_per_pitch": 0.1044776119402985,
      "active_spin_percent": 99.2
    },
    {
      "code": "CH",
      "title": "changeup",
      "color": "#1DBF3A",
      "count": 36,
      "pitch_percent": 0.3103448275862069,
      "rhh_percent": 0.23376623376623376,
      "lhh_percent": 0.46153846153846156,
      "start_speed": 79.61388888888888,
      "max_start_speed": 81.5,
      "ivb": -0.04722222222222225,
      "hb": 13.655555555555559,
      "release_pos_z": 6.241905158578782,
      "release_pos_x": 2.393310126225194,
      "extension": 6.415783875670346,
      "pitches": 36,
      "whiffs": 4,
      "swings": 14,
      "spin_rate": 2488,
      "swing_miss_percent": 28.6,
      "arm_angle": 47.9,
      "barrels_per_pa_percent": 0,
      "hardhit_percent": 40,
      "whiffs_per_pitch": 0.1111111111111111,
      "active_spin_percent": 61.3
    },
    {
      "code": "SL",
      "title": "slider",
      "color": "#EEE716",
      "count": 12,
      "pitch_percent": 0.10344827586206896,
      "rhh_percent": 0.14285714285714285,
      "lhh_percent": 0.02564102564102564,
      "start_speed": 83.95833333333333,
      "max_start_speed": 84.9,
      "ivb": 1.9750000000000003,
      "hb": -3.1749999999999994,
      "release_pos_z": 6.233211306574742,
      "release_pos_x": 2.395398263722388,
      "extension": 6.472440091350456,
      "pitches": 12,
      "whiffs": 1,
      "swings": 6,
      "spin_rate": 2248,
      "swing_miss_percent": 16.7,
      "arm_angle": 50.4,
      "barrels_per_pa_percent": 0,
      "hardhit_percent": 50,
      "whiffs_per_pitch": 0.08333333333333333,
      "active_spin_percent": 22.4
    }
  ]
}