{
  "pitcher_id": "670955",
  "pitcher_name": "Edwin Uceta",
  "pitches": [
    {
      "code": "FF",
      "title": "four-seam fastball",
      "color": "#D22D49",
      "count": 493,
      "pitch_percent": 0.4060955518945634,
      "rhh_percent": 0.3798219584569733,
      "lhh_percent": 0.4388888888888889,
      "start_speed": 93.95212981744423,
      "max_start_speed": 96,
      "ivb": 12.959026369168367,
      "hb": 12.115821501014198,
      "release_pos_z": 4.476353340594938,
      "release_pos_x": 1.6282271122135894,
      "extension": 6.111087881605426,
      "pitches": 491,
      "whiffs": 99,
      "swings": 254,
      "spin_rate": 2410,
      "swing_miss_percent": 39,
      "arm_angle": 12.1,
      "barrels_per_pa_percent": 4.761904761904762,
      "hardhit_percent": 37.5,
      "whiffs_per_pitch": 0.20162932790224034,
      "active_spin_percent": 86.9
    },
    {
      "code": "CH",
      "title": "changeup",
      "color": "#1DBF3A",
      "count": 472,
      "pitch_percent": 0.38879736408566723,
      "rhh_percent": 0.3560830860534125,
      "lhh_percent": 0.42962962962962964,
      "start_speed": 88.42521186440679,
      "max_start_speed": 92.1,
      "ivb": -0.3004237288135594,
      "hb": 15.58940677966102,
      "release_pos_z": 4.547555613718618,
      "release_pos_x": 1.725132837642718,
      "extension": 6.3129653132775605,
      "pitches": 472,
      "whiffs": 96,
      "swings": 267,
      "spin_rate": 2151,
      "swing_miss_percent": 36,
      "arm_angle": 14,
      "barrels_per_pa_percent": 6.428571428571428,
      "hardhit_percent": 38.095238095238095,
      "whiffs_per_pitch": 0.2033898305084746,
      "active_spin_percent": 75.9
    },
    {
      "code": "FC",
      "title": "cutter",
      "color": "#933F2C",
      "count": 193,
      "pitch_percent": 0.15897858319604613,
      "rhh_percent": 0.18397626112759644,
      "lhh_percent": 0.12777777777777777,
      "start_speed": 89.38963730569942,
      "max_start_speed": 92.4,
      "ivb": 9.196891191709845,
      "hb": -0.6792746113989644,
      "release_pos_z": 4.665593909294582,
      "release_pos_x": 1.6327436332652576,
      "extension": 6.127439699477064,
      "pitches": 193,
      "whiffs": 30,
      "swings": 96,
      "spin_rate": 2554,
      "swing_miss_percent": 31.3,
      "arm_angle": 16.5,
      "barrels_per_pa_percent": 2.7777777777777777,
      "hardhit_percent": 34.48275862068966,
      "whiffs_per_pitch": 0.15544041450777202,
      "active_spin_percent": 50
    },
    {
      "code": "ST",
      "title": "sweeper",
      "color": "#DDB43A",
      "count": 36,
      "pitch_percent": 0.029654036243822075,
      "rhh_percent": 0.05192878338278932,
      "lhh_percent": 0.001851851851851852,
      "start_speed": 82.13888888888889,
      "max_start_speed": 84.3,
      "ivb": 2.872222222222221,
      "hb": -13.06388888888889,
      "release_pos_z": 4.609570719798711,
      "release_pos_x": 1.6394015786313376,
      "extension": 6.22234061246661,
      "pitches": 35,
      "whiffs": 2,
      "swings": 17,
      "spin_rate": 2502,
      "swing_miss_percent": 11.8,
      "arm_angle": 15.8,
      "barrels_per_pa_percent": 10,
      "hardhit_percent": 37.5,
      "whiffs_per_pitch": 0.05714285714285714,
      "active_spin_percent": 46.8
    },
    {
      "code": "SI",
      "title": "sinker",
      "color": "#FE9E00",
      "count": 20,
      "pitch_percent": 0.016474464579901153,
      "rhh_percent": 0.028189910979228485,
      "lhh_percent": 0.001851851851851852,
      "start_speed": 94.03999999999999,
      "max_start_speed": 95.3,
      "ivb": 5.735,
      "hb": 17.69,
      "release_pos_z": 4.548777524482405,
      "release_pos_x": 1.5128425365998912,
      "extension": 6.254356746914427,
      "pitches": 20,
      "whiffs": 2,
      "swings": 7,
      "spin_rate": 2336,
      "swing_miss_percent": 28.6,
      "arm_angle": 14.6,
      "barrels_per_pa_percent": 0,
      "hardhit_percent": 50,
      "whiffs_per_pitch": 0.1,
      "active_spin_percent": 86.4
    }
  ]
}