{
  "pitcher_id": "672391",
  "pitcher_name": "Kaleb Ort",
  "pitches": [
    {
      "code": "FF",
      "title": "four-seam fastball",
      "color": "#D22D49",
      "count": 428,
      "pitch_percent": 0.5431472081218274,
      "rhh_percent": 0.5671342685370742,
      "lhh_percent": 0.5017301038062284,
      "start_speed": 96.40490654205607,
      "max_start_speed": 98.6,
      "ivb": 18.369859813084112,
      "hb": 7.4259345794392475,
      "release_pos_z": 5.9200626584183675,
      "release_pos_x": 2.4806537450612374,
      "extension": 6.259337650342706,
      "pitches": 428,
      "whiffs": 53,
      "swings": 201,
      "spin_rate": 2445,
      "swing_miss_percent": 26.4,
      "arm_angle": 43.2,
      "barrels_per_pa_percent": 3.8834951456310676,
      "hardhit_percent": 34.42622950819672,
      "whiffs_per_pitch": 0.12383177570093458,
      "active_spin_percent": 96.9
    },
    {
      "code": "ST",
      "title": "sweeper",
      "color": "#DDB43A",
      "count": 182,
      "pitch_percent": 0.23096446700507614,
      "rhh_percent": 0.2905811623246493,
      "lhh_percent": 0.12802768166089964,
      "start_speed": 83.89505494505494,
      "max_start_speed": 87.4,
      "ivb": -2.345604395604396,
      "hb": -11.262637362637358,
      "release_pos_z": 5.865164157051,
      "release_pos_x": 2.6609531769783348,
      "extension": 6.181830398205398,
      "pitches": 182,
      "whiffs": 33,
      "swings": 83,
      "spin_rate": 2481,
      "swing_miss_percent": 39.8,
      "arm_angle": 42.8,
      "barrels_per_pa_percent": 4.166666666666666,
      "hardhit_percent": 52.17391304347826,
      "whiffs_per_pitch": 0.1813186813186813,
      "active_spin_percent": 51
    },
    {
      "code": "FC",
      "title": "cutter",
      "color": "#933F2C",
      "count": 113,
      "pitch_percent": 0.1434010152284264,
      "rhh_percent": 0.1282565130260521,
      "lhh_percent": 0.1695501730103806,
      "start_speed": 90.54247787610625,
      "max_start_speed": 93.3,
      "ivb": 10.29734513274336,
      "hb": -2.1893805309734513,
      "release_pos_z": 5.726457570525905,
      "release_pos_x": 2.765324044928149,
      "extension": 6.250344869368254,
      "pitches": 113,
      "whiffs": 12,
      "swings": 61,
      "spin_rate": 2312,
      "swing_miss_percent": 19.7,
      "arm_angle": 37.5,
      "barrels_per_pa_percent": 10,
      "hardhit_percent": 39.130434782608695,
      "whiffs_per_pitch": 0.10619469026548672,
      "active_spin_percent": 60.8
    },
    {
      "code": "CH",
      "title": "changeup",
      "color": "#1DBF3A",
      "count": 65,
      "pitch_percent": 0.08248730964467005,
      "rhh_percent": 0.014028056112224449,
      "lhh_percent": 0.20069204152249134,
      "start_speed": 89.58307692307689,
      "max_start_speed": 91.9,
      "ivb": 7.470769230769228,
      "hb": 15.032307692307688,
      "release_pos_z": 5.672671599824916,
      "release_pos_x": 2.8026873994790953,
      "extension": 6.239983608790232,
      "pitches": 65,
      "whiffs": 9,
      "swings": 21,
      "spin_rate": 1971,
      "swing_miss_percent": 42.9,
      "arm_angle": 36.1,
      "barrels_per_pa_percent": 0,
      "hardhit_percent": 22.22222222222222,
      "whiffs_per_pitch": 0.13846153846153847,
      "active_spin_percent": 96.2
    }
  ]
}