{
  "pitcher_id": "674072",
  "pitcher_name": "Tommy Henry",
  "pitches": [
    {
      "code": "CU",
      "title": "curveball",
      "color": "#00D2ED",
      "count": 30,
      "pitch_percent": 0.2803738317757009,
      "rhh_percent": 0.27631578947368424,
      "lhh_percent": 0.2903225806451613,
      "start_speed": 77.71666666666667,
      "max_start_speed": 80.1,
      "ivb": -10.576666666666666,
      "hb": -9.733333333333333,
      "release_pos_z": 5.835594328528823,
      "release_pos_x": 1.3823750688428524,
      "extension": 6.48829725179212,
      "pitches": 30,
      "whiffs": 5,
      "swings": 15,
      "spin_rate": 2134,
      "swing_miss_percent": 33.3,
      "arm_angle": 46.7,
      "barrels_per_pa_percent": 11.11111111111111,
      "hardhit_percent": 40,
      "whiffs_per_pitch": 0.16666666666666666,
      "active_spin_percent": 84
    },
    {
      "code": "FF",
      "title": "four-seam fastball",
      "color": "#D22D49",
      "count": 27,
      "pitch_percent": 0.2523364485981308,
      "rhh_percent": 0.27631578947368424,
      "lhh_percent": 0.1935483870967742,
      "start_speed": 89.02962962962964,
      "max_start_speed": 90.6,
      "ivb": 16.21851851851852,
      "hb": 6.503703703703702,
      "release_pos_z": 5.8181932821488145,
      "release_pos_x": 1.3579397069994987,
      "extension": 6.752671873377327,
      "pitches": 26,
      "whiffs": 4,
      "swings": 11,
      "spin_rate": 2120,
      "swing_miss_percent": 36.4,
      "arm_angle": 45.5,
      "barrels_per_pa_percent": 20,
      "hardhit_percent": 100,
      "whiffs_per_pitch": 0.15384615384615385,
      "active_spin_percent": 90.9
    },
    {
      "code": "CH",
      "title": "changeup",
      "color": "#1DBF3A",
      "count": 25,
      "pitch_percent": 0.2336448598130841,
      "rhh_percent": 0.32894736842105265,
      "lhh_percent": 0,
      "start_speed": 81.94400000000002,
      "max_start_speed": 84.2,
      "ivb": 3.7760000000000002,
      "hb": 11.98,
      "release_pos_z": 5.714805059656752,
      "release_pos_x": 1.3996793649455908,
      "extension": 6.817049904256002,
      "pitches": 25,
      "whiffs": 5,
      "swings": 11,
      "spin_rate": 1281,
      "swing_miss_percent": 45.5,
      "arm_angle": 42.4,
      "barrels_per_pa_percent": 20,
      "hardhit_percent": 66.66666666666666,
      "whiffs_per_pitch": 0.2,
      "active_spin_percent": 86.5
    },
    {
      "code": "SL",
      "title": "slider",
      "color": "#EEE716",
      "count": 23,
      "pitch_percent": 0.21495327102803738,
      "rhh_percent": 0.09210526315789473,
      "lhh_percent": 0.5161290322580645,
      "start_speed": 85.05217391304348,
      "max_start_speed": 86.8,
      "ivb": 6.8999999999999995,
      "hb": -1.917391304347826,
      "release_pos_z": 5.7237465612542575,
      "release_pos_x": 1.5264818024619466,
      "extension": 6.7197787327014185,
      "pitches": 23,
      "whiffs": 1,
      "swings": 12,
      "spin_rate": 2164,
      "swing_miss_percent": 8.3,
      "arm_angle": 42.1,
      "barrels_per_pa_percent": 16.666666666666664,
      "hardhit_percent": 80,
      "whiffs_per_pitch": 0.043478260869565216,
      "active_spin_percent": 35.5
    },
    {
      "code": "SI",
      "title": "sinker",
      "color": "#FE9E00",
      "count": 2,
      "pitch_percent": 0.018691588785046728,
      "rhh_percent": 0.02631578947368421,
      "lhh_percent": 0,
      "start_speed": 87.15,
      "max_start_speed": 87.2,
      "ivb": 14.05,
      "hb": 10.3,
      "release_pos_z": 5.787154215341442,
      "release_pos_x": 1.3413398690510683,
      "extension": 6.7989049224024445,
      "pitches": 2,
      "whiffs": 0,
      "swings": 2,
      "spin_rate": 1991,
      "swing_miss_percent": 0,
      "arm_angle": 46.6,
      "barrels_per_pa_percent": null,
      "hardhit_percent": null,
      "whiffs_per_pitch": 0,
      "active_spin_percent": null
    }
  ]
}