{
  "pitcher_id": "674944",
  "pitcher_name": "Sean Guenther",
  "pitches": [
    {
      "code": "SI",
      "title": "sinker",
      "color": "#FE9E00",
      "count": 63,
      "pitch_percent": 0.4090909090909091,
      "rhh_percent": 0.30952380952380953,
      "lhh_percent": 0.5285714285714286,
      "start_speed": 89.94285714285714,
      "max_start_speed": 91.7,
      "ivb": 5.54920634920635,
      "hb": 12.86984126984127,
      "release_pos_z": 5.570824824499116,
      "release_pos_x": 2.7492371209791076,
      "extension": 6.370224468164555,
      "pitches": 62,
      "whiffs": 3,
      "swings": 23,
      "spin_rate": 2036,
      "swing_miss_percent": 13,
      "arm_angle": 45.9,
      "barrels_per_pa_percent": 7.142857142857142,
      "hardhit_percent": 63.63636363636363,
      "whiffs_per_pitch": 0.04838709677419355,
      "active_spin_percent": 76.1
    },
    {
      "code": "SL",
      "title": "slider",
      "color": "#EEE716",
      "count": 53,
      "pitch_percent": 0.34415584415584416,
      "rhh_percent": 0.3333333333333333,
      "lhh_percent": 0.35714285714285715,
      "start_speed": 78.67358490566036,
      "max_start_speed": 80.6,
      "ivb": -3.9999999999999996,
      "hb": -15.564150943396228,
      "release_pos_z": 5.407610562720953,
      "release_pos_x": 3.1893006589609745,
      "extension": 6.332672657246448,
      "pitches": 52,
      "whiffs": 3,
      "swings": 22,
      "spin_rate": 2301,
      "swing_miss_percent": 13.6,
      "arm_angle": 42.8,
      "barrels_per_pa_percent": 6.25,
      "hardhit_percent": 45.45454545454545,
      "whiffs_per_pitch": 0.057692307692307696,
      "active_spin_percent": 69.9
    },
    {
      "code": "FS",
      "title": "splitter",
      "color": "#3BACAC",
      "count": 34,
      "pitch_percent": 0.22077922077922077,
      "rhh_percent": 0.3333333333333333,
      "lhh_percent": 0.08571428571428572,
      "start_speed": 83.13823529411768,
      "max_start_speed": 84.9,
      "ivb": 2.6058823529411765,
      "hb": 13.941176470588237,
      "release_pos_z": 5.455668330434391,
      "release_pos_x": 2.9058180239348657,
      "extension": 6.42986797216529,
      "pitches": 34,
      "whiffs": 6,
      "swings": 17,
      "spin_rate": 1359,
      "swing_miss_percent": 35.3,
      "arm_angle": 44,
      "barrels_per_pa_percent": 0,
      "hardhit_percent": 20,
      "whiffs_per_pitch": 0.17647058823529413,
      "active_spin_percent": 98.2
    },
    {
      "code": "FF",
      "title": "four-seam fastball",
      "color": "#D22D49",
      "count": 4,
      "pitch_percent": 0.025974025974025976,
      "rhh_percent": 0.023809523809523808,
      "lhh_percent": 0.02857142857142857,
      "start_speed": 90.32499999999999,
      "max_start_speed": 91.3,
      "ivb": 12.25,
      "hb": 5.999999999999999,
      "release_pos_z": 5.794778750978961,
      "release_pos_x": 2.4833662396535945,
      "extension": 6.267547228145486,
      "pitches": 4,
      "whiffs": 0,
      "swings": 0,
      "spin_rate": 2065,
      "swing_miss_percent": null,
      "arm_angle": 52.5,
      "barrels_per_pa_percent": null,
      "hardhit_percent": null,
      "whiffs_per_pitch": 0,
      "active_spin_percent": null
    }
  ]
}