{
  "pitcher_id": "675650",
  "pitcher_name": "Michael Mercado",
  "pitches": [
    {
      "code": "FF",
      "title": "four-seam fastball",
      "color": "#D22D49",
      "count": 47,
      "pitch_percent": 0.5529411764705883,
      "rhh_percent": 0.5434782608695652,
      "lhh_percent": 0.5641025641025641,
      "start_speed": 97.00851063829786,
      "max_start_speed": 98,
      "ivb": 16.79148936170213,
      "hb": 10.572340425531916,
      "release_pos_z": 6.163934198610293,
      "release_pos_x": 1.8856952252476185,
      "extension": 6.295693074900457,
      "pitches": 46,
      "whiffs": 4,
      "swings": 21,
      "spin_rate": 2370,
      "swing_miss_percent": 19,
      "arm_angle": 37.6,
      "barrels_per_pa_percent": 8.333333333333332,
      "hardhit_percent": 50,
      "whiffs_per_pitch": 0.08695652173913043,
      "active_spin_percent": null
    },
    {
      "code": "FC",
      "title": "cutter",
      "color": "#933F2C",
      "count": 21,
      "pitch_percent": 0.24705882352941178,
      "rhh_percent": 0.32608695652173914,
      "lhh_percent": 0.15384615384615385,
      "start_speed": 88.43333333333332,
      "max_start_speed": 90,
      "ivb": 1.5238095238095242,
      "hb": -1.1190476190476188,
      "release_pos_z": 5.978092180140677,
      "release_pos_x": 2.0071797899419543,
      "extension": 6.121797709434388,
      "pitches": 21,
      "whiffs": 2,
      "swings": 11,
      "spin_rate": 2336,
      "swing_miss_percent": 18.2,
      "arm_angle": 32.8,
      "barrels_per_pa_percent": 0,
      "hardhit_percent": 100,
      "whiffs_per_pitch": 0.09523809523809523,
      "active_spin_percent": null
    },
    {
      "code": "CU",
      "title": "curveball",
      "color": "#00D2ED",
      "count": 13,
      "pitch_percent": 0.15294117647058825,
      "rhh_percent": 0.13043478260869565,
      "lhh_percent": 0.1794871794871795,
      "start_speed": 83.66923076923078,
      "max_start_speed": 85.3,
      "ivb": -12.723076923076924,
      "hb": -5.515384615384617,
      "release_pos_z": 5.977965769257342,
      "release_pos_x": 1.9651519867657377,
      "extension": 6.160175478068782,
      "pitches": 13,
      "whiffs": 2,
      "swings": 4,
      "spin_rate": 2572,
      "swing_miss_percent": 50,
      "arm_angle": 34.7,
      "barrels_per_pa_percent": 0,
      "hardhit_percent": 100,
      "whiffs_per_pitch": 0.15384615384615385,
      "active_spin_percent": null
    },
    {
      "code": "FS",
      "title": "splitter",
      "color": "#3BACAC",
      "count": 4,
      "pitch_percent": 0.047058823529411764,
      "rhh_percent": 0,
      "lhh_percent": 0.10256410256410256,
      "start_speed": 90.77499999999999,
      "max_start_speed": 91.3,
      "ivb": 1.75,
      "hb": 13.850000000000001,
      "release_pos_z": 6.028884868200533,
      "release_pos_x": 1.8708341175320635,
      "extension": 6.263502045128683,
      "pitches": 4,
      "whiffs": 0,
      "swings": 1,
      "spin_rate": 1392,
      "swing_miss_percent": 0,
      "arm_angle": 33.9,
      "barrels_per_pa_percent": 0,
      "hardhit_percent": 0,
      "whiffs_per_pitch": 0,
      "active_spin_percent": null
    }
  ]
}