{
  "pitcher_id": "676534",
  "pitcher_name": "Calvin Faucher",
  "pitches": [
    {
      "code": "FC",
      "title": "cutter",
      "color": "#933F2C",
      "count": 390,
      "pitch_percent": 0.3696682464454976,
      "rhh_percent": 0.31226053639846746,
      "lhh_percent": 0.425891181988743,
      "start_speed": 92.0797435897436,
      "max_start_speed": 95.9,
      "ivb": 2.065384615384614,
      "hb": -3.757692307692308,
      "release_pos_z": 5.84598849531462,
      "release_pos_x": 1.3545426911557243,
      "extension": 5.886023434676353,
      "pitches": 390,
      "whiffs": 36,
      "swings": 196,
      "spin_rate": 2862,
      "swing_miss_percent": 18.4,
      "arm_angle": 44.3,
      "barrels_per_pa_percent": 2.8846153846153846,
      "hardhit_percent": 36.36363636363637,
      "whiffs_per_pitch": 0.09230769230769231,
      "active_spin_percent": 21.2
    },
    {
      "code": "ST",
      "title": "sweeper",
      "color": "#DDB43A",
      "count": 192,
      "pitch_percent": 0.1819905213270142,
      "rhh_percent": 0.3218390804597701,
      "lhh_percent": 0.0450281425891182,
      "start_speed": 87.51302083333339,
      "max_start_speed": 90.4,
      "ivb": -1.4854166666666668,
      "hb": -13.615624999999994,
      "release_pos_z": 5.72911623454052,
      "release_pos_x": 1.3703962651912038,
      "extension": 5.949959582188041,
      "pitches": 190,
      "whiffs": 26,
      "swings": 89,
      "spin_rate": 3005,
      "swing_miss_percent": 29.2,
      "arm_angle": 41.5,
      "barrels_per_pa_percent": 8,
      "hardhit_percent": 41.17647058823529,
      "whiffs_per_pitch": 0.1368421052631579,
      "active_spin_percent": 49.1
    },
    {
      "code": "FF",
      "title": "four-seam fastball",
      "color": "#D22D49",
      "count": 185,
      "pitch_percent": 0.17535545023696683,
      "rhh_percent": 0.13026819923371646,
      "lhh_percent": 0.21951219512195122,
      "start_speed": 95.93783783783786,
      "max_start_speed": 99.4,
      "ivb": 15.398918918918914,
      "hb": 7.667027027027024,
      "release_pos_z": 5.755834295532004,
      "release_pos_x": 1.401835333974679,
      "extension": 5.913667121274188,
      "pitches": 184,
      "whiffs": 11,
      "swings": 60,
      "spin_rate": 2471,
      "swing_miss_percent": 18.3,
      "arm_angle": 41,
      "barrels_per_pa_percent": 2.631578947368421,
      "hardhit_percent": 45,
      "whiffs_per_pitch": 0.059782608695652176,
      "active_spin_percent": 79.4
    },
    {
      "code": "CU",
      "title": "curveball",
      "color": "#00D2ED",
      "count": 157,
      "pitch_percent": 0.14881516587677726,
      "rhh_percent": 0.034482758620689655,
      "lhh_percent": 0.2607879924953096,
      "start_speed": 86.1605095541401,
      "max_start_speed": 89.3,
      "ivb": -12.718471337579617,
      "hb": -9.905095541401279,
      "release_pos_z": 5.918054272095314,
      "release_pos_x": 1.222619952526903,
      "extension": 5.9332786408283855,
      "pitches": 159,
      "whiffs": 22,
      "swings": 57,
      "spin_rate": 2994,
      "swing_miss_percent": 38.6,
      "arm_angle": 48.9,
      "barrels_per_pa_percent": 0,
      "hardhit_percent": 29.166666666666668,
      "whiffs_per_pitch": 0.13836477987421383,
      "active_spin_percent": 72.9
    },
    {
      "code": "SI",
      "title": "sinker",
      "color": "#FE9E00",
      "count": 130,
      "pitch_percent": 0.12322274881516587,
      "rhh_percent": 0.20114942528735633,
      "lhh_percent": 0.04690431519699812,
      "start_speed": 95.79538461538459,
      "max_start_speed": 98.6,
      "ivb": 6.066153846153846,
      "hb": 16.603076923076912,
      "release_pos_z": 5.763280514702994,
      "release_pos_x": 1.3280138849180796,
      "extension": 5.913007896788383,
      "pitches": 129,
      "whiffs": 11,
      "swings": 45,
      "spin_rate": 2305,
      "swing_miss_percent": 24.4,
      "arm_angle": 41.2,
      "barrels_per_pa_percent": 0,
      "hardhit_percent": 0,
      "whiffs_per_pitch": 0.08527131782945736,
      "active_spin_percent": 79.6
    },
    {
      "code": "CH",
      "title": "changeup",
      "color": "#1DBF3A",
      "count": 1,
      "pitch_percent": 0.0009478672985781991,
      "rhh_percent": 0,
      "lhh_percent": 0.001876172607879925,
      "start_speed": 90.9,
      "max_start_speed": 90.9,
      "ivb": 4.2,
      "hb": 14.8,
      "release_pos_z": 5.972046411526352,
      "release_pos_x": 1.4192693855321992,
      "extension": 5.778204826569145,
      "pitches": 1,
      "whiffs": 0,
      "swings": 0,
      "spin_rate": 1816,
      "swing_miss_percent": null,
      "arm_angle": 46.5,
      "barrels_per_pa_percent": null,
      "hardhit_percent": null,
      "whiffs_per_pitch": 0,
      "active_spin_percent": null
    }
  ]
}