{
  "pitcher_id": "676617",
  "pitcher_name": "Riley O'Brien",
  "pitches": [
    {
      "code": "SI",
      "title": "sinker",
      "color": "#FE9E00",
      "count": 366,
      "pitch_percent": 0.48284960422163586,
      "rhh_percent": 0.5450346420323325,
      "lhh_percent": 0.4,
      "start_speed": 98.02377049180333,
      "max_start_speed": 100.5,
      "ivb": 6.118032786885248,
      "hb": 15.869672131147537,
      "release_pos_z": 5.64475032406339,
      "release_pos_x": 1.6313907385584758,
      "extension": 6.951914729421096,
      "pitches": 364,
      "whiffs": 18,
      "swings": 165,
      "spin_rate": 2184,
      "swing_miss_percent": 10.9,
      "arm_angle": 32.1,
      "barrels_per_pa_percent": 1.8867924528301887,
      "hardhit_percent": 35.526315789473685,
      "whiffs_per_pitch": 0.04945054945054945,
      "active_spin_percent": 85
    },
    {
      "code": "SL",
      "title": "slider",
      "color": "#EEE716",
      "count": 231,
      "pitch_percent": 0.30474934036939316,
      "rhh_percent": 0.22170900692840648,
      "lhh_percent": 0.4153846153846154,
      "start_speed": 90.0484848484849,
      "max_start_speed": 92.6,
      "ivb": 3.2571428571428567,
      "hb": -3.715584415584414,
      "release_pos_z": 5.343320654805298,
      "release_pos_x": 1.881550534640405,
      "extension": 6.972113090103518,
      "pitches": 229,
      "whiffs": 32,
      "swings": 107,
      "spin_rate": 2530,
      "swing_miss_percent": 29.9,
      "arm_angle": 25.4,
      "barrels_per_pa_percent": 2.127659574468085,
      "hardhit_percent": 36.666666666666664,
      "whiffs_per_pitch": 0.13973799126637554,
      "active_spin_percent": 23.7
    },
    {
      "code": "CU",
      "title": "curveball",
      "color": "#00D2ED",
      "count": 160,
      "pitch_percent": 0.21108179419525067,
      "rhh_percent": 0.23094688221709006,
      "lhh_percent": 0.18461538461538463,
      "start_speed": 83.36312500000001,
      "max_start_speed": 85.9,
      "ivb": -2.348125,
      "hb": -16.794375,
      "release_pos_z": 5.359104180320503,
      "release_pos_x": 1.796718355901626,
      "extension": 6.941876342876837,
      "active_spin_percent": null
    },
    {
      "code": "CH",
      "title": "changeup",
      "color": "#1DBF3A",
      "count": 1,
      "pitch_percent": 0.0013192612137203166,
      "rhh_percent": 0.0023094688221709007,
      "lhh_percent": 0,
      "start_speed": 90.4,
      "max_start_speed": 90.4,
      "ivb": 4.4,
      "hb": 16.6,
      "release_pos_z": 5.640880958451429,
      "release_pos_x": 1.8437235031041224,
      "extension": 6.8374711559700545,
      "pitches": 1,
      "whiffs": 0,
      "swings": 0,
      "spin_rate": 1902,
      "swing_miss_percent": null,
      "arm_angle": 33.1,
      "barrels_per_pa_percent": null,
      "hardhit_percent": null,
      "whiffs_per_pitch": 0,
      "active_spin_percent": null
    }
  ]
}