{
  "pitcher_id": "676664",
  "pitcher_name": "JP Sears",
  "pitches": [
    {
      "code": "FF",
      "title": "four-seam fastball",
      "color": "#D22D49",
      "count": 961,
      "pitch_percent": 0.4061707523245985,
      "rhh_percent": 0.4197098549274637,
      "lhh_percent": 0.33242506811989103,
      "start_speed": 92.16264308012492,
      "max_start_speed": 95.2,
      "ivb": 14.060457856399584,
      "hb": 11.8639958376691,
      "release_pos_z": 5.018811558979516,
      "release_pos_x": 1.113608234847126,
      "extension": 6.39822451620122,
      "pitches": 950,
      "whiffs": 97,
      "swings": 472,
      "spin_rate": 2018,
      "swing_miss_percent": 20.6,
      "arm_angle": 29.7,
      "barrels_per_pa_percent": 8.235294117647058,
      "hardhit_percent": 46.285714285714285,
      "whiffs_per_pitch": 0.10210526315789474,
      "active_spin_percent": 97.7
    },
    {
      "code": "ST",
      "title": "sweeper",
      "color": "#DDB43A",
      "count": 637,
      "pitch_percent": 0.2692307692307692,
      "rhh_percent": 0.23861930965482742,
      "lhh_percent": 0.4359673024523161,
      "start_speed": 79.23076923076928,
      "max_start_speed": 83.6,
      "ivb": 6.501569858712716,
      "hb": -12.516797488226063,
      "release_pos_z": 4.693397774134473,
      "release_pos_x": 1.4062894254819172,
      "extension": 6.361802389258193,
      "pitches": 637,
      "whiffs": 71,
      "swings": 272,
      "spin_rate": 2315,
      "swing_miss_percent": 26.1,
      "arm_angle": 22.2,
      "barrels_per_pa_percent": 6.7164179104477615,
      "hardhit_percent": 31.521739130434785,
      "whiffs_per_pitch": 0.11145996860282574,
      "active_spin_percent": 38.9
    },
    {
      "code": "CH",
      "title": "changeup",
      "color": "#1DBF3A",
      "count": 354,
      "pitch_percent": 0.1496196111580727,
      "rhh_percent": 0.17658829414707353,
      "lhh_percent": 0.0027247956403269754,
      "start_speed": 83.39180790960452,
      "max_start_speed": 86.1,
      "ivb": 3.611016949152543,
      "hb": 16.453672316384175,
      "release_pos_z": 4.706652810546117,
      "release_pos_x": 1.3383129858563692,
      "extension": 6.359543944422161,
      "pitches": 353,
      "whiffs": 31,
      "swings": 156,
      "spin_rate": 1507,
      "swing_miss_percent": 19.9,
      "arm_angle": 20.7,
      "barrels_per_pa_percent": 5.063291139240507,
      "hardhit_percent": 30.555555555555557,
      "whiffs_per_pitch": 0.08781869688385269,
      "active_spin_percent": 95.6
    },
    {
      "code": "SL",
      "title": "slider",
      "color": "#EEE716",
      "count": 167,
      "pitch_percent": 0.07058326289095519,
      "rhh_percent": 0.05902951475737869,
      "lhh_percent": 0.1335149863760218,
      "start_speed": 80.84550898203592,
      "max_start_speed": 87,
      "ivb": 9.6562874251497,
      "hb": -3.516766467065868,
      "release_pos_z": 4.699172199230452,
      "release_pos_x": 1.3596569132187897,
      "extension": 6.396915041607982,
      "pitches": 162,
      "whiffs": 20,
      "swings": 89,
      "spin_rate": 2297,
      "swing_miss_percent": 22.5,
      "arm_angle": 22.1,
      "barrels_per_pa_percent": 7.894736842105263,
      "hardhit_percent": 38.46153846153847,
      "whiffs_per_pitch": 0.12345679012345678,
      "active_spin_percent": 30.9
    },
    {
      "code": "SI",
      "title": "sinker",
      "color": "#FE9E00",
      "count": 152,
      "pitch_percent": 0.06424344885883347,
      "rhh_percent": 0.058529264632316155,
      "lhh_percent": 0.09536784741144415,
      "start_speed": 90.44802631578946,
      "max_start_speed": 94.8,
      "ivb": 7.29276315789474,
      "hb": 15.813157894736845,
      "release_pos_z": 4.747758280272314,
      "release_pos_x": 1.2604759253759854,
      "extension": 6.452094795453313,
      "pitches": 159,
      "whiffs": 10,
      "swings": 78,
      "spin_rate": 1900,
      "swing_miss_percent": 12.8,
      "arm_angle": 23.7,
      "barrels_per_pa_percent": 2.631578947368421,
      "hardhit_percent": 53.125,
      "whiffs_per_pitch": 0.06289308176100629,
      "active_spin_percent": 97.3
    },
    {
      "code": "CU",
      "title": "curveball",
      "color": "#00D2ED",
      "count": 87,
      "pitch_percent": 0.036770921386306,
      "rhh_percent": 0.04352176088044022,
      "lhh_percent": 0,
      "start_speed": 79.52413793103447,
      "max_start_speed": 82.2,
      "ivb": -1.597701149425287,
      "hb": -4.5839080459770125,
      "release_pos_z": 4.787909703429699,
      "release_pos_x": 1.2855539704916565,
      "extension": 6.436860979550806,
      "pitches": 87,
      "whiffs": 10,
      "swings": 39,
      "spin_rate": 2356,
      "swing_miss_percent": 25.6,
      "arm_angle": 25.8,
      "barrels_per_pa_percent": 6.25,
      "hardhit_percent": 38.095238095238095,
      "whiffs_per_pitch": 0.11494252873563218,
      "active_spin_percent": 40.4
    },
    {
      "code": "FC",
      "title": "cutter",
      "color": "#933F2C",
      "count": 8,
      "pitch_percent": 0.0033812341504649195,
      "rhh_percent": 0.00400200100050025,
      "lhh_percent": 0,
      "start_speed": 88.52499999999999,
      "max_start_speed": 89.9,
      "ivb": 13.2625,
      "hb": 1.65,
      "release_pos_z": 5.105993775748383,
      "release_pos_x": 1.1530858179613614,
      "extension": 6.392182128633918,
      "pitches": 14,
      "whiffs": 2,
      "swings": 8,
      "spin_rate": 2117,
      "swing_miss_percent": 25,
      "arm_angle": 33,
      "barrels_per_pa_percent": 0,
      "hardhit_percent": 0,
      "whiffs_per_pitch": 0.14285714285714285,
      "active_spin_percent": 72.4
    }
  ]
}