{
  "pitcher_id": "676661",
  "pitcher_name": "Max Lazar",
  "pitches": [
    {
      "code": "FF",
      "title": "four-seam fastball",
      "color": "#D22D49",
      "count": 357,
      "pitch_percent": 0.5526315789473685,
      "rhh_percent": 0.5358166189111748,
      "lhh_percent": 0.5723905723905723,
      "start_speed": 94.49383753501401,
      "max_start_speed": 97,
      "ivb": 16.342857142857145,
      "hb": 1.1431372549019612,
      "release_pos_z": 5.907074705725216,
      "release_pos_x": 0.5314336314311956,
      "extension": 6.95696365185221,
      "pitches": 355,
      "whiffs": 27,
      "swings": 170,
      "spin_rate": 2498,
      "swing_miss_percent": 15.9,
      "arm_angle": 52.7,
      "barrels_per_pa_percent": 9.70873786407767,
      "hardhit_percent": 59.49367088607595,
      "whiffs_per_pitch": 0.07605633802816901,
      "active_spin_percent": 82.4
    },
    {
      "code": "KC",
      "title": "knuckle curve",
      "color": "#6236CD",
      "count": 169,
      "pitch_percent": 0.26160990712074306,
      "rhh_percent": 0.1833810888252149,
      "lhh_percent": 0.35353535353535354,
      "start_speed": 81.10118343195269,
      "max_start_speed": 85.4,
      "ivb": -15.762130177514782,
      "hb": -6.230769230769229,
      "release_pos_z": 5.854809103598456,
      "release_pos_x": 0.5113047971427829,
      "extension": 6.93750416336605,
      "pitches": 169,
      "whiffs": 20,
      "swings": 65,
      "spin_rate": 2487,
      "swing_miss_percent": 30.8,
      "arm_angle": 54.6,
      "barrels_per_pa_percent": 6.666666666666667,
      "hardhit_percent": 66.66666666666666,
      "whiffs_per_pitch": 0.11834319526627218,
      "active_spin_percent": null
    },
    {
      "code": "FC",
      "title": "cutter",
      "color": "#933F2C",
      "count": 99,
      "pitch_percent": 0.15325077399380804,
      "rhh_percent": 0.2636103151862464,
      "lhh_percent": 0.02356902356902357,
      "start_speed": 88.29797979797983,
      "max_start_speed": 91.3,
      "ivb": 4.2333333333333325,
      "hb": -4.137373737373737,
      "release_pos_z": 5.891914343026667,
      "release_pos_x": 0.5806443061061952,
      "extension": 6.978182767519567,
      "pitches": 99,
      "whiffs": 7,
      "swings": 47,
      "spin_rate": 2416,
      "swing_miss_percent": 14.9,
      "arm_angle": 52.5,
      "barrels_per_pa_percent": 3.571428571428571,
      "hardhit_percent": 26.923076923076923,
      "whiffs_per_pitch": 0.0707070707070707,
      "active_spin_percent": 41.6
    },
    {
      "code": "FS",
      "title": "splitter",
      "color": "#3BACAC",
      "count": 21,
      "pitch_percent": 0.032507739938080496,
      "rhh_percent": 0.017191977077363897,
      "lhh_percent": 0.050505050505050504,
      "start_speed": 86.76190476190476,
      "max_start_speed": 88.9,
      "ivb": 6.6380952380952385,
      "hb": 8.961904761904762,
      "release_pos_z": 5.760786292910938,
      "release_pos_x": 0.7184187725939337,
      "extension": 7.199895703008259,
      "pitches": 21,
      "whiffs": 6,
      "swings": 12,
      "spin_rate": 1232,
      "swing_miss_percent": 50,
      "arm_angle": 50.9,
      "barrels_per_pa_percent": 0,
      "hardhit_percent": 25,
      "whiffs_per_pitch": 0.2857142857142857,
      "active_spin_percent": 86.5
    }
  ]
}