{
  "pitcher_id": "676760",
  "pitcher_name": "Ron Marinaccio",
  "pitches": [
    {
      "code": "FF",
      "title": "four-seam fastball",
      "color": "#D22D49",
      "count": 79,
      "pitch_percent": 0.4817073170731707,
      "rhh_percent": 0.49074074074074076,
      "lhh_percent": 0.4642857142857143,
      "start_speed": 94.23037974683545,
      "max_start_speed": 96.3,
      "ivb": 13.340506329113923,
      "hb": 14.456962025316454,
      "release_pos_z": 5.099263664135933,
      "release_pos_x": 3.0865519708842952,
      "extension": 6.734420249535616,
      "pitches": 79,
      "whiffs": 10,
      "swings": 35,
      "spin_rate": 2297,
      "swing_miss_percent": 28.6,
      "arm_angle": 27.9,
      "barrels_per_pa_percent": 0,
      "hardhit_percent": 12.5,
      "whiffs_per_pitch": 0.12658227848101267,
      "active_spin_percent": 99.2
    },
    {
      "code": "CH",
      "title": "changeup",
      "color": "#1DBF3A",
      "count": 35,
      "pitch_percent": 0.21341463414634146,
      "rhh_percent": 0.16666666666666666,
      "lhh_percent": 0.30357142857142855,
      "start_speed": 82.04857142857146,
      "max_start_speed": 84.6,
      "ivb": 1.1657142857142857,
      "hb": 17.077142857142853,
      "release_pos_z": 5.010494377355698,
      "release_pos_x": 3.1964425977842654,
      "extension": 6.968301512605243,
      "pitches": 35,
      "whiffs": 6,
      "swings": 23,
      "spin_rate": 2313,
      "swing_miss_percent": 26.1,
      "arm_angle": 27.4,
      "barrels_per_pa_percent": 9.090909090909092,
      "hardhit_percent": 33.33333333333333,
      "whiffs_per_pitch": 0.17142857142857143,
      "active_spin_percent": 92.8
    },
    {
      "code": "FC",
      "title": "cutter",
      "color": "#933F2C",
      "count": 32,
      "pitch_percent": 0.1951219512195122,
      "rhh_percent": 0.19444444444444445,
      "lhh_percent": 0.19642857142857142,
      "start_speed": 87.459375,
      "max_start_speed": 89.8,
      "ivb": 6.890625,
      "hb": -2.6093750000000004,
      "release_pos_z": 5.268137172159323,
      "release_pos_x": 3.036638973263004,
      "extension": 6.762582857668326,
      "pitches": 31,
      "whiffs": 5,
      "swings": 18,
      "spin_rate": 2271,
      "swing_miss_percent": 27.8,
      "arm_angle": 33.8,
      "barrels_per_pa_percent": 0,
      "hardhit_percent": 28.57142857142857,
      "whiffs_per_pitch": 0.16129032258064516,
      "active_spin_percent": 46.2
    },
    {
      "code": "ST",
      "title": "sweeper",
      "color": "#DDB43A",
      "count": 18,
      "pitch_percent": 0.10975609756097561,
      "rhh_percent": 0.14814814814814814,
      "lhh_percent": 0.03571428571428571,
      "start_speed": 82.96666666666668,
      "max_start_speed": 84.4,
      "ivb": 3.972222222222223,
      "hb": -11.244444444444447,
      "release_pos_z": 4.9590295415308665,
      "release_pos_x": 3.369004254505093,
      "extension": 6.847910944718453,
      "pitches": 18,
      "whiffs": 5,
      "swings": 11,
      "spin_rate": 2446,
      "swing_miss_percent": 45.5,
      "arm_angle": 27.5,
      "barrels_per_pa_percent": 16.666666666666664,
      "hardhit_percent": 66.66666666666666,
      "whiffs_per_pitch": 0.2777777777777778,
      "active_spin_percent": 45.3
    }
  ]
}