{
  "pitcher_id": "676702",
  "pitcher_name": "Hunter Stratton",
  "pitches": [
    {
      "code": "FF",
      "title": "four-seam fastball",
      "color": "#D22D49",
      "count": 160,
      "pitch_percent": 0.46647230320699706,
      "rhh_percent": 0.47668393782383417,
      "lhh_percent": 0.4533333333333333,
      "start_speed": 95.9825,
      "max_start_speed": 97.7,
      "ivb": 14.97499999999999,
      "hb": 4.156875000000001,
      "release_pos_z": 6.008794798459286,
      "release_pos_x": 1.4225110484423091,
      "extension": 6.427946748617009,
      "pitches": 159,
      "whiffs": 13,
      "swings": 88,
      "spin_rate": 2503,
      "swing_miss_percent": 14.8,
      "arm_angle": 39.1,
      "barrels_per_pa_percent": 7.5,
      "hardhit_percent": 46.42857142857143,
      "whiffs_per_pitch": 0.08176100628930817,
      "active_spin_percent": 78.6
    },
    {
      "code": "SL",
      "title": "slider",
      "color": "#EEE716",
      "count": 99,
      "pitch_percent": 0.2886297376093295,
      "rhh_percent": 0.29015544041450775,
      "lhh_percent": 0.2866666666666667,
      "start_speed": 84.88383838383835,
      "max_start_speed": 88.3,
      "ivb": 0.5515151515151514,
      "hb": -9.42020202020202,
      "release_pos_z": 5.844323581659467,
      "release_pos_x": 1.6933046498229685,
      "extension": 6.582428582456229,
      "pitches": 99,
      "whiffs": 17,
      "swings": 51,
      "spin_rate": 2686,
      "swing_miss_percent": 33.3,
      "arm_angle": 36.6,
      "barrels_per_pa_percent": 3.7037037037037033,
      "hardhit_percent": 52.94117647058824,
      "whiffs_per_pitch": 0.1717171717171717,
      "active_spin_percent": 47.9
    },
    {
      "code": "FC",
      "title": "cutter",
      "color": "#933F2C",
      "count": 73,
      "pitch_percent": 0.21282798833819241,
      "rhh_percent": 0.20207253886010362,
      "lhh_percent": 0.22666666666666666,
      "start_speed": 93.37397260273971,
      "max_start_speed": 95.7,
      "ivb": 10.282191780821915,
      "hb": -3.09041095890411,
      "release_pos_z": 5.923747999995308,
      "release_pos_x": 1.634402536478977,
      "extension": 6.511602712848148,
      "pitches": 73,
      "whiffs": 7,
      "swings": 36,
      "spin_rate": 2567,
      "swing_miss_percent": 19.4,
      "arm_angle": 37.2,
      "barrels_per_pa_percent": 0,
      "hardhit_percent": 23.076923076923077,
      "whiffs_per_pitch": 0.0958904109589041,
      "active_spin_percent": 59.2
    },
    {
      "code": "SI",
      "title": "sinker",
      "color": "#FE9E00",
      "count": 7,
      "pitch_percent": 0.02040816326530612,
      "rhh_percent": 0.02072538860103627,
      "lhh_percent": 0.02,
      "start_speed": 95.45714285714284,
      "max_start_speed": 97.3,
      "ivb": 14.228571428571428,
      "hb": 9.714285714285714,
      "release_pos_z": 5.93492229511413,
      "release_pos_x": 1.6321654483495784,
      "extension": 6.4667534317993285,
      "pitches": 7,
      "whiffs": 0,
      "swings": 3,
      "spin_rate": 2512,
      "swing_miss_percent": 0,
      "arm_angle": 38,
      "barrels_per_pa_percent": 0,
      "hardhit_percent": 0,
      "whiffs_per_pitch": 0,
      "active_spin_percent": null
    },
    {
      "code": "FS",
      "title": "splitter",
      "color": "#3BACAC",
      "count": 4,
      "pitch_percent": 0.011661807580174927,
      "rhh_percent": 0.010362694300518135,
      "lhh_percent": 0.013333333333333334,
      "start_speed": 91.15,
      "max_start_speed": 92.9,
      "ivb": 8.625,
      "hb": 9.225,
      "release_pos_z": 5.998192751738506,
      "release_pos_x": 1.1246706889213738,
      "extension": 6.478109407749895,
      "pitches": 4,
      "whiffs": 0,
      "swings": 1,
      "spin_rate": 1642,
      "swing_miss_percent": 0,
      "arm_angle": 40.6,
      "barrels_per_pa_percent": 0,
      "hardhit_percent": 100,
      "whiffs_per_pitch": 0,
      "active_spin_percent": null
    }
  ]
}