{
  "pitcher_id": "676969",
  "pitcher_name": "Brett de Geus",
  "pitches": [
    {
      "code": "SI",
      "title": "sinker",
      "color": "#FE9E00",
      "count": 27,
      "pitch_percent": 0.574468085106383,
      "rhh_percent": 0.7333333333333333,
      "lhh_percent": 0.5,
      "start_speed": 95.52962962962965,
      "max_start_speed": 96.3,
      "ivb": 8.170370370370371,
      "hb": 17.06666666666667,
      "release_pos_z": 5.989621325281278,
      "release_pos_x": 1.3568501562031021,
      "extension": 5.8863615523458215,
      "pitches": 27,
      "whiffs": 1,
      "swings": 13,
      "spin_rate": 2058,
      "swing_miss_percent": 7.7,
      "arm_angle": 28.1,
      "barrels_per_pa_percent": 0,
      "hardhit_percent": 33.33333333333333,
      "whiffs_per_pitch": 0.037037037037037035,
      "active_spin_percent": null
    },
    {
      "code": "KC",
      "title": "knuckle curve",
      "color": "#6236CD",
      "count": 9,
      "pitch_percent": 0.19148936170212766,
      "rhh_percent": 0.2,
      "lhh_percent": 0.1875,
      "start_speed": 84.1,
      "max_start_speed": 85,
      "ivb": -6.533333333333334,
      "hb": -2.511111111111111,
      "release_pos_z": 6.221892776289636,
      "release_pos_x": 1.2772009334672823,
      "extension": 5.843427604639814,
      "pitches": 9,
      "whiffs": 0,
      "swings": 3,
      "spin_rate": 1969,
      "swing_miss_percent": 0,
      "arm_angle": 33.2,
      "barrels_per_pa_percent": null,
      "hardhit_percent": null,
      "whiffs_per_pitch": 0,
      "active_spin_percent": null
    },
    {
      "code": "FC",
      "title": "cutter",
      "color": "#933F2C",
      "count": 7,
      "pitch_percent": 0.14893617021276595,
      "rhh_percent": 0.06666666666666667,
      "lhh_percent": 0.1875,
      "start_speed": 90.81428571428572,
      "max_start_speed": 92.1,
      "ivb": 5.685714285714286,
      "hb": -0.19999999999999996,
      "release_pos_z": 6.015928772434476,
      "release_pos_x": 1.460923359628382,
      "extension": 5.863333729571876,
      "pitches": 7,
      "whiffs": 0,
      "swings": 0,
      "spin_rate": 2100,
      "swing_miss_percent": null,
      "arm_angle": 28,
      "barrels_per_pa_percent": null,
      "hardhit_percent": null,
      "whiffs_per_pitch": 0,
      "active_spin_percent": null
    },
    {
      "code": "FS",
      "title": "splitter",
      "color": "#3BACAC",
      "count": 4,
      "pitch_percent": 0.0851063829787234,
      "rhh_percent": 0,
      "lhh_percent": 0.125,
      "start_speed": 87.8,
      "max_start_speed": 88.3,
      "ivb": 3.7750000000000004,
      "hb": 14.200000000000001,
      "release_pos_z": 6.081146714343344,
      "release_pos_x": 1.3367748220306048,
      "extension": 5.85748834303864,
      "pitches": 4,
      "whiffs": 0,
      "swings": 2,
      "spin_rate": 1330,
      "swing_miss_percent": 0,
      "arm_angle": 29.6,
      "barrels_per_pa_percent": 0,
      "hardhit_percent": 0,
      "whiffs_per_pitch": 0,
      "active_spin_percent": null
    }
  ]
}