{
  "pitcher_id": "676961",
  "pitcher_name": "Caleb Boushley",
  "pitches": [
    {
      "code": "SI",
      "title": "sinker",
      "color": "#FE9E00",
      "count": 206,
      "pitch_percent": 0.2776280323450135,
      "rhh_percent": 0.43005181347150256,
      "lhh_percent": 0.11235955056179775,
      "start_speed": 92.18398058252426,
      "max_start_speed": 94.6,
      "ivb": 10.18883495145631,
      "hb": 15.657281553398052,
      "release_pos_z": 5.813793674697866,
      "release_pos_x": 1.8940878634705498,
      "extension": 5.982342210688905,
      "pitches": 206,
      "whiffs": 3,
      "swings": 82,
      "spin_rate": 2240,
      "swing_miss_percent": 3.7,
      "arm_angle": 40.3,
      "barrels_per_pa_percent": 9.859154929577464,
      "hardhit_percent": 55.10204081632652,
      "whiffs_per_pitch": 0.014563106796116505,
      "active_spin_percent": 85.6
    },
    {
      "code": "FF",
      "title": "four-seam fastball",
      "color": "#D22D49",
      "count": 145,
      "pitch_percent": 0.1954177897574124,
      "rhh_percent": 0.13730569948186527,
      "lhh_percent": 0.25842696629213485,
      "start_speed": 91.94413793103449,
      "max_start_speed": 94.3,
      "ivb": 16.48620689655173,
      "hb": 5.5772413793103475,
      "release_pos_z": 5.870483206822505,
      "release_pos_x": 1.8973707981493813,
      "extension": 5.948510638535886,
      "pitches": 144,
      "whiffs": 15,
      "swings": 68,
      "spin_rate": 2386,
      "swing_miss_percent": 22.1,
      "arm_angle": 43,
      "barrels_per_pa_percent": 13.157894736842104,
      "hardhit_percent": 61.53846153846154,
      "whiffs_per_pitch": 0.10416666666666667,
      "active_spin_percent": 83.5
    },
    {
      "code": "FC",
      "title": "cutter",
      "color": "#933F2C",
      "count": 142,
      "pitch_percent": 0.19137466307277629,
      "rhh_percent": 0.15544041450777202,
      "lhh_percent": 0.2303370786516854,
      "start_speed": 89.62112676056341,
      "max_start_speed": 91.8,
      "ivb": 11.457746478873243,
      "hb": -1.1676056338028171,
      "release_pos_z": 5.821328779377688,
      "release_pos_x": 1.9273609499416036,
      "extension": 5.912644373971518,
      "pitches": 140,
      "whiffs": 13,
      "swings": 58,
      "spin_rate": 2401,
      "swing_miss_percent": 22.4,
      "arm_angle": 42.1,
      "barrels_per_pa_percent": 3.3333333333333335,
      "hardhit_percent": 44.44444444444444,
      "whiffs_per_pitch": 0.09285714285714286,
      "active_spin_percent": 58
    },
    {
      "code": "CH",
      "title": "changeup",
      "color": "#1DBF3A",
      "count": 98,
      "pitch_percent": 0.1320754716981132,
      "rhh_percent": 0.015544041450777202,
      "lhh_percent": 0.25842696629213485,
      "start_speed": 85.0204081632653,
      "max_start_speed": 87,
      "ivb": 6.555102040816325,
      "hb": 14.651020408163264,
      "release_pos_z": 6.097048610952122,
      "release_pos_x": 1.773644832534393,
      "extension": 5.83149516387926,
      "pitches": 98,
      "whiffs": 19,
      "swings": 49,
      "spin_rate": 1811,
      "swing_miss_percent": 38.8,
      "arm_angle": 44.8,
      "barrels_per_pa_percent": 0,
      "hardhit_percent": 25,
      "whiffs_per_pitch": 0.19387755102040816,
      "active_spin_percent": 90.6
    },
    {
      "code": "SL",
      "title": "slider",
      "color": "#EEE716",
      "count": 97,
      "pitch_percent": 0.1307277628032345,
      "rhh_percent": 0.24352331606217617,
      "lhh_percent": 0.008426966292134831,
      "start_speed": 83.80309278350514,
      "max_start_speed": 86.2,
      "ivb": 1.0319587628865983,
      "hb": -4.871134020618558,
      "release_pos_z": 5.916373080514986,
      "release_pos_x": 1.9171214199957474,
      "extension": 5.986738440843872,
      "pitches": 99,
      "whiffs": 8,
      "swings": 39,
      "spin_rate": 2492,
      "swing_miss_percent": 20.5,
      "arm_angle": 44.4,
      "barrels_per_pa_percent": 4.545454545454546,
      "hardhit_percent": 45,
      "whiffs_per_pitch": 0.08080808080808081,
      "active_spin_percent": 34.4
    },
    {
      "code": "CU",
      "title": "curveball",
      "color": "#00D2ED",
      "count": 54,
      "pitch_percent": 0.07277628032345014,
      "rhh_percent": 0.018134715025906734,
      "lhh_percent": 0.13202247191011235,
      "start_speed": 75.88333333333334,
      "max_start_speed": 78.8,
      "ivb": -11.238888888888887,
      "hb": -7.496296296296294,
      "release_pos_z": 6.240653524379296,
      "release_pos_x": 1.7034675225114184,
      "extension": 5.72447319134804,
      "pitches": 54,
      "whiffs": 7,
      "swings": 16,
      "spin_rate": 2482,
      "swing_miss_percent": 43.8,
      "arm_angle": 51.6,
      "barrels_per_pa_percent": 28.57142857142857,
      "hardhit_percent": 66.66666666666666,
      "whiffs_per_pitch": 0.12962962962962962,
      "active_spin_percent": 69.9
    }
  ]
}