{
  "pitcher_id": "677865",
  "pitcher_name": "Justin Bruihl",
  "pitches": [
    {
      "code": "SI",
      "title": "sinker",
      "color": "#FE9E00",
      "count": 112,
      "pitch_percent": 0.5114155251141552,
      "rhh_percent": 0.5,
      "lhh_percent": 0.5177304964539007,
      "start_speed": 90.20089285714286,
      "max_start_speed": 92.4,
      "ivb": 2.8821428571428584,
      "hb": 17.80178571428571,
      "release_pos_z": 5.10572151462369,
      "release_pos_x": 3.245507310480692,
      "extension": 6.802397221559548,
      "pitches": 112,
      "whiffs": 9,
      "swings": 44,
      "spin_rate": 2172,
      "swing_miss_percent": 20.5,
      "arm_angle": 28.3,
      "barrels_per_pa_percent": 2.941176470588235,
      "hardhit_percent": 38.095238095238095,
      "whiffs_per_pitch": 0.08035714285714286,
      "active_spin_percent": 80
    },
    {
      "code": "ST",
      "title": "sweeper",
      "color": "#DDB43A",
      "count": 91,
      "pitch_percent": 0.4155251141552511,
      "rhh_percent": 0.41025641025641024,
      "lhh_percent": 0.41843971631205673,
      "start_speed": 78.38681318681317,
      "max_start_speed": 82.6,
      "ivb": -1.8329670329670327,
      "hb": -19.556043956043954,
      "release_pos_z": 5.038979978553238,
      "release_pos_x": 3.3642064763402897,
      "extension": 6.820211414335991,
      "pitches": 91,
      "whiffs": 9,
      "swings": 36,
      "spin_rate": 2597,
      "swing_miss_percent": 25,
      "arm_angle": 29.2,
      "barrels_per_pa_percent": 8.695652173913043,
      "hardhit_percent": 23.52941176470588,
      "whiffs_per_pitch": 0.0989010989010989,
      "active_spin_percent": 65.2
    },
    {
      "code": "FC",
      "title": "cutter",
      "color": "#933F2C",
      "count": 16,
      "pitch_percent": 0.0730593607305936,
      "rhh_percent": 0.08974358974358974,
      "lhh_percent": 0.06382978723404255,
      "start_speed": 87.49375,
      "max_start_speed": 89,
      "ivb": 6.4,
      "hb": -1.4749999999999999,
      "release_pos_z": 5.497087257346369,
      "release_pos_x": 2.9755191984471723,
      "extension": 6.6548894018637,
      "pitches": 16,
      "whiffs": 2,
      "swings": 9,
      "spin_rate": 2462,
      "swing_miss_percent": 22.2,
      "arm_angle": 39.1,
      "barrels_per_pa_percent": 0,
      "hardhit_percent": 0,
      "whiffs_per_pitch": 0.125,
      "active_spin_percent": 29.1
    }
  ]
}