{
  "pitcher_id": "677960",
  "pitcher_name": "Ryan Weathers",
  "pitches": [
    {
      "code": "FF",
      "title": "four-seam fastball",
      "color": "#D22D49",
      "count": 286,
      "pitch_percent": 0.4454828660436137,
      "rhh_percent": 0.44573643410852715,
      "lhh_percent": 0.4444444444444444,
      "start_speed": 96.89405594405592,
      "max_start_speed": 99.2,
      "ivb": 16.030769230769216,
      "hb": 9.320629370629367,
      "release_pos_z": 5.868147864702175,
      "release_pos_x": 2.8836316997639413,
      "extension": 5.924825099166956,
      "pitches": 285,
      "whiffs": 27,
      "swings": 143,
      "spin_rate": 2369,
      "swing_miss_percent": 18.9,
      "arm_angle": 44.9,
      "barrels_per_pa_percent": 7.228915662650602,
      "hardhit_percent": 45.16129032258064,
      "whiffs_per_pitch": 0.09473684210526316,
      "active_spin_percent": 93.4
    },
    {
      "code": "CH",
      "title": "changeup",
      "color": "#1DBF3A",
      "count": 188,
      "pitch_percent": 0.29283489096573206,
      "rhh_percent": 0.31976744186046513,
      "lhh_percent": 0.18253968253968253,
      "start_speed": 87.2686170212766,
      "max_start_speed": 90.9,
      "ivb": 2.70904255319149,
      "hb": 12.505319148936168,
      "release_pos_z": 5.595062006037153,
      "release_pos_x": 3.123181177008455,
      "extension": 5.985123755605838,
      "pitches": 188,
      "whiffs": 39,
      "swings": 96,
      "spin_rate": 1862,
      "swing_miss_percent": 40.6,
      "arm_angle": 38.4,
      "barrels_per_pa_percent": 9.30232558139535,
      "hardhit_percent": 46.42857142857143,
      "whiffs_per_pitch": 0.2074468085106383,
      "active_spin_percent": 69.6
    },
    {
      "code": "ST",
      "title": "sweeper",
      "color": "#DDB43A",
      "count": 120,
      "pitch_percent": 0.18691588785046728,
      "rhh_percent": 0.16472868217054262,
      "lhh_percent": 0.2777777777777778,
      "start_speed": 83.76833333333336,
      "max_start_speed": 86.8,
      "ivb": 1.2266666666666661,
      "hb": -9.775833333333335,
      "release_pos_z": 5.618525786896077,
      "release_pos_x": 3.288871024847285,
      "extension": 5.919693187312726,
      "pitches": 120,
      "whiffs": 18,
      "swings": 46,
      "spin_rate": 2560,
      "swing_miss_percent": 39.1,
      "arm_angle": 38,
      "barrels_per_pa_percent": 3.8461538461538463,
      "hardhit_percent": 35.714285714285715,
      "whiffs_per_pitch": 0.15,
      "active_spin_percent": 33.3
    },
    {
      "code": "SI",
      "title": "sinker",
      "color": "#FE9E00",
      "count": 25,
      "pitch_percent": 0.03894080996884735,
      "rhh_percent": 0.031007751937984496,
      "lhh_percent": 0.07142857142857142,
      "start_speed": 95.244,
      "max_start_speed": 97.7,
      "ivb": 9.831999999999999,
      "hb": 15.776,
      "release_pos_z": 5.619341661433863,
      "release_pos_x": 3.1135660310000453,
      "extension": 5.921631427652138,
      "pitches": 25,
      "whiffs": 1,
      "swings": 12,
      "spin_rate": 2291,
      "swing_miss_percent": 8.3,
      "arm_angle": 38.2,
      "barrels_per_pa_percent": 0,
      "hardhit_percent": 33.33333333333333,
      "whiffs_per_pitch": 0.04,
      "active_spin_percent": 91.7
    },
    {
      "code": "SL",
      "title": "slider",
      "color": "#EEE716",
      "count": 23,
      "pitch_percent": 0.03582554517133956,
      "rhh_percent": 0.03875968992248062,
      "lhh_percent": 0.023809523809523808,
      "start_speed": 89.84347826086957,
      "max_start_speed": 93.1,
      "ivb": 6.047826086956522,
      "hb": -1.056521739130435,
      "release_pos_z": 5.834322506033204,
      "release_pos_x": 2.9209280089806846,
      "extension": 5.98747809116335,
      "pitches": 23,
      "whiffs": 5,
      "swings": 15,
      "spin_rate": 2619,
      "swing_miss_percent": 33.3,
      "arm_angle": 46.6,
      "barrels_per_pa_percent": 0,
      "hardhit_percent": 25,
      "whiffs_per_pitch": 0.21739130434782608,
      "active_spin_percent": 26.1
    }
  ]
}