{
  "pitcher_id": "677952",
  "pitcher_name": "Braxton Ashcraft",
  "pitches": [
    {
      "code": "SL",
      "title": "slider",
      "color": "#EEE716",
      "count": 344,
      "pitch_percent": 0.3121597096188748,
      "rhh_percent": 0.39322033898305087,
      "lhh_percent": 0.21875,
      "start_speed": 92.0241279069768,
      "max_start_speed": 95.7,
      "ivb": 5.588372093023259,
      "hb": -1.959593023255814,
      "release_pos_z": 6.25634136350551,
      "release_pos_x": 1.0722360163364524,
      "extension": 6.241533693533227,
      "pitches": 344,
      "whiffs": 66,
      "swings": 204,
      "spin_rate": 2620,
      "swing_miss_percent": 32.4,
      "arm_angle": 40.9,
      "barrels_per_pa_percent": 2.6785714285714284,
      "hardhit_percent": 30.555555555555557,
      "whiffs_per_pitch": 0.19186046511627908,
      "active_spin_percent": 38.7
    },
    {
      "code": "FF",
      "title": "four-seam fastball",
      "color": "#D22D49",
      "count": 327,
      "pitch_percent": 0.2967332123411978,
      "rhh_percent": 0.2423728813559322,
      "lhh_percent": 0.359375,
      "start_speed": 96.95932721712535,
      "max_start_speed": 99.3,
      "ivb": 15.738837920489301,
      "hb": 7.30764525993884,
      "release_pos_z": 6.195833919207878,
      "release_pos_x": 1.0224231332311098,
      "extension": 6.404309226198278,
      "pitches": 325,
      "whiffs": 31,
      "swings": 159,
      "spin_rate": 2433,
      "swing_miss_percent": 19.5,
      "arm_angle": 40.1,
      "barrels_per_pa_percent": 4.166666666666666,
      "hardhit_percent": 49.01960784313725,
      "whiffs_per_pitch": 0.09538461538461539,
      "active_spin_percent": 87.3
    },
    {
      "code": "CU",
      "title": "curveball",
      "color": "#00D2ED",
      "count": 232,
      "pitch_percent": 0.21052631578947367,
      "rhh_percent": 0.12033898305084746,
      "lhh_percent": 0.314453125,
      "start_speed": 84.32672413793101,
      "max_start_speed": 87.3,
      "ivb": -12.391810344827588,
      "hb": -7.965517241379308,
      "release_pos_z": 6.380347909413312,
      "release_pos_x": 0.9571241414959035,
      "extension": 6.084139971346999,
      "pitches": 232,
      "whiffs": 30,
      "swings": 82,
      "spin_rate": 2762,
      "swing_miss_percent": 36.6,
      "arm_angle": 44.3,
      "barrels_per_pa_percent": 1.8518518518518516,
      "hardhit_percent": 34.61538461538461,
      "whiffs_per_pitch": 0.12931034482758622,
      "active_spin_percent": 72.3
    },
    {
      "code": "SI",
      "title": "sinker",
      "color": "#FE9E00",
      "count": 164,
      "pitch_percent": 0.14882032667876588,
      "rhh_percent": 0.2440677966101695,
      "lhh_percent": 0.0390625,
      "start_speed": 96.5506097560976,
      "max_start_speed": 98.7,
      "ivb": 8.39329268292683,
      "hb": 15.542682926829269,
      "release_pos_z": 6.180824001210669,
      "release_pos_x": 0.9615046373387109,
      "extension": 6.410200519459717,
      "pitches": 163,
      "whiffs": 17,
      "swings": 89,
      "spin_rate": 2383,
      "swing_miss_percent": 19.1,
      "arm_angle": 39.9,
      "barrels_per_pa_percent": 2.4390243902439024,
      "hardhit_percent": 48.484848484848484,
      "whiffs_per_pitch": 0.10429447852760736,
      "active_spin_percent": 83.8
    },
    {
      "code": "CH",
      "title": "changeup",
      "color": "#1DBF3A",
      "count": 35,
      "pitch_percent": 0.03176043557168784,
      "rhh_percent": 0,
      "lhh_percent": 0.068359375,
      "start_speed": 91.61428571428571,
      "max_start_speed": 93.9,
      "ivb": 6.417142857142858,
      "hb": 13.674285714285713,
      "release_pos_z": 6.153156355770539,
      "release_pos_x": 1.1645419775994788,
      "extension": 6.242252478645395,
      "pitches": 36,
      "whiffs": 1,
      "swings": 17,
      "spin_rate": 2109,
      "swing_miss_percent": 5.9,
      "arm_angle": 38.4,
      "barrels_per_pa_percent": 11.11111111111111,
      "hardhit_percent": 33.33333333333333,
      "whiffs_per_pitch": 0.027777777777777776,
      "active_spin_percent": 83.1
    }
  ]
}