{
  "pitcher_id": "678020",
  "pitcher_name": "Seth Halvorsen",
  "pitches": [
    {
      "code": "FF",
      "title": "four-seam fastball",
      "color": "#D22D49",
      "count": 342,
      "pitch_percent": 0.5419968304278923,
      "rhh_percent": 0.5015384615384615,
      "lhh_percent": 0.5849673202614379,
      "start_speed": 100.0347953216374,
      "max_start_speed": 103.3,
      "ivb": 12.877485380116957,
      "hb": 10.45175438596492,
      "release_pos_z": 5.856968367624453,
      "release_pos_x": 2.2302804243909975,
      "extension": 6.960813905293714,
      "pitches": 344,
      "whiffs": 40,
      "swings": 145,
      "spin_rate": 2270,
      "swing_miss_percent": 27.6,
      "arm_angle": 46.8,
      "barrels_per_pa_percent": 3.9473684210526314,
      "hardhit_percent": 54.347826086956516,
      "whiffs_per_pitch": 0.11627906976744186,
      "active_spin_percent": 99
    },
    {
      "code": "FS",
      "title": "splitter",
      "color": "#3BACAC",
      "count": 164,
      "pitch_percent": 0.25990491283676703,
      "rhh_percent": 0.16,
      "lhh_percent": 0.3660130718954248,
      "start_speed": 90.78353658536584,
      "max_start_speed": 94.5,
      "ivb": 3.0304878048780495,
      "hb": 12.311585365853661,
      "release_pos_z": 5.692018463498731,
      "release_pos_x": 2.6934132349450715,
      "extension": 6.936001770272832,
      "pitches": 164,
      "whiffs": 28,
      "swings": 97,
      "spin_rate": 1677,
      "swing_miss_percent": 28.9,
      "arm_angle": 37.8,
      "barrels_per_pa_percent": 6.666666666666667,
      "hardhit_percent": 29.78723404255319,
      "whiffs_per_pitch": 0.17073170731707318,
      "active_spin_percent": 91.9
    },
    {
      "code": "SL",
      "title": "slider",
      "color": "#EEE716",
      "count": 125,
      "pitch_percent": 0.19809825673534073,
      "rhh_percent": 0.3384615384615385,
      "lhh_percent": 0.049019607843137254,
      "start_speed": 89.45680000000002,
      "max_start_speed": 93.6,
      "ivb": 0.8767999999999996,
      "hb": -3.4663999999999993,
      "release_pos_z": 5.839455111835767,
      "release_pos_x": 2.379854959397624,
      "extension": 6.889325880662257,
      "pitches": 126,
      "whiffs": 22,
      "swings": 62,
      "spin_rate": 2505,
      "swing_miss_percent": 35.5,
      "arm_angle": 46.1,
      "barrels_per_pa_percent": 12.121212121212121,
      "hardhit_percent": 33.33333333333333,
      "whiffs_per_pitch": 0.1746031746031746,
      "active_spin_percent": 32.2
    }
  ]
}