{
  "pitcher_id": "678022",
  "pitcher_name": "Jack Perkins",
  "pitches": [
    {
      "code": "FF",
      "title": "four-seam fastball",
      "color": "#D22D49",
      "count": 268,
      "pitch_percent": 0.4207221350078493,
      "rhh_percent": 0.46959459459459457,
      "lhh_percent": 0.3782991202346041,
      "start_speed": 95.96492537313428,
      "max_start_speed": 98.8,
      "ivb": 14.157089552238801,
      "hb": 11.533208955223886,
      "release_pos_z": 5.390383939501564,
      "release_pos_x": 2.156312655294125,
      "extension": 6.291274559233305,
      "pitches": 268,
      "whiffs": 30,
      "swings": 119,
      "spin_rate": 2259,
      "swing_miss_percent": 25.2,
      "arm_angle": 30.6,
      "barrels_per_pa_percent": 9.859154929577464,
      "hardhit_percent": 47.82608695652174,
      "whiffs_per_pitch": 0.11194029850746269,
      "active_spin_percent": 95.5
    },
    {
      "code": "ST",
      "title": "sweeper",
      "color": "#DDB43A",
      "count": 209,
      "pitch_percent": 0.3281004709576138,
      "rhh_percent": 0.3918918918918919,
      "lhh_percent": 0.2727272727272727,
      "start_speed": 86.2842105263158,
      "max_start_speed": 88.7,
      "ivb": 2.794258373205742,
      "hb": -12.358851674641155,
      "release_pos_z": 5.236751116636337,
      "release_pos_x": 2.2177657161945135,
      "extension": 6.243237752175256,
      "pitches": 209,
      "whiffs": 41,
      "swings": 108,
      "spin_rate": 2746,
      "swing_miss_percent": 38,
      "arm_angle": 27.3,
      "barrels_per_pa_percent": 1.7543859649122806,
      "hardhit_percent": 26.47058823529412,
      "whiffs_per_pitch": 0.19617224880382775,
      "active_spin_percent": 37.6
    },
    {
      "code": "FC",
      "title": "cutter",
      "color": "#933F2C",
      "count": 89,
      "pitch_percent": 0.13971742543171115,
      "rhh_percent": 0.10135135135135136,
      "lhh_percent": 0.17302052785923755,
      "start_speed": 93.37415730337078,
      "max_start_speed": 95.9,
      "ivb": 8.28988764044944,
      "hb": 1.006741573033708,
      "release_pos_z": 5.342109761929282,
      "release_pos_x": 2.2229753921477835,
      "extension": 6.263885117510678,
      "pitches": 89,
      "whiffs": 10,
      "swings": 50,
      "spin_rate": 2475,
      "swing_miss_percent": 20,
      "arm_angle": 28.9,
      "barrels_per_pa_percent": 8.695652173913043,
      "hardhit_percent": 23.809523809523807,
      "whiffs_per_pitch": 0.11235955056179775,
      "active_spin_percent": 52.3
    },
    {
      "code": "CH",
      "title": "changeup",
      "color": "#1DBF3A",
      "count": 66,
      "pitch_percent": 0.10361067503924647,
      "rhh_percent": 0.037162162162162164,
      "lhh_percent": 0.16129032258064516,
      "start_speed": 89.31212121212121,
      "max_start_speed": 91.5,
      "ivb": 0.11666666666666674,
      "hb": 13.504545454545454,
      "release_pos_z": 5.359506888396912,
      "release_pos_x": 2.144191932356114,
      "extension": 6.2720007272535065,
      "pitches": 66,
      "whiffs": 17,
      "swings": 29,
      "spin_rate": 1269,
      "swing_miss_percent": 58.6,
      "arm_angle": 29.7,
      "barrels_per_pa_percent": 0,
      "hardhit_percent": 33.33333333333333,
      "whiffs_per_pitch": 0.25757575757575757,
      "active_spin_percent": 96
    },
    {
      "code": "CU",
      "title": "curveball",
      "color": "#00D2ED",
      "count": 5,
      "pitch_percent": 0.007849293563579277,
      "rhh_percent": 0,
      "lhh_percent": 0.01466275659824047,
      "start_speed": 84.20000000000002,
      "max_start_speed": 85.7,
      "ivb": -9.34,
      "hb": -6.960000000000001,
      "release_pos_z": 5.521258009250833,
      "release_pos_x": 1.9795132244130325,
      "extension": 6.283586653762152,
      "pitches": 5,
      "whiffs": 1,
      "swings": 1,
      "spin_rate": 2730,
      "swing_miss_percent": 100,
      "arm_angle": 36.8,
      "barrels_per_pa_percent": null,
      "hardhit_percent": null,
      "whiffs_per_pitch": 0.2,
      "active_spin_percent": null
    }
  ]
}