{
  "pitcher_id": "678692",
  "pitcher_name": "Ronny Henriquez",
  "pitches": [
    {
      "code": "FF",
      "title": "four-seam fastball",
      "color": "#D22D49",
      "count": 344,
      "pitch_percent": 0.2970639032815199,
      "rhh_percent": 0.3283582089552239,
      "lhh_percent": 0.26306306306306304,
      "start_speed": 96.65930232558141,
      "max_start_speed": 98.8,
      "ivb": 18.430813953488375,
      "hb": 6.3372093023255776,
      "release_pos_z": 5.342881413269014,
      "release_pos_x": 2.1390750361015596,
      "extension": 6.481325319701806,
      "pitches": 342,
      "whiffs": 32,
      "swings": 154,
      "spin_rate": 2496,
      "swing_miss_percent": 20.8,
      "arm_angle": 45.4,
      "barrels_per_pa_percent": 8.860759493670885,
      "hardhit_percent": 56.25,
      "whiffs_per_pitch": 0.0935672514619883,
      "active_spin_percent": 88.4
    },
    {
      "code": "ST",
      "title": "sweeper",
      "color": "#DDB43A",
      "count": 328,
      "pitch_percent": 0.28324697754749567,
      "rhh_percent": 0.36981757877280264,
      "lhh_percent": 0.1891891891891892,
      "start_speed": 85.35487804878048,
      "max_start_speed": 88.6,
      "ivb": 1.2018292682926819,
      "hb": -13.015243902439014,
      "release_pos_z": 5.231609789230085,
      "release_pos_x": 2.416946817442185,
      "extension": 6.515419106038579,
      "pitches": 327,
      "whiffs": 88,
      "swings": 188,
      "spin_rate": 2583,
      "swing_miss_percent": 46.8,
      "arm_angle": 43.3,
      "barrels_per_pa_percent": 5.747126436781609,
      "hardhit_percent": 40.74074074074074,
      "whiffs_per_pitch": 0.2691131498470948,
      "active_spin_percent": 39.8
    },
    {
      "code": "SL",
      "title": "slider",
      "color": "#EEE716",
      "count": 270,
      "pitch_percent": 0.23316062176165803,
      "rhh_percent": 0.21890547263681592,
      "lhh_percent": 0.24864864864864866,
      "start_speed": 87.67296296296294,
      "max_start_speed": 90.5,
      "ivb": 4.7488888888888905,
      "hb": -3.9440740740740745,
      "release_pos_z": 5.181791561654482,
      "release_pos_x": 2.3966080532846776,
      "extension": 6.523403618436264,
      "pitches": 270,
      "whiffs": 60,
      "swings": 148,
      "spin_rate": 2525,
      "swing_miss_percent": 40.5,
      "arm_angle": 41.2,
      "barrels_per_pa_percent": 4.938271604938271,
      "hardhit_percent": 36.84210526315789,
      "whiffs_per_pitch": 0.2222222222222222,
      "active_spin_percent": 27.7
    },
    {
      "code": "CH",
      "title": "changeup",
      "color": "#1DBF3A",
      "count": 192,
      "pitch_percent": 0.16580310880829016,
      "rhh_percent": 0.04311774461028192,
      "lhh_percent": 0.2990990990990991,
      "start_speed": 91.70156250000001,
      "max_start_speed": 94.8,
      "ivb": 3.467187499999998,
      "hb": 16.791145833333335,
      "release_pos_z": 5.149028111916182,
      "release_pos_x": 2.662530483514329,
      "extension": 6.503455513252059,
      "pitches": 192,
      "whiffs": 26,
      "swings": 74,
      "spin_rate": 1604,
      "swing_miss_percent": 35.1,
      "arm_angle": 34.4,
      "barrels_per_pa_percent": 4.3478260869565215,
      "hardhit_percent": 37.03703703703704,
      "whiffs_per_pitch": 0.13541666666666666,
      "active_spin_percent": 95.6
    },
    {
      "code": "SI",
      "title": "sinker",
      "color": "#FE9E00",
      "count": 24,
      "pitch_percent": 0.02072538860103627,
      "rhh_percent": 0.03980099502487562,
      "lhh_percent": 0,
      "start_speed": 95.00416666666668,
      "max_start_speed": 96.7,
      "ivb": 9.766666666666667,
      "hb": 17.479166666666668,
      "release_pos_z": 5.232684838700773,
      "release_pos_x": 2.579415345374863,
      "extension": 6.566007583328357,
      "pitches": 24,
      "whiffs": 0,
      "swings": 5,
      "spin_rate": 2413,
      "swing_miss_percent": 0,
      "arm_angle": 37.8,
      "barrels_per_pa_percent": 20,
      "hardhit_percent": 25,
      "whiffs_per_pitch": 0,
      "active_spin_percent": 88.1
    }
  ]
}