{
  "pitcher_id": "680694",
  "pitcher_name": "Kyle Bradish",
  "pitches": [
    {
      "code": "SI",
      "title": "sinker",
      "color": "#FE9E00",
      "count": 163,
      "pitch_percent": 0.3299595141700405,
      "rhh_percent": 0.3631578947368421,
      "lhh_percent": 0.3092105263157895,
      "start_speed": 94.81288343558282,
      "max_start_speed": 97.8,
      "ivb": 14.060736196319016,
      "hb": 11.426380368098156,
      "release_pos_z": 6.4316530718362275,
      "release_pos_x": 1.009720519805248,
      "extension": 6.432006219608411,
      "pitches": 161,
      "whiffs": 17,
      "swings": 68,
      "spin_rate": 2161,
      "swing_miss_percent": 25,
      "arm_angle": 56.2,
      "barrels_per_pa_percent": 5.769230769230769,
      "hardhit_percent": 34.48275862068966,
      "whiffs_per_pitch": 0.10559006211180125,
      "active_spin_percent": 77.5
    },
    {
      "code": "SL",
      "title": "slider",
      "color": "#EEE716",
      "count": 157,
      "pitch_percent": 0.31781376518218624,
      "rhh_percent": 0.45789473684210524,
      "lhh_percent": 0.23026315789473684,
      "start_speed": 86.95732484076434,
      "max_start_speed": 89.8,
      "ivb": 0.14012738853503182,
      "hb": -12.162420382165603,
      "release_pos_z": 6.331817993253345,
      "release_pos_x": 1.3010708433128542,
      "extension": 6.354520095673498,
      "pitches": 157,
      "whiffs": 36,
      "swings": 81,
      "spin_rate": 2589,
      "swing_miss_percent": 44.4,
      "arm_angle": 53.1,
      "barrels_per_pa_percent": 3.125,
      "hardhit_percent": 26.666666666666668,
      "whiffs_per_pitch": 0.22929936305732485,
      "active_spin_percent": 41.1
    },
    {
      "code": "FF",
      "title": "four-seam fastball",
      "color": "#D22D49",
      "count": 110,
      "pitch_percent": 0.22267206477732793,
      "rhh_percent": 0.11578947368421053,
      "lhh_percent": 0.2894736842105263,
      "start_speed": 94.43272727272726,
      "max_start_speed": 97.6,
      "ivb": 16.069090909090907,
      "hb": -1.6045454545454547,
      "release_pos_z": 6.525211729860207,
      "release_pos_x": 1.0824365557151834,
      "extension": 6.353597229033167,
      "pitches": 112,
      "whiffs": 10,
      "swings": 42,
      "spin_rate": 2416,
      "swing_miss_percent": 23.8,
      "arm_angle": 58,
      "barrels_per_pa_percent": 3.571428571428571,
      "hardhit_percent": 47.05882352941176,
      "whiffs_per_pitch": 0.08928571428571429,
      "active_spin_percent": 77.9
    },
    {
      "code": "CU",
      "title": "curveball",
      "color": "#00D2ED",
      "count": 64,
      "pitch_percent": 0.12955465587044535,
      "rhh_percent": 0.06315789473684211,
      "lhh_percent": 0.17105263157894737,
      "start_speed": 83.97968749999997,
      "max_start_speed": 86.9,
      "ivb": -12.1671875,
      "hb": -5.2828125,
      "release_pos_z": 6.514663357052851,
      "release_pos_x": 1.013456099603025,
      "extension": 6.3581939887086945,
      "pitches": 64,
      "whiffs": 15,
      "swings": 33,
      "spin_rate": 2596,
      "swing_miss_percent": 45.5,
      "arm_angle": 61.1,
      "barrels_per_pa_percent": 7.142857142857142,
      "hardhit_percent": 57.14285714285714,
      "whiffs_per_pitch": 0.234375,
      "active_spin_percent": 72.3
    }
  ]
}