{
  "pitcher_id": "681517",
  "pitcher_name": "Kyle Leahy",
  "pitches": [
    {
      "code": "FF",
      "title": "four-seam fastball",
      "color": "#D22D49",
      "count": 410,
      "pitch_percent": 0.30303030303030304,
      "rhh_percent": 0.24026845637583893,
      "lhh_percent": 0.37993421052631576,
      "start_speed": 95.42341463414635,
      "max_start_speed": 97.9,
      "ivb": 16.558048780487802,
      "hb": 3.187073170731704,
      "release_pos_z": 5.794996088788648,
      "release_pos_x": 2.113846282452692,
      "extension": 7.186555532476655,
      "pitches": 407,
      "whiffs": 36,
      "swings": 163,
      "spin_rate": 2375,
      "swing_miss_percent": 22.1,
      "arm_angle": 45.9,
      "barrels_per_pa_percent": 8.695652173913043,
      "hardhit_percent": 53.57142857142857,
      "whiffs_per_pitch": 0.08845208845208845,
      "active_spin_percent": 85.9
    },
    {
      "code": "SL",
      "title": "slider",
      "color": "#EEE716",
      "count": 282,
      "pitch_percent": 0.20842572062084258,
      "rhh_percent": 0.28053691275167786,
      "lhh_percent": 0.12006578947368421,
      "start_speed": 91.09858156028375,
      "max_start_speed": 93.8,
      "ivb": 5.005673758865249,
      "hb": -4.608510638297872,
      "release_pos_z": 5.740621401478486,
      "release_pos_x": 2.3359346331916697,
      "extension": 7.058288723223116,
      "pitches": 281,
      "whiffs": 27,
      "swings": 145,
      "spin_rate": 2380,
      "swing_miss_percent": 18.6,
      "arm_angle": 43.5,
      "barrels_per_pa_percent": 5.47945205479452,
      "hardhit_percent": 39.0625,
      "whiffs_per_pitch": 0.09608540925266904,
      "active_spin_percent": 43.7
    },
    {
      "code": "CU",
      "title": "curveball",
      "color": "#00D2ED",
      "count": 244,
      "pitch_percent": 0.180339985218034,
      "rhh_percent": 0.11275167785234899,
      "lhh_percent": 0.2631578947368421,
      "start_speed": 83.55737704918036,
      "max_start_speed": 86.9,
      "ivb": -12.895491803278688,
      "hb": -8.607377049180325,
      "release_pos_z": 5.824934824080006,
      "release_pos_x": 2.077266570411549,
      "extension": 6.996411621686813,
      "pitches": 243,
      "whiffs": 40,
      "swings": 114,
      "spin_rate": 2421,
      "swing_miss_percent": 35.1,
      "arm_angle": 48.6,
      "barrels_per_pa_percent": 5.88235294117647,
      "hardhit_percent": 48.717948717948715,
      "whiffs_per_pitch": 0.1646090534979424,
      "active_spin_percent": 84.2
    },
    {
      "code": "ST",
      "title": "sweeper",
      "color": "#DDB43A",
      "count": 187,
      "pitch_percent": 0.13821138211382114,
      "rhh_percent": 0.22416107382550335,
      "lhh_percent": 0.03289473684210526,
      "start_speed": 86.75775401069521,
      "max_start_speed": 89.7,
      "ivb": 3.3101604278074874,
      "hb": -15.087165775401068,
      "release_pos_z": 5.737711022066359,
      "release_pos_x": 2.3538760349870698,
      "extension": 6.98322520275235,
      "pitches": 186,
      "whiffs": 35,
      "swings": 122,
      "spin_rate": 2702,
      "swing_miss_percent": 28.7,
      "arm_angle": 44,
      "barrels_per_pa_percent": 7.4074074074074066,
      "hardhit_percent": 40.54054054054054,
      "whiffs_per_pitch": 0.1881720430107527,
      "active_spin_percent": 47.4
    },
    {
      "code": "CH",
      "title": "changeup",
      "color": "#1DBF3A",
      "count": 130,
      "pitch_percent": 0.09608277900960828,
      "rhh_percent": 0.016107382550335572,
      "lhh_percent": 0.19407894736842105,
      "start_speed": 90.2384615384615,
      "max_start_speed": 92.5,
      "ivb": 5.328461538461541,
      "hb": 11.44923076923077,
      "release_pos_z": 5.6463581933418965,
      "release_pos_x": 2.1348136063603254,
      "extension": 7.090872479053545,
      "pitches": 129,
      "whiffs": 11,
      "swings": 65,
      "spin_rate": 1498,
      "swing_miss_percent": 16.9,
      "arm_angle": 41.9,
      "barrels_per_pa_percent": 7.894736842105263,
      "hardhit_percent": 40,
      "whiffs_per_pitch": 0.08527131782945736,
      "active_spin_percent": 79.9
    },
    {
      "code": "SI",
      "title": "sinker",
      "color": "#FE9E00",
      "count": 100,
      "pitch_percent": 0.07390983000739099,
      "rhh_percent": 0.1261744966442953,
      "lhh_percent": 0.009868421052631578,
      "start_speed": 95.26900000000002,
      "max_start_speed": 97.7,
      "ivb": 12.161,
      "hb": 12.855000000000004,
      "release_pos_z": 5.780930957042952,
      "release_pos_x": 1.9945911368996985,
      "extension": 7.2123740433057915,
      "pitches": 101,
      "whiffs": 6,
      "swings": 59,
      "spin_rate": 2234,
      "swing_miss_percent": 10.2,
      "arm_angle": 45.7,
      "barrels_per_pa_percent": 5.88235294117647,
      "hardhit_percent": 44,
      "whiffs_per_pitch": 0.0594059405940594,
      "active_spin_percent": 84.1
    }
  ]
}