{
  "pitcher_id": "681857",
  "pitcher_name": "Reese Olson",
  "pitches": [
    {
      "code": "SI",
      "title": "sinker",
      "color": "#FE9E00",
      "count": 327,
      "pitch_percent": 0.28213977566867987,
      "rhh_percent": 0.4458804523424879,
      "lhh_percent": 0.09444444444444444,
      "start_speed": 94.40917431192655,
      "max_start_speed": 96.8,
      "ivb": 10.71070336391437,
      "hb": 15.629357798165142,
      "release_pos_z": 6.0159563267153,
      "release_pos_x": 2.7383622687593383,
      "extension": 5.923394708151945,
      "pitches": 327,
      "whiffs": 3,
      "swings": 122,
      "spin_rate": 2176,
      "swing_miss_percent": 2.5,
      "arm_angle": 36.4,
      "barrels_per_pa_percent": 7.865168539325842,
      "hardhit_percent": 51.470588235294116,
      "whiffs_per_pitch": 0.009174311926605505,
      "active_spin_percent": 89.1
    },
    {
      "code": "CH",
      "title": "changeup",
      "color": "#1DBF3A",
      "count": 300,
      "pitch_percent": 0.25884383088869717,
      "rhh_percent": 0.22617124394184168,
      "lhh_percent": 0.2962962962962963,
      "start_speed": 87.74566666666675,
      "max_start_speed": 90.1,
      "ivb": 0.3170000000000002,
      "hb": 14.824666666666662,
      "release_pos_z": 5.921395853797005,
      "release_pos_x": 2.8311985856783144,
      "extension": 5.8722371748872115,
      "pitches": 300,
      "whiffs": 72,
      "swings": 156,
      "spin_rate": 1960,
      "swing_miss_percent": 46.2,
      "arm_angle": 35.1,
      "barrels_per_pa_percent": 4.477611940298507,
      "hardhit_percent": 28.57142857142857,
      "whiffs_per_pitch": 0.24,
      "active_spin_percent": 74.2
    },
    {
      "code": "SL",
      "title": "slider",
      "color": "#EEE716",
      "count": 250,
      "pitch_percent": 0.21570319240724764,
      "rhh_percent": 0.2245557350565428,
      "lhh_percent": 0.20555555555555555,
      "start_speed": 84.33359999999999,
      "max_start_speed": 87.2,
      "ivb": -3.6116,
      "hb": -5.017199999999996,
      "release_pos_z": 5.981306126074441,
      "release_pos_x": 2.7537824218815827,
      "extension": 5.848295865208742,
      "pitches": 250,
      "whiffs": 56,
      "swings": 125,
      "spin_rate": 2842,
      "swing_miss_percent": 44.8,
      "arm_angle": 37.6,
      "barrels_per_pa_percent": 3.225806451612903,
      "hardhit_percent": 43.90243902439025,
      "whiffs_per_pitch": 0.224,
      "active_spin_percent": 32.2
    },
    {
      "code": "FF",
      "title": "four-seam fastball",
      "color": "#D22D49",
      "count": 213,
      "pitch_percent": 0.18377911993097498,
      "rhh_percent": 0.07108239095315025,
      "lhh_percent": 0.31296296296296294,
      "start_speed": 94.2619718309859,
      "max_start_speed": 97.1,
      "ivb": 15.247887323943665,
      "hb": 9.56103286384977,
      "release_pos_z": 5.978880631303086,
      "release_pos_x": 2.8505044968573476,
      "extension": 5.897589672734705,
      "pitches": 212,
      "whiffs": 15,
      "swings": 90,
      "spin_rate": 2324,
      "swing_miss_percent": 16.7,
      "arm_angle": 36,
      "barrels_per_pa_percent": 3.8461538461538463,
      "hardhit_percent": 54.054054054054056,
      "whiffs_per_pitch": 0.07075471698113207,
      "active_spin_percent": 87.6
    },
    {
      "code": "CU",
      "title": "curveball",
      "color": "#00D2ED",
      "count": 64,
      "pitch_percent": 0.055220017256255395,
      "rhh_percent": 0.030694668820678513,
      "lhh_percent": 0.08333333333333333,
      "start_speed": 79.6796875,
      "max_start_speed": 81.3,
      "ivb": -12.7,
      "hb": -7.884374999999999,
      "release_pos_z": 6.123855080642355,
      "release_pos_x": 2.6557664770519027,
      "extension": 5.773097542782361,
      "pitches": 64,
      "whiffs": 7,
      "swings": 19,
      "spin_rate": 2458,
      "swing_miss_percent": 36.8,
      "arm_angle": 41.2,
      "barrels_per_pa_percent": 0,
      "hardhit_percent": 28.57142857142857,
      "whiffs_per_pitch": 0.109375,
      "active_spin_percent": 82.2
    },
    {
      "code": "ST",
      "title": "sweeper",
      "color": "#DDB43A",
      "count": 5,
      "pitch_percent": 0.004314063848144953,
      "rhh_percent": 0.0016155088852988692,
      "lhh_percent": 0.007407407407407408,
      "start_speed": 82.46000000000001,
      "max_start_speed": 83,
      "ivb": -2.6199999999999997,
      "hb": -11.719999999999999,
      "release_pos_z": 5.958008958785042,
      "release_pos_x": 2.8015621179820407,
      "extension": 5.8133295347885525,
      "pitches": 5,
      "whiffs": 0,
      "swings": 2,
      "spin_rate": 2950,
      "swing_miss_percent": 0,
      "arm_angle": 37.6,
      "barrels_per_pa_percent": null,
      "hardhit_percent": null,
      "whiffs_per_pitch": 0,
      "active_spin_percent": null
    }
  ]
}