{
  "pitcher_id": "681810",
  "pitcher_name": "Austin Warren",
  "pitches": [
    {
      "code": "SI",
      "title": "sinker",
      "color": "#FE9E00",
      "count": 52,
      "pitch_percent": 0.3561643835616438,
      "rhh_percent": 0.41379310344827586,
      "lhh_percent": 0.3181818181818182,
      "start_speed": 94.00576923076925,
      "max_start_speed": 95.7,
      "ivb": 7.561538461538461,
      "hb": 19.33653846153846,
      "release_pos_z": 4.9190018191770015,
      "release_pos_x": 1.951779304090151,
      "extension": 6.393687452542117,
      "pitches": 52,
      "whiffs": 5,
      "swings": 24,
      "spin_rate": 2254,
      "swing_miss_percent": 20.8,
      "arm_angle": 26.1,
      "barrels_per_pa_percent": 6.666666666666667,
      "hardhit_percent": 55.55555555555556,
      "whiffs_per_pitch": 0.09615384615384616,
      "active_spin_percent": 96.6
    },
    {
      "code": "ST",
      "title": "sweeper",
      "color": "#DDB43A",
      "count": 43,
      "pitch_percent": 0.2945205479452055,
      "rhh_percent": 0.29310344827586204,
      "lhh_percent": 0.29545454545454547,
      "start_speed": 83.94186046511626,
      "max_start_speed": 86.4,
      "ivb": -2.281395348837209,
      "hb": -15.165116279069762,
      "release_pos_z": 4.938398633047438,
      "release_pos_x": 2.0458204864787235,
      "extension": 6.218985517459718,
      "pitches": 43,
      "whiffs": 3,
      "swings": 19,
      "spin_rate": 2726,
      "swing_miss_percent": 15.8,
      "arm_angle": 25.7,
      "barrels_per_pa_percent": 0,
      "hardhit_percent": 50,
      "whiffs_per_pitch": 0.06976744186046512,
      "active_spin_percent": 49.2
    },
    {
      "code": "FC",
      "title": "cutter",
      "color": "#933F2C",
      "count": 25,
      "pitch_percent": 0.17123287671232876,
      "rhh_percent": 0.2413793103448276,
      "lhh_percent": 0.125,
      "start_speed": 88.35199999999998,
      "max_start_speed": 91.2,
      "ivb": 5.052000000000001,
      "hb": 1.268,
      "release_pos_z": 5.003415328844088,
      "release_pos_x": 2.013258063494781,
      "extension": 6.280275760245902,
      "pitches": 25,
      "whiffs": 3,
      "swings": 12,
      "spin_rate": 2427,
      "swing_miss_percent": 25,
      "arm_angle": 28.2,
      "barrels_per_pa_percent": 0,
      "hardhit_percent": 25,
      "whiffs_per_pitch": 0.12,
      "active_spin_percent": 24.4
    },
    {
      "code": "FF",
      "title": "four-seam fastball",
      "color": "#D22D49",
      "count": 20,
      "pitch_percent": 0.136986301369863,
      "rhh_percent": 0.05172413793103448,
      "lhh_percent": 0.19318181818181818,
      "start_speed": 93.85999999999999,
      "max_start_speed": 95.1,
      "ivb": 14.755,
      "hb": 13.815000000000001,
      "release_pos_z": 5.059106425664623,
      "release_pos_x": 1.797157819666,
      "extension": 6.3958965614248235,
      "pitches": 20,
      "whiffs": 0,
      "swings": 6,
      "spin_rate": 2407,
      "swing_miss_percent": 0,
      "arm_angle": 30.9,
      "barrels_per_pa_percent": 0,
      "hardhit_percent": 0,
      "whiffs_per_pitch": 0,
      "active_spin_percent": 96.1
    },
    {
      "code": "CH",
      "title": "changeup",
      "color": "#1DBF3A",
      "count": 6,
      "pitch_percent": 0.0410958904109589,
      "rhh_percent": 0,
      "lhh_percent": 0.06818181818181818,
      "start_speed": 87.85000000000001,
      "max_start_speed": 89.4,
      "ivb": 3.983333333333333,
      "hb": 16.25,
      "release_pos_z": 4.90212867843455,
      "release_pos_x": 2.00257184028175,
      "extension": 6.320994868656246,
      "pitches": 6,
      "whiffs": 0,
      "swings": 1,
      "spin_rate": 1836,
      "swing_miss_percent": 0,
      "arm_angle": 26.1,
      "barrels_per_pa_percent": null,
      "hardhit_percent": null,
      "whiffs_per_pitch": 0,
      "active_spin_percent": null
    }
  ]
}