{
  "pitcher_id": "682254",
  "pitcher_name": "Mason Montgomery",
  "pitches": [
    {
      "code": "FF",
      "title": "four-seam fastball",
      "color": "#D22D49",
      "count": 569,
      "pitch_percent": 0.6608594657375145,
      "rhh_percent": 0.7085714285714285,
      "lhh_percent": 0.5863095238095238,
      "start_speed": 98.70755711775045,
      "max_start_speed": 102.2,
      "ivb": 18.48558875219685,
      "hb": 6.108260105448153,
      "release_pos_z": 5.8432181867520585,
      "release_pos_x": 1.409326394995123,
      "extension": 6.803235221756579,
      "pitches": 565,
      "whiffs": 88,
      "swings": 276,
      "spin_rate": 2313,
      "swing_miss_percent": 31.9,
      "arm_angle": 52.7,
      "barrels_per_pa_percent": 5.426356589147287,
      "hardhit_percent": 49.25373134328358,
      "whiffs_per_pitch": 0.15575221238938053,
      "active_spin_percent": 98
    },
    {
      "code": "SL",
      "title": "slider",
      "color": "#EEE716",
      "count": 290,
      "pitch_percent": 0.33681765389082463,
      "rhh_percent": 0.2914285714285714,
      "lhh_percent": 0.40773809523809523,
      "start_speed": 89.74620689655173,
      "max_start_speed": 92.3,
      "ivb": 1.7620689655172408,
      "hb": -0.8472413793103452,
      "release_pos_z": 5.784181058627636,
      "release_pos_x": 1.5362286517537866,
      "extension": 6.724986327496805,
      "pitches": 290,
      "whiffs": 69,
      "swings": 159,
      "spin_rate": 2571,
      "swing_miss_percent": 43.4,
      "arm_angle": 51.5,
      "barrels_per_pa_percent": 5.263157894736842,
      "hardhit_percent": 28.26086956521739,
      "whiffs_per_pitch": 0.23793103448275862,
      "active_spin_percent": 14.6
    },
    {
      "code": "FC",
      "title": "cutter",
      "color": "#933F2C",
      "count": 2,
      "pitch_percent": 0.0023228803716608595,
      "rhh_percent": 0,
      "lhh_percent": 0.005952380952380952,
      "start_speed": 88.44999999999999,
      "max_start_speed": 89.3,
      "ivb": 4.550000000000001,
      "hb": 4.6,
      "release_pos_z": 6.116224172528314,
      "release_pos_x": -1.4483322402278924,
      "extension": 6.674935715385332,
      "active_spin_percent": null
    }
  ]
}