{
  "pitcher_id": "682243",
  "pitcher_name": "Bryce Miller",
  "pitches": [
    {
      "code": "FF",
      "title": "four-seam fastball",
      "color": "#D22D49",
      "count": 632,
      "pitch_percent": 0.40959170447180815,
      "rhh_percent": 0.38488783943329397,
      "lhh_percent": 0.4396551724137931,
      "start_speed": 94.82088607594939,
      "max_start_speed": 97.6,
      "ivb": 18.93006329113924,
      "hb": 6.573575949367087,
      "release_pos_z": 5.812882337041759,
      "release_pos_x": 0.8476214588646028,
      "extension": 6.285119054843071,
      "pitches": 629,
      "whiffs": 81,
      "swings": 350,
      "spin_rate": 2510,
      "swing_miss_percent": 23.1,
      "arm_angle": 47,
      "barrels_per_pa_percent": 7.894736842105263,
      "hardhit_percent": 47.16981132075472,
      "whiffs_per_pitch": 0.1287758346581876,
      "active_spin_percent": 93.4
    },
    {
      "code": "FS",
      "title": "splitter",
      "color": "#3BACAC",
      "count": 289,
      "pitch_percent": 0.18729747245625405,
      "rhh_percent": 0.13931523022432113,
      "lhh_percent": 0.24568965517241378,
      "start_speed": 83.85536332179929,
      "max_start_speed": 87,
      "ivb": 1.6522491349480968,
      "hb": 10.517993079584773,
      "release_pos_z": 5.390135868356192,
      "release_pos_x": 1.2195587314868257,
      "extension": 6.466107536525178,
      "pitches": 289,
      "whiffs": 45,
      "swings": 159,
      "spin_rate": 976,
      "swing_miss_percent": 28.3,
      "arm_angle": 38.3,
      "barrels_per_pa_percent": 4.597701149425287,
      "hardhit_percent": 43.333333333333336,
      "whiffs_per_pitch": 0.15570934256055363,
      "active_spin_percent": 68
    },
    {
      "code": "SI",
      "title": "sinker",
      "color": "#FE9E00",
      "count": 255,
      "pitch_percent": 0.16526247569669475,
      "rhh_percent": 0.23494687131050768,
      "lhh_percent": 0.08045977011494253,
      "start_speed": 94.4831372549019,
      "max_start_speed": 96.7,
      "ivb": 13.384705882352945,
      "hb": 14.853333333333337,
      "release_pos_z": 5.676617539852597,
      "release_pos_x": 1.023289852545346,
      "extension": 6.327831107713736,
      "pitches": 255,
      "whiffs": 14,
      "swings": 116,
      "spin_rate": 2471,
      "swing_miss_percent": 12.1,
      "arm_angle": 43.1,
      "barrels_per_pa_percent": 7.042253521126761,
      "hardhit_percent": 62.96296296296296,
      "whiffs_per_pitch": 0.054901960784313725,
      "active_spin_percent": 90.2
    },
    {
      "code": "KC",
      "title": "knuckle curve",
      "color": "#6236CD",
      "count": 166,
      "pitch_percent": 0.10758263123784835,
      "rhh_percent": 0.06847697756788666,
      "lhh_percent": 0.15517241379310345,
      "start_speed": 83.41566265060239,
      "max_start_speed": 86.7,
      "ivb": -11.016265060240963,
      "hb": -3.1837349397590367,
      "release_pos_z": 5.66587738468192,
      "release_pos_x": 1.011391235225563,
      "extension": 6.3524620294864285,
      "pitches": 165,
      "whiffs": 23,
      "swings": 78,
      "spin_rate": 2357,
      "swing_miss_percent": 29.5,
      "arm_angle": 46,
      "barrels_per_pa_percent": 6.521739130434782,
      "hardhit_percent": 58.06451612903226,
      "whiffs_per_pitch": 0.1393939393939394,
      "active_spin_percent": null
    },
    {
      "code": "SL",
      "title": "slider",
      "color": "#EEE716",
      "count": 117,
      "pitch_percent": 0.07582631237848347,
      "rhh_percent": 0.09563164108618655,
      "lhh_percent": 0.05172413793103448,
      "start_speed": 85.67179487179487,
      "max_start_speed": 89.8,
      "ivb": 1.2837606837606836,
      "hb": -3.9931623931623936,
      "release_pos_z": 5.639434470157058,
      "release_pos_x": 1.1407535788552767,
      "extension": 6.299761520892253,
      "pitches": 117,
      "whiffs": 20,
      "swings": 51,
      "spin_rate": 2555,
      "swing_miss_percent": 39.2,
      "arm_angle": 42.9,
      "barrels_per_pa_percent": 11.11111111111111,
      "hardhit_percent": 42.857142857142854,
      "whiffs_per_pitch": 0.17094017094017094,
      "active_spin_percent": 26
    },
    {
      "code": "ST",
      "title": "sweeper",
      "color": "#DDB43A",
      "count": 66,
      "pitch_percent": 0.04277381723914452,
      "rhh_percent": 0.06729634002361275,
      "lhh_percent": 0.01293103448275862,
      "start_speed": 82.86363636363636,
      "max_start_speed": 84.8,
      "ivb": -7.1818181818181825,
      "hb": -16.051515151515154,
      "release_pos_z": 5.621856603739878,
      "release_pos_x": 1.2191001404763053,
      "extension": 6.31044812424048,
      "pitches": 66,
      "whiffs": 4,
      "swings": 20,
      "spin_rate": 2352,
      "swing_miss_percent": 20,
      "arm_angle": 41.8,
      "barrels_per_pa_percent": 0,
      "hardhit_percent": 11.11111111111111,
      "whiffs_per_pitch": 0.06060606060606061,
      "active_spin_percent": 62.4
    },
    {
      "code": "FC",
      "title": "cutter",
      "color": "#933F2C",
      "count": 18,
      "pitch_percent": 0.011665586519766688,
      "rhh_percent": 0.009445100354191263,
      "lhh_percent": 0.014367816091954023,
      "start_speed": 91.18333333333334,
      "max_start_speed": 96.1,
      "ivb": 13.18888888888889,
      "hb": -1.2055555555555555,
      "release_pos_z": 5.748715715307209,
      "release_pos_x": 0.9801342305141536,
      "extension": 6.213014735814607,
      "pitches": 18,
      "whiffs": 3,
      "swings": 9,
      "spin_rate": 2574,
      "swing_miss_percent": 33.3,
      "arm_angle": 46.1,
      "barrels_per_pa_percent": 0,
      "hardhit_percent": 100,
      "whiffs_per_pitch": 0.16666666666666666,
      "active_spin_percent": 64.5
    }
  ]
}