{
  "pitcher_id": "682515",
  "pitcher_name": "Logan Porter",
  "pitches": [
    {
      "code": "SL",
      "title": "slider",
      "color": "#EEE716",
      "count": 14,
      "pitch_percent": 0.9333333333333333,
      "rhh_percent": 0.8888888888888888,
      "lhh_percent": 1,
      "start_speed": 36.464285714285715,
      "max_start_speed": 37.9,
      "ivb": 22.707142857142856,
      "hb": 4.021428571428571,
      "release_pos_z": 6.95483665272591,
      "release_pos_x": 1.0149014967080212,
      "extension": 4.191731716041416,
      "pitches": 14,
      "whiffs": 2,
      "swings": 7,
      "spin_rate": 1053,
      "swing_miss_percent": 28.6,
      "arm_angle": 57.9,
      "barrels_per_pa_percent": 20,
      "hardhit_percent": 60,
      "whiffs_per_pitch": 0.14285714285714285,
      "active_spin_percent": null
    },
    {
      "code": "CU",
      "title": "curveball",
      "color": "#00D2ED",
      "count": 1,
      "pitch_percent": 0.06666666666666667,
      "rhh_percent": 0.1111111111111111,
      "lhh_percent": 0,
      "start_speed": 37.2,
      "max_start_speed": 37.2,
      "ivb": 20.6,
      "hb": 4.1,
      "release_pos_z": 7.023834772132133,
      "release_pos_x": 1.145069460979227,
      "extension": 3.9912539716594457,
      "pitches": 1,
      "whiffs": 0,
      "swings": 0,
      "spin_rate": 1093,
      "swing_miss_percent": null,
      "arm_angle": 56.4,
      "barrels_per_pa_percent": null,
      "hardhit_percent": null,
      "whiffs_per_pitch": 0,
      "active_spin_percent": null
    }
  ]
}