{
  "pitcher_id": "682995",
  "pitcher_name": "Hunter Barco",
  "pitches": [
    {
      "code": "SI",
      "title": "sinker",
      "color": "#FE9E00",
      "count": 23,
      "pitch_percent": 0.5,
      "rhh_percent": 0.42857142857142855,
      "lhh_percent": 0.7272727272727273,
      "start_speed": 93.98260869565217,
      "max_start_speed": 95.3,
      "ivb": 12.278260869565216,
      "hb": 14.02608695652174,
      "release_pos_z": 5.43368840865076,
      "release_pos_x": 3.4837871144448345,
      "extension": 6.151202464022253,
      "active_spin_percent": null
    },
    {
      "code": "FS",
      "title": "splitter",
      "color": "#3BACAC",
      "count": 13,
      "pitch_percent": 0.2826086956521739,
      "rhh_percent": 0.37142857142857144,
      "lhh_percent": 0,
      "start_speed": 85.25384615384615,
      "max_start_speed": 86.4,
      "ivb": 3.715384615384615,
      "hb": 5.123076923076923,
      "release_pos_z": 5.383677303430803,
      "release_pos_x": 3.4717461943790244,
      "extension": 6.317557016404441,
      "pitches": 13,
      "whiffs": 3,
      "swings": 7,
      "spin_rate": 697,
      "swing_miss_percent": 42.9,
      "arm_angle": 23.4,
      "barrels_per_pa_percent": 0,
      "hardhit_percent": 50,
      "whiffs_per_pitch": 0.23076923076923078,
      "active_spin_percent": null
    },
    {
      "code": "SL",
      "title": "slider",
      "color": "#EEE716",
      "count": 10,
      "pitch_percent": 0.21739130434782608,
      "rhh_percent": 0.2,
      "lhh_percent": 0.2727272727272727,
      "start_speed": 82.75000000000001,
      "max_start_speed": 83.6,
      "ivb": -2.9099999999999997,
      "hb": -0.8300000000000001,
      "release_pos_z": 5.251146169192886,
      "release_pos_x": 3.4742916849999355,
      "extension": 6.113574854474324,
      "pitches": 10,
      "whiffs": 2,
      "swings": 6,
      "spin_rate": 2113,
      "swing_miss_percent": 33.3,
      "arm_angle": 21.6,
      "barrels_per_pa_percent": 0,
      "hardhit_percent": 50,
      "whiffs_per_pitch": 0.2,
      "active_spin_percent": null
    }
  ]
}