{
  "pitcher_id": "682989",
  "pitcher_name": "Victor Mederos",
  "pitches": [
    {
      "code": "SI",
      "title": "sinker",
      "color": "#FE9E00",
      "count": 153,
      "pitch_percent": 0.4872611464968153,
      "rhh_percent": 0.4253731343283582,
      "lhh_percent": 0.5333333333333333,
      "start_speed": 94.57189542483663,
      "max_start_speed": 97.7,
      "ivb": 6.90392156862745,
      "hb": 18.74901960784314,
      "release_pos_z": 5.371724186961733,
      "release_pos_x": 3.1807873376652696,
      "extension": 6.4461260574490575,
      "pitches": 153,
      "whiffs": 7,
      "swings": 72,
      "spin_rate": 2371,
      "swing_miss_percent": 9.7,
      "arm_angle": 23.3,
      "barrels_per_pa_percent": 7.317073170731707,
      "hardhit_percent": 43.333333333333336,
      "whiffs_per_pitch": 0.0457516339869281,
      "active_spin_percent": 90.8
    },
    {
      "code": "SL",
      "title": "slider",
      "color": "#EEE716",
      "count": 81,
      "pitch_percent": 0.25796178343949044,
      "rhh_percent": 0.26865671641791045,
      "lhh_percent": 0.25,
      "start_speed": 89.07654320987658,
      "max_start_speed": 92.4,
      "ivb": 7.008641975308641,
      "hb": -1.1283950617283947,
      "release_pos_z": 5.299903122251272,
      "release_pos_x": 3.287220971734708,
      "extension": 6.468410137598812,
      "pitches": 81,
      "whiffs": 11,
      "swings": 29,
      "spin_rate": 2375,
      "swing_miss_percent": 37.9,
      "arm_angle": 23.3,
      "barrels_per_pa_percent": 0,
      "hardhit_percent": 33.33333333333333,
      "whiffs_per_pitch": 0.13580246913580246,
      "active_spin_percent": 36.9
    },
    {
      "code": "ST",
      "title": "sweeper",
      "color": "#DDB43A",
      "count": 63,
      "pitch_percent": 0.20063694267515925,
      "rhh_percent": 0.30597014925373134,
      "lhh_percent": 0.12222222222222222,
      "start_speed": 81.84920634920634,
      "max_start_speed": 84.8,
      "ivb": 8.090476190476188,
      "hb": -10.330158730158725,
      "release_pos_z": 5.179948687531462,
      "release_pos_x": 3.385405470769353,
      "extension": 6.5302226245299115,
      "pitches": 63,
      "whiffs": 11,
      "swings": 26,
      "spin_rate": 2460,
      "swing_miss_percent": 42.3,
      "arm_angle": 22.8,
      "barrels_per_pa_percent": 0,
      "hardhit_percent": 40,
      "whiffs_per_pitch": 0.1746031746031746,
      "active_spin_percent": 43.3
    },
    {
      "code": "CH",
      "title": "changeup",
      "color": "#1DBF3A",
      "count": 17,
      "pitch_percent": 0.054140127388535034,
      "rhh_percent": 0,
      "lhh_percent": 0.09444444444444444,
      "start_speed": 88.01764705882353,
      "max_start_speed": 90.7,
      "ivb": 5.958823529411765,
      "hb": 15.117647058823529,
      "release_pos_z": 5.307540924682694,
      "release_pos_x": 3.245640731711892,
      "extension": 6.673164487002956,
      "pitches": 17,
      "whiffs": 1,
      "swings": 7,
      "spin_rate": 1565,
      "swing_miss_percent": 14.3,
      "arm_angle": 23.9,
      "barrels_per_pa_percent": 28.57142857142857,
      "hardhit_percent": 66.66666666666666,
      "whiffs_per_pitch": 0.058823529411764705,
      "active_spin_percent": 97.8
    }
  ]
}