{
  "pitcher_id": "685326",
  "pitcher_name": "McCade Brown",
  "pitches": [
    {
      "code": "SI",
      "title": "sinker",
      "color": "#FE9E00",
      "count": 287,
      "pitch_percent": 0.5717131474103586,
      "rhh_percent": 0.5230125523012552,
      "lhh_percent": 0.6159695817490495,
      "start_speed": 94.33135888501748,
      "max_start_speed": 97.3,
      "ivb": 12.900000000000004,
      "hb": 11.304878048780482,
      "release_pos_z": 5.75767561783827,
      "release_pos_x": 3.6376986217667397,
      "extension": 7.127061630756603,
      "active_spin_percent": null
    },
    {
      "code": "SL",
      "title": "slider",
      "color": "#EEE716",
      "count": 97,
      "pitch_percent": 0.19322709163346613,
      "rhh_percent": 0.33472803347280333,
      "lhh_percent": 0.06463878326996197,
      "start_speed": 85.30824742268041,
      "max_start_speed": 88.6,
      "ivb": 2.623711340206187,
      "hb": -3.3855670103092783,
      "release_pos_z": 5.6673626280593,
      "release_pos_x": 3.783299164363393,
      "extension": 7.076772092425318,
      "pitches": 97,
      "whiffs": 19,
      "swings": 52,
      "spin_rate": 2509,
      "swing_miss_percent": 36.5,
      "arm_angle": 28.9,
      "barrels_per_pa_percent": 6.451612903225806,
      "hardhit_percent": 45.45454545454545,
      "whiffs_per_pitch": 0.1958762886597938,
      "active_spin_percent": 19.1
    },
    {
      "code": "CU",
      "title": "curveball",
      "color": "#00D2ED",
      "count": 90,
      "pitch_percent": 0.17928286852589642,
      "rhh_percent": 0.14225941422594143,
      "lhh_percent": 0.21292775665399238,
      "start_speed": 78.71111111111107,
      "max_start_speed": 83.2,
      "ivb": -11.972222222222221,
      "hb": -11.146666666666663,
      "release_pos_z": 5.760296509690647,
      "release_pos_x": 3.711284065765241,
      "extension": 6.866252013732084,
      "active_spin_percent": 81.8
    },
    {
      "code": "CH",
      "title": "changeup",
      "color": "#1DBF3A",
      "count": 28,
      "pitch_percent": 0.055776892430278883,
      "rhh_percent": 0,
      "lhh_percent": 0.10646387832699619,
      "start_speed": 87.57857142857141,
      "max_start_speed": 92.2,
      "ivb": 6.228571428571428,
      "hb": 16.735714285714284,
      "release_pos_z": 5.586944269198464,
      "release_pos_x": 3.8812632081797154,
      "extension": 7.041914045013945,
      "pitches": 28,
      "whiffs": 2,
      "swings": 11,
      "spin_rate": 2053,
      "swing_miss_percent": 18.2,
      "arm_angle": 26.3,
      "barrels_per_pa_percent": 14.285714285714285,
      "hardhit_percent": 28.57142857142857,
      "whiffs_per_pitch": 0.07142857142857142,
      "active_spin_percent": 97.5
    }
  ]
}