{
  "pitcher_id": "686580",
  "pitcher_name": "Justin Slaten",
  "pitches": [
    {
      "code": "FF",
      "title": "four-seam fastball",
      "color": "#D22D49",
      "count": 180,
      "pitch_percent": 0.36072144288577157,
      "rhh_percent": 0.3371212121212121,
      "lhh_percent": 0.3872340425531915,
      "start_speed": 96.74444444444444,
      "max_start_speed": 98.8,
      "ivb": 18.363333333333333,
      "hb": 2.0911111111111103,
      "release_pos_z": 5.965808480706743,
      "release_pos_x": 0.8242483626237629,
      "extension": 6.869828130901022,
      "pitches": 180,
      "whiffs": 28,
      "swings": 106,
      "spin_rate": 2457,
      "swing_miss_percent": 26.4,
      "arm_angle": 52.1,
      "barrels_per_pa_percent": 2.083333333333333,
      "hardhit_percent": 37.5,
      "whiffs_per_pitch": 0.15555555555555556,
      "active_spin_percent": 86.3
    },
    {
      "code": "FC",
      "title": "cutter",
      "color": "#933F2C",
      "count": 172,
      "pitch_percent": 0.34468937875751504,
      "rhh_percent": 0.36363636363636365,
      "lhh_percent": 0.32340425531914896,
      "start_speed": 92.69651162790696,
      "max_start_speed": 95.6,
      "ivb": 7.816279069767441,
      "hb": -4.654069767441862,
      "release_pos_z": 5.9526400073552095,
      "release_pos_x": 1.0039328622952994,
      "extension": 6.7969440896368605,
      "pitches": 172,
      "whiffs": 19,
      "swings": 83,
      "spin_rate": 2600,
      "swing_miss_percent": 22.9,
      "arm_angle": 49.3,
      "barrels_per_pa_percent": 6.25,
      "hardhit_percent": 27.906976744186046,
      "whiffs_per_pitch": 0.11046511627906977,
      "active_spin_percent": 52.1
    },
    {
      "code": "CU",
      "title": "curveball",
      "color": "#00D2ED",
      "count": 90,
      "pitch_percent": 0.18036072144288579,
      "rhh_percent": 0.0946969696969697,
      "lhh_percent": 0.2765957446808511,
      "start_speed": 84.85777777777781,
      "max_start_speed": 87.1,
      "ivb": -15.835555555555558,
      "hb": -5.362222222222222,
      "release_pos_z": 6.00525905877349,
      "release_pos_x": 0.8057092414933338,
      "extension": 6.764434086015273,
      "pitches": 90,
      "whiffs": 15,
      "swings": 47,
      "spin_rate": 2747,
      "swing_miss_percent": 31.9,
      "arm_angle": 53.9,
      "barrels_per_pa_percent": 9.090909090909092,
      "hardhit_percent": 50,
      "whiffs_per_pitch": 0.16666666666666666,
      "active_spin_percent": 77.8
    },
    {
      "code": "ST",
      "title": "sweeper",
      "color": "#DDB43A",
      "count": 57,
      "pitch_percent": 0.11422845691382766,
      "rhh_percent": 0.20454545454545456,
      "lhh_percent": 0.01276595744680851,
      "start_speed": 85.140350877193,
      "max_start_speed": 87.6,
      "ivb": -0.24210526315789493,
      "hb": -14.69649122807018,
      "release_pos_z": 5.894155799704031,
      "release_pos_x": 1.0661634222031378,
      "extension": 6.764017949047694,
      "pitches": 57,
      "whiffs": 13,
      "swings": 33,
      "spin_rate": 2636,
      "swing_miss_percent": 39.4,
      "arm_angle": 47,
      "barrels_per_pa_percent": 11.76470588235294,
      "hardhit_percent": 27.27272727272727,
      "whiffs_per_pitch": 0.22807017543859648,
      "active_spin_percent": 48.8
    }
  ]
}