{
  "pitcher_id": "686613",
  "pitcher_name": "Hunter Brown",
  "pitches": [
    {
      "code": "FF",
      "title": "four-seam fastball",
      "color": "#D22D49",
      "count": 1125,
      "pitch_percent": 0.3798109385550304,
      "rhh_percent": 0.3021853805576488,
      "lhh_percent": 0.44281345565749236,
      "start_speed": 96.58186666666677,
      "max_start_speed": 99.8,
      "ivb": 17.267733333333368,
      "hb": 6.79822222222222,
      "release_pos_z": 6.205674060334769,
      "release_pos_x": 1.8869463414024945,
      "extension": 6.693528025276712,
      "pitches": 1109,
      "whiffs": 139,
      "swings": 467,
      "spin_rate": 2276,
      "swing_miss_percent": 29.8,
      "arm_angle": 58.8,
      "barrels_per_pa_percent": 3.167420814479638,
      "hardhit_percent": 42.241379310344826,
      "whiffs_per_pitch": 0.12533814247069433,
      "active_spin_percent": 95
    },
    {
      "code": "SI",
      "title": "sinker",
      "color": "#FE9E00",
      "count": 656,
      "pitch_percent": 0.22147197839297772,
      "rhh_percent": 0.3654860587792012,
      "lhh_percent": 0.10458715596330276,
      "start_speed": 95.68018292682923,
      "max_start_speed": 98.9,
      "ivb": 13.168292682926845,
      "hb": 14.029420731707308,
      "release_pos_z": 6.120285109779926,
      "release_pos_x": 2.094488318844874,
      "extension": 6.706402118615198,
      "pitches": 670,
      "whiffs": 59,
      "swings": 331,
      "spin_rate": 2180,
      "swing_miss_percent": 17.8,
      "arm_angle": 54.1,
      "barrels_per_pa_percent": 2.2346368715083798,
      "hardhit_percent": 20.149253731343283,
      "whiffs_per_pitch": 0.0880597014925373,
      "active_spin_percent": 88
    },
    {
      "code": "KC",
      "title": "knuckle curve",
      "color": "#6236CD",
      "count": 530,
      "pitch_percent": 0.17893315327481432,
      "rhh_percent": 0.13790504898266767,
      "lhh_percent": 0.21223241590214068,
      "start_speed": 83.51283018867925,
      "max_start_speed": 87.9,
      "ivb": -15.946603773584908,
      "hb": -5.076037735849058,
      "release_pos_z": 6.233780853118104,
      "release_pos_x": 2.0365061105771294,
      "extension": 6.562281826920285,
      "pitches": 530,
      "whiffs": 91,
      "swings": 232,
      "spin_rate": 2574,
      "swing_miss_percent": 39.2,
      "arm_angle": 57.8,
      "barrels_per_pa_percent": 2.857142857142857,
      "hardhit_percent": 44,
      "whiffs_per_pitch": 0.17169811320754716,
      "active_spin_percent": null
    },
    {
      "code": "CH",
      "title": "changeup",
      "color": "#1DBF3A",
      "count": 356,
      "pitch_percent": 0.12018906144496962,
      "rhh_percent": 0.02260738507912585,
      "lhh_percent": 0.19938837920489297,
      "start_speed": 88.20056179775277,
      "max_start_speed": 92.2,
      "ivb": 7.904213483146065,
      "hb": 14.358988764044941,
      "release_pos_z": 5.936524113296482,
      "release_pos_x": 2.2318877691531687,
      "extension": 6.774717868122154,
      "pitches": 356,
      "whiffs": 43,
      "swings": 158,
      "spin_rate": 1501,
      "swing_miss_percent": 27.2,
      "arm_angle": 48.3,
      "barrels_per_pa_percent": 4.2105263157894735,
      "hardhit_percent": 23.076923076923077,
      "whiffs_per_pitch": 0.12078651685393259,
      "active_spin_percent": 96.5
    },
    {
      "code": "FC",
      "title": "cutter",
      "color": "#933F2C",
      "count": 164,
      "pitch_percent": 0.05536799459824443,
      "rhh_percent": 0.08666164280331574,
      "lhh_percent": 0.02996941896024465,
      "start_speed": 92.64268292682924,
      "max_start_speed": 98.2,
      "ivb": 7.301829268292683,
      "hb": -3.2658536585365856,
      "release_pos_z": 6.164565117393419,
      "release_pos_x": 1.9897645802429405,
      "extension": 6.685873757123211,
      "pitches": 164,
      "whiffs": 23,
      "swings": 73,
      "spin_rate": 2260,
      "swing_miss_percent": 31.5,
      "arm_angle": 56.7,
      "barrels_per_pa_percent": 12.5,
      "hardhit_percent": 35.294117647058826,
      "whiffs_per_pitch": 0.1402439024390244,
      "active_spin_percent": 52.2
    },
    {
      "code": "SL",
      "title": "slider",
      "color": "#EEE716",
      "count": 131,
      "pitch_percent": 0.044226873733963536,
      "rhh_percent": 0.08515448379804069,
      "lhh_percent": 0.011009174311926606,
      "start_speed": 90.54732824427478,
      "max_start_speed": 92.6,
      "ivb": 5.320610687022899,
      "hb": -3.955725190839695,
      "release_pos_z": 6.175756878423975,
      "release_pos_x": 1.9454183279073294,
      "extension": 6.661286059478833,
      "pitches": 131,
      "whiffs": 14,
      "swings": 63,
      "spin_rate": 2198,
      "swing_miss_percent": 22.2,
      "arm_angle": 56.7,
      "barrels_per_pa_percent": 4.761904761904762,
      "hardhit_percent": 37.5,
      "whiffs_per_pitch": 0.10687022900763359,
      "active_spin_percent": 41.1
    }
  ]
}