{
  "pitcher_id": "686799",
  "pitcher_name": "Jack Kochanowicz",
  "pitches": [
    {
      "code": "SI",
      "title": "sinker",
      "color": "#FE9E00",
      "count": 873,
      "pitch_percent": 0.46960731576116194,
      "rhh_percent": 0.5223880597014925,
      "lhh_percent": 0.43493761140819964,
      "start_speed": 95.52256586483395,
      "max_start_speed": 99.8,
      "ivb": 3.0364261168385,
      "hb": 14.2179839633448,
      "release_pos_z": 5.921659279106683,
      "release_pos_x": 1.935181048804976,
      "extension": 6.426085521044809,
      "pitches": 873,
      "whiffs": 62,
      "swings": 426,
      "spin_rate": 2136,
      "swing_miss_percent": 14.6,
      "arm_angle": 28.6,
      "barrels_per_pa_percent": 4.074074074074074,
      "hardhit_percent": 53.990610328638496,
      "whiffs_per_pitch": 0.07101947308132875,
      "active_spin_percent": 77
    },
    {
      "code": "FF",
      "title": "four-seam fastball",
      "color": "#D22D49",
      "count": 349,
      "pitch_percent": 0.18773534158149544,
      "rhh_percent": 0.13704206241519673,
      "lhh_percent": 0.22103386809269163,
      "start_speed": 95.4859598853869,
      "max_start_speed": 99.1,
      "ivb": 14.15902578796561,
      "hb": 7.138968481375358,
      "release_pos_z": 6.018846668008286,
      "release_pos_x": 1.8231637844937003,
      "extension": 6.435571344013643,
      "pitches": 347,
      "whiffs": 41,
      "swings": 162,
      "spin_rate": 2249,
      "swing_miss_percent": 25.3,
      "arm_angle": 31.5,
      "barrels_per_pa_percent": 14.117647058823529,
      "hardhit_percent": 52.83018867924528,
      "whiffs_per_pitch": 0.11815561959654179,
      "active_spin_percent": 81.7
    },
    {
      "code": "SL",
      "title": "slider",
      "color": "#EEE716",
      "count": 275,
      "pitch_percent": 0.14792899408284024,
      "rhh_percent": 0.19538670284938942,
      "lhh_percent": 0.11675579322638147,
      "start_speed": 87.25672727272726,
      "max_start_speed": 91.5,
      "ivb": -0.6872727272727271,
      "hb": -3.297090909090909,
      "release_pos_z": 5.937881748612664,
      "release_pos_x": 1.8758448180268579,
      "extension": 6.391404848881046,
      "pitches": 275,
      "whiffs": 27,
      "swings": 102,
      "spin_rate": 2731,
      "swing_miss_percent": 26.5,
      "arm_angle": 31.6,
      "barrels_per_pa_percent": 4.081632653061225,
      "hardhit_percent": 28.947368421052634,
      "whiffs_per_pitch": 0.09818181818181818,
      "active_spin_percent": 18.2
    },
    {
      "code": "CH",
      "title": "changeup",
      "color": "#1DBF3A",
      "count": 261,
      "pitch_percent": 0.14039806347498654,
      "rhh_percent": 0.054274084124830396,
      "lhh_percent": 0.19696969696969696,
      "start_speed": 89.85785440613023,
      "max_start_speed": 92.9,
      "ivb": 2.4908045977011493,
      "hb": 9.152873563218396,
      "release_pos_z": 5.85999567150057,
      "release_pos_x": 1.8333671219776013,
      "extension": 6.4248675523493155,
      "pitches": 261,
      "whiffs": 45,
      "swings": 153,
      "spin_rate": 2109,
      "swing_miss_percent": 29.4,
      "arm_angle": 30.9,
      "barrels_per_pa_percent": 10.666666666666668,
      "hardhit_percent": 53.06122448979592,
      "whiffs_per_pitch": 0.1724137931034483,
      "active_spin_percent": 63.2
    },
    {
      "code": "ST",
      "title": "sweeper",
      "color": "#DDB43A",
      "count": 101,
      "pitch_percent": 0.05433028509951587,
      "rhh_percent": 0.09090909090909091,
      "lhh_percent": 0.030303030303030304,
      "start_speed": 82.33663366336636,
      "max_start_speed": 88.2,
      "ivb": -3.1811881188118813,
      "hb": -13.329702970297024,
      "release_pos_z": 5.7522671425874,
      "release_pos_x": 1.974632248608431,
      "extension": 6.400640409781216,
      "pitches": 101,
      "whiffs": 9,
      "swings": 40,
      "spin_rate": 2842,
      "swing_miss_percent": 22.5,
      "arm_angle": 29.2,
      "barrels_per_pa_percent": 7.142857142857142,
      "hardhit_percent": 30,
      "whiffs_per_pitch": 0.0891089108910891,
      "active_spin_percent": 49
    }
  ]
}