{
  "pitcher_id": "687287",
  "pitcher_name": "Patrick Monteverde",
  "pitches": [
    {
      "code": "FC",
      "title": "cutter",
      "color": "#933F2C",
      "count": 39,
      "pitch_percent": 0.4482758620689655,
      "rhh_percent": 0.375,
      "lhh_percent": 0.5384615384615384,
      "start_speed": 86.39999999999998,
      "max_start_speed": 87.7,
      "ivb": 8.3974358974359,
      "hb": -5.133333333333335,
      "release_pos_z": 5.912199507133164,
      "release_pos_x": 1.4695925828335454,
      "extension": 6.211686096755868,
      "pitches": 39,
      "whiffs": 5,
      "swings": 25,
      "spin_rate": 2256,
      "swing_miss_percent": 20,
      "arm_angle": 40.9,
      "barrels_per_pa_percent": 8.333333333333332,
      "hardhit_percent": 11.11111111111111,
      "whiffs_per_pitch": 0.1282051282051282,
      "active_spin_percent": null
    },
    {
      "code": "FF",
      "title": "four-seam fastball",
      "color": "#D22D49",
      "count": 13,
      "pitch_percent": 0.14942528735632185,
      "rhh_percent": 0.125,
      "lhh_percent": 0.1794871794871795,
      "start_speed": 90.31538461538459,
      "max_start_speed": 91.3,
      "ivb": 14.723076923076924,
      "hb": 4.584615384615384,
      "release_pos_z": 5.927589759405707,
      "release_pos_x": 1.4111481924455065,
      "extension": 6.141335886631409,
      "pitches": 13,
      "whiffs": 1,
      "swings": 4,
      "spin_rate": 2129,
      "swing_miss_percent": 25,
      "arm_angle": 39.2,
      "barrels_per_pa_percent": 0,
      "hardhit_percent": 0,
      "whiffs_per_pitch": 0.07692307692307693,
      "active_spin_percent": null
    },
    {
      "code": "CU",
      "title": "curveball",
      "color": "#00D2ED",
      "count": 12,
      "pitch_percent": 0.13793103448275862,
      "rhh_percent": 0.1875,
      "lhh_percent": 0.07692307692307693,
      "start_speed": 76.66666666666669,
      "max_start_speed": 78.7,
      "ivb": -11.175000000000002,
      "hb": -11.508333333333333,
      "release_pos_z": 6.117247452667287,
      "release_pos_x": 1.2491130044705456,
      "extension": 6.084990334746529,
      "pitches": 12,
      "whiffs": 1,
      "swings": 4,
      "spin_rate": 2532,
      "swing_miss_percent": 25,
      "arm_angle": 50.5,
      "barrels_per_pa_percent": 0,
      "hardhit_percent": 100,
      "whiffs_per_pitch": 0.08333333333333333,
      "active_spin_percent": null
    },
    {
      "code": "SI",
      "title": "sinker",
      "color": "#FE9E00",
      "count": 11,
      "pitch_percent": 0.12643678160919541,
      "rhh_percent": 0.125,
      "lhh_percent": 0.1282051282051282,
      "start_speed": 89.82727272727271,
      "max_start_speed": 90.6,
      "ivb": 12.181818181818182,
      "hb": 14,
      "release_pos_z": 5.920536238990673,
      "release_pos_x": 1.495437652808463,
      "extension": 6.176080284676374,
      "pitches": 11,
      "whiffs": 0,
      "swings": 7,
      "spin_rate": 1986,
      "swing_miss_percent": 0,
      "arm_angle": 39.8,
      "barrels_per_pa_percent": 0,
      "hardhit_percent": 0,
      "whiffs_per_pitch": 0,
      "active_spin_percent": null
    },
    {
      "code": "CH",
      "title": "changeup",
      "color": "#1DBF3A",
      "count": 9,
      "pitch_percent": 0.10344827586206896,
      "rhh_percent": 0.1875,
      "lhh_percent": 0,
      "start_speed": 82.72222222222223,
      "max_start_speed": 83.8,
      "ivb": 5.211111111111111,
      "hb": 15.555555555555555,
      "release_pos_z": 5.8392001117523735,
      "release_pos_x": 1.5367295015650722,
      "extension": 6.175504227461754,
      "pitches": 9,
      "whiffs": 0,
      "swings": 4,
      "spin_rate": 1578,
      "swing_miss_percent": 0,
      "arm_angle": 37.1,
      "barrels_per_pa_percent": 0,
      "hardhit_percent": 0,
      "whiffs_per_pitch": 0,
      "active_spin_percent": null
    },
    {
      "code": "SL",
      "title": "slider",
      "color": "#EEE716",
      "count": 3,
      "pitch_percent": 0.034482758620689655,
      "rhh_percent": 0,
      "lhh_percent": 0.07692307692307693,
      "start_speed": 80.86666666666666,
      "max_start_speed": 82.1,
      "ivb": 1.7333333333333334,
      "hb": -10.933333333333332,
      "release_pos_z": 5.862936910096288,
      "release_pos_x": 1.5413137087345063,
      "extension": 6.132824192923973,
      "pitches": 3,
      "whiffs": 0,
      "swings": 1,
      "spin_rate": 2490,
      "swing_miss_percent": 0,
      "arm_angle": 42.5,
      "barrels_per_pa_percent": 0,
      "hardhit_percent": 100,
      "whiffs_per_pitch": 0,
      "active_spin_percent": null
    }
  ]
}