{
  "pitcher_id": "687330",
  "pitcher_name": "Kevin Kelly",
  "pitches": [
    {
      "code": "SI",
      "title": "sinker",
      "color": "#FE9E00",
      "count": 346,
      "pitch_percent": 0.5884353741496599,
      "rhh_percent": 0.6492307692307693,
      "lhh_percent": 0.5133079847908745,
      "start_speed": 91.00086705202315,
      "max_start_speed": 93.6,
      "ivb": -1.391329479768786,
      "hb": 16.75664739884393,
      "release_pos_z": 3.7880326545702583,
      "release_pos_x": 1.657404518118924,
      "extension": 7.193753223218321,
      "pitches": 346,
      "whiffs": 21,
      "swings": 165,
      "spin_rate": 2162,
      "swing_miss_percent": 12.7,
      "arm_angle": 2.7,
      "barrels_per_pa_percent": 10.2803738317757,
      "hardhit_percent": 55.68181818181818,
      "whiffs_per_pitch": 0.06069364161849711,
      "active_spin_percent": 83.5
    },
    {
      "code": "ST",
      "title": "sweeper",
      "color": "#DDB43A",
      "count": 116,
      "pitch_percent": 0.19727891156462585,
      "rhh_percent": 0.27076923076923076,
      "lhh_percent": 0.10646387832699619,
      "start_speed": 78.67672413793105,
      "max_start_speed": 81.7,
      "ivb": 5.138793103448277,
      "hb": -17.73879310344827,
      "release_pos_z": 3.7692755534244964,
      "release_pos_x": 1.8731196077303098,
      "extension": 7.038666243370048,
      "pitches": 116,
      "whiffs": 15,
      "swings": 55,
      "spin_rate": 2661,
      "swing_miss_percent": 27.3,
      "arm_angle": 3.7,
      "barrels_per_pa_percent": 15.151515151515152,
      "hardhit_percent": 41.66666666666667,
      "whiffs_per_pitch": 0.12931034482758622,
      "active_spin_percent": 74.3
    },
    {
      "code": "FC",
      "title": "cutter",
      "color": "#933F2C",
      "count": 79,
      "pitch_percent": 0.13435374149659865,
      "rhh_percent": 0.06153846153846154,
      "lhh_percent": 0.22433460076045628,
      "start_speed": 89.46582278481016,
      "max_start_speed": 92.9,
      "ivb": 7.970886075949368,
      "hb": 1.9202531645569618,
      "release_pos_z": 3.7005982696993764,
      "release_pos_x": 1.8562400505894554,
      "extension": 7.072008975630689,
      "pitches": 79,
      "whiffs": 10,
      "swings": 33,
      "spin_rate": 2318,
      "swing_miss_percent": 30.3,
      "arm_angle": 1.7,
      "barrels_per_pa_percent": 26.666666666666668,
      "hardhit_percent": 63.63636363636363,
      "whiffs_per_pitch": 0.12658227848101267,
      "active_spin_percent": 50.8
    },
    {
      "code": "FF",
      "title": "four-seam fastball",
      "color": "#D22D49",
      "count": 47,
      "pitch_percent": 0.07993197278911565,
      "rhh_percent": 0.018461538461538463,
      "lhh_percent": 0.155893536121673,
      "start_speed": 92.23404255319149,
      "max_start_speed": 93.9,
      "ivb": 10.43404255319149,
      "hb": 10.35744680851064,
      "release_pos_z": 4.1802913083888384,
      "release_pos_x": 1.7684107019821058,
      "extension": 7.276777209293755,
      "pitches": 47,
      "whiffs": 12,
      "swings": 21,
      "spin_rate": 2148,
      "swing_miss_percent": 57.1,
      "arm_angle": 12.4,
      "barrels_per_pa_percent": 0,
      "hardhit_percent": 25,
      "whiffs_per_pitch": 0.2553191489361702,
      "active_spin_percent": 81.3
    }
  ]
}