{
  "pitcher_id": "687424",
  "pitcher_name": "Anthony Maldonado",
  "pitches": [
    {
      "code": "SL",
      "title": "slider",
      "color": "#EEE716",
      "count": 67,
      "pitch_percent": 0.5193798449612403,
      "rhh_percent": 0.5445544554455446,
      "lhh_percent": 0.42857142857142855,
      "start_speed": 83.94029850746267,
      "max_start_speed": 86.3,
      "ivb": 0.892537313432836,
      "hb": -3.968656716417912,
      "release_pos_z": 6.240725449050653,
      "release_pos_x": 1.6112548773773057,
      "extension": 5.7017975679775414,
      "pitches": 67,
      "whiffs": 13,
      "swings": 30,
      "spin_rate": 2635,
      "swing_miss_percent": 43.3,
      "arm_angle": 36.4,
      "barrels_per_pa_percent": 20,
      "hardhit_percent": 66.66666666666666,
      "whiffs_per_pitch": 0.19402985074626866,
      "active_spin_percent": 21.3
    },
    {
      "code": "FF",
      "title": "four-seam fastball",
      "color": "#D22D49",
      "count": 62,
      "pitch_percent": 0.4806201550387597,
      "rhh_percent": 0.45544554455445546,
      "lhh_percent": 0.5714285714285714,
      "start_speed": 92.54838709677418,
      "max_start_speed": 94.2,
      "ivb": 16.611290322580643,
      "hb": 13.140322580645163,
      "release_pos_z": 6.233044381184135,
      "release_pos_x": 1.5745888911886705,
      "extension": 5.649802937997633,
      "pitches": 62,
      "whiffs": 4,
      "swings": 26,
      "spin_rate": 2338,
      "swing_miss_percent": 15.4,
      "arm_angle": 34.1,
      "barrels_per_pa_percent": 11.76470588235294,
      "hardhit_percent": 60,
      "whiffs_per_pitch": 0.06451612903225806,
      "active_spin_percent": 97.8
    }
  ]
}