{
  "pitcher_id": "687765",
  "pitcher_name": "Mitch Spence",
  "pitches": [
    {
      "code": "FC",
      "title": "cutter",
      "color": "#933F2C",
      "count": 612,
      "pitch_percent": 0.4519940915805022,
      "rhh_percent": 0.4184491978609626,
      "lhh_percent": 0.4933993399339934,
      "start_speed": 91.08120915032687,
      "max_start_speed": 95.2,
      "ivb": 4.356372549019606,
      "hb": -3.901470588235294,
      "release_pos_z": 6.10985710299508,
      "release_pos_x": 2.3505618889429827,
      "extension": 6.265312627345264,
      "pitches": 611,
      "whiffs": 60,
      "swings": 304,
      "spin_rate": 2682,
      "swing_miss_percent": 19.7,
      "arm_angle": 43.7,
      "barrels_per_pa_percent": 8.484848484848486,
      "hardhit_percent": 49.21875,
      "whiffs_per_pitch": 0.09819967266775777,
      "active_spin_percent": 27.1
    },
    {
      "code": "SL",
      "title": "slider",
      "color": "#EEE716",
      "count": 363,
      "pitch_percent": 0.26809453471196454,
      "rhh_percent": 0.3462566844919786,
      "lhh_percent": 0.1716171617161716,
      "start_speed": 84.5473829201102,
      "max_start_speed": 87.3,
      "ivb": 2.2691460055096417,
      "hb": -13.663636363636357,
      "release_pos_z": 5.965763481825755,
      "release_pos_x": 2.5994879949054037,
      "extension": 6.255957639116091,
      "pitches": 362,
      "whiffs": 65,
      "swings": 200,
      "spin_rate": 2760,
      "swing_miss_percent": 32.5,
      "arm_angle": 40,
      "barrels_per_pa_percent": 11.11111111111111,
      "hardhit_percent": 31.88405797101449,
      "whiffs_per_pitch": 0.17955801104972377,
      "active_spin_percent": 50.2
    },
    {
      "code": "CU",
      "title": "curveball",
      "color": "#00D2ED",
      "count": 238,
      "pitch_percent": 0.1757754800590842,
      "rhh_percent": 0.10828877005347594,
      "lhh_percent": 0.2590759075907591,
      "start_speed": 81.77689075630258,
      "max_start_speed": 84.7,
      "ivb": -10.26932773109244,
      "hb": -10.309243697478989,
      "release_pos_z": 6.327502834863357,
      "release_pos_x": 1.9925868609199355,
      "extension": 6.250921273306596,
      "pitches": 237,
      "whiffs": 44,
      "swings": 124,
      "spin_rate": 2803,
      "swing_miss_percent": 35.5,
      "arm_angle": 50.9,
      "barrels_per_pa_percent": 4.054054054054054,
      "hardhit_percent": 30.612244897959183,
      "whiffs_per_pitch": 0.18565400843881857,
      "active_spin_percent": 68.7
    },
    {
      "code": "SI",
      "title": "sinker",
      "color": "#FE9E00",
      "count": 127,
      "pitch_percent": 0.09379615952732644,
      "rhh_percent": 0.12165775401069519,
      "lhh_percent": 0.0594059405940594,
      "start_speed": 92.59527559055118,
      "max_start_speed": 96.1,
      "ivb": 4.693700787401575,
      "hb": 7.533070866141729,
      "release_pos_z": 6.0740627582003155,
      "release_pos_x": 2.4017904299328783,
      "extension": 6.090758277619734,
      "pitches": 127,
      "whiffs": 6,
      "swings": 54,
      "spin_rate": 2381,
      "swing_miss_percent": 11.1,
      "arm_angle": 40.3,
      "barrels_per_pa_percent": 15.625,
      "hardhit_percent": 67.85714285714286,
      "whiffs_per_pitch": 0.047244094488188976,
      "active_spin_percent": 52.3
    },
    {
      "code": "CH",
      "title": "changeup",
      "color": "#1DBF3A",
      "count": 14,
      "pitch_percent": 0.0103397341211226,
      "rhh_percent": 0.0053475935828877,
      "lhh_percent": 0.0165016501650165,
      "start_speed": 87.82857142857141,
      "max_start_speed": 91.3,
      "ivb": 3.492857142857143,
      "hb": 8.092857142857145,
      "release_pos_z": 6.060401489131002,
      "release_pos_x": 2.621587285143188,
      "extension": 5.921131496867882,
      "pitches": 14,
      "whiffs": 2,
      "swings": 4,
      "spin_rate": 1576,
      "swing_miss_percent": 50,
      "arm_angle": 40.1,
      "barrels_per_pa_percent": 0,
      "hardhit_percent": 0,
      "whiffs_per_pitch": 0.14285714285714285,
      "active_spin_percent": 69.4
    }
  ]
}