{
  "pitcher_id": "689017",
  "pitcher_name": "Landon Knack",
  "pitches": [
    {
      "code": "FF",
      "title": "four-seam fastball",
      "color": "#D22D49",
      "count": 375,
      "pitch_percent": 0.4851228978007762,
      "rhh_percent": 0.49544072948328266,
      "lhh_percent": 0.4774774774774775,
      "start_speed": 93.08746666666663,
      "max_start_speed": 95.4,
      "ivb": 19.037866666666666,
      "hb": 6.643466666666665,
      "release_pos_z": 5.775958172239447,
      "release_pos_x": 0.9425314728929576,
      "extension": 5.953008480249064,
      "pitches": 375,
      "whiffs": 27,
      "swings": 175,
      "spin_rate": 2402,
      "swing_miss_percent": 15.4,
      "arm_angle": 54.8,
      "barrels_per_pa_percent": 13.333333333333334,
      "hardhit_percent": 51.66666666666667,
      "whiffs_per_pitch": 0.072,
      "active_spin_percent": 96.1
    },
    {
      "code": "CH",
      "title": "changeup",
      "color": "#1DBF3A",
      "count": 202,
      "pitch_percent": 0.2613195342820181,
      "rhh_percent": 0.17933130699088146,
      "lhh_percent": 0.32207207207207206,
      "start_speed": 84.57475247524748,
      "max_start_speed": 86.8,
      "ivb": 7.98861386138614,
      "hb": 13.47821782178218,
      "release_pos_z": 5.767506836754565,
      "release_pos_x": 1.0618784509112404,
      "extension": 6.009275900938953,
      "pitches": 202,
      "whiffs": 35,
      "swings": 103,
      "spin_rate": 1627,
      "swing_miss_percent": 34,
      "arm_angle": 53.4,
      "barrels_per_pa_percent": 8,
      "hardhit_percent": 38.70967741935484,
      "whiffs_per_pitch": 0.17326732673267325,
      "active_spin_percent": 88.6
    },
    {
      "code": "KC",
      "title": "knuckle curve",
      "color": "#6236CD",
      "count": 104,
      "pitch_percent": 0.13454075032341525,
      "rhh_percent": 0.0972644376899696,
      "lhh_percent": 0.16216216216216217,
      "start_speed": 80.21249999999999,
      "max_start_speed": 83.4,
      "ivb": -15.033653846153841,
      "hb": -7.838461538461536,
      "release_pos_z": 5.883282126281212,
      "release_pos_x": 1.0116207047314119,
      "extension": 5.8158601671630645,
      "pitches": 104,
      "whiffs": 5,
      "swings": 35,
      "spin_rate": 2904,
      "swing_miss_percent": 14.3,
      "arm_angle": 55.8,
      "barrels_per_pa_percent": 4.761904761904762,
      "hardhit_percent": 60,
      "whiffs_per_pitch": 0.04807692307692308,
      "active_spin_percent": null
    },
    {
      "code": "SL",
      "title": "slider",
      "color": "#EEE716",
      "count": 92,
      "pitch_percent": 0.11901681759379043,
      "rhh_percent": 0.22796352583586627,
      "lhh_percent": 0.038288288288288286,
      "start_speed": 85.29565217391306,
      "max_start_speed": 88.5,
      "ivb": 1.010869565217391,
      "hb": -4.516304347826086,
      "release_pos_z": 5.757520807063742,
      "release_pos_x": 1.1154418024281234,
      "extension": 5.88820710002072,
      "pitches": 92,
      "whiffs": 9,
      "swings": 39,
      "spin_rate": 2623,
      "swing_miss_percent": 23.1,
      "arm_angle": 52.3,
      "barrels_per_pa_percent": 8.333333333333332,
      "hardhit_percent": 50,
      "whiffs_per_pitch": 0.09782608695652174,
      "active_spin_percent": 26.7
    }
  ]
}