{
  "pitcher_id": "689266",
  "pitcher_name": "Dylan Dodd",
  "pitches": [
    {
      "code": "FC",
      "title": "cutter",
      "color": "#933F2C",
      "count": 289,
      "pitch_percent": 0.53125,
      "rhh_percent": 0.5061349693251533,
      "lhh_percent": 0.5688073394495413,
      "start_speed": 86.89653979238756,
      "max_start_speed": 89.8,
      "ivb": 5.382698961937712,
      "hb": 1.452941176470588,
      "release_pos_z": 5.844693435594287,
      "release_pos_x": 2.527247866753779,
      "extension": 6.463712069793248,
      "pitches": 289,
      "whiffs": 53,
      "swings": 167,
      "spin_rate": 2065,
      "swing_miss_percent": 31.7,
      "arm_angle": 36.7,
      "barrels_per_pa_percent": 8,
      "hardhit_percent": 50.847457627118644,
      "whiffs_per_pitch": 0.18339100346020762,
      "active_spin_percent": 48.2
    },
    {
      "code": "FF",
      "title": "four-seam fastball",
      "color": "#D22D49",
      "count": 192,
      "pitch_percent": 0.35294117647058826,
      "rhh_percent": 0.39263803680981596,
      "lhh_percent": 0.29357798165137616,
      "start_speed": 93.81197916666666,
      "max_start_speed": 96.4,
      "ivb": 15.926041666666665,
      "hb": 11.18125,
      "release_pos_z": 5.988248642675636,
      "release_pos_x": 2.1485133793304896,
      "extension": 6.392469618892075,
      "active_spin_percent": null
    },
    {
      "code": "SL",
      "title": "slider",
      "color": "#EEE716",
      "count": 50,
      "pitch_percent": 0.09191176470588236,
      "rhh_percent": 0.0705521472392638,
      "lhh_percent": 0.12385321100917432,
      "start_speed": 82.8,
      "max_start_speed": 84.8,
      "ivb": -0.42400000000000004,
      "hb": 1.318,
      "release_pos_z": 5.738372479006989,
      "release_pos_x": 2.0609490736683327,
      "extension": 6.474000460097694,
      "pitches": 45,
      "whiffs": 3,
      "swings": 13,
      "spin_rate": 2297,
      "swing_miss_percent": 23.1,
      "arm_angle": 36.3,
      "barrels_per_pa_percent": 0,
      "hardhit_percent": 0,
      "whiffs_per_pitch": 0.06666666666666667,
      "active_spin_percent": 13.9
    },
    {
      "code": "CH",
      "title": "changeup",
      "color": "#1DBF3A",
      "count": 13,
      "pitch_percent": 0.02389705882352941,
      "rhh_percent": 0.03067484662576687,
      "lhh_percent": 0.013761467889908258,
      "start_speed": 87.54615384615384,
      "max_start_speed": 88.7,
      "ivb": 6.015384615384615,
      "hb": 7.423076923076924,
      "release_pos_z": 5.863529495101728,
      "release_pos_x": 2.460237364342676,
      "extension": 6.449094538575471,
      "pitches": 13,
      "whiffs": 2,
      "swings": 5,
      "spin_rate": 2041,
      "swing_miss_percent": 40,
      "arm_angle": 38.6,
      "barrels_per_pa_percent": 0,
      "hardhit_percent": 50,
      "whiffs_per_pitch": 0.15384615384615385,
      "active_spin_percent": 62.2
    }
  ]
}