{
  "pitcher_id": "691094",
  "pitcher_name": "Randy Wynne",
  "pitches": [
    {
      "code": "SI",
      "title": "sinker",
      "color": "#FE9E00",
      "count": 24,
      "pitch_percent": 0.5106382978723404,
      "rhh_percent": 0.6666666666666666,
      "lhh_percent": 0.45714285714285713,
      "start_speed": 90.47083333333335,
      "max_start_speed": 91.5,
      "ivb": 15.062500000000002,
      "hb": 15.43333333333333,
      "release_pos_z": 5.520777682247083,
      "release_pos_x": 1.909906040907335,
      "extension": 6.191202708544425,
      "pitches": 4,
      "whiffs": 0,
      "swings": 3,
      "spin_rate": 2206,
      "swing_miss_percent": 0,
      "arm_angle": 31.6,
      "barrels_per_pa_percent": 0,
      "hardhit_percent": 0,
      "whiffs_per_pitch": 0,
      "active_spin_percent": null
    },
    {
      "code": "FC",
      "title": "cutter",
      "color": "#933F2C",
      "count": 9,
      "pitch_percent": 0.19148936170212766,
      "rhh_percent": 0.16666666666666666,
      "lhh_percent": 0.2,
      "start_speed": 86.51111111111112,
      "max_start_speed": 87.5,
      "ivb": 10.344444444444445,
      "hb": 0.022222222222222202,
      "release_pos_z": 5.470754821673479,
      "release_pos_x": 2.2071625000425064,
      "extension": 6.106245110298966,
      "pitches": 9,
      "whiffs": 1,
      "swings": 5,
      "spin_rate": 2267,
      "swing_miss_percent": 20,
      "arm_angle": 30.4,
      "barrels_per_pa_percent": null,
      "hardhit_percent": null,
      "whiffs_per_pitch": 0.1111111111111111,
      "active_spin_percent": null
    },
    {
      "code": "CH",
      "title": "changeup",
      "color": "#1DBF3A",
      "count": 6,
      "pitch_percent": 0.1276595744680851,
      "rhh_percent": 0.08333333333333333,
      "lhh_percent": 0.14285714285714285,
      "start_speed": 80.56666666666666,
      "max_start_speed": 81.6,
      "ivb": 9.683333333333332,
      "hb": 12.933333333333332,
      "release_pos_z": 5.406869230529794,
      "release_pos_x": 1.9237760325732383,
      "extension": 6.295361921323797,
      "pitches": 6,
      "whiffs": 2,
      "swings": 5,
      "spin_rate": 1552,
      "swing_miss_percent": 40,
      "arm_angle": 32.5,
      "barrels_per_pa_percent": null,
      "hardhit_percent": null,
      "whiffs_per_pitch": 0.3333333333333333,
      "active_spin_percent": null
    },
    {
      "code": "CU",
      "title": "curveball",
      "color": "#00D2ED",
      "count": 5,
      "pitch_percent": 0.10638297872340426,
      "rhh_percent": 0,
      "lhh_percent": 0.14285714285714285,
      "start_speed": 75.53999999999999,
      "max_start_speed": 76.4,
      "ivb": -11.02,
      "hb": -9.3,
      "release_pos_z": 5.650200280683512,
      "release_pos_x": 1.898455088440706,
      "extension": 6.141468238876081,
      "pitches": 5,
      "whiffs": 0,
      "swings": 2,
      "spin_rate": 2413,
      "swing_miss_percent": 0,
      "arm_angle": 38.9,
      "barrels_per_pa_percent": null,
      "hardhit_percent": null,
      "whiffs_per_pitch": 0,
      "active_spin_percent": null
    },
    {
      "code": "SL",
      "title": "slider",
      "color": "#EEE716",
      "count": 3,
      "pitch_percent": 0.06382978723404255,
      "rhh_percent": 0.08333333333333333,
      "lhh_percent": 0.05714285714285714,
      "start_speed": 80.8,
      "max_start_speed": 82,
      "ivb": 1.9333333333333336,
      "hb": -8.333333333333334,
      "release_pos_z": 5.473572733248187,
      "release_pos_x": 1.9389049880789804,
      "extension": 5.948173847529215,
      "pitches": 3,
      "whiffs": 0,
      "swings": 2,
      "spin_rate": 2588,
      "swing_miss_percent": 0,
      "arm_angle": 32.4,
      "barrels_per_pa_percent": 0,
      "hardhit_percent": 50,
      "whiffs_per_pitch": 0,
      "active_spin_percent": null
    }
  ]
}