{
  "pitcher_id": "691172",
  "pitcher_name": "Yosver Zulueta",
  "pitches": [
    {
      "code": "SI",
      "title": "sinker",
      "color": "#FE9E00",
      "count": 56,
      "pitch_percent": 0.4,
      "rhh_percent": 0.4431818181818182,
      "lhh_percent": 0.3269230769230769,
      "start_speed": 95.46785714285711,
      "max_start_speed": 99.3,
      "ivb": 5.139285714285714,
      "hb": 17.144642857142852,
      "release_pos_z": 5.685787554537604,
      "release_pos_x": 2.0391879534043884,
      "extension": 6.2987719058997556,
      "pitches": 55,
      "whiffs": 4,
      "swings": 18,
      "spin_rate": 1992,
      "swing_miss_percent": 22.2,
      "arm_angle": 26.5,
      "barrels_per_pa_percent": 9.090909090909092,
      "hardhit_percent": 57.14285714285714,
      "whiffs_per_pitch": 0.07272727272727272,
      "active_spin_percent": 94.1
    },
    {
      "code": "SL",
      "title": "slider",
      "color": "#EEE716",
      "count": 48,
      "pitch_percent": 0.34285714285714286,
      "rhh_percent": 0.36363636363636365,
      "lhh_percent": 0.3076923076923077,
      "start_speed": 86.71041666666666,
      "max_start_speed": 88.8,
      "ivb": -3.6437499999999994,
      "hb": -1.0520833333333328,
      "release_pos_z": 5.551508065849923,
      "release_pos_x": 1.8978129285738594,
      "extension": 6.200669880891659,
      "pitches": 48,
      "whiffs": 8,
      "swings": 27,
      "spin_rate": 2629,
      "swing_miss_percent": 29.6,
      "arm_angle": 24.5,
      "barrels_per_pa_percent": 15.384615384615385,
      "hardhit_percent": 66.66666666666666,
      "whiffs_per_pitch": 0.16666666666666666,
      "active_spin_percent": 20.8
    },
    {
      "code": "FF",
      "title": "four-seam fastball",
      "color": "#D22D49",
      "count": 25,
      "pitch_percent": 0.17857142857142858,
      "rhh_percent": 0.19318181818181818,
      "lhh_percent": 0.15384615384615385,
      "start_speed": 98.064,
      "max_start_speed": 99.6,
      "ivb": 9.916000000000002,
      "hb": 12.792,
      "release_pos_z": 5.801139786588124,
      "release_pos_x": 1.546205231038139,
      "extension": 6.3672058469809825,
      "pitches": 25,
      "whiffs": 3,
      "swings": 15,
      "spin_rate": 2038,
      "swing_miss_percent": 20,
      "arm_angle": 29.4,
      "barrels_per_pa_percent": 0,
      "hardhit_percent": 0,
      "whiffs_per_pitch": 0.12,
      "active_spin_percent": 95.7
    },
    {
      "code": "CH",
      "title": "changeup",
      "color": "#1DBF3A",
      "count": 11,
      "pitch_percent": 0.07857142857142857,
      "rhh_percent": 0,
      "lhh_percent": 0.21153846153846154,
      "start_speed": 88.97272727272727,
      "max_start_speed": 91.1,
      "ivb": 5.154545454545454,
      "hb": 18.37272727272727,
      "release_pos_z": 5.508349419791938,
      "release_pos_x": 1.921576140874941,
      "extension": 6.435349988474272,
      "pitches": 11,
      "whiffs": 1,
      "swings": 5,
      "spin_rate": 2172,
      "swing_miss_percent": 20,
      "arm_angle": 24.9,
      "barrels_per_pa_percent": 0,
      "hardhit_percent": 0,
      "whiffs_per_pitch": 0.09090909090909091,
      "active_spin_percent": 97.8
    }
  ]
}