{
  "pitcher_id": "691251",
  "pitcher_name": "Andry Lara",
  "pitches": [
    {
      "code": "FF",
      "title": "four-seam fastball",
      "color": "#D22D49",
      "count": 98,
      "pitch_percent": 0.3843137254901961,
      "rhh_percent": 0.3548387096774194,
      "lhh_percent": 0.43,
      "start_speed": 94.23877551020408,
      "max_start_speed": 97,
      "ivb": 11.764285714285712,
      "hb": 13.063265306122444,
      "release_pos_z": 6.293509410258162,
      "release_pos_x": 1.6403925295444215,
      "extension": 6.120710013902361,
      "pitches": 116,
      "whiffs": 2,
      "swings": 48,
      "spin_rate": 2111,
      "swing_miss_percent": 4.2,
      "arm_angle": 38.3,
      "barrels_per_pa_percent": 2.857142857142857,
      "hardhit_percent": 42.30769230769231,
      "whiffs_per_pitch": 0.017241379310344827,
      "active_spin_percent": 98.4
    },
    {
      "code": "SL",
      "title": "slider",
      "color": "#EEE716",
      "count": 83,
      "pitch_percent": 0.3254901960784314,
      "rhh_percent": 0.4,
      "lhh_percent": 0.21,
      "start_speed": 85.9867469879518,
      "max_start_speed": 90,
      "ivb": 3.0325301204819275,
      "hb": -2.9,
      "release_pos_z": 6.35568179636609,
      "release_pos_x": 1.6070020916091448,
      "extension": 6.070533333125475,
      "pitches": 83,
      "whiffs": 9,
      "swings": 42,
      "spin_rate": 2193,
      "swing_miss_percent": 21.4,
      "arm_angle": 40.9,
      "barrels_per_pa_percent": 12.5,
      "hardhit_percent": 44.44444444444444,
      "whiffs_per_pitch": 0.10843373493975904,
      "active_spin_percent": 23.1
    },
    {
      "code": "SI",
      "title": "sinker",
      "color": "#FE9E00",
      "count": 57,
      "pitch_percent": 0.2235294117647059,
      "rhh_percent": 0.23225806451612904,
      "lhh_percent": 0.21,
      "start_speed": 94.53684210526318,
      "max_start_speed": 96.5,
      "ivb": 10.192982456140351,
      "hb": 15.910526315789472,
      "release_pos_z": 6.2821964040592215,
      "release_pos_x": 1.6166018927717185,
      "extension": 6.128671674606864,
      "pitches": 39,
      "whiffs": 2,
      "swings": 19,
      "spin_rate": 2103,
      "swing_miss_percent": 10.5,
      "arm_angle": 37.8,
      "barrels_per_pa_percent": 7.6923076923076925,
      "hardhit_percent": 54.54545454545454,
      "whiffs_per_pitch": 0.05128205128205128,
      "active_spin_percent": 98.4
    },
    {
      "code": "FS",
      "title": "splitter",
      "color": "#3BACAC",
      "count": 15,
      "pitch_percent": 0.058823529411764705,
      "rhh_percent": 0.0064516129032258064,
      "lhh_percent": 0.14,
      "start_speed": 88.17333333333333,
      "max_start_speed": 90.4,
      "ivb": 5.313333333333333,
      "hb": 12.326666666666666,
      "release_pos_z": 6.240756805241309,
      "release_pos_x": 1.7876942105549782,
      "extension": 6.056161454233643,
      "pitches": 15,
      "whiffs": 3,
      "swings": 9,
      "spin_rate": 1120,
      "swing_miss_percent": 33.3,
      "arm_angle": 35.8,
      "barrels_per_pa_percent": 0,
      "hardhit_percent": 50,
      "whiffs_per_pitch": 0.2,
      "active_spin_percent": 96.2
    },
    {
      "code": "CH",
      "title": "changeup",
      "color": "#1DBF3A",
      "count": 2,
      "pitch_percent": 0.00784313725490196,
      "rhh_percent": 0.0064516129032258064,
      "lhh_percent": 0.01,
      "start_speed": 89.4,
      "max_start_speed": 90,
      "ivb": 8.5,
      "hb": 13.7,
      "release_pos_z": 6.316787174804928,
      "release_pos_x": 1.856993058478003,
      "extension": 5.939798654679494,
      "active_spin_percent": null
    }
  ]
}