{
  "pitcher_id": "694297",
  "pitcher_name": "Brandon Pfaadt",
  "pitches": [
    {
      "code": "FF",
      "title": "four-seam fastball",
      "color": "#D22D49",
      "count": 685,
      "pitch_percent": 0.2345890410958904,
      "rhh_percent": 0.18863636363636363,
      "lhh_percent": 0.2725,
      "start_speed": 93.60569343065687,
      "max_start_speed": 96.2,
      "ivb": 15.512408759124092,
      "hb": 6.03839416058394,
      "release_pos_z": 5.720027284317304,
      "release_pos_x": 1.9365957455794618,
      "extension": 6.640478751813599,
      "pitches": 681,
      "whiffs": 67,
      "swings": 323,
      "spin_rate": 2569,
      "swing_miss_percent": 20.7,
      "arm_angle": 30.7,
      "barrels_per_pa_percent": 12.987012987012985,
      "hardhit_percent": 56.481481481481474,
      "whiffs_per_pitch": 0.09838472834067548,
      "active_spin_percent": 75.7
    },
    {
      "code": "SI",
      "title": "sinker",
      "color": "#FE9E00",
      "count": 682,
      "pitch_percent": 0.23356164383561645,
      "rhh_percent": 0.33106060606060606,
      "lhh_percent": 0.153125,
      "start_speed": 93.14618768328448,
      "max_start_speed": 96.1,
      "ivb": 6.8891495601173105,
      "hb": 15.183284457477997,
      "release_pos_z": 5.5223597348334925,
      "release_pos_x": 2.210110764550806,
      "extension": 6.649159106035222,
      "pitches": 685,
      "whiffs": 35,
      "swings": 328,
      "spin_rate": 2425,
      "swing_miss_percent": 10.7,
      "arm_angle": 26.7,
      "barrels_per_pa_percent": 6.451612903225806,
      "hardhit_percent": 57.396449704142015,
      "whiffs_per_pitch": 0.051094890510948905,
      "active_spin_percent": 79.1
    },
    {
      "code": "ST",
      "title": "sweeper",
      "color": "#DDB43A",
      "count": 544,
      "pitch_percent": 0.1863013698630137,
      "rhh_percent": 0.3037878787878788,
      "lhh_percent": 0.089375,
      "start_speed": 84.78621323529408,
      "max_start_speed": 87.9,
      "ivb": 5.230882352941176,
      "hb": -10.372610294117646,
      "release_pos_z": 5.4067055344531285,
      "release_pos_x": 2.317176807459408,
      "extension": 6.524254666791251,
      "pitches": 541,
      "whiffs": 92,
      "swings": 273,
      "spin_rate": 2843,
      "swing_miss_percent": 33.7,
      "arm_angle": 24.1,
      "barrels_per_pa_percent": 4.861111111111112,
      "hardhit_percent": 35.1063829787234,
      "whiffs_per_pitch": 0.17005545286506468,
      "active_spin_percent": 36.9
    },
    {
      "code": "CH",
      "title": "changeup",
      "color": "#1DBF3A",
      "count": 459,
      "pitch_percent": 0.15719178082191781,
      "rhh_percent": 0.06439393939393939,
      "lhh_percent": 0.23375,
      "start_speed": 87.3152505446623,
      "max_start_speed": 90.6,
      "ivb": 4.209368191721134,
      "hb": 16.072984749455337,
      "release_pos_z": 5.336832626978466,
      "release_pos_x": 2.3217557967056166,
      "extension": 6.742259831856748,
      "pitches": 457,
      "whiffs": 67,
      "swings": 239,
      "spin_rate": 2114,
      "swing_miss_percent": 28,
      "arm_angle": 23.2,
      "barrels_per_pa_percent": 9.821428571428571,
      "hardhit_percent": 34.04255319148936,
      "whiffs_per_pitch": 0.14660831509846828,
      "active_spin_percent": 86.6
    },
    {
      "code": "CU",
      "title": "curveball",
      "color": "#00D2ED",
      "count": 289,
      "pitch_percent": 0.09897260273972602,
      "rhh_percent": 0.05,
      "lhh_percent": 0.139375,
      "start_speed": 82.05363321799301,
      "max_start_speed": 85.9,
      "ivb": -8.228027681660896,
      "hb": -10.644982698961938,
      "release_pos_z": 5.674038652997037,
      "release_pos_x": 2.1913464275844623,
      "extension": 6.525661926385717,
      "pitches": 285,
      "whiffs": 41,
      "swings": 114,
      "spin_rate": 2673,
      "swing_miss_percent": 36,
      "arm_angle": 31.2,
      "barrels_per_pa_percent": 10.16949152542373,
      "hardhit_percent": 50,
      "whiffs_per_pitch": 0.14385964912280702,
      "active_spin_percent": 69.3
    },
    {
      "code": "FC",
      "title": "cutter",
      "color": "#933F2C",
      "count": 261,
      "pitch_percent": 0.08938356164383561,
      "rhh_percent": 0.06212121212121212,
      "lhh_percent": 0.111875,
      "start_speed": 89.81762452107286,
      "max_start_speed": 92.3,
      "ivb": 6.8038314176245205,
      "hb": -2.2176245210727985,
      "release_pos_z": 5.41078418371935,
      "release_pos_x": 2.6082884082503246,
      "extension": 6.522598707188592,
      "pitches": 266,
      "whiffs": 16,
      "swings": 158,
      "spin_rate": 2758,
      "swing_miss_percent": 10.1,
      "arm_angle": 24.6,
      "barrels_per_pa_percent": 5.263157894736842,
      "hardhit_percent": 30.88235294117647,
      "whiffs_per_pitch": 0.06015037593984962,
      "active_spin_percent": 33.9
    }
  ]
}