{
  "pitcher_id": "694477",
  "pitcher_name": "Chad Patrick",
  "pitches": [
    {
      "code": "FC",
      "title": "cutter",
      "color": "#933F2C",
      "count": 829,
      "pitch_percent": 0.41243781094527365,
      "rhh_percent": 0.43461900282220134,
      "lhh_percent": 0.38753959873284055,
      "start_speed": 87.93751507840769,
      "max_start_speed": 91.8,
      "ivb": 12.319420989143543,
      "hb": -3.762123039806998,
      "release_pos_z": 5.43475671071626,
      "release_pos_x": 1.4754991311748,
      "extension": 6.180638986722693,
      "pitches": 825,
      "whiffs": 127,
      "swings": 465,
      "spin_rate": 2411,
      "swing_miss_percent": 27.3,
      "arm_angle": 31.4,
      "barrels_per_pa_percent": 5.853658536585367,
      "hardhit_percent": 40.298507462686565,
      "whiffs_per_pitch": 0.15393939393939393,
      "active_spin_percent": 37.4
    },
    {
      "code": "SI",
      "title": "sinker",
      "color": "#FE9E00",
      "count": 475,
      "pitch_percent": 0.236318407960199,
      "rhh_percent": 0.29068673565381,
      "lhh_percent": 0.17529039070749736,
      "start_speed": 94.08589473684218,
      "max_start_speed": 97.3,
      "ivb": 11.060842105263163,
      "hb": 15.322315789473683,
      "release_pos_z": 5.5766730345789135,
      "release_pos_x": 1.1215309639901965,
      "extension": 6.189043122789613,
      "pitches": 460,
      "whiffs": 24,
      "swings": 196,
      "spin_rate": 2193,
      "swing_miss_percent": 12.2,
      "arm_angle": 35.1,
      "barrels_per_pa_percent": 4.8,
      "hardhit_percent": 51.68539325842697,
      "whiffs_per_pitch": 0.05217391304347826,
      "active_spin_percent": 85.6
    },
    {
      "code": "FF",
      "title": "four-seam fastball",
      "color": "#D22D49",
      "count": 440,
      "pitch_percent": 0.21890547263681592,
      "rhh_percent": 0.15522107243650046,
      "lhh_percent": 0.29039070749736007,
      "start_speed": 94.20068181818189,
      "max_start_speed": 96.7,
      "ivb": 16.59727272727272,
      "hb": 7.060454545454542,
      "release_pos_z": 5.652692367465944,
      "release_pos_x": 1.1433589431060371,
      "extension": 6.138736232758967,
      "pitches": 447,
      "whiffs": 59,
      "swings": 230,
      "spin_rate": 2333,
      "swing_miss_percent": 25.7,
      "arm_angle": 36.6,
      "barrels_per_pa_percent": 5.714285714285714,
      "hardhit_percent": 36.666666666666664,
      "whiffs_per_pitch": 0.1319910514541387,
      "active_spin_percent": 91.5
    },
    {
      "code": "CH",
      "title": "changeup",
      "color": "#1DBF3A",
      "count": 122,
      "pitch_percent": 0.06069651741293532,
      "rhh_percent": 0.015051740357478834,
      "lhh_percent": 0.1119324181626188,
      "start_speed": 88.66147540983603,
      "max_start_speed": 90.5,
      "ivb": 3.569672131147538,
      "hb": 12.279508196721311,
      "release_pos_z": 5.409033505336732,
      "release_pos_x": 1.348369460153503,
      "extension": 6.165751307353716,
      "pitches": 134,
      "whiffs": 9,
      "swings": 52,
      "spin_rate": 2004,
      "swing_miss_percent": 17.3,
      "arm_angle": 31.9,
      "barrels_per_pa_percent": 3.571428571428571,
      "hardhit_percent": 50,
      "whiffs_per_pitch": 0.06716417910447761,
      "active_spin_percent": 74.1
    },
    {
      "code": "SL",
      "title": "slider",
      "color": "#EEE716",
      "count": 110,
      "pitch_percent": 0.05472636815920398,
      "rhh_percent": 0.08842897460018814,
      "lhh_percent": 0.01689545934530095,
      "start_speed": 84.21545454545456,
      "max_start_speed": 88.5,
      "ivb": 5.535454545454545,
      "hb": -8.440000000000001,
      "release_pos_z": 5.559403015178629,
      "release_pos_x": 1.3558886137951316,
      "extension": 6.209825629735236,
      "pitches": 106,
      "whiffs": 13,
      "swings": 45,
      "spin_rate": 2442,
      "swing_miss_percent": 28.9,
      "arm_angle": 38.7,
      "barrels_per_pa_percent": 4.545454545454546,
      "hardhit_percent": 20,
      "whiffs_per_pitch": 0.12264150943396226,
      "active_spin_percent": 39.5
    },
    {
      "code": "SV",
      "title": "slurve",
      "color": "#93AFD4",
      "count": 28,
      "pitch_percent": 0.013930348258706468,
      "rhh_percent": 0.01599247412982126,
      "lhh_percent": 0.011615628299894404,
      "start_speed": 85.85000000000002,
      "max_start_speed": 88,
      "ivb": -4.250000000000002,
      "hb": -5.264285714285713,
      "release_pos_z": 5.567029151837103,
      "release_pos_x": 1.165898121933899,
      "extension": 6.217069615778612,
      "pitches": 33,
      "whiffs": 5,
      "swings": 14,
      "spin_rate": 2495,
      "swing_miss_percent": 35.7,
      "arm_angle": 36.3,
      "barrels_per_pa_percent": 8.333333333333332,
      "hardhit_percent": 50,
      "whiffs_per_pitch": 0.15151515151515152,
      "active_spin_percent": 46.9
    },
    {
      "code": "FS",
      "title": "splitter",
      "color": "#3BACAC",
      "count": 6,
      "pitch_percent": 0.0029850746268656717,
      "rhh_percent": 0,
      "lhh_percent": 0.006335797254487857,
      "start_speed": 87.69999999999999,
      "max_start_speed": 89.8,
      "ivb": 5.416666666666667,
      "hb": 12,
      "release_pos_z": 5.460530029865441,
      "release_pos_x": 1.4949630594922312,
      "extension": 6.20018871936966,
      "active_spin_percent": null
    }
  ]
}