{
  "pitcher_id": "694646",
  "pitcher_name": "Chayce McDermott",
  "pitches": [
    {
      "code": "FF",
      "title": "four-seam fastball",
      "color": "#D22D49",
      "count": 105,
      "pitch_percent": 0.5384615384615384,
      "rhh_percent": 0.47,
      "lhh_percent": 0.6105263157894737,
      "start_speed": 93.5057142857143,
      "max_start_speed": 98,
      "ivb": 18.567619047619043,
      "hb": 5.981904761904761,
      "release_pos_z": 5.948475456172845,
      "release_pos_x": 1.1713826110977479,
      "extension": 6.628460450248085,
      "pitches": 105,
      "whiffs": 7,
      "swings": 37,
      "spin_rate": 2184,
      "swing_miss_percent": 18.9,
      "arm_angle": 44.2,
      "barrels_per_pa_percent": 9.67741935483871,
      "hardhit_percent": 52.94117647058824,
      "whiffs_per_pitch": 0.06666666666666667,
      "active_spin_percent": 95.9
    },
    {
      "code": "SL",
      "title": "slider",
      "color": "#EEE716",
      "count": 56,
      "pitch_percent": 0.28717948717948716,
      "rhh_percent": 0.38,
      "lhh_percent": 0.18947368421052632,
      "start_speed": 83.63035714285718,
      "max_start_speed": 86.9,
      "ivb": -0.342857142857143,
      "hb": -6.008928571428572,
      "release_pos_z": 5.853063655418078,
      "release_pos_x": 1.3937128218927881,
      "extension": 6.441260591314641,
      "pitches": 55,
      "whiffs": 2,
      "swings": 13,
      "spin_rate": 2570,
      "swing_miss_percent": 15.4,
      "arm_angle": 42.3,
      "barrels_per_pa_percent": 9.090909090909092,
      "hardhit_percent": 28.57142857142857,
      "whiffs_per_pitch": 0.03636363636363636,
      "active_spin_percent": 34.6
    },
    {
      "code": "FC",
      "title": "cutter",
      "color": "#933F2C",
      "count": 17,
      "pitch_percent": 0.08717948717948718,
      "rhh_percent": 0.1,
      "lhh_percent": 0.07368421052631578,
      "start_speed": 87.95294117647059,
      "max_start_speed": 89.4,
      "ivb": 3.0999999999999996,
      "hb": -4.688235294117647,
      "release_pos_z": 5.702971124527724,
      "release_pos_x": 1.1038601050101688,
      "extension": 6.827235257860094,
      "pitches": 17,
      "whiffs": 1,
      "swings": 6,
      "spin_rate": 2468,
      "swing_miss_percent": 16.7,
      "arm_angle": 40.5,
      "barrels_per_pa_percent": 25,
      "hardhit_percent": 66.66666666666666,
      "whiffs_per_pitch": 0.058823529411764705,
      "active_spin_percent": 37.7
    },
    {
      "code": "FS",
      "title": "splitter",
      "color": "#3BACAC",
      "count": 10,
      "pitch_percent": 0.05128205128205128,
      "rhh_percent": 0,
      "lhh_percent": 0.10526315789473684,
      "start_speed": 83.89999999999999,
      "max_start_speed": 86.9,
      "ivb": 4.7,
      "hb": 10.110000000000001,
      "release_pos_z": 5.806685670579577,
      "release_pos_x": 1.2488837253299934,
      "extension": 6.744701567795073,
      "pitches": 10,
      "whiffs": 1,
      "swings": 3,
      "spin_rate": 1193,
      "swing_miss_percent": 33.3,
      "arm_angle": 43.7,
      "barrels_per_pa_percent": 0,
      "hardhit_percent": 0,
      "whiffs_per_pitch": 0.1,
      "active_spin_percent": 73.6
    },
    {
      "code": "ST",
      "title": "sweeper",
      "color": "#DDB43A",
      "count": 5,
      "pitch_percent": 0.02564102564102564,
      "rhh_percent": 0.05,
      "lhh_percent": 0,
      "start_speed": 80.8,
      "max_start_speed": 84.8,
      "ivb": 2.08,
      "hb": -14.48,
      "release_pos_z": 5.839786518467305,
      "release_pos_x": 1.3514831078746217,
      "extension": 6.38137389636843,
      "pitches": 5,
      "whiffs": 1,
      "swings": 2,
      "spin_rate": 2837,
      "swing_miss_percent": 50,
      "arm_angle": 39.8,
      "barrels_per_pa_percent": null,
      "hardhit_percent": null,
      "whiffs_per_pitch": 0.2,
      "active_spin_percent": null
    },
    {
      "code": "CU",
      "title": "curveball",
      "color": "#00D2ED",
      "count": 2,
      "pitch_percent": 0.010256410256410256,
      "rhh_percent": 0,
      "lhh_percent": 0.021052631578947368,
      "start_speed": 75.85,
      "max_start_speed": 77,
      "ivb": -17.85,
      "hb": -9.850000000000001,
      "release_pos_z": 5.961368102305172,
      "release_pos_x": 1.3408971959406566,
      "extension": 6.289559278867397,
      "pitches": 2,
      "whiffs": 1,
      "swings": 1,
      "spin_rate": 2811,
      "swing_miss_percent": 100,
      "arm_angle": 41.8,
      "barrels_per_pa_percent": null,
      "hardhit_percent": null,
      "whiffs_per_pitch": 0.5,
      "active_spin_percent": null
    }
  ]
}