{
  "pitcher_id": "694851",
  "pitcher_name": "Andrew Hoffmann",
  "pitches": [
    {
      "code": "CH",
      "title": "changeup",
      "color": "#1DBF3A",
      "count": 117,
      "pitch_percent": 0.4775510204081633,
      "rhh_percent": 0.45390070921985815,
      "lhh_percent": 0.5096153846153846,
      "start_speed": 88.17435897435901,
      "max_start_speed": 90.2,
      "ivb": 0.6393162393162394,
      "hb": 7.952991452991455,
      "release_pos_z": 5.828223648712147,
      "release_pos_x": 0.9378465336598505,
      "extension": 6.659359416134767,
      "pitches": 117,
      "whiffs": 21,
      "swings": 54,
      "spin_rate": 960,
      "swing_miss_percent": 38.9,
      "arm_angle": 48.6,
      "barrels_per_pa_percent": 12.5,
      "hardhit_percent": 28.57142857142857,
      "whiffs_per_pitch": 0.1794871794871795,
      "active_spin_percent": 95.6
    },
    {
      "code": "FF",
      "title": "four-seam fastball",
      "color": "#D22D49",
      "count": 102,
      "pitch_percent": 0.4163265306122449,
      "rhh_percent": 0.3900709219858156,
      "lhh_percent": 0.4519230769230769,
      "start_speed": 94.54313725490196,
      "max_start_speed": 96.9,
      "ivb": 17.090196078431372,
      "hb": 6.946078431372551,
      "release_pos_z": 5.8846190796573,
      "release_pos_x": 0.8154620123834281,
      "extension": 6.667321024832242,
      "pitches": 102,
      "whiffs": 11,
      "swings": 50,
      "spin_rate": 2275,
      "swing_miss_percent": 22,
      "arm_angle": 48.6,
      "barrels_per_pa_percent": 0,
      "hardhit_percent": 33.33333333333333,
      "whiffs_per_pitch": 0.10784313725490197,
      "active_spin_percent": 97.5
    },
    {
      "code": "SL",
      "title": "slider",
      "color": "#EEE716",
      "count": 26,
      "pitch_percent": 0.10612244897959183,
      "rhh_percent": 0.15602836879432624,
      "lhh_percent": 0.038461538461538464,
      "start_speed": 86.74615384615387,
      "max_start_speed": 89.8,
      "ivb": 3.484615384615385,
      "hb": -4.892307692307692,
      "release_pos_z": 5.803257910017119,
      "release_pos_x": 0.9054011413298146,
      "extension": 6.689986591925518,
      "pitches": 26,
      "whiffs": 4,
      "swings": 11,
      "spin_rate": 2436,
      "swing_miss_percent": 36.4,
      "arm_angle": 50.6,
      "barrels_per_pa_percent": 0,
      "hardhit_percent": 75,
      "whiffs_per_pitch": 0.15384615384615385,
      "active_spin_percent": 38.6
    }
  ]
}