{
  "pitcher_id": "696131",
  "pitcher_name": "Mason Black",
  "pitches": [
    {
      "code": "FF",
      "title": "four-seam fastball",
      "color": "#D22D49",
      "count": 32,
      "pitch_percent": 0.43243243243243246,
      "rhh_percent": 0.40425531914893614,
      "lhh_percent": 0.48148148148148145,
      "start_speed": 92.73125000000003,
      "max_start_speed": 94.8,
      "ivb": 15.015624999999998,
      "hb": 11.3125,
      "release_pos_z": 5.527842217377943,
      "release_pos_x": 2.0954238209290783,
      "extension": 6.73098236108221,
      "pitches": 32,
      "whiffs": 3,
      "swings": 18,
      "spin_rate": 2131,
      "swing_miss_percent": 16.7,
      "arm_angle": 30.8,
      "barrels_per_pa_percent": 0,
      "hardhit_percent": 40,
      "whiffs_per_pitch": 0.09375,
      "active_spin_percent": null
    },
    {
      "code": "ST",
      "title": "sweeper",
      "color": "#DDB43A",
      "count": 23,
      "pitch_percent": 0.3108108108108108,
      "rhh_percent": 0.3191489361702128,
      "lhh_percent": 0.2962962962962963,
      "start_speed": 81.78260869565217,
      "max_start_speed": 84,
      "ivb": -4.72608695652174,
      "hb": -16.599999999999994,
      "release_pos_z": 5.408382685017134,
      "release_pos_x": 2.3443660912374047,
      "extension": 6.416317369515058,
      "pitches": 23,
      "whiffs": 4,
      "swings": 13,
      "spin_rate": 2606,
      "swing_miss_percent": 30.8,
      "arm_angle": 27,
      "barrels_per_pa_percent": 0,
      "hardhit_percent": 40,
      "whiffs_per_pitch": 0.17391304347826086,
      "active_spin_percent": null
    },
    {
      "code": "SI",
      "title": "sinker",
      "color": "#FE9E00",
      "count": 12,
      "pitch_percent": 0.16216216216216217,
      "rhh_percent": 0.23404255319148937,
      "lhh_percent": 0.037037037037037035,
      "start_speed": 92.5166666666667,
      "max_start_speed": 95.2,
      "ivb": 8.433333333333335,
      "hb": 14.958333333333334,
      "release_pos_z": 5.445518439740742,
      "release_pos_x": 2.2173630731134373,
      "extension": 6.680637983929999,
      "pitches": 12,
      "whiffs": 0,
      "swings": 8,
      "spin_rate": 2087,
      "swing_miss_percent": 0,
      "arm_angle": 28.7,
      "barrels_per_pa_percent": 33.33333333333333,
      "hardhit_percent": 100,
      "whiffs_per_pitch": 0,
      "active_spin_percent": null
    },
    {
      "code": "FC",
      "title": "cutter",
      "color": "#933F2C",
      "count": 5,
      "pitch_percent": 0.06756756756756757,
      "rhh_percent": 0.02127659574468085,
      "lhh_percent": 0.14814814814814814,
      "start_speed": 90.73999999999998,
      "max_start_speed": 91.7,
      "ivb": 8.26,
      "hb": 1.26,
      "release_pos_z": 5.518781337609821,
      "release_pos_x": 2.192940615901871,
      "extension": 6.568593801924129,
      "pitches": 5,
      "whiffs": 1,
      "swings": 3,
      "spin_rate": 2240,
      "swing_miss_percent": 33.3,
      "arm_angle": 30.6,
      "barrels_per_pa_percent": 50,
      "hardhit_percent": 50,
      "whiffs_per_pitch": 0.2,
      "active_spin_percent": null
    },
    {
      "code": "CH",
      "title": "changeup",
      "color": "#1DBF3A",
      "count": 2,
      "pitch_percent": 0.02702702702702703,
      "rhh_percent": 0.02127659574468085,
      "lhh_percent": 0.037037037037037035,
      "start_speed": 86.85,
      "max_start_speed": 87.3,
      "ivb": 3,
      "hb": 14.399999999999999,
      "release_pos_z": 5.254597589398847,
      "release_pos_x": 2.243082811060926,
      "extension": 6.647517294412264,
      "pitches": 2,
      "whiffs": 0,
      "swings": 1,
      "spin_rate": 1485,
      "swing_miss_percent": 0,
      "arm_angle": 23,
      "barrels_per_pa_percent": null,
      "hardhit_percent": null,
      "whiffs_per_pitch": 0,
      "active_spin_percent": null
    }
  ]
}