{
  "pitcher_id": "700249",
  "pitcher_name": "Cade Povich",
  "pitches": [
    {
      "code": "FF",
      "title": "four-seam fastball",
      "color": "#D22D49",
      "count": 713,
      "pitch_percent": 0.3617453069507864,
      "rhh_percent": 0.391506303915063,
      "lhh_percent": 0.2650862068965517,
      "start_speed": 92.23352033660595,
      "max_start_speed": 94.4,
      "ivb": 17.361430575035065,
      "hb": 10.602244039270682,
      "release_pos_z": 6.0136393916505435,
      "release_pos_x": 1.7469987238290752,
      "extension": 6.213592608742281,
      "pitches": 726,
      "whiffs": 62,
      "swings": 322,
      "spin_rate": 2355,
      "swing_miss_percent": 19.3,
      "arm_angle": 42,
      "barrels_per_pa_percent": 9.659090909090908,
      "hardhit_percent": 52.63157894736842,
      "whiffs_per_pitch": 0.08539944903581267,
      "active_spin_percent": 94.8
    },
    {
      "code": "CU",
      "title": "curveball",
      "color": "#00D2ED",
      "count": 430,
      "pitch_percent": 0.21816336884830034,
      "rhh_percent": 0.2607830126078301,
      "lhh_percent": 0.07974137931034483,
      "start_speed": 78.87000000000003,
      "max_start_speed": 82.6,
      "ivb": -14.47069767441862,
      "hb": -9.7839534883721,
      "release_pos_z": 5.973061580345298,
      "release_pos_x": 1.8326968699019945,
      "extension": 6.11596982182702,
      "pitches": 430,
      "whiffs": 60,
      "swings": 207,
      "spin_rate": 2570,
      "swing_miss_percent": 29,
      "arm_angle": 41.8,
      "barrels_per_pa_percent": 6.60377358490566,
      "hardhit_percent": 37.5,
      "whiffs_per_pitch": 0.13953488372093023,
      "active_spin_percent": 83
    },
    {
      "code": "CH",
      "title": "changeup",
      "color": "#1DBF3A",
      "count": 307,
      "pitch_percent": 0.15575849822425164,
      "rhh_percent": 0.20106171201061712,
      "lhh_percent": 0.008620689655172414,
      "start_speed": 83.67035830618894,
      "max_start_speed": 86.9,
      "ivb": 4.040716612377847,
      "hb": 10.519218241042344,
      "release_pos_z": 5.888976536859501,
      "release_pos_x": 1.8226756589686068,
      "extension": 6.240718679973152,
      "pitches": 305,
      "whiffs": 47,
      "swings": 135,
      "spin_rate": 1132,
      "swing_miss_percent": 34.8,
      "arm_angle": 39.5,
      "barrels_per_pa_percent": 5.797101449275362,
      "hardhit_percent": 36.17021276595745,
      "whiffs_per_pitch": 0.1540983606557377,
      "active_spin_percent": 74.9
    },
    {
      "code": "SI",
      "title": "sinker",
      "color": "#FE9E00",
      "count": 242,
      "pitch_percent": 0.12278031456113647,
      "rhh_percent": 0.05640345056403451,
      "lhh_percent": 0.33836206896551724,
      "start_speed": 91.88099173553718,
      "max_start_speed": 94.3,
      "ivb": 12.190495867768583,
      "hb": 15.797107438016535,
      "release_pos_z": 5.971056696101942,
      "release_pos_x": 1.730987034039196,
      "extension": 6.240797023890587,
      "pitches": 242,
      "whiffs": 21,
      "swings": 106,
      "spin_rate": 2192,
      "swing_miss_percent": 19.8,
      "arm_angle": 41.2,
      "barrels_per_pa_percent": 2.941176470588235,
      "hardhit_percent": 54.347826086956516,
      "whiffs_per_pitch": 0.08677685950413223,
      "active_spin_percent": 93.8
    },
    {
      "code": "ST",
      "title": "sweeper",
      "color": "#DDB43A",
      "count": 226,
      "pitch_percent": 0.11466260781329274,
      "rhh_percent": 0.0617120106171201,
      "lhh_percent": 0.28663793103448276,
      "start_speed": 82.77522123893799,
      "max_start_speed": 87.2,
      "ivb": 0.14292035398230088,
      "hb": -9.640265486725664,
      "release_pos_z": 5.936608559457527,
      "release_pos_x": 1.7855569970898066,
      "extension": 6.098904318350457,
      "pitches": 226,
      "whiffs": 23,
      "swings": 95,
      "spin_rate": 2445,
      "swing_miss_percent": 24.2,
      "arm_angle": 40.5,
      "barrels_per_pa_percent": 12.068965517241379,
      "hardhit_percent": 54.761904761904766,
      "whiffs_per_pitch": 0.10176991150442478,
      "active_spin_percent": 43.3
    },
    {
      "code": "FC",
      "title": "cutter",
      "color": "#933F2C",
      "count": 53,
      "pitch_percent": 0.026889903602232368,
      "rhh_percent": 0.028533510285335104,
      "lhh_percent": 0.021551724137931036,
      "start_speed": 91.7245283018868,
      "max_start_speed": 93.2,
      "ivb": 15.8622641509434,
      "hb": 2.916981132075472,
      "release_pos_z": 5.979195234589393,
      "release_pos_x": 1.8737349922538453,
      "extension": 6.2166189686982545,
      "pitches": 40,
      "whiffs": 1,
      "swings": 17,
      "spin_rate": 2466,
      "swing_miss_percent": 5.9,
      "arm_angle": 43.3,
      "barrels_per_pa_percent": 0,
      "hardhit_percent": 33.33333333333333,
      "whiffs_per_pitch": 0.025,
      "active_spin_percent": 74.9
    }
  ]
}