{
  "pitcher_id": "701581",
  "pitcher_name": "David Festa",
  "pitches": [
    {
      "code": "FF",
      "title": "four-seam fastball",
      "color": "#D22D49",
      "count": 280,
      "pitch_percent": 0.31746031746031744,
      "rhh_percent": 0.273972602739726,
      "lhh_percent": 0.36036036036036034,
      "start_speed": 94.11821428571426,
      "max_start_speed": 96.7,
      "ivb": 18.310357142857143,
      "hb": 2.981428571428569,
      "release_pos_z": 6.08744351991321,
      "release_pos_x": 2.136458495681955,
      "extension": 7.0429468043362515,
      "pitches": 278,
      "whiffs": 21,
      "swings": 147,
      "spin_rate": 2416,
      "swing_miss_percent": 14.3,
      "arm_angle": 53,
      "barrels_per_pa_percent": 6.756756756756757,
      "hardhit_percent": 48.148148148148145,
      "whiffs_per_pitch": 0.07553956834532374,
      "active_spin_percent": 86.9
    },
    {
      "code": "CH",
      "title": "changeup",
      "color": "#1DBF3A",
      "count": 256,
      "pitch_percent": 0.29024943310657597,
      "rhh_percent": 0.20776255707762556,
      "lhh_percent": 0.3716216216216216,
      "start_speed": 87.76171875000001,
      "max_start_speed": 90.8,
      "ivb": 7.328906250000003,
      "hb": 12.740625000000009,
      "release_pos_z": 5.946110287851607,
      "release_pos_x": 2.3837855173386364,
      "extension": 6.876281452305086,
      "pitches": 256,
      "whiffs": 59,
      "swings": 134,
      "spin_rate": 1758,
      "swing_miss_percent": 44,
      "arm_angle": 46.9,
      "barrels_per_pa_percent": 5.970149253731343,
      "hardhit_percent": 27.77777777777778,
      "whiffs_per_pitch": 0.23046875,
      "active_spin_percent": 81.2
    },
    {
      "code": "SL",
      "title": "slider",
      "color": "#EEE716",
      "count": 236,
      "pitch_percent": 0.2675736961451247,
      "rhh_percent": 0.3515981735159817,
      "lhh_percent": 0.18468468468468469,
      "start_speed": 87.55550847457631,
      "max_start_speed": 90.6,
      "ivb": 2.8855932203389836,
      "hb": -1.620762711864407,
      "release_pos_z": 5.945162710253953,
      "release_pos_x": 2.4181208048216267,
      "extension": 6.865062731406984,
      "pitches": 236,
      "whiffs": 37,
      "swings": 115,
      "spin_rate": 2595,
      "swing_miss_percent": 32.2,
      "arm_angle": 47.3,
      "barrels_per_pa_percent": 12.727272727272727,
      "hardhit_percent": 41.66666666666667,
      "whiffs_per_pitch": 0.15677966101694915,
      "active_spin_percent": 23
    },
    {
      "code": "SI",
      "title": "sinker",
      "color": "#FE9E00",
      "count": 110,
      "pitch_percent": 0.12471655328798185,
      "rhh_percent": 0.16666666666666666,
      "lhh_percent": 0.08333333333333333,
      "start_speed": 93.92272727272727,
      "max_start_speed": 96.5,
      "ivb": 14.593636363636362,
      "hb": 12.360909090909098,
      "release_pos_z": 6.063565640902604,
      "release_pos_x": 2.017860969736533,
      "extension": 6.9869858940533325,
      "pitches": 110,
      "whiffs": 7,
      "swings": 54,
      "spin_rate": 2297,
      "swing_miss_percent": 13,
      "arm_angle": 52.7,
      "barrels_per_pa_percent": 6.451612903225806,
      "hardhit_percent": 44,
      "whiffs_per_pitch": 0.06363636363636363,
      "active_spin_percent": 92.5
    }
  ]
}