{
  "pitcher_id": "701552",
  "pitcher_name": "Andre Granillo",
  "pitches": [
    {
      "code": "SL",
      "title": "slider",
      "color": "#EEE716",
      "count": 235,
      "pitch_percent": 0.6509695290858726,
      "rhh_percent": 0.7214611872146118,
      "lhh_percent": 0.5422535211267606,
      "start_speed": 83.495744680851,
      "max_start_speed": 87,
      "ivb": 3.5812765957446797,
      "hb": -2.153191489361702,
      "release_pos_z": 6.241659819795584,
      "release_pos_x": 1.0943637669687958,
      "extension": 6.033762708420407,
      "pitches": 235,
      "whiffs": 43,
      "swings": 124,
      "spin_rate": 2334,
      "swing_miss_percent": 34.7,
      "arm_angle": 40.7,
      "barrels_per_pa_percent": 6.779661016949152,
      "hardhit_percent": 20.454545454545457,
      "whiffs_per_pitch": 0.1829787234042553,
      "active_spin_percent": 24
    },
    {
      "code": "FF",
      "title": "four-seam fastball",
      "color": "#D22D49",
      "count": 101,
      "pitch_percent": 0.27977839335180055,
      "rhh_percent": 0.2557077625570776,
      "lhh_percent": 0.31690140845070425,
      "start_speed": 94.5841584158416,
      "max_start_speed": 97.3,
      "ivb": 16.471287128712873,
      "hb": 3.548514851485148,
      "release_pos_z": 6.533769544389043,
      "release_pos_x": 0.6359459158406002,
      "extension": 6.1779951205084105,
      "pitches": 100,
      "whiffs": 10,
      "swings": 44,
      "spin_rate": 2285,
      "swing_miss_percent": 22.7,
      "arm_angle": 49.9,
      "barrels_per_pa_percent": 8,
      "hardhit_percent": 53.333333333333336,
      "whiffs_per_pitch": 0.1,
      "active_spin_percent": 90.3
    },
    {
      "code": "CH",
      "title": "changeup",
      "color": "#1DBF3A",
      "count": 20,
      "pitch_percent": 0.055401662049861494,
      "rhh_percent": 0,
      "lhh_percent": 0.14084507042253522,
      "start_speed": 88.38499999999999,
      "max_start_speed": 90.3,
      "ivb": 7.149999999999999,
      "hb": 16.264999999999997,
      "release_pos_z": 6.15962287453982,
      "release_pos_x": 1.249045426004379,
      "extension": 6.003858807194775,
      "pitches": 20,
      "whiffs": 3,
      "swings": 6,
      "spin_rate": 2032,
      "swing_miss_percent": 50,
      "arm_angle": 35.9,
      "barrels_per_pa_percent": 0,
      "hardhit_percent": 50,
      "whiffs_per_pitch": 0.15,
      "active_spin_percent": 85.3
    },
    {
      "code": "SI",
      "title": "sinker",
      "color": "#FE9E00",
      "count": 5,
      "pitch_percent": 0.013850415512465374,
      "rhh_percent": 0.0228310502283105,
      "lhh_percent": 0,
      "start_speed": 95.08,
      "max_start_speed": 96.5,
      "ivb": 13.4,
      "hb": 9.959999999999999,
      "release_pos_z": 6.401829924659059,
      "release_pos_x": 0.8447920158631119,
      "extension": 6.249552242200962,
      "pitches": 5,
      "whiffs": 0,
      "swings": 3,
      "spin_rate": 2294,
      "swing_miss_percent": 0,
      "arm_angle": 49.1,
      "barrels_per_pa_percent": 0,
      "hardhit_percent": 0,
      "whiffs_per_pitch": 0,
      "active_spin_percent": null
    }
  ]
}