{
  "pitcher_id": "702056",
  "pitcher_name": "Trey Yesavage",
  "pitches": [
    {
      "code": "FF",
      "title": "four-seam fastball",
      "color": "#D22D49",
      "count": 108,
      "pitch_percent": 0.45188284518828453,
      "rhh_percent": 0.39215686274509803,
      "lhh_percent": 0.49635036496350365,
      "start_speed": 94.7203703703704,
      "max_start_speed": 96.9,
      "ivb": 19.52222222222222,
      "hb": 4.417592592592592,
      "release_pos_z": 7.029257592323876,
      "release_pos_x": 0.46811647670744017,
      "extension": 6.26916642827019,
      "pitches": 108,
      "whiffs": 9,
      "swings": 42,
      "spin_rate": 2281,
      "swing_miss_percent": 21.4,
      "arm_angle": 63,
      "barrels_per_pa_percent": 0,
      "hardhit_percent": 57.14285714285714,
      "whiffs_per_pitch": 0.08333333333333333,
      "active_spin_percent": 99.5
    },
    {
      "code": "SL",
      "title": "slider",
      "color": "#EEE716",
      "count": 68,
      "pitch_percent": 0.28451882845188287,
      "rhh_percent": 0.45098039215686275,
      "lhh_percent": 0.16058394160583941,
      "start_speed": 88.65294117647059,
      "max_start_speed": 90.9,
      "ivb": 5.376470588235293,
      "hb": 3.420588235294118,
      "release_pos_z": 7.115773865732625,
      "release_pos_x": 0.6185612724144429,
      "extension": 6.026439811183409,
      "pitches": 68,
      "whiffs": 11,
      "swings": 36,
      "spin_rate": 2229,
      "swing_miss_percent": 30.6,
      "arm_angle": 62.2,
      "barrels_per_pa_percent": 13.636363636363635,
      "hardhit_percent": 76.47058823529412,
      "whiffs_per_pitch": 0.16176470588235295,
      "active_spin_percent": 53.2
    },
    {
      "code": "FS",
      "title": "splitter",
      "color": "#3BACAC",
      "count": 63,
      "pitch_percent": 0.26359832635983266,
      "rhh_percent": 0.1568627450980392,
      "lhh_percent": 0.34306569343065696,
      "start_speed": 84.09523809523806,
      "max_start_speed": 85.5,
      "ivb": 6.941269841269842,
      "hb": 11.380952380952383,
      "release_pos_z": 7.16328864792242,
      "release_pos_x": 0.4833152688806551,
      "extension": 6.117733492007475,
      "pitches": 63,
      "whiffs": 20,
      "swings": 35,
      "spin_rate": 1535,
      "swing_miss_percent": 57.1,
      "arm_angle": 64.6,
      "barrels_per_pa_percent": 0,
      "hardhit_percent": 37.5,
      "whiffs_per_pitch": 0.31746031746031744,
      "active_spin_percent": 90.2
    }
  ]
}