{
  "pitcher_id": "702070",
  "pitcher_name": "Noah Cameron",
  "pitches": [
    {
      "code": "FF",
      "title": "four-seam fastball",
      "color": "#D22D49",
      "count": 571,
      "pitch_percent": 0.26386321626617376,
      "rhh_percent": 0.2408980582524272,
      "lhh_percent": 0.3372093023255814,
      "start_speed": 92.33555166374786,
      "max_start_speed": 95.6,
      "ivb": 16.809632224168123,
      "hb": 4.475481611208405,
      "release_pos_z": 6.4166164465293685,
      "release_pos_x": 1.0300478960754507,
      "extension": 6.295312999425243,
      "pitches": 569,
      "whiffs": 30,
      "swings": 236,
      "spin_rate": 2288,
      "swing_miss_percent": 12.7,
      "arm_angle": 58,
      "barrels_per_pa_percent": 7.6923076923076925,
      "hardhit_percent": 45.614035087719294,
      "whiffs_per_pitch": 0.05272407732864675,
      "active_spin_percent": 88.7
    },
    {
      "code": "FC",
      "title": "cutter",
      "color": "#933F2C",
      "count": 466,
      "pitch_percent": 0.21534195933456562,
      "rhh_percent": 0.22997572815533981,
      "lhh_percent": 0.1686046511627907,
      "start_speed": 88.15493562231755,
      "max_start_speed": 92,
      "ivb": 6.453648068669532,
      "hb": -3.770600858369097,
      "release_pos_z": 6.3862626308571455,
      "release_pos_x": 1.1072972165200479,
      "extension": 6.322141582032059,
      "pitches": 464,
      "whiffs": 55,
      "swings": 240,
      "spin_rate": 2461,
      "swing_miss_percent": 22.9,
      "arm_angle": 57.9,
      "barrels_per_pa_percent": 5.607476635514018,
      "hardhit_percent": 30.58823529411765,
      "whiffs_per_pitch": 0.11853448275862069,
      "active_spin_percent": 43.4
    },
    {
      "code": "CU",
      "title": "curveball",
      "color": "#00D2ED",
      "count": 418,
      "pitch_percent": 0.19316081330868762,
      "rhh_percent": 0.20266990291262135,
      "lhh_percent": 0.16279069767441862,
      "start_speed": 80.91028708133969,
      "max_start_speed": 86.1,
      "ivb": -10.697129186602876,
      "hb": -3.384928229665072,
      "release_pos_z": 6.499447804230894,
      "release_pos_x": 0.9264039648334318,
      "extension": 6.2871516800963105,
      "pitches": 418,
      "whiffs": 56,
      "swings": 184,
      "spin_rate": 2394,
      "swing_miss_percent": 30.4,
      "arm_angle": 63.8,
      "barrels_per_pa_percent": 0.8695652173913043,
      "hardhit_percent": 33.82352941176471,
      "whiffs_per_pitch": 0.1339712918660287,
      "active_spin_percent": 69.6
    },
    {
      "code": "CH",
      "title": "changeup",
      "color": "#1DBF3A",
      "count": 400,
      "pitch_percent": 0.18484288354898337,
      "rhh_percent": 0.2287621359223301,
      "lhh_percent": 0.044573643410852716,
      "start_speed": 81.28124999999999,
      "max_start_speed": 86.5,
      "ivb": 11.303249999999993,
      "hb": 10.871749999999995,
      "release_pos_z": 6.384617240696196,
      "release_pos_x": 1.5403312541289096,
      "extension": 6.190665874984493,
      "pitches": 399,
      "whiffs": 81,
      "swings": 196,
      "spin_rate": 1513,
      "swing_miss_percent": 41.3,
      "arm_angle": 51.1,
      "barrels_per_pa_percent": 4.854368932038835,
      "hardhit_percent": 35.294117647058826,
      "whiffs_per_pitch": 0.20300751879699247,
      "active_spin_percent": 98.3
    },
    {
      "code": "SL",
      "title": "slider",
      "color": "#EEE716",
      "count": 309,
      "pitch_percent": 0.14279112754158965,
      "rhh_percent": 0.09769417475728155,
      "lhh_percent": 0.2868217054263566,
      "start_speed": 84.16440129449839,
      "max_start_speed": 88.3,
      "ivb": -1.1550161812297737,
      "hb": -2.9818770226537215,
      "release_pos_z": 6.392239252583182,
      "release_pos_x": 1.1316458464469845,
      "extension": 6.279699022616399,
      "pitches": 309,
      "whiffs": 50,
      "swings": 161,
      "spin_rate": 2534,
      "swing_miss_percent": 31.1,
      "arm_angle": 58.2,
      "barrels_per_pa_percent": 2.4691358024691357,
      "hardhit_percent": 41.07142857142857,
      "whiffs_per_pitch": 0.16181229773462782,
      "active_spin_percent": 24.8
    }
  ]
}