{
  "pitcher_id": "702674",
  "pitcher_name": "Caden Dana",
  "pitches": [
    {
      "code": "FF",
      "title": "four-seam fastball",
      "color": "#D22D49",
      "count": 253,
      "pitch_percent": 0.4501779359430605,
      "rhh_percent": 0.4384057971014493,
      "lhh_percent": 0.46153846153846156,
      "start_speed": 94.89169960474312,
      "max_start_speed": 97.3,
      "ivb": 15.90592885375495,
      "hb": 10.701185770750993,
      "release_pos_z": 5.975036532805222,
      "release_pos_x": 1.7218008913634604,
      "extension": 6.622276303844867,
      "pitches": 253,
      "whiffs": 15,
      "swings": 97,
      "spin_rate": 2197,
      "swing_miss_percent": 15.5,
      "arm_angle": 44.3,
      "barrels_per_pa_percent": 8.19672131147541,
      "hardhit_percent": 48.64864864864865,
      "whiffs_per_pitch": 0.05928853754940711,
      "active_spin_percent": 99
    },
    {
      "code": "SL",
      "title": "slider",
      "color": "#EEE716",
      "count": 155,
      "pitch_percent": 0.27580071174377224,
      "rhh_percent": 0.40217391304347827,
      "lhh_percent": 0.15384615384615385,
      "start_speed": 85.55354838709681,
      "max_start_speed": 88.8,
      "ivb": -0.47806451612903234,
      "hb": -5.21548387096774,
      "release_pos_z": 5.680057860771841,
      "release_pos_x": 2.128538458712845,
      "extension": 6.471303726568372,
      "pitches": 155,
      "whiffs": 18,
      "swings": 78,
      "spin_rate": 2176,
      "swing_miss_percent": 23.1,
      "arm_angle": 33.8,
      "barrels_per_pa_percent": 5.88235294117647,
      "hardhit_percent": 32.432432432432435,
      "whiffs_per_pitch": 0.11612903225806452,
      "active_spin_percent": 32.9
    },
    {
      "code": "CH",
      "title": "changeup",
      "color": "#1DBF3A",
      "count": 109,
      "pitch_percent": 0.19395017793594305,
      "rhh_percent": 0.08695652173913043,
      "lhh_percent": 0.2972027972027972,
      "start_speed": 87.04495412844031,
      "max_start_speed": 89.8,
      "ivb": 6.018348623853208,
      "hb": 13.654128440366971,
      "release_pos_z": 5.844793270836031,
      "release_pos_x": 1.8638510080686008,
      "extension": 6.59066777834429,
      "pitches": 108,
      "whiffs": 26,
      "swings": 48,
      "spin_rate": 1539,
      "swing_miss_percent": 54.2,
      "arm_angle": 39.4,
      "barrels_per_pa_percent": 4.545454545454546,
      "hardhit_percent": 40,
      "whiffs_per_pitch": 0.24074074074074073,
      "active_spin_percent": 97.4
    },
    {
      "code": "CU",
      "title": "curveball",
      "color": "#00D2ED",
      "count": 45,
      "pitch_percent": 0.0800711743772242,
      "rhh_percent": 0.07246376811594203,
      "lhh_percent": 0.08741258741258741,
      "start_speed": 78.96222222222221,
      "max_start_speed": 81.9,
      "ivb": -14.671111111111113,
      "hb": -10.017777777777775,
      "release_pos_z": 6.040153544923692,
      "release_pos_x": 1.8083373267786738,
      "extension": 6.4243425971738315,
      "pitches": 45,
      "whiffs": 8,
      "swings": 14,
      "spin_rate": 2517,
      "swing_miss_percent": 57.1,
      "arm_angle": 45.4,
      "barrels_per_pa_percent": 16.666666666666664,
      "hardhit_percent": 33.33333333333333,
      "whiffs_per_pitch": 0.17777777777777778,
      "active_spin_percent": 96.5
    }
  ]
}