{
  "pitcher_id": "800048",
  "pitcher_name": "Parker Messick",
  "pitches": [
    {
      "code": "FF",
      "title": "four-seam fastball",
      "color": "#D22D49",
      "count": 225,
      "pitch_percent": 0.36,
      "rhh_percent": 0.37872340425531914,
      "lhh_percent": 0.3032258064516129,
      "start_speed": 92.8231111111111,
      "max_start_speed": 95.5,
      "ivb": 16.67066666666668,
      "hb": 4.179999999999999,
      "release_pos_z": 5.618495930868953,
      "release_pos_x": 0.9285825648175486,
      "extension": 6.456301819139465,
      "pitches": 225,
      "whiffs": 29,
      "swings": 100,
      "spin_rate": 2124,
      "swing_miss_percent": 29,
      "arm_angle": 44.8,
      "barrels_per_pa_percent": 2.3255813953488373,
      "hardhit_percent": 39.285714285714285,
      "whiffs_per_pitch": 0.1288888888888889,
      "active_spin_percent": 92.6
    },
    {
      "code": "CH",
      "title": "changeup",
      "color": "#1DBF3A",
      "count": 146,
      "pitch_percent": 0.2336,
      "rhh_percent": 0.29148936170212764,
      "lhh_percent": 0.05806451612903226,
      "start_speed": 84.58150684931509,
      "max_start_speed": 86.6,
      "ivb": 2.7376712328767123,
      "hb": 14.552739726027395,
      "release_pos_z": 5.571393946683458,
      "release_pos_x": 1.1503019739381344,
      "extension": 6.284290880527453,
      "pitches": 146,
      "whiffs": 24,
      "swings": 77,
      "spin_rate": 1855,
      "swing_miss_percent": 31.2,
      "arm_angle": 41.3,
      "barrels_per_pa_percent": 4.166666666666666,
      "hardhit_percent": 23.52941176470588,
      "whiffs_per_pitch": 0.1643835616438356,
      "active_spin_percent": 77.4
    },
    {
      "code": "SL",
      "title": "slider",
      "color": "#EEE716",
      "count": 91,
      "pitch_percent": 0.1456,
      "rhh_percent": 0.09361702127659574,
      "lhh_percent": 0.3032258064516129,
      "start_speed": 86.34945054945058,
      "max_start_speed": 88.6,
      "ivb": 5.1098901098901095,
      "hb": -6.967032967032971,
      "release_pos_z": 5.654652859743663,
      "release_pos_x": 0.9338411510196982,
      "extension": 6.462246125877674,
      "pitches": 91,
      "whiffs": 9,
      "swings": 41,
      "spin_rate": 2402,
      "swing_miss_percent": 22,
      "arm_angle": 47.2,
      "barrels_per_pa_percent": 7.6923076923076925,
      "hardhit_percent": 23.809523809523807,
      "whiffs_per_pitch": 0.0989010989010989,
      "active_spin_percent": 46.4
    },
    {
      "code": "SI",
      "title": "sinker",
      "color": "#FE9E00",
      "count": 84,
      "pitch_percent": 0.1344,
      "rhh_percent": 0.09148936170212765,
      "lhh_percent": 0.2645161290322581,
      "start_speed": 91.43095238095238,
      "max_start_speed": 94.1,
      "ivb": 10.491666666666669,
      "hb": 12.409523809523813,
      "release_pos_z": 5.598102545836203,
      "release_pos_x": 1.0453894026205437,
      "extension": 6.434746893827713,
      "pitches": 84,
      "whiffs": 6,
      "swings": 42,
      "spin_rate": 2026,
      "swing_miss_percent": 14.3,
      "arm_angle": 43.8,
      "barrels_per_pa_percent": 7.142857142857142,
      "hardhit_percent": 28.000000000000004,
      "whiffs_per_pitch": 0.07142857142857142,
      "active_spin_percent": 87.3
    },
    {
      "code": "CU",
      "title": "curveball",
      "color": "#00D2ED",
      "count": 79,
      "pitch_percent": 0.1264,
      "rhh_percent": 0.14468085106382977,
      "lhh_percent": 0.07096774193548387,
      "start_speed": 77.13417721518987,
      "max_start_speed": 80.6,
      "ivb": -5.903797468354431,
      "hb": -14.496202531645565,
      "release_pos_z": 5.690603710644967,
      "release_pos_x": 0.9797278707499056,
      "extension": 6.371361282259534,
      "pitches": 79,
      "whiffs": 7,
      "swings": 28,
      "spin_rate": 2255,
      "swing_miss_percent": 25,
      "arm_angle": 47.7,
      "barrels_per_pa_percent": 0,
      "hardhit_percent": 38.46153846153847,
      "whiffs_per_pitch": 0.08860759493670886,
      "active_spin_percent": 57.5
    }
  ]
}