{
  "pitcher_id": "802419",
  "pitcher_name": "Thomas Harrington",
  "pitches": [
    {
      "code": "FF",
      "title": "four-seam fastball",
      "color": "#D22D49",
      "count": 94,
      "pitch_percent": 0.47,
      "rhh_percent": 0.4573643410852713,
      "lhh_percent": 0.49295774647887325,
      "start_speed": 91.98829787234044,
      "max_start_speed": 94.4,
      "ivb": 14.619148936170212,
      "hb": 10.725531914893619,
      "release_pos_z": 5.54816185811998,
      "release_pos_x": 1.1338685763410532,
      "extension": 6.539313279501143,
      "pitches": 94,
      "whiffs": 7,
      "swings": 51,
      "spin_rate": 2084,
      "swing_miss_percent": 13.7,
      "arm_angle": 33.6,
      "barrels_per_pa_percent": 11.11111111111111,
      "hardhit_percent": 45,
      "whiffs_per_pitch": 0.07446808510638298,
      "active_spin_percent": 97.3
    },
    {
      "code": "FS",
      "title": "splitter",
      "color": "#3BACAC",
      "count": 47,
      "pitch_percent": 0.235,
      "rhh_percent": 0.1937984496124031,
      "lhh_percent": 0.30985915492957744,
      "start_speed": 83.26808510638297,
      "max_start_speed": 86.5,
      "ivb": 2.1659574468085108,
      "hb": 9.8,
      "release_pos_z": 5.576947596691295,
      "release_pos_x": 0.896637017056404,
      "extension": 6.521138768347061,
      "pitches": 47,
      "whiffs": 8,
      "swings": 20,
      "spin_rate": 988,
      "swing_miss_percent": 40,
      "arm_angle": 34.9,
      "barrels_per_pa_percent": 0,
      "hardhit_percent": 42.857142857142854,
      "whiffs_per_pitch": 0.1702127659574468,
      "active_spin_percent": 92.1
    },
    {
      "code": "ST",
      "title": "sweeper",
      "color": "#DDB43A",
      "count": 39,
      "pitch_percent": 0.195,
      "rhh_percent": 0.23255813953488372,
      "lhh_percent": 0.1267605633802817,
      "start_speed": 81.1794871794872,
      "max_start_speed": 84.1,
      "ivb": 4.776923076923077,
      "hb": -14.020512820512822,
      "release_pos_z": 5.408285158511046,
      "release_pos_x": 1.2071172384103215,
      "extension": 6.366306174646647,
      "pitches": 39,
      "whiffs": 5,
      "swings": 15,
      "spin_rate": 2561,
      "swing_miss_percent": 33.3,
      "arm_angle": 30.4,
      "barrels_per_pa_percent": 0,
      "hardhit_percent": 50,
      "whiffs_per_pitch": 0.1282051282051282,
      "active_spin_percent": 48.8
    },
    {
      "code": "FC",
      "title": "cutter",
      "color": "#933F2C",
      "count": 20,
      "pitch_percent": 0.1,
      "rhh_percent": 0.11627906976744186,
      "lhh_percent": 0.07042253521126761,
      "start_speed": 85.565,
      "max_start_speed": 89.9,
      "ivb": 8.740000000000002,
      "hb": -2.915,
      "release_pos_z": 5.426996316159159,
      "release_pos_x": 1.3676089796182036,
      "extension": 6.364420421174467,
      "pitches": 20,
      "whiffs": 0,
      "swings": 11,
      "spin_rate": 2394,
      "swing_miss_percent": 0,
      "arm_angle": 29.4,
      "barrels_per_pa_percent": 33.33333333333333,
      "hardhit_percent": 33.33333333333333,
      "whiffs_per_pitch": 0,
      "active_spin_percent": 41.4
    }
  ]
}