{
  "pitcher_id": "802686",
  "pitcher_name": "Hayden Harris",
  "pitches": [
    {
      "code": "FF",
      "title": "four-seam fastball",
      "color": "#D22D49",
      "count": 42,
      "pitch_percent": 0.84,
      "rhh_percent": 0.8444444444444444,
      "lhh_percent": 0.8,
      "start_speed": 91.87619047619046,
      "max_start_speed": 93.7,
      "ivb": 12.166666666666668,
      "hb": 11.661904761904761,
      "release_pos_z": 4.625867192183215,
      "release_pos_x": 2.8348294119571156,
      "extension": 7.134035862288957,
      "pitches": 42,
      "whiffs": 0,
      "swings": 25,
      "spin_rate": 2161,
      "swing_miss_percent": 0,
      "arm_angle": 17.6,
      "barrels_per_pa_percent": 9.090909090909092,
      "hardhit_percent": 40,
      "whiffs_per_pitch": 0,
      "active_spin_percent": null
    },
    {
      "code": "ST",
      "title": "sweeper",
      "color": "#DDB43A",
      "count": 6,
      "pitch_percent": 0.12,
      "rhh_percent": 0.1111111111111111,
      "lhh_percent": 0.2,
      "start_speed": 81.76666666666667,
      "max_start_speed": 82.8,
      "ivb": 7.600000000000001,
      "hb": -9.65,
      "release_pos_z": 4.5745221404053,
      "release_pos_x": 2.9007672094016583,
      "extension": 6.966563994112126,
      "pitches": 6,
      "whiffs": 1,
      "swings": 2,
      "spin_rate": 2256,
      "swing_miss_percent": 50,
      "arm_angle": 13,
      "barrels_per_pa_percent": null,
      "hardhit_percent": null,
      "whiffs_per_pitch": 0.16666666666666666,
      "active_spin_percent": null
    },
    {
      "code": "FS",
      "title": "splitter",
      "color": "#3BACAC",
      "count": 2,
      "pitch_percent": 0.04,
      "rhh_percent": 0.044444444444444446,
      "lhh_percent": 0,
      "start_speed": 87.5,
      "max_start_speed": 88,
      "ivb": 6.300000000000001,
      "hb": 15.25,
      "release_pos_z": 4.668120448801432,
      "release_pos_x": 2.719203387175198,
      "extension": 6.991353694920168,
      "pitches": 2,
      "whiffs": 0,
      "swings": 0,
      "spin_rate": 1688,
      "swing_miss_percent": null,
      "arm_angle": 14.4,
      "barrels_per_pa_percent": null,
      "hardhit_percent": null,
      "whiffs_per_pitch": 0,
      "active_spin_percent": null
    }
  ]
}