{
  "pitcher_id": "804636",
  "pitcher_name": "Jonah Tong",
  "pitches": [
    {
      "code": "FF",
      "title": "four-seam fastball",
      "color": "#D22D49",
      "count": 213,
      "pitch_percent": 0.5741239892183289,
      "rhh_percent": 0.5706806282722513,
      "lhh_percent": 0.5777777777777777,
      "start_speed": 95.24084507042251,
      "max_start_speed": 98.4,
      "ivb": 19.761502347417842,
      "hb": 3.2342723004694824,
      "release_pos_z": 5.893546461659681,
      "release_pos_x": 2.3368324715844393,
      "extension": 6.8115685146253035,
      "pitches": 213,
      "whiffs": 21,
      "swings": 94,
      "spin_rate": 2267,
      "swing_miss_percent": 22.3,
      "arm_angle": 65.4,
      "barrels_per_pa_percent": 12.5,
      "hardhit_percent": 41.935483870967744,
      "whiffs_per_pitch": 0.09859154929577464,
      "active_spin_percent": 98.6
    },
    {
      "code": "CH",
      "title": "changeup",
      "color": "#1DBF3A",
      "count": 102,
      "pitch_percent": 0.2749326145552561,
      "rhh_percent": 0.2670157068062827,
      "lhh_percent": 0.2833333333333333,
      "start_speed": 85.77450980392159,
      "max_start_speed": 89.3,
      "ivb": 8.917647058823526,
      "hb": 13.59705882352941,
      "release_pos_z": 5.823928026602048,
      "release_pos_x": 2.3815758647166634,
      "extension": 6.851213706625945,
      "pitches": 102,
      "whiffs": 10,
      "swings": 45,
      "spin_rate": 1637,
      "swing_miss_percent": 22.2,
      "arm_angle": 63.4,
      "barrels_per_pa_percent": 6.896551724137931,
      "hardhit_percent": 52.94117647058824,
      "whiffs_per_pitch": 0.09803921568627451,
      "active_spin_percent": 98.9
    },
    {
      "code": "CU",
      "title": "curveball",
      "color": "#00D2ED",
      "count": 46,
      "pitch_percent": 0.12398921832884097,
      "rhh_percent": 0.1099476439790576,
      "lhh_percent": 0.1388888888888889,
      "start_speed": 77.46086956521742,
      "max_start_speed": 80.1,
      "ivb": -16.4195652173913,
      "hb": -4.452173913043478,
      "release_pos_z": 5.748675345402559,
      "release_pos_x": 2.7297373363106967,
      "extension": 6.78540785115761,
      "pitches": 46,
      "whiffs": 5,
      "swings": 19,
      "spin_rate": 2603,
      "swing_miss_percent": 26.3,
      "arm_angle": 62.2,
      "barrels_per_pa_percent": 0,
      "hardhit_percent": 16.666666666666664,
      "whiffs_per_pitch": 0.10869565217391304,
      "active_spin_percent": 80.5
    },
    {
      "code": "SL",
      "title": "slider",
      "color": "#EEE716",
      "count": 10,
      "pitch_percent": 0.026954177897574125,
      "rhh_percent": 0.05235602094240838,
      "lhh_percent": 0,
      "start_speed": 87.05999999999999,
      "max_start_speed": 89.3,
      "ivb": 2.1,
      "hb": -5.7700000000000005,
      "release_pos_z": 5.826251843345327,
      "release_pos_x": 2.6742463775169645,
      "extension": 6.782133671588051,
      "pitches": 10,
      "whiffs": 0,
      "swings": 5,
      "spin_rate": 2241,
      "swing_miss_percent": 0,
      "arm_angle": 62.6,
      "barrels_per_pa_percent": 0,
      "hardhit_percent": 50,
      "whiffs_per_pitch": 0,
      "active_spin_percent": 35.8
    }
  ]
}