{
  "pitcher_id": "805299",
  "pitcher_name": "Brandyn Garcia",
  "pitches": [
    {
      "code": "SI",
      "title": "sinker",
      "color": "#FE9E00",
      "count": 145,
      "pitch_percent": 0.5234657039711191,
      "rhh_percent": 0.5287356321839081,
      "lhh_percent": 0.5145631067961165,
      "start_speed": 96.85310344827592,
      "max_start_speed": 99.8,
      "ivb": 2.4468965517241386,
      "hb": 16.980000000000004,
      "release_pos_z": 5.4950082714873005,
      "release_pos_x": 1.698342710280518,
      "extension": 5.537668385214016,
      "pitches": 144,
      "whiffs": 5,
      "swings": 67,
      "spin_rate": 2247,
      "swing_miss_percent": 7.5,
      "arm_angle": 15.6,
      "barrels_per_pa_percent": 2.7027027027027026,
      "hardhit_percent": 67.85714285714286,
      "whiffs_per_pitch": 0.034722222222222224,
      "active_spin_percent": 85.2
    },
    {
      "code": "ST",
      "title": "sweeper",
      "color": "#DDB43A",
      "count": 84,
      "pitch_percent": 0.30324909747292417,
      "rhh_percent": 0.21839080459770116,
      "lhh_percent": 0.44660194174757284,
      "start_speed": 85.22976190476189,
      "max_start_speed": 87.7,
      "ivb": -1.7511904761904755,
      "hb": -15.7,
      "release_pos_z": 5.336377071243736,
      "release_pos_x": 1.8425150296600872,
      "extension": 5.531243500592301,
      "pitches": 84,
      "whiffs": 17,
      "swings": 36,
      "spin_rate": 2769,
      "swing_miss_percent": 47.2,
      "arm_angle": 13,
      "barrels_per_pa_percent": 0,
      "hardhit_percent": 0,
      "whiffs_per_pitch": 0.20238095238095238,
      "active_spin_percent": 65.7
    },
    {
      "code": "SL",
      "title": "slider",
      "color": "#EEE716",
      "count": 42,
      "pitch_percent": 0.15162454873646208,
      "rhh_percent": 0.21839080459770116,
      "lhh_percent": 0.038834951456310676,
      "start_speed": 89.56666666666668,
      "max_start_speed": 91.3,
      "ivb": 1.5404761904761908,
      "hb": -2.6690476190476193,
      "release_pos_z": 5.464533906421399,
      "release_pos_x": 1.6845183384086369,
      "extension": 5.521877779798855,
      "pitches": 42,
      "whiffs": 4,
      "swings": 16,
      "spin_rate": 2433,
      "swing_miss_percent": 25,
      "arm_angle": 16.3,
      "barrels_per_pa_percent": 0,
      "hardhit_percent": 60,
      "whiffs_per_pitch": 0.09523809523809523,
      "active_spin_percent": 20.5
    },
    {
      "code": "CH",
      "title": "changeup",
      "color": "#1DBF3A",
      "count": 6,
      "pitch_percent": 0.021660649819494584,
      "rhh_percent": 0.034482758620689655,
      "lhh_percent": 0,
      "start_speed": 90.45,
      "max_start_speed": 92,
      "ivb": 3.3000000000000003,
      "hb": 16.48333333333333,
      "release_pos_z": 5.580472634160576,
      "release_pos_x": 1.7692919944775507,
      "extension": 5.6826056345654266,
      "pitches": 6,
      "whiffs": 1,
      "swings": 2,
      "spin_rate": 1831,
      "swing_miss_percent": 50,
      "arm_angle": 14.8,
      "barrels_per_pa_percent": null,
      "hardhit_percent": null,
      "whiffs_per_pitch": 0.16666666666666666,
      "active_spin_percent": null
    }
  ]
}