{
  "pitcher_id": "518585",
  "pitcher_name": "Fernando Cruz",
  "mlbam_id": "518585",
  "arm_angle_source": "dataset",
  "pitches": [
    {
      "code": "FS",
      "title": "splitter",
      "color": "#3BACAC",
      "count": 22,
      "pitch_percent": 0.5365853658536586,
      "rhh_percent": 0.5641025641025641,
      "lhh_percent": 0,
      "start_speed": 79.31818181818181,
      "max_start_speed": 80.5,
      "ivb": -1.1454545454545455,
      "hb": 2.409090909090909,
      "release_pos_z": 6.145904257025995,
      "release_pos_x": 2.1686713196182144,
      "extension": 6.821051623332061,
      "active_spin_percent": null
    },
    {
      "code": "SI",
      "title": "sinker",
      "color": "#FE9E00",
      "count": 9,
      "pitch_percent": 0.21951219512195122,
      "rhh_percent": 0.23076923076923078,
      "lhh_percent": 0,
      "start_speed": 91.94444444444444,
      "max_start_speed": 93.4,
      "ivb": 12.155555555555557,
      "hb": 12.566666666666666,
      "release_pos_z": 6.143469862451495,
      "release_pos_x": 2.222891538127887,
      "extension": 6.892235287047064,
      "active_spin_percent": null
    },
    {
      "code": "FF",
      "title": "four-seam fastball",
      "color": "#D22D49",
      "count": 6,
      "pitch_percent": 0.14634146341463414,
      "rhh_percent": 0.1282051282051282,
      "lhh_percent": 0.5,
      "start_speed": 92.61666666666667,
      "max_start_speed": 93.1,
      "ivb": 17.066666666666666,
      "hb": 3.1,
      "release_pos_z": 6.090893600766073,
      "release_pos_x": 2.2403911807655805,
      "extension": 6.885445891299651,
      "active_spin_percent": null
    },
    {
      "code": "SL",
      "title": "slider",
      "color": "#EEE716",
      "count": 4,
      "pitch_percent": 0.0975609756097561,
      "rhh_percent": 0.07692307692307693,
      "lhh_percent": 0.5,
      "start_speed": 79.92500000000001,
      "max_start_speed": 80.9,
      "ivb": -2.675,
      "hb": -8,
      "release_pos_z": 5.9750847762567325,
      "release_pos_x": 2.4446996665360463,
      "extension": 6.920717078159777,
      "active_spin_percent": null
    }
  ]
}