{
  "pitcher_id": "518886",
  "pitcher_name": "Craig Kimbrel",
  "mlbam_id": "518886",
  "arm_angle_source": "dataset",
  "pitches": [
    {
      "code": "FF",
      "title": "four-seam fastball",
      "color": "#D22D49",
      "count": 448,
      "pitch_percent": 0.7111111111111111,
      "rhh_percent": 0.712166172106825,
      "lhh_percent": 0.7098976109215017,
      "start_speed": 92.80401785714285,
      "max_start_speed": 95.4,
      "ivb": 13.933035714285719,
      "hb": 11.251116071428566,
      "release_pos_z": 4.6830278931561855,
      "release_pos_x": 2.968623984422447,
      "extension": 6.635155105117197,
      "active_spin_percent": null
    },
    {
      "code": "KC",
      "title": "knuckle curve",
      "color": "#6236CD",
      "count": 88,
      "pitch_percent": 0.13968253968253969,
      "rhh_percent": 0.09198813056379822,
      "lhh_percent": 0.1945392491467577,
      "start_speed": 83.14886363636361,
      "max_start_speed": 87.8,
      "ivb": -7.234090909090909,
      "hb": -10.91818181818182,
      "release_pos_z": 4.882403715781502,
      "release_pos_x": 2.926733222352556,
      "extension": 6.505081647971946,
      "active_spin_percent": null
    },
    {
      "code": "ST",
      "title": "sweeper",
      "color": "#DDB43A",
      "count": 80,
      "pitch_percent": 0.12698412698412698,
      "rhh_percent": 0.19584569732937684,
      "lhh_percent": 0.04778156996587031,
      "start_speed": 84.28250000000001,
      "max_start_speed": 86.5,
      "ivb": 0.5075000000000001,
      "hb": -13.570000000000004,
      "release_pos_z": 4.782159483044693,
      "release_pos_x": 2.963620524227644,
      "extension": 6.525434968468294,
      "active_spin_percent": null
    },
    {
      "code": "CH",
      "title": "changeup",
      "color": "#1DBF3A",
      "count": 14,
      "pitch_percent": 0.022222222222222223,
      "rhh_percent": 0,
      "lhh_percent": 0.04778156996587031,
      "start_speed": 87.85,
      "max_start_speed": 89.4,
      "ivb": 1.0357142857142858,
      "hb": 14.221428571428572,
      "release_pos_z": 4.6785512469078885,
      "release_pos_x": 2.962581224029996,
      "extension": 6.583038460752663,
      "active_spin_percent": null
    }
  ]
}