{
  "pitcher_id": "543518",
  "pitcher_name": "Scott McGough",
  "mlbam_id": "543518",
  "arm_angle_source": "dataset",
  "pitches": [
    {
      "code": "FF",
      "title": "four-seam fastball",
      "color": "#D22D49",
      "count": 274,
      "pitch_percent": 0.42745709828393136,
      "rhh_percent": 0.3988439306358382,
      "lhh_percent": 0.4610169491525424,
      "start_speed": 92.69051094890519,
      "max_start_speed": 94.7,
      "ivb": 16.281021897810216,
      "hb": 7.071897810218979,
      "release_pos_z": 5.874326762586091,
      "release_pos_x": 1.8695351189714358,
      "extension": 5.923769581524569,
      "active_spin_percent": null
    },
    {
      "code": "SL",
      "title": "slider",
      "color": "#EEE716",
      "count": 209,
      "pitch_percent": 0.32605304212168484,
      "rhh_percent": 0.43352601156069365,
      "lhh_percent": 0.2,
      "start_speed": 86.12200956937798,
      "max_start_speed": 89.2,
      "ivb": 1.5014354066985633,
      "hb": -4.836842105263159,
      "release_pos_z": 5.890739948992162,
      "release_pos_x": 2.280170142043833,
      "extension": 5.870973864557266,
      "active_spin_percent": null
    },
    {
      "code": "FS",
      "title": "splitter",
      "color": "#3BACAC",
      "count": 145,
      "pitch_percent": 0.22620904836193448,
      "rhh_percent": 0.13005780346820808,
      "lhh_percent": 0.3389830508474576,
      "start_speed": 84.99931034482753,
      "max_start_speed": 88.5,
      "ivb": 4.9779310344827605,
      "hb": 8.172413793103447,
      "release_pos_z": 5.891190259511675,
      "release_pos_x": 1.6481171090392328,
      "extension": 5.9190872499806515,
      "active_spin_percent": null
    },
    {
      "code": "SI",
      "title": "sinker",
      "color": "#FE9E00",
      "count": 13,
      "pitch_percent": 0.0202808112324493,
      "rhh_percent": 0.03757225433526012,
      "lhh_percent": 0,
      "start_speed": 92.93846153846154,
      "max_start_speed": 93.6,
      "ivb": 12.892307692307693,
      "hb": 12.723076923076926,
      "release_pos_z": 5.862854545179233,
      "release_pos_x": 2.4106966117670074,
      "extension": 5.978607698590666,
      "active_spin_percent": null
    }
  ]
}