{
  "pitcher_id": "548384",
  "pitcher_name": "Brooks Raley",
  "mlbam_id": "548384",
  "arm_angle_source": "dataset",
  "pitches": [
    {
      "code": "SI",
      "title": "sinker",
      "color": "#FE9E00",
      "count": 17,
      "pitch_percent": 0.32075471698113206,
      "rhh_percent": 0.21212121212121213,
      "lhh_percent": 0.5,
      "start_speed": 90.45882352941176,
      "max_start_speed": 91.6,
      "ivb": 4.370588235294117,
      "hb": 17.358823529411765,
      "release_pos_z": 5.8112576306987265,
      "release_pos_x": 2.9984830757524765,
      "extension": 5.805076869243355,
      "active_spin_percent": null
    },
    {
      "code": "ST",
      "title": "sweeper",
      "color": "#DDB43A",
      "count": 17,
      "pitch_percent": 0.32075471698113206,
      "rhh_percent": 0.2727272727272727,
      "lhh_percent": 0.4,
      "start_speed": 81.13529411764705,
      "max_start_speed": 83.3,
      "ivb": 1.552941176470588,
      "hb": -15.458823529411761,
      "release_pos_z": 5.656867081530358,
      "release_pos_x": 3.112871069675053,
      "extension": 5.750019252204671,
      "active_spin_percent": null
    },
    {
      "code": "FC",
      "title": "cutter",
      "color": "#933F2C",
      "count": 11,
      "pitch_percent": 0.20754716981132076,
      "rhh_percent": 0.2727272727272727,
      "lhh_percent": 0.1,
      "start_speed": 86.83636363636364,
      "max_start_speed": 88.2,
      "ivb": 5.545454545454547,
      "hb": -4.309090909090909,
      "release_pos_z": 5.939278526904443,
      "release_pos_x": 2.8578036452280613,
      "extension": 5.813051911945333,
      "active_spin_percent": null
    },
    {
      "code": "CH",
      "title": "changeup",
      "color": "#1DBF3A",
      "count": 8,
      "pitch_percent": 0.1509433962264151,
      "rhh_percent": 0.24242424242424243,
      "lhh_percent": 0,
      "start_speed": 84.72500000000001,
      "max_start_speed": 85.6,
      "ivb": 2.6500000000000004,
      "hb": 17.025,
      "release_pos_z": 5.975608238382311,
      "release_pos_x": 2.847211063631113,
      "extension": 5.648376538971217,
      "active_spin_percent": null
    }
  ]
}