{
  "pitcher_id": "571670",
  "pitcher_name": "Dylan Floro",
  "mlbam_id": "571670",
  "arm_angle_source": "dataset",
  "pitches": [
    {
      "code": "SI",
      "title": "sinker",
      "color": "#FE9E00",
      "count": 125,
      "pitch_percent": 0.4807692307692308,
      "rhh_percent": 0.4578313253012048,
      "lhh_percent": 0.5212765957446809,
      "start_speed": 89.21599999999995,
      "max_start_speed": 92.4,
      "ivb": 8.471999999999998,
      "hb": 14.065600000000002,
      "release_pos_z": 5.955484308224912,
      "release_pos_x": 3.325092986431016,
      "extension": 6.422493708603968,
      "active_spin_percent": null
    },
    {
      "code": "SL",
      "title": "slider",
      "color": "#EEE716",
      "count": 58,
      "pitch_percent": 0.2230769230769231,
      "rhh_percent": 0.3072289156626506,
      "lhh_percent": 0.07446808510638298,
      "start_speed": 81.28275862068966,
      "max_start_speed": 83.7,
      "ivb": 2.517241379310345,
      "hb": -1.003448275862069,
      "release_pos_z": 5.855275827741443,
      "release_pos_x": 3.448343859523121,
      "extension": 6.285589421884914,
      "active_spin_percent": null
    },
    {
      "code": "CH",
      "title": "changeup",
      "color": "#1DBF3A",
      "count": 45,
      "pitch_percent": 0.17307692307692307,
      "rhh_percent": 0.1144578313253012,
      "lhh_percent": 0.2765957446808511,
      "start_speed": 82.96666666666668,
      "max_start_speed": 86.1,
      "ivb": 3.0955555555555554,
      "hb": 14.20444444444444,
      "release_pos_z": 5.8453305697815505,
      "release_pos_x": 3.5540948320571912,
      "extension": 6.3468691132810715,
      "active_spin_percent": null
    },
    {
      "code": "FF",
      "title": "four-seam fastball",
      "color": "#D22D49",
      "count": 32,
      "pitch_percent": 0.12307692307692308,
      "rhh_percent": 0.12048192771084337,
      "lhh_percent": 0.1276595744680851,
      "start_speed": 88.18437500000002,
      "max_start_speed": 91.2,
      "ivb": 13.150000000000002,
      "hb": 8.253125,
      "release_pos_z": 5.971710725589337,
      "release_pos_x": 3.4150899160576556,
      "extension": 6.354940079841364,
      "active_spin_percent": null
    }
  ]
}