{
  "pitcher_id": "592351",
  "pitcher_name": "Jon Gray",
  "mlbam_id": "592351",
  "arm_angle_source": "dataset",
  "pitches": [
    {
      "code": "FF",
      "title": "four-seam fastball",
      "color": "#D22D49",
      "count": 47,
      "pitch_percent": 0.5053763440860215,
      "rhh_percent": 0.5128205128205128,
      "lhh_percent": 0.5,
      "start_speed": 94.64255319148936,
      "max_start_speed": 95.9,
      "ivb": 11.676595744680853,
      "hb": 8.899999999999997,
      "release_pos_z": 5.371075134104661,
      "release_pos_x": 1.6462311866194983,
      "extension": 6.358245648424365,
      "active_spin_percent": null
    },
    {
      "code": "SL",
      "title": "slider",
      "color": "#EEE716",
      "count": 29,
      "pitch_percent": 0.3118279569892473,
      "rhh_percent": 0.3333333333333333,
      "lhh_percent": 0.2962962962962963,
      "start_speed": 86.56551724137928,
      "max_start_speed": 88.1,
      "ivb": 2.851724137931034,
      "hb": -3.1172413793103457,
      "release_pos_z": 5.538449371151733,
      "release_pos_x": 1.6331454201517284,
      "extension": 6.273566420688545,
      "active_spin_percent": null
    },
    {
      "code": "CU",
      "title": "curveball",
      "color": "#00D2ED",
      "count": 12,
      "pitch_percent": 0.12903225806451613,
      "rhh_percent": 0.15384615384615385,
      "lhh_percent": 0.1111111111111111,
      "start_speed": 78.70833333333333,
      "max_start_speed": 83.3,
      "ivb": -4.741666666666666,
      "hb": -10.6,
      "release_pos_z": 5.607085772567203,
      "release_pos_x": 1.547830218092919,
      "extension": 6.227661290706236,
      "active_spin_percent": null
    },
    {
      "code": "CH",
      "title": "changeup",
      "color": "#1DBF3A",
      "count": 5,
      "pitch_percent": 0.053763440860215055,
      "rhh_percent": 0,
      "lhh_percent": 0.09259259259259259,
      "start_speed": 87.8,
      "max_start_speed": 88.6,
      "ivb": 3.6799999999999997,
      "hb": 12.34,
      "release_pos_z": 5.453514950982841,
      "release_pos_x": 1.6240086167720094,
      "extension": 6.476997554488681,
      "active_spin_percent": null
    }
  ]
}