{
  "pitcher_id": "595014",
  "pitcher_name": "Blake Treinen",
  "mlbam_id": "595014",
  "arm_angle_source": "dataset",
  "pitches": [
    {
      "code": "ST",
      "title": "sweeper",
      "color": "#DDB43A",
      "count": 33,
      "pitch_percent": 0.4520547945205479,
      "rhh_percent": 0.40816326530612246,
      "lhh_percent": 0.5416666666666666,
      "start_speed": 84.09393939393938,
      "max_start_speed": 85.5,
      "ivb": -3.627272727272727,
      "hb": -15.854545454545455,
      "release_pos_z": 6.39914043481156,
      "release_pos_x": 2.7927731357386807,
      "extension": 5.6191952581552576,
      "active_spin_percent": null
    },
    {
      "code": "SI",
      "title": "sinker",
      "color": "#FE9E00",
      "count": 29,
      "pitch_percent": 0.3972602739726027,
      "rhh_percent": 0.5306122448979592,
      "lhh_percent": 0.125,
      "start_speed": 95.6103448275862,
      "max_start_speed": 97.4,
      "ivb": 5.789655172413793,
      "hb": 15.575862068965515,
      "release_pos_z": 6.394838368522454,
      "release_pos_x": 2.5910777858821783,
      "extension": 5.658940286460982,
      "active_spin_percent": null
    },
    {
      "code": "FC",
      "title": "cutter",
      "color": "#933F2C",
      "count": 7,
      "pitch_percent": 0.0958904109589041,
      "rhh_percent": 0.02040816326530612,
      "lhh_percent": 0.25,
      "start_speed": 91.77142857142857,
      "max_start_speed": 93.1,
      "ivb": 8.200000000000001,
      "hb": -1.9285714285714286,
      "release_pos_z": 6.449103856466926,
      "release_pos_x": 2.6445281377414966,
      "extension": 5.597243855072063,
      "active_spin_percent": null
    },
    {
      "code": "FF",
      "title": "four-seam fastball",
      "color": "#D22D49",
      "count": 4,
      "pitch_percent": 0.0547945205479452,
      "rhh_percent": 0.04081632653061224,
      "lhh_percent": 0.08333333333333333,
      "start_speed": 95.4,
      "max_start_speed": 96.3,
      "ivb": 12,
      "hb": 5.65,
      "release_pos_z": 6.4946368074009335,
      "release_pos_x": 2.4553305199984212,
      "extension": 5.633269510390928,
      "active_spin_percent": null
    }
  ]
}