{
  "pitcher_id": "605218",
  "pitcher_name": "Carl Edwards Jr.",
  "mlbam_id": "605218",
  "arm_angle_source": "dataset",
  "pitches": [
    {
      "code": "FF",
      "title": "four-seam fastball",
      "color": "#D22D49",
      "count": 504,
      "pitch_percent": 0.5714285714285714,
      "rhh_percent": 0.567287784679089,
      "lhh_percent": 0.5764411027568922,
      "start_speed": 92.80059523809524,
      "max_start_speed": 95.9,
      "ivb": 14.994246031746021,
      "hb": -0.540674603174603,
      "release_pos_z": 6.364128239753613,
      "release_pos_x": 2.2994195196462597,
      "extension": 6.696568643053277,
      "active_spin_percent": null
    },
    {
      "code": "CU",
      "title": "curveball",
      "color": "#00D2ED",
      "count": 269,
      "pitch_percent": 0.30498866213151926,
      "rhh_percent": 0.3250517598343685,
      "lhh_percent": 0.2807017543859649,
      "start_speed": 78.61710037174721,
      "max_start_speed": 82.3,
      "ivb": -10.365055762081782,
      "hb": -4.872118959107803,
      "release_pos_z": 6.473733692523685,
      "release_pos_x": 2.0889874152534755,
      "extension": 6.525748053326816,
      "active_spin_percent": null
    },
    {
      "code": "CH",
      "title": "changeup",
      "color": "#1DBF3A",
      "count": 102,
      "pitch_percent": 0.11564625850340136,
      "rhh_percent": 0.09316770186335403,
      "lhh_percent": 0.14285714285714285,
      "start_speed": 89.00882352941173,
      "max_start_speed": 94.2,
      "ivb": 9.506862745098038,
      "hb": 10.66078431372549,
      "release_pos_z": 6.340651829013793,
      "release_pos_x": 2.300625750114536,
      "extension": 6.699707871399912,
      "active_spin_percent": null
    },
    {
      "code": "SI",
      "title": "sinker",
      "color": "#FE9E00",
      "count": 7,
      "pitch_percent": 0.007936507936507936,
      "rhh_percent": 0.014492753623188406,
      "lhh_percent": 0,
      "start_speed": 93.08571428571429,
      "max_start_speed": 94.8,
      "ivb": 13.642857142857142,
      "hb": 8.885714285714284,
      "release_pos_z": 6.479777422491933,
      "release_pos_x": 2.3191271240261413,
      "extension": 6.758700765589158,
      "active_spin_percent": null
    }
  ]
}