{
  "pitcher_id": "620454",
  "pitcher_name": "José Castillo",
  "mlbam_id": "620454",
  "arm_angle_source": "dataset",
  "pitches": [
    {
      "code": "SI",
      "title": "sinker",
      "color": "#FE9E00",
      "count": 109,
      "pitch_percent": 0.40977443609022557,
      "rhh_percent": 0.4068965517241379,
      "lhh_percent": 0.4132231404958678,
      "start_speed": 93.43119266055051,
      "max_start_speed": 95.4,
      "ivb": 5.279816513761469,
      "hb": 14.293577981651378,
      "release_pos_z": 6.160858615198256,
      "release_pos_x": 2.9670097857696143,
      "extension": 6.273349615753654,
      "active_spin_percent": null
    },
    {
      "code": "SL",
      "title": "slider",
      "color": "#EEE716",
      "count": 83,
      "pitch_percent": 0.31203007518796994,
      "rhh_percent": 0.2896551724137931,
      "lhh_percent": 0.33884297520661155,
      "start_speed": 84.34337349397588,
      "max_start_speed": 87,
      "ivb": -2.150602409638555,
      "hb": -4.473493975903617,
      "release_pos_z": 6.078854043511972,
      "release_pos_x": 3.0855032937187885,
      "extension": 6.160803533954106,
      "active_spin_percent": null
    },
    {
      "code": "FF",
      "title": "four-seam fastball",
      "color": "#D22D49",
      "count": 55,
      "pitch_percent": 0.20676691729323307,
      "rhh_percent": 0.1724137931034483,
      "lhh_percent": 0.24793388429752067,
      "start_speed": 93.51636363636366,
      "max_start_speed": 95.1,
      "ivb": 11.825454545454544,
      "hb": 5.947272727272727,
      "release_pos_z": 6.191811612303884,
      "release_pos_x": 2.8543524304306485,
      "extension": 6.265761199473842,
      "active_spin_percent": null
    },
    {
      "code": "CH",
      "title": "changeup",
      "color": "#1DBF3A",
      "count": 19,
      "pitch_percent": 0.07142857142857142,
      "rhh_percent": 0.1310344827586207,
      "lhh_percent": 0,
      "start_speed": 87.39999999999998,
      "max_start_speed": 88.9,
      "ivb": 6.25263157894737,
      "hb": 9.610526315789473,
      "release_pos_z": 6.008057204211312,
      "release_pos_x": 3.0084457800068862,
      "extension": 6.318757826248419,
      "active_spin_percent": null
    }
  ]
}