{
  "pitcher_id": "621016",
  "pitcher_name": "Jose Cuas",
  "mlbam_id": "621016",
  "arm_angle_source": "dataset",
  "pitches": [
    {
      "code": "ST",
      "title": "sweeper",
      "color": "#DDB43A",
      "count": 47,
      "pitch_percent": 0.3533834586466165,
      "rhh_percent": 0.4791666666666667,
      "lhh_percent": 0.2823529411764706,
      "start_speed": 79.92553191489361,
      "max_start_speed": 82.9,
      "ivb": 6.138297872340423,
      "hb": -7.76382978723404,
      "release_pos_z": 4.204713338501531,
      "release_pos_x": 4.543018207429065,
      "extension": 6.213694967276322,
      "active_spin_percent": null
    },
    {
      "code": "FF",
      "title": "four-seam fastball",
      "color": "#D22D49",
      "count": 46,
      "pitch_percent": 0.3458646616541353,
      "rhh_percent": 0.10416666666666667,
      "lhh_percent": 0.4823529411764706,
      "start_speed": 90.20652173913041,
      "max_start_speed": 92.6,
      "ivb": 8.447826086956521,
      "hb": 10.804347826086953,
      "release_pos_z": 4.128433720421115,
      "release_pos_x": 4.425475134482325,
      "extension": 6.363876781089909,
      "active_spin_percent": null
    },
    {
      "code": "SI",
      "title": "sinker",
      "color": "#FE9E00",
      "count": 32,
      "pitch_percent": 0.24060150375939848,
      "rhh_percent": 0.3333333333333333,
      "lhh_percent": 0.18823529411764706,
      "start_speed": 90.87187500000002,
      "max_start_speed": 92.7,
      "ivb": 0.85625,
      "hb": 15.762500000000003,
      "release_pos_z": 4.162298045054967,
      "release_pos_x": 4.412092174955696,
      "extension": 6.3772352626214746,
      "active_spin_percent": null
    },
    {
      "code": "CH",
      "title": "changeup",
      "color": "#1DBF3A",
      "count": 8,
      "pitch_percent": 0.06015037593984962,
      "rhh_percent": 0.08333333333333333,
      "lhh_percent": 0.047058823529411764,
      "start_speed": 89.025,
      "max_start_speed": 90.1,
      "ivb": 0.6,
      "hb": 15.149999999999999,
      "release_pos_z": 4.167447454888525,
      "release_pos_x": 4.436623728583121,
      "extension": 6.410030488120723,
      "active_spin_percent": null
    }
  ]
}