{
  "pitcher_id": "621051",
  "pitcher_name": "Steven Wilson",
  "mlbam_id": "621051",
  "arm_angle_source": "dataset",
  "pitches": [
    {
      "code": "ST",
      "title": "sweeper",
      "color": "#DDB43A",
      "count": 65,
      "pitch_percent": 0.5752212389380531,
      "rhh_percent": 0.7169811320754716,
      "lhh_percent": 0.45,
      "start_speed": 82.23846153846156,
      "max_start_speed": 85.9,
      "ivb": 1.2892307692307692,
      "hb": -14.004615384615388,
      "release_pos_z": 5.892876372622653,
      "release_pos_x": 2.3301313464532307,
      "extension": 6.414760377145637,
      "active_spin_percent": null
    },
    {
      "code": "FF",
      "title": "four-seam fastball",
      "color": "#D22D49",
      "count": 33,
      "pitch_percent": 0.2920353982300885,
      "rhh_percent": 0.2641509433962264,
      "lhh_percent": 0.31666666666666665,
      "start_speed": 93.99696969696969,
      "max_start_speed": 95.3,
      "ivb": 19.248484848484846,
      "hb": 6.68181818181818,
      "release_pos_z": 5.967108109964449,
      "release_pos_x": 2.019073063969208,
      "extension": 6.614570712377624,
      "active_spin_percent": null
    },
    {
      "code": "CH",
      "title": "changeup",
      "color": "#1DBF3A",
      "count": 14,
      "pitch_percent": 0.12389380530973451,
      "rhh_percent": 0,
      "lhh_percent": 0.23333333333333334,
      "start_speed": 85.33571428571427,
      "max_start_speed": 88.6,
      "ivb": 6.535714285714286,
      "hb": 14.735714285714282,
      "release_pos_z": 5.768298815217531,
      "release_pos_x": 2.183494917807043,
      "extension": 6.723776830350322,
      "active_spin_percent": null
    },
    {
      "code": "FC",
      "title": "cutter",
      "color": "#933F2C",
      "count": 1,
      "pitch_percent": 0.008849557522123894,
      "rhh_percent": 0.018867924528301886,
      "lhh_percent": 0,
      "start_speed": 89.4,
      "max_start_speed": 89.4,
      "ivb": 7.6,
      "hb": -3,
      "release_pos_z": 5.968117894496246,
      "release_pos_x": 2.1112892647462984,
      "extension": 6.60266374753953,
      "active_spin_percent": null
    }
  ]
}