{
  "pitcher_id": "622088",
  "pitcher_name": "Tejay Antone",
  "mlbam_id": "622088",
  "arm_angle_source": "dataset",
  "pitches": [
    {
      "code": "SI",
      "title": "sinker",
      "color": "#FE9E00",
      "count": 48,
      "pitch_percent": 0.40336134453781514,
      "rhh_percent": 0.4819277108433735,
      "lhh_percent": 0.2222222222222222,
      "start_speed": 92.98750000000001,
      "max_start_speed": 94.7,
      "ivb": 3.7145833333333322,
      "hb": 14.0625,
      "release_pos_z": 5.5702862487651705,
      "release_pos_x": 2.790989099300649,
      "extension": 6.247215349063236,
      "active_spin_percent": null
    },
    {
      "code": "SL",
      "title": "slider",
      "color": "#EEE716",
      "count": 34,
      "pitch_percent": 0.2857142857142857,
      "rhh_percent": 0.3855421686746988,
      "lhh_percent": 0.05555555555555555,
      "start_speed": 85.14705882352942,
      "max_start_speed": 87.6,
      "ivb": -2.564705882352942,
      "hb": -4.135294117647058,
      "release_pos_z": 5.45271091685514,
      "release_pos_x": 2.8266309646678724,
      "extension": 6.264839311776636,
      "active_spin_percent": null
    },
    {
      "code": "FF",
      "title": "four-seam fastball",
      "color": "#D22D49",
      "count": 21,
      "pitch_percent": 0.17647058823529413,
      "rhh_percent": 0.10843373493975904,
      "lhh_percent": 0.3333333333333333,
      "start_speed": 94.3047619047619,
      "max_start_speed": 96.1,
      "ivb": 11.942857142857141,
      "hb": 12.033333333333333,
      "release_pos_z": 5.868882414770834,
      "release_pos_x": 2.4970191768098653,
      "extension": 6.198748188333779,
      "active_spin_percent": null
    },
    {
      "code": "CU",
      "title": "curveball",
      "color": "#00D2ED",
      "count": 16,
      "pitch_percent": 0.13445378151260504,
      "rhh_percent": 0.024096385542168676,
      "lhh_percent": 0.3888888888888889,
      "start_speed": 80.7625,
      "max_start_speed": 82.2,
      "ivb": -9.812499999999998,
      "hb": -13.5375,
      "release_pos_z": 5.637416567438066,
      "release_pos_x": 2.7454946428925875,
      "extension": 6.239979480354549,
      "active_spin_percent": null
    }
  ]
}