{
  "pitcher_id": "623433",
  "pitcher_name": "Nick Anderson",
  "mlbam_id": "623433",
  "arm_angle_source": "dataset",
  "pitches": [
    {
      "code": "FF",
      "title": "four-seam fastball",
      "color": "#D22D49",
      "count": 314,
      "pitch_percent": 0.4410112359550562,
      "rhh_percent": 0.4469026548672566,
      "lhh_percent": 0.4307692307692308,
      "start_speed": 94.68949044585989,
      "max_start_speed": 97.4,
      "ivb": 16.882484076433126,
      "hb": 6.788216560509557,
      "release_pos_z": 6.421501705526415,
      "release_pos_x": 0.8589761823067089,
      "extension": 6.129050037803911,
      "active_spin_percent": null
    },
    {
      "code": "CU",
      "title": "curveball",
      "color": "#00D2ED",
      "count": 307,
      "pitch_percent": 0.4311797752808989,
      "rhh_percent": 0.497787610619469,
      "lhh_percent": 0.3153846153846154,
      "start_speed": 82.5407166123778,
      "max_start_speed": 85.6,
      "ivb": 0.45374592833876226,
      "hb": -1.817915309446256,
      "release_pos_z": 6.4093278110549035,
      "release_pos_x": 0.8214663308315113,
      "extension": 6.121511772253993,
      "active_spin_percent": null
    },
    {
      "code": "CH",
      "title": "changeup",
      "color": "#1DBF3A",
      "count": 82,
      "pitch_percent": 0.1151685393258427,
      "rhh_percent": 0.04424778761061947,
      "lhh_percent": 0.23846153846153847,
      "start_speed": 88.15975609756097,
      "max_start_speed": 89.7,
      "ivb": 6.146341463414635,
      "hb": 13.887804878048772,
      "release_pos_z": 6.275034798234238,
      "release_pos_x": 1.065977927982689,
      "extension": 6.166321328841169,
      "active_spin_percent": null
    },
    {
      "code": "SI",
      "title": "sinker",
      "color": "#FE9E00",
      "count": 9,
      "pitch_percent": 0.012640449438202247,
      "rhh_percent": 0.011061946902654867,
      "lhh_percent": 0.015384615384615385,
      "start_speed": 95.3111111111111,
      "max_start_speed": 96.3,
      "ivb": 16.45555555555556,
      "hb": 13.744444444444445,
      "release_pos_z": 6.376875336696084,
      "release_pos_x": 0.8760287907899172,
      "extension": 6.145583442091149,
      "active_spin_percent": null
    }
  ]
}