{
  "pitcher_id": "642376",
  "pitcher_name": "Jefry Yan",
  "mlbam_id": "642376",
  "arm_angle_source": "dataset",
  "pitches": [
    {
      "code": "FF",
      "title": "four-seam fastball",
      "color": "#D22D49",
      "count": 330,
      "pitch_percent": 0.5271565495207667,
      "rhh_percent": 0.4813953488372093,
      "lhh_percent": 0.6275510204081632,
      "start_speed": 95.37666666666668,
      "max_start_speed": 98.1,
      "ivb": 13.649999999999995,
      "hb": 1.4281818181818189,
      "release_pos_z": 5.821766310966718,
      "release_pos_x": 1.1304291731584195,
      "extension": 6.247257602311962,
      "active_spin_percent": null
    },
    {
      "code": "SL",
      "title": "slider",
      "color": "#EEE716",
      "count": 243,
      "pitch_percent": 0.38817891373801916,
      "rhh_percent": 0.4,
      "lhh_percent": 0.3622448979591837,
      "start_speed": 83.024279835391,
      "max_start_speed": 87.6,
      "ivb": -5.985596707818931,
      "hb": -6.895061728395057,
      "release_pos_z": 5.9367607407566645,
      "release_pos_x": 1.0061826435737835,
      "extension": 6.173899850866938,
      "active_spin_percent": null
    },
    {
      "code": "CH",
      "title": "changeup",
      "color": "#1DBF3A",
      "count": 52,
      "pitch_percent": 0.08306709265175719,
      "rhh_percent": 0.11627906976744186,
      "lhh_percent": 0.01020408163265306,
      "start_speed": 86.29038461538461,
      "max_start_speed": 89,
      "ivb": 7.715384615384616,
      "hb": 8.869230769230768,
      "release_pos_z": 5.922086838515038,
      "release_pos_x": 1.5369097093665485,
      "extension": 6.341167368702596,
      "active_spin_percent": null
    },
    {
      "code": "SI",
      "title": "sinker",
      "color": "#FE9E00",
      "count": 1,
      "pitch_percent": 0.001597444089456869,
      "rhh_percent": 0.002325581395348837,
      "lhh_percent": 0,
      "start_speed": 93.5,
      "max_start_speed": 93.5,
      "ivb": 10.7,
      "hb": 12.6,
      "release_pos_z": 5.85415044114972,
      "release_pos_x": 1.2338868064519255,
      "extension": 6.171773977884026,
      "active_spin_percent": null
    }
  ]
}