{
  "pitcher_id": "647315",
  "pitcher_name": "Zach Pop",
  "mlbam_id": "647315",
  "arm_angle_source": "dataset",
  "pitches": [
    {
      "code": "SI",
      "title": "sinker",
      "color": "#FE9E00",
      "count": 212,
      "pitch_percent": 0.7019867549668874,
      "rhh_percent": 0.7647058823529411,
      "lhh_percent": 0.6212121212121212,
      "start_speed": 96.70000000000002,
      "max_start_speed": 99.1,
      "ivb": 6.018396226415094,
      "hb": 16.225471698113207,
      "release_pos_z": 5.6818116858520895,
      "release_pos_x": 2.1751256636412304,
      "extension": 6.335767253163741,
      "active_spin_percent": null
    },
    {
      "code": "FC",
      "title": "cutter",
      "color": "#933F2C",
      "count": 51,
      "pitch_percent": 0.16887417218543047,
      "rhh_percent": 0.09411764705882353,
      "lhh_percent": 0.26515151515151514,
      "start_speed": 94.3529411764706,
      "max_start_speed": 96.9,
      "ivb": 8.107843137254903,
      "hb": 3.1156862745098035,
      "release_pos_z": 5.717689078970518,
      "release_pos_x": 2.2299253937508268,
      "extension": 6.269464247095292,
      "active_spin_percent": null
    },
    {
      "code": "SL",
      "title": "slider",
      "color": "#EEE716",
      "count": 39,
      "pitch_percent": 0.1291390728476821,
      "rhh_percent": 0.1411764705882353,
      "lhh_percent": 0.11363636363636363,
      "start_speed": 84.84102564102565,
      "max_start_speed": 87.6,
      "ivb": -1.6153846153846152,
      "hb": -11.235897435897435,
      "release_pos_z": 5.39958284410136,
      "release_pos_x": 2.4979103200219974,
      "extension": 6.217818306266107,
      "active_spin_percent": null
    }
  ]
}