{
  "pitcher_id": "656212",
  "pitcher_name": "Charlie Barnes",
  "mlbam_id": "656212",
  "arm_angle_source": "dataset",
  "pitches": [
    {
      "code": "SI",
      "title": "sinker",
      "color": "#FE9E00",
      "count": 235,
      "pitch_percent": 0.5316742081447964,
      "rhh_percent": 0.5,
      "lhh_percent": 0.6029411764705882,
      "start_speed": 89.31276595744684,
      "max_start_speed": 91.1,
      "ivb": 9.659999999999993,
      "hb": 14.077446808510638,
      "release_pos_z": 5.740087752746775,
      "release_pos_x": 1.7276143766372345,
      "extension": 5.573338292238687,
      "active_spin_percent": null
    },
    {
      "code": "CH",
      "title": "changeup",
      "color": "#1DBF3A",
      "count": 98,
      "pitch_percent": 0.22171945701357465,
      "rhh_percent": 0.31699346405228757,
      "lhh_percent": 0.007352941176470588,
      "start_speed": 81.53775510204082,
      "max_start_speed": 83.2,
      "ivb": 5.461224489795917,
      "hb": 16.370408163265314,
      "release_pos_z": 5.617336468346206,
      "release_pos_x": 1.768107287753245,
      "extension": 5.63246065156079,
      "active_spin_percent": null
    },
    {
      "code": "SL",
      "title": "slider",
      "color": "#EEE716",
      "count": 88,
      "pitch_percent": 0.19909502262443438,
      "rhh_percent": 0.13071895424836602,
      "lhh_percent": 0.35294117647058826,
      "start_speed": 80.85113636363633,
      "max_start_speed": 82.5,
      "ivb": 2.415909090909091,
      "hb": -4.414772727272728,
      "release_pos_z": 5.845663577480314,
      "release_pos_x": 1.6755719122726922,
      "extension": 5.3607628921066075,
      "active_spin_percent": null
    },
    {
      "code": "CU",
      "title": "curveball",
      "color": "#00D2ED",
      "count": 21,
      "pitch_percent": 0.04751131221719457,
      "rhh_percent": 0.05228758169934641,
      "lhh_percent": 0.03676470588235294,
      "start_speed": 74.30476190476189,
      "max_start_speed": 77.4,
      "ivb": -2,
      "hb": -8.433333333333332,
      "release_pos_z": 5.943362062643369,
      "release_pos_x": 1.8334904442142417,
      "extension": 5.181824955631031,
      "active_spin_percent": null
    }
  ]
}