{
  "pitcher_id": "656412",
  "pitcher_name": "Alex Faedo",
  "mlbam_id": "656412",
  "arm_angle_source": "dataset",
  "pitches": [
    {
      "code": "FF",
      "title": "four-seam fastball",
      "color": "#D22D49",
      "count": 43,
      "pitch_percent": 0.4174757281553398,
      "rhh_percent": 0.4107142857142857,
      "lhh_percent": 0.425531914893617,
      "start_speed": 91.53720930232556,
      "max_start_speed": 93.8,
      "ivb": 15.34651162790697,
      "hb": 9.041860465116276,
      "release_pos_z": 5.990624692489342,
      "release_pos_x": 2.220351199314336,
      "extension": 6.137583730400764,
      "active_spin_percent": null
    },
    {
      "code": "SL",
      "title": "slider",
      "color": "#EEE716",
      "count": 35,
      "pitch_percent": 0.33980582524271846,
      "rhh_percent": 0.44642857142857145,
      "lhh_percent": 0.2127659574468085,
      "start_speed": 81.67999999999998,
      "max_start_speed": 83.3,
      "ivb": 0.3285714285714286,
      "hb": -3.3742857142857146,
      "release_pos_z": 5.924245715872336,
      "release_pos_x": 2.20343535820227,
      "extension": 6.0892061288955075,
      "active_spin_percent": null
    },
    {
      "code": "CH",
      "title": "changeup",
      "color": "#1DBF3A",
      "count": 23,
      "pitch_percent": 0.22330097087378642,
      "rhh_percent": 0.125,
      "lhh_percent": 0.3404255319148936,
      "start_speed": 87.06521739130434,
      "max_start_speed": 90.4,
      "ivb": 2.291304347826087,
      "hb": 17.086956521739133,
      "release_pos_z": 5.822702367655887,
      "release_pos_x": 2.324636428453205,
      "extension": 6.155222220158234,
      "active_spin_percent": null
    },
    {
      "code": "SI",
      "title": "sinker",
      "color": "#FE9E00",
      "count": 2,
      "pitch_percent": 0.019417475728155338,
      "rhh_percent": 0.017857142857142856,
      "lhh_percent": 0.02127659574468085,
      "start_speed": 90.6,
      "max_start_speed": 91,
      "ivb": 11.25,
      "hb": 14.35,
      "release_pos_z": 5.929720034624008,
      "release_pos_x": 2.435883552405654,
      "extension": 6.183394381809251,
      "active_spin_percent": null
    }
  ]
}