{
  "pitcher_id": "656820",
  "pitcher_name": "Nicholas Padilla",
  "mlbam_id": "656820",
  "arm_angle_source": "dataset",
  "pitches": [
    {
      "code": "FC",
      "title": "cutter",
      "color": "#933F2C",
      "count": 284,
      "pitch_percent": 0.37566137566137564,
      "rhh_percent": 0.2594752186588921,
      "lhh_percent": 0.4721549636803874,
      "start_speed": 90.35070422535213,
      "max_start_speed": 92.6,
      "ivb": 8.083098591549296,
      "hb": -1.6517605633802828,
      "release_pos_z": 5.740648198568628,
      "release_pos_x": 1.2545104046801592,
      "extension": 5.82972537287985,
      "active_spin_percent": null
    },
    {
      "code": "ST",
      "title": "sweeper",
      "color": "#DDB43A",
      "count": 228,
      "pitch_percent": 0.30158730158730157,
      "rhh_percent": 0.4314868804664723,
      "lhh_percent": 0.1937046004842615,
      "start_speed": 80.37763157894736,
      "max_start_speed": 83.2,
      "ivb": -4.23201754385965,
      "hb": -17.88947368421052,
      "release_pos_z": 5.769310144412145,
      "release_pos_x": 1.170381164840275,
      "extension": 5.768580170300874,
      "active_spin_percent": null
    },
    {
      "code": "SI",
      "title": "sinker",
      "color": "#FE9E00",
      "count": 146,
      "pitch_percent": 0.1931216931216931,
      "rhh_percent": 0.2886297376093295,
      "lhh_percent": 0.11380145278450363,
      "start_speed": 91.66027397260271,
      "max_start_speed": 94.1,
      "ivb": 6.099999999999999,
      "hb": 12.497260273972604,
      "release_pos_z": 5.685914530922712,
      "release_pos_x": 1.2356895136400436,
      "extension": 5.816726827963976,
      "active_spin_percent": null
    },
    {
      "code": "CU",
      "title": "curveball",
      "color": "#00D2ED",
      "count": 98,
      "pitch_percent": 0.12962962962962962,
      "rhh_percent": 0.02040816326530612,
      "lhh_percent": 0.22033898305084745,
      "start_speed": 77.84387755102044,
      "max_start_speed": 80.8,
      "ivb": -12.751020408163262,
      "hb": -11.832653061224491,
      "release_pos_z": 5.875638114351491,
      "release_pos_x": 1.1237669922013398,
      "extension": 5.858765838533915,
      "active_spin_percent": null
    }
  ]
}