{
  "pitcher_id": "658551",
  "pitcher_name": "Junior Fernández",
  "mlbam_id": "658551",
  "arm_angle_source": "dataset",
  "pitches": [
    {
      "code": "FF",
      "title": "four-seam fastball",
      "color": "#D22D49",
      "count": 223,
      "pitch_percent": 0.27875,
      "rhh_percent": 0.21460176991150443,
      "lhh_percent": 0.3620689655172414,
      "start_speed": 98.37578475336316,
      "max_start_speed": 101.4,
      "ivb": 15.05829596412556,
      "hb": 8.645291479820628,
      "release_pos_z": 5.925922016894197,
      "release_pos_x": 1.5321032345137695,
      "extension": 6.52789837401272,
      "active_spin_percent": null
    },
    {
      "code": "CH",
      "title": "changeup",
      "color": "#1DBF3A",
      "count": 202,
      "pitch_percent": 0.2525,
      "rhh_percent": 0.13495575221238937,
      "lhh_percent": 0.4051724137931034,
      "start_speed": 88.88267326732672,
      "max_start_speed": 92.4,
      "ivb": 3.6410891089108914,
      "hb": 13.406435643564363,
      "release_pos_z": 5.662593004280923,
      "release_pos_x": 1.9163103299624837,
      "extension": 6.489341887646265,
      "active_spin_percent": null
    },
    {
      "code": "SI",
      "title": "sinker",
      "color": "#FE9E00",
      "count": 197,
      "pitch_percent": 0.24625,
      "rhh_percent": 0.3252212389380531,
      "lhh_percent": 0.14367816091954022,
      "start_speed": 98.52588832487312,
      "max_start_speed": 101.4,
      "ivb": 11.213197969543142,
      "hb": 14.616243654822323,
      "release_pos_z": 5.995118922329928,
      "release_pos_x": 1.4759127688795102,
      "extension": 6.5420741939449725,
      "active_spin_percent": null
    },
    {
      "code": "SL",
      "title": "slider",
      "color": "#EEE716",
      "count": 171,
      "pitch_percent": 0.21375,
      "rhh_percent": 0.32079646017699115,
      "lhh_percent": 0.07471264367816093,
      "start_speed": 86.89766081871343,
      "max_start_speed": 91.6,
      "ivb": 4.630994152046784,
      "hb": -0.9345029239766081,
      "release_pos_z": 5.833277556861034,
      "release_pos_x": 1.6838387593713544,
      "extension": 6.549171676181515,
      "active_spin_percent": null
    }
  ]
}