{
  "pitcher_id": "659389",
  "pitcher_name": "Carter Loewen",
  "mlbam_id": "659389",
  "arm_angle_source": "dataset",
  "pitches": [
    {
      "code": "FF",
      "title": "four-seam fastball",
      "color": "#D22D49",
      "count": 12,
      "pitch_percent": 0.4,
      "rhh_percent": 0.35714285714285715,
      "lhh_percent": 1,
      "start_speed": 94.53333333333335,
      "max_start_speed": 96,
      "ivb": 16.708333333333332,
      "hb": 10.55,
      "release_pos_z": 6.27394255942376,
      "release_pos_x": 0.6363962623513945,
      "extension": 6.258869240354504,
      "active_spin_percent": null
    },
    {
      "code": "SL",
      "title": "slider",
      "color": "#EEE716",
      "count": 10,
      "pitch_percent": 0.3333333333333333,
      "rhh_percent": 0.35714285714285715,
      "lhh_percent": 0,
      "start_speed": 82.52,
      "max_start_speed": 85,
      "ivb": 2.87,
      "hb": -8.760000000000002,
      "release_pos_z": 6.298726877397126,
      "release_pos_x": 0.6728043030612028,
      "extension": 6.0869251259056645,
      "active_spin_percent": null
    },
    {
      "code": "FC",
      "title": "cutter",
      "color": "#933F2C",
      "count": 6,
      "pitch_percent": 0.2,
      "rhh_percent": 0.21428571428571427,
      "lhh_percent": 0,
      "start_speed": 85.73333333333333,
      "max_start_speed": 87,
      "ivb": 4.483333333333333,
      "hb": -2.3333333333333335,
      "release_pos_z": 6.301791096851022,
      "release_pos_x": 0.7723516901831058,
      "extension": 6.003473130450502,
      "active_spin_percent": null
    },
    {
      "code": "SI",
      "title": "sinker",
      "color": "#FE9E00",
      "count": 2,
      "pitch_percent": 0.06666666666666667,
      "rhh_percent": 0.07142857142857142,
      "lhh_percent": 0,
      "start_speed": 94.65,
      "max_start_speed": 94.7,
      "ivb": 15.45,
      "hb": 12.55,
      "release_pos_z": 6.33234335769534,
      "release_pos_x": 0.5508891142772873,
      "extension": 6.121329642487632,
      "active_spin_percent": null
    }
  ]
}