{
  "pitcher_id": "663773",
  "pitcher_name": "Bryan Hoeing",
  "mlbam_id": "663773",
  "arm_angle_source": "dataset",
  "pitches": [
    {
      "code": "SI",
      "title": "sinker",
      "color": "#FE9E00",
      "count": 161,
      "pitch_percent": 0.5875912408759124,
      "rhh_percent": 0.601123595505618,
      "lhh_percent": 0.5625,
      "start_speed": 92.89068322981366,
      "max_start_speed": 94.8,
      "ivb": 4.091925465838511,
      "hb": 15.551552795031062,
      "release_pos_z": 5.890864673704926,
      "release_pos_x": 2.1980694957084945,
      "extension": 6.199490142549901,
      "active_spin_percent": null
    },
    {
      "code": "FS",
      "title": "splitter",
      "color": "#3BACAC",
      "count": 65,
      "pitch_percent": 0.23722627737226276,
      "rhh_percent": 0.15730337078651685,
      "lhh_percent": 0.3854166666666667,
      "start_speed": 85.90615384615384,
      "max_start_speed": 90.4,
      "ivb": 1.1876923076923076,
      "hb": 7.149230769230767,
      "release_pos_z": 6.206700195267892,
      "release_pos_x": 2.0056822613159664,
      "extension": 6.231001998582876,
      "active_spin_percent": null
    },
    {
      "code": "SL",
      "title": "slider",
      "color": "#EEE716",
      "count": 47,
      "pitch_percent": 0.17153284671532848,
      "rhh_percent": 0.23595505617977527,
      "lhh_percent": 0.052083333333333336,
      "start_speed": 83.16382978723405,
      "max_start_speed": 86.2,
      "ivb": -1.7872340425531912,
      "hb": -1.9361702127659572,
      "release_pos_z": 6.090201070198003,
      "release_pos_x": 2.046300685891569,
      "extension": 6.164591197959212,
      "active_spin_percent": null
    },
    {
      "code": "FF",
      "title": "four-seam fastball",
      "color": "#D22D49",
      "count": 1,
      "pitch_percent": 0.0036496350364963502,
      "rhh_percent": 0.0056179775280898875,
      "lhh_percent": 0,
      "start_speed": 93.1,
      "max_start_speed": 93.1,
      "ivb": 4,
      "hb": 10.1,
      "release_pos_z": 5.964273056380779,
      "release_pos_x": 2.0798647428863193,
      "extension": 6.246163758430263,
      "active_spin_percent": null
    }
  ]
}