{
  "pitcher_id": "663855",
  "pitcher_name": "Jordan Hicks",
  "mlbam_id": "663855",
  "arm_angle_source": "dataset",
  "pitches": [
    {
      "code": "SI",
      "title": "sinker",
      "color": "#FE9E00",
      "count": 16,
      "pitch_percent": 0.34782608695652173,
      "rhh_percent": 0.5217391304347826,
      "lhh_percent": 0.17391304347826086,
      "start_speed": 96.99999999999999,
      "max_start_speed": 100.1,
      "ivb": 7.00625,
      "hb": 16.40625,
      "release_pos_z": 5.713006148128262,
      "release_pos_x": 2.077266813513508,
      "extension": 6.4771328976928215,
      "active_spin_percent": null
    },
    {
      "code": "FF",
      "title": "four-seam fastball",
      "color": "#D22D49",
      "count": 14,
      "pitch_percent": 0.30434782608695654,
      "rhh_percent": 0.17391304347826086,
      "lhh_percent": 0.43478260869565216,
      "start_speed": 96.82857142857142,
      "max_start_speed": 99.7,
      "ivb": 11.328571428571426,
      "hb": 11.135714285714286,
      "release_pos_z": 5.702795188364272,
      "release_pos_x": 2.087096052700077,
      "extension": 6.501480247318354,
      "active_spin_percent": null
    },
    {
      "code": "SL",
      "title": "slider",
      "color": "#EEE716",
      "count": 10,
      "pitch_percent": 0.21739130434782608,
      "rhh_percent": 0.30434782608695654,
      "lhh_percent": 0.13043478260869565,
      "start_speed": 85.72,
      "max_start_speed": 87.8,
      "ivb": -1.2899999999999998,
      "hb": -4.580000000000001,
      "release_pos_z": 5.497090624136787,
      "release_pos_x": 2.2701366209566767,
      "extension": 6.3972076581793775,
      "active_spin_percent": null
    },
    {
      "code": "FS",
      "title": "splitter",
      "color": "#3BACAC",
      "count": 6,
      "pitch_percent": 0.13043478260869565,
      "rhh_percent": 0,
      "lhh_percent": 0.2608695652173913,
      "start_speed": 90.13333333333334,
      "max_start_speed": 91.8,
      "ivb": -1.2333333333333334,
      "hb": 10.166666666666666,
      "release_pos_z": 5.777695498066666,
      "release_pos_x": 2.010854524615267,
      "extension": 6.457042470959434,
      "active_spin_percent": null
    }
  ]
}