{
  "pitcher_id": "663804",
  "pitcher_name": "Jackson Kowar",
  "mlbam_id": "663804",
  "arm_angle_source": "dataset",
  "pitches": [
    {
      "code": "FF",
      "title": "four-seam fastball",
      "color": "#D22D49",
      "count": 121,
      "pitch_percent": 0.4671814671814672,
      "rhh_percent": 0.46938775510204084,
      "lhh_percent": 0.4642857142857143,
      "start_speed": 97.59173553719009,
      "max_start_speed": 99.1,
      "ivb": 13.584297520661158,
      "hb": 10.057024793388438,
      "release_pos_z": 5.94552319075613,
      "release_pos_x": 0.6885267615898767,
      "extension": 6.149198825563535,
      "active_spin_percent": null
    },
    {
      "code": "SL",
      "title": "slider",
      "color": "#EEE716",
      "count": 90,
      "pitch_percent": 0.3474903474903475,
      "rhh_percent": 0.42857142857142855,
      "lhh_percent": 0.24107142857142858,
      "start_speed": 85.61555555555557,
      "max_start_speed": 88,
      "ivb": -2.286666666666666,
      "hb": -1.9333333333333333,
      "release_pos_z": 5.883854357614439,
      "release_pos_x": 0.7468245921175788,
      "extension": 6.062524564801858,
      "active_spin_percent": null
    },
    {
      "code": "CH",
      "title": "changeup",
      "color": "#1DBF3A",
      "count": 40,
      "pitch_percent": 0.15444015444015444,
      "rhh_percent": 0.08163265306122448,
      "lhh_percent": 0.25,
      "start_speed": 86.75000000000003,
      "max_start_speed": 88.3,
      "ivb": 2.37,
      "hb": 15.077500000000006,
      "release_pos_z": 5.911921920713495,
      "release_pos_x": 0.7853676276018573,
      "extension": 6.072108910558812,
      "active_spin_percent": null
    },
    {
      "code": "SI",
      "title": "sinker",
      "color": "#FE9E00",
      "count": 8,
      "pitch_percent": 0.03088803088803089,
      "rhh_percent": 0.02040816326530612,
      "lhh_percent": 0.044642857142857144,
      "start_speed": 96.93749999999999,
      "max_start_speed": 97.6,
      "ivb": 15.2125,
      "hb": 14.725,
      "release_pos_z": 5.985205573445469,
      "release_pos_x": 0.966589001992696,
      "extension": 6.143705115791821,
      "active_spin_percent": null
    }
  ]
}