{
  "pitcher_id": "663977",
  "pitcher_name": "Jake Higginbotham",
  "mlbam_id": "663977",
  "arm_angle_source": "dataset",
  "pitches": [
    {
      "code": "FF",
      "title": "four-seam fastball",
      "color": "#D22D49",
      "count": 282,
      "pitch_percent": 0.5330812854442344,
      "rhh_percent": 0.5305466237942122,
      "lhh_percent": 0.536697247706422,
      "start_speed": 93.98297872340419,
      "max_start_speed": 96.2,
      "ivb": 13.882269503546105,
      "hb": 5.694680851063828,
      "release_pos_z": 5.813205399469123,
      "release_pos_x": 0.7026658914176146,
      "extension": 5.555286038887749,
      "active_spin_percent": null
    },
    {
      "code": "SL",
      "title": "slider",
      "color": "#EEE716",
      "count": 156,
      "pitch_percent": 0.2948960302457467,
      "rhh_percent": 0.2379421221864952,
      "lhh_percent": 0.3761467889908257,
      "start_speed": 83.35320512820512,
      "max_start_speed": 86.3,
      "ivb": -1.0153846153846147,
      "hb": -5.046153846153847,
      "release_pos_z": 5.65669079290881,
      "release_pos_x": 0.9401143575698118,
      "extension": 5.558476452375707,
      "active_spin_percent": null
    },
    {
      "code": "CH",
      "title": "changeup",
      "color": "#1DBF3A",
      "count": 78,
      "pitch_percent": 0.14744801512287334,
      "rhh_percent": 0.19935691318327975,
      "lhh_percent": 0.07339449541284404,
      "start_speed": 86.0025641025641,
      "max_start_speed": 87.9,
      "ivb": 3.5576923076923075,
      "hb": 6.808974358974358,
      "release_pos_z": 5.809257623051183,
      "release_pos_x": 0.651665210704767,
      "extension": 5.664511300288372,
      "active_spin_percent": null
    },
    {
      "code": "CU",
      "title": "curveball",
      "color": "#00D2ED",
      "count": 13,
      "pitch_percent": 0.024574669187145556,
      "rhh_percent": 0.03215434083601286,
      "lhh_percent": 0.013761467889908258,
      "start_speed": 79.48461538461538,
      "max_start_speed": 80.7,
      "ivb": -6.176923076923078,
      "hb": -5.446153846153848,
      "release_pos_z": 5.838640769248173,
      "release_pos_x": 0.7665441760477799,
      "extension": 5.676562990736651,
      "active_spin_percent": null
    }
  ]
}