{
  "pitcher_id": "664123",
  "pitcher_name": "Scott Effross",
  "mlbam_id": "664123",
  "arm_angle_source": "dataset",
  "pitches": [
    {
      "code": "SI",
      "title": "sinker",
      "color": "#FE9E00",
      "count": 183,
      "pitch_percent": 0.378099173553719,
      "rhh_percent": 0.5154639175257731,
      "lhh_percent": 0.17098445595854922,
      "start_speed": 89.05136612021859,
      "max_start_speed": 90.5,
      "ivb": -3.081967213114755,
      "hb": 18.1584699453552,
      "release_pos_z": 3.9866173702238568,
      "release_pos_x": 4.218828219101346,
      "extension": 5.826976236888036,
      "active_spin_percent": null
    },
    {
      "code": "ST",
      "title": "sweeper",
      "color": "#DDB43A",
      "count": 163,
      "pitch_percent": 0.3367768595041322,
      "rhh_percent": 0.39862542955326463,
      "lhh_percent": 0.24352331606217617,
      "start_speed": 78.4920245398773,
      "max_start_speed": 80.3,
      "ivb": 2.649693251533743,
      "hb": -8.127607361963186,
      "release_pos_z": 3.9047319855356437,
      "release_pos_x": 4.135151526083287,
      "extension": 5.615278505702679,
      "active_spin_percent": null
    },
    {
      "code": "FF",
      "title": "four-seam fastball",
      "color": "#D22D49",
      "count": 74,
      "pitch_percent": 0.15289256198347106,
      "rhh_percent": 0.06872852233676977,
      "lhh_percent": 0.27979274611398963,
      "start_speed": 88.96216216216214,
      "max_start_speed": 90,
      "ivb": 1.143243243243243,
      "hb": 19.558108108108105,
      "release_pos_z": 3.9890390372516644,
      "release_pos_x": 4.155819547176115,
      "extension": 5.834167931317897,
      "active_spin_percent": null
    },
    {
      "code": "CH",
      "title": "changeup",
      "color": "#1DBF3A",
      "count": 64,
      "pitch_percent": 0.1322314049586777,
      "rhh_percent": 0.01718213058419244,
      "lhh_percent": 0.30569948186528495,
      "start_speed": 81.89843750000001,
      "max_start_speed": 83.4,
      "ivb": -8.006249999999998,
      "hb": 14.0390625,
      "release_pos_z": 3.6551538021238246,
      "release_pos_x": 4.197146498637354,
      "extension": 5.791868525681971,
      "active_spin_percent": null
    }
  ]
}