{
  "pitcher_id": "665660",
  "pitcher_name": "Elvis Alvarado",
  "mlbam_id": "665660",
  "arm_angle_source": "dataset",
  "pitches": [
    {
      "code": "FF",
      "title": "four-seam fastball",
      "color": "#D22D49",
      "count": 331,
      "pitch_percent": 0.6939203354297694,
      "rhh_percent": 0.6345381526104418,
      "lhh_percent": 0.7587719298245614,
      "start_speed": 99.11450151057404,
      "max_start_speed": 101.9,
      "ivb": 11.230815709969786,
      "hb": 14.16586102719032,
      "release_pos_z": 5.513790989374189,
      "release_pos_x": 2.4829963763624607,
      "extension": 5.9176629443988915,
      "active_spin_percent": null
    },
    {
      "code": "SL",
      "title": "slider",
      "color": "#EEE716",
      "count": 118,
      "pitch_percent": 0.24737945492662475,
      "rhh_percent": 0.30120481927710846,
      "lhh_percent": 0.18859649122807018,
      "start_speed": 89.0805084745763,
      "max_start_speed": 91.9,
      "ivb": 2.594915254237288,
      "hb": 0.31864406779661025,
      "release_pos_z": 5.519391441732459,
      "release_pos_x": 2.492269364319786,
      "extension": 5.972185227851479,
      "active_spin_percent": null
    },
    {
      "code": "SI",
      "title": "sinker",
      "color": "#FE9E00",
      "count": 20,
      "pitch_percent": 0.041928721174004195,
      "rhh_percent": 0.0642570281124498,
      "lhh_percent": 0.017543859649122806,
      "start_speed": 98.78,
      "max_start_speed": 100.5,
      "ivb": 5.924999999999999,
      "hb": 17.225,
      "release_pos_z": 5.381752111624186,
      "release_pos_x": 2.699790954868304,
      "extension": 5.946887222832329,
      "active_spin_percent": null
    },
    {
      "code": "CH",
      "title": "changeup",
      "color": "#1DBF3A",
      "count": 8,
      "pitch_percent": 0.016771488469601678,
      "rhh_percent": 0,
      "lhh_percent": 0.03508771929824561,
      "start_speed": 88.52499999999999,
      "max_start_speed": 90.3,
      "ivb": 4.225,
      "hb": 14.587499999999999,
      "release_pos_z": 5.181167196497335,
      "release_pos_x": 2.4825637062439627,
      "extension": 6.07349782786428,
      "active_spin_percent": null
    }
  ]
}