{
  "pitcher_id": "665665",
  "pitcher_name": "Reiver Sanmartin",
  "mlbam_id": "665665",
  "arm_angle_source": "dataset",
  "pitches": [
    {
      "code": "SI",
      "title": "sinker",
      "color": "#FE9E00",
      "count": 428,
      "pitch_percent": 0.38248436103663985,
      "rhh_percent": 0.3824503311258278,
      "lhh_percent": 0.3825242718446602,
      "start_speed": 91.60607476635519,
      "max_start_speed": 93.9,
      "ivb": 4.63948598130841,
      "hb": 17.59579439252336,
      "release_pos_z": 5.476513321822131,
      "release_pos_x": 2.896456105794902,
      "extension": 6.30852646193771,
      "active_spin_percent": null
    },
    {
      "code": "SL",
      "title": "slider",
      "color": "#EEE716",
      "count": 275,
      "pitch_percent": 0.2457551385165326,
      "rhh_percent": 0.046357615894039736,
      "lhh_percent": 0.4796116504854369,
      "start_speed": 82.28872727272729,
      "max_start_speed": 87,
      "ivb": 1.554545454545454,
      "hb": -5.857454545454544,
      "release_pos_z": 5.507970523907515,
      "release_pos_x": 2.852423569584282,
      "extension": 6.321429102170415,
      "active_spin_percent": null
    },
    {
      "code": "CH",
      "title": "changeup",
      "color": "#1DBF3A",
      "count": 220,
      "pitch_percent": 0.1966041108132261,
      "rhh_percent": 0.35596026490066224,
      "lhh_percent": 0.009708737864077669,
      "start_speed": 86.43272727272726,
      "max_start_speed": 88.8,
      "ivb": 1.0554545454545454,
      "hb": 17.611363636363638,
      "release_pos_z": 5.38028143159302,
      "release_pos_x": 2.951306201401229,
      "extension": 6.3310155575267935,
      "active_spin_percent": null
    },
    {
      "code": "FF",
      "title": "four-seam fastball",
      "color": "#D22D49",
      "count": 196,
      "pitch_percent": 0.17515638963360142,
      "rhh_percent": 0.2152317880794702,
      "lhh_percent": 0.12815533980582525,
      "start_speed": 92.02806122448976,
      "max_start_speed": 94,
      "ivb": 11.83214285714286,
      "hb": 14.00255102040817,
      "release_pos_z": 5.505465426201898,
      "release_pos_x": 2.8582101507229707,
      "extension": 6.288836414394144,
      "active_spin_percent": null
    }
  ]
}