{
  "pitcher_id": "666120",
  "pitcher_name": "Ian Anderson",
  "mlbam_id": "666120",
  "arm_angle_source": "dataset",
  "pitches": [
    {
      "code": "FF",
      "title": "four-seam fastball",
      "color": "#D22D49",
      "count": 306,
      "pitch_percent": 0.4587706146926537,
      "rhh_percent": 0.44837758112094395,
      "lhh_percent": 0.4695121951219512,
      "start_speed": 93.51928104575155,
      "max_start_speed": 95.8,
      "ivb": 16.699673202614385,
      "hb": 5.946405228758169,
      "release_pos_z": 6.15929572751699,
      "release_pos_x": 1.5498077888798407,
      "extension": 6.899821051390296,
      "active_spin_percent": null
    },
    {
      "code": "CH",
      "title": "changeup",
      "color": "#1DBF3A",
      "count": 257,
      "pitch_percent": 0.3853073463268366,
      "rhh_percent": 0.3480825958702065,
      "lhh_percent": 0.42378048780487804,
      "start_speed": 87.94980544747085,
      "max_start_speed": 90.1,
      "ivb": 10.031906614785994,
      "hb": 9.250194552529186,
      "release_pos_z": 6.154115245627275,
      "release_pos_x": 1.6992763656450196,
      "extension": 6.872801264462321,
      "active_spin_percent": null
    },
    {
      "code": "CU",
      "title": "curveball",
      "color": "#00D2ED",
      "count": 63,
      "pitch_percent": 0.0944527736131934,
      "rhh_percent": 0.10619469026548672,
      "lhh_percent": 0.08231707317073171,
      "start_speed": 80.96349206349203,
      "max_start_speed": 84.3,
      "ivb": -4.601587301587301,
      "hb": -2.533333333333334,
      "release_pos_z": 6.089324017613768,
      "release_pos_x": 1.715584828390477,
      "extension": 6.866988587602185,
      "active_spin_percent": null
    },
    {
      "code": "SL",
      "title": "slider",
      "color": "#EEE716",
      "count": 41,
      "pitch_percent": 0.06146926536731634,
      "rhh_percent": 0.09734513274336283,
      "lhh_percent": 0.024390243902439025,
      "start_speed": 83.76097560975609,
      "max_start_speed": 86.9,
      "ivb": 2.6414634146341465,
      "hb": -2.192682926829269,
      "release_pos_z": 6.116168490577311,
      "release_pos_x": 1.6470322760108436,
      "extension": 6.8564529442007585,
      "active_spin_percent": null
    }
  ]
}