{
  "pitcher_id": "666277",
  "pitcher_name": "George Soriano",
  "mlbam_id": "666277",
  "arm_angle_source": "dataset",
  "pitches": [
    {
      "code": "CH",
      "title": "changeup",
      "color": "#1DBF3A",
      "count": 238,
      "pitch_percent": 0.34293948126801155,
      "rhh_percent": 0.2612137203166227,
      "lhh_percent": 0.44126984126984126,
      "start_speed": 88.4033613445378,
      "max_start_speed": 92.7,
      "ivb": -1.3945378151260506,
      "hb": 11.864705882352942,
      "release_pos_z": 5.6969578600377915,
      "release_pos_x": 2.5886938797418475,
      "extension": 6.393523154173458,
      "active_spin_percent": null
    },
    {
      "code": "SL",
      "title": "slider",
      "color": "#EEE716",
      "count": 198,
      "pitch_percent": 0.28530259365994237,
      "rhh_percent": 0.33773087071240104,
      "lhh_percent": 0.2222222222222222,
      "start_speed": 85.2868686868687,
      "max_start_speed": 89.5,
      "ivb": -0.4277777777777778,
      "hb": -6.3626262626262635,
      "release_pos_z": 5.435948869768995,
      "release_pos_x": 2.757930349212428,
      "extension": 6.193896164014709,
      "active_spin_percent": null
    },
    {
      "code": "FF",
      "title": "four-seam fastball",
      "color": "#D22D49",
      "count": 162,
      "pitch_percent": 0.2334293948126801,
      "rhh_percent": 0.1741424802110818,
      "lhh_percent": 0.3047619047619048,
      "start_speed": 96.07777777777785,
      "max_start_speed": 98.1,
      "ivb": 13.532098765432103,
      "hb": 9.087037037037037,
      "release_pos_z": 5.60931429277366,
      "release_pos_x": 2.606293407699845,
      "extension": 6.1757723657241606,
      "active_spin_percent": null
    },
    {
      "code": "SI",
      "title": "sinker",
      "color": "#FE9E00",
      "count": 96,
      "pitch_percent": 0.138328530259366,
      "rhh_percent": 0.22691292875989447,
      "lhh_percent": 0.031746031746031744,
      "start_speed": 95.85104166666666,
      "max_start_speed": 98.6,
      "ivb": 5.625000000000001,
      "hb": 15.921875000000002,
      "release_pos_z": 5.565258632490527,
      "release_pos_x": 2.563734008500634,
      "extension": 6.218691791044395,
      "active_spin_percent": null
    }
  ]
}