{
  "pitcher_id": "666619",
  "pitcher_name": "Gregory Santos",
  "mlbam_id": "666619",
  "arm_angle_source": "dataset",
  "pitches": [
    {
      "code": "SL",
      "title": "slider",
      "color": "#EEE716",
      "count": 73,
      "pitch_percent": 0.6083333333333333,
      "rhh_percent": 0.56,
      "lhh_percent": 0.6888888888888889,
      "start_speed": 88.61917808219174,
      "max_start_speed": 95.2,
      "ivb": 1.856164383561644,
      "hb": -5.342465753424657,
      "release_pos_z": 6.033870290472664,
      "release_pos_x": 1.227319987268481,
      "extension": 6.491995131479393,
      "active_spin_percent": null
    },
    {
      "code": "SI",
      "title": "sinker",
      "color": "#FE9E00",
      "count": 25,
      "pitch_percent": 0.20833333333333334,
      "rhh_percent": 0.24,
      "lhh_percent": 0.15555555555555556,
      "start_speed": 96.256,
      "max_start_speed": 97.8,
      "ivb": 6.956000000000001,
      "hb": 13.204,
      "release_pos_z": 6.041550779713026,
      "release_pos_x": 1.1196128122177729,
      "extension": 6.486037080940764,
      "active_spin_percent": null
    },
    {
      "code": "FF",
      "title": "four-seam fastball",
      "color": "#D22D49",
      "count": 21,
      "pitch_percent": 0.175,
      "rhh_percent": 0.2,
      "lhh_percent": 0.13333333333333333,
      "start_speed": 96.41904761904762,
      "max_start_speed": 97.5,
      "ivb": 8.461904761904762,
      "hb": 6.504761904761903,
      "release_pos_z": 6.120312516707735,
      "release_pos_x": 1.0991279105477785,
      "extension": 6.411682652895162,
      "active_spin_percent": null
    },
    {
      "code": "CH",
      "title": "changeup",
      "color": "#1DBF3A",
      "count": 1,
      "pitch_percent": 0.008333333333333333,
      "rhh_percent": 0,
      "lhh_percent": 0.022222222222222223,
      "start_speed": 94.9,
      "max_start_speed": 94.9,
      "ivb": 5.4,
      "hb": 9,
      "release_pos_z": 6.123825780136778,
      "release_pos_x": 0.9520463629924022,
      "extension": 6.577467054740513,
      "active_spin_percent": null
    }
  ]
}