{
  "pitcher_id": "667434",
  "pitcher_name": "Kevin Kopps",
  "mlbam_id": "667434",
  "arm_angle_source": "dataset",
  "pitches": [
    {
      "code": "FC",
      "title": "cutter",
      "color": "#933F2C",
      "count": 442,
      "pitch_percent": 0.6789554531490015,
      "rhh_percent": 0.6843501326259946,
      "lhh_percent": 0.6715328467153284,
      "start_speed": 85.28800904977379,
      "max_start_speed": 88.2,
      "ivb": -4.8656108597285055,
      "hb": 0.19230769230769243,
      "release_pos_z": 6.032837023565444,
      "release_pos_x": 2.610314955997335,
      "extension": 5.380710615766546,
      "active_spin_percent": null
    },
    {
      "code": "CU",
      "title": "curveball",
      "color": "#00D2ED",
      "count": 105,
      "pitch_percent": 0.16129032258064516,
      "rhh_percent": 0.129973474801061,
      "lhh_percent": 0.20437956204379562,
      "start_speed": 80.47142857142853,
      "max_start_speed": 83.2,
      "ivb": -11.731428571428573,
      "hb": -1.6114285714285717,
      "release_pos_z": 6.048384550632594,
      "release_pos_x": 2.5833458907109574,
      "extension": 5.335229806477742,
      "active_spin_percent": null
    },
    {
      "code": "FF",
      "title": "four-seam fastball",
      "color": "#D22D49",
      "count": 55,
      "pitch_percent": 0.08448540706605223,
      "rhh_percent": 0.06896551724137931,
      "lhh_percent": 0.10583941605839416,
      "start_speed": 90.08909090909087,
      "max_start_speed": 95.2,
      "ivb": 8.374545454545453,
      "hb": 1.2527272727272725,
      "release_pos_z": 6.051675018245477,
      "release_pos_x": 2.531397727378844,
      "extension": 5.440424480213225,
      "active_spin_percent": null
    },
    {
      "code": "SI",
      "title": "sinker",
      "color": "#FE9E00",
      "count": 49,
      "pitch_percent": 0.07526881720430108,
      "rhh_percent": 0.11671087533156499,
      "lhh_percent": 0.01824817518248175,
      "start_speed": 90.20612244897958,
      "max_start_speed": 92.8,
      "ivb": 5.757142857142856,
      "hb": 9.420408163265307,
      "release_pos_z": 6.0948486760707805,
      "release_pos_x": 2.562425884260447,
      "extension": 5.416478625583415,
      "active_spin_percent": null
    }
  ]
}