{
  "pitcher_id": "669001",
  "pitcher_name": "J.C. Flowers",
  "mlbam_id": "669001",
  "arm_angle_source": "dataset",
  "pitches": [
    {
      "code": "SL",
      "title": "slider",
      "color": "#EEE716",
      "count": 95,
      "pitch_percent": 0.45454545454545453,
      "rhh_percent": 0.4485981308411215,
      "lhh_percent": 0.46078431372549017,
      "start_speed": 86.74,
      "max_start_speed": 90.6,
      "ivb": 3.790526315789472,
      "hb": -0.5515789473684211,
      "release_pos_z": 5.562046363623778,
      "release_pos_x": 2.450458472561891,
      "extension": 6.301635673821664,
      "active_spin_percent": null
    },
    {
      "code": "FF",
      "title": "four-seam fastball",
      "color": "#D22D49",
      "count": 83,
      "pitch_percent": 0.39712918660287083,
      "rhh_percent": 0.40186915887850466,
      "lhh_percent": 0.39215686274509803,
      "start_speed": 91.54939759036145,
      "max_start_speed": 94,
      "ivb": 13.568674698795181,
      "hb": 5.934939759036142,
      "release_pos_z": 5.555879567196699,
      "release_pos_x": 2.417394442247547,
      "extension": 6.3729109132371455,
      "active_spin_percent": null
    },
    {
      "code": "CH",
      "title": "changeup",
      "color": "#1DBF3A",
      "count": 16,
      "pitch_percent": 0.07655502392344497,
      "rhh_percent": 0.037383177570093455,
      "lhh_percent": 0.11764705882352941,
      "start_speed": 87,
      "max_start_speed": 88.7,
      "ivb": 6.543749999999998,
      "hb": 15.01875,
      "release_pos_z": 5.746030554774745,
      "release_pos_x": 2.2358077691112945,
      "extension": 6.306179218527479,
      "active_spin_percent": null
    },
    {
      "code": "SI",
      "title": "sinker",
      "color": "#FE9E00",
      "count": 15,
      "pitch_percent": 0.07177033492822966,
      "rhh_percent": 0.11214953271028037,
      "lhh_percent": 0.029411764705882353,
      "start_speed": 91.14,
      "max_start_speed": 92.7,
      "ivb": 9.826666666666666,
      "hb": 13.82666666666667,
      "release_pos_z": 5.625946042139933,
      "release_pos_x": 2.3192750016032306,
      "extension": 6.3237151637994975,
      "active_spin_percent": null
    }
  ]
}