{
  "pitcher_id": "669111",
  "pitcher_name": "John McMillon",
  "mlbam_id": "669111",
  "arm_angle_source": "dataset",
  "pitches": [
    {
      "code": "FF",
      "title": "four-seam fastball",
      "color": "#D22D49",
      "count": 69,
      "pitch_percent": 0.45695364238410596,
      "rhh_percent": 0.4383561643835616,
      "lhh_percent": 0.47435897435897434,
      "start_speed": 95.03623188405798,
      "max_start_speed": 97.4,
      "ivb": 17.975362318840574,
      "hb": 8.744927536231886,
      "release_pos_z": 5.72589836109924,
      "release_pos_x": 1.3916925533480584,
      "extension": 6.777150026589445,
      "active_spin_percent": null
    },
    {
      "code": "SL",
      "title": "slider",
      "color": "#EEE716",
      "count": 57,
      "pitch_percent": 0.37748344370860926,
      "rhh_percent": 0.410958904109589,
      "lhh_percent": 0.34615384615384615,
      "start_speed": 84.18070175438594,
      "max_start_speed": 87.1,
      "ivb": 1.631578947368421,
      "hb": -1.677192982456141,
      "release_pos_z": 5.749170264488029,
      "release_pos_x": 1.6776501103704606,
      "extension": 6.505374381347587,
      "active_spin_percent": null
    },
    {
      "code": "CH",
      "title": "changeup",
      "color": "#1DBF3A",
      "count": 17,
      "pitch_percent": 0.11258278145695365,
      "rhh_percent": 0.0684931506849315,
      "lhh_percent": 0.15384615384615385,
      "start_speed": 90.07647058823528,
      "max_start_speed": 91.9,
      "ivb": 19.38235294117647,
      "hb": 9.647058823529411,
      "release_pos_z": 5.64332673434186,
      "release_pos_x": 1.5379134660667397,
      "extension": 6.66105841561527,
      "active_spin_percent": null
    },
    {
      "code": "CU",
      "title": "curveball",
      "color": "#00D2ED",
      "count": 8,
      "pitch_percent": 0.052980132450331126,
      "rhh_percent": 0.0821917808219178,
      "lhh_percent": 0.02564102564102564,
      "start_speed": 78.4375,
      "max_start_speed": 80.2,
      "ivb": 1.5125,
      "hb": -2.1750000000000003,
      "release_pos_z": 5.70680798410442,
      "release_pos_x": 1.7413686296007262,
      "extension": 6.383794909559696,
      "active_spin_percent": null
    }
  ]
}