{
  "pitcher_id": "670161",
  "pitcher_name": "Parker Dunshee",
  "mlbam_id": "670161",
  "arm_angle_source": "dataset",
  "pitches": [
    {
      "code": "SI",
      "title": "sinker",
      "color": "#FE9E00",
      "count": 361,
      "pitch_percent": 0.5106082036775106,
      "rhh_percent": 0.4876847290640394,
      "lhh_percent": 0.5415282392026578,
      "start_speed": 93.93795013850423,
      "max_start_speed": 97.1,
      "ivb": 15.286980609418283,
      "hb": 10.029916897506927,
      "release_pos_z": 5.932519524274076,
      "release_pos_x": 1.7774534143730145,
      "extension": 5.920341497041656,
      "active_spin_percent": null
    },
    {
      "code": "SL",
      "title": "slider",
      "color": "#EEE716",
      "count": 215,
      "pitch_percent": 0.3041018387553041,
      "rhh_percent": 0.4187192118226601,
      "lhh_percent": 0.14950166112956811,
      "start_speed": 83.76279069767443,
      "max_start_speed": 87.9,
      "ivb": 2.6758139534883703,
      "hb": -8.184651162790697,
      "release_pos_z": 5.976259563415424,
      "release_pos_x": 1.7762717938246193,
      "extension": 5.984704337226674,
      "active_spin_percent": null
    },
    {
      "code": "FS",
      "title": "splitter",
      "color": "#3BACAC",
      "count": 103,
      "pitch_percent": 0.1456859971711457,
      "rhh_percent": 0.0812807881773399,
      "lhh_percent": 0.23255813953488372,
      "start_speed": 85.95922330097086,
      "max_start_speed": 88.8,
      "ivb": 2.1621359223300978,
      "hb": 12.105825242718446,
      "release_pos_z": 5.783886873787619,
      "release_pos_x": 1.9465506883164874,
      "extension": 5.899334876344048,
      "active_spin_percent": null
    },
    {
      "code": "CU",
      "title": "curveball",
      "color": "#00D2ED",
      "count": 28,
      "pitch_percent": 0.039603960396039604,
      "rhh_percent": 0.012315270935960592,
      "lhh_percent": 0.07641196013289037,
      "start_speed": 75.81071428571428,
      "max_start_speed": 78.1,
      "ivb": -14.157142857142857,
      "hb": -13.132142857142854,
      "release_pos_z": 5.946675511174198,
      "release_pos_x": 1.8122189528349992,
      "extension": 5.95169381336097,
      "active_spin_percent": null
    }
  ]
}