{
  "pitcher_id": "670109",
  "pitcher_name": "Jacob Bosiokovic",
  "mlbam_id": "670109",
  "arm_angle_source": "dataset",
  "pitches": [
    {
      "code": "FF",
      "title": "four-seam fastball",
      "color": "#D22D49",
      "count": 250,
      "pitch_percent": 0.5694760820045558,
      "rhh_percent": 0.5239852398523985,
      "lhh_percent": 0.6428571428571429,
      "start_speed": 96.58919999999992,
      "max_start_speed": 99.7,
      "ivb": 13.74199999999999,
      "hb": 5.905599999999998,
      "release_pos_z": 5.973211839404241,
      "release_pos_x": 2.02040490315264,
      "extension": 6.2944860660867,
      "active_spin_percent": null
    },
    {
      "code": "SL",
      "title": "slider",
      "color": "#EEE716",
      "count": 171,
      "pitch_percent": 0.3895216400911162,
      "rhh_percent": 0.41697416974169743,
      "lhh_percent": 0.34523809523809523,
      "start_speed": 87.95380116959065,
      "max_start_speed": 91.5,
      "ivb": 0.24678362573099416,
      "hb": -4.171345029239765,
      "release_pos_z": 5.969325423797565,
      "release_pos_x": 1.9676292208749806,
      "extension": 6.308461819438291,
      "active_spin_percent": null
    },
    {
      "code": "ST",
      "title": "sweeper",
      "color": "#DDB43A",
      "count": 16,
      "pitch_percent": 0.03644646924829157,
      "rhh_percent": 0.05166051660516605,
      "lhh_percent": 0.011904761904761904,
      "start_speed": 83.28124999999999,
      "max_start_speed": 86.5,
      "ivb": 0.32499999999999996,
      "hb": -12.681249999999999,
      "release_pos_z": 5.915154621432812,
      "release_pos_x": 2.0910326972630346,
      "extension": 6.282894597832065,
      "active_spin_percent": null
    },
    {
      "code": "SI",
      "title": "sinker",
      "color": "#FE9E00",
      "count": 2,
      "pitch_percent": 0.004555808656036446,
      "rhh_percent": 0.007380073800738007,
      "lhh_percent": 0,
      "start_speed": 96.85,
      "max_start_speed": 97.1,
      "ivb": 5.550000000000001,
      "hb": 13.4,
      "release_pos_z": 5.910088105416104,
      "release_pos_x": 1.9710923107833667,
      "extension": 6.36954227256939,
      "active_spin_percent": null
    }
  ]
}