{
  "pitcher_id": "670871",
  "pitcher_name": "Guillo Zuñiga",
  "mlbam_id": "670871",
  "arm_angle_source": "dataset",
  "pitches": [
    {
      "code": "SL",
      "title": "slider",
      "color": "#EEE716",
      "count": 281,
      "pitch_percent": 0.343520782396088,
      "rhh_percent": 0.4400977995110024,
      "lhh_percent": 0.2469437652811736,
      "start_speed": 85.50604982206403,
      "max_start_speed": 90.4,
      "ivb": 4.1,
      "hb": -7.592882562277578,
      "release_pos_z": 6.13042667907382,
      "release_pos_x": 2.1950542856253983,
      "extension": 6.058098948020704,
      "active_spin_percent": null
    },
    {
      "code": "FF",
      "title": "four-seam fastball",
      "color": "#D22D49",
      "count": 257,
      "pitch_percent": 0.3141809290953545,
      "rhh_percent": 0.22493887530562348,
      "lhh_percent": 0.4034229828850856,
      "start_speed": 97.03735408560316,
      "max_start_speed": 100.2,
      "ivb": 13.95603112840467,
      "hb": 10.154863813229571,
      "release_pos_z": 6.060835737192702,
      "release_pos_x": 2.0187225919278013,
      "extension": 6.039083644543905,
      "active_spin_percent": null
    },
    {
      "code": "SI",
      "title": "sinker",
      "color": "#FE9E00",
      "count": 174,
      "pitch_percent": 0.21271393643031786,
      "rhh_percent": 0.3154034229828851,
      "lhh_percent": 0.1100244498777506,
      "start_speed": 96.41436781609198,
      "max_start_speed": 99.4,
      "ivb": 8.607471264367813,
      "hb": 17.170689655172417,
      "release_pos_z": 5.956695981199331,
      "release_pos_x": 2.0885330381126503,
      "extension": 6.04317241912072,
      "active_spin_percent": null
    },
    {
      "code": "CH",
      "title": "changeup",
      "color": "#1DBF3A",
      "count": 106,
      "pitch_percent": 0.1295843520782396,
      "rhh_percent": 0.019559902200488997,
      "lhh_percent": 0.2396088019559902,
      "start_speed": 88.17075471698114,
      "max_start_speed": 93,
      "ivb": 2.347169811320754,
      "hb": 17.436792452830186,
      "release_pos_z": 5.798209179087885,
      "release_pos_x": 2.237792165115294,
      "extension": 6.188703732706414,
      "active_spin_percent": null
    }
  ]
}