{
  "pitcher_id": "671096",
  "pitcher_name": "Andrew Abbott",
  "mlbam_id": "671096",
  "arm_angle_source": "dataset",
  "pitches": [
    {
      "code": "FF",
      "title": "four-seam fastball",
      "color": "#D22D49",
      "count": 64,
      "pitch_percent": 0.3615819209039548,
      "rhh_percent": 0.2898550724637681,
      "lhh_percent": 0.6153846153846154,
      "start_speed": 90.38437500000003,
      "max_start_speed": 92.4,
      "ivb": 15.526562499999994,
      "hb": 7.125000000000001,
      "release_pos_z": 5.986471419668161,
      "release_pos_x": 2.24382456896013,
      "extension": 6.285023339217344,
      "active_spin_percent": null
    },
    {
      "code": "FC",
      "title": "cutter",
      "color": "#933F2C",
      "count": 44,
      "pitch_percent": 0.24858757062146894,
      "rhh_percent": 0.3188405797101449,
      "lhh_percent": 0,
      "start_speed": 86.98863636363636,
      "max_start_speed": 90,
      "ivb": 9.486363636363636,
      "hb": -0.3386363636363637,
      "release_pos_z": 6.029401251675503,
      "release_pos_x": 2.183846547546465,
      "extension": 6.251695853863445,
      "active_spin_percent": null
    },
    {
      "code": "CU",
      "title": "curveball",
      "color": "#00D2ED",
      "count": 36,
      "pitch_percent": 0.2033898305084746,
      "rhh_percent": 0.15217391304347827,
      "lhh_percent": 0.38461538461538464,
      "start_speed": 80.1861111111111,
      "max_start_speed": 82.4,
      "ivb": 0.9472222222222221,
      "hb": -13.327777777777776,
      "release_pos_z": 6.009447221112796,
      "release_pos_x": 2.194732929755092,
      "extension": 6.275421917888254,
      "active_spin_percent": null
    },
    {
      "code": "CH",
      "title": "changeup",
      "color": "#1DBF3A",
      "count": 33,
      "pitch_percent": 0.1864406779661017,
      "rhh_percent": 0.2391304347826087,
      "lhh_percent": 0,
      "start_speed": 82.33030303030304,
      "max_start_speed": 83.7,
      "ivb": 8.978787878787879,
      "hb": 13.42121212121212,
      "release_pos_z": 6.014375365483686,
      "release_pos_x": 2.2467935661045204,
      "extension": 6.3286727300965735,
      "active_spin_percent": null
    }
  ]
}