{
  "pitcher_id": "671737",
  "pitcher_name": "Taj Bradley",
  "mlbam_id": "671737",
  "arm_angle_source": "dataset",
  "pitches": [
    {
      "code": "FF",
      "title": "four-seam fastball",
      "color": "#D22D49",
      "count": 144,
      "pitch_percent": 0.42857142857142855,
      "rhh_percent": 0.4304635761589404,
      "lhh_percent": 0.42702702702702705,
      "start_speed": 94.8388888888889,
      "max_start_speed": 97.6,
      "ivb": 17.289583333333326,
      "hb": 6.857638888888889,
      "release_pos_z": 6.144892774887794,
      "release_pos_x": 1.3329725876077738,
      "extension": 6.2712352820419275,
      "active_spin_percent": null
    },
    {
      "code": "FC",
      "title": "cutter",
      "color": "#933F2C",
      "count": 80,
      "pitch_percent": 0.23809523809523808,
      "rhh_percent": 0.3509933774834437,
      "lhh_percent": 0.14594594594594595,
      "start_speed": 88.07624999999997,
      "max_start_speed": 90.9,
      "ivb": 5.10625,
      "hb": -3.8312499999999985,
      "release_pos_z": 6.106493942991368,
      "release_pos_x": 1.4697921281315505,
      "extension": 6.232134204265156,
      "active_spin_percent": null
    },
    {
      "code": "FS",
      "title": "splitter",
      "color": "#3BACAC",
      "count": 62,
      "pitch_percent": 0.18452380952380953,
      "rhh_percent": 0.052980132450331126,
      "lhh_percent": 0.2918918918918919,
      "start_speed": 90.19677419354835,
      "max_start_speed": 93.3,
      "ivb": 9.317741935483872,
      "hb": 11.274193548387096,
      "release_pos_z": 6.074519473906946,
      "release_pos_x": 1.4151628827500753,
      "extension": 6.325700257363542,
      "active_spin_percent": null
    },
    {
      "code": "CU",
      "title": "curveball",
      "color": "#00D2ED",
      "count": 50,
      "pitch_percent": 0.1488095238095238,
      "rhh_percent": 0.16556291390728478,
      "lhh_percent": 0.13513513513513514,
      "start_speed": 80.738,
      "max_start_speed": 83.3,
      "ivb": -12.800000000000002,
      "hb": -3.0199999999999996,
      "release_pos_z": 6.252242798368161,
      "release_pos_x": 1.2028370397162333,
      "extension": 6.177411484919618,
      "active_spin_percent": null
    }
  ]
}