{
  "pitcher_id": "672487",
  "pitcher_name": "Helcris Olivárez",
  "mlbam_id": "672487",
  "arm_angle_source": "dataset",
  "pitches": [
    {
      "code": "FF",
      "title": "four-seam fastball",
      "color": "#D22D49",
      "count": 290,
      "pitch_percent": 0.4793388429752066,
      "rhh_percent": 0.495260663507109,
      "lhh_percent": 0.4426229508196721,
      "start_speed": 97.29103448275862,
      "max_start_speed": 100.4,
      "ivb": 13.106551724137931,
      "hb": 11.667586206896546,
      "release_pos_z": 5.8967771831904825,
      "release_pos_x": 2.4239175713310024,
      "extension": 6.436893034495809,
      "active_spin_percent": null
    },
    {
      "code": "SI",
      "title": "sinker",
      "color": "#FE9E00",
      "count": 212,
      "pitch_percent": 0.3504132231404959,
      "rhh_percent": 0.32701421800947866,
      "lhh_percent": 0.40437158469945356,
      "start_speed": 97.88066037735844,
      "max_start_speed": 100.2,
      "ivb": 11.658018867924529,
      "hb": 14.203773584905662,
      "release_pos_z": 5.904722181106524,
      "release_pos_x": 2.35799755170361,
      "extension": 6.478835645962957,
      "active_spin_percent": null
    },
    {
      "code": "CU",
      "title": "curveball",
      "color": "#00D2ED",
      "count": 78,
      "pitch_percent": 0.12892561983471074,
      "rhh_percent": 0.11848341232227488,
      "lhh_percent": 0.15300546448087432,
      "start_speed": 81.04230769230767,
      "max_start_speed": 85.2,
      "ivb": -6.3064102564102535,
      "hb": -10.746153846153849,
      "release_pos_z": 5.822751140968079,
      "release_pos_x": 2.395589868293815,
      "extension": 6.329239496183315,
      "active_spin_percent": null
    },
    {
      "code": "CH",
      "title": "changeup",
      "color": "#1DBF3A",
      "count": 25,
      "pitch_percent": 0.04132231404958678,
      "rhh_percent": 0.05924170616113744,
      "lhh_percent": 0,
      "start_speed": 90.58799999999998,
      "max_start_speed": 92.5,
      "ivb": 5.956,
      "hb": 17.967999999999996,
      "release_pos_z": 5.72222036601972,
      "release_pos_x": 2.4821070215194743,
      "extension": 6.531195227785402,
      "active_spin_percent": null
    }
  ]
}