{
  "pitcher_id": "672578",
  "pitcher_name": "Carlos Hernández",
  "mlbam_id": "672578",
  "arm_angle_source": "dataset",
  "pitches": [
    {
      "code": "FF",
      "title": "four-seam fastball",
      "color": "#D22D49",
      "count": 83,
      "pitch_percent": 0.6287878787878788,
      "rhh_percent": 0.5857142857142857,
      "lhh_percent": 0.6774193548387096,
      "start_speed": 97.69879518072288,
      "max_start_speed": 99.7,
      "ivb": 16.361445783132524,
      "hb": 8.318072289156628,
      "release_pos_z": 6.091540652855057,
      "release_pos_x": 1.5626570696098947,
      "extension": 6.811240702631181,
      "active_spin_percent": null
    },
    {
      "code": "SL",
      "title": "slider",
      "color": "#EEE716",
      "count": 34,
      "pitch_percent": 0.25757575757575757,
      "rhh_percent": 0.35714285714285715,
      "lhh_percent": 0.14516129032258066,
      "start_speed": 85.7,
      "max_start_speed": 88.9,
      "ivb": 1.4264705882352942,
      "hb": -3.394117647058824,
      "release_pos_z": 6.090262840860728,
      "release_pos_x": 1.5239860449778508,
      "extension": 6.7180986632487745,
      "active_spin_percent": null
    },
    {
      "code": "FS",
      "title": "splitter",
      "color": "#3BACAC",
      "count": 13,
      "pitch_percent": 0.09848484848484848,
      "rhh_percent": 0.04285714285714286,
      "lhh_percent": 0.16129032258064516,
      "start_speed": 89.44615384615385,
      "max_start_speed": 91.8,
      "ivb": 10.153846153846153,
      "hb": 12.13076923076923,
      "release_pos_z": 6.077588496938433,
      "release_pos_x": 1.4868587393691963,
      "extension": 7.057161256535717,
      "active_spin_percent": null
    },
    {
      "code": "SI",
      "title": "sinker",
      "color": "#FE9E00",
      "count": 2,
      "pitch_percent": 0.015151515151515152,
      "rhh_percent": 0.014285714285714285,
      "lhh_percent": 0.016129032258064516,
      "start_speed": 97.2,
      "max_start_speed": 97.5,
      "ivb": 15.45,
      "hb": 12.35,
      "release_pos_z": 6.098950133101468,
      "release_pos_x": 1.3271590743326303,
      "extension": 6.722746093709032,
      "active_spin_percent": null
    }
  ]
}