{
  "pitcher_id": "673394",
  "pitcher_name": "Gabriel Yanez",
  "mlbam_id": "673394",
  "arm_angle_source": "dataset",
  "pitches": [
    {
      "code": "SL",
      "title": "slider",
      "color": "#EEE716",
      "count": 39,
      "pitch_percent": 0.4148936170212766,
      "rhh_percent": 0.4489795918367347,
      "lhh_percent": 0.37777777777777777,
      "start_speed": 80.74871794871797,
      "max_start_speed": 83.4,
      "ivb": 2.8666666666666663,
      "hb": -6.092307692307694,
      "release_pos_z": 6.176099925857217,
      "release_pos_x": 1.996185928993746,
      "extension": 6.482570411165061,
      "active_spin_percent": null
    },
    {
      "code": "FF",
      "title": "four-seam fastball",
      "color": "#D22D49",
      "count": 29,
      "pitch_percent": 0.30851063829787234,
      "rhh_percent": 0.32653061224489793,
      "lhh_percent": 0.28888888888888886,
      "start_speed": 89.00000000000001,
      "max_start_speed": 91.2,
      "ivb": 15.058620689655175,
      "hb": 8.558620689655172,
      "release_pos_z": 6.169492936143731,
      "release_pos_x": 1.6854446276702577,
      "extension": 6.554296530851591,
      "active_spin_percent": null
    },
    {
      "code": "CH",
      "title": "changeup",
      "color": "#1DBF3A",
      "count": 14,
      "pitch_percent": 0.14893617021276595,
      "rhh_percent": 0.1836734693877551,
      "lhh_percent": 0.1111111111111111,
      "start_speed": 82.14285714285714,
      "max_start_speed": 83.5,
      "ivb": -0.21428571428571425,
      "hb": 10,
      "release_pos_z": 5.998643791913234,
      "release_pos_x": 1.8086563859598768,
      "extension": 6.464207491909109,
      "active_spin_percent": null
    },
    {
      "code": "SI",
      "title": "sinker",
      "color": "#FE9E00",
      "count": 12,
      "pitch_percent": 0.1276595744680851,
      "rhh_percent": 0.04081632653061224,
      "lhh_percent": 0.2222222222222222,
      "start_speed": 88.89166666666667,
      "max_start_speed": 90.3,
      "ivb": 7.458333333333333,
      "hb": 16.225,
      "release_pos_z": 5.922813198686733,
      "release_pos_x": 1.9769615332478419,
      "extension": 6.501916414058656,
      "active_spin_percent": null
    }
  ]
}