{
  "pitcher_id": "674175",
  "pitcher_name": "Houston Roth",
  "mlbam_id": "674175",
  "arm_angle_source": "dataset",
  "pitches": [
    {
      "code": "FF",
      "title": "four-seam fastball",
      "color": "#D22D49",
      "count": 329,
      "pitch_percent": 0.48525073746312686,
      "rhh_percent": 0.4305177111716621,
      "lhh_percent": 0.5498392282958199,
      "start_speed": 92.26200607902737,
      "max_start_speed": 95.2,
      "ivb": 19.006382978723394,
      "hb": 2.4161094224924025,
      "release_pos_z": 6.102381185938964,
      "release_pos_x": 0.8738294380648576,
      "extension": 6.554435460673574,
      "active_spin_percent": null
    },
    {
      "code": "ST",
      "title": "sweeper",
      "color": "#DDB43A",
      "count": 160,
      "pitch_percent": 0.2359882005899705,
      "rhh_percent": 0.33787465940054495,
      "lhh_percent": 0.1157556270096463,
      "start_speed": 83.28000000000002,
      "max_start_speed": 86.8,
      "ivb": 4.345,
      "hb": -10.39062500000001,
      "release_pos_z": 6.045722341632979,
      "release_pos_x": 1.1656444674886153,
      "extension": 6.514979026934013,
      "active_spin_percent": null
    },
    {
      "code": "FC",
      "title": "cutter",
      "color": "#933F2C",
      "count": 132,
      "pitch_percent": 0.19469026548672566,
      "rhh_percent": 0.21525885558583105,
      "lhh_percent": 0.17041800643086816,
      "start_speed": 87.06893939393943,
      "max_start_speed": 91.5,
      "ivb": 10.596212121212124,
      "hb": -3.3196969696969703,
      "release_pos_z": 6.067457842427755,
      "release_pos_x": 1.039422770027886,
      "extension": 6.52515830572428,
      "active_spin_percent": null
    },
    {
      "code": "FS",
      "title": "splitter",
      "color": "#3BACAC",
      "count": 57,
      "pitch_percent": 0.084070796460177,
      "rhh_percent": 0.01634877384196185,
      "lhh_percent": 0.1639871382636656,
      "start_speed": 77.56491228070176,
      "max_start_speed": 80,
      "ivb": 5.342105263157895,
      "hb": 5.373684210526316,
      "release_pos_z": 6.057114225605689,
      "release_pos_x": 0.9464196800063546,
      "extension": 6.615661971521208,
      "active_spin_percent": null
    }
  ]
}