{
  "pitcher_id": "674265",
  "pitcher_name": "Kevin Abel",
  "mlbam_id": "674265",
  "arm_angle_source": "dataset",
  "pitches": [
    {
      "code": "FF",
      "title": "four-seam fastball",
      "color": "#D22D49",
      "count": 43,
      "pitch_percent": 0.4942528735632184,
      "rhh_percent": 0.44680851063829785,
      "lhh_percent": 0.55,
      "start_speed": 93.8,
      "max_start_speed": 95.4,
      "ivb": 15.602325581395348,
      "hb": 10.969767441860466,
      "release_pos_z": 5.7390391298816725,
      "release_pos_x": 1.60741304554699,
      "extension": 6.6556632858849145,
      "active_spin_percent": null
    },
    {
      "code": "CH",
      "title": "changeup",
      "color": "#1DBF3A",
      "count": 22,
      "pitch_percent": 0.25287356321839083,
      "rhh_percent": 0.2127659574468085,
      "lhh_percent": 0.3,
      "start_speed": 84.04545454545453,
      "max_start_speed": 85.8,
      "ivb": 6.090909090909093,
      "hb": 17.950000000000003,
      "release_pos_z": 5.603962467827981,
      "release_pos_x": 1.7636291637724988,
      "extension": 6.585695311290579,
      "active_spin_percent": null
    },
    {
      "code": "SL",
      "title": "slider",
      "color": "#EEE716",
      "count": 14,
      "pitch_percent": 0.16091954022988506,
      "rhh_percent": 0.2978723404255319,
      "lhh_percent": 0,
      "start_speed": 84.68571428571428,
      "max_start_speed": 86,
      "ivb": 0.19999999999999998,
      "hb": -2.55,
      "release_pos_z": 5.6773178841083185,
      "release_pos_x": 1.7358222576691673,
      "extension": 6.45478706282644,
      "active_spin_percent": null
    },
    {
      "code": "CU",
      "title": "curveball",
      "color": "#00D2ED",
      "count": 8,
      "pitch_percent": 0.09195402298850575,
      "rhh_percent": 0.0425531914893617,
      "lhh_percent": 0.15,
      "start_speed": 80.91250000000001,
      "max_start_speed": 82,
      "ivb": -12.8125,
      "hb": -6.55,
      "release_pos_z": 5.849686594955662,
      "release_pos_x": 1.6195751725895826,
      "extension": 6.329789676972652,
      "active_spin_percent": null
    }
  ]
}