{
  "pitcher_id": "674285",
  "pitcher_name": "Eduardo Salazar",
  "mlbam_id": "674285",
  "arm_angle_source": "dataset",
  "pitches": [
    {
      "code": "SL",
      "title": "slider",
      "color": "#EEE716",
      "count": 221,
      "pitch_percent": 0.37268128161888703,
      "rhh_percent": 0.43174603174603177,
      "lhh_percent": 0.3057553956834532,
      "start_speed": 86.87737556561085,
      "max_start_speed": 91.5,
      "ivb": 0.0009049773755655895,
      "hb": -6.6190045248868765,
      "release_pos_z": 5.600987305899455,
      "release_pos_x": 1.8784967687811687,
      "extension": 6.5207240953481405,
      "active_spin_percent": null
    },
    {
      "code": "SI",
      "title": "sinker",
      "color": "#FE9E00",
      "count": 207,
      "pitch_percent": 0.3490725126475548,
      "rhh_percent": 0.4253968253968254,
      "lhh_percent": 0.26258992805755393,
      "start_speed": 94.24637681159417,
      "max_start_speed": 97.1,
      "ivb": 4.927536231884059,
      "hb": 16.065217391304348,
      "release_pos_z": 5.481904431053217,
      "release_pos_x": 1.967585555274521,
      "extension": 6.558164552443183,
      "active_spin_percent": null
    },
    {
      "code": "FF",
      "title": "four-seam fastball",
      "color": "#D22D49",
      "count": 138,
      "pitch_percent": 0.2327150084317032,
      "rhh_percent": 0.1111111111111111,
      "lhh_percent": 0.37050359712230213,
      "start_speed": 95.15942028985503,
      "max_start_speed": 97.3,
      "ivb": 12.747826086956522,
      "hb": 10.524637681159417,
      "release_pos_z": 5.7162346331098215,
      "release_pos_x": 1.7474667341719923,
      "extension": 6.590627456502184,
      "active_spin_percent": null
    },
    {
      "code": "CH",
      "title": "changeup",
      "color": "#1DBF3A",
      "count": 27,
      "pitch_percent": 0.045531197301854974,
      "rhh_percent": 0.031746031746031744,
      "lhh_percent": 0.06115107913669065,
      "start_speed": 88.45925925925924,
      "max_start_speed": 91.5,
      "ivb": 7.518518518518518,
      "hb": 11.78888888888889,
      "release_pos_z": 5.836458706931167,
      "release_pos_x": 1.6690187192504022,
      "extension": 6.590896333565256,
      "active_spin_percent": null
    }
  ]
}