{
  "pitcher_id": "676265",
  "pitcher_name": "Cory Abbott",
  "mlbam_id": "676265",
  "arm_angle_source": "dataset",
  "pitches": [
    {
      "code": "FF",
      "title": "four-seam fastball",
      "color": "#D22D49",
      "count": 718,
      "pitch_percent": 0.5275532696546656,
      "rhh_percent": 0.5085865257595773,
      "lhh_percent": 0.5513245033112583,
      "start_speed": 91.53272980501387,
      "max_start_speed": 93.9,
      "ivb": 15.343871866295268,
      "hb": 8.565877437325904,
      "release_pos_z": 5.262832926269792,
      "release_pos_x": 2.4080107599753804,
      "extension": 6.4056479261316355,
      "active_spin_percent": null
    },
    {
      "code": "KC",
      "title": "knuckle curve",
      "color": "#6236CD",
      "count": 434,
      "pitch_percent": 0.3188831741366642,
      "rhh_percent": 0.31968295904887717,
      "lhh_percent": 0.31788079470198677,
      "start_speed": 84.06129032258063,
      "max_start_speed": 87.2,
      "ivb": -5.6112903225806425,
      "hb": -3.2718894009216584,
      "release_pos_z": 5.5168046481204405,
      "release_pos_x": 2.29301296757678,
      "extension": 6.231513386881867,
      "active_spin_percent": null
    },
    {
      "code": "ST",
      "title": "sweeper",
      "color": "#DDB43A",
      "count": 147,
      "pitch_percent": 0.1080088170462895,
      "rhh_percent": 0.14398943196829592,
      "lhh_percent": 0.06291390728476821,
      "start_speed": 84.02244897959187,
      "max_start_speed": 86.2,
      "ivb": -3.263265306122451,
      "hb": -12.808163265306122,
      "release_pos_z": 5.201367410895904,
      "release_pos_x": 2.5684286094796556,
      "extension": 6.303268627211041,
      "active_spin_percent": null
    },
    {
      "code": "SL",
      "title": "slider",
      "color": "#EEE716",
      "count": 61,
      "pitch_percent": 0.04481998530492285,
      "rhh_percent": 0.026420079260237782,
      "lhh_percent": 0.06788079470198675,
      "start_speed": 87.10000000000001,
      "max_start_speed": 89.1,
      "ivb": 5.839344262295083,
      "hb": 8.99672131147541,
      "release_pos_z": 5.65292118392672,
      "release_pos_x": 2.2126225239765436,
      "extension": 6.2445586064669945,
      "active_spin_percent": null
    }
  ]
}