{
  "pitcher_id": "676282",
  "pitcher_name": "Joey Cantillo",
  "mlbam_id": "676282",
  "arm_angle_source": "dataset",
  "pitches": [
    {
      "code": "FF",
      "title": "four-seam fastball",
      "color": "#D22D49",
      "count": 185,
      "pitch_percent": 0.509641873278237,
      "rhh_percent": 0.5215686274509804,
      "lhh_percent": 0.48148148148148145,
      "start_speed": 90.87297297297303,
      "max_start_speed": 95.6,
      "ivb": 16.736756756756748,
      "hb": 6.3524324324324315,
      "release_pos_z": 5.998356732970159,
      "release_pos_x": 0.5148624260792615,
      "extension": 7.243851772783148,
      "active_spin_percent": null
    },
    {
      "code": "CU",
      "title": "curveball",
      "color": "#00D2ED",
      "count": 77,
      "pitch_percent": 0.21212121212121213,
      "rhh_percent": 0.23529411764705882,
      "lhh_percent": 0.1574074074074074,
      "start_speed": 76.67662337662341,
      "max_start_speed": 79.8,
      "ivb": -17.412987012987017,
      "hb": -8.655844155844155,
      "release_pos_z": 6.14233948719186,
      "release_pos_x": 0.6269744737707323,
      "extension": 6.9007608698157865,
      "active_spin_percent": null
    },
    {
      "code": "CH",
      "title": "changeup",
      "color": "#1DBF3A",
      "count": 59,
      "pitch_percent": 0.162534435261708,
      "rhh_percent": 0.2,
      "lhh_percent": 0.07407407407407407,
      "start_speed": 77.36271186440678,
      "max_start_speed": 79,
      "ivb": 12.84915254237288,
      "hb": 9.977966101694916,
      "release_pos_z": 6.068171244099615,
      "release_pos_x": 0.4756814060659612,
      "extension": 7.195690951175217,
      "active_spin_percent": null
    },
    {
      "code": "SL",
      "title": "slider",
      "color": "#EEE716",
      "count": 42,
      "pitch_percent": 0.11570247933884298,
      "rhh_percent": 0.043137254901960784,
      "lhh_percent": 0.28703703703703703,
      "start_speed": 84.48095238095236,
      "max_start_speed": 87.7,
      "ivb": 5.328571428571427,
      "hb": -4.619047619047619,
      "release_pos_z": 5.934126571399189,
      "release_pos_x": 0.8164346954551243,
      "extension": 7.0996796494828,
      "active_spin_percent": null
    }
  ]
}