{
  "pitcher_id": "676508",
  "pitcher_name": "Ben Casparius",
  "mlbam_id": "676508",
  "arm_angle_source": "dataset",
  "pitches": [
    {
      "code": "ST",
      "title": "sweeper",
      "color": "#DDB43A",
      "count": 33,
      "pitch_percent": 0.4714285714285714,
      "rhh_percent": 0.6041666666666666,
      "lhh_percent": 0.18181818181818182,
      "start_speed": 86.67272727272727,
      "max_start_speed": 89.6,
      "ivb": -1.2333333333333332,
      "hb": -13.08787878787879,
      "release_pos_z": 6.274138476931603,
      "release_pos_x": 0.7442090388871903,
      "extension": 5.504427273894898,
      "active_spin_percent": null
    },
    {
      "code": "FF",
      "title": "four-seam fastball",
      "color": "#D22D49",
      "count": 25,
      "pitch_percent": 0.35714285714285715,
      "rhh_percent": 0.3541666666666667,
      "lhh_percent": 0.36363636363636365,
      "start_speed": 96.44000000000001,
      "max_start_speed": 98.8,
      "ivb": 17.776,
      "hb": 3.664,
      "release_pos_z": 6.430494770479337,
      "release_pos_x": 0.6131944359548416,
      "extension": 5.522578053663075,
      "active_spin_percent": null
    },
    {
      "code": "FC",
      "title": "cutter",
      "color": "#933F2C",
      "count": 8,
      "pitch_percent": 0.11428571428571428,
      "rhh_percent": 0.041666666666666664,
      "lhh_percent": 0.2727272727272727,
      "start_speed": 91.63750000000002,
      "max_start_speed": 94.8,
      "ivb": 8.725000000000001,
      "hb": -4.875,
      "release_pos_z": 6.344343854826661,
      "release_pos_x": 0.7518403377210168,
      "extension": 5.550912832025909,
      "active_spin_percent": null
    },
    {
      "code": "CU",
      "title": "curveball",
      "color": "#00D2ED",
      "count": 4,
      "pitch_percent": 0.05714285714285714,
      "rhh_percent": 0,
      "lhh_percent": 0.18181818181818182,
      "start_speed": 81.7,
      "max_start_speed": 83,
      "ivb": -13.3,
      "hb": -9.975000000000001,
      "release_pos_z": 6.408931849310629,
      "release_pos_x": 0.47759964309818903,
      "extension": 5.691421375030159,
      "active_spin_percent": null
    }
  ]
}