{
  "pitcher_id": "676697",
  "pitcher_name": "Brody Rodning",
  "mlbam_id": "676697",
  "arm_angle_source": "dataset",
  "pitches": [
    {
      "code": "SL",
      "title": "slider",
      "color": "#EEE716",
      "count": 24,
      "pitch_percent": 0.34285714285714286,
      "rhh_percent": 0.16666666666666666,
      "lhh_percent": 0.5294117647058824,
      "start_speed": 78.12916666666668,
      "max_start_speed": 80.6,
      "ivb": -6.091666666666666,
      "hb": -14.137499999999996,
      "release_pos_z": 5.62280385721733,
      "release_pos_x": 3.6698962229359324,
      "extension": 6.805004768915585,
      "active_spin_percent": null
    },
    {
      "code": "FC",
      "title": "cutter",
      "color": "#933F2C",
      "count": 20,
      "pitch_percent": 0.2857142857142857,
      "rhh_percent": 0.4722222222222222,
      "lhh_percent": 0.08823529411764706,
      "start_speed": 86.94999999999999,
      "max_start_speed": 92.1,
      "ivb": 6.045,
      "hb": -2.565,
      "release_pos_z": 5.671928498124914,
      "release_pos_x": 3.6057072348074244,
      "extension": 6.789815110323781,
      "active_spin_percent": null
    },
    {
      "code": "FF",
      "title": "four-seam fastball",
      "color": "#D22D49",
      "count": 18,
      "pitch_percent": 0.2571428571428571,
      "rhh_percent": 0.3333333333333333,
      "lhh_percent": 0.17647058823529413,
      "start_speed": 92.0611111111111,
      "max_start_speed": 93.9,
      "ivb": 13.866666666666667,
      "hb": 3.1222222222222222,
      "release_pos_z": 5.6500449945501865,
      "release_pos_x": 3.6761396291721633,
      "extension": 6.740165120283945,
      "active_spin_percent": null
    },
    {
      "code": "SI",
      "title": "sinker",
      "color": "#FE9E00",
      "count": 8,
      "pitch_percent": 0.11428571428571428,
      "rhh_percent": 0.027777777777777776,
      "lhh_percent": 0.20588235294117646,
      "start_speed": 90.225,
      "max_start_speed": 91.5,
      "ivb": 6.937500000000001,
      "hb": 10.325000000000001,
      "release_pos_z": 5.588767309665926,
      "release_pos_x": 3.756752871131047,
      "extension": 6.802049084970542,
      "active_spin_percent": null
    }
  ]
}