{
  "pitcher_id": "676666",
  "pitcher_name": "Matt Turner",
  "mlbam_id": "676666",
  "arm_angle_source": "dataset",
  "pitches": [
    {
      "code": "SL",
      "title": "slider",
      "color": "#EEE716",
      "count": 336,
      "pitch_percent": 0.4307692307692308,
      "rhh_percent": 0.3950617283950617,
      "lhh_percent": 0.4897959183673469,
      "start_speed": 83.43154761904759,
      "max_start_speed": 86.3,
      "ivb": 1.0181547619047624,
      "hb": -7.623214285714285,
      "release_pos_z": 5.372649128499625,
      "release_pos_x": 3.0381312711981816,
      "extension": 6.04538439003985,
      "active_spin_percent": null
    },
    {
      "code": "SI",
      "title": "sinker",
      "color": "#FE9E00",
      "count": 192,
      "pitch_percent": 0.24615384615384617,
      "rhh_percent": 0.257201646090535,
      "lhh_percent": 0.22789115646258504,
      "start_speed": 92.75989583333336,
      "max_start_speed": 95.6,
      "ivb": 7.027083333333334,
      "hb": 12.385937500000004,
      "release_pos_z": 5.552903887423978,
      "release_pos_x": 2.7900306565467274,
      "extension": 6.18659952532921,
      "active_spin_percent": null
    },
    {
      "code": "CH",
      "title": "changeup",
      "color": "#1DBF3A",
      "count": 131,
      "pitch_percent": 0.16794871794871793,
      "rhh_percent": 0.205761316872428,
      "lhh_percent": 0.1054421768707483,
      "start_speed": 91.3129770992366,
      "max_start_speed": 92.6,
      "ivb": 3.632061068702289,
      "hb": 13.065648854961832,
      "release_pos_z": 5.337986437932696,
      "release_pos_x": 2.8849828568800016,
      "extension": 6.20090061654263,
      "active_spin_percent": null
    },
    {
      "code": "FF",
      "title": "four-seam fastball",
      "color": "#D22D49",
      "count": 121,
      "pitch_percent": 0.15512820512820513,
      "rhh_percent": 0.1419753086419753,
      "lhh_percent": 0.17687074829931973,
      "start_speed": 92.3314049586777,
      "max_start_speed": 94.5,
      "ivb": 8.02727272727273,
      "hb": 6.454545454545452,
      "release_pos_z": 5.60961933754471,
      "release_pos_x": 2.7681732882454293,
      "extension": 6.148280035405617,
      "active_spin_percent": null
    }
  ]
}