{
  "pitcher_id": "676661",
  "pitcher_name": "Max Lazar",
  "mlbam_id": "676661",
  "arm_angle_source": "dataset",
  "pitches": [
    {
      "code": "FF",
      "title": "four-seam fastball",
      "color": "#D22D49",
      "count": 172,
      "pitch_percent": 0.49002849002849,
      "rhh_percent": 0.4311377245508982,
      "lhh_percent": 0.5434782608695652,
      "start_speed": 94.53372093023262,
      "max_start_speed": 97,
      "ivb": 17.562790697674416,
      "hb": 2.2354651162790704,
      "release_pos_z": 6.038828218168457,
      "release_pos_x": 0.6187106332286602,
      "extension": 6.801076430893577,
      "active_spin_percent": null
    },
    {
      "code": "KC",
      "title": "knuckle curve",
      "color": "#6236CD",
      "count": 93,
      "pitch_percent": 0.26495726495726496,
      "rhh_percent": 0.19760479041916168,
      "lhh_percent": 0.32608695652173914,
      "start_speed": 80.94301075268817,
      "max_start_speed": 84.3,
      "ivb": -15.772043010752693,
      "hb": -5.133333333333334,
      "release_pos_z": 5.973764644703695,
      "release_pos_x": 0.574242692308147,
      "extension": 6.824491989107536,
      "active_spin_percent": null
    },
    {
      "code": "FC",
      "title": "cutter",
      "color": "#933F2C",
      "count": 84,
      "pitch_percent": 0.23931623931623933,
      "rhh_percent": 0.3712574850299401,
      "lhh_percent": 0.11956521739130435,
      "start_speed": 88.14880952380953,
      "max_start_speed": 90.7,
      "ivb": 5.038095238095236,
      "hb": -4.576190476190478,
      "release_pos_z": 6.043346652557383,
      "release_pos_x": 0.7059826317858211,
      "extension": 6.79822540615917,
      "active_spin_percent": null
    },
    {
      "code": "FS",
      "title": "splitter",
      "color": "#3BACAC",
      "count": 2,
      "pitch_percent": 0.005698005698005698,
      "rhh_percent": 0,
      "lhh_percent": 0.010869565217391304,
      "start_speed": 86.94999999999999,
      "max_start_speed": 87.8,
      "ivb": 1.6,
      "hb": 8,
      "release_pos_z": 5.810723782634854,
      "release_pos_x": 0.6827804009029403,
      "extension": 6.760704514211712,
      "active_spin_percent": null
    }
  ]
}