{
  "pitcher_id": "676775",
  "pitcher_name": "Keaton Winn",
  "mlbam_id": "676775",
  "arm_angle_source": "dataset",
  "pitches": [
    {
      "code": "FS",
      "title": "splitter",
      "color": "#3BACAC",
      "count": 198,
      "pitch_percent": 0.46919431279620855,
      "rhh_percent": 0.388646288209607,
      "lhh_percent": 0.5647668393782384,
      "start_speed": 88.77878787878781,
      "max_start_speed": 91.2,
      "ivb": 1.1984848484848483,
      "hb": 12.151010101010094,
      "release_pos_z": 6.130899388019315,
      "release_pos_x": 1.5526636921712598,
      "extension": 6.176151045717494,
      "active_spin_percent": null
    },
    {
      "code": "FF",
      "title": "four-seam fastball",
      "color": "#D22D49",
      "count": 137,
      "pitch_percent": 0.3246445497630332,
      "rhh_percent": 0.24890829694323144,
      "lhh_percent": 0.41450777202072536,
      "start_speed": 95.57737226277371,
      "max_start_speed": 98.1,
      "ivb": 14.440145985401463,
      "hb": 9.191970802919705,
      "release_pos_z": 6.216059068041584,
      "release_pos_x": 1.523523667357713,
      "extension": 6.097027632287113,
      "active_spin_percent": null
    },
    {
      "code": "SL",
      "title": "slider",
      "color": "#EEE716",
      "count": 47,
      "pitch_percent": 0.11137440758293839,
      "rhh_percent": 0.20087336244541484,
      "lhh_percent": 0.0051813471502590676,
      "start_speed": 88.36170212765957,
      "max_start_speed": 90.9,
      "ivb": 1.585106382978723,
      "hb": -0.7085106382978723,
      "release_pos_z": 6.140082515292158,
      "release_pos_x": 1.5482361944360261,
      "extension": 6.056381831969213,
      "active_spin_percent": null
    },
    {
      "code": "SI",
      "title": "sinker",
      "color": "#FE9E00",
      "count": 40,
      "pitch_percent": 0.0947867298578199,
      "rhh_percent": 0.1615720524017467,
      "lhh_percent": 0.015544041450777202,
      "start_speed": 95.16249999999998,
      "max_start_speed": 97.4,
      "ivb": 6.787499999999999,
      "hb": 13.125,
      "release_pos_z": 6.215138703100285,
      "release_pos_x": 1.5208653521682103,
      "extension": 6.049786078360052,
      "active_spin_percent": null
    }
  ]
}