{
  "pitcher_id": "676760",
  "pitcher_name": "Ron Marinaccio",
  "mlbam_id": "676760",
  "arm_angle_source": "dataset",
  "pitches": [
    {
      "code": "FF",
      "title": "four-seam fastball",
      "color": "#D22D49",
      "count": 473,
      "pitch_percent": 0.561091340450771,
      "rhh_percent": 0.5406032482598608,
      "lhh_percent": 0.5825242718446602,
      "start_speed": 93.6894291754758,
      "max_start_speed": 96.5,
      "ivb": 12.826638477801263,
      "hb": 12.666596194503178,
      "release_pos_z": 5.178794127199517,
      "release_pos_x": 2.9618581584664074,
      "extension": 6.596240782300888,
      "active_spin_percent": null
    },
    {
      "code": "CH",
      "title": "changeup",
      "color": "#1DBF3A",
      "count": 254,
      "pitch_percent": 0.3013048635824436,
      "rhh_percent": 0.2505800464037123,
      "lhh_percent": 0.35436893203883496,
      "start_speed": 81.50511811023613,
      "max_start_speed": 85.1,
      "ivb": 0.04881889763779524,
      "hb": 14.99566929133858,
      "release_pos_z": 5.07147728179796,
      "release_pos_x": 2.9270886932123905,
      "extension": 6.8331236959161625,
      "active_spin_percent": null
    },
    {
      "code": "FC",
      "title": "cutter",
      "color": "#933F2C",
      "count": 71,
      "pitch_percent": 0.08422301304863583,
      "rhh_percent": 0.12993039443155452,
      "lhh_percent": 0.03640776699029126,
      "start_speed": 86.7957746478873,
      "max_start_speed": 90,
      "ivb": 4.656338028169013,
      "hb": -3.3352112676056334,
      "release_pos_z": 5.245791737855508,
      "release_pos_x": 2.950230461321379,
      "extension": 6.671237264072996,
      "active_spin_percent": null
    },
    {
      "code": "ST",
      "title": "sweeper",
      "color": "#DDB43A",
      "count": 45,
      "pitch_percent": 0.05338078291814947,
      "rhh_percent": 0.07888631090487239,
      "lhh_percent": 0.02669902912621359,
      "start_speed": 81.90888888888888,
      "max_start_speed": 85,
      "ivb": 3.4288888888888893,
      "hb": -9.691111111111107,
      "release_pos_z": 4.963419848609704,
      "release_pos_x": 3.075033708016928,
      "extension": 6.738656296402685,
      "active_spin_percent": null
    }
  ]
}