{
  "pitcher_id": "677020",
  "pitcher_name": "Josh Walker",
  "mlbam_id": "677020",
  "arm_angle_source": "dataset",
  "pitches": [
    {
      "code": "CU",
      "title": "curveball",
      "color": "#00D2ED",
      "count": 301,
      "pitch_percent": 0.4040268456375839,
      "rhh_percent": 0.33668341708542715,
      "lhh_percent": 0.4812680115273775,
      "start_speed": 82.79833887043193,
      "max_start_speed": 88.1,
      "ivb": 2.2355481727574746,
      "hb": -5.435548172757478,
      "release_pos_z": 6.100177005874069,
      "release_pos_x": 2.8468243599184024,
      "extension": 7.053831535362099,
      "active_spin_percent": null
    },
    {
      "code": "FF",
      "title": "four-seam fastball",
      "color": "#D22D49",
      "count": 276,
      "pitch_percent": 0.3704697986577181,
      "rhh_percent": 0.4723618090452261,
      "lhh_percent": 0.25360230547550433,
      "start_speed": 92.89565217391306,
      "max_start_speed": 96,
      "ivb": 15.501449275362308,
      "hb": 4.893840579710146,
      "release_pos_z": 6.304120420925767,
      "release_pos_x": 2.6506420829237305,
      "extension": 7.129110993290787,
      "active_spin_percent": null
    },
    {
      "code": "SI",
      "title": "sinker",
      "color": "#FE9E00",
      "count": 130,
      "pitch_percent": 0.174496644295302,
      "rhh_percent": 0.09547738693467336,
      "lhh_percent": 0.26512968299711814,
      "start_speed": 92.34461538461535,
      "max_start_speed": 94.9,
      "ivb": 9.462307692307688,
      "hb": 13.003846153846153,
      "release_pos_z": 6.210836084398362,
      "release_pos_x": 2.8068386681986466,
      "extension": 7.130100434437894,
      "active_spin_percent": null
    },
    {
      "code": "CH",
      "title": "changeup",
      "color": "#1DBF3A",
      "count": 37,
      "pitch_percent": 0.049664429530201344,
      "rhh_percent": 0.09296482412060302,
      "lhh_percent": 0,
      "start_speed": 85.52972972972971,
      "max_start_speed": 88.3,
      "ivb": 7.664864864864864,
      "hb": 12.154054054054058,
      "release_pos_z": 6.018807923823658,
      "release_pos_x": 2.8521957942776,
      "extension": 7.146431632906224,
      "active_spin_percent": null
    }
  ]
}