{
  "pitcher_id": "677955",
  "pitcher_name": "Jaden Hill",
  "mlbam_id": "677955",
  "arm_angle_source": "dataset",
  "pitches": [
    {
      "code": "SL",
      "title": "slider",
      "color": "#EEE716",
      "count": 88,
      "pitch_percent": 0.3320754716981132,
      "rhh_percent": 0.503030303030303,
      "lhh_percent": 0.05,
      "start_speed": 88.05681818181823,
      "max_start_speed": 91.4,
      "ivb": 1.0500000000000005,
      "hb": -4.346590909090909,
      "release_pos_z": 5.617078639884326,
      "release_pos_x": 1.4240115344985498,
      "extension": 6.013664158230107,
      "active_spin_percent": null
    },
    {
      "code": "SI",
      "title": "sinker",
      "color": "#FE9E00",
      "count": 80,
      "pitch_percent": 0.3018867924528302,
      "rhh_percent": 0.28484848484848485,
      "lhh_percent": 0.33,
      "start_speed": 97.14125,
      "max_start_speed": 99.6,
      "ivb": 7.188750000000003,
      "hb": 16.5075,
      "release_pos_z": 5.689226773206707,
      "release_pos_x": 1.3573953123098117,
      "extension": 5.979513956775392,
      "active_spin_percent": null
    },
    {
      "code": "CH",
      "title": "changeup",
      "color": "#1DBF3A",
      "count": 57,
      "pitch_percent": 0.21509433962264152,
      "rhh_percent": 0.08484848484848485,
      "lhh_percent": 0.43,
      "start_speed": 84.58421052631577,
      "max_start_speed": 87,
      "ivb": 2.3824561403508775,
      "hb": 15.007017543859648,
      "release_pos_z": 5.5174465286113525,
      "release_pos_x": 1.3062837600889858,
      "extension": 6.321076952524745,
      "active_spin_percent": null
    },
    {
      "code": "FF",
      "title": "four-seam fastball",
      "color": "#D22D49",
      "count": 40,
      "pitch_percent": 0.1509433962264151,
      "rhh_percent": 0.12727272727272726,
      "lhh_percent": 0.19,
      "start_speed": 97.1725,
      "max_start_speed": 99.7,
      "ivb": 12.202499999999999,
      "hb": 11.712500000000002,
      "release_pos_z": 5.666708219558796,
      "release_pos_x": 1.3405412706391848,
      "extension": 6.0245273338913625,
      "active_spin_percent": null
    }
  ]
}