{
  "pitcher_id": "678016",
  "pitcher_name": "Ian Bedell",
  "mlbam_id": "678016",
  "arm_angle_source": "dataset",
  "pitches": [
    {
      "code": "FF",
      "title": "four-seam fastball",
      "color": "#D22D49",
      "count": 418,
      "pitch_percent": 0.43048403707518024,
      "rhh_percent": 0.4697855750487329,
      "lhh_percent": 0.3864628820960699,
      "start_speed": 91.95287081339711,
      "max_start_speed": 95.1,
      "ivb": 15.956220095693789,
      "hb": 13.304066985645925,
      "release_pos_z": 5.840051892234407,
      "release_pos_x": 1.8207242342180006,
      "extension": 6.276625633912488,
      "active_spin_percent": null
    },
    {
      "code": "SL",
      "title": "slider",
      "color": "#EEE716",
      "count": 335,
      "pitch_percent": 0.345005149330587,
      "rhh_percent": 0.4405458089668616,
      "lhh_percent": 0.23799126637554585,
      "start_speed": 81.61104477611943,
      "max_start_speed": 85,
      "ivb": -0.3271641791044774,
      "hb": -4.517910447761195,
      "release_pos_z": 5.684394707826043,
      "release_pos_x": 2.048967712298862,
      "extension": 5.938244203357757,
      "active_spin_percent": null
    },
    {
      "code": "FC",
      "title": "cutter",
      "color": "#933F2C",
      "count": 113,
      "pitch_percent": 0.11637487126673532,
      "rhh_percent": 0.07602339181286549,
      "lhh_percent": 0.1615720524017467,
      "start_speed": 86.74247787610622,
      "max_start_speed": 90.9,
      "ivb": 8.431858407079645,
      "hb": 0.9433628318584071,
      "release_pos_z": 5.7032627908436115,
      "release_pos_x": 2.1098814814205813,
      "extension": 6.0894177637749305,
      "active_spin_percent": null
    },
    {
      "code": "CH",
      "title": "changeup",
      "color": "#1DBF3A",
      "count": 105,
      "pitch_percent": 0.10813594232749743,
      "rhh_percent": 0.01364522417153996,
      "lhh_percent": 0.21397379912663755,
      "start_speed": 85.1085714285714,
      "max_start_speed": 87.8,
      "ivb": 6.759047619047619,
      "hb": 15.487619047619043,
      "release_pos_z": 5.666786433076215,
      "release_pos_x": 2.016732450342183,
      "extension": 6.160170637937073,
      "active_spin_percent": null
    }
  ]
}