{
  "pitcher_id": "678013",
  "pitcher_name": "Lenny Torres Jr.",
  "mlbam_id": "678013",
  "arm_angle_source": "dataset",
  "pitches": [
    {
      "code": "FF",
      "title": "four-seam fastball",
      "color": "#D22D49",
      "count": 474,
      "pitch_percent": 0.5663082437275986,
      "rhh_percent": 0.5684210526315789,
      "lhh_percent": 0.56353591160221,
      "start_speed": 96.28924050632912,
      "max_start_speed": 98.7,
      "ivb": 15.207805907172999,
      "hb": 10.275105485232071,
      "release_pos_z": 5.820298767719974,
      "release_pos_x": 1.396736246946277,
      "extension": 5.878321554144653,
      "active_spin_percent": null
    },
    {
      "code": "SL",
      "title": "slider",
      "color": "#EEE716",
      "count": 143,
      "pitch_percent": 0.17084826762246116,
      "rhh_percent": 0.26105263157894737,
      "lhh_percent": 0.052486187845303865,
      "start_speed": 85.66013986013986,
      "max_start_speed": 89.1,
      "ivb": 1.0188811188811184,
      "hb": 0.1517482517482517,
      "release_pos_z": 5.602429082651521,
      "release_pos_x": 1.6373807054742613,
      "extension": 5.889232061591425,
      "active_spin_percent": null
    },
    {
      "code": "SI",
      "title": "sinker",
      "color": "#FE9E00",
      "count": 141,
      "pitch_percent": 0.16845878136200718,
      "rhh_percent": 0.15789473684210525,
      "lhh_percent": 0.18232044198895028,
      "start_speed": 95.74184397163121,
      "max_start_speed": 98.4,
      "ivb": 13.495744680851063,
      "hb": 13.49432624113475,
      "release_pos_z": 5.693362664365706,
      "release_pos_x": 1.5830850434488597,
      "extension": 5.917050544454468,
      "active_spin_percent": null
    },
    {
      "code": "CH",
      "title": "changeup",
      "color": "#1DBF3A",
      "count": 79,
      "pitch_percent": 0.09438470728793309,
      "rhh_percent": 0.01263157894736842,
      "lhh_percent": 0.20165745856353592,
      "start_speed": 87.50379746835443,
      "max_start_speed": 90.2,
      "ivb": 6.679746835443039,
      "hb": 14.226582278481017,
      "release_pos_z": 5.5519912478036275,
      "release_pos_x": 1.7486982090595542,
      "extension": 5.8993076157998905,
      "active_spin_percent": null
    }
  ]
}