{
  "pitcher_id": "678576",
  "pitcher_name": "Wilkin Ramos",
  "mlbam_id": "678576",
  "arm_angle_source": "dataset",
  "pitches": [
    {
      "code": "SI",
      "title": "sinker",
      "color": "#FE9E00",
      "count": 107,
      "pitch_percent": 0.4196078431372549,
      "rhh_percent": 0.49586776859504134,
      "lhh_percent": 0.35074626865671643,
      "start_speed": 94.92710280373832,
      "max_start_speed": 97.4,
      "ivb": 2.2074766355140185,
      "hb": 17.257943925233644,
      "release_pos_z": 5.417080071513641,
      "release_pos_x": 2.4881674087996513,
      "extension": 7.292627813391368,
      "active_spin_percent": null
    },
    {
      "code": "SL",
      "title": "slider",
      "color": "#EEE716",
      "count": 70,
      "pitch_percent": 0.27450980392156865,
      "rhh_percent": 0.256198347107438,
      "lhh_percent": 0.291044776119403,
      "start_speed": 78.58142857142859,
      "max_start_speed": 81.9,
      "ivb": -7.618571428571429,
      "hb": -9.708571428571423,
      "release_pos_z": 5.4201470810291505,
      "release_pos_x": 2.388565980452878,
      "extension": 7.411723813358266,
      "active_spin_percent": null
    },
    {
      "code": "CU",
      "title": "curveball",
      "color": "#00D2ED",
      "count": 42,
      "pitch_percent": 0.16470588235294117,
      "rhh_percent": 0.1487603305785124,
      "lhh_percent": 0.1791044776119403,
      "start_speed": 78.45476190476191,
      "max_start_speed": 81.9,
      "ivb": -8.488095238095237,
      "hb": -11.76666666666667,
      "release_pos_z": 5.492568973649536,
      "release_pos_x": 2.3241218816459677,
      "extension": 7.4955313177096805,
      "active_spin_percent": null
    },
    {
      "code": "FF",
      "title": "four-seam fastball",
      "color": "#D22D49",
      "count": 36,
      "pitch_percent": 0.1411764705882353,
      "rhh_percent": 0.09917355371900827,
      "lhh_percent": 0.1791044776119403,
      "start_speed": 95.47222222222223,
      "max_start_speed": 97.8,
      "ivb": 9.208333333333334,
      "hb": 15.483333333333333,
      "release_pos_z": 5.557494190198768,
      "release_pos_x": 2.3563663242051907,
      "extension": 7.318377752184743,
      "active_spin_percent": null
    }
  ]
}