{
  "pitcher_id": "679883",
  "pitcher_name": "Luinder Avila",
  "mlbam_id": "679883",
  "arm_angle_source": "dataset",
  "pitches": [
    {
      "code": "CU",
      "title": "curveball",
      "color": "#00D2ED",
      "count": 370,
      "pitch_percent": 0.39913700107874867,
      "rhh_percent": 0.4691119691119691,
      "lhh_percent": 0.3105134474327628,
      "start_speed": 81.94324324324327,
      "max_start_speed": 87.3,
      "ivb": -5.48513513513514,
      "hb": -10.125675675675677,
      "release_pos_z": 6.20931362874229,
      "release_pos_x": 2.4730459830623372,
      "extension": 6.576013729449228,
      "active_spin_percent": null
    },
    {
      "code": "FF",
      "title": "four-seam fastball",
      "color": "#D22D49",
      "count": 271,
      "pitch_percent": 0.2923408845738943,
      "rhh_percent": 0.1969111969111969,
      "lhh_percent": 0.4132029339853301,
      "start_speed": 94.94797047970481,
      "max_start_speed": 97.8,
      "ivb": 12.781549815498146,
      "hb": 0.7394833948339481,
      "release_pos_z": 6.255791972511673,
      "release_pos_x": 2.2659927861067817,
      "extension": 6.723377780791353,
      "active_spin_percent": null
    },
    {
      "code": "SI",
      "title": "sinker",
      "color": "#FE9E00",
      "count": 196,
      "pitch_percent": 0.21143473570658036,
      "rhh_percent": 0.3185328185328185,
      "lhh_percent": 0.07579462102689487,
      "start_speed": 95.1107142857143,
      "max_start_speed": 97.7,
      "ivb": 10.745918367346935,
      "hb": 12.60867346938776,
      "release_pos_z": 6.304043557177139,
      "release_pos_x": 2.1911399229857547,
      "extension": 6.709242753491144,
      "active_spin_percent": null
    },
    {
      "code": "CH",
      "title": "changeup",
      "color": "#1DBF3A",
      "count": 90,
      "pitch_percent": 0.0970873786407767,
      "rhh_percent": 0.015444015444015444,
      "lhh_percent": 0.20048899755501223,
      "start_speed": 88.20222222222222,
      "max_start_speed": 92.5,
      "ivb": 7.004444444444445,
      "hb": 13.434444444444443,
      "release_pos_z": 6.236065738918964,
      "release_pos_x": 2.5109031668582027,
      "extension": 6.633034212312462,
      "active_spin_percent": null
    }
  ]
}