{
  "pitcher_id": "679857",
  "pitcher_name": "Carlos Tavera",
  "mlbam_id": "679857",
  "arm_angle_source": "dataset",
  "pitches": [
    {
      "code": "FF",
      "title": "four-seam fastball",
      "color": "#D22D49",
      "count": 124,
      "pitch_percent": 0.4189189189189189,
      "rhh_percent": 0.41333333333333333,
      "lhh_percent": 0.4246575342465753,
      "start_speed": 94.32822580645158,
      "max_start_speed": 96.9,
      "ivb": 18.20403225806452,
      "hb": 6.99274193548387,
      "release_pos_z": 5.931895488205762,
      "release_pos_x": 0.9155686385691107,
      "extension": 5.9922120402816565,
      "active_spin_percent": null
    },
    {
      "code": "FC",
      "title": "cutter",
      "color": "#933F2C",
      "count": 104,
      "pitch_percent": 0.35135135135135137,
      "rhh_percent": 0.37333333333333335,
      "lhh_percent": 0.3287671232876712,
      "start_speed": 88.05096153846154,
      "max_start_speed": 91.4,
      "ivb": 10.90288461538461,
      "hb": -7.581730769230773,
      "release_pos_z": 5.958100901367558,
      "release_pos_x": 1.00868177736625,
      "extension": 5.881898888106779,
      "active_spin_percent": null
    },
    {
      "code": "CH",
      "title": "changeup",
      "color": "#1DBF3A",
      "count": 52,
      "pitch_percent": 0.17567567567567569,
      "rhh_percent": 0.12666666666666668,
      "lhh_percent": 0.22602739726027396,
      "start_speed": 86.19807692307693,
      "max_start_speed": 88.7,
      "ivb": 7.6846153846153875,
      "hb": 16.74038461538462,
      "release_pos_z": 5.743268229685266,
      "release_pos_x": 1.1198766353277694,
      "extension": 6.049205386763477,
      "active_spin_percent": null
    },
    {
      "code": "SL",
      "title": "slider",
      "color": "#EEE716",
      "count": 16,
      "pitch_percent": 0.05405405405405406,
      "rhh_percent": 0.08666666666666667,
      "lhh_percent": 0.02054794520547945,
      "start_speed": 85.8375,
      "max_start_speed": 87.6,
      "ivb": 5.75625,
      "hb": -10.956249999999999,
      "release_pos_z": 5.897667507408305,
      "release_pos_x": 1.0299536008575496,
      "extension": 5.917983404716315,
      "active_spin_percent": null
    }
  ]
}