{
  "pitcher_id": "680702",
  "pitcher_name": "Joey Gerber",
  "mlbam_id": "680702",
  "arm_angle_source": "dataset",
  "pitches": [
    {
      "code": "FF",
      "title": "four-seam fastball",
      "color": "#D22D49",
      "count": 462,
      "pitch_percent": 0.5938303341902313,
      "rhh_percent": 0.56,
      "lhh_percent": 0.6181015452538632,
      "start_speed": 94.0906926406927,
      "max_start_speed": 97.4,
      "ivb": 17.42965367965368,
      "hb": 6.7638528138528144,
      "release_pos_z": 5.509099786670706,
      "release_pos_x": 2.37838049796234,
      "extension": 6.366357827755598,
      "active_spin_percent": null
    },
    {
      "code": "SL",
      "title": "slider",
      "color": "#EEE716",
      "count": 251,
      "pitch_percent": 0.3226221079691517,
      "rhh_percent": 0.36615384615384616,
      "lhh_percent": 0.2913907284768212,
      "start_speed": 84.62589641434258,
      "max_start_speed": 88.6,
      "ivb": 3.8916334661354606,
      "hb": -6.6657370517928305,
      "release_pos_z": 5.435607430884255,
      "release_pos_x": 2.457070076482996,
      "extension": 6.3065444943994144,
      "active_spin_percent": null
    },
    {
      "code": "CH",
      "title": "changeup",
      "color": "#1DBF3A",
      "count": 37,
      "pitch_percent": 0.04755784061696658,
      "rhh_percent": 0,
      "lhh_percent": 0.08167770419426049,
      "start_speed": 87.9675675675676,
      "max_start_speed": 90.9,
      "ivb": 7.986486486486487,
      "hb": 15.605405405405401,
      "release_pos_z": 5.414049867751435,
      "release_pos_x": 2.416153918980071,
      "extension": 6.409068193694027,
      "active_spin_percent": null
    },
    {
      "code": "ST",
      "title": "sweeper",
      "color": "#DDB43A",
      "count": 28,
      "pitch_percent": 0.03598971722365039,
      "rhh_percent": 0.07384615384615385,
      "lhh_percent": 0.008830022075055188,
      "start_speed": 77.62857142857142,
      "max_start_speed": 79.7,
      "ivb": 3.6821428571428574,
      "hb": -15.142857142857142,
      "release_pos_z": 5.32698727567506,
      "release_pos_x": 2.538817824075093,
      "extension": 6.256138522724449,
      "active_spin_percent": null
    }
  ]
}