{
  "pitcher_id": "680704",
  "pitcher_name": "Nick Sandlin",
  "mlbam_id": "680704",
  "arm_angle_source": "dataset",
  "pitches": [
    {
      "code": "SL",
      "title": "slider",
      "color": "#EEE716",
      "count": 23,
      "pitch_percent": 0.46938775510204084,
      "rhh_percent": 0.625,
      "lhh_percent": 0.3939393939393939,
      "start_speed": 78.34347826086957,
      "max_start_speed": 79.7,
      "ivb": 8.895652173913044,
      "hb": -15.96521739130435,
      "release_pos_z": 4.185265600674859,
      "release_pos_x": 2.5633488399792994,
      "extension": 6.691202119525459,
      "active_spin_percent": null
    },
    {
      "code": "FS",
      "title": "splitter",
      "color": "#3BACAC",
      "count": 11,
      "pitch_percent": 0.22448979591836735,
      "rhh_percent": 0.0625,
      "lhh_percent": 0.30303030303030304,
      "start_speed": 83.36363636363636,
      "max_start_speed": 85.3,
      "ivb": -1.290909090909091,
      "hb": 11.127272727272727,
      "release_pos_z": 4.531431743638991,
      "release_pos_x": 2.44454217490628,
      "extension": 6.507884716885401,
      "active_spin_percent": null
    },
    {
      "code": "FF",
      "title": "four-seam fastball",
      "color": "#D22D49",
      "count": 10,
      "pitch_percent": 0.20408163265306123,
      "rhh_percent": 0.125,
      "lhh_percent": 0.24242424242424243,
      "start_speed": 91.23,
      "max_start_speed": 92.1,
      "ivb": 9.8,
      "hb": 14.970000000000002,
      "release_pos_z": 4.613617550821297,
      "release_pos_x": 2.442087771809434,
      "extension": 6.677840564951905,
      "active_spin_percent": null
    },
    {
      "code": "SI",
      "title": "sinker",
      "color": "#FE9E00",
      "count": 5,
      "pitch_percent": 0.10204081632653061,
      "rhh_percent": 0.1875,
      "lhh_percent": 0.06060606060606061,
      "start_speed": 91.52000000000001,
      "max_start_speed": 92.3,
      "ivb": 3.28,
      "hb": 18.22,
      "release_pos_z": 4.614714825585995,
      "release_pos_x": 2.433584701127539,
      "extension": 6.574846312020694,
      "active_spin_percent": null
    }
  ]
}