{
  "pitcher_id": "681168",
  "pitcher_name": "Luis Curvelo",
  "mlbam_id": "681168",
  "arm_angle_source": "dataset",
  "pitches": [
    {
      "code": "SL",
      "title": "slider",
      "color": "#EEE716",
      "count": 379,
      "pitch_percent": 0.5156462585034014,
      "rhh_percent": 0.5644329896907216,
      "lhh_percent": 0.4610951008645533,
      "start_speed": 84.23720316622699,
      "max_start_speed": 88.2,
      "ivb": 1.844591029023748,
      "hb": -3.449076517150393,
      "release_pos_z": 5.863604974152533,
      "release_pos_x": 3.350724433275164,
      "extension": 6.600326199795506,
      "active_spin_percent": null
    },
    {
      "code": "FF",
      "title": "four-seam fastball",
      "color": "#D22D49",
      "count": 178,
      "pitch_percent": 0.24217687074829933,
      "rhh_percent": 0.11855670103092783,
      "lhh_percent": 0.3804034582132565,
      "start_speed": 95.85561797752808,
      "max_start_speed": 98,
      "ivb": 13.778651685393267,
      "hb": 10.19269662921348,
      "release_pos_z": 5.756277795747171,
      "release_pos_x": 3.295383272535566,
      "extension": 6.492749098404853,
      "active_spin_percent": null
    },
    {
      "code": "SI",
      "title": "sinker",
      "color": "#FE9E00",
      "count": 143,
      "pitch_percent": 0.1945578231292517,
      "rhh_percent": 0.2963917525773196,
      "lhh_percent": 0.08069164265129683,
      "start_speed": 95.48811188811189,
      "max_start_speed": 97.8,
      "ivb": 9.674825174825179,
      "hb": 15.4909090909091,
      "release_pos_z": 5.612049554963612,
      "release_pos_x": 3.474296548582483,
      "extension": 6.478364553553413,
      "active_spin_percent": null
    },
    {
      "code": "CH",
      "title": "changeup",
      "color": "#1DBF3A",
      "count": 35,
      "pitch_percent": 0.047619047619047616,
      "rhh_percent": 0.020618556701030927,
      "lhh_percent": 0.07780979827089338,
      "start_speed": 89.46000000000001,
      "max_start_speed": 92.1,
      "ivb": 7.582857142857142,
      "hb": 12.811428571428573,
      "release_pos_z": 5.850850087018084,
      "release_pos_x": 3.3223023085324233,
      "extension": 6.583790137654506,
      "active_spin_percent": null
    }
  ]
}