{
  "pitcher_id": "681520",
  "pitcher_name": "Antoine Kelly",
  "mlbam_id": "681520",
  "arm_angle_source": "dataset",
  "pitches": [
    {
      "code": "FF",
      "title": "four-seam fastball",
      "color": "#D22D49",
      "count": 457,
      "pitch_percent": 0.5942782834850455,
      "rhh_percent": 0.5899280575539568,
      "lhh_percent": 0.6056338028169014,
      "start_speed": 96.60175054704595,
      "max_start_speed": 99.5,
      "ivb": 9.57133479212254,
      "hb": 5.908752735229763,
      "release_pos_z": 5.562441994194341,
      "release_pos_x": 1.8657502994331785,
      "extension": 6.595397122393678,
      "active_spin_percent": null
    },
    {
      "code": "SL",
      "title": "slider",
      "color": "#EEE716",
      "count": 234,
      "pitch_percent": 0.30429128738621586,
      "rhh_percent": 0.2805755395683453,
      "lhh_percent": 0.36619718309859156,
      "start_speed": 84.30128205128209,
      "max_start_speed": 87.9,
      "ivb": 4.446581196581197,
      "hb": -11.06709401709402,
      "release_pos_z": 5.416050171603448,
      "release_pos_x": 2.08801972488467,
      "extension": 6.587074360398977,
      "active_spin_percent": null
    },
    {
      "code": "SI",
      "title": "sinker",
      "color": "#FE9E00",
      "count": 77,
      "pitch_percent": 0.10013003901170352,
      "rhh_percent": 0.12769784172661872,
      "lhh_percent": 0.028169014084507043,
      "start_speed": 94.19090909090913,
      "max_start_speed": 98,
      "ivb": 7.177922077922077,
      "hb": 12.153246753246755,
      "release_pos_z": 5.575545982216841,
      "release_pos_x": 1.8894942250544957,
      "extension": 6.624533419882464,
      "active_spin_percent": null
    },
    {
      "code": "FC",
      "title": "cutter",
      "color": "#933F2C",
      "count": 1,
      "pitch_percent": 0.0013003901170351106,
      "rhh_percent": 0.0017985611510791368,
      "lhh_percent": 0,
      "start_speed": 91.6,
      "max_start_speed": 91.6,
      "ivb": 10.7,
      "hb": 5.4,
      "release_pos_z": 5.769012197651359,
      "release_pos_x": 1.8558765110068642,
      "extension": 6.418626261016663,
      "active_spin_percent": null
    }
  ]
}