{
  "pitcher_id": "681739",
  "pitcher_name": "Joshua Cornielly",
  "mlbam_id": "681739",
  "arm_angle_source": "dataset",
  "pitches": [
    {
      "code": "FF",
      "title": "four-seam fastball",
      "color": "#D22D49",
      "count": 12,
      "pitch_percent": 0.36363636363636365,
      "rhh_percent": 0.42857142857142855,
      "lhh_percent": 0.3157894736842105,
      "start_speed": 93.97499999999998,
      "max_start_speed": 94.9,
      "ivb": 16.691666666666666,
      "hb": 3.4416666666666664,
      "release_pos_z": 6.006769941932674,
      "release_pos_x": 0.7453594300871297,
      "extension": 7.243605764253615,
      "active_spin_percent": null
    },
    {
      "code": "FS",
      "title": "splitter",
      "color": "#3BACAC",
      "count": 8,
      "pitch_percent": 0.24242424242424243,
      "rhh_percent": 0.21428571428571427,
      "lhh_percent": 0.2631578947368421,
      "start_speed": 82.375,
      "max_start_speed": 83.6,
      "ivb": 4.4125,
      "hb": 0.26249999999999996,
      "release_pos_z": 6.006209679656831,
      "release_pos_x": 0.8956052917401668,
      "extension": 6.969541702213469,
      "active_spin_percent": null
    },
    {
      "code": "FC",
      "title": "cutter",
      "color": "#933F2C",
      "count": 8,
      "pitch_percent": 0.24242424242424243,
      "rhh_percent": 0.2857142857142857,
      "lhh_percent": 0.21052631578947367,
      "start_speed": 86.5875,
      "max_start_speed": 87.9,
      "ivb": 4.625,
      "hb": -4.2875,
      "release_pos_z": 5.9514676915895155,
      "release_pos_x": 1.11819267637898,
      "extension": 7.046063188974013,
      "active_spin_percent": null
    },
    {
      "code": "SL",
      "title": "slider",
      "color": "#EEE716",
      "count": 5,
      "pitch_percent": 0.15151515151515152,
      "rhh_percent": 0.07142857142857142,
      "lhh_percent": 0.21052631578947367,
      "start_speed": 84.92,
      "max_start_speed": 85.7,
      "ivb": 2.82,
      "hb": -6.4,
      "release_pos_z": 5.915105156134013,
      "release_pos_x": 1.1912720862696333,
      "extension": 7.03445788385158,
      "active_spin_percent": null
    }
  ]
}