{
  "pitcher_id": "682120",
  "pitcher_name": "Tim Herrin",
  "mlbam_id": "682120",
  "arm_angle_source": "dataset",
  "pitches": [
    {
      "code": "CU",
      "title": "curveball",
      "color": "#00D2ED",
      "count": 60,
      "pitch_percent": 0.44776119402985076,
      "rhh_percent": 0.5909090909090909,
      "lhh_percent": 0.3088235294117647,
      "start_speed": 81.17833333333334,
      "max_start_speed": 84.1,
      "ivb": -3.190000000000001,
      "hb": -10.180000000000001,
      "release_pos_z": 6.161623527452349,
      "release_pos_x": 2.2113114947449626,
      "extension": 6.060619314108297,
      "active_spin_percent": null
    },
    {
      "code": "SI",
      "title": "sinker",
      "color": "#FE9E00",
      "count": 28,
      "pitch_percent": 0.208955223880597,
      "rhh_percent": 0.10606060606060606,
      "lhh_percent": 0.3088235294117647,
      "start_speed": 94.26785714285714,
      "max_start_speed": 96.3,
      "ivb": 4.3928571428571415,
      "hb": 13.489285714285714,
      "release_pos_z": 5.81299300764609,
      "release_pos_x": 1.9043757510176706,
      "extension": 6.2726797025586745,
      "active_spin_percent": null
    },
    {
      "code": "FF",
      "title": "four-seam fastball",
      "color": "#D22D49",
      "count": 25,
      "pitch_percent": 0.1865671641791045,
      "rhh_percent": 0.25757575757575757,
      "lhh_percent": 0.11764705882352941,
      "start_speed": 95.67999999999998,
      "max_start_speed": 97.9,
      "ivb": 11.948,
      "hb": 7.223999999999998,
      "release_pos_z": 5.8672406685732685,
      "release_pos_x": 1.7498110904418684,
      "extension": 6.27512713247464,
      "active_spin_percent": null
    },
    {
      "code": "SL",
      "title": "slider",
      "color": "#EEE716",
      "count": 21,
      "pitch_percent": 0.15671641791044777,
      "rhh_percent": 0.045454545454545456,
      "lhh_percent": 0.2647058823529412,
      "start_speed": 87.13333333333335,
      "max_start_speed": 89.6,
      "ivb": 1.9761904761904763,
      "hb": -0.5380952380952382,
      "release_pos_z": 5.930321623938841,
      "release_pos_x": 2.1813923836720184,
      "extension": 6.18077967982044,
      "active_spin_percent": null
    }
  ]
}