{
  "pitcher_id": "682175",
  "pitcher_name": "Joe Jacques",
  "mlbam_id": "682175",
  "arm_angle_source": "dataset",
  "pitches": [
    {
      "code": "SI",
      "title": "sinker",
      "color": "#FE9E00",
      "count": 541,
      "pitch_percent": 0.5951595159515951,
      "rhh_percent": 0.5992578849721707,
      "lhh_percent": 0.5891891891891892,
      "start_speed": 91.7171903881701,
      "max_start_speed": 94,
      "ivb": -3.0582255083179266,
      "hb": 14.636968576709798,
      "release_pos_z": 4.274191936245951,
      "release_pos_x": 3.141946200236599,
      "extension": 6.132766315190295,
      "active_spin_percent": null
    },
    {
      "code": "ST",
      "title": "sweeper",
      "color": "#DDB43A",
      "count": 232,
      "pitch_percent": 0.2552255225522552,
      "rhh_percent": 0.16883116883116883,
      "lhh_percent": 0.3810810810810811,
      "start_speed": 81.32629310344828,
      "max_start_speed": 84.1,
      "ivb": -0.08103448275862074,
      "hb": -15.513793103448277,
      "release_pos_z": 4.02559071155693,
      "release_pos_x": 3.2666595183323235,
      "extension": 6.077652695231744,
      "active_spin_percent": null
    },
    {
      "code": "SL",
      "title": "slider",
      "color": "#EEE716",
      "count": 129,
      "pitch_percent": 0.1419141914191419,
      "rhh_percent": 0.22263450834879406,
      "lhh_percent": 0.024324324324324326,
      "start_speed": 85.093023255814,
      "max_start_speed": 88,
      "ivb": 3.0046511627906987,
      "hb": -0.6914728682170541,
      "release_pos_z": 4.1677088366042305,
      "release_pos_x": 3.264289384380579,
      "extension": 6.1857931686559375,
      "active_spin_percent": null
    },
    {
      "code": "FF",
      "title": "four-seam fastball",
      "color": "#D22D49",
      "count": 7,
      "pitch_percent": 0.007700770077007701,
      "rhh_percent": 0.00927643784786642,
      "lhh_percent": 0.005405405405405406,
      "start_speed": 92.3142857142857,
      "max_start_speed": 93.2,
      "ivb": 7.528571428571428,
      "hb": 16.928571428571427,
      "release_pos_z": 4.348569551998805,
      "release_pos_x": 3.4278018664992387,
      "extension": 6.234318251361158,
      "active_spin_percent": null
    }
  ]
}