{
  "pitcher_id": "682982",
  "pitcher_name": "Daniel Espino",
  "mlbam_id": "682982",
  "arm_angle_source": "dataset",
  "pitches": [
    {
      "code": "FF",
      "title": "four-seam fastball",
      "color": "#D22D49",
      "count": 13,
      "pitch_percent": 0.6190476190476191,
      "rhh_percent": 0.5714285714285714,
      "lhh_percent": 0.7142857142857143,
      "start_speed": 97.55384615384615,
      "max_start_speed": 98.9,
      "ivb": 16.415384615384617,
      "hb": 6.907692307692307,
      "release_pos_z": 5.9550675209760175,
      "release_pos_x": 1.651191919393997,
      "extension": 6.807952488271104,
      "active_spin_percent": null
    },
    {
      "code": "SL",
      "title": "slider",
      "color": "#EEE716",
      "count": 6,
      "pitch_percent": 0.2857142857142857,
      "rhh_percent": 0.35714285714285715,
      "lhh_percent": 0.14285714285714285,
      "start_speed": 86.94999999999999,
      "max_start_speed": 88.1,
      "ivb": 0.033333333333333305,
      "hb": -5.016666666666667,
      "release_pos_z": 5.867332692497044,
      "release_pos_x": 1.6896099175947867,
      "extension": 6.622143281567829,
      "active_spin_percent": null
    },
    {
      "code": "CU",
      "title": "curveball",
      "color": "#00D2ED",
      "count": 1,
      "pitch_percent": 0.047619047619047616,
      "rhh_percent": 0.07142857142857142,
      "lhh_percent": 0,
      "start_speed": 75.7,
      "max_start_speed": 75.7,
      "ivb": -13.8,
      "hb": -10.3,
      "release_pos_z": 6.1036706850513305,
      "release_pos_x": 1.3657524545350086,
      "extension": 6.563968539978322,
      "active_spin_percent": null
    },
    {
      "code": "CH",
      "title": "changeup",
      "color": "#1DBF3A",
      "count": 1,
      "pitch_percent": 0.047619047619047616,
      "rhh_percent": 0,
      "lhh_percent": 0.14285714285714285,
      "start_speed": 88.7,
      "max_start_speed": 88.7,
      "ivb": 11.2,
      "hb": 14,
      "release_pos_z": 5.822313496306409,
      "release_pos_x": 1.6835230270970476,
      "extension": 6.877453070831999,
      "active_spin_percent": null
    }
  ]
}