{
  "pitcher_id": "683264",
  "pitcher_name": "Adam Maier",
  "mlbam_id": "683264",
  "arm_angle_source": "dataset",
  "pitches": [
    {
      "code": "CH",
      "title": "changeup",
      "color": "#1DBF3A",
      "count": 53,
      "pitch_percent": 0.7066666666666667,
      "rhh_percent": 0.6470588235294118,
      "lhh_percent": 0.7560975609756098,
      "start_speed": 88.31509433962263,
      "max_start_speed": 92.2,
      "ivb": 2.356603773584905,
      "hb": 11.969811320754719,
      "release_pos_z": 5.148203124348935,
      "release_pos_x": 2.5847311067988175,
      "extension": 5.954313048236486,
      "active_spin_percent": null
    },
    {
      "code": "SL",
      "title": "slider",
      "color": "#EEE716",
      "count": 11,
      "pitch_percent": 0.14666666666666667,
      "rhh_percent": 0.20588235294117646,
      "lhh_percent": 0.0975609756097561,
      "start_speed": 81.42727272727272,
      "max_start_speed": 82.9,
      "ivb": -0.06363636363636366,
      "hb": -12.045454545454545,
      "release_pos_z": 5.018434504753977,
      "release_pos_x": 2.6732028729341604,
      "extension": 5.948321503173729,
      "active_spin_percent": null
    },
    {
      "code": "CU",
      "title": "curveball",
      "color": "#00D2ED",
      "count": 8,
      "pitch_percent": 0.10666666666666667,
      "rhh_percent": 0.14705882352941177,
      "lhh_percent": 0.07317073170731707,
      "start_speed": 80.8375,
      "max_start_speed": 81.7,
      "ivb": -1.5125,
      "hb": -12.399999999999999,
      "release_pos_z": 5.017893978962386,
      "release_pos_x": 2.638954060378339,
      "extension": 5.8893175426128295,
      "active_spin_percent": null
    },
    {
      "code": "FC",
      "title": "cutter",
      "color": "#933F2C",
      "count": 3,
      "pitch_percent": 0.04,
      "rhh_percent": 0,
      "lhh_percent": 0.07317073170731707,
      "start_speed": 88.23333333333335,
      "max_start_speed": 88.6,
      "ivb": 5.366666666666666,
      "hb": 4.333333333333333,
      "release_pos_z": 5.160760989893408,
      "release_pos_x": 2.6782568257855512,
      "extension": 5.902284802382382,
      "active_spin_percent": null
    }
  ]
}