{
  "pitcher_id": "683742",
  "pitcher_name": "Jose Franco",
  "mlbam_id": "683742",
  "arm_angle_source": "dataset",
  "pitches": [
    {
      "code": "FF",
      "title": "four-seam fastball",
      "color": "#D22D49",
      "count": 458,
      "pitch_percent": 0.4989106753812636,
      "rhh_percent": 0.4801762114537445,
      "lhh_percent": 0.5172413793103449,
      "start_speed": 95.3299126637554,
      "max_start_speed": 98,
      "ivb": 15.076200873362444,
      "hb": 10.19323144104803,
      "release_pos_z": 5.929983765512993,
      "release_pos_x": 0.922866296217458,
      "extension": 6.371014251256894,
      "active_spin_percent": null
    },
    {
      "code": "CU",
      "title": "curveball",
      "color": "#00D2ED",
      "count": 349,
      "pitch_percent": 0.3801742919389978,
      "rhh_percent": 0.4911894273127753,
      "lhh_percent": 0.27155172413793105,
      "start_speed": 84.43954154727791,
      "max_start_speed": 87.6,
      "ivb": 0.40429799426934104,
      "hb": -3.45702005730659,
      "release_pos_z": 5.97474541983233,
      "release_pos_x": 1.1168901831927323,
      "extension": 6.235572699643701,
      "active_spin_percent": null
    },
    {
      "code": "CH",
      "title": "changeup",
      "color": "#1DBF3A",
      "count": 88,
      "pitch_percent": 0.09586056644880174,
      "rhh_percent": 0.013215859030837005,
      "lhh_percent": 0.17672413793103448,
      "start_speed": 88.67045454545456,
      "max_start_speed": 91.8,
      "ivb": 6.431818181818181,
      "hb": 12.66590909090909,
      "release_pos_z": 5.7842064950578695,
      "release_pos_x": 1.146653596577546,
      "extension": 6.344872960380825,
      "active_spin_percent": null
    },
    {
      "code": "SI",
      "title": "sinker",
      "color": "#FE9E00",
      "count": 23,
      "pitch_percent": 0.02505446623093682,
      "rhh_percent": 0.015418502202643172,
      "lhh_percent": 0.034482758620689655,
      "start_speed": 94.6086956521739,
      "max_start_speed": 97.6,
      "ivb": 14.665217391304346,
      "hb": 15.38695652173913,
      "release_pos_z": 5.859346965700408,
      "release_pos_x": 0.9871701770001493,
      "extension": 6.361064911926601,
      "active_spin_percent": null
    }
  ]
}