{
  "pitcher_id": "684483",
  "pitcher_name": "Daniel Juarez",
  "mlbam_id": "684483",
  "arm_angle_source": "dataset",
  "pitches": [
    {
      "code": "SL",
      "title": "slider",
      "color": "#EEE716",
      "count": 27,
      "pitch_percent": 0.38028169014084506,
      "rhh_percent": 0.24444444444444444,
      "lhh_percent": 0.6153846153846154,
      "start_speed": 82.78148148148148,
      "max_start_speed": 87.1,
      "ivb": 4.496296296296297,
      "hb": -5.011111111111109,
      "release_pos_z": 5.879008701107955,
      "release_pos_x": 0.960883793227519,
      "extension": 6.5306967312505515,
      "active_spin_percent": null
    },
    {
      "code": "FF",
      "title": "four-seam fastball",
      "color": "#D22D49",
      "count": 22,
      "pitch_percent": 0.30985915492957744,
      "rhh_percent": 0.3333333333333333,
      "lhh_percent": 0.2692307692307692,
      "start_speed": 92.73181818181818,
      "max_start_speed": 94.4,
      "ivb": 17.15,
      "hb": 8.299999999999999,
      "release_pos_z": 6.227762912272599,
      "release_pos_x": 0.4810966399246995,
      "extension": 6.3313900926843445,
      "active_spin_percent": null
    },
    {
      "code": "SI",
      "title": "sinker",
      "color": "#FE9E00",
      "count": 15,
      "pitch_percent": 0.2112676056338028,
      "rhh_percent": 0.26666666666666666,
      "lhh_percent": 0.11538461538461539,
      "start_speed": 92.89333333333335,
      "max_start_speed": 95.2,
      "ivb": 15.8,
      "hb": 11.280000000000001,
      "release_pos_z": 6.201343187662283,
      "release_pos_x": 0.565891505127667,
      "extension": 6.3657296995484645,
      "active_spin_percent": null
    },
    {
      "code": "CH",
      "title": "changeup",
      "color": "#1DBF3A",
      "count": 7,
      "pitch_percent": 0.09859154929577464,
      "rhh_percent": 0.15555555555555556,
      "lhh_percent": 0,
      "start_speed": 82.52857142857142,
      "max_start_speed": 84.9,
      "ivb": 6.871428571428572,
      "hb": 15.414285714285713,
      "release_pos_z": 5.833871827479302,
      "release_pos_x": 0.9908628938005689,
      "extension": 6.591489362793572,
      "active_spin_percent": null
    }
  ]
}