{
  "pitcher_id": "684946",
  "pitcher_name": "Nick Fraze",
  "mlbam_id": "684946",
  "arm_angle_source": "dataset",
  "pitches": [
    {
      "code": "SI",
      "title": "sinker",
      "color": "#FE9E00",
      "count": 153,
      "pitch_percent": 0.3759213759213759,
      "rhh_percent": 0.4279475982532751,
      "lhh_percent": 0.3089887640449438,
      "start_speed": 90.05490196078432,
      "max_start_speed": 92.3,
      "ivb": 1.3758169934640518,
      "hb": 16.194771241830068,
      "release_pos_z": 5.24610024090121,
      "release_pos_x": 1.6530892440999052,
      "extension": 6.398789475354911,
      "active_spin_percent": null
    },
    {
      "code": "SL",
      "title": "slider",
      "color": "#EEE716",
      "count": 144,
      "pitch_percent": 0.3538083538083538,
      "rhh_percent": 0.388646288209607,
      "lhh_percent": 0.3089887640449438,
      "start_speed": 80.53958333333337,
      "max_start_speed": 83.4,
      "ivb": 1.3111111111111113,
      "hb": -11.094444444444454,
      "release_pos_z": 4.994894408266674,
      "release_pos_x": 1.9329394328349478,
      "extension": 6.318189984726391,
      "active_spin_percent": null
    },
    {
      "code": "FF",
      "title": "four-seam fastball",
      "color": "#D22D49",
      "count": 69,
      "pitch_percent": 0.16953316953316952,
      "rhh_percent": 0.13537117903930132,
      "lhh_percent": 0.21348314606741572,
      "start_speed": 89.03768115942029,
      "max_start_speed": 91.6,
      "ivb": 4.742028985507249,
      "hb": 8.846376811594203,
      "release_pos_z": 5.242999925859148,
      "release_pos_x": 1.6781707666427454,
      "extension": 6.476601902233044,
      "active_spin_percent": null
    },
    {
      "code": "CH",
      "title": "changeup",
      "color": "#1DBF3A",
      "count": 41,
      "pitch_percent": 0.10073710073710074,
      "rhh_percent": 0.048034934497816595,
      "lhh_percent": 0.16853932584269662,
      "start_speed": 83.0512195121951,
      "max_start_speed": 87.5,
      "ivb": 0.29999999999999993,
      "hb": 18.009756097560974,
      "release_pos_z": 5.1151558686497385,
      "release_pos_x": 1.6917289892280067,
      "extension": 6.200924910581648,
      "active_spin_percent": null
    }
  ]
}