{
  "pitcher_id": "684974",
  "pitcher_name": "Craig Yoho",
  "mlbam_id": "684974",
  "arm_angle_source": "dataset",
  "pitches": [
    {
      "code": "CH",
      "title": "changeup",
      "color": "#1DBF3A",
      "count": 331,
      "pitch_percent": 0.4293125810635538,
      "rhh_percent": 0.33966745843230406,
      "lhh_percent": 0.5371428571428571,
      "start_speed": 76.87734138972813,
      "max_start_speed": 80,
      "ivb": -2.97069486404834,
      "hb": 17.64712990936557,
      "release_pos_z": 4.885182137017645,
      "release_pos_x": 2.634479492023269,
      "extension": 6.66316408397031,
      "active_spin_percent": null
    },
    {
      "code": "FF",
      "title": "four-seam fastball",
      "color": "#D22D49",
      "count": 314,
      "pitch_percent": 0.4072632944228275,
      "rhh_percent": 0.4180522565320665,
      "lhh_percent": 0.3942857142857143,
      "start_speed": 92.84585987261148,
      "max_start_speed": 95.2,
      "ivb": 9.403503184713372,
      "hb": 17.775159235668774,
      "release_pos_z": 4.980910562961552,
      "release_pos_x": 2.5895142423917314,
      "extension": 6.600814716836829,
      "active_spin_percent": null
    },
    {
      "code": "FC",
      "title": "cutter",
      "color": "#933F2C",
      "count": 65,
      "pitch_percent": 0.08430609597924774,
      "rhh_percent": 0.10451306413301663,
      "lhh_percent": 0.06,
      "start_speed": 88.28153846153845,
      "max_start_speed": 91.2,
      "ivb": 9.067692307692308,
      "hb": -0.8092307692307692,
      "release_pos_z": 5.066102589607398,
      "release_pos_x": 2.4939507287570235,
      "extension": 6.51312343635479,
      "active_spin_percent": null
    },
    {
      "code": "ST",
      "title": "sweeper",
      "color": "#DDB43A",
      "count": 61,
      "pitch_percent": 0.07911802853437094,
      "rhh_percent": 0.1377672209026128,
      "lhh_percent": 0.008571428571428572,
      "start_speed": 76.42131147540984,
      "max_start_speed": 81.1,
      "ivb": -6.413114754098362,
      "hb": -19.647540983606557,
      "release_pos_z": 5.142654500058211,
      "release_pos_x": 2.7882582340328077,
      "extension": 6.501247237523907,
      "active_spin_percent": null
    }
  ]
}