{
  "pitcher_id": "685010",
  "pitcher_name": "Dustin Saenz",
  "mlbam_id": "685010",
  "arm_angle_source": "dataset",
  "pitches": [
    {
      "code": "CH",
      "title": "changeup",
      "color": "#1DBF3A",
      "count": 18,
      "pitch_percent": 0.42857142857142855,
      "rhh_percent": 0.4411764705882353,
      "lhh_percent": 0.375,
      "start_speed": 87.07777777777777,
      "max_start_speed": 90.7,
      "ivb": 8.866666666666667,
      "hb": 17.061111111111114,
      "release_pos_z": 5.63501861720036,
      "release_pos_x": 1.5987629134619523,
      "extension": 5.787855903774233,
      "active_spin_percent": null
    },
    {
      "code": "SL",
      "title": "slider",
      "color": "#EEE716",
      "count": 14,
      "pitch_percent": 0.3333333333333333,
      "rhh_percent": 0.35294117647058826,
      "lhh_percent": 0.25,
      "start_speed": 84.17142857142856,
      "max_start_speed": 87.3,
      "ivb": 3.1928571428571426,
      "hb": 0.5285714285714286,
      "release_pos_z": 5.731215453520081,
      "release_pos_x": 1.5438176561971846,
      "extension": 5.665867119472095,
      "active_spin_percent": null
    },
    {
      "code": "SI",
      "title": "sinker",
      "color": "#FE9E00",
      "count": 6,
      "pitch_percent": 0.14285714285714285,
      "rhh_percent": 0.08823529411764706,
      "lhh_percent": 0.375,
      "start_speed": 89.80000000000001,
      "max_start_speed": 90.9,
      "ivb": 14.616666666666667,
      "hb": 13.183333333333332,
      "release_pos_z": 5.875114559380136,
      "release_pos_x": 1.4227427945513231,
      "extension": 5.690547513400227,
      "active_spin_percent": null
    },
    {
      "code": "CU",
      "title": "curveball",
      "color": "#00D2ED",
      "count": 4,
      "pitch_percent": 0.09523809523809523,
      "rhh_percent": 0.11764705882352941,
      "lhh_percent": 0,
      "start_speed": 78.3,
      "max_start_speed": 79.2,
      "ivb": -11.649999999999999,
      "hb": -4.699999999999999,
      "release_pos_z": 5.876526336900856,
      "release_pos_x": 1.4843549419978879,
      "extension": 5.598200014717911,
      "active_spin_percent": null
    }
  ]
}