{
  "pitcher_id": "685299",
  "pitcher_name": "Tanner Gordon",
  "mlbam_id": "685299",
  "arm_angle_source": "dataset",
  "pitches": [
    {
      "code": "FF",
      "title": "four-seam fastball",
      "color": "#D22D49",
      "count": 554,
      "pitch_percent": 0.5670419651995906,
      "rhh_percent": 0.5338491295938105,
      "lhh_percent": 0.6043478260869565,
      "start_speed": 91.63212996389886,
      "max_start_speed": 94.8,
      "ivb": 14.331227436823095,
      "hb": 10.21768953068592,
      "release_pos_z": 6.254786519211878,
      "release_pos_x": 2.6062212506997264,
      "extension": 6.1892231468089385,
      "active_spin_percent": null
    },
    {
      "code": "SL",
      "title": "slider",
      "color": "#EEE716",
      "count": 247,
      "pitch_percent": 0.25281473899692936,
      "rhh_percent": 0.3849129593810445,
      "lhh_percent": 0.10434782608695652,
      "start_speed": 84.83724696356273,
      "max_start_speed": 87.6,
      "ivb": 3.294736842105264,
      "hb": -1.87165991902834,
      "release_pos_z": 6.124643774118563,
      "release_pos_x": 2.7564610044133047,
      "extension": 6.064460246895002,
      "active_spin_percent": null
    },
    {
      "code": "CH",
      "title": "changeup",
      "color": "#1DBF3A",
      "count": 173,
      "pitch_percent": 0.17707267144319344,
      "rhh_percent": 0.07930367504835589,
      "lhh_percent": 0.28695652173913044,
      "start_speed": 83.25028901734105,
      "max_start_speed": 86.2,
      "ivb": 7.110404624277457,
      "hb": 12.958959537572255,
      "release_pos_z": 6.2340146103129985,
      "release_pos_x": 2.6437858102495886,
      "extension": 6.296603579985647,
      "active_spin_percent": null
    },
    {
      "code": "CU",
      "title": "curveball",
      "color": "#00D2ED",
      "count": 3,
      "pitch_percent": 0.0030706243602865915,
      "rhh_percent": 0.0019342359767891683,
      "lhh_percent": 0.004347826086956522,
      "start_speed": 81.06666666666668,
      "max_start_speed": 81.9,
      "ivb": -2,
      "hb": -0.29999999999999993,
      "release_pos_z": 6.169941725672327,
      "release_pos_x": 2.8411926311109252,
      "extension": 6.063706049319047,
      "active_spin_percent": null
    }
  ]
}