{
  "pitcher_id": "686463",
  "pitcher_name": "Thomas Schultz",
  "mlbam_id": "686463",
  "arm_angle_source": "dataset",
  "pitches": [
    {
      "code": "FF",
      "title": "four-seam fastball",
      "color": "#D22D49",
      "count": 17,
      "pitch_percent": 0.3953488372093023,
      "rhh_percent": 0.358974358974359,
      "lhh_percent": 0.75,
      "start_speed": 92.33529411764707,
      "max_start_speed": 93.2,
      "ivb": 17.741176470588236,
      "hb": 7.735294117647059,
      "release_pos_z": 6.320709389917275,
      "release_pos_x": 1.1594259208038085,
      "extension": 6.66768224382003,
      "active_spin_percent": null
    },
    {
      "code": "SL",
      "title": "slider",
      "color": "#EEE716",
      "count": 15,
      "pitch_percent": 0.3488372093023256,
      "rhh_percent": 0.38461538461538464,
      "lhh_percent": 0,
      "start_speed": 82.02000000000001,
      "max_start_speed": 85,
      "ivb": 2.6333333333333333,
      "hb": -7.793333333333333,
      "release_pos_z": 6.303863986471726,
      "release_pos_x": 1.170652148269938,
      "extension": 6.735186174947924,
      "active_spin_percent": null
    },
    {
      "code": "FC",
      "title": "cutter",
      "color": "#933F2C",
      "count": 9,
      "pitch_percent": 0.20930232558139536,
      "rhh_percent": 0.20512820512820512,
      "lhh_percent": 0.25,
      "start_speed": 86.12222222222222,
      "max_start_speed": 86.7,
      "ivb": 4.166666666666668,
      "hb": -3.4555555555555553,
      "release_pos_z": 6.293405089167482,
      "release_pos_x": 1.2298336637539267,
      "extension": 6.693108506019102,
      "active_spin_percent": null
    },
    {
      "code": "CU",
      "title": "curveball",
      "color": "#00D2ED",
      "count": 2,
      "pitch_percent": 0.046511627906976744,
      "rhh_percent": 0.05128205128205128,
      "lhh_percent": 0,
      "start_speed": 79.3,
      "max_start_speed": 80,
      "ivb": -1.15,
      "hb": -12.5,
      "release_pos_z": 6.3531962246780775,
      "release_pos_x": 1.178417034526815,
      "extension": 6.750634071052335,
      "active_spin_percent": null
    }
  ]
}