{
  "pitcher_id": "686747",
  "pitcher_name": "Joe La Sorsa",
  "mlbam_id": "686747",
  "arm_angle_source": "dataset",
  "pitches": [
    {
      "code": "ST",
      "title": "sweeper",
      "color": "#DDB43A",
      "count": 323,
      "pitch_percent": 0.38636363636363635,
      "rhh_percent": 0.3333333333333333,
      "lhh_percent": 0.4430693069306931,
      "start_speed": 78.3455108359133,
      "max_start_speed": 82.1,
      "ivb": 1.420433436532507,
      "hb": -12.589783281733737,
      "release_pos_z": 5.44409346808186,
      "release_pos_x": 3.2531919759801617,
      "extension": 6.3431924101955195,
      "active_spin_percent": null
    },
    {
      "code": "SI",
      "title": "sinker",
      "color": "#FE9E00",
      "count": 267,
      "pitch_percent": 0.319377990430622,
      "rhh_percent": 0.2337962962962963,
      "lhh_percent": 0.41089108910891087,
      "start_speed": 91.80112359550566,
      "max_start_speed": 95.4,
      "ivb": 6.694756554307119,
      "hb": 17.61273408239699,
      "release_pos_z": 5.6270014488032265,
      "release_pos_x": 2.9569980886403315,
      "extension": 6.324678658698925,
      "active_spin_percent": null
    },
    {
      "code": "FF",
      "title": "four-seam fastball",
      "color": "#D22D49",
      "count": 141,
      "pitch_percent": 0.1686602870813397,
      "rhh_percent": 0.19907407407407407,
      "lhh_percent": 0.13613861386138615,
      "start_speed": 93.58936170212772,
      "max_start_speed": 96.9,
      "ivb": 12.304255319148945,
      "hb": 14.850354609929084,
      "release_pos_z": 5.717284945340437,
      "release_pos_x": 2.9215048469491744,
      "extension": 6.3448338525505426,
      "active_spin_percent": null
    },
    {
      "code": "CH",
      "title": "changeup",
      "color": "#1DBF3A",
      "count": 105,
      "pitch_percent": 0.1255980861244019,
      "rhh_percent": 0.2337962962962963,
      "lhh_percent": 0.009900990099009901,
      "start_speed": 85.20952380952383,
      "max_start_speed": 89,
      "ivb": 4.502857142857143,
      "hb": 14.341904761904756,
      "release_pos_z": 5.372372072621612,
      "release_pos_x": 3.1319485128014786,
      "extension": 6.399056913030247,
      "active_spin_percent": null
    }
  ]
}