{
  "pitcher_id": "686873",
  "pitcher_name": "Nick Zwack",
  "mlbam_id": "686873",
  "arm_angle_source": "dataset",
  "pitches": [
    {
      "code": "FF",
      "title": "four-seam fastball",
      "color": "#D22D49",
      "count": 131,
      "pitch_percent": 0.4532871972318339,
      "rhh_percent": 0.5079365079365079,
      "lhh_percent": 0.35,
      "start_speed": 93.49007633587787,
      "max_start_speed": 95.8,
      "ivb": 15.338931297709918,
      "hb": 6.646564885496181,
      "release_pos_z": 5.854811387685667,
      "release_pos_x": 1.6652838398038943,
      "extension": 6.348267354795967,
      "active_spin_percent": null
    },
    {
      "code": "SL",
      "title": "slider",
      "color": "#EEE716",
      "count": 108,
      "pitch_percent": 0.3737024221453287,
      "rhh_percent": 0.30158730158730157,
      "lhh_percent": 0.51,
      "start_speed": 83.40555555555558,
      "max_start_speed": 86.6,
      "ivb": 2.2148148148148143,
      "hb": -7.147222222222223,
      "release_pos_z": 5.56537874217065,
      "release_pos_x": 1.8990740403685729,
      "extension": 6.334298142037569,
      "active_spin_percent": null
    },
    {
      "code": "CH",
      "title": "changeup",
      "color": "#1DBF3A",
      "count": 31,
      "pitch_percent": 0.10726643598615918,
      "rhh_percent": 0.14285714285714285,
      "lhh_percent": 0.04,
      "start_speed": 86.30645161290323,
      "max_start_speed": 88.6,
      "ivb": 1.7838709677419353,
      "hb": 13.80967741935484,
      "release_pos_z": 5.5293699135459145,
      "release_pos_x": 1.9021565683993336,
      "extension": 6.329529958798016,
      "active_spin_percent": null
    },
    {
      "code": "SI",
      "title": "sinker",
      "color": "#FE9E00",
      "count": 19,
      "pitch_percent": 0.0657439446366782,
      "rhh_percent": 0.047619047619047616,
      "lhh_percent": 0.1,
      "start_speed": 93.6105263157895,
      "max_start_speed": 95.8,
      "ivb": 15.21578947368421,
      "hb": 9.115789473684211,
      "release_pos_z": 5.858104650402491,
      "release_pos_x": 1.6967044567089984,
      "extension": 6.36563717537662,
      "active_spin_percent": null
    }
  ]
}