{
  "pitcher_id": "686972",
  "pitcher_name": "Cole Waites",
  "mlbam_id": "686972",
  "arm_angle_source": "dataset",
  "pitches": [
    {
      "code": "FF",
      "title": "four-seam fastball",
      "color": "#D22D49",
      "count": 35,
      "pitch_percent": 0.5737704918032787,
      "rhh_percent": 0.5151515151515151,
      "lhh_percent": 0.6428571428571429,
      "start_speed": 93.27714285714285,
      "max_start_speed": 95,
      "ivb": 18.24285714285714,
      "hb": 6.034285714285714,
      "release_pos_z": 5.479061827559888,
      "release_pos_x": 1.7572982471193714,
      "extension": 7.070182251857958,
      "active_spin_percent": null
    },
    {
      "code": "SL",
      "title": "slider",
      "color": "#EEE716",
      "count": 26,
      "pitch_percent": 0.4262295081967213,
      "rhh_percent": 0.48484848484848486,
      "lhh_percent": 0.35714285714285715,
      "start_speed": 81.00769230769228,
      "max_start_speed": 82.6,
      "ivb": -3.0346153846153845,
      "hb": -4.115384615384615,
      "release_pos_z": 5.198136102152523,
      "release_pos_x": 2.034002026577002,
      "extension": 6.949202980662668,
      "active_spin_percent": null
    }
  ]
}