{
  "pitcher_id": "686993",
  "pitcher_name": "Justin Sterner",
  "mlbam_id": "686993",
  "arm_angle_source": "dataset",
  "pitches": [
    {
      "code": "FF",
      "title": "four-seam fastball",
      "color": "#D22D49",
      "count": 29,
      "pitch_percent": 0.5178571428571429,
      "rhh_percent": 0.3611111111111111,
      "lhh_percent": 0.8,
      "start_speed": 93.1827586206897,
      "max_start_speed": 94.9,
      "ivb": 15.396551724137932,
      "hb": 10.848275862068968,
      "release_pos_z": 5.282489722439504,
      "release_pos_x": 2.876911064061015,
      "extension": 6.439711166457242,
      "active_spin_percent": null
    },
    {
      "code": "FC",
      "title": "cutter",
      "color": "#933F2C",
      "count": 20,
      "pitch_percent": 0.35714285714285715,
      "rhh_percent": 0.4444444444444444,
      "lhh_percent": 0.2,
      "start_speed": 86.61999999999998,
      "max_start_speed": 89.4,
      "ivb": 4.904999999999999,
      "hb": -4.725,
      "release_pos_z": 5.247569470244992,
      "release_pos_x": 2.9066421601065526,
      "extension": 6.439108615736326,
      "active_spin_percent": null
    },
    {
      "code": "ST",
      "title": "sweeper",
      "color": "#DDB43A",
      "count": 7,
      "pitch_percent": 0.125,
      "rhh_percent": 0.19444444444444445,
      "lhh_percent": 0,
      "start_speed": 81.24285714285713,
      "max_start_speed": 83,
      "ivb": 2.6714285714285713,
      "hb": -13.828571428571427,
      "release_pos_z": 5.2390784271441815,
      "release_pos_x": 2.963063403010281,
      "extension": 6.442542436881952,
      "active_spin_percent": null
    }
  ]
}