{
  "pitcher_id": "687074",
  "pitcher_name": "Tyler Owens",
  "mlbam_id": "687074",
  "arm_angle_source": "dataset",
  "pitches": [
    {
      "code": "FF",
      "title": "four-seam fastball",
      "color": "#D22D49",
      "count": 292,
      "pitch_percent": 0.5140845070422535,
      "rhh_percent": 0.46808510638297873,
      "lhh_percent": 0.5774058577405857,
      "start_speed": 95.15890410958907,
      "max_start_speed": 99,
      "ivb": 12.802397260273978,
      "hb": -1.1263698630136993,
      "release_pos_z": 5.556108126930328,
      "release_pos_x": 1.641954771455264,
      "extension": 6.320773297081306,
      "active_spin_percent": null
    },
    {
      "code": "SL",
      "title": "slider",
      "color": "#EEE716",
      "count": 193,
      "pitch_percent": 0.3397887323943662,
      "rhh_percent": 0.44072948328267475,
      "lhh_percent": 0.200836820083682,
      "start_speed": 86.97253886010363,
      "max_start_speed": 91.8,
      "ivb": -1.0647668393782384,
      "hb": -6.996373056994816,
      "release_pos_z": 5.377215530668497,
      "release_pos_x": 1.859920157060504,
      "extension": 6.315104523995752,
      "active_spin_percent": null
    },
    {
      "code": "FS",
      "title": "splitter",
      "color": "#3BACAC",
      "count": 65,
      "pitch_percent": 0.11443661971830986,
      "rhh_percent": 0.06382978723404255,
      "lhh_percent": 0.18410041841004185,
      "start_speed": 88.29230769230769,
      "max_start_speed": 92.3,
      "ivb": 5.930769230769231,
      "hb": 5.858461538461539,
      "release_pos_z": 5.388116983271722,
      "release_pos_x": 1.7764903959710947,
      "extension": 6.49133223873816,
      "active_spin_percent": null
    },
    {
      "code": "FC",
      "title": "cutter",
      "color": "#933F2C",
      "count": 18,
      "pitch_percent": 0.03169014084507042,
      "rhh_percent": 0.02735562310030395,
      "lhh_percent": 0.03765690376569038,
      "start_speed": 93.44444444444444,
      "max_start_speed": 96.5,
      "ivb": 8.377777777777776,
      "hb": -4.238888888888889,
      "release_pos_z": 5.623498852121207,
      "release_pos_x": 1.7714461783355255,
      "extension": 6.292412157557119,
      "active_spin_percent": null
    }
  ]
}