{
  "pitcher_id": "687849",
  "pitcher_name": "Zak Kent",
  "mlbam_id": "687849",
  "arm_angle_source": "dataset",
  "pitches": [
    {
      "code": "FF",
      "title": "four-seam fastball",
      "color": "#D22D49",
      "count": 235,
      "pitch_percent": 0.3660436137071651,
      "rhh_percent": 0.35365853658536583,
      "lhh_percent": 0.3879310344827586,
      "start_speed": 93.07617021276592,
      "max_start_speed": 96,
      "ivb": 11.672340425531923,
      "hb": -0.9502127659574473,
      "release_pos_z": 6.4839719040961095,
      "release_pos_x": 0.7425846929967806,
      "extension": 5.78915577773183,
      "active_spin_percent": null
    },
    {
      "code": "SL",
      "title": "slider",
      "color": "#EEE716",
      "count": 233,
      "pitch_percent": 0.3629283489096573,
      "rhh_percent": 0.3975609756097561,
      "lhh_percent": 0.3017241379310345,
      "start_speed": 85.7042918454936,
      "max_start_speed": 88.5,
      "ivb": -2.7841201716738198,
      "hb": -6.042489270386268,
      "release_pos_z": 6.399253272492451,
      "release_pos_x": 0.9094549713037292,
      "extension": 5.89412109591258,
      "active_spin_percent": null
    },
    {
      "code": "CU",
      "title": "curveball",
      "color": "#00D2ED",
      "count": 136,
      "pitch_percent": 0.2118380062305296,
      "rhh_percent": 0.17560975609756097,
      "lhh_percent": 0.27586206896551724,
      "start_speed": 81.29264705882355,
      "max_start_speed": 84,
      "ivb": -15.22352941176471,
      "hb": -5.920588235294112,
      "release_pos_z": 6.44368666099518,
      "release_pos_x": 0.7941052921043384,
      "extension": 5.863307943976351,
      "active_spin_percent": null
    },
    {
      "code": "SI",
      "title": "sinker",
      "color": "#FE9E00",
      "count": 38,
      "pitch_percent": 0.059190031152647975,
      "rhh_percent": 0.07317073170731707,
      "lhh_percent": 0.034482758620689655,
      "start_speed": 93.68157894736842,
      "max_start_speed": 95.5,
      "ivb": 12.765789473684213,
      "hb": 8.131578947368423,
      "release_pos_z": 6.385504773904452,
      "release_pos_x": 0.8685103752064374,
      "extension": 5.842839474963255,
      "active_spin_percent": null
    }
  ]
}