{
  "pitcher_id": "687856",
  "pitcher_name": "Andrew Bash",
  "mlbam_id": "687856",
  "arm_angle_source": "dataset",
  "pitches": [
    {
      "code": "ST",
      "title": "sweeper",
      "color": "#DDB43A",
      "count": 559,
      "pitch_percent": 0.4104258443465492,
      "rhh_percent": 0.42816500711237554,
      "lhh_percent": 0.3915022761760243,
      "start_speed": 84.44203935599283,
      "max_start_speed": 87.8,
      "ivb": 1.296243291592128,
      "hb": -11.348479427549197,
      "release_pos_z": 5.373879167732882,
      "release_pos_x": 1.7124383806075707,
      "extension": 6.383831762581886,
      "active_spin_percent": null
    },
    {
      "code": "SI",
      "title": "sinker",
      "color": "#FE9E00",
      "count": 354,
      "pitch_percent": 0.2599118942731278,
      "rhh_percent": 0.35988620199146515,
      "lhh_percent": 0.15326251896813353,
      "start_speed": 92.3005649717514,
      "max_start_speed": 95.1,
      "ivb": 7.343220338983054,
      "hb": 15.800282485875702,
      "release_pos_z": 5.490702051886635,
      "release_pos_x": 1.6535357495802,
      "extension": 6.385485489502985,
      "active_spin_percent": null
    },
    {
      "code": "FF",
      "title": "four-seam fastball",
      "color": "#D22D49",
      "count": 244,
      "pitch_percent": 0.17914831130690162,
      "rhh_percent": 0.1337126600284495,
      "lhh_percent": 0.2276176024279211,
      "start_speed": 93.33319672131148,
      "max_start_speed": 96.5,
      "ivb": 14.643852459016394,
      "hb": 7.850819672131141,
      "release_pos_z": 5.521658810746281,
      "release_pos_x": 1.6768011025062979,
      "extension": 6.438571174268269,
      "active_spin_percent": null
    },
    {
      "code": "CH",
      "title": "changeup",
      "color": "#1DBF3A",
      "count": 205,
      "pitch_percent": 0.15051395007342144,
      "rhh_percent": 0.07823613086770982,
      "lhh_percent": 0.2276176024279211,
      "start_speed": 86.1029268292683,
      "max_start_speed": 92.1,
      "ivb": 2.808292682926828,
      "hb": 17.111219512195124,
      "release_pos_z": 5.374366548818714,
      "release_pos_x": 1.8140807139536463,
      "extension": 6.385947285010968,
      "active_spin_percent": null
    }
  ]
}