{
  "pitcher_id": "687931",
  "pitcher_name": "Carson Whisenhunt",
  "mlbam_id": "687931",
  "arm_angle_source": "dataset",
  "pitches": [
    {
      "code": "SI",
      "title": "sinker",
      "color": "#FE9E00",
      "count": 783,
      "pitch_percent": 0.46113074204946997,
      "rhh_percent": 0.45703125,
      "lhh_percent": 0.47368421052631576,
      "start_speed": 92.28978288633472,
      "max_start_speed": 96.4,
      "ivb": 14.61800766283524,
      "hb": 11.458237547892724,
      "release_pos_z": 6.399678334653675,
      "release_pos_x": 2.1485598913053465,
      "extension": 6.522775908268856,
      "active_spin_percent": null
    },
    {
      "code": "CH",
      "title": "changeup",
      "color": "#1DBF3A",
      "count": 623,
      "pitch_percent": 0.3669022379269729,
      "rhh_percent": 0.40859375,
      "lhh_percent": 0.23923444976076555,
      "start_speed": 79.65457463884427,
      "max_start_speed": 84.4,
      "ivb": 2.593258426966291,
      "hb": 15.080256821829867,
      "release_pos_z": 5.956820301074178,
      "release_pos_x": 2.5071370618383573,
      "extension": 6.539817335949393,
      "active_spin_percent": null
    },
    {
      "code": "SL",
      "title": "slider",
      "color": "#EEE716",
      "count": 291,
      "pitch_percent": 0.17137809187279152,
      "rhh_percent": 0.134375,
      "lhh_percent": 0.284688995215311,
      "start_speed": 81.54226804123711,
      "max_start_speed": 86.6,
      "ivb": -5.535738831615122,
      "hb": -3.2752577319587632,
      "release_pos_z": 6.158656639105859,
      "release_pos_x": 2.2099951785950873,
      "extension": 6.438590631793187,
      "active_spin_percent": null
    },
    {
      "code": "CU",
      "title": "curveball",
      "color": "#00D2ED",
      "count": 1,
      "pitch_percent": 0.0005889281507656066,
      "rhh_percent": 0,
      "lhh_percent": 0.0023923444976076554,
      "start_speed": 76.8,
      "max_start_speed": 76.8,
      "ivb": -11.9,
      "hb": -4.4,
      "release_pos_z": 6.364455672921296,
      "release_pos_x": 2.158207694721337,
      "extension": 6.6746058857431745,
      "active_spin_percent": null
    }
  ]
}