{
  "pitcher_id": "691548",
  "pitcher_name": "Rolddy Muñoz",
  "mlbam_id": "691548",
  "arm_angle_source": "dataset",
  "pitches": [
    {
      "code": "SL",
      "title": "slider",
      "color": "#EEE716",
      "count": 191,
      "pitch_percent": 0.5134408602150538,
      "rhh_percent": 0.4292929292929293,
      "lhh_percent": 0.6091954022988506,
      "start_speed": 89.90785340314132,
      "max_start_speed": 92.7,
      "ivb": 0.5958115183246075,
      "hb": -2.341361256544504,
      "release_pos_z": 6.022224278169485,
      "release_pos_x": 2.608245499567324,
      "extension": 6.108810604415294,
      "active_spin_percent": null
    },
    {
      "code": "SI",
      "title": "sinker",
      "color": "#FE9E00",
      "count": 107,
      "pitch_percent": 0.28763440860215056,
      "rhh_percent": 0.47474747474747475,
      "lhh_percent": 0.07471264367816093,
      "start_speed": 97.43084112149533,
      "max_start_speed": 99.6,
      "ivb": 4.9747663551401855,
      "hb": 17.63177570093458,
      "release_pos_z": 5.745446141672948,
      "release_pos_x": 2.8110905253297536,
      "extension": 5.938577191003511,
      "active_spin_percent": null
    },
    {
      "code": "FF",
      "title": "four-seam fastball",
      "color": "#D22D49",
      "count": 70,
      "pitch_percent": 0.1881720430107527,
      "rhh_percent": 0.09595959595959595,
      "lhh_percent": 0.29310344827586204,
      "start_speed": 98.16000000000004,
      "max_start_speed": 100.1,
      "ivb": 9.718571428571432,
      "hb": 12.622857142857137,
      "release_pos_z": 5.76967659626582,
      "release_pos_x": 2.77525131054703,
      "extension": 5.97976915902623,
      "active_spin_percent": null
    },
    {
      "code": "CH",
      "title": "changeup",
      "color": "#1DBF3A",
      "count": 4,
      "pitch_percent": 0.010752688172043012,
      "rhh_percent": 0,
      "lhh_percent": 0.022988505747126436,
      "start_speed": 91.32499999999999,
      "max_start_speed": 92.2,
      "ivb": 5.575,
      "hb": 14.65,
      "release_pos_z": 5.792578911549642,
      "release_pos_x": 2.7928144138528745,
      "extension": 5.825438023249013,
      "active_spin_percent": null
    }
  ]
}