{
  "pitcher_id": "692285",
  "pitcher_name": "Luis Guerrero",
  "mlbam_id": "692285",
  "arm_angle_source": "dataset",
  "pitches": [
    {
      "code": "FF",
      "title": "four-seam fastball",
      "color": "#D22D49",
      "count": 184,
      "pitch_percent": 0.40350877192982454,
      "rhh_percent": 0.3386454183266932,
      "lhh_percent": 0.48292682926829267,
      "start_speed": 96.10815217391303,
      "max_start_speed": 98.4,
      "ivb": 16.10000000000001,
      "hb": 9.61304347826087,
      "release_pos_z": 6.072679799186278,
      "release_pos_x": 1.5991905368583814,
      "extension": 5.632729542632689,
      "active_spin_percent": null
    },
    {
      "code": "SL",
      "title": "slider",
      "color": "#EEE716",
      "count": 134,
      "pitch_percent": 0.29385964912280704,
      "rhh_percent": 0.32270916334661354,
      "lhh_percent": 0.25853658536585367,
      "start_speed": 84.36044776119401,
      "max_start_speed": 88.2,
      "ivb": -1.1694029850746261,
      "hb": -3.597761194029852,
      "release_pos_z": 5.960385783775482,
      "release_pos_x": 1.6685330691292228,
      "extension": 5.589074629401551,
      "active_spin_percent": null
    },
    {
      "code": "ST",
      "title": "sweeper",
      "color": "#DDB43A",
      "count": 91,
      "pitch_percent": 0.19956140350877194,
      "rhh_percent": 0.3187250996015936,
      "lhh_percent": 0.05365853658536585,
      "start_speed": 81.62857142857143,
      "max_start_speed": 85,
      "ivb": 1.9252747252747255,
      "hb": -14.55494505494505,
      "release_pos_z": 5.832642416915825,
      "release_pos_x": 1.8339204301080556,
      "extension": 5.587403112410611,
      "active_spin_percent": null
    },
    {
      "code": "CH",
      "title": "changeup",
      "color": "#1DBF3A",
      "count": 47,
      "pitch_percent": 0.10307017543859649,
      "rhh_percent": 0.0199203187250996,
      "lhh_percent": 0.2048780487804878,
      "start_speed": 86.76595744680854,
      "max_start_speed": 90.5,
      "ivb": 4.991489361702128,
      "hb": 17.378723404255314,
      "release_pos_z": 5.845422920157905,
      "release_pos_x": 1.7924936760685335,
      "extension": 5.476387307968336,
      "active_spin_percent": null
    }
  ]
}