{
  "pitcher_id": "693388",
  "pitcher_name": "Shohei Tomioka",
  "mlbam_id": "693388",
  "arm_angle_source": "dataset",
  "pitches": [
    {
      "code": "FF",
      "title": "four-seam fastball",
      "color": "#D22D49",
      "count": 119,
      "pitch_percent": 0.5920398009950248,
      "rhh_percent": 0.6060606060606061,
      "lhh_percent": 0.5784313725490197,
      "start_speed": 93.39411764705882,
      "max_start_speed": 95.9,
      "ivb": 12.468067226890758,
      "hb": 8.889075630252101,
      "release_pos_z": 5.518439295381359,
      "release_pos_x": 1.9569668963465934,
      "extension": 6.573616075252122,
      "active_spin_percent": null
    },
    {
      "code": "SV",
      "title": "slurve",
      "color": "#93AFD4",
      "count": 49,
      "pitch_percent": 0.24378109452736318,
      "rhh_percent": 0.23232323232323232,
      "lhh_percent": 0.2549019607843137,
      "start_speed": 76.57755102040815,
      "max_start_speed": 78.9,
      "ivb": -14.14081632653061,
      "hb": -9.293877551020408,
      "release_pos_z": 5.650790079107498,
      "release_pos_x": 1.8606470489882443,
      "extension": 6.532776306676284,
      "active_spin_percent": null
    },
    {
      "code": "CH",
      "title": "changeup",
      "color": "#1DBF3A",
      "count": 20,
      "pitch_percent": 0.09950248756218906,
      "rhh_percent": 0.030303030303030304,
      "lhh_percent": 0.16666666666666666,
      "start_speed": 86.08500000000001,
      "max_start_speed": 89.1,
      "ivb": 3.91,
      "hb": 10.985,
      "release_pos_z": 5.570212379027508,
      "release_pos_x": 2.0121905896296903,
      "extension": 6.516158838212671,
      "active_spin_percent": null
    },
    {
      "code": "SL",
      "title": "slider",
      "color": "#EEE716",
      "count": 13,
      "pitch_percent": 0.06467661691542288,
      "rhh_percent": 0.13131313131313133,
      "lhh_percent": 0,
      "start_speed": 84.73846153846154,
      "max_start_speed": 87.1,
      "ivb": -0.21538461538461545,
      "hb": -3.023076923076923,
      "release_pos_z": 5.485458053829183,
      "release_pos_x": 2.1438454917217107,
      "extension": 6.420473435430127,
      "active_spin_percent": null
    }
  ]
}