{
  "pitcher_id": "694350",
  "pitcher_name": "Zach Brzykcy",
  "mlbam_id": "694350",
  "arm_angle_source": "dataset",
  "pitches": [
    {
      "code": "FF",
      "title": "four-seam fastball",
      "color": "#D22D49",
      "count": 263,
      "pitch_percent": 0.502868068833652,
      "rhh_percent": 0.5052264808362369,
      "lhh_percent": 0.5,
      "start_speed": 93.99125475285175,
      "max_start_speed": 95.8,
      "ivb": 18.700380228136865,
      "hb": 6.947908745247147,
      "release_pos_z": 5.989240824226091,
      "release_pos_x": 1.127865112120224,
      "extension": 6.504609591370886,
      "active_spin_percent": null
    },
    {
      "code": "CH",
      "title": "changeup",
      "color": "#1DBF3A",
      "count": 132,
      "pitch_percent": 0.25239005736137665,
      "rhh_percent": 0.1672473867595819,
      "lhh_percent": 0.3559322033898305,
      "start_speed": 87.77424242424243,
      "max_start_speed": 90.2,
      "ivb": 8.975,
      "hb": 15.507575757575754,
      "release_pos_z": 5.823039199200076,
      "release_pos_x": 1.4763312982934071,
      "extension": 6.407739145089186,
      "active_spin_percent": null
    },
    {
      "code": "CU",
      "title": "curveball",
      "color": "#00D2ED",
      "count": 90,
      "pitch_percent": 0.17208413001912046,
      "rhh_percent": 0.1986062717770035,
      "lhh_percent": 0.13983050847457626,
      "start_speed": 82.33555555555556,
      "max_start_speed": 86.2,
      "ivb": -9.564444444444447,
      "hb": -5.272222222222222,
      "release_pos_z": 5.857989965655104,
      "release_pos_x": 1.5114385298057669,
      "extension": 6.335309243151749,
      "active_spin_percent": null
    },
    {
      "code": "SL",
      "title": "slider",
      "color": "#EEE716",
      "count": 38,
      "pitch_percent": 0.07265774378585087,
      "rhh_percent": 0.1289198606271777,
      "lhh_percent": 0.00423728813559322,
      "start_speed": 88.03684210526313,
      "max_start_speed": 91.2,
      "ivb": 1.7710526315789477,
      "hb": -2.3026315789473686,
      "release_pos_z": 5.84784480951315,
      "release_pos_x": 1.4714379244137774,
      "extension": 6.3725489951761,
      "active_spin_percent": null
    }
  ]
}