{
  "pitcher_id": "694738",
  "pitcher_name": "Landen Roupp",
  "mlbam_id": "694738",
  "arm_angle_source": "dataset",
  "pitches": [
    {
      "code": "CU",
      "title": "curveball",
      "color": "#00D2ED",
      "count": 17,
      "pitch_percent": 0.34,
      "rhh_percent": 0.375,
      "lhh_percent": 0.2777777777777778,
      "start_speed": 76.42941176470588,
      "max_start_speed": 77.6,
      "ivb": -5.5,
      "hb": -17.1,
      "release_pos_z": 5.550927143948452,
      "release_pos_x": 2.352051696260242,
      "extension": 5.998849248889832,
      "active_spin_percent": null
    },
    {
      "code": "CH",
      "title": "changeup",
      "color": "#1DBF3A",
      "count": 15,
      "pitch_percent": 0.3,
      "rhh_percent": 0.21875,
      "lhh_percent": 0.4444444444444444,
      "start_speed": 85.92666666666668,
      "max_start_speed": 87.1,
      "ivb": -0.26,
      "hb": 16.779999999999998,
      "release_pos_z": 5.125028789157095,
      "release_pos_x": 2.48682085170748,
      "extension": 6.099805049134843,
      "active_spin_percent": null
    },
    {
      "code": "SI",
      "title": "sinker",
      "color": "#FE9E00",
      "count": 11,
      "pitch_percent": 0.22,
      "rhh_percent": 0.21875,
      "lhh_percent": 0.2222222222222222,
      "start_speed": 93.05454545454545,
      "max_start_speed": 94.1,
      "ivb": 2.9818181818181815,
      "hb": 18.263636363636365,
      "release_pos_z": 5.169413602131315,
      "release_pos_x": 2.1184981809259456,
      "extension": 6.210669912948108,
      "active_spin_percent": null
    },
    {
      "code": "FC",
      "title": "cutter",
      "color": "#933F2C",
      "count": 7,
      "pitch_percent": 0.14,
      "rhh_percent": 0.1875,
      "lhh_percent": 0.05555555555555555,
      "start_speed": 89.97142857142856,
      "max_start_speed": 92.1,
      "ivb": 7.185714285714286,
      "hb": 1.6142857142857143,
      "release_pos_z": 5.40441373394934,
      "release_pos_x": 2.2523900854070478,
      "extension": 6.029996870139601,
      "active_spin_percent": null
    }
  ]
}