{
  "pitcher_id": "695380",
  "pitcher_name": "Alex Hoppe",
  "mlbam_id": "695380",
  "arm_angle_source": "dataset",
  "pitches": [
    {
      "code": "FF",
      "title": "four-seam fastball",
      "color": "#D22D49",
      "count": 274,
      "pitch_percent": 0.3437892095357591,
      "rhh_percent": 0.3608490566037736,
      "lhh_percent": 0.32439678284182305,
      "start_speed": 98.0664233576643,
      "max_start_speed": 100.6,
      "ivb": 15.49854014598539,
      "hb": 5.711678832116789,
      "release_pos_z": 5.852004275185871,
      "release_pos_x": 1.0352259019292358,
      "extension": 6.500509073230195,
      "active_spin_percent": null
    },
    {
      "code": "FC",
      "title": "cutter",
      "color": "#933F2C",
      "count": 267,
      "pitch_percent": 0.33500627352572143,
      "rhh_percent": 0.330188679245283,
      "lhh_percent": 0.34048257372654156,
      "start_speed": 92.93295880149815,
      "max_start_speed": 96.1,
      "ivb": 5.302621722846442,
      "hb": -3.7726591760299626,
      "release_pos_z": 5.852892050847707,
      "release_pos_x": 1.1002587565238982,
      "extension": 6.4649778808446206,
      "active_spin_percent": null
    },
    {
      "code": "SL",
      "title": "slider",
      "color": "#EEE716",
      "count": 200,
      "pitch_percent": 0.25094102885821834,
      "rhh_percent": 0.29952830188679247,
      "lhh_percent": 0.19571045576407506,
      "start_speed": 88.21299999999995,
      "max_start_speed": 90.6,
      "ivb": -1.3465,
      "hb": -3.5485000000000015,
      "release_pos_z": 5.851034503051355,
      "release_pos_x": 0.9891158212617687,
      "extension": 6.548834156208493,
      "active_spin_percent": null
    },
    {
      "code": "CH",
      "title": "changeup",
      "color": "#1DBF3A",
      "count": 56,
      "pitch_percent": 0.07026348808030113,
      "rhh_percent": 0.009433962264150943,
      "lhh_percent": 0.13941018766756033,
      "start_speed": 89.57321428571427,
      "max_start_speed": 92.1,
      "ivb": 3.125,
      "hb": 16.35535714285714,
      "release_pos_z": 5.728010218097844,
      "release_pos_x": 1.1818801015116467,
      "extension": 6.473926211094022,
      "active_spin_percent": null
    }
  ]
}