{
  "pitcher_id": "695327",
  "pitcher_name": "Dylan Heid",
  "mlbam_id": "695327",
  "arm_angle_source": "dataset",
  "pitches": [
    {
      "code": "FF",
      "title": "four-seam fastball",
      "color": "#D22D49",
      "count": 85,
      "pitch_percent": 0.5246913580246914,
      "rhh_percent": 0.5116279069767442,
      "lhh_percent": 0.5394736842105263,
      "start_speed": 93.28117647058824,
      "max_start_speed": 94.7,
      "ivb": 18.054117647058828,
      "hb": 6.022352941176472,
      "release_pos_z": 5.891649837180022,
      "release_pos_x": 0.22507976447949582,
      "extension": 6.7680033139021285,
      "active_spin_percent": null
    },
    {
      "code": "SL",
      "title": "slider",
      "color": "#EEE716",
      "count": 44,
      "pitch_percent": 0.2716049382716049,
      "rhh_percent": 0.27906976744186046,
      "lhh_percent": 0.2631578947368421,
      "start_speed": 86.94772727272726,
      "max_start_speed": 90.9,
      "ivb": 5.424999999999999,
      "hb": -5.8,
      "release_pos_z": 5.759266032738721,
      "release_pos_x": 0.5072282807130915,
      "extension": 6.611809270779371,
      "active_spin_percent": null
    },
    {
      "code": "CU",
      "title": "curveball",
      "color": "#00D2ED",
      "count": 24,
      "pitch_percent": 0.14814814814814814,
      "rhh_percent": 0.18604651162790697,
      "lhh_percent": 0.10526315789473684,
      "start_speed": 78.92083333333333,
      "max_start_speed": 85.2,
      "ivb": -1.2583333333333335,
      "hb": -16.8625,
      "release_pos_z": 5.689579099271232,
      "release_pos_x": 0.488753971406582,
      "extension": 6.622677761150243,
      "active_spin_percent": null
    },
    {
      "code": "CH",
      "title": "changeup",
      "color": "#1DBF3A",
      "count": 9,
      "pitch_percent": 0.05555555555555555,
      "rhh_percent": 0.023255813953488372,
      "lhh_percent": 0.09210526315789473,
      "start_speed": 83.13333333333333,
      "max_start_speed": 85.5,
      "ivb": 11.388888888888888,
      "hb": 11.92222222222222,
      "release_pos_z": 5.8040841773760325,
      "release_pos_x": 0.4656402737107924,
      "extension": 6.701263671559661,
      "active_spin_percent": null
    }
  ]
}