{
  "pitcher_id": "695445",
  "pitcher_name": "Chase Lee",
  "mlbam_id": "695445",
  "arm_angle_source": "dataset",
  "pitches": [
    {
      "code": "ST",
      "title": "sweeper",
      "color": "#DDB43A",
      "count": 225,
      "pitch_percent": 0.4113345521023766,
      "rhh_percent": 0.44680851063829785,
      "lhh_percent": 0.3577981651376147,
      "start_speed": 80.17199999999993,
      "max_start_speed": 82.5,
      "ivb": 6.6591111111111125,
      "hb": -17.737777777777772,
      "release_pos_z": 3.778771791552778,
      "release_pos_x": 2.6921165882350735,
      "extension": 5.924521049724494,
      "active_spin_percent": null
    },
    {
      "code": "FF",
      "title": "four-seam fastball",
      "color": "#D22D49",
      "count": 188,
      "pitch_percent": 0.3436928702010969,
      "rhh_percent": 0.2826747720364742,
      "lhh_percent": 0.43577981651376146,
      "start_speed": 89.39680851063831,
      "max_start_speed": 92.3,
      "ivb": 6.023404255319149,
      "hb": 5.817553191489366,
      "release_pos_z": 3.893120173774386,
      "release_pos_x": 2.680347727304706,
      "extension": 6.030903379024956,
      "active_spin_percent": null
    },
    {
      "code": "SI",
      "title": "sinker",
      "color": "#FE9E00",
      "count": 114,
      "pitch_percent": 0.20840950639853748,
      "rhh_percent": 0.2674772036474164,
      "lhh_percent": 0.11926605504587157,
      "start_speed": 88.6438596491228,
      "max_start_speed": 91.7,
      "ivb": -2.1517543859649124,
      "hb": 10.97543859649123,
      "release_pos_z": 3.9066399302807353,
      "release_pos_x": 2.630259034331868,
      "extension": 6.051711740480098,
      "active_spin_percent": null
    },
    {
      "code": "CH",
      "title": "changeup",
      "color": "#1DBF3A",
      "count": 20,
      "pitch_percent": 0.03656307129798903,
      "rhh_percent": 0.00303951367781155,
      "lhh_percent": 0.0871559633027523,
      "start_speed": 85.49000000000002,
      "max_start_speed": 87.1,
      "ivb": -5.19,
      "hb": 12.314999999999998,
      "release_pos_z": 3.885817157465496,
      "release_pos_x": 2.669316908292945,
      "extension": 6.149512805866793,
      "active_spin_percent": null
    }
  ]
}