{
  "pitcher_id": "695426",
  "pitcher_name": "Spencer Bramwell",
  "mlbam_id": "695426",
  "arm_angle_source": "dataset",
  "pitches": [
    {
      "code": "SL",
      "title": "slider",
      "color": "#EEE716",
      "count": 22,
      "pitch_percent": 0.6285714285714286,
      "rhh_percent": 0.6666666666666666,
      "lhh_percent": 0.6206896551724138,
      "start_speed": 65.11818181818182,
      "max_start_speed": 73.1,
      "ivb": 16.07272727272727,
      "hb": 9.181818181818182,
      "release_pos_z": 6.358158422451524,
      "release_pos_x": 1.8312345580468123,
      "extension": 4.567612369719029,
      "active_spin_percent": null
    },
    {
      "code": "CH",
      "title": "changeup",
      "color": "#1DBF3A",
      "count": 9,
      "pitch_percent": 0.2571428571428571,
      "rhh_percent": 0.3333333333333333,
      "lhh_percent": 0.2413793103448276,
      "start_speed": 66.76666666666667,
      "max_start_speed": 84.8,
      "ivb": 15.32222222222222,
      "hb": 12.41111111111111,
      "release_pos_z": 6.311198539652015,
      "release_pos_x": 1.8862619933546725,
      "extension": 4.6185505905630855,
      "active_spin_percent": null
    },
    {
      "code": "FF",
      "title": "four-seam fastball",
      "color": "#D22D49",
      "count": 2,
      "pitch_percent": 0.05714285714285714,
      "rhh_percent": 0,
      "lhh_percent": 0.06896551724137931,
      "start_speed": 88.9,
      "max_start_speed": 89.6,
      "ivb": 15.75,
      "hb": 7.949999999999999,
      "release_pos_z": 6.1304256648741475,
      "release_pos_x": 1.9930281267389716,
      "extension": 4.870552870065624,
      "active_spin_percent": null
    },
    {
      "code": "CU",
      "title": "curveball",
      "color": "#00D2ED",
      "count": 2,
      "pitch_percent": 0.05714285714285714,
      "rhh_percent": 0,
      "lhh_percent": 0.06896551724137931,
      "start_speed": 61.65,
      "max_start_speed": 62,
      "ivb": 11.7,
      "hb": 7.699999999999999,
      "release_pos_z": 6.259546062175614,
      "release_pos_x": 1.9095809417381149,
      "extension": 4.749261867392033,
      "active_spin_percent": null
    }
  ]
}