{
  "pitcher_id": "696155",
  "pitcher_name": "Sean Sullivan",
  "mlbam_id": "696155",
  "arm_angle_source": "dataset",
  "pitches": [
    {
      "code": "FF",
      "title": "four-seam fastball",
      "color": "#D22D49",
      "count": 319,
      "pitch_percent": 0.44553072625698326,
      "rhh_percent": 0.4539249146757679,
      "lhh_percent": 0.4397163120567376,
      "start_speed": 91.99968652037617,
      "max_start_speed": 94.5,
      "ivb": 13.240125391849531,
      "hb": 13.626645768025066,
      "release_pos_z": 5.603292052121483,
      "release_pos_x": 1.776779605082712,
      "extension": 6.2921739587721595,
      "active_spin_percent": null
    },
    {
      "code": "CH",
      "title": "changeup",
      "color": "#1DBF3A",
      "count": 256,
      "pitch_percent": 0.3575418994413408,
      "rhh_percent": 0.24914675767918087,
      "lhh_percent": 0.4326241134751773,
      "start_speed": 82.705859375,
      "max_start_speed": 85.4,
      "ivb": 2.6050781249999986,
      "hb": 15.775390625000002,
      "release_pos_z": 5.503247635277639,
      "release_pos_x": 1.852441837247923,
      "extension": 6.299400875558597,
      "active_spin_percent": null
    },
    {
      "code": "ST",
      "title": "sweeper",
      "color": "#DDB43A",
      "count": 135,
      "pitch_percent": 0.18854748603351956,
      "rhh_percent": 0.2764505119453925,
      "lhh_percent": 0.1276595744680851,
      "start_speed": 86.94074074074068,
      "max_start_speed": 89.8,
      "ivb": 5.821481481481485,
      "hb": -1.5111111111111108,
      "release_pos_z": 5.5765267179194185,
      "release_pos_x": 1.7877089125268273,
      "extension": 6.18808045074999,
      "active_spin_percent": null
    },
    {
      "code": "CU",
      "title": "curveball",
      "color": "#00D2ED",
      "count": 6,
      "pitch_percent": 0.008379888268156424,
      "rhh_percent": 0.020477815699658702,
      "lhh_percent": 0,
      "start_speed": 81.76666666666667,
      "max_start_speed": 83.1,
      "ivb": -2.633333333333333,
      "hb": -3.5500000000000003,
      "release_pos_z": 5.667427277054813,
      "release_pos_x": 1.7169295262505158,
      "extension": 5.980404468318763,
      "active_spin_percent": null
    }
  ]
}