{
  "pitcher_id": "696275",
  "pitcher_name": "RJ Petit",
  "mlbam_id": "696275",
  "arm_angle_source": "dataset",
  "pitches": [
    {
      "code": "SL",
      "title": "slider",
      "color": "#EEE716",
      "count": 159,
      "pitch_percent": 0.4151436031331593,
      "rhh_percent": 0.4798387096774194,
      "lhh_percent": 0.2962962962962963,
      "start_speed": 83.6811320754717,
      "max_start_speed": 86.6,
      "ivb": -2.983647798742138,
      "hb": -5.193710691823899,
      "release_pos_z": 6.093745435627262,
      "release_pos_x": 2.0986667467414493,
      "extension": 6.62941352636566,
      "active_spin_percent": null
    },
    {
      "code": "FF",
      "title": "four-seam fastball",
      "color": "#D22D49",
      "count": 97,
      "pitch_percent": 0.25326370757180156,
      "rhh_percent": 0.21370967741935484,
      "lhh_percent": 0.32592592592592595,
      "start_speed": 95.00515463917522,
      "max_start_speed": 97.8,
      "ivb": 15.277319587628861,
      "hb": 10.044329896907215,
      "release_pos_z": 6.345036919051859,
      "release_pos_x": 1.8408523310871499,
      "extension": 6.700273779990661,
      "active_spin_percent": null
    },
    {
      "code": "SI",
      "title": "sinker",
      "color": "#FE9E00",
      "count": 89,
      "pitch_percent": 0.23237597911227154,
      "rhh_percent": 0.2661290322580645,
      "lhh_percent": 0.17037037037037037,
      "start_speed": 94.10786516853929,
      "max_start_speed": 96.9,
      "ivb": 8.646067415730338,
      "hb": 16.434831460674154,
      "release_pos_z": 6.245510228073213,
      "release_pos_x": 2.0072316674281514,
      "extension": 6.628400420815331,
      "active_spin_percent": null
    },
    {
      "code": "CH",
      "title": "changeup",
      "color": "#1DBF3A",
      "count": 38,
      "pitch_percent": 0.09921671018276762,
      "rhh_percent": 0.04032258064516129,
      "lhh_percent": 0.2074074074074074,
      "start_speed": 87.70526315789473,
      "max_start_speed": 89.1,
      "ivb": 3.2263157894736842,
      "hb": 16.110526315789475,
      "release_pos_z": 6.012252500213021,
      "release_pos_x": 2.2470712720594266,
      "extension": 6.578737300273053,
      "active_spin_percent": null
    }
  ]
}