{
  "pitcher_id": "697812",
  "pitcher_name": "Joe Rock",
  "mlbam_id": "697812",
  "arm_angle_source": "dataset",
  "pitches": [
    {
      "code": "FF",
      "title": "four-seam fastball",
      "color": "#D22D49",
      "count": 532,
      "pitch_percent": 0.3405889884763124,
      "rhh_percent": 0.4351851851851852,
      "lhh_percent": 0.12863070539419086,
      "start_speed": 92.26541353383459,
      "max_start_speed": 95.7,
      "ivb": 12.880075187969924,
      "hb": 12.012593984962406,
      "release_pos_z": 5.750029136186642,
      "release_pos_x": 2.414015207555904,
      "extension": 6.309875025769226,
      "active_spin_percent": null
    },
    {
      "code": "SL",
      "title": "slider",
      "color": "#EEE716",
      "count": 428,
      "pitch_percent": 0.2740076824583867,
      "rhh_percent": 0.21481481481481482,
      "lhh_percent": 0.4066390041493776,
      "start_speed": 83.94392523364488,
      "max_start_speed": 87.3,
      "ivb": -1.2920560747663556,
      "hb": -3.410981308411218,
      "release_pos_z": 5.681636730726857,
      "release_pos_x": 2.4634633437392797,
      "extension": 6.246192061999885,
      "active_spin_percent": null
    },
    {
      "code": "CH",
      "title": "changeup",
      "color": "#1DBF3A",
      "count": 307,
      "pitch_percent": 0.19654289372599232,
      "rhh_percent": 0.2611111111111111,
      "lhh_percent": 0.05186721991701245,
      "start_speed": 86.08827361563517,
      "max_start_speed": 90.4,
      "ivb": 2.21628664495114,
      "hb": 16.306188925081447,
      "release_pos_z": 5.635149798576208,
      "release_pos_x": 2.4806326415386213,
      "extension": 6.271989421905331,
      "active_spin_percent": null
    },
    {
      "code": "SI",
      "title": "sinker",
      "color": "#FE9E00",
      "count": 295,
      "pitch_percent": 0.18886043533930857,
      "rhh_percent": 0.08888888888888889,
      "lhh_percent": 0.41286307053941906,
      "start_speed": 92.26847457627122,
      "max_start_speed": 95.5,
      "ivb": 6.743728813559321,
      "hb": 17.306779661016954,
      "release_pos_z": 5.792076144797078,
      "release_pos_x": 2.3028754943861696,
      "extension": 6.332050159165552,
      "active_spin_percent": null
    }
  ]
}