{
  "pitcher_id": "699134",
  "pitcher_name": "Bradgley Rodriguez",
  "mlbam_id": "699134",
  "arm_angle_source": "dataset",
  "pitches": [
    {
      "code": "SI",
      "title": "sinker",
      "color": "#FE9E00",
      "count": 108,
      "pitch_percent": 0.4576271186440678,
      "rhh_percent": 0.5230769230769231,
      "lhh_percent": 0.37735849056603776,
      "start_speed": 97.80462962962964,
      "max_start_speed": 100.4,
      "ivb": 9.437037037037037,
      "hb": 12.55277777777778,
      "release_pos_z": 5.787651690642458,
      "release_pos_x": 0.8834451899695532,
      "extension": 6.239141434586592,
      "active_spin_percent": null
    },
    {
      "code": "CH",
      "title": "changeup",
      "color": "#1DBF3A",
      "count": 73,
      "pitch_percent": 0.3093220338983051,
      "rhh_percent": 0.17692307692307693,
      "lhh_percent": 0.4716981132075472,
      "start_speed": 87.66301369863014,
      "max_start_speed": 90.6,
      "ivb": 7.761643835616437,
      "hb": 11.550684931506847,
      "release_pos_z": 5.788179659866136,
      "release_pos_x": 0.7554417963041282,
      "extension": 6.46342343070656,
      "active_spin_percent": null
    },
    {
      "code": "FC",
      "title": "cutter",
      "color": "#933F2C",
      "count": 30,
      "pitch_percent": 0.1271186440677966,
      "rhh_percent": 0.19230769230769232,
      "lhh_percent": 0.04716981132075472,
      "start_speed": 88.24999999999997,
      "max_start_speed": 90.9,
      "ivb": 0.7033333333333334,
      "hb": -5.133333333333334,
      "release_pos_z": 5.753666330581584,
      "release_pos_x": 0.9480006392015793,
      "extension": 6.327818297187774,
      "active_spin_percent": null
    },
    {
      "code": "FF",
      "title": "four-seam fastball",
      "color": "#D22D49",
      "count": 25,
      "pitch_percent": 0.1059322033898305,
      "rhh_percent": 0.1076923076923077,
      "lhh_percent": 0.10377358490566038,
      "start_speed": 97.26799999999999,
      "max_start_speed": 99.1,
      "ivb": 14.22,
      "hb": 8.26,
      "release_pos_z": 5.908886053851745,
      "release_pos_x": 0.731298133675675,
      "extension": 6.252026250457887,
      "active_spin_percent": null
    }
  ]
}