{
  "pitcher_id": "700245",
  "pitcher_name": "Bryce McGowan",
  "mlbam_id": "700245",
  "arm_angle_source": "dataset",
  "pitches": [
    {
      "code": "FF",
      "title": "four-seam fastball",
      "color": "#D22D49",
      "count": 19,
      "pitch_percent": 0.4634146341463415,
      "rhh_percent": 0.4,
      "lhh_percent": 0.6363636363636364,
      "start_speed": 95.27368421052631,
      "max_start_speed": 96.4,
      "ivb": 11.173684210526316,
      "hb": 5.8578947368421055,
      "release_pos_z": 5.758261798556937,
      "release_pos_x": 1.6263692008396238,
      "extension": 6.190446051752723,
      "active_spin_percent": null
    },
    {
      "code": "FC",
      "title": "cutter",
      "color": "#933F2C",
      "count": 18,
      "pitch_percent": 0.43902439024390244,
      "rhh_percent": 0.5333333333333333,
      "lhh_percent": 0.18181818181818182,
      "start_speed": 88.6111111111111,
      "max_start_speed": 91.1,
      "ivb": 2.5277777777777777,
      "hb": -1.0055555555555555,
      "release_pos_z": 5.854057319920299,
      "release_pos_x": 1.59866429454948,
      "extension": 6.129573890337902,
      "active_spin_percent": null
    },
    {
      "code": "CH",
      "title": "changeup",
      "color": "#1DBF3A",
      "count": 3,
      "pitch_percent": 0.07317073170731707,
      "rhh_percent": 0.03333333333333333,
      "lhh_percent": 0.18181818181818182,
      "start_speed": 85,
      "max_start_speed": 85.8,
      "ivb": 1.7333333333333332,
      "hb": 9.4,
      "release_pos_z": 5.660542345735671,
      "release_pos_x": 1.6387154898627843,
      "extension": 6.080774944065973,
      "active_spin_percent": null
    },
    {
      "code": "SI",
      "title": "sinker",
      "color": "#FE9E00",
      "count": 1,
      "pitch_percent": 0.024390243902439025,
      "rhh_percent": 0.03333333333333333,
      "lhh_percent": 0,
      "start_speed": 94.8,
      "max_start_speed": 94.8,
      "ivb": 10.1,
      "hb": 8.6,
      "release_pos_z": 5.869237551914193,
      "release_pos_x": 1.7961181106773043,
      "extension": 6.008041540489202,
      "active_spin_percent": null
    }
  ]
}