{
  "pitcher_id": "701552",
  "pitcher_name": "Andre Granillo",
  "mlbam_id": "701552",
  "arm_angle_source": "dataset",
  "pitches": [
    {
      "code": "SL",
      "title": "slider",
      "color": "#EEE716",
      "count": 381,
      "pitch_percent": 0.5537790697674418,
      "rhh_percent": 0.6357615894039735,
      "lhh_percent": 0.39574468085106385,
      "start_speed": 83.80813648293962,
      "max_start_speed": 88.1,
      "ivb": 4.359842519685035,
      "hb": -2.439632545931759,
      "release_pos_z": 6.2488238625434285,
      "release_pos_x": 1.1231757772602406,
      "extension": 5.943072172441374,
      "active_spin_percent": null
    },
    {
      "code": "FF",
      "title": "four-seam fastball",
      "color": "#D22D49",
      "count": 196,
      "pitch_percent": 0.28488372093023256,
      "rhh_percent": 0.293598233995585,
      "lhh_percent": 0.2680851063829787,
      "start_speed": 94.74540816326522,
      "max_start_speed": 97.8,
      "ivb": 16.8704081632653,
      "hb": 2.7229591836734706,
      "release_pos_z": 6.571813166695751,
      "release_pos_x": 0.6007975824777498,
      "extension": 6.1579675584424045,
      "active_spin_percent": null
    },
    {
      "code": "CH",
      "title": "changeup",
      "color": "#1DBF3A",
      "count": 79,
      "pitch_percent": 0.11482558139534883,
      "rhh_percent": 0.004415011037527594,
      "lhh_percent": 0.3276595744680851,
      "start_speed": 88.27594936708861,
      "max_start_speed": 91.1,
      "ivb": 7.445569620253165,
      "hb": 15.792405063291138,
      "release_pos_z": 6.1683604779489025,
      "release_pos_x": 1.2737022120714154,
      "extension": 5.920749330134097,
      "active_spin_percent": null
    },
    {
      "code": "SI",
      "title": "sinker",
      "color": "#FE9E00",
      "count": 32,
      "pitch_percent": 0.046511627906976744,
      "rhh_percent": 0.06622516556291391,
      "lhh_percent": 0.00851063829787234,
      "start_speed": 94.953125,
      "max_start_speed": 96.9,
      "ivb": 13.784374999999995,
      "hb": 13.099999999999998,
      "release_pos_z": 6.4174895374521554,
      "release_pos_x": 0.8979297535283728,
      "extension": 6.018726543941114,
      "active_spin_percent": null
    }
  ]
}