{
  "pitcher_id": "701549",
  "pitcher_name": "Jaylen Nowlin",
  "mlbam_id": "701549",
  "arm_angle_source": "dataset",
  "pitches": [
    {
      "code": "SL",
      "title": "slider",
      "color": "#EEE716",
      "count": 25,
      "pitch_percent": 0.49019607843137253,
      "rhh_percent": 0.5128205128205128,
      "lhh_percent": 0.4166666666666667,
      "start_speed": 80.18,
      "max_start_speed": 81.8,
      "ivb": -0.46799999999999997,
      "hb": -2.244,
      "release_pos_z": 6.0425932349854135,
      "release_pos_x": 1.46554571676042,
      "extension": 6.473777431191872,
      "active_spin_percent": null
    },
    {
      "code": "CH",
      "title": "changeup",
      "color": "#1DBF3A",
      "count": 11,
      "pitch_percent": 0.21568627450980393,
      "rhh_percent": 0.23076923076923078,
      "lhh_percent": 0.16666666666666666,
      "start_speed": 82.50000000000001,
      "max_start_speed": 88.9,
      "ivb": 10.872727272727273,
      "hb": 10.736363636363636,
      "release_pos_z": 6.204959731653304,
      "release_pos_x": 1.2462138381521297,
      "extension": 6.482096035215685,
      "active_spin_percent": null
    },
    {
      "code": "FF",
      "title": "four-seam fastball",
      "color": "#D22D49",
      "count": 9,
      "pitch_percent": 0.17647058823529413,
      "rhh_percent": 0.10256410256410256,
      "lhh_percent": 0.4166666666666667,
      "start_speed": 89.43333333333334,
      "max_start_speed": 91.1,
      "ivb": 17.044444444444444,
      "hb": 7.422222222222222,
      "release_pos_z": 6.194172318310306,
      "release_pos_x": 1.2608271744181954,
      "extension": 6.558816455005699,
      "active_spin_percent": null
    },
    {
      "code": "SI",
      "title": "sinker",
      "color": "#FE9E00",
      "count": 6,
      "pitch_percent": 0.11764705882352941,
      "rhh_percent": 0.15384615384615385,
      "lhh_percent": 0,
      "start_speed": 90.35000000000001,
      "max_start_speed": 91.8,
      "ivb": 15.799999999999999,
      "hb": 11.049999999999999,
      "release_pos_z": 6.15870635193357,
      "release_pos_x": 1.2809656411903994,
      "extension": 6.563251691282363,
      "active_spin_percent": null
    }
  ]
}