{
  "pitcher_id": "701564",
  "pitcher_name": "Joe Adametz",
  "mlbam_id": "701564",
  "arm_angle_source": "dataset",
  "pitches": [
    {
      "code": "SI",
      "title": "sinker",
      "color": "#FE9E00",
      "count": 26,
      "pitch_percent": 0.48148148148148145,
      "rhh_percent": 0.5111111111111111,
      "lhh_percent": 0.3333333333333333,
      "start_speed": 87.11153846153849,
      "max_start_speed": 88.2,
      "ivb": 5.88076923076923,
      "hb": 17.00384615384616,
      "release_pos_z": 5.3394502486637565,
      "release_pos_x": 2.384693731349084,
      "extension": 5.996196629994373,
      "active_spin_percent": null
    },
    {
      "code": "CH",
      "title": "changeup",
      "color": "#1DBF3A",
      "count": 18,
      "pitch_percent": 0.3333333333333333,
      "rhh_percent": 0.37777777777777777,
      "lhh_percent": 0.1111111111111111,
      "start_speed": 82.53888888888889,
      "max_start_speed": 86.5,
      "ivb": 4.838888888888889,
      "hb": 16.29444444444444,
      "release_pos_z": 5.36418824314999,
      "release_pos_x": 2.423532526630468,
      "extension": 5.980325097984752,
      "active_spin_percent": null
    },
    {
      "code": "SL",
      "title": "slider",
      "color": "#EEE716",
      "count": 10,
      "pitch_percent": 0.18518518518518517,
      "rhh_percent": 0.1111111111111111,
      "lhh_percent": 0.5555555555555556,
      "start_speed": 76.01000000000002,
      "max_start_speed": 77.2,
      "ivb": -0.38,
      "hb": -2.7000000000000006,
      "release_pos_z": 5.285571629924105,
      "release_pos_x": 2.360473991741822,
      "extension": 5.991543897995796,
      "active_spin_percent": null
    }
  ]
}