{
  "pitcher_id": "702910",
  "pitcher_name": "Jhancarlos Lara",
  "mlbam_id": "702910",
  "arm_angle_source": "dataset",
  "pitches": [
    {
      "code": "SL",
      "title": "slider",
      "color": "#EEE716",
      "count": 547,
      "pitch_percent": 0.5564598168870803,
      "rhh_percent": 0.5695067264573991,
      "lhh_percent": 0.5456238361266295,
      "start_speed": 87.53217550274219,
      "max_start_speed": 91.6,
      "ivb": -1.6586837294332717,
      "hb": -0.3833638025594149,
      "release_pos_z": 5.8439772592646415,
      "release_pos_x": 1.6689883051695442,
      "extension": 6.363281152198521,
      "active_spin_percent": null
    },
    {
      "code": "FF",
      "title": "four-seam fastball",
      "color": "#D22D49",
      "count": 360,
      "pitch_percent": 0.3662258392675483,
      "rhh_percent": 0.28699551569506726,
      "lhh_percent": 0.43202979515828677,
      "start_speed": 98.56472222222227,
      "max_start_speed": 102.4,
      "ivb": 14.364722222222214,
      "hb": 8.470555555555562,
      "release_pos_z": 6.063143132906717,
      "release_pos_x": 1.4515632855108518,
      "extension": 6.5633393019937065,
      "active_spin_percent": null
    },
    {
      "code": "SI",
      "title": "sinker",
      "color": "#FE9E00",
      "count": 69,
      "pitch_percent": 0.07019328585961343,
      "rhh_percent": 0.13228699551569506,
      "lhh_percent": 0.0186219739292365,
      "start_speed": 97.16521739130434,
      "max_start_speed": 99.8,
      "ivb": 8.785507246376813,
      "hb": 15.146376811594195,
      "release_pos_z": 5.916827033563854,
      "release_pos_x": 1.5425812461426753,
      "extension": 6.519945953863838,
      "active_spin_percent": null
    },
    {
      "code": "FC",
      "title": "cutter",
      "color": "#933F2C",
      "count": 7,
      "pitch_percent": 0.007121057985757884,
      "rhh_percent": 0.011210762331838564,
      "lhh_percent": 0.0037243947858473,
      "start_speed": 91.54285714285713,
      "max_start_speed": 92.4,
      "ivb": 5.014285714285714,
      "hb": 0.11428571428571425,
      "release_pos_z": 5.837563590079392,
      "release_pos_x": 1.7327153071898882,
      "extension": 6.494894096155804,
      "active_spin_percent": null
    }
  ]
}