{
  "pitcher_id": "801216",
  "pitcher_name": "Christian Montes De Oca",
  "mlbam_id": "801216",
  "arm_angle_source": "dataset",
  "pitches": [
    {
      "code": "SL",
      "title": "slider",
      "color": "#EEE716",
      "count": 181,
      "pitch_percent": 0.47506561679790027,
      "rhh_percent": 0.5047169811320755,
      "lhh_percent": 0.4378698224852071,
      "start_speed": 85.35966850828731,
      "max_start_speed": 88.6,
      "ivb": -2.817679558011048,
      "hb": -2.3182320441988953,
      "release_pos_z": 6.323425515288987,
      "release_pos_x": 1.9221643075269406,
      "extension": 6.42182382536275,
      "active_spin_percent": null
    },
    {
      "code": "SI",
      "title": "sinker",
      "color": "#FE9E00",
      "count": 117,
      "pitch_percent": 0.30708661417322836,
      "rhh_percent": 0.42452830188679247,
      "lhh_percent": 0.15976331360946747,
      "start_speed": 95.41196581196579,
      "max_start_speed": 98.5,
      "ivb": 9.695726495726493,
      "hb": 13.410256410256409,
      "release_pos_z": 6.291696729535075,
      "release_pos_x": 2.0722777124873026,
      "extension": 6.4105087077137375,
      "active_spin_percent": null
    },
    {
      "code": "FF",
      "title": "four-seam fastball",
      "color": "#D22D49",
      "count": 70,
      "pitch_percent": 0.1837270341207349,
      "rhh_percent": 0.07075471698113207,
      "lhh_percent": 0.3254437869822485,
      "start_speed": 96.42285714285717,
      "max_start_speed": 99,
      "ivb": 15.21,
      "hb": 6.8442857142857125,
      "release_pos_z": 6.337490650986538,
      "release_pos_x": 1.7492442692582204,
      "extension": 6.3695908821076594,
      "active_spin_percent": null
    },
    {
      "code": "CH",
      "title": "changeup",
      "color": "#1DBF3A",
      "count": 13,
      "pitch_percent": 0.03412073490813648,
      "rhh_percent": 0,
      "lhh_percent": 0.07692307692307693,
      "start_speed": 89.85384615384616,
      "max_start_speed": 91.7,
      "ivb": 7.484615384615383,
      "hb": 12.846153846153847,
      "release_pos_z": 6.2230899053278,
      "release_pos_x": 2.702019187328844,
      "extension": 6.477180120254347,
      "active_spin_percent": null
    }
  ]
}