{
  "pitcher_id": "802953",
  "pitcher_name": "Colin Fields",
  "mlbam_id": "802953",
  "arm_angle_source": "dataset",
  "pitches": [
    {
      "code": "FC",
      "title": "cutter",
      "color": "#933F2C",
      "count": 28,
      "pitch_percent": 0.5833333333333334,
      "rhh_percent": 0.5135135135135135,
      "lhh_percent": 0.8181818181818182,
      "start_speed": 89.37142857142858,
      "max_start_speed": 91.2,
      "ivb": 13.507142857142854,
      "hb": -0.75,
      "release_pos_z": 5.5522459881824275,
      "release_pos_x": 1.6594359847604427,
      "extension": 6.367080198447506,
      "active_spin_percent": null
    },
    {
      "code": "CU",
      "title": "curveball",
      "color": "#00D2ED",
      "count": 13,
      "pitch_percent": 0.2708333333333333,
      "rhh_percent": 0.2972972972972973,
      "lhh_percent": 0.18181818181818182,
      "start_speed": 72.06153846153846,
      "max_start_speed": 74,
      "ivb": -13.853846153846156,
      "hb": -11.661538461538461,
      "release_pos_z": 5.695830514087232,
      "release_pos_x": 1.541367078004439,
      "extension": 6.289462406187839,
      "active_spin_percent": null
    },
    {
      "code": "SL",
      "title": "slider",
      "color": "#EEE716",
      "count": 4,
      "pitch_percent": 0.08333333333333333,
      "rhh_percent": 0.10810810810810811,
      "lhh_percent": 0,
      "start_speed": 83.325,
      "max_start_speed": 85.8,
      "ivb": 2.775,
      "hb": -5.300000000000001,
      "release_pos_z": 5.49551727006064,
      "release_pos_x": 1.7305479952779848,
      "extension": 6.259006361704184,
      "active_spin_percent": null
    },
    {
      "code": "FF",
      "title": "four-seam fastball",
      "color": "#D22D49",
      "count": 3,
      "pitch_percent": 0.0625,
      "rhh_percent": 0.08108108108108109,
      "lhh_percent": 0,
      "start_speed": 90.73333333333333,
      "max_start_speed": 91.3,
      "ivb": 16.2,
      "hb": 2.3000000000000003,
      "release_pos_z": 5.585808157114958,
      "release_pos_x": 1.7500979382129882,
      "extension": 6.336549853776567,
      "active_spin_percent": null
    }
  ]
}