{
  "pitcher_id": "805299",
  "pitcher_name": "Brandyn Garcia",
  "mlbam_id": "805299",
  "arm_angle_source": "dataset",
  "pitches": [
    {
      "code": "SI",
      "title": "sinker",
      "color": "#FE9E00",
      "count": 155,
      "pitch_percent": 0.46407185628742514,
      "rhh_percent": 0.4329004329004329,
      "lhh_percent": 0.5339805825242718,
      "start_speed": 96.62000000000003,
      "max_start_speed": 100.4,
      "ivb": 3.118064516129033,
      "hb": 15.258064516129036,
      "release_pos_z": 5.5049230446499315,
      "release_pos_x": 1.7393532212729625,
      "extension": 5.441832948085334,
      "active_spin_percent": null
    },
    {
      "code": "SL",
      "title": "slider",
      "color": "#EEE716",
      "count": 93,
      "pitch_percent": 0.27844311377245506,
      "rhh_percent": 0.35064935064935066,
      "lhh_percent": 0.11650485436893204,
      "start_speed": 88.98709677419355,
      "max_start_speed": 91.8,
      "ivb": 1.2827956989247307,
      "hb": -2.2580645161290325,
      "release_pos_z": 5.523404135183789,
      "release_pos_x": 1.7702717795292424,
      "extension": 5.415542161405776,
      "active_spin_percent": null
    },
    {
      "code": "ST",
      "title": "sweeper",
      "color": "#DDB43A",
      "count": 65,
      "pitch_percent": 0.19461077844311378,
      "rhh_percent": 0.12554112554112554,
      "lhh_percent": 0.34951456310679613,
      "start_speed": 84.55846153846151,
      "max_start_speed": 88.5,
      "ivb": -1.8646153846153843,
      "hb": -14.416923076923075,
      "release_pos_z": 5.28246747149279,
      "release_pos_x": 1.8895697794123354,
      "extension": 5.426800560566858,
      "active_spin_percent": null
    },
    {
      "code": "CH",
      "title": "changeup",
      "color": "#1DBF3A",
      "count": 21,
      "pitch_percent": 0.06287425149700598,
      "rhh_percent": 0.09090909090909091,
      "lhh_percent": 0,
      "start_speed": 89.99999999999999,
      "max_start_speed": 92.1,
      "ivb": 2.1047619047619053,
      "hb": 14.066666666666666,
      "release_pos_z": 5.431442879818761,
      "release_pos_x": 1.8272460888736097,
      "extension": 5.469207902604966,
      "active_spin_percent": null
    }
  ]
}