{
  "pitcher_id": "805326",
  "pitcher_name": "Tyler Schweitzer",
  "mlbam_id": "805326",
  "arm_angle_source": "dataset",
  "pitches": [
    {
      "code": "FF",
      "title": "four-seam fastball",
      "color": "#D22D49",
      "count": 426,
      "pitch_percent": 0.47491638795986624,
      "rhh_percent": 0.5064456721915286,
      "lhh_percent": 0.4265536723163842,
      "start_speed": 92.67159624413136,
      "max_start_speed": 95.7,
      "ivb": 15.337558685446005,
      "hb": 1.0544600938967132,
      "release_pos_z": 5.8210513447128465,
      "release_pos_x": 2.149321920935406,
      "extension": 6.318058698463403,
      "active_spin_percent": null
    },
    {
      "code": "SL",
      "title": "slider",
      "color": "#EEE716",
      "count": 222,
      "pitch_percent": 0.24749163879598662,
      "rhh_percent": 0.11233885819521179,
      "lhh_percent": 0.4548022598870056,
      "start_speed": 85.37612612612611,
      "max_start_speed": 88.8,
      "ivb": 3.28108108108108,
      "hb": -6.151801801801805,
      "release_pos_z": 5.730931111902386,
      "release_pos_x": 2.2475820668723228,
      "extension": 6.4037923543805375,
      "active_spin_percent": null
    },
    {
      "code": "CU",
      "title": "curveball",
      "color": "#00D2ED",
      "count": 142,
      "pitch_percent": 0.15830546265328874,
      "rhh_percent": 0.1860036832412523,
      "lhh_percent": 0.11581920903954802,
      "start_speed": 80.22253521126756,
      "max_start_speed": 83.9,
      "ivb": -5.384507042253519,
      "hb": -6.213380281690143,
      "release_pos_z": 5.817764011844818,
      "release_pos_x": 2.122288820224487,
      "extension": 6.445293386799721,
      "active_spin_percent": null
    },
    {
      "code": "CH",
      "title": "changeup",
      "color": "#1DBF3A",
      "count": 107,
      "pitch_percent": 0.11928651059085842,
      "rhh_percent": 0.19521178637200737,
      "lhh_percent": 0.002824858757062147,
      "start_speed": 86.68317757009346,
      "max_start_speed": 89.5,
      "ivb": 5.835514018691592,
      "hb": 14.376635514018691,
      "release_pos_z": 5.756079933641635,
      "release_pos_x": 2.3871727001184238,
      "extension": 6.351583459883786,
      "active_spin_percent": null
    }
  ]
}