"pitches","player_id","player_name","total_pitches","pitch_percent","ba","iso","babip","slg","woba","xwoba","xba","hits","abs","launch_speed","launch_angle","spin_rate","velocity","effective_speed","whiffs","swings","takes","eff_min_vel","release_extension","pos3_int_start_distance","pos4_int_start_distance","pos5_int_start_distance","pos6_int_start_distance","pos7_int_start_distance","pos8_int_start_distance","pos9_int_start_distance","pitcher_run_exp","run_exp","bat_speed","swing_length","miss_distance","pa","bip","singles","doubles","triples","hrs","so","k_percent","bb","bb_percent","api_break_z_with_gravity","api_break_z_induced","api_break_x_arm","api_break_x_batter_in","hyper_speed","bbdist","hardhit_percent","barrels_per_bbe_percent","barrels_per_pa_percent","release_pos_z","release_pos_x","plate_x","plate_z","obp","barrels_total","batter_run_value_per_100","xobp","xslg","pitcher_run_value_per_100","xbadiff","xobpdiff","xslgdiff","wobadiff","swing_miss_percent","arm_angle","attack_angle","attack_direction","swing_path_tilt","rate_ideal_attack_angle","intercept_ball_minus_batter_pos_x_inches","intercept_ball_minus_batter_pos_y_inches"
75,694738,"Roupp, Landen",243,30.9,0.188,0.25,0.333,0.438,0.311,,,3,16,78.7,13.1,3063,77.2,76.32,12,26,49,-0.9000000000000057,5.88,109,148,114,148,304,329,299,"0.259","-0.259",,,,18,7,1,1,0,1,9,50,2,11.1,"4.48","-0.62","-1.47","-0.09","92.3",137,14.285714285714285,14.285714285714285,5.555555555555555,5.52,-1.98,0.26,1.51,0.278,1,"-0.345333333",,,"0.345333333",,,,,46.2,,,,,,,
75,666157,"Lodolo, Nick",246,30.5,0.133,0.267,0.143,0.4,0.221,,,2,15,81.7,1.9,2659,81.5,80.88,11,26,49,-0.5999999999999943,5.86,111,149,113,149,293,326,297,"-1.102","1.102",,,,15,8,0,1,0,1,7,46.7,0,0,"3.55","-0.12","-0.84","-0.13","90.1",105,25,12.5,6.666666666666667,5.49,3.76,-0.08,1.82,0.133,1,"1.469333333",,,"-1.469333333",,,,,42.3,,,,,,,
71,605242,"Fulmer, Michael",180,39.4,0.143,0.429,0,0.571,0.313,,,3,21,77.1,6.1,2663,78.6,78.55,14,36,35,-0.09999999999999432,6.45,110,151,121,148,301,326,303,"-0.453","0.453",,,,22,12,0,0,0,3,9,40.9,0,0,"3.92","-0.2","-1.46","-0.6","90.7",128,25,16.666666666666664,9.090909090909092,5.94,-2.66,0.6,2.13,0.182,2,"0.638028169",,,"-0.638028169",,,,,38.9,,,,,,,
66,664285,"Valdez, Framber",236,28,0.2,0.15,0.5,0.35,0.256,,,4,20,93.7,23.5,2797,78.7,77.36,11,32,34,-1.2999999999999972,5.63,112,148,115,144,289,323,282,"-0.022","0.022",,,,21,8,1,3,0,0,12,57.1,1,4.8,"4.96","-1.24","-1","0.42","93.2",149,50,12.5,4.761904761904762,6.06,0.95,-0.39,1.59,0.238,1,"0.033333333",,,"-0.033333333",,,,,34.4,,,,,,,
62,682120,"Herrin, Tim",144,43.1,0.3,0.3,0.375,0.6,0.452,,,3,10,90.5,21,2310,80.8,80.53,4,25,37,-0.29999999999999716,6.21,112,151,121,147,300,320,292,"-1.583","1.583",,,,13,8,1,1,1,0,2,15.4,2,15.4,"3.78","-0.27","-0.86","0.52","92.5",140,50,0,0,6.19,2.08,0.42,2.09,0.462,0,"2.553225806",,,"-2.553225806",,,,,16,,,,,,,
60,691945,"Baumler, Carter",132,45.5,0.188,0,0.3,0.188,0.198,,,3,16,81.7,-11.8,2535,84.7,84.52,6,19,41,-0.20000000000000284,6.31,116,149,120,151,302,319,308,"1.714","-1.714",,,,17,10,3,0,0,0,6,35.3,1,5.9,"4.27","-1.08","-0.57","0.18","89.7",61,20,0,0,5.63,-1.25,0.11,2.05,0.235,0,"-2.856666667",,,"2.856666667",,,,,31.6,,,,,,,
58,669445,"Laskey, Adam",201,28.9,0.333,0.5,0.333,0.833,0.42,,,2,6,95.4,27.3,2447,79.8,79.61,4,14,44,-0.20000000000000284,6.33,107,149,115,148,295,320,294,"-1.108","1.108",,,,7,4,1,0,0,1,3,42.9,0,0,"4.68","-1.08","-0.52","0.2","93.4",146,75,25,14.285714285714285,5.88,1.75,-0.26,2.01,0.286,1,"1.910344828",,,"-1.910344828",,,,,28.6,,,,,,,
56,543135,"Eovaldi, Nathan",257,21.8,0.077,0,0.167,0.077,0.068,,,1,13,82.1,25.5,1891,76,76.53,10,26,30,0.5,6.66,114,149,120,151,300,319,304,"1.73","-1.73",,,,13,6,1,0,0,0,7,53.8,0,0,"4.56","-0.61","-0.67","0.15","90.6",147,16.666666666666664,0,0,5.74,-2.26,0.06,1.89,0.077,0,"-3.089285714",,,"3.089285714",,,,,38.5,,,,,,,
55,685464,"Winquest, Cade",177,31.1,0.25,0.5,0.167,0.75,0.44,,,3,12,87.5,16.8,2396,78.3,78.4,9,26,29,0.10000000000000853,6.61,108,145,119,145,290,326,286,"-1.772","1.772",,,,13,8,1,0,0,2,4,30.8,0,0,"4.73","-0.97","-0.95","-0.3","91.6",134,50,37.5,23.076923076923077,5.16,-1.1,0.22,1.52,0.308,3,"3.221818182",,,"-3.221818182",,,,,34.6,,,,,,,
54,676282,"Cantillo, Joey",333,16.2,0.2,0,0.286,0.2,0.178,,,2,10,81.9,-3.8,2509,79,79.44,4,20,34,0.4000000000000057,6.86,112,152,122,147,299,322,300,"-0.919","0.919",,,,10,7,2,0,0,0,3,30,0,0,"5.05","-1.36","-0.77","0.52","89.2",65,16.666666666666664,0,0,6.08,0.74,0.05,1.99,0.2,0,"1.701851852",,,"-1.701851852",,,,,20,,,,,,,
53,806188,"Gibson, Cade",180,29.4,0.3,0.1,0.6,0.4,0.397,,,3,10,83.2,0.6,2968,79.6,78.42,7,23,30,-1.1999999999999886,5.79,112,147,125,145,290,316,288,"-0.797","0.797",,,,13,5,2,1,0,0,5,38.5,2,15.4,"4.84","-1.21","-1.16","0.94","91.7",155,20,0,0,5.94,2.19,-0.39,1.86,0.462,0,"1.503773585",,,"-1.503773585",,,,,30.4,,,,,,,
52,699151,"Paez, Jedixson",205,25.4,0.182,0,0.2,0.182,0.207,,,2,11,85.5,37.2,2720,79,78.99,2,20,32,0,6.58,107,149,123,147,306,330,297,"0.511","-0.511",,,,12,10,2,0,0,0,1,8.3,1,8.3,"4.36","-0.66","-1.38","-0.84","89.9",110,10,0,0,5.8,-3.25,0.19,2.41,0.25,0,"-0.982692308",,,"0.982692308",,,,,10,,,,,,,
52,694819,"Misiorowski, Jacob",215,24.2,0.167,0.083,0.4,0.25,0.222,,,2,12,89.3,-5.6,2261,85.6,87.24,11,22,30,1.6000000000000085,7.15,113,148,117,149,296,320,300,"0.684","-0.684",,,,13,5,1,1,0,0,7,53.8,0,0,"3.77","-0.68","-0.6","0.05","92.5",115,60,20,7.6923076923076925,5.53,-1.65,0.1,2.07,0.231,1,"-1.315384615",,,"1.315384615",,,,,50,,,,,,,
50,702070,"Cameron, Noah",291,17.2,0.111,0,0.2,0.111,0.251,,,1,9,81.1,50,2239,80.6,80.54,3,14,36,-0.09999999999999432,6.23,106,149,122,147,298,314,291,"-0.455","0.455",,,,12,5,1,0,0,0,4,33.3,2,16.7,"4.12","-0.61","-0.25","0.09","88.0",156,0,0,0,6.38,1.2,-0.12,2.39,0.333,0,"0.91",,,"-0.91",,,,,21.4,,,,,,,
50,592717,"Sanchez, Aaron",152,32.9,0.167,0.167,0.286,0.333,0.21,,,2,12,92.4,32,2532,78.7,79.8,8,20,30,1.0999999999999943,6.99,108,150,118,149,296,317,295,"0.116","-0.116",,,,12,7,0,2,0,0,5,41.7,0,0,"4.08","-0.4","-1.06","-0.21","94.2",184,42.857142857142854,14.285714285714285,8.333333333333332,5.5,-1.5,0.1,1.67,0.167,1,"-0.232",,,"0.232",,,,,40,,,,,,,
49,572955,"Johnson, Pierce",112,43.8,0.4,0.1,0.4,0.5,0.421,,,4,10,99.9,7.1,2836,85.5,84.36,5,18,31,-1.0999999999999943,5.45,112,148,111,150,292,321,297,"-1.309","1.309",,,,11,10,3,1,0,0,0,0,1,9.1,"3.46","-0.36","-0.55","0.13","98.0",133,70,20,18.181818181818183,6.3,-1.61,-0.18,2.31,0.455,2,"2.671428571",,,"-2.671428571",,,,,27.8,,,,,,,
49,623454,"Anderson, Drew",217,22.6,0,0,0,0,0.14,,,0,4,68,-21,2711,80.4,79.71,2,11,38,-0.7000000000000028,6.25,113,146,116,149,291,322,287,"0.818","-0.818",,,,5,2,0,0,0,0,2,40,1,20,"4.84","-1.26","-0.83","0.1","89.6",60,0,0,0,5.9,-1.96,0.17,1.81,0.2,0,"-1.669387755",,,"1.669387755",,,,,18.2,,,,,,,
48,702281,"Snelling, Robby",160,30,0.385,0.077,0.556,0.462,0.371,,,5,13,89.9,11.4,2535,82.8,82.72,3,20,28,-0.09999999999999432,6.2,114,147,126,148,284,307,279,"-0.743","0.743",,,,13,9,4,1,0,0,4,30.8,0,0,"4","-0.68","-0.85","0.21","93.3",152,55.55555555555556,0,0,5.61,2.89,0.28,2.23,0.385,0,"1.547916667",,,"-1.547916667",,,,,15,,,,,,,
47,690953,"Abel, Mick",329,14.3,0.143,0,0.333,0.143,0.127,,,1,7,84.9,-13.7,2651,81.4,82.26,4,13,34,0.8999999999999915,6.9,118,147,123,150,278,318,282,"-0.5","0.5",,,,7,3,1,0,0,0,4,57.1,0,0,"4.19","-0.74","-0.98","0.29","90.1",40,33.33333333333333,0,0,5.54,-1.59,0.28,1.59,0.143,0,"1.063829787",,,"-1.063829787",,,,,30.8,,,,,,,
47,669022,"Gore, MacKenzie",251,18.7,0.214,0.071,0.3,0.286,0.249,,,3,14,92.4,11.1,2287,81.6,82.28,3,19,28,0.7000000000000028,6.81,109,147,118,147,301,317,302,"-0.149","0.149",,,,15,10,2,1,0,0,4,26.7,1,6.7,"4.35","-0.92","-0.21","0.12","93.8",137,50,10,6.666666666666667,5.61,1.61,-0.29,1.78,0.267,1,"0.317021277",,,"-0.317021277",,,,,15.8,,,,,,,
47,671737,"Bradley, Taj",288,16.3,0.222,0.333,0.25,0.556,0.327,,,2,9,82.3,26.2,2433,81.9,81.71,5,15,32,-0.20000000000000284,6.28,115,146,122,149,284,318,282,"-2.304","2.304",,,,9,5,1,0,0,1,4,44.4,0,0,"4.57","-1.16","-0.28","0.1","91.3",167,20,20,11.11111111111111,6.36,-0.99,-0.15,2.26,0.222,1,"4.90212766",,,"-4.90212766",,,,,33.3,,,,,,,
45,664918,"Keller, Kyle",189,23.8,0,0,0,0,0.07,,,0,9,90.8,1,2417,78.6,78.62,2,16,29,0,6.38,112,149,125,149,290,314,295,"0.427","-0.427",,,,10,5,0,0,0,0,4,40,1,10,"4.74","-1.04","-0.49","-0.02","92.3",103,40,0,0,6.41,-1.13,-0.29,2.03,0.1,0,"-0.948888889",,,"0.948888889",,,,,12.5,,,,,,,
45,650644,"Civale, Aaron",216,20.8,0.188,0.313,0.222,0.5,0.286,,,3,16,88.9,19.5,3036,76.5,75.04,5,20,25,-1.5,5.4,118,150,124,149,300,324,297,"-0.065","0.065",,,,16,10,0,2,0,1,6,37.5,0,0,"5.13","-1.21","-0.91","0.17","93.3",153,50,10,6.25,6.29,-0.53,0.2,2.03,0.188,1,"0.144444444",,,"-0.144444444",,,,,25,,,,,,,
44,605218,"Edwards Jr., Carl",144,30.6,0,0,0,0,0.058,,,0,11,83.4,24.6,2233,79.3,79.6,4,19,25,0.29999999999999716,6.73,114,148,123,149,281,315,292,"0.867","-0.867",,,,12,7,0,0,0,0,4,33.3,1,8.3,"4.45","-0.79","-0.42","0","90.3",130,14.285714285714285,0,0,6.52,-2.04,0.42,2.05,0.083,0,"-1.970454545",,,"1.970454545",,,,,21.1,,,,,,,
44,677952,"Ashcraft, Braxton",204,21.6,0.118,0,0.286,0.118,0.139,,,2,17,82.5,13.6,2548,84.8,84.36,7,18,26,-0.3999999999999915,6.04,114,148,123,148,285,315,287,"1.593","-1.593",,,,18,7,2,0,0,0,10,55.6,0,0,"4.08","-0.9","-0.59","0.05","90.9",130,28.57142857142857,14.285714285714285,5.555555555555555,6.28,-1.06,0.35,1.67,0.167,1,"-3.620454545",,,"3.620454545",,,,,38.9,,,,,,,
44,543243,"Gray, Sonny",238,18.5,0.429,0.143,0.75,0.571,0.471,,,3,7,84.8,8.5,2516,80,80.06,4,15,29,0.09999999999999432,6.55,112,148,118,149,277,310,301,"-2.222","2.222",,,,8,4,2,1,0,0,3,37.5,0,0,"4.69","-1.09","-1.08","0.47","90.2",75,25,0,0,5.72,-0.72,-0.01,1.81,0.5,0,"5.05",,,"-5.05",,,,,26.7,,,,,,,
42,681190,"Vásquez, Randy",276,15.2,0.125,0.375,0,0.5,0.309,,,1,8,98.1,17.2,3075,83.4,82.97,2,14,28,-0.4000000000000057,5.82,116,149,122,151,298,324,302,"-0.235","0.235",,,,9,5,0,0,0,1,3,33.3,0,0,"3.53","-0.27","-0.76","0.35","95.6",153,80,0,0,6.06,-2.14,0.31,1.93,0.222,0,"0.55952381",,,"-0.55952381",,,,,14.3,,,,,,,
41,675916,"Karinchak, James",92,44.6,0,0,0,0,0,,,0,6,82.4,-7.7,2389,82.2,81.7,4,9,32,-0.5,5.86,110,148,128,150,308,321,292,"0.47","-0.47",,,,6,3,0,0,0,0,3,50,0,0,"3.84","-0.48","0.06","0.04","89.6",56,33.33333333333333,0,0,6.54,-0.25,0.02,2.53,0,0,"-1.146341463",,,"1.146341463",,,,,44.4,,,,,,,
41,669684,"Murphy, Chris",176,23.3,0.1,0,0.25,0.1,0.147,,,1,10,91.9,1.5,2521,76.5,76.09,7,15,26,-0.4000000000000057,6.21,102,146,122,142,304,332,299,"0.783","-0.783",,,,11,4,1,0,0,0,6,54.5,0,0,"4.84","-0.91","-1.08","0.85","92.0",89,50,0,0,5.47,1.92,-0.01,2.12,0.182,0,"-1.909756098",,,"1.909756098",,,,,46.7,,,,,,,
41,668909,"Williams, Gavin",282,14.5,0.375,0.125,0.5,0.5,0.447,,,3,8,93.7,19.5,2398,81.7,81.98,5,15,26,0.29999999999999716,6.66,114,146,121,149,292,324,296,"-2.201","2.201",,,,10,6,2,1,0,0,2,20,1,10,"4.4","-0.96","-0.94","0.62","93.6",175,50,16.666666666666664,10,6.13,-2.9,0.19,1.9,0.5,1,"5.368292683",,,"-5.368292683",,,,,33.3,,,,,,,
41,701764,"Day, Cam",104,39.4,0.375,0,0.429,0.375,0.374,,,3,8,85.3,29,2699,83.2,82.26,2,14,27,-0.9000000000000057,5.82,110,152,119,147,300,331,292,"-1.201","1.201",,,,9,7,3,0,0,0,1,11.1,1,11.1,"3.83","-0.51","-1.29","-0.94","89.6",211,14.285714285714285,0,0,5.31,-2.28,0.27,2.28,0.444,0,"2.929268293",,,"-2.929268293",,,,,14.3,,,,,,,
41,670912,"Oviedo, Johan",260,15.8,0.375,0.375,0.5,0.75,0.479,,,3,8,87.5,29.4,2286,76.3,77.3,8,18,23,1,6.99,117,148,122,151,278,310,304,"-0.527","0.527",,,,8,5,2,0,0,1,3,37.5,0,0,"4.12","-0.21","-0.79","0.37","91.4",199,40,20,12.5,5.69,-2.85,0.01,1.89,0.375,1,"1.285365854",,,"-1.285365854",,,,,44.4,,,,,,,
40,669704,"Strowd, Kade",176,22.7,0.375,0.375,0.4,0.75,0.503,,,3,8,93.6,0.6,2911,83.2,82.68,1,15,25,-0.5,6.02,110,145,117,147,299,325,306,"-1.491","1.491",,,,9,6,2,0,0,1,2,22.2,1,11.1,"4.27","-0.97","-0.94","0.21","93.0",143,40,20,11.11111111111111,5.79,-1.44,-0.18,1.92,0.444,1,"3.7275",,,"-3.7275",,,,,6.7,,,,,,,
40,686610,"Waldichuk, Ken",151,26.5,0.222,0,0.333,0.222,0.289,,,2,9,92.1,7,2342,82.3,82.51,5,18,22,0.20000000000000284,6.55,114,148,119,151,296,322,298,"0.1","-0.1",,,,11,6,2,0,0,0,3,27.3,2,18.2,"3.6","-0.22","-1.2","0.03","94.0",101,66.66666666666666,0,0,5.76,2.19,0.24,2.13,0.364,0,"-0.25",,,"0.25",,,,,27.8,,,,,,,
40,625643,"López, Reynaldo",289,13.8,0.222,0.111,0.333,0.333,0.239,,,2,9,81.3,35,2233,72.4,72.41,3,15,25,0,6.32,120,149,129,151,288,321,292,"-0.078","0.078",,,,9,6,1,1,0,0,3,33.3,0,0,"5.1","-0.73","-0.82","0.35","89.5",186,16.666666666666664,0,0,6.1,-1.54,-0.11,1.88,0.222,0,"0.195",,,"-0.195",,,,,20,,,,,,,
40,671096,"Abbott, Andrew",362,11,0.4,0.6,0.5,1,0.588,,,2,5,87.6,0.7,2815,79.3,79.48,7,12,28,0.20000000000000284,6.32,104,150,112,148,298,326,295,"-1.633","1.633",,,,5,3,1,0,0,1,2,40,0,0,"4.21","-0.6","-0.75","0.39","90.9",137,33.33333333333333,33.33333333333333,20,6.19,2.4,0.18,1.73,0.4,1,"4.0825",,,"-4.0825",,,,,58.3,,,,,,,
39,665795,"Cabrera, Edward",293,13.3,0.25,0,0.333,0.25,0.248,,,2,8,93.3,12,2456,83.8,83.68,3,16,23,-0.09999999999999432,6.15,114,147,112,151,297,330,308,"0.356","-0.356",,,,10,6,2,0,0,0,3,30,1,10,"3.93","-0.69","-0.71","0.31","90.9",107,50,0,0,6.21,-1.1,0.02,2.56,0.3,0,"-0.912820513",,,"0.912820513",,,,,18.8,,,,,,,
39,656641,"Latz, Jacob",266,14.7,0.182,0,0.333,0.182,0.162,,,2,11,94.1,14.2,2657,79,79.14,5,11,28,0.09999999999999432,6.33,107,151,116,148,310,324,301,"0.369","-0.369",,,,11,6,2,0,0,0,5,45.5,0,0,"4.45","-0.8","-0.36","0.32","94.4",181,16.666666666666664,16.666666666666664,9.090909090909092,6.1,1.7,-0.09,1.83,0.182,1,"-0.946153846",,,"0.946153846",,,,,45.5,,,,,,,
39,669387,"Mlodzinski, Carmen",201,19.4,0.667,0.333,0.667,1,0.717,,,2,3,104.7,3,2589,83.7,82.98,5,11,28,-0.7000000000000028,6.11,110,149,115,150,284,312,280,"-0.891","0.891",,,,3,3,1,1,0,0,0,0,0,0,"4.15","-0.86","-0.52","-0.02","96.4",88,100,0,0,5.75,-1.25,0.48,1.46,0.667,0,"2.284615385",,,"-2.284615385",,,,,45.5,,,,,,,
39,571945,"Mikolas, Miles",188,20.7,0,0,0,0,0.14,,,0,8,76.4,53.3,2562,75.4,75.05,3,10,29,-0.30000000000001137,6.1,114,147,117,152,293,327,302,"0.376","-0.376",,,,10,3,0,0,0,0,5,50,2,20,"5.22","-1.2","-0.52","0.35","90.2",109,0,0,0,6.69,-1.29,0.19,1.66,0.2,0,"-0.964102564",,,"0.964102564",,,,,30,,,,,,,
38,680730,"Parker, Mitchell",161,23.6,0.5,0,0.5,0.5,0.572,,,1,2,90.6,19.5,2241,78.6,78.93,3,11,27,0.30000000000001137,6.6,107,150,122,148,297,325,294,"-0.701","0.701",,,,4,2,1,0,0,0,0,0,2,50,"4.35","-0.64","-0.29","0.26","88.9",142,0,0,0,6.23,1.53,0.22,2.51,0.75,0,"1.844736842",,,"-1.844736842",,,,,27.3,,,,,,,
38,680570,"Rodriguez, Grayson",239,15.9,0.143,0,0.25,0.143,0.199,,,1,7,89,4.5,2639,78.7,79.59,8,17,21,0.8999999999999915,6.97,111,147,115,148,298,320,302,"0.929","-0.929",,,,8,4,1,0,0,0,3,37.5,1,12.5,"4.5","-0.81","-0.61","0.22","93.7",164,75,25,12.5,5.82,-2.57,-0.16,1.86,0.25,1,"-2.444736842",,,"2.444736842",,,,,47.1,,,,,,,
37,622250,"Sborz, Josh",134,27.6,0.111,0,0.167,0.111,0.159,,,1,9,95.1,-0.2,2202,81.7,80.61,4,13,24,-1.1000000000000085,5.68,113,145,118,150,300,321,305,"0.325","-0.325",,,,10,6,1,0,0,0,3,30,1,10,"4.3","-0.86","-0.87","0.4","95.4",80,66.66666666666666,0,0,6.23,-0.91,0.25,1.71,0.2,0,"-0.878378378",,,"0.878378378",,,,,30.8,,,,,,,
37,680694,"Bradish, Kyle",222,16.7,0,0,0,0,0,,,0,5,93.8,3.5,2626,83,82.6,8,14,23,-0.4000000000000057,6.29,114,148,124,148,287,308,292,"1.112","-1.112",,,,5,2,0,0,0,0,3,60,0,0,"4.48","-1.13","-0.53","0.27","91.7",163,50,0,0,6.49,-1.15,0.16,1.23,0,0,"-3.005405405",,,"3.005405405",,,,,57.1,,,,,,,
37,605135,"Bassitt, Chris",285,13,0,0,0,0,0.058,,,0,11,82.8,38.3,2252,70,69.58,6,17,20,-0.4000000000000057,6.22,117,148,120,149,280,310,285,"1.748","-1.748",,,,12,7,0,0,0,0,4,33.3,1,8.3,"5.67","-0.97","-1.27","0.45","89.1",204,16.666666666666664,0,0,5.77,-1.54,-0.14,2.07,0.083,0,"-4.724324324",,,"4.724324324",,,,,35.3,,,,,,,
36,801403,"Dollander, Chase",292,12.3,0.667,0.667,0.667,1.333,0.813,,,2,3,93.4,11.3,2788,80.5,80.4,2,12,24,-0.09999999999999432,6.33,113,147,111,150,289,315,297,"-1.71","1.71",,,,4,3,0,2,0,0,0,0,0,0,"4.07","-0.53","-1.05","0.6","93.5",118,66.66666666666666,0,0,5.22,-1.85,0.21,2.1,0.75,0,"4.75",,,"-4.75",,,,,16.7,,,,,,,
36,678576,"Ramos, Wilkin",120,30,0.333,0,0.333,0.333,0.397,,,2,6,81.8,15.2,1839,78.1,79.94,3,12,24,1.8000000000000114,7.62,109,147,117,149,309,336,298,"-0.996","0.996",,,,8,6,2,0,0,0,0,0,2,25,"4.37","-0.62","-0.66","0.14","88.2",120,0,0,0,5.19,-2.61,-0.54,2.19,0.5,0,"2.766666667",,,"-2.766666667",,,,,25,,,,,,,
35,664353,"Urquidy, José",154,22.7,0.2,0,0.25,0.2,0.178,,,2,10,88.4,24.5,2676,78.5,77.24,2,12,23,-1.2999999999999972,5.57,116,143,113,148,293,322,300,"0.923","-0.923",,,,10,8,2,0,0,0,2,20,0,0,"4.64","-0.91","-0.79","0.64","91.4",203,25,0,0,6.1,-1.61,0.24,2.39,0.2,0,"-2.637142857",,,"2.637142857",,,,,16.7,,,,,,,
35,681347,"Burrows, Mike",280,12.5,0.286,0,0.667,0.286,0.31,,,2,7,85.3,34.7,2810,78.7,78.04,2,9,26,-0.7000000000000028,6.14,114,149,126,151,297,319,303,"-0.347","0.347",,,,8,3,2,0,0,0,4,50,1,12.5,"4.7","-0.97","-0.74","0.15","89.6",181,0,0,0,6,-2.54,0.3,1.83,0.375,0,"0.991428571",,,"-0.991428571",,,,,22.2,,,,,,,
35,800048,"Messick, Parker",314,11.1,0.5,0.667,0.4,1.167,0.7,,,3,6,96.4,11.2,2296,77.2,77.11,1,9,26,-0.10000000000000853,6.34,109,149,122,146,296,324,300,"-1.561","1.561",,,,6,6,1,1,0,1,0,0,0,0,"4.48","-0.63","-1.05","0.95","98.7",204,66.66666666666666,16.666666666666664,16.666666666666664,5.6,1.17,0.04,2.06,0.5,1,"4.46",,,"-4.46",,,,,11.1,,,,,,,
35,681517,"Leahy, Kyle",280,12.5,0.375,0,0.429,0.375,0.334,,,3,8,93.1,-8.3,2274,81.9,83.17,2,15,20,1.2999999999999972,7.01,116,144,115,148,288,319,285,"-0.88","0.88",,,,8,7,3,0,0,0,1,12.5,0,0,"4.27","-0.88","-0.68","0.34","92.9",121,28.57142857142857,0,0,5.78,-1.75,0.28,2.09,0.375,0,"2.514285714",,,"-2.514285714",,,,,13.3,,,,,,,
35,601713,"Pivetta, Nick",208,16.8,0.8,0.7,0.778,1.5,0.948,,,8,10,92.8,17.8,2818,80.2,80.63,0,16,19,0.3999999999999915,6.71,116,145,123,149,296,327,301,"-5.529","5.529",,,,11,10,4,2,1,1,0,0,1,9.1,"4.67","-1.11","-0.75","0.39","93.2",188,50,30,27.27272727272727,6.77,-0.83,0.11,2.42,0.818,3,"15.797142857",,,"-15.797142857",,,,,0,,,,,,,
35,676879,"Ashby, Aaron",148,23.6,0.2,0,0.5,0.2,0.178,,,1,5,90.4,6,2635,81.4,79.99,2,7,28,-1.4000000000000057,5.4,105,149,120,148,300,318,292,"0.046","-0.046",,,,5,2,1,0,0,0,3,60,0,0,"4.82","-1.36","-0.65","0.36","92.5",103,50,0,0,6.51,0.56,0.36,2.75,0.2,0,"-0.131428571",,,"0.131428571",,,,,28.6,,,,,,,
35,668834,"McGee, Easton",152,23,0,0,0,0,0.081,,,0,8,84.4,20.4,2374,80,80.33,2,13,22,0.29999999999999716,6.66,115,149,120,151,298,321,298,"1.54","-1.54",,,,9,7,0,0,0,0,1,11.1,0,0,"4.4","-0.82","-0.94","0.19","89.8",84,28.57142857142857,0,0,5.7,-1.23,-0.15,2.03,0.111,0,"-4.4",,,"4.4",,,,,15.4,,,,,,,
35,669310,"Van Eyk, CJ",159,22,0,0,0,0,0.233,,,0,5,94,-9.2,2163,81.5,81.39,2,11,24,-0.09999999999999432,6.25,107,143,116,143,289,327,290,"-0.179","0.179",,,,9,6,0,0,0,0,0,0,3,33.3,"4.34","-0.9","-0.66","0.29","92.8",103,50,0,0,5.48,-1.74,-0.14,2.11,0.333,0,"0.511428571",,,"-0.511428571",,,,,18.2,,,,,,,
34,642528,"Loáisiga, Jonathan",136,25,0.375,0.25,0.5,0.625,0.427,,,3,8,89.5,12.5,2687,88.6,89.04,8,21,13,0.4000000000000057,6.45,115,149,119,149,300,320,299,"-0.734","0.734",,,,8,6,1,2,0,0,2,25,0,0,"2.76","0.13","-0.41","-0.07","92.6",126,16.666666666666664,0,0,5.52,-2.4,0.63,1.95,0.375,0,"2.158823529",,,"-2.158823529",,,,,38.1,,,,,,,
34,669194,"Nelson, Ryne",260,13.1,0,0,0,0,0,,,0,4,86.9,-7,2750,79.5,79.7,3,17,17,0.20000000000000284,6.44,116,147,122,151,300,330,307,"0.772","-0.772",,,,4,4,0,0,0,0,0,0,0,0,"4.41","-0.8","-0.69","0.39","92.6",112,50,0,0,6.4,-1.1,0.2,1.55,0,0,"-2.270588235",,,"2.270588235",,,,,17.6,,,,,,,
34,657022,"Supak, Trey",157,21.7,0,0,0,0,0,,,0,11,79.1,1.7,2251,75.9,76.05,3,17,17,0.19999999999998863,6.47,109,149,125,150,309,323,309,"1.719","-1.719",,,,11,9,0,0,0,0,2,18.2,0,0,"4.91","-0.94","-0.83","0.22","89.4",88,11.11111111111111,0,0,6.1,-0.93,-0.01,2.16,0,0,"-5.055882353",,,"5.055882353",,,,,17.6,,,,,,,
34,677944,"Cecconi, Slade",259,13.1,0.1,0,0.143,0.1,0.089,,,1,10,87.1,31.4,2385,75.9,75.76,5,14,20,-0.10000000000000853,6.44,113,146,129,150,296,322,296,"1.136","-1.136",,,,10,7,1,0,0,0,3,30,0,0,"5.2","-1.19","-0.71","0.39","91.9",175,28.57142857142857,0,0,6.09,-1.83,0.13,1.96,0.1,0,"-3.341176471",,,"3.341176471",,,,,35.7,,,,,,,
34,663969,"Phillips, Tyler",140,24.3,0.125,0.25,0.333,0.375,0.2,,,1,8,89.6,-21,2653,83.6,83.76,8,16,18,0.20000000000000284,6.48,111,144,115,151,280,314,296,"-0.664","0.664",,,,8,3,0,0,1,0,5,62.5,0,0,"4.34","-1.07","-0.45","0.45","90.0",119,33.33333333333333,0,0,6.33,-0.83,0.07,1.42,0.125,0,"1.952941176",,,"-1.952941176",,,,,50,,,,,,,
33,672282,"Detmers, Reid",228,14.5,0.125,0,0.2,0.125,0.111,,,1,8,80.9,43.8,2533,73.3,72.84,4,12,21,-0.5,6.11,103,149,118,147,301,321,295,"1.336","-1.336",,,,8,5,1,0,0,0,3,37.5,0,0,"5.43","-1.16","-0.85","0.55","91.0",230,20,0,0,6.4,1.52,0.14,2.35,0.125,0,"-4.048484848",,,"4.048484848",,,,,33.3,,,,,,,
33,663623,"Irvin, Jake",204,16.2,0.125,0.125,0.2,0.25,0.158,,,1,8,87.3,19.8,2474,76.4,77.14,7,14,19,0.6999999999999886,7.02,118,149,120,150,293,323,302,"0.533","-0.533",,,,8,5,0,1,0,0,3,37.5,0,0,"4.37","-0.43","-1.47","0.41","90.1",171,20,0,0,5.44,-2.07,0.26,1.36,0.125,0,"-1.615151515",,,"1.615151515",,,,,50,,,,,,,
33,687075,"Sproat, Brandon",209,15.8,0.333,0.444,0.4,0.778,0.467,,,3,9,93.5,2.7,2531,82.7,82.51,5,15,18,-0.20000000000000284,6.23,111,149,119,149,298,319,297,"-0.731","0.731",,,,9,6,1,1,0,1,3,33.3,0,0,"4.26","-0.91","-0.88","0.01","93.1",122,50,33.33333333333333,22.22222222222222,5.73,-2.2,0.2,1.78,0.333,2,"2.215151515",,,"-2.215151515",,,,,33.3,,,,,,,
33,607067,"Rea, Colin",339,9.7,0.25,0.5,0.5,0.75,0.399,,,1,4,91.9,21,2135,80.3,80.62,3,7,26,0.29999999999999716,6.48,117,148,114,153,295,333,305,"-0.708","0.708",,,,4,2,0,0,1,0,2,50,0,0,"4.03","-0.49","-0.81","0.65","89.6",190,0,0,0,5.69,-1.56,-0.32,2.14,0.25,0,"2.145454545",,,"-2.145454545",,,,,42.9,,,,,,,
32,674841,"Alvarez, Andrew",127,25.2,0,0,0,0,0,,,0,15,82.9,-14.1,2667,82.7,82.3,3,12,20,-0.4000000000000057,6.17,113,149,121,146,293,323,292,"2.335","-2.335",,,,15,7,0,0,0,0,8,53.3,0,0,"4.21","-0.86","-1.16","0.64","91.3",45,28.57142857142857,0,0,6.31,1.6,-0.16,2.05,0,0,"-7.296875",,,"7.296875",,,,,25,,,,,,,
32,664208,"Maton, Phil",113,28.3,0.167,0.167,0.333,0.333,0.373,,,1,6,102.7,17.3,3111,75.2,75.55,6,15,17,0.3999999999999915,6.91,114,150,117,150,295,329,301,"-0.289","0.289",,,,9,3,0,1,0,0,3,33.3,3,33.3,"4.71","-0.62","-1.46","-0.24","96.5",169,100,33.33333333333333,11.11111111111111,5.07,-1.49,-0.13,1.9,0.444,1,"0.903125",,,"-0.903125",,,,,40,,,,,,,
31,691587,"Pérez, Eury",251,12.4,0,0,0,0,0.14,,,0,4,97.3,24,2677,81.7,82.31,7,9,22,0.5999999999999943,6.68,111,146,123,149,286,318,291,"0.509","-0.509",,,,5,1,0,0,0,0,3,60,1,20,"4","-0.59","-0.5","0.23","97.3",317,100,0,0,6.32,-1.71,0.29,1.43,0.2,0,"-1.641935484",,,"1.641935484",,,,,77.8,,,,,,,
31,676568,"Vanasco, Ricky",158,19.6,0,0,0,0,0,,,0,5,,,2335,84,83.99,2,8,23,0,6.38,117,150,118,150,288,320,292,"0.94","-0.94",,,,5,1,0,0,0,0,4,80,0,0,"4.38","-1.14","-0.49","0.02","88.0",135,,,,5.89,-1.65,0.23,2.35,0,,"-3.032258065",,,"3.032258065",,,,,25,,,,,,,
31,656786,"Mushinski, Parker",165,18.8,0.571,0.143,0.8,0.714,0.579,,,4,7,98.5,15.8,2690,82.7,83.05,2,12,19,0.3999999999999915,6.36,107,151,119,145,303,316,292,"-1.825","1.825",,,,8,5,3,1,0,0,2,25,1,12.5,"4.12","-0.81","-0.65","0.65","95.5",191,80,20,12.5,5.55,1.78,0.3,1.76,0.625,1,"5.887096774",,,"-5.887096774",,,,,16.7,,,,,,,
31,623433,"Anderson, Nick",178,17.4,0.4,0.6,0.5,1,0.572,,,2,5,99.8,19,1880,83,82.61,2,11,20,-0.4000000000000057,6.16,109,151,120,149,303,326,293,"-1.107","1.107",,,,5,4,0,1,1,0,1,20,0,0,"3.22","0.11","-0.21","-0.09","96.1",207,100,0,0,6.44,-0.67,0.07,2.15,0.4,0,"3.570967742",,,"-3.570967742",,,,,18.2,,,,,,,
31,663465,"Allard, Kolby",201,15.4,0.333,0.5,0.333,0.833,0.49,,,2,6,84.8,4,1855,72.3,71.53,4,11,20,-0.7999999999999972,5.83,113,153,121,146,301,326,293,"-0.881","0.881",,,,6,4,1,0,0,1,2,33.3,0,0,"5.54","-1.15","-0.46","0.38","91.6",106,50,25,16.666666666666664,5.68,2.03,0.05,1.35,0.333,1,"2.841935484",,,"-2.841935484",,,,,36.4,,,,,,,
30,700249,"Povich, Cade",153,19.6,0,0,0,0,0,,,0,5,91.8,-7.8,2575,76.3,75.85,3,9,21,-0.5,6.36,107,151,118,145,290,313,290,"1.095","-1.095",,,,5,4,0,0,0,0,1,20,0,0,"5.21","-1.24","-0.95","0.9","93.8",75,25,0,0,6.1,1.05,0.19,1.8,0,0,"-3.65",,,"3.65",,,,,33.3,,,,,,,
30,663474,"McKenzie, Triston",155,19.4,0.2,0,0.5,0.2,0.148,,,1,5,90.4,36.5,2404,81.4,81.42,4,8,22,0,6.29,112,144,118,146,291,324,294,"-0.138","0.138",,,,6,2,1,0,0,0,4,66.7,0,0,"3.98","-0.54","-0.54","0.04","90.0",156,50,0,0,6.31,-2.17,0.79,0.97,0.167,0,"0.46",,,"-0.46",,,,,50,,,,,,,
30,676440,"Bibee, Tanner",351,8.5,0.25,0.25,0.25,0.5,0.315,,,1,4,88.4,48.5,2588,79.1,79.24,3,11,19,0.10000000000000853,6.57,120,150,123,150,299,326,291,"0.071","-0.071",,,,4,4,0,1,0,0,0,0,0,0,"4.29","-0.62","-1.21","0","91.7",184,50,0,0,6.5,-2.05,0.49,2.03,0.25,0,"-0.236666667",,,"0.236666667",,,,,27.3,,,,,,,
30,681343,"Smith, Shane",222,13.5,0.375,0.25,0.5,0.625,0.427,,,3,8,93.8,20.5,2094,81.2,81.81,2,14,16,0.5999999999999943,6.69,112,145,113,148,293,327,312,"-0.769","0.769",,,,8,6,1,2,0,0,2,25,0,0,"4.29","-0.83","-0.08","0","91.8",138,50,0,0,6.06,-1.8,0.24,1.85,0.375,0,"2.563333333",,,"-2.563333333",,,,,14.3,,,,,,,
30,608331,"Fried, Max",223,13.5,0.5,0.25,0.667,0.75,0.538,,,2,4,103.1,12.7,2672,73.8,73.15,3,7,23,-0.5999999999999943,6.01,106,148,122,147,295,320,272,"-0.538","0.538",,,,4,3,1,1,0,0,1,25,0,0,"5.4","-1.18","-0.71","0.42","99.6",171,100,0,0,6.19,1.13,0.23,2.48,0.5,0,"1.793333333",,,"-1.793333333",,,,,42.9,,,,,,,
29,434378,"Verlander, Justin",257,11.3,0.25,0.25,0.333,0.5,0.315,,,1,4,91.5,13.3,2636,77.5,77,3,9,20,-0.5,5.9,119,150,119,149,290,325,293,"0.026","-0.026",,,,4,3,0,1,0,0,1,25,0,0,"4.84","-1.05","-0.56","0.06","93.2",193,33.33333333333333,0,0,7.07,-1.92,-0.09,2.09,0.25,0,"-0.089655172",,,"0.089655172",,,,,33.3,,,,,,,
29,656605,"Keller, Mitch",285,10.2,0.333,0,1,0.333,0.457,,,1,3,86.6,31,2549,77.7,77.46,4,7,22,-0.20000000000000284,6.49,121,147,117,151,287,315,285,"-0.649","0.649",,,,5,1,1,0,0,0,2,40,2,40,"4.94","-1.1","-1.12","1.02","88.0",86,0,0,0,5.93,-1.95,-0.24,2,0.6,0,"2.237931034",,,"-2.237931034",,,,,57.1,,,,,,,
29,641585,"France, J.P.",189,15.3,0.2,0,0.5,0.2,0.178,,,1,5,74.6,43.5,2610,75.7,75.28,4,11,18,-0.4000000000000057,6.37,117,150,126,151,296,315,289,"0.123","-0.123",,,,5,2,1,0,0,0,3,60,0,0,"5.37","-1.33","-0.81","0.06","90.5",121,0,0,0,5.38,-1.51,0.33,1.83,0.2,0,"-0.424137931",,,"0.424137931",,,,,36.4,,,,,,,
29,813349,"Early, Connelly",254,11.4,0.333,0,0.667,0.333,0.354,,,2,6,101.6,28,2418,81.2,81.51,6,11,18,0.29999999999999716,6.62,111,151,127,147,300,309,284,"-0.515","0.515",,,,7,3,2,0,0,0,3,42.9,1,14.3,"4.25","-0.77","-0.79","0.59","95.2",180,100,0,0,5.63,2.65,-0.1,1.64,0.429,0,"1.775862069",,,"-1.775862069",,,,,54.5,,,,,,,
29,672335,"Pérez, Cionel",80,36.3,0.167,0,0.333,0.167,0.227,,,1,6,78.1,-29.3,2687,85,84.2,6,12,17,-0.7999999999999972,5.79,109,153,124,148,299,322,289,"0.326","-0.326",,,,7,3,1,0,0,0,3,42.9,1,14.3,"4.1","-0.94","-0.43","0.43","92.3",9,33.33333333333333,0,0,5.6,1.39,-0.01,1.82,0.286,0,"-1.124137931",,,"1.124137931",,,,,50,,,,,,,
28,663562,"Davis, Noah",213,13.1,0,0,0,0,0.208,,,0,5,66.8,-23,2642,76.8,75.33,4,9,19,-1.5,5.5,118,148,123,150,289,310,288,"0.04","-0.04",,,,7,2,0,0,0,0,3,42.9,0,0,"4.85","-0.93","-1.1","0.83","89.8",132,0,0,0,5.88,-1.91,0.77,1.77,0.286,0,"-0.142857143",,,"0.142857143",,,,,44.4,,,,,,,
28,684442,"Drake, Kohl",119,23.5,0.25,0.333,0.286,0.583,0.377,,,3,12,86.7,9.8,2535,79.3,79.59,4,15,13,0.29999999999999716,6.35,109,147,119,147,302,324,302,"-0.907","0.907",,,,13,8,1,1,0,1,4,30.8,1,7.7,"4.41","-0.8","-0.49","0.24","93.3",152,50,25,15.384615384615385,5.89,1.3,-0.08,1.68,0.308,2,"3.239285714",,,"-3.239285714",,,,,26.7,,,,,,,
28,592791,"Taillon, Jameson",267,10.5,0,0,0,0,0.279,,,0,3,83.9,38,2589,79,79.46,4,8,20,0.5,6.75,112,149,111,153,320,331,305,"0.008","-0.008",,,,5,1,0,0,0,0,2,40,2,40,"4.43","-0.75","-0.79","0.4","88.1",142,0,0,0,6.13,-1.23,0.01,2.19,0.4,0,"-0.028571429",,,"0.028571429",,,,,50,,,,,,,
28,669084,"Hall, DL",158,17.7,0,0,0,0,0.175,,,0,3,92.1,-1,2587,79.7,80.19,3,7,21,0.5,6.71,107,149,120,147,299,321,293,"0.143","-0.143",,,,4,1,0,0,0,0,2,50,1,25,"4.55","-0.95","-0.76","0.47","89.4",80,0,0,0,5.74,2.59,-0.15,2.09,0.25,0,"-0.510714286",,,"0.510714286",,,,,42.9,,,,,,,
27,805990,"Kipp, Grant",99,27.3,0.222,0.333,0.167,0.556,0.327,,,2,9,98.4,26.3,2754,81.3,81.77,1,11,16,0.5,6.82,109,148,114,151,298,325,300,"-0.688","0.688",,,,9,7,1,0,0,1,2,22.2,0,0,"4.07","-0.6","-1.24","-0.04","97.0",196,71.42857142857143,28.57142857142857,22.22222222222222,5.77,-2.1,0.64,1.63,0.222,2,"2.548148148",,,"-2.548148148",,,,,9.1,,,,,,,
27,676510,"Hoffman, Nolan",111,24.3,0.25,0.75,,1,0.513,,,1,4,105.7,29,2564,78,77.57,3,7,20,-0.4000000000000057,6.22,108,151,119,147,283,313,281,"-2.11","2.11",,,,4,1,0,0,0,1,3,75,0,0,"4.25","-0.47","-1.45","-0.48","92.9",171,100,100,25,4.29,-2.36,0.59,1.82,0.25,1,"7.814814815",,,"-7.814814815",,,,,42.9,,,,,,,
27,681895,"Sisk, Evan",116,23.3,0.2,0,0.25,0.2,0.265,,,1,5,83.4,16.8,2182,77.2,77.33,1,6,21,0.09999999999999432,6.74,107,149,114,149,282,313,272,"-0.134","0.134",,,,6,4,1,0,0,0,1,16.7,1,16.7,"4.36","-0.49","-1.04","0.54","90.0",160,25,0,0,5.19,3.74,-0.04,1.68,0.333,0,"0.496296296",,,"-0.496296296",,,,,16.7,,,,,,,
27,691799,"Taylor, Grant",159,17,0.286,0,0.5,0.286,0.254,,,2,7,86,-6,2483,84.5,85.71,5,9,18,1.2000000000000028,7.05,118,144,114,146,294,323,298,"0.181","-0.181",,,,7,4,2,0,0,0,3,42.9,0,0,"4.32","-1.13","-0.17","0.11","88.7",195,0,0,0,5.89,-0.52,-0.16,2.06,0.286,0,"-0.67037037",,,"0.67037037",,,,,55.6,,,,,,,
27,664074,"Ponce, Cody",215,12.6,0.4,0,0.4,0.4,0.413,,,2,5,95.3,-4.8,2347,83.4,83.72,1,11,16,0.29999999999999716,6.47,115,149,120,148,295,325,292,"-0.503","0.503",,,,6,5,2,0,0,0,0,0,1,16.7,"4.18","-0.9","-0.32","0","94.9",86,60,0,0,6.63,-2.62,0.09,1.95,0.5,0,"1.862962963",,,"-1.862962963",,,,,9.1,,,,,,,
27,702303,"Martin, Riley",96,28.1,0.25,0.125,0.286,0.375,0.269,,,2,8,96.5,-3.1,2576,84,82.68,3,16,11,-1.2999999999999972,5.41,105,148,113,146,306,328,305,"0.035","-0.035",,,,8,7,1,1,0,0,1,12.5,0,0,"4.31","-1.08","-0.41","0.18","94.8",109,71.42857142857143,0,0,6.23,2.26,-0.15,2.02,0.25,0,"-0.12962963",,,"0.12962963",,,,,18.8,,,,,,,
26,681293,"Arrighetti, Spencer",150,17.3,0.2,0.6,0,0.8,0.497,,,1,5,87.3,12.7,2832,76.8,77.7,4,10,16,0.9000000000000057,7.1,112,147,124,150,295,325,299,"-1.678","1.678",,,,7,3,0,0,0,1,2,28.6,1,14.3,"4.41","-0.51","-1.29","0.51","94.1",230,33.33333333333333,33.33333333333333,14.285714285714285,4.96,-1.76,0.37,1.98,0.429,1,"6.453846154",,,"-6.453846154",,,,,40,,,,,,,
26,682227,"Williamson, Brandon",247,10.5,0,0,0,0,0,,,0,4,80,35,2668,76.7,75.85,1,5,21,-0.9000000000000057,5.7,110,151,117,149,294,320,295,"0.286","-0.286",,,,4,2,0,0,0,0,2,50,0,0,"4.74","-0.86","-0.93","0.5","88.0",166,0,0,0,6.73,0.81,-0.07,2.21,0,0,"-1.1",,,"1.1",,,,,20,,,,,,,
26,702318,"Campos, Chris",146,17.8,0,0,,0,0,,,0,3,,,2029,76.6,76.49,1,3,23,-0.09999999999999432,6.31,115,146,119,148,300,326,296,"0.626","-0.626",,,,3,0,0,0,0,0,3,100,0,0,"4.78","-0.88","-0.05","-0.01","88.0",4,,,,5.82,-1.6,-0.14,2.95,0,,"-2.407692308",,,"2.407692308",,,,,33.3,,,,,,,
26,680573,"Woods Richardson, Simeon",326,8,0.667,0.333,0.667,1,0.717,,,2,3,98.6,23.7,2468,76.7,76.8,1,6,20,0.09999999999999432,6.37,121,146,118,151,290,319,279,"-0.721","0.721",,,,3,3,1,1,0,0,0,0,0,0,"4.75","-0.87","-0.48","0.21","96.0",231,66.66666666666666,0,0,6.62,-0.98,-0.31,2.18,0.667,0,"2.773076923",,,"-2.773076923",,,,,16.7,,,,,,,
26,682254,"Montgomery, Mason",140,18.6,0,0,0,0,0.233,,,0,2,92,24,2591,86.5,87.55,3,8,18,1.0999999999999943,6.87,108,152,124,149,284,305,278,"-0.519","0.519",,,,3,2,0,0,0,0,0,0,1,33.3,"3.56","-0.52","0.02","-0.04","89.6",232,0,0,0,5.81,1.1,-0.42,0.8,0.333,0,"1.996153846",,,"-1.996153846",,,,,37.5,,,,,,,
26,676596,"Fleming, Josh",121,21.5,1,0,1,1,0.89,,,2,2,75.2,22.5,2188,76.5,76.2,6,10,16,-0.29999999999999716,6.39,114,149,119,146,291,325,293,"-1.043","1.043",,,,2,2,2,0,0,0,0,0,0,0,"3.79","0.16","-0.73","-0.09","93.4",119,0,0,0,5.6,3.25,-0.36,1.95,1,0,"4.011538462",,,"-4.011538462",,,,,60,,,,,,,
26,663687,"Harris, Hogan",131,19.8,0.333,0,0.667,0.333,0.297,,,2,6,71.9,-9.7,2685,74.8,74.53,4,8,18,-0.29999999999999716,6.32,109,151,121,149,302,323,292,"0.039","-0.039",,,,6,3,2,0,0,0,3,50,0,0,"5.43","-1.32","-0.58","0.09","90.3",88,33.33333333333333,0,0,6.14,1.96,0.14,2.26,0.333,0,"-0.15",,,"0.15",,,,,50,,,,,,,
26,693686,"Miles, Spencer",186,14,0.2,0.1,0.4,0.3,0.215,,,2,10,85.5,15.4,2812,80.3,80.49,6,13,13,0.20000000000000284,6.65,116,147,123,149,287,321,291,"0.706","-0.706",,,,10,5,1,1,0,0,5,50,0,0,"4.5","-0.94","-1.02","0.47","93.1",214,40,20,10,5.99,-1.47,0.07,2.3,0.2,1,"-2.715384615",,,"2.715384615",,,,,46.2,,,,,,,
25,621074,"Rucker, Michael",110,22.7,0.167,0,0.333,0.167,0.227,,,1,6,87,5.3,2665,81.9,81.42,6,10,15,-0.5,6.08,101,132,112,140,291,322,299,"0.616","-0.616",,,,7,3,1,0,0,0,3,42.9,1,14.3,"4.16","-0.74","-1.18","0.16","90.5",157,33.33333333333333,0,0,5.38,-2.22,-0.11,1.67,0.286,0,"-2.464",,,"2.464",,,,,60,,,,,,,
25,594835,"Gonzales, Marco",285,8.8,0.333,0.333,0.333,0.667,0.465,,,2,6,97.7,15.3,2211,80.7,80.54,1,11,14,-0.20000000000000284,6.22,110,146,116,145,306,328,297,"-0.144","0.144",,,,7,6,0,2,0,0,0,0,0,0,"3.87","-0.37","0.17","-0.03","96.3",168,66.66666666666666,33.33333333333333,28.57142857142857,5.41,2.21,0.1,2.3,0.429,2,"0.576",,,"-0.576",,,,,9.1,,,,,,,
25,701542,"Warren, Will",344,7.3,0.4,0,0.5,0.4,0.356,,,2,5,90,1.5,2853,81.7,81.45,1,10,15,-0.29999999999999716,6.3,117,147,122,152,287,329,296,"-0.729","0.729",,,,5,4,2,0,0,0,1,20,0,0,"4.36","-0.92","-0.95","0.81","91.5",144,50,0,0,5.87,-3.38,-0.14,1.09,0.4,0,"2.916",,,"-2.916",,,,,10,,,,,,,
25,689441,"Crow, Coleman",89,28.1,0.167,0,0.167,0.167,0.127,,,1,6,88.1,20,3073,75.7,74.86,2,11,14,-0.7999999999999972,6.05,109,147,119,150,297,319,302,"0.891","-0.891",,,,7,6,1,0,0,0,1,14.3,0,0,"5.11","-1.07","-1.38","0.6","91.9",205,33.33333333333333,0,0,5.29,-1.43,-0.24,1.87,0.143,0,"-3.564",,,"3.564",,,,,18.2,,,,,,,
25,656234,"Bird, Jake",167,15,0,0,0,0,0.116,,,0,5,63.7,7,2852,81.1,80.07,3,7,18,-1,5.83,113,147,126,151,284,319,291,"0.268","-0.268",,,,6,1,0,0,0,0,4,66.7,1,16.7,"4.23","-0.73","-1.37","0.79","92.7",113,0,0,0,5.55,-2.8,0.03,1.91,0.167,0,"-1.072",,,"1.072",,,,,42.9,,,,,,,
25,687473,"Gusto, Ryan",161,15.5,0.2,0.6,0,0.8,0.41,,,1,5,99.5,12.3,2537,79.3,79.28,1,9,16,0,6.36,116,149,123,150,291,323,287,"-0.009","0.009",,,,5,4,0,0,0,1,1,20,0,0,"4.81","-1.17","-0.46","-0.01","94.5",157,75,25,20,6.11,-1.91,-0.15,2.55,0.2,1,"0.036",,,"-0.036",,,,,11.1,,,,,,,
25,693313,"Seymour, Carson",198,12.6,0.75,0.25,0.6,1,0.608,,,3,4,87.2,31.6,1827,84.9,84.95,0,13,12,0,6.46,114,148,115,151,303,328,304,"-1.438","1.438",,,,5,5,2,1,0,0,0,0,0,0,"3.92","-0.75","-0.61","0.41","92.5",134,60,0,0,6.08,-1.14,0.01,1.76,0.6,0,"5.752",,,"-5.752",,,,,0,,,,,,,
25,695556,"Panzini, Shane",136,18.4,0,0,0,0,0,,,0,5,94.7,14,2166,77.6,77.59,1,9,16,0,6.45,113,146,112,145,293,321,295,"1.221","-1.221",,,,5,4,0,0,0,0,1,20,0,0,"4.78","-0.97","-0.73","-0.15","92.3",126,50,0,0,6.11,-1.11,-0.06,2.18,0,0,"-4.884",,,"4.884",,,,,11.1,,,,,,,
25,690990,"Horton, Cade",226,11.1,0.333,0.167,0.4,0.5,0.407,,,2,6,90.1,21.6,2505,84.5,84.42,2,8,17,-0.09999999999999432,6.14,119,147,106,152,294,335,304,"-0.724","0.724",,,,7,5,1,1,0,0,1,14.3,1,14.3,"3.72","-0.54","-0.11","0.11","94.7",154,40,20,14.285714285714285,6.08,-1.79,-0.4,1.49,0.429,1,"2.896",,,"-2.896",,,,,25,,,,,,,
25,605130,"Barlow, Scott",133,18.8,0,0,0,0,0,,,0,3,78.5,-1,2520,76.5,76.66,3,6,19,0.20000000000000284,6.47,118,148,115,148,299,326,294,"0.278","-0.278",,,,3,1,0,0,0,0,2,66.7,0,0,"4.42","-0.52","-1.15","0.15","88.0",78,0,0,0,5.25,-2.4,0.41,1.6,0,0,"-1.112",,,"1.112",,,,,50,,,,,,,
25,670245,"Watson, Ryan",202,12.4,0,0,0,0,0,,,0,5,98.5,-3.5,2153,82.5,83.46,1,7,18,1,6.92,111,145,127,150,282,311,295,"1.301","-1.301",,,,5,2,0,0,0,0,3,60,0,0,"4.19","-0.84","-0.9","0.63","94.7",24,50,0,0,5.53,-1.16,0.15,1.69,0,0,"-5.204",,,"5.204",,,,,14.3,,,,,,,
25,593833,"Suero, Wander",136,18.4,0.4,1.2,0,1.6,0.82,,,2,5,101.3,16.3,2371,78,77.54,3,9,16,-0.5,6.24,110,152,120,148,298,313,283,"-3.457","3.457",,,,5,4,0,0,0,2,1,20,0,0,"3.87","-0.08","-0.92","-0.51","98.6",246,100,50,40,5.43,-3.91,-0.11,2.27,0.4,2,"13.828",,,"-13.828",,,,,33.3,,,,,,,
24,682769,"Castellano, Eiberson",137,17.5,0,0,0,0,0,,,0,3,70.9,1.5,2555,82.2,82.34,3,7,17,0.09999999999999432,6.38,112,144,116,144,300,317,294,"-0.242","0.242",,,,4,2,0,0,0,0,2,50,0,0,"4.05","-0.68","-0.34","-0.04","88.9",114,0,0,0,5.93,-1.48,0.54,1.6,0,0,"1.008333333",,,"-1.008333333",,,,,42.9,,,,,,,
24,808967,"Yamamoto, Yoshinobu",151,15.9,0.6,0.6,0.5,1.2,0.755,,,3,5,75.9,1.8,2771,75.9,75.88,4,11,13,0,6.48,110,151,116,149,307,324,295,"-1.337","1.337",,,,6,5,2,0,0,1,0,0,1,16.7,"5.22","-1.21","-1.03","-0.37","90.2",139,20,20,16.666666666666664,5.7,-1.55,0.31,1.8,0.667,1,"5.570833333",,,"-5.570833333",,,,,36.4,,,,,,,
24,702275,"Ritchie, JR",173,13.9,0,0,0,0,0.121,,,0,5,78.7,-17,2535,81.7,81.47,1,8,16,-0.20000000000000284,6.26,115,149,127,149,304,328,292,"0.428","-0.428",,,,6,2,0,0,0,0,3,50,0,0,"4.42","-0.99","-1.19","-0.1","88.0",57,0,0,0,5.53,-2.11,-0.58,2.43,0.167,0,"-1.783333333",,,"1.783333333",,,,,12.5,,,,,,,
24,660271,"Ohtani, Shohei",147,16.3,0,0,0,0,0,,,0,6,81.1,43,2617,76.1,76.22,5,6,18,0.10000000000000853,6.63,109,151,119,148,296,315,299,"1.311","-1.311",,,,6,1,0,0,0,0,5,83.3,0,0,"5.19","-1.2","-0.91","-0.24","88.0",250,0,0,0,6.15,-1.6,0.65,1.36,0,0,"-5.4625",,,"5.4625",,,,,83.3,,,,,,,
24,624522,"Thompson, Keegan",203,11.8,1,0,1,1,0.89,,,2,2,99,10,2594,80.5,79.8,1,6,18,-0.7000000000000028,5.82,119,149,117,152,287,309,299,"-1.501","1.501",,,,2,2,2,0,0,0,0,0,0,0,"4.45","-0.93","-0.69","0.51","93.5",142,50,0,0,6.02,-1.59,-0.02,2.13,1,0,"6.254166667",,,"-6.254166667",,,,,16.7,,,,,,,
24,694370,"Wells, Levi",209,11.5,0.5,0.5,0.5,1,0.644,,,2,4,93.5,9.3,2862,80.2,79.74,1,9,15,-0.5,6.08,122,148,121,151,283,314,300,"-1.568","1.568",,,,5,4,0,2,0,0,0,0,1,20,"4.32","-0.75","-0.94","0.75","92.0",103,50,0,0,5.68,-2.19,-0.21,1.59,0.6,0,"6.533333333",,,"-6.533333333",,,,,11.1,,,,,,,
24,643410,"Leiter Jr., Mark",124,19.4,0.25,0,0.333,0.25,0.381,,,1,4,91.1,28.3,2162,74.2,74.08,5,10,14,-0.10000000000000853,6.4,109,149,117,151,298,319,296,"-0.146","0.146",,,,6,3,1,0,0,0,1,16.7,2,33.3,"5.48","-1.31","-0.68","0.03","91.9",165,33.33333333333333,0,0,5.81,-1,0.35,1.6,0.5,0,"0.608333333",,,"-0.608333333",,,,,50,,,,,,,
24,573204,"Thielbar, Caleb",108,22.2,0.429,0.143,0.6,0.571,0.435,,,3,7,92.6,9.4,2575,76.6,76.67,0,7,17,0.10000000000000853,6.16,110,151,117,150,303,326,300,"-0.941","0.941",,,,7,5,2,1,0,0,2,28.6,0,0,"4.89","-1.03","-0.4","0.2","96.1",133,60,0,0,6.22,0.15,-0.37,1.81,0.429,0,"3.920833333",,,"-3.920833333",,,,,0,,,,,,,
24,700241,"McGreevy, Michael",280,8.6,0.25,0,0.333,0.25,0.223,,,1,4,80,8.3,2462,76.6,76.45,3,9,15,-0.19999999999998863,6.54,115,148,116,147,290,324,297,"0.328","-0.328",,,,4,3,1,0,0,0,1,25,0,0,"4.99","-1.05","-1.14","-0.11","88.0",84,0,0,0,5.82,-2.13,0.18,1.39,0.25,0,"-1.366666667",,,"1.366666667",,,,,33.3,,,,,,,
24,544150,"Suárez, Albert",200,12,0.667,0,1,0.667,0.593,,,2,3,92.2,21,2283,78.1,78.4,2,8,16,0.30000000000001137,6.64,115,150,125,148,288,316,285,"-1.008","1.008",,,,3,2,2,0,0,0,1,33.3,0,0,"4.38","-0.62","-0.4","-0.05","95.7",229,50,0,0,6.38,-1.27,0.28,1.66,0.667,0,"4.2",,,"-4.2",,,,,25,,,,,,,
23,680755,"Fisher, Braydon",110,20.9,0.167,0.5,0,0.667,0.342,,,1,6,90.6,11.3,2422,81.9,80.65,2,7,16,-1.2000000000000028,5.4,112,150,120,148,293,325,294,"-0.479","0.479",,,,6,3,0,0,0,1,3,50,0,0,"4.23","-0.83","-0.25","-0.05","91.7",142,33.33333333333333,0,0,6.68,0.4,-0.16,2.55,0.167,0,"2.082608696",,,"-2.082608696",,,,,28.6,,,,,,,
23,642547,"Peralta, Freddy",130,17.7,0.25,0.5,0.5,0.75,0.399,,,1,4,88,21.5,2309,78.8,79.09,5,13,10,0.29999999999999716,6.49,116,149,126,150,290,319,297,"0.459","-0.459",,,,4,2,0,0,1,0,2,50,0,0,"4.01","-0.34","-0.32","0.14","89.7",143,50,0,0,5.37,-3.66,0.15,1.93,0.25,0,"-1.995652174",,,"1.995652174",,,,,38.5,,,,,,,
23,694795,"Ekness, Josh",171,13.5,0.5,1.5,0,2,0.916,,,1,2,87,7,2615,85.2,85.99,3,9,14,0.7999999999999972,6.51,117,147,122,148,287,309,285,"-0.816","0.816",,,,3,2,0,0,0,1,0,0,1,33.3,"3.37","-0.26","-0.55","0.08","93.8",127,50,50,33.33333333333333,5.44,-3.13,-0.22,2.03,0.667,1,"3.547826087",,,"-3.547826087",,,,,33.3,,,,,,,
23,669060,"Wilson, Bryse",148,15.5,0,0,0,0,0,,,0,8,89.4,28,2270,81.9,82.19,3,13,10,0.29999999999999716,6.55,108,148,118,145,279,304,279,"1.326","-1.326",,,,8,5,0,0,0,0,3,37.5,0,0,"3.34","0.06","-1.01","-0.72","90.5",183,40,0,0,5.79,-3.01,0.49,2.39,0,0,"-5.765217391",,,"5.765217391",,,,,23.1,,,,,,,
23,802408,"Mautz, Brycen",148,15.5,0.2,0,0.333,0.2,0.27,,,1,5,99.6,2.7,2355,79.1,79.06,4,9,14,0,6.15,102,147,116,145,287,319,271,"-0.239","0.239",,,,6,3,1,0,0,0,2,33.3,0,0,"4.28","-0.65","-0.47","0.41","96.7",73,100,0,0,5.55,2.66,-0.17,1.27,0.333,0,"1.039130435",,,"-1.039130435",,,,,44.4,,,,,,,
23,801139,"Tolle, Payton",155,14.8,0.1,0,0.25,0.1,0.196,,,1,10,86.7,-5.5,2445,82.2,83.88,5,11,12,1.7000000000000028,7.2,111,150,123,148,281,313,289,"0.327","-0.327",,,,12,4,1,0,0,0,6,50,0,0,"3.93","-0.58","-0.68","0.19","90.3",76,25,0,0,5.86,2.39,0.64,2.11,0.25,0,"-1.42173913",,,"1.42173913",,,,,45.5,,,,,,,
23,669416,"Enlow, Blayne",76,30.3,0,0,0,0,0.087,,,0,7,82.7,-12.3,2370,83.6,83.8,6,14,9,0.20000000000000284,6.42,114,148,118,151,294,325,291,"1.248","-1.248",,,,8,4,0,0,0,0,3,37.5,1,12.5,"3.74","-0.48","-0.47","0.1","91.1",55,25,0,0,5.78,-2.29,-0.17,2,0.125,0,"-5.426086957",,,"5.426086957",,,,,42.9,,,,,,,
22,621112,"Blackburn, Paul",228,9.6,0.5,0,1,0.5,0.529,,,1,2,78.3,13,2740,79.7,78.71,3,5,17,-1,6.04,120,148,128,153,289,314,282,"-1.108","1.108",,,,3,1,1,0,0,0,1,33.3,1,33.3,"5.05","-1.4","-0.81","0.71","88.0",74,0,0,0,6.02,-2.17,-0.29,1.98,0.667,0,"5.036363636",,,"-5.036363636",,,,,60,,,,,,,
22,688158,"Morgan, David",112,19.6,0.2,0.2,0.5,0.4,0.327,,,1,5,86.3,12,2596,82.5,81.78,2,5,17,-0.7000000000000028,5.86,117,148,119,150,292,324,300,"-0.669","0.669",,,,6,2,0,1,0,0,3,50,1,16.7,"4.25","-0.89","-0.71","0.49","88.0",86,0,0,0,5.6,-1.87,0.46,1.89,0.333,0,"3.040909091",,,"-3.040909091",,,,,40,,,,,,,
22,656550,"Holmes, Grant",269,8.2,0,0,0,0,0,,,0,3,93.8,5,2763,82.1,81.64,5,9,13,-0.5,5.92,124,146,124,149,305,317,291,"0.789","-0.789",,,,3,1,0,0,0,0,2,66.7,0,0,"4.08","-0.71","-0.17","0.12","93.3",34,0,0,0,5.92,-2.29,-0.03,1.26,0,0,"-3.586363636",,,"3.586363636",,,,,55.6,,,,,,,
22,672629,"Carrillo, Gerardo",83,26.5,0.111,0,0.167,0.111,0.099,,,1,9,79.6,18.8,2784,81.6,81.77,3,9,13,0.20000000000000284,6.45,118,147,127,151,304,329,299,"0.684","-0.684",,,,9,6,1,0,0,0,3,33.3,0,0,"4.02","-0.59","-0.65","0.08","89.6",177,0,0,0,5.65,-2.43,-0.12,2.07,0.111,0,"-3.109090909",,,"3.109090909",,,,,33.3,,,,,,,
22,663978,"Paddack, Chris",200,11,0.5,0,0.5,0.5,0.529,,,1,2,85.2,30,2075,77.8,78.15,2,9,13,0.29999999999999716,6.66,112,146,122,149,285,316,289,"-0.597","0.597",,,,3,2,1,0,0,0,0,0,1,33.3,"4.88","-1.09","-0.43","0.32","88.1",166,0,0,0,6.24,-2.02,0.15,1.47,0.667,0,"2.713636364",,,"-2.713636364",,,,,22.2,,,,,,,
22,657514,"Bernardino, Brennan",105,21,0,0,0,0,0.091,,,0,7,82.7,17.8,2597,76.6,74.82,6,11,11,-1.7999999999999972,5.18,114,147,122,149,299,322,301,"0.945","-0.945",,,,8,4,0,0,0,0,3,37.5,0,0,"4.01","-0.09","-1.16","-0.38","90.0",145,25,0,0,4.92,3.16,-0.2,1.82,0.125,0,"-4.295454545",,,"4.295454545",,,,,54.5,,,,,,,
21,607481,"Bummer, Aaron",69,30.4,0.2,0,0.333,0.2,0.178,,,1,5,81,10.7,2221,79.2,79.61,3,10,11,0.3999999999999915,6.58,113,151,126,149,316,325,293,"0.076","-0.076",,,,5,3,1,0,0,0,2,40,0,0,"4.19","-0.55","-1.08","0.35","90.8",129,33.33333333333333,0,0,5.36,1.91,-0.14,2.01,0.2,0,"-0.361904762",,,"0.361904762",,,,,30,,,,,,,
21,667297,"Nance, Tommy",94,22.3,0,0,0,0,0,,,0,5,67.8,-44,2873,84.4,83.69,2,5,16,-0.7000000000000028,5.99,106,145,121,146,289,326,291,"0.775","-0.775",,,,5,1,0,0,0,0,4,80,0,0,"4.31","-1.09","-1.01","0.27","88.0",4,0,0,0,6.47,-1.07,-0.04,2.35,0,0,"-3.69047619",,,"3.69047619",,,,,40,,,,,,,
21,681006,"Simpson, Josh",82,25.6,0.5,0.5,1,1,0.631,,,1,2,97.2,26,2450,79.5,78.64,1,4,17,-0.9000000000000057,5.58,104,149,121,145,297,316,294,"-0.506","0.506",,,,2,1,0,1,0,0,1,50,0,0,"4.34","-0.74","-0.8","0.8","91.1",123,100,0,0,5.33,1.11,0.05,2.15,0.5,0,"2.40952381",,,"-2.40952381",,,,,25,,,,,,,
21,694361,"Klein, Will",141,14.9,0.333,0,0.333,0.333,0.297,,,2,6,87.7,1.3,2355,83.7,83.45,2,9,12,-0.20000000000000284,6.3,116,148,113,150,292,325,299,"-0.208","0.208",,,,6,6,2,0,0,0,0,0,0,0,"4.29","-1.01","-0.71","0.46","91.4",107,33.33333333333333,0,0,6.03,-1.56,-0.09,2.58,0.333,0,"0.99047619",,,"-0.99047619",,,,,22.2,,,,,,,
21,687765,"Spence, Mitch",108,19.4,0.333,0,0.333,0.333,0.297,,,2,6,91.7,20.2,2646,81.6,81.12,2,11,10,-0.5,6.01,111,144,124,148,296,320,303,"0.093","-0.093",,,,6,6,2,0,0,0,0,0,0,0,"3.96","-0.53","-0.65","0.53","93.1",170,33.33333333333333,16.666666666666664,16.666666666666664,6.32,-1.79,-0.19,2.19,0.333,1,"-0.442857143",,,"0.442857143",,,,,18.2,,,,,,,
21,691769,"Abner, Philip",167,12.6,0.4,0.6,0.333,1,0.588,,,2,5,87.5,6.8,2261,82.1,82.29,1,7,14,0.20000000000000284,6.18,109,150,121,147,298,324,298,"-1.803","1.803",,,,5,4,1,0,0,1,1,20,0,0,"3.72","-0.37","-0.19","0.16","93.8",123,25,25,20,5.77,1.98,0,2.13,0.4,1,"8.585714286",,,"-8.585714286",,,,,14.3,,,,,,,
21,694674,"Menendez, Antonio",48,43.8,0,0,0,0,0.465,,,0,1,72.1,-16,2400,86.2,86.89,2,9,12,0.7000000000000028,6.47,118,144,115,151,283,321,295,"-0.573","0.573",,,,3,1,0,0,0,0,0,0,2,66.7,"2.84","0.2","0.03","-0.03","90.4",99,0,0,0,4.52,-3.68,-0.64,2.24,0.667,0,"2.728571429",,,"-2.728571429",,,,,22.2,,,,,,,
20,641778,"Lauer, Eric",158,12.7,0.5,0.667,0.667,1.167,0.7,,,3,6,91.9,25.3,2401,74.7,73.75,0,7,13,-0.9000000000000057,5.65,108,148,122,144,302,328,294,"-2.173","2.173",,,,6,4,1,1,0,1,2,33.3,0,0,"5.01","-0.91","-0.96","0.18","91.7",190,25,25,16.666666666666664,6.31,1.76,-0.19,2.08,0.5,1,"10.865",,,"-10.865",,,,,0,,,,,,,
20,670810,"Gillaspie, Logan",237,8.4,0,0,0,0,0,,,0,1,87.1,23,2158,82.5,82.59,4,7,13,0.09999999999999432,6.26,115,147,120,151,293,320,294,"0.108","-0.108",,,,1,1,0,0,0,0,0,0,0,0,"3.77","-0.43","0.02","0.07","91.2",97,0,0,0,5.95,-0.98,0.33,1.89,0,0,"-0.54",,,"0.54",,,,,57.1,,,,,,,
20,656849,"Peterson, David",197,10.2,0.2,0,0.333,0.2,0.178,,,1,5,91,18,2355,78.5,79.32,3,8,12,0.7999999999999972,6.84,108,150,126,148,294,319,285,"0.116","-0.116",,,,5,3,1,0,0,0,2,40,0,0,"4.26","-0.56","-0.65","0.2","90.9",118,33.33333333333333,0,0,6.23,2.29,0.41,2.08,0.2,0,"-0.58",,,"0.58",,,,,37.5,,,,,,,
20,607625,"Lugo, Seth",154,13,0.333,0,0.4,0.333,0.297,,,2,6,87.1,-20,3189,77.5,75.97,1,8,12,-1.5,5.48,115,148,123,152,297,329,307,"-0.642","0.642",,,,6,5,2,0,0,0,1,16.7,0,0,"4.96","-1.12","-1.17","0.8","91.1",28,20,0,0,5.58,-1.95,-0.47,2.25,0.333,0,"3.21",,,"-3.21",,,,,12.5,,,,,,,
20,664141,"Brubaker, JT",185,10.8,0,0,,0,0,,,0,2,,,2687,82.6,81.33,3,6,14,-1.2999999999999972,5.5,116,150,116,151,298,333,302,"0.346","-0.346",,,,2,0,0,0,0,0,2,100,0,0,"3.77","-0.41","-0.63","0.16","88.0",79,,,,6.38,-2.36,0.57,1.43,0,,"-1.73",,,"1.73",,,,,50,,,,,,,
20,687985,"White, Josh",76,26.3,0,0,0,0,0,,,0,7,85.7,-12.3,1937,84.5,84.36,6,9,11,-0.09999999999999432,6.15,106,146,120,149,280,309,279,"1.325","-1.325",,,,7,3,0,0,0,0,4,57.1,0,0,"3.69","-0.5","-0.26","0.15","95.6",45,66.66666666666666,0,0,6.49,-0.5,0.13,1.16,0,0,"-6.625",,,"6.625",,,,,66.7,,,,,,,
20,657649,"Koenig, Jared",134,14.9,0.4,0.2,0.667,0.6,0.43,,,2,5,94.6,12,2557,80.2,79.59,3,8,12,-0.6000000000000085,6.05,110,150,117,150,294,317,297,"-0.638","0.638",,,,5,3,1,1,0,0,2,40,0,0,"4.32","-0.75","-1.01","0.27","93.0",215,33.33333333333333,0,0,5.99,2.54,0.11,1.84,0.4,0,"3.19",,,"-3.19",,,,,37.5,,,,,,,
20,693645,"Schlittler, Cam",147,13.6,0,0,0,0,0,,,0,4,94.1,0.7,2499,84.3,84.62,1,6,14,0.29999999999999716,6.54,120,149,127,152,282,326,295,"0.741","-0.741",,,,4,3,0,0,0,0,1,25,0,0,"4.07","-0.86","-0.32","0.31","94.1",129,33.33333333333333,0,0,6.44,-1.52,-0.02,1.93,0,0,"-3.705",,,"3.705",,,,,16.7,,,,,,,
20,608379,"Wacha, Michael",284,7,1,1,1,2,1.262,,,1,1,109.9,16,2332,75,74.99,1,6,14,0,6.55,115,149,121,150,296,316,294,"-0.632","0.632",,,,1,1,0,1,0,0,0,0,0,0,"5.09","-1","-0.94","0.04","97.3",99,100,100,100,6.55,-2.07,-0.18,2.01,1,1,"3.16",,,"-3.16",,,,,16.7,,,,,,,
20,663556,"McClanahan, Shane",192,10.4,0,0,0,0,0,,,0,3,81.7,-18,2225,79.5,80.05,3,5,15,0.5,6.6,109,151,115,148,290,325,295,"0.472","-0.472",,,,3,2,0,0,0,0,1,33.3,0,0,"4.53","-0.93","-0.43","-0.09","92.0",9,50,0,0,6.15,0.99,-0.29,1.83,0,0,"-2.36",,,"2.36",,,,,60,,,,,,,
20,701195,"Castro, Manuel",125,16,0,0,0,0,0.243,,,0,2,83.8,51,2608,76.8,76.52,2,6,14,-0.29999999999999716,6.17,104,151,127,148,297,318,292,"-0.395","0.395",,,,3,1,0,0,0,0,1,33.3,0,0,"4.63","-0.75","-1.1","-0.33","88.0",144,0,0,0,5.82,-0.82,0.05,2.21,0.333,0,"1.975",,,"-1.975",,,,,33.3,,,,,,,
19,680686,"Gray, Josiah",71,26.8,0,0,0,0,0.204,,,0,5,95.1,18,2498,80.3,79.57,6,12,7,-0.7000000000000028,5.65,114,146,122,153,292,331,300,"0.124","-0.124",,,,7,1,0,0,0,0,4,57.1,1,14.3,"4","-0.48","-0.05","0.06","89.6",188,100,0,0,5.18,-1.75,0.58,1.44,0.286,0,"-0.652631579",,,"0.652631579",,,,,50,,,,,,,
19,678906,"Teng, Kai-Wei",161,11.8,0,0,0,0,0.175,,,0,3,92.9,-9,2600,83.3,82.63,1,4,15,-0.7000000000000028,6.03,109,146,124,151,293,316,285,"-0.257","0.257",,,,4,2,0,0,0,0,1,25,1,25,"3.98","-0.68","-1.24","0.78","94.3",15,50,0,0,5.63,-1.98,0.2,1.95,0.25,0,"1.352631579",,,"-1.352631579",,,,,25,,,,,,,
19,621107,"Eflin, Zach",110,17.3,0,0,0,0,0,,,0,3,90.3,-49,2506,78.8,78.59,6,7,12,-0.20000000000000284,6.22,122,149,127,152,292,318,286,"0.542","-0.542",,,,3,1,0,0,0,0,2,66.7,0,0,"4.34","-0.66","-0.96","0.54","90.3",1,0,0,0,5.78,-2.23,0.32,0.89,0,0,"-2.852631579",,,"2.852631579",,,,,85.7,,,,,,,
19,683004,"Leiter, Jack",246,7.7,0.429,0.714,0.5,1.143,0.653,,,3,7,96,27.6,2778,82.9,83.35,4,11,8,0.5,6.64,111,148,116,150,305,325,308,"-3.225","3.225",,,,7,5,0,2,0,1,2,28.6,0,0,"4.12","-0.79","-0.35","0.01","97.2",287,60,40,28.57142857142857,5.81,-0.96,0.39,1.88,0.429,2,"16.973684211",,,"-16.973684211",,,,,36.4,,,,,,,
19,679883,"Avila, Luinder",70,27.1,0.5,0.167,0.5,0.667,0.507,,,3,6,84.4,-3.5,2903,81.1,81.3,1,7,12,0.20000000000000284,6.54,116,148,131,153,290,312,303,"-1.463","1.463",,,,6,6,2,1,0,0,0,0,0,0,"4.12","-0.64","-0.94","0.62","90.7",133,16.666666666666664,0,0,6.12,-2.07,-0.03,2.49,0.5,0,"7.7",,,"-7.7",,,,,14.3,,,,,,,
19,676614,"Sammons, Bryan",134,14.2,0,0,0,0,0.121,,,0,5,87.4,33.8,2320,77,77.24,1,7,12,0.20000000000000284,6.5,113,150,119,148,291,319,282,"0.744","-0.744",,,,6,4,0,0,0,0,1,16.7,0,0,"4.72","-0.87","-0.58","0.22","90.5",234,25,0,0,5.95,1.85,0.48,2.21,0.167,0,"-3.915789474",,,"3.915789474",,,,,14.3,,,,,,,
19,669461,"Liberatore, Matthew",209,9.1,0,0,0,0,0,,,0,5,90.2,17,2927,77.9,77.43,1,4,15,-0.5,6.2,103,149,120,147,288,310,274,"0.669","-0.669",,,,5,1,0,0,0,0,4,80,0,0,"5.26","-1.47","-0.86","0.58","89.1",167,0,0,0,6.71,0.36,0.1,2.59,0,0,"-3.521052632",,,"3.521052632",,,,,25,,,,,,,
19,675911,"Strider, Spencer",141,13.5,0,0,0,0,0,,,0,5,86.1,24,2619,77.8,78.77,2,5,14,1,6.82,112,148,122,146,307,320,293,"0.714","-0.714",,,,5,1,0,0,0,0,4,80,0,0,"4.1","-0.35","-0.64","0.21","90.4",259,0,0,0,5.88,-1.65,-0.1,1.53,0,0,"-3.757894737",,,"3.757894737",,,,,40,,,,,,,
19,670280,"Bednar, David",48,39.6,0,0,0,0,0,,,0,1,53.7,-77,2339,74.7,74.11,2,3,16,-0.6000000000000085,5.94,112,152,122,151,294,319,281,"0.257","-0.257",,,,1,1,0,0,0,0,0,0,0,0,"4.61","-0.51","-0.71","-0.25","88.0",1,0,0,0,5.87,-1.93,0.24,2.49,0,0,"-1.352631579",,,"1.352631579",,,,,66.7,,,,,,,
19,681751,"Estrada, Lazaro",161,11.8,0.25,0.25,0.25,0.5,0.392,,,1,4,88.2,3.2,2501,74.7,74.22,2,7,12,-0.5,6.07,106,148,125,147,287,327,297,"-0.21","0.21",,,,5,4,0,1,0,0,0,0,1,20,"5.04","-0.94","-0.76","-0.12","93.0",157,50,0,0,5.84,-0.79,-0.1,1.79,0.4,0,"1.105263158",,,"-1.105263158",,,,,28.6,,,,,,,
18,700675,"Kingsbury, Jimmy",86,20.9,0.25,0.375,0.25,0.625,0.368,,,2,8,94.7,41.4,2517,78.7,77.87,3,10,8,-0.7999999999999972,5.83,109,148,123,148,296,323,301,"-0.757","0.757",,,,8,5,1,0,0,1,3,37.5,0,0,"3.79","-0.09","-1.4","-0.11","93.3",202,60,20,12.5,5.11,-0.91,-0.49,2.44,0.25,1,"4.205555556",,,"-4.205555556",,,,,30,,,,,,,
18,675660,"Drohan, Shane",218,8.3,0.25,0,0.333,0.25,0.223,,,1,4,92,29.3,2849,78.6,77.89,2,9,9,-0.6999999999999886,5.94,109,151,123,147,302,325,291,"-0.042","0.042",,,,4,3,1,0,0,0,1,25,0,0,"4.52","-0.8","-0.87","0.69","91.3",120,66.66666666666666,0,0,5.76,1.43,-0.2,1.95,0.25,0,"0.233333333",,,"-0.233333333",,,,,22.2,,,,,,,
18,663372,"Feltner, Ryan",292,6.2,0,0,,0,0,,,0,1,,,2640,80,80.18,2,3,15,0.20000000000000284,6.42,114,148,113,149,299,320,298,"0.19","-0.19",,,,1,0,0,0,0,0,1,100,0,0,"4.3","-0.73","-0.58","0.18","88.0",171,,,,5.63,-1.3,0.22,2.46,0,,"-1.055555556",,,"1.055555556",,,,,66.7,,,,,,,
18,691946,"Klassen, George",260,6.9,1,0,1,1,0.89,,,1,1,105.4,9,2252,85,84.75,2,4,14,-0.20000000000000284,6.24,118,148,119,150,304,329,294,"-0.586","0.586",,,,1,1,1,0,0,0,0,0,0,0,"3.7","-0.54","-0.54","0.23","96.7",103,100,0,0,5.63,-3.13,0.03,2.31,1,0,"3.255555556",,,"-3.255555556",,,,,50,,,,,,,
18,669993,"Brito, Raul",52,34.6,0.5,1.5,0,2,0.96,,,2,4,94.4,7,3002,77,76.98,2,7,11,0,6.63,123,140,109,150,304,334,295,"-2.73","2.73",,,,5,3,0,0,0,2,1,20,1,20,"5.03","-1.13","-1.4","0.46","97.8",246,66.66666666666666,33.33333333333333,20,5.64,-1.33,0.12,2.12,0.6,1,"15.166666667",,,"-15.166666667",,,,,28.6,,,,,,,
18,684007,"Imanaga, Shota",299,6,0.667,0,0.667,0.667,0.593,,,2,3,83.6,26.7,2540,74.9,74.76,1,4,14,-0.10000000000000853,6.32,109,153,118,148,302,331,304,"-0.943","0.943",,,,3,3,2,0,0,0,0,0,0,0,"5.16","-1.08","-0.61","0.52","91.9",223,33.33333333333333,0,0,5.65,1.67,-0.09,1.96,0.667,0,"5.238888889",,,"-5.238888889",,,,,25,,,,,,,
18,681870,"Sabrowski, Erik",143,12.6,0,0,0,0,0,,,0,3,67.1,-18,2623,79.4,79.59,4,8,10,0.19999999999998863,6.52,114,151,121,146,297,320,298,"0.37","-0.37",,,,3,1,0,0,0,0,2,66.7,0,0,"4.74","-1.11","-0.51","0.43","88.0",48,0,0,0,6.29,1.15,-0.38,1.47,0,0,"-2.055555556",,,"2.055555556",,,,,50,,,,,,,
18,667463,"King, John",129,14,0.5,0,0.5,0.5,0.445,,,1,2,89.2,18,2880,79.7,78.94,0,4,14,-0.7999999999999972,5.7,110,150,124,148,284,312,281,"-0.498","0.498",,,,2,2,1,0,0,0,0,0,0,0,"4.59","-1","-0.94","0.8","88.6",186,0,0,0,5.82,1.93,0.13,2.4,0.5,0,"2.766666667",,,"-2.766666667",,,,,0,,,,,,,
18,669020,"Rolison, Ryan",119,15.1,0.4,0.2,0.5,0.6,0.43,,,2,5,99.9,8.3,2725,79.7,79.68,1,5,13,0,6.52,109,152,114,149,302,334,305,"-0.166","0.166",,,,5,4,1,1,0,0,1,20,0,0,"4.81","-1.19","-0.78","0.42","99.9",175,50,0,0,5.97,1.82,0.03,1.89,0.4,0,"0.922222222",,,"-0.922222222",,,,,20,,,,,,,
18,521230,"Hendriks, Liam",136,13.2,0.667,0.333,1,1,0.717,,,2,3,82.8,-19,2092,81.9,82.64,4,10,8,0.6999999999999886,6.91,114,139,112,142,287,321,280,"-1.002","1.002",,,,3,2,1,1,0,0,1,33.3,0,0,"4.29","-0.87","-0.34","0.06","98.0",146,50,0,0,5.96,-1.68,0.51,1,0.667,0,"5.566666667",,,"-5.566666667",,,,,40,,,,,,,
18,670329,"Garcia, Rico",72,25,0,0,0,0,0,,,0,7,82.3,57,2518,85.2,84.5,3,6,12,-0.7000000000000028,5.82,118,149,123,150,286,309,283,"1.102","-1.102",,,,7,1,0,0,0,0,6,85.7,0,0,"3.68","-0.54","0","0.01","88.0",190,0,0,0,6.04,-1.45,0.58,1.83,0,0,"-6.122222222",,,"6.122222222",,,,,50,,,,,,,
18,690916,"Fitts, Richard",178,10.1,0,0,0,0,0.233,,,0,2,92,-8,2426,82.4,82.99,0,5,13,0.5999999999999943,6.57,112,145,115,151,288,324,294,"-0.314","0.314",,,,3,2,0,0,0,0,0,0,1,33.3,"4.08","-0.74","-0.54","0.48","91.4",119,50,50,33.33333333333333,6.05,-1.96,-0.16,1.49,0.333,1,"1.744444444",,,"-1.744444444",,,,,0,,,,,,,
17,624133,"Suarez, Ranger",147,11.6,0.333,1,0,1.333,0.684,,,2,6,91.7,27.8,2124,74.9,74.37,3,9,8,-0.5,5.99,111,148,126,147,285,313,291,"-1.533","1.533",,,,6,4,0,0,0,2,2,33.3,0,0,"4.76","-0.67","-0.91","0.4","94.4",200,75,50,33.33333333333333,6,2.09,0.14,2.07,0.333,2,"9.017647059",,,"-9.017647059",,,,,33.3,,,,,,,
17,695611,"Jump, Gage",159,10.7,0,0,0,0,0.349,,,0,1,97.9,3,2476,82.7,82.45,1,4,13,-0.20000000000000284,6.15,111,149,121,149,293,315,289,"-0.089","0.089",,,,2,1,0,0,0,0,0,0,1,50,"4.26","-0.92","-0.76","0.15","95.2",131,100,0,0,5.73,1.16,-0.02,2.37,0.5,0,"0.523529412",,,"-0.523529412",,,,,25,,,,,,,
17,669160,"May, Dustin",184,9.2,0,0,0,0,0,,,0,3,90.9,-8,3095,83.5,83.32,0,3,14,-0.20000000000000284,6.39,110,142,112,148,286,328,304,"0.629","-0.629",,,,3,1,0,0,0,0,2,66.7,0,0,"4.43","-1.13","-0.87","0.77","89.4",9,0,0,0,5.65,-2.12,-0.05,1.82,0,0,"-3.7",,,"3.7",,,,,0,,,,,,,
17,679693,"Coleman, Carson",93,18.3,0,0,0,0,0,,,0,4,88.5,-6,2049,78.2,77.86,3,4,13,-0.29999999999999716,6.03,111,150,121,151,303,300,276,"0.586","-0.586",,,,4,1,0,0,0,0,3,75,0,0,"4.26","-0.53","-0.37","-0.26","88.5",20,0,0,0,5.09,-2.26,0.38,1.72,0,0,"-3.447058824",,,"3.447058824",,,,,75,,,,,,,
17,500779,"Quintana, Jose",144,11.8,0.6,0.4,0.75,1,0.69,,,3,5,94.1,33,2249,78.7,78.87,2,7,10,0.20000000000000284,6.26,113,151,116,148,296,315,284,"-1.726","1.726",,,,6,4,1,2,0,0,1,16.7,0,0,"4.19","-0.53","-0.44","0.21","93.9",272,50,25,16.666666666666664,5.85,2.32,0.35,2.05,0.667,1,"10.152941176",,,"-10.152941176",,,,,28.6,,,,,,,
17,656686,"Martin, Corbin",139,12.2,0.667,1,1,1.667,0.91,,,2,3,104.5,22,2618,85.9,86.45,1,6,11,0.5,6.32,117,149,115,151,296,329,302,"-2.045","2.045",,,,4,2,1,0,0,1,1,25,1,25,"3.51","-0.46","0.12","-0.13","94.6",239,100,50,25,5.91,-1.18,-0.03,2.21,0.75,1,"12.029411765",,,"-12.029411765",,,,,16.7,,,,,,,
17,689981,"Ryan, River",137,12.4,0.5,0,0.5,0.5,0.445,,,1,2,85,21.5,2481,83.8,83.86,0,3,14,0.10000000000000853,6.57,118,149,116,150,290,315,299,"-0.242","0.242",,,,2,2,1,0,0,0,0,0,0,0,"4.28","-1","-0.87","0.6","93.5",175,50,0,0,5.75,-1.98,0.45,1.65,0.5,0,"1.423529412",,,"-1.423529412",,,,,0,,,,,,,
17,681387,"Monke, Caden",45,37.8,0.333,0,0.5,0.333,0.318,,,1,3,93.3,28,2514,78.4,78.34,6,9,8,-0.10000000000000853,6.21,118,146,116,146,283,314,275,"-0.348","0.348",,,,5,2,1,0,0,0,2,40,1,20,"4.61","-0.9","-0.88","0.19","91.5",193,0,0,0,5.9,1.41,0.21,1.28,0.4,0,"2.047058824",,,"-2.047058824",,,,,66.7,,,,,,,
17,687849,"Kent, Zak",128,13.3,0.5,0.5,0.5,1,0.664,,,1,2,88.8,16,2765,80.4,79.66,1,6,11,-0.7000000000000028,5.99,122,146,119,152,286,319,282,"-1.151","1.151",,,,3,2,0,1,0,0,0,0,0,0,"4.79","-1.23","-0.67","0.24","91.8",93,0,0,0,6.4,-1.12,0.07,2.11,0.667,0,"6.770588235",,,"-6.770588235",,,,,16.7,,,,,,,
17,571510,"Boyd, Matthew",157,10.8,0.333,1,,1.333,0.684,,,1,3,108.6,24,2325,73.8,73.5,1,3,14,-0.29999999999999716,5.99,104,153,116,147,309,331,302,"-0.555","0.555",,,,3,1,0,0,0,1,2,66.7,0,0,"4.65","-0.48","-0.68","0.68","98.3",274,100,100,33.33333333333333,5.79,2.35,0.49,3.16,0.333,1,"3.264705882",,,"-3.264705882",,,,,33.3,,,,,,,
17,682087,"Knowles, Antonio",81,21,0,0,0,0,0.146,,,0,4,101.4,22,2669,80.9,80.25,5,6,11,-0.6000000000000085,5.99,107,150,116,147,296,321,292,"0.68","-0.68",,,,5,1,0,0,0,0,3,60,0,0,"3.7","-0.2","-1.31","-0.19","101.4",337,100,0,0,5.57,-2.37,0.03,2.28,0.2,0,"-4",,,"4",,,,,83.3,,,,,,,
16,665152,"Kremer, Dean",169,9.5,0,0,0,0,0.349,,,0,1,97.9,21,2692,77.7,77.35,1,6,10,-0.29999999999999716,6.07,116,143,112,150,289,314,290,"-0.198","0.198",,,,2,1,0,0,0,0,0,0,1,50,"4.64","-0.85","-0.53","0.53","92.4",116,100,0,0,6.11,-1.91,0.19,1.77,0.5,0,"1.2375",,,"-1.2375",,,,,16.7,,,,,,,
16,694397,"Raya, Marco",58,27.6,0,0,0,0,0.349,,,0,2,88.2,37,2692,84.9,85.24,1,5,11,0.29999999999999716,6.38,122,149,120,148,276,334,280,"-0.298","0.298",,,,4,1,0,0,0,0,1,25,2,50,"3.94","-0.79","-0.56","0.23","89.9",125,0,0,0,5.95,-0.71,0.18,1.53,0.5,0,"1.8625",,,"-1.8625",,,,,20,,,,,,,
16,664991,"Wolfram, Grant",87,18.4,0.167,0.167,0.5,0.333,0.21,,,1,6,97.3,-1.5,2450,84.7,84.56,4,10,6,-0.10000000000000853,6.16,111,152,123,147,295,312,279,"0.412","-0.412",,,,6,2,0,1,0,0,4,66.7,0,0,"3.76","-0.59","-0.24","0.24","91.9",72,100,0,0,6.27,2.14,-0.07,2.05,0.167,0,"-2.575",,,"2.575",,,,,40,,,,,,,
16,694680,"Martin, Trevor",138,11.6,0.2,0.2,0.25,0.4,0.252,,,1,5,82.3,31.8,2254,81.1,81.21,2,9,7,0.10000000000000853,6.57,113,152,117,145,293,326,283,"0.046","-0.046",,,,5,4,0,1,0,0,1,20,0,0,"3.99","-0.5","-1.26","-1.05","88.8",159,0,0,0,5.64,-1.76,0.54,1.83,0.2,0,"-0.2875",,,"0.2875",,,,,22.2,,,,,,,
16,572143,"Smith, Burch",99,16.2,0.25,0,0.5,0.25,0.223,,,1,4,84.3,-10.5,2440,82.6,82.59,2,8,8,0,6.49,109,150,124,149,291,327,287,"0.557","-0.557",,,,4,2,1,0,0,0,2,50,0,0,"4.43","-1.06","-0.73","-0.16","91.3",125,50,50,25,5.84,-2.44,0.38,1.91,0.25,1,"-3.48125",,,"3.48125",,,,,25,,,,,,,
16,571927,"Matz, Steven",158,10.1,0,0,0,0,0.233,,,0,2,98.3,38,2349,79.1,79.14,2,5,11,0,6.43,107,150,118,148,289,315,289,"0.199","-0.199",,,,3,1,0,0,0,0,1,33.3,1,33.3,"4.32","-0.65","-0.88","0.39","91.4",123,100,0,0,5.88,2.4,0.44,2.48,0.333,0,"-1.24375",,,"1.24375",,,,,40,,,,,,,
16,687593,"Patteson, Hunter",116,13.8,,,,,0.729,,,0,0,,,2544,77.9,78.01,1,3,13,0.09999999999999432,6.17,104,140,116,136,288,290,290,"-0.336","0.336",,,,1,0,0,0,0,0,0,0,0,0,"4.18","-0.44","0.01","-0.02","99.2",229,,,,6.01,1.39,-0.37,2.08,1,,"2.1",,,"-2.1",,,,,33.3,,,,,,,
16,694297,"Pfaadt, Brandon",118,13.6,0,0,0,0,0.233,,,0,2,103.4,-6,2485,82,82.13,2,5,11,0.09999999999999432,6.34,114,150,121,149,306,322,305,"0.352","-0.352",,,,3,1,0,0,0,0,1,33.3,1,33.3,"4.26","-0.87","-0.84","-0.35","98.2",111,100,0,0,5.75,-2.41,0.23,1.41,0.333,0,"-2.2",,,"2.2",,,,,40,,,,,,,
15,547179,"Lorenzen, Michael",190,7.9,0.333,1,0,1.333,0.684,,,1,3,104.9,8,2443,82.1,81.51,2,6,9,-0.5999999999999943,5.76,112,150,121,150,296,322,298,"-0.812","0.812",,,,3,3,0,0,0,1,0,0,0,0,"4.15","-0.79","-0.09","-0.01","100.7",192,66.66666666666666,33.33333333333333,33.33333333333333,5.7,-2.02,-0.05,2.14,0.333,1,"5.413333333",,,"-5.413333333",,,,,33.3,,,,,,,
15,686930,"Barnett, Mason",140,10.7,0.25,0.75,0,1,0.513,,,1,4,97.1,21.3,2719,77.9,77.06,0,6,9,-0.8000000000000114,5.9,103,146,115,146,298,319,300,"-0.276","0.276",,,,4,4,0,0,0,1,0,0,0,0,"5","-1.21","-0.7","0.08","94.1",205,75,25,25,6.35,-1.76,-0.08,1.84,0.25,1,"1.84",,,"-1.84",,,,,0,,,,,,,
15,703821,"Caba, Myles",76,19.7,0.333,0,1,0.333,0.297,,,1,3,99,1,2309,79.4,79.99,2,7,8,0.5999999999999943,6.61,112,153,117,147,295,323,287,"-0.065","0.065",,,,3,1,1,0,0,0,2,66.7,0,0,"4.33","-0.73","-0.26","0.26","90.2",118,100,0,0,5.49,1.8,0.49,1.34,0.333,0,"0.433333333",,,"-0.433333333",,,,,28.6,,,,,,,
15,677161,"Kelly, Zack",131,11.5,0.333,0.667,0.2,1,0.552,,,2,6,94.7,9.5,2676,83.8,85.26,1,9,6,1.5,7.11,119,149,129,151,279,310,300,"-1.551","1.551",,,,6,6,0,1,0,1,0,0,0,0,"3.42","-0.18","-0.69","0.23","96.2",153,50,0,0,5.71,-2.96,-0.26,1.53,0.333,0,"10.34",,,"-10.34",,,,,11.1,,,,,,,
15,694492,"Durke, Hayden",70,21.4,0,0,0,0,0.14,,,0,4,95.3,42,1934,83.7,83.42,2,5,10,-0.29999999999999716,6.06,108,142,119,144,302,327,303,"0.431","-0.431",,,,5,1,0,0,0,0,3,60,1,20,"4.09","-0.84","-0.11","0.04","91.7",166,100,0,0,6.16,-1.82,-0.43,2.6,0.2,0,"-2.873333333",,,"2.873333333",,,,,40,,,,,,,
15,605182,"Clevinger, Mike",288,5.2,,,,,,,,,,,,2128,76.2,76.41,2,2,13,0.20000000000000284,6.49,121,146,119,151,291,320,284,"-0.067","0.067",,,,,,,,,,,,,,"4.85","-0.91","-0.48","0.48",,,,,,5.93,-1.18,-0.01,2.29,,,"0.446666667",,,"-0.446666667",,,,,100,,,,,,,
15,678368,"Bellozo, Valente",256,5.9,0.25,0.25,0.25,0.5,0.392,,,1,4,92.9,24,2739,75.7,74.99,0,6,9,-0.7000000000000028,5.83,118,146,119,150,298,319,296,"-0.374","0.374",,,,5,4,0,1,0,0,0,0,1,20,"4.52","-0.53","-1.1","0.82","94.4",173,50,25,20,5.94,-1.04,0.33,2.05,0.4,1,"2.493333333",,,"-2.493333333",,,,,0,,,,,,,
15,663436,"Martin, Davis",254,5.9,0,0,0,0,0.238,,,0,4,87.3,11.7,2780,81.1,80.81,3,8,7,-0.29999999999999716,6.19,119,149,118,149,300,327,302,"-0.011","0.011",,,,6,3,0,0,0,0,1,16.7,1,16.7,"4.14","-0.66","-0.93","0.52","93.9",147,33.33333333333333,33.33333333333333,16.666666666666664,6.07,-2.06,0.22,1.59,0.333,1,"0.073333333",,,"-0.073333333",,,,,37.5,,,,,,,
15,807575,"Schuelke, Cam",51,29.4,0.333,0,1,0.333,0.297,,,1,3,98.2,10,2090,78.4,76.84,2,3,12,-1.6000000000000085,5.42,122,150,122,151,294,324,304,"0.379","-0.379",,,,3,1,1,0,0,0,2,66.7,0,0,"4.57","-0.8","0.25","-0.35","98.2",141,100,0,0,2.42,-2.49,-0.36,2.39,0.333,0,"-2.526666667",,,"2.526666667",,,,,66.7,,,,,,,
15,663782,"Corbett, Joe",64,23.4,1,0.5,1,1.5,1.076,,,2,2,104.2,16,2242,79.6,79.89,0,4,11,0.30000000000001137,6.44,105,142,116,140,297,299,292,"-1.416","1.416",,,,2,2,1,1,0,0,0,0,0,0,"3.79","-0.2","-1.09","-0.29","96.1",234,100,50,50,5.42,-2.32,-0.61,2.37,1,1,"9.44",,,"-9.44",,,,,0,,,,,,,
15,672487,"Olivárez, Helcris",139,10.8,0,0,,0,0,,,0,2,,,2149,86.4,86.65,2,3,12,0.29999999999999716,6.36,119,147,117,150,285,313,299,"0.158","-0.158",,,,2,0,0,0,0,0,2,100,0,0,"3.12","-0.07","-0.4","-0.14","88.0",122,,,,5.84,2.37,0.03,3.01,0,,"-1.053333333",,,"1.053333333",,,,,66.7,,,,,,,
15,663485,"Sands, Cole",119,12.6,0.167,0.333,0.333,0.5,0.266,,,1,6,92,32,2792,81.1,80.03,3,8,7,-1.0999999999999943,5.69,113,152,125,149,299,321,272,"-0.113","0.113",,,,6,3,0,0,1,0,3,50,0,0,"3.84","-0.36","-1.23","-0.64","90.4",109,33.33333333333333,0,0,5.59,-2.36,0.85,1.58,0.167,0,"0.753333333",,,"-0.753333333",,,,,37.5,,,,,,,
15,641755,"Kinley, Tyler",82,18.3,0,0,,0,0,,,0,2,,,2763,82.5,81.39,0,4,11,-1.0999999999999943,5.5,123,150,126,151,297,322,294,"0.266","-0.266",,,,2,0,0,0,0,0,2,100,0,0,"4.24","-0.9","-0.32","0.07","89.0",143,,,,6.63,-0.64,-0.08,1.84,0,,"-1.773333333",,,"1.773333333",,,,,0,,,,,,,
15,687273,"Mathews, Quinn",203,7.4,0,0,0,0,0,,,0,1,67.9,76,2372,76.7,76.67,0,2,13,0,6.21,110,150,113,146,296,319,272,"0.051","-0.051",,,,1,1,0,0,0,0,0,0,0,0,"4.78","-0.91","-0.65","0.59","88.0",124,0,0,0,5.76,0.99,-0.01,2.44,0,0,"-0.34",,,"0.34",,,,,0,,,,,,,
15,518876,"Kelly, Merrill",124,12.1,0.25,0.75,0,1,0.513,,,1,4,100.2,16.5,2629,80.1,79.14,0,4,11,-1,5.74,110,147,113,152,295,321,297,"-0.865","0.865",,,,4,4,0,0,0,1,0,0,0,0,"4.41","-0.86","-0.68","0.43","100.2",288,75,25,25,5.78,-1.84,-0.24,2.05,0.25,1,"5.766666667",,,"-5.766666667",,,,,0,,,,,,,
14,686218,"Sheehan, Emmet",195,7.2,0,0,0,0,0,,,0,1,85.9,50,2571,76.5,76.57,0,3,11,0.09999999999999432,6.38,112,150,115,149,299,325,298,"0.067","-0.067",,,,1,1,0,0,0,0,0,0,0,0,"4.82","-0.91","-0.86","0.43","88.0",248,0,0,0,5.47,-0.96,-0.2,2.5,0,0,"-0.478571429",,,"0.478571429",,,,,0,,,,,,,
14,805345,"Harris, Trent",86,16.3,0.25,0,0.5,0.25,0.223,,,1,4,94,-3,2597,79.7,79.96,3,7,7,0.29999999999999716,6.63,118,141,116,147,311,331,298,"0.174","-0.174",,,,4,2,1,0,0,0,2,50,0,0,"4.91","-1.3","-0.18","0.03","96.5",182,0,0,0,6.1,-0.44,-0.31,1.54,0.25,0,"-1.242857143",,,"1.242857143",,,,,42.9,,,,,,,
14,663559,"Falter, Bailey",148,9.5,1,0.5,1,1.5,1.076,,,2,2,89.4,33.5,1969,78.2,79.05,1,3,11,0.8999999999999915,6.96,106,151,122,146,297,313,286,"-1.304","1.304",,,,2,2,1,1,0,0,0,0,0,0,"3.9","-0.16","-0.28","0.26","94.8",285,50,50,50,5.76,1.72,-0.25,1.88,1,1,"9.314285714",,,"-9.314285714",,,,,33.3,,,,,,,
14,803135,"Gordon, Austin",142,9.9,0.167,0,0.5,0.167,0.148,,,1,6,98.2,-24.5,2643,77.9,77.81,3,7,7,-0.10000000000000853,6.24,98,143,116,146,296,320,300,"0.612","-0.612",,,,6,2,1,0,0,0,4,66.7,0,0,"4.81","-1.05","-0.74","0.24","95.0",66,50,0,0,6.17,-1.39,0.02,1.74,0.167,0,"-4.371428571",,,"4.371428571",,,,,42.9,,,,,,,
14,688883,"Pallette, Peyton",103,13.6,0.25,0,0.5,0.25,0.223,,,1,4,93.1,-13,2576,82.8,81.41,2,6,8,-1.3999999999999915,5.69,110,147,122,150,292,327,300,"-0.085","0.085",,,,4,2,1,0,0,0,2,50,0,0,"4.52","-1.15","-0.8","0.3","90.6",65,50,0,0,6.04,-2.6,0.09,2.22,0.25,0,"0.607142857",,,"-0.607142857",,,,,33.3,,,,,,,
14,608723,"Voth, Austin",37,37.8,0,0,0,0,0,,,0,3,59.2,-6,2783,74,73.33,3,5,9,-0.7000000000000028,6.03,109,145,124,149,298,317,300,"-0.406","0.406",,,,3,2,0,0,0,0,1,33.3,0,0,"5.16","-0.96","-0.99","0.28","88.0",34,0,0,0,5.91,-2.37,-0.11,1.99,0,0,"2.9",,,"-2.9",,,,,60,,,,,,,
14,669620,"Basso, Brady",86,16.3,1,1,1,2,0.98,,,1,1,87.5,14,2230,78.9,79.11,1,3,11,0.19999999999998863,6.24,105,148,117,148,290,294,267,"-0.978","0.978",,,,2,1,0,1,0,0,0,0,1,50,"4.41","-0.78","0.07","-0.05","88.0",176,0,0,0,6.54,1.84,-0.13,1.52,1,0,"6.985714286",,,"-6.985714286",,,,,33.3,,,,,,,
14,678394,"Bello, Brayan",215,6.5,0.167,0,0.25,0.167,0.148,,,1,6,87.3,10.3,2433,83.5,83.66,5,10,4,0.20000000000000284,6.19,122,148,121,152,287,317,300,"0.823","-0.823",,,,6,4,1,0,0,0,2,33.3,0,0,"3.8","-0.55","-0.11","0.11","91.1",131,25,0,0,5.89,-1.33,-0.21,1.5,0.167,0,"-5.878571429",,,"5.878571429",,,,,50,,,,,,,
14,605288,"Houser, Adrian",187,7.5,0.5,0,0.5,0.5,0.445,,,2,4,93.2,6,2117,81.9,81.81,0,4,10,-0.10000000000000853,6.51,114,150,113,150,315,340,298,"-0.354","0.354",,,,4,4,2,0,0,0,0,0,0,0,"4.42","-0.98","-0.72","0.16","95.8",190,50,0,0,6.01,-1.44,0.03,2.12,0.5,0,"2.528571429",,,"-2.528571429",,,,,0,,,,,,,
14,681869,"Dubin, Shawn",108,13,0,0,0,0,0,,,0,2,107.7,2,2645,81.7,81.59,1,4,10,-0.10000000000000853,6.31,114,146,125,148,294,316,307,"0.454","-0.454",,,,2,1,0,0,0,0,1,50,0,0,"4.44","-1.01","-0.74","-0.01","94.6",27,100,0,0,5.84,-1.89,0.02,2.16,0,0,"-3.242857143",,,"3.242857143",,,,,25,,,,,,,
14,678024,"Vasil, Mike",178,7.9,1,0,1,1,0.794,,,1,1,107.9,12,2418,82.2,82,2,6,8,-0.20000000000000284,6.19,114,139,120,142,293,326,299,"-0.62","0.62",,,,2,1,1,0,0,0,0,0,1,50,"4.35","-0.97","-0.65","0.43","95.3",162,100,0,0,6.08,-1.46,-0.28,2.52,1,0,"4.428571429",,,"-4.428571429",,,,,33.3,,,,,,,
14,694346,"Gibson, Trey",134,10.4,0,0,0,0,0,,,0,1,102.1,-11,2411,80.7,81.53,2,4,10,0.7999999999999972,6.93,121,146,113,151,275,315,288,"0.284","-0.284",,,,1,1,0,0,0,0,0,0,0,0,"4.62","-1.11","-0.59","0.59","95.0",6,100,0,0,5.98,-2.51,0.05,1.33,0,0,"-2.028571429",,,"2.028571429",,,,,50,,,,,,,
14,811666,"Eagen, Daniel",63,22.2,0,0,0,0,0.14,,,0,4,92,-45,2451,82.8,82.75,4,9,5,0,6.19,107,144,124,151,310,327,313,"0.645","-0.645",,,,5,1,0,0,0,0,3,60,1,20,"4.15","-0.83","0.2","-0.08","88.8",82,0,0,0,6.66,-0.96,-0.18,1.87,0.2,0,"-4.607142857",,,"4.607142857",,,,,44.4,,,,,,,
14,687924,"Aguiar, Julian",110,12.7,0,0,0,0,0,,,0,3,96,31,2108,79.1,79.14,2,4,10,0,6.14,120,147,116,152,289,326,294,"0.543","-0.543",,,,3,1,0,0,0,0,2,66.7,0,0,"4.04","-0.42","-0.65","0.45","92.0",190,100,0,0,5.6,-2.13,-0.11,1.52,0,0,"-3.878571429",,,"3.878571429",,,,,50,,,,,,,
13,656794,"Newcomb, Sean",266,4.9,0.5,0,0.5,0.5,0.445,,,1,2,91.9,4.5,2916,78.9,77.44,0,8,5,-1.5,5.55,104,148,123,141,306,334,299,"-0.113","0.113",,,,2,2,1,0,0,0,0,0,0,0,"4.8","-1.1","-0.97","0.97","90.1",115,0,0,0,6.28,2.63,-0.35,1.77,0.5,0,"0.869230769",,,"-0.869230769",,,,,0,,,,,,,
13,695034,"Morris, Kade",100,13,0.25,0,0.5,0.25,0.223,,,1,4,103.7,9.5,2611,79,78.75,1,6,7,-0.20000000000000284,6.11,112,146,125,151,288,318,288,"-0.308","0.308",,,,4,2,1,0,0,0,2,50,0,0,"4.33","-0.67","-1.11","0.29","101.3",171,100,0,0,5.05,-2.17,0.09,2.04,0.25,0,"2.369230769",,,"-2.369230769",,,,,16.7,,,,,,,
13,814481,"Hobbs, Carson",86,15.1,0,0,0,0,0,,,0,2,54.5,-8,2668,78.9,77.8,1,3,10,-1.1000000000000085,5.65,109,138,114,140,301,326,299,"0.428","-0.428",,,,2,1,0,0,0,0,1,50,0,0,"5","-1.32","-0.52","0.05","88.0",10,0,0,0,6.17,-1.67,-0.04,2.83,0,0,"-3.292307692",,,"3.292307692",,,,,33.3,,,,,,,
13,813609,"Lumpkin, Reese",47,27.7,0.4,0.6,0.333,1,0.588,,,2,5,88.4,1,2459,78,78.02,2,7,6,0,6.42,111,149,124,145,294,322,299,"-1.854","1.854",,,,5,4,1,0,0,1,1,20,0,0,"3.79","-0.03","-1.17","-0.54","94.9",141,50,25,20,5.26,-2.4,0.74,2.28,0.4,1,"14.261538462",,,"-14.261538462",,,,,28.6,,,,,,,
13,671143,"Denholm, Trenton",68,19.1,0.667,0,0.667,0.667,0.593,,,2,3,87.9,6,2341,79.3,79.05,1,5,8,-0.20000000000000284,6.13,110,151,122,146,301,321,297,"-0.817","0.817",,,,3,3,2,0,0,0,0,0,0,0,"4.22","-0.6","-0.66","-0.43","91.1",160,33.33333333333333,0,0,5.58,-1.97,0.11,2.14,0.667,0,"6.284615385",,,"-6.284615385",,,,,20,,,,,,,
13,827734,"Lin, Wei-En",92,14.1,1,0,1,1,0.89,,,1,1,63.4,35,2261,77.9,77.95,2,5,8,0,6.41,93,136,113,137,290,314,293,"-0.453","0.453",,,,1,1,1,0,0,0,0,0,0,0,"4.82","-1.05","-0.68","0","93.7",73,0,0,0,5.87,1.47,-0.06,1.9,1,0,"3.484615385",,,"-3.484615385",,,,,40,,,,,,,
13,696149,"Chandler, Bubba",203,6.4,0.5,1.5,,2,0.916,,,1,2,101.6,33,2475,86.7,87.31,3,5,8,0.5999999999999943,6.55,118,150,116,150,288,323,296,"-1.142","1.142",,,,3,1,0,0,0,1,1,33.3,1,33.3,"3.35","-0.33","-0.19","-0.02","92.5",3,100,100,33.33333333333333,5.71,-1.42,-0.23,2.02,0.667,1,"8.784615385",,,"-8.784615385",,,,,60,,,,,,,
13,702566,"Murphy, Owen",62,21,0,0,0,0,0,,,0,4,81.8,14.5,2627,75.8,75.15,2,7,6,-0.7000000000000028,6.05,107,151,129,147,298,327,284,"0.667","-0.667",,,,4,2,0,0,0,0,2,50,0,0,"4.88","-0.87","-1.2","-0.62","88.3",62,0,0,0,5.62,-1.01,0.57,2.4,0,0,"-5.130769231",,,"5.130769231",,,,,28.6,,,,,,,
13,691725,"Painter, Andrew",166,7.8,0.25,0.25,0.25,0.5,0.315,,,1,4,94.9,31.8,2627,81.7,82.03,1,7,6,0.29999999999999716,6.42,112,146,116,151,275,307,288,"0.302","-0.302",,,,4,4,0,1,0,0,0,0,0,0,"4.08","-0.68","-0.66","0.55","93.4",241,50,25,25,6.57,-2,-0.44,2.6,0.25,1,"-2.323076923",,,"2.323076923",,,,,14.3,,,,,,,
13,527048,"Pérez, Martín",185,7,0,0,0,0,0,,,0,4,88.9,31,2358,79.5,79.57,2,6,7,0.09999999999999432,6.14,121,151,127,149,297,322,294,"0.871","-0.871",,,,4,3,0,0,0,0,1,25,0,0,"3.55","0.03","-0.35","0.01","90.7",161,33.33333333333333,0,0,5.81,1.22,-0.66,1.85,0,0,"-6.7",,,"6.7",,,,,33.3,,,,,,,
13,694551,"Combs, Aaron",41,31.7,0,0,,0,0.243,,,0,2,,,2335,78.6,77.15,5,7,6,-1.3999999999999915,5.5,108,150,117,145,288,311,276,"0.254","-0.254",,,,3,0,0,0,0,0,2,66.7,0,0,"4.71","-0.98","-1.1","-0.28","88.0",43,,,,5.35,-0.94,-0.29,2.51,0.333,,"-1.953846154",,,"1.953846154",,,,,71.4,,,,,,,
13,687589,"Hamel, Dom",86,15.1,0,0,0,0,0.233,,,0,2,89.8,15.5,2844,75.8,75.72,2,4,9,-0.09999999999999432,6.6,108,145,123,152,286,323,293,"-0.395","0.395",,,,3,2,0,0,0,0,0,0,1,33.3,"5.3","-1.26","-0.57","0.57","91.9",231,50,0,0,5.86,-1.65,-0.58,2.25,0.333,0,"3.038461538",,,"-3.038461538",,,,,50,,,,,,,
13,453286,"Scherzer, Max",178,7.3,0,0,,0,0,,,0,1,,,2734,74.4,74.03,2,5,8,-0.4000000000000057,6.08,108,147,124,144,290,323,285,"0.07","-0.07",,,,1,0,0,0,0,0,1,100,0,0,"4.71","-0.58","-0.95","-0.18","94.8",274,,,,5.97,-3.14,-0.51,1.84,0,,"-0.538461538",,,"0.538461538",,,,,40,,,,,,,
13,691008,"Rajcic, Max",106,12.3,0,0,0,0,0,,,0,4,79.9,-23,2858,82.7,82.85,0,5,8,0.20000000000000284,6.43,121,147,120,150,282,310,289,"1.022","-1.022",,,,4,3,0,0,0,0,1,25,0,0,"4.47","-1.14","-0.57","0.5","91.7",7,33.33333333333333,0,0,6.02,-1.13,0.25,2.41,0,0,"-7.861538462",,,"7.861538462",,,,,0,,,,,,,
13,687931,"Whisenhunt, Carson",190,6.8,,,,,,,,,,,,2654,79.1,79.51,0,1,12,0.4000000000000057,6.53,111,150,120,150,314,336,293,"-0.074","0.074",,,,,,,,,,,,,,"4.43","-0.79","-0.27","0.22","88.0",274,,,,6.26,1.8,-0.35,2.01,,,"0.569230769",,,"-0.569230769",,,,,0,,,,,,,
12,622608,"Senzatela, Antonio",107,11.2,0,0,0,0,0,,,0,3,67.3,-1.5,2477,81.6,81.31,2,4,8,-0.29999999999999716,5.92,114,147,119,152,303,322,303,"0.511","-0.511",,,,3,2,0,0,0,0,1,33.3,0,0,"3.87","-0.46","-0.56","0.47","91.0",167,0,0,0,6.14,-2.27,-0.32,1.3,0,0,"-4.258333333",,,"4.258333333",,,,,50,,,,,,,
12,664948,"Misiewicz, Anthony",87,13.8,0,0,,0,0,,,0,2,,,2719,77.3,76.9,4,6,6,-0.3999999999999915,6.02,115,151,115,148,304,319,299,"0.528","-0.528",,,,2,0,0,0,0,0,2,100,0,0,"4.94","-1.12","-0.35","0.25","88.0",1,,,,6.16,0.72,-0.12,1.76,0,,"-4.4",,,"4.4",,,,,66.7,,,,,,,
12,676263,"Dreyer, Jack",94,12.8,1,0,1,1,0.89,,,1,1,63.7,38,2441,82,82.45,0,1,11,0.4000000000000057,6.7,112,151,121,148,296,321,294,"-0.496","0.496",,,,1,1,1,0,0,0,0,0,0,0,"4.28","-0.87","-0.43","0.23","88.0",189,0,0,0,6.08,1.49,0.1,2.33,1,0,"4.133333333",,,"-4.133333333",,,,,0,,,,,,,
12,801517,"Giesting, Spencer",123,9.8,1,3,,4,2.051,,,1,1,105.6,25,2796,79.4,79.98,2,5,7,0.5999999999999943,6.8,107,150,124,150,297,322,297,"-2.287","2.287",,,,1,1,0,0,0,1,0,0,0,0,"4.44","-0.81","-0.95","0.73","96.4",222,100,100,100,5.38,2.63,-0.06,1.53,1,1,"19.058333333",,,"-19.058333333",,,,,40,,,,,,,
12,641907,"Murphy, Patrick",37,32.4,0.333,0,1,0.333,0.297,,,1,3,98.5,9,2326,81.4,81.01,2,5,7,-0.4000000000000057,6.03,106,146,124,150,294,318,303,"-0.005","0.005",,,,3,1,1,0,0,0,2,66.7,0,0,"4.18","-0.73","-0.67","0.29","99.1",52,100,0,0,6.38,-2.32,0.35,1.79,0.333,0,"0.041666667",,,"-0.041666667",,,,,40,,,,,,,
12,702021,"Dion, Will",89,13.5,0,0,0,0,0,,,0,2,67.3,-18,2412,78.8,78.53,1,3,9,-0.29999999999999716,5.92,106,153,121,148,295,319,304,"0.522","-0.522",,,,2,2,0,0,0,0,0,0,0,0,"4.41","-0.76","0.2","-0.17","88.0",13,0,0,0,6.03,1.65,-0.25,2.36,0,0,"-4.35",,,"4.35",,,,,33.3,,,,,,,
12,690939,"Noland, Connor",105,11.4,0,0,,0,0,,,0,1,,,2213,80.6,81.03,1,3,9,0.4000000000000057,6.44,118,146,113,146,286,326,304,"0.101","-0.101",,,,1,0,0,0,0,0,1,100,0,0,"4.26","-0.76","-0.49","0.49","88.0",4,,,,6.38,-2.08,-0.26,1.68,0,,"-0.841666667",,,"0.841666667",,,,,33.3,,,,,,,
12,665871,"Assad, Javier",116,10.3,0,0,0,0,0,,,0,2,80.7,20,2454,77.6,77.55,0,3,9,-0.09999999999999432,6.31,104,141,114,142,303,325,308,"0.786","-0.786",,,,2,2,0,0,0,0,0,0,0,0,"4.55","-0.75","-0.9","0.53","88.0",146,0,0,0,6.04,-1.52,-0.09,1.87,0,0,"-6.55",,,"6.55",,,,,0,,,,,,,
12,607259,"Martinez, Nick",262,4.6,0,0,0,0,0,,,0,1,88.9,44,2461,78.9,78.29,0,2,10,-0.6000000000000085,5.98,108,150,124,149,309,313,288,"0.11","-0.11",,,,1,1,0,0,0,0,0,0,0,0,"4.8","-1.13","-0.06","0.07","88.9",,0,0,0,6.32,-1.63,-0.36,2.47,0,0,"-0.916666667",,,"0.916666667",,,,,0,,,,,,,
12,622088,"Antone, Tejay",161,7.5,0,0,,0,0,,,0,1,,,2734,81.4,80.92,1,2,10,-0.5,6.13,118,148,121,149,294,324,305,"-0.13","0.13",,,,1,0,0,0,0,0,1,100,0,0,"4.43","-0.97","-0.85","0.45","88.0",56,,,,5.78,-1.92,-0.58,1.95,0,,"1.083333333",,,"-1.083333333",,,,,50,,,,,,,
12,669373,"Skubal, Tarik",209,5.7,0.25,0,1,0.25,0.223,,,1,4,92.6,7,2518,79.5,79.33,4,5,7,-0.20000000000000284,6.22,111,151,125,147,302,323,278,"0.112","-0.112",,,,4,1,1,0,0,0,3,75,0,0,"4.28","-0.66","-0.59","0.49","92.6",115,0,0,0,6.42,1.69,0.02,0.84,0.25,0,"-0.933333333",,,"0.933333333",,,,,80,,,,,,,
12,605280,"Holmes, Clay",182,6.6,0.25,0.75,0,1,0.513,,,1,4,96.4,23.5,3006,81.8,80.47,2,8,4,-1.2999999999999972,5.58,113,147,130,150,293,319,283,"-0.796","0.796",,,,4,2,0,0,0,1,2,50,0,0,"4.7","-1.26","-0.79","0.55","90.8",177,50,50,25,6.46,-1.01,-0.3,2.1,0.25,1,"6.633333333",,,"-6.633333333",,,,,25,,,,,,,
12,807739,"Anderson, Kade",115,10.4,0.667,0.667,0.667,1.333,0.841,,,2,3,93.7,5,2628,79.3,79.12,1,5,7,-0.20000000000000284,6.33,110,148,120,145,292,321,301,"-1.212","1.212",,,,3,3,0,2,0,0,0,0,0,0,"4.59","-0.94","-0.54","0.18","93.9",139,33.33333333333333,33.33333333333333,33.33333333333333,6.24,1.19,-0.39,2.35,0.667,1,"10.1",,,"-10.1",,,,,20,,,,,,,
11,683232,"Mears, Nick",154,7.1,0,0,0,0,0,,,0,1,85.1,-6,2529,80.6,80.57,1,3,8,0,6.32,106,138,116,140,292,321,264,"0.327","-0.327",,,,1,1,0,0,0,0,0,0,0,0,"4.54","-1.03","-0.63","0.19","88.0",11,0,0,0,6.16,-1.91,0.01,2.31,0,0,"-2.972727273",,,"2.972727273",,,,,33.3,,,,,,,
11,702193,"Morris, Andrew",160,6.9,0.5,0,0.5,0.5,0.445,,,1,2,73.2,19.5,2156,72.9,72.36,1,4,7,-0.5,5.99,110,141,119,147,294,316,274,"-1.182","1.182",,,,2,2,1,0,0,0,0,0,0,0,"5.08","-0.75","-0.72","0.29","88.0",158,0,0,0,6.68,-1.24,-0.17,2.17,0.5,0,"10.745454545",,,"-10.745454545",,,,,25,,,,,,,
11,676534,"Faucher, Calvin",73,15.1,0.5,0,1,0.5,0.529,,,1,2,99.3,12,3057,85.2,84.29,1,4,7,-0.9000000000000057,5.76,121,146,114,147,278,315,296,"-0.826","0.826",,,,3,1,1,0,0,0,1,33.3,1,33.3,"4.27","-1.12","-0.92","0.92","93.0",148,100,0,0,5.91,-1.14,0.16,1.98,0.667,0,"7.509090909",,,"-7.509090909",,,,,25,,,,,,,
11,573009,"Mantiply, Joe",51,21.6,0,0,0,0,0,,,0,1,72.1,49,2381,79,78.89,2,4,7,-0.09999999999999432,6.08,108,148,120,145,289,324,285,"0.215","-0.215",,,,1,1,0,0,0,0,0,0,0,0,"3.94","-0.3","-0.65","0.14","88.0",197,0,0,0,5.4,3.21,0.48,2.06,0,0,"-1.954545455",,,"1.954545455",,,,,50,,,,,,,
11,607192,"Glasnow, Tyler",259,4.2,0.2,0,1,0.2,0.178,,,1,5,102.4,11,2862,82.8,83.92,3,4,7,1.1000000000000085,7.3,114,151,130,151,294,326,301,"-0.009","0.009",,,,5,1,1,0,0,0,4,80,0,0,"4.65","-1.28","-0.28","0.02","102.4",243,100,0,0,6.29,-1.19,0.78,1.12,0.2,0,"0.081818182",,,"-0.081818182",,,,,75,,,,,,,
11,699214,"Lopez, Leandro",81,13.6,0.4,0,1,0.4,0.356,,,2,5,88.2,-36.5,2723,81.3,80.97,1,4,7,-0.29999999999999716,6,113,149,119,149,305,324,300,"-0.295","0.295",,,,5,2,2,0,0,0,3,60,0,0,"4.54","-1.1","-0.09","0.13","91.2",66,50,0,0,6.59,-2.23,-0.08,2.16,0.4,0,"2.681818182",,,"-2.681818182",,,,,25,,,,,,,
11,694973,"Skenes, Paul",118,9.3,0,0,,0,0.349,,,0,1,,,2452,81.5,81.67,1,1,10,0.20000000000000284,6.49,121,145,118,147,302,315,299,"-0.209","0.209",,,,2,0,0,0,0,0,1,50,1,50,"3.98","-0.54","-0.78","0.78",,,,,,5.61,-3.18,-0.44,2.01,0.5,,"1.9",,,"-1.9",,,,,100,,,,,,,
11,676393,"Leftwich, Jack",53,20.8,0,0,0,0,0,,,0,2,96.4,41,2250,79.6,79.41,4,7,4,-0.19999999999998863,6.21,115,151,125,150,302,322,295,"0.982","-0.982",,,,2,1,0,0,0,0,1,50,0,0,"3.74","-0.12","-1.25","-0.37","90.8",88,100,0,0,5.97,-1.63,0.26,2.19,0,0,"-8.927272727",,,"8.927272727",,,,,57.1,,,,,,,
11,692230,"Rodriguez, Carlos",159,6.9,0,0,0,0,0,,,0,2,60.2,-71,2364,77.1,77.14,1,3,8,0,6.13,114,148,121,151,297,323,298,"0.321","-0.321",,,,2,1,0,0,0,0,1,50,0,0,"4.43","-0.61","-0.71","0.23","88.0",2,0,0,0,6.05,-1.1,-0.4,1.68,0,0,"-2.918181818",,,"2.918181818",,,,,33.3,,,,,,,
11,689337,"Bowman, Kaleb",56,19.6,0,0,0,0,0.349,,,0,2,82.1,29.5,2519,78.3,78,0,5,6,-0.29999999999999716,6.24,111,149,120,148,305,331,294,"-0.457","0.457",,,,4,2,0,0,0,0,0,0,2,50,"3.69","0.05","-1.11","-0.32","89.3",117,0,0,0,4.62,-3.25,0.49,2.12,0.5,0,"4.154545455",,,"-4.154545455",,,,,0,,,,,,,
11,691602,"Cruz, Stiven",79,13.9,,,,,0.713,,,0,0,,,2423,74.7,74.24,2,3,8,-0.5,5.98,117,148,122,152,297,316,300,"-0.925","0.925",,,,2,0,0,0,0,0,0,0,1,50,"5.18","-1.09","-0.88","0.71","105.1",170,,,,6.28,-1.02,-0.5,2.52,1,,"8.409090909",,,"-8.409090909",,,,,66.7,,,,,,,
11,701780,"McDougal, Tanner",107,10.3,0,0,0,0,0,,,0,5,82.5,11,2940,80.8,80.76,3,6,5,0,6.63,111,144,122,146,292,326,306,"0.738","-0.738",,,,5,1,0,0,0,0,4,80,0,0,"4.84","-1.3","-1.08","0.91","90.5",259,0,0,0,5.93,-1.45,0.38,2,0,0,"-6.709090909",,,"6.709090909",,,,,50,,,,,,,
11,687166,"Pope, Austin",68,16.2,,,,,,,,,,,,2596,80.9,81.03,0,2,9,0.09999999999999432,6.52,120,149,123,151,303,325,291,"-0.032","0.032",,,,,,,,,,,,,,"4.52","-1.01","-0.28","0.14","88.0",170,,,,5.94,-1.3,0.13,1.53,,,"0.290909091",,,"-0.290909091",,,,,0,,,,,,,
11,680802,"Weiss, Ryan",175,6.3,,,,,,,,,,,,2336,80.1,79.91,0,0,11,-0.19999999999998863,6.35,122,143,125,149,294,326,303,"-0.515","0.515",,,,,,,,,,,,,,"4.48","-0.9","-0.47","0.37",,,,,,6.15,-2.09,-0.3,2.35,,,"4.681818182",,,"-4.681818182",,,,,,,,,,,,
11,700924,"Mozzicato, Frank",56,19.6,1,0,1,1,0.89,,,2,2,85.9,-11,2429,80.9,80.76,1,3,8,-0.10000000000000853,6.19,114,146,119,147,298,326,300,"-1.554","1.554",,,,2,2,2,0,0,0,0,0,0,0,"4.49","-1","-0.14","-0.02","91.6",89,50,0,0,5.85,1.69,-0.58,1.15,1,0,"14.127272727",,,"-14.127272727",,,,,33.3,,,,,,,
11,665645,"Castro, Kervin",141,7.8,0,0,0,0,0,,,0,4,65,18,2249,80.2,80.47,1,5,6,0.29999999999999716,6.57,121,148,136,153,275,310,291,"0.523","-0.523",,,,4,3,0,0,0,0,1,25,0,0,"4.59","-1.03","-0.35","0.29","90.8",100,33.33333333333333,0,0,5.89,-1.09,0.4,1.59,0,0,"-4.754545455",,,"4.754545455",,,,,20,,,,,,,
11,660604,"Rangel, Alan",144,7.6,0,0,,0,0.349,,,0,1,,,2059,75.4,75.33,0,1,10,-0.10000000000000853,6.48,106,152,119,143,289,311,290,"-0.339","0.339",,,,2,0,0,0,0,0,1,50,1,50,"5.45","-1.4","0.1","-0.08","88.0",152,,,,6.14,0.39,0.55,1.76,0.5,,"3.081818182",,,"-3.081818182",,,,,0,,,,,,,
11,804522,"Sanchez, Wilmy",26,42.3,0,0,0,0,0,,,0,3,96.5,-24,2749,82.5,82.15,2,4,7,-0.29999999999999716,6.15,117,150,137,152,280,304,298,"0.649","-0.649",,,,3,1,0,0,0,0,2,66.7,0,0,"4.35","-0.99","-0.3","0.06","92.2",4,100,0,0,5.9,-1.12,-0.66,1.89,0,0,"-5.9",,,"5.9",,,,,50,,,,,,,
10,684949,"Leigh, Zac",19,52.6,0,0,0,0,0,,,0,3,81.6,35.7,2720,82.2,82.34,1,5,5,0.09999999999999432,6.66,116,152,119,151,295,320,303,"0.764","-0.764",,,,3,3,0,0,0,0,0,0,0,0,"3.87","-0.46","-1.34","-0.23","90.0",233,33.33333333333333,0,0,5.25,-2.34,0.44,2.63,0,0,"-7.64",,,"7.64",,,,,20,,,,,,,
10,669438,"Englert, Mason",124,8.1,0,0,0,0,0,,,0,2,91,-4,2833,75.9,75.24,1,4,6,-0.7000000000000028,6.15,110,147,117,149,300,321,288,"0.576","-0.576",,,,2,1,0,0,0,0,1,50,0,0,"5.1","-1.09","-1.04","0.66","91.7",129,0,0,0,6.15,-1.42,-0.07,2.38,0,0,"-5.76",,,"5.76",,,,,25,,,,,,,
10,663947,"Holton, Tyler",73,13.7,0,0,,0,0,,,0,1,,,2740,79,78.94,1,1,9,-0.09999999999999432,6.46,112,151,123,149,296,328,285,"0.076","-0.076",,,,1,0,0,0,0,0,1,100,0,0,"4.83","-1.15","-0.9","0.9",,,,,,6.17,1.5,-0.76,1.4,0,,"-0.76",,,"0.76",,,,,100,,,,,,,
10,686751,"Johnson, Seth",147,6.8,0,0,,0,0,,,0,3,,,2813,81.4,81.51,1,3,7,0.09999999999999432,6.54,113,148,122,150,280,310,285,"0.547","-0.547",,,,3,0,0,0,0,0,3,100,0,0,"3.88","-0.41","-1.31","0.49",,,,,,5.59,-1.06,0.19,2.11,0,,"-5.47",,,"5.47",,,,,33.3,,,,,,,
10,686623,"Labriola, P.J.",45,22.2,0.5,0.5,1,1,0.653,,,1,2,97.5,26,2264,83.7,84,1,3,7,0.29999999999999716,6.49,112,147,115,144,291,316,301,"-0.875","0.875",,,,3,1,0,1,0,0,1,33.3,1,33.3,"3.27","-0.02","-0.31","0.17","97.5",336,100,100,33.33333333333333,6.4,1.41,-1.13,1.52,0.667,1,"8.75",,,"-8.75",,,,,33.3,,,,,,,
10,676083,"Junk, Janson",145,6.9,1,0.5,1,1.5,1.076,,,2,2,104.6,17,2419,81.6,81.6,0,3,7,0,6.38,108,145,102,150,284,313,284,"-1.264","1.264",,,,2,2,1,1,0,0,0,0,0,0,"4.39","-0.95","-0.46","0.38","102.1",258,100,50,50,5.84,-0.8,0.58,1.57,1,1,"12.64",,,"-12.64",,,,,0,,,,,,,
10,615698,"Quantrill, Cal",91,11,0.667,0.667,0.667,1.333,0.813,,,2,3,85.2,11,1886,79.8,79.74,0,3,7,-0.09999999999999432,6.09,103,148,121,148,304,320,307,"-1.22","1.22",,,,4,3,0,2,0,0,0,0,0,0,"4.17","-0.61","-0.2","-0.16","96.3",200,33.33333333333333,0,0,6.34,-1.08,-0.27,2.33,0.75,0,"12.2",,,"-12.2",,,,,0,,,,,,,
10,650893,"Cabrera, Génesis",98,10.2,0,0,,0,0.233,,,0,2,,,2298,81.8,81.38,2,4,6,-0.3999999999999915,5.8,111,144,115,141,279,308,281,"-0.089","0.089",,,,3,0,0,0,0,0,2,66.7,1,33.3,"3.51","-0.13","-0.65","0.04",,,,,,6.08,0.9,-0.54,1.27,0.333,,"0.89",,,"-0.89",,,,,50,,,,,,,
10,804636,"Tong, Jonah",129,7.8,0.333,0,0.333,0.333,0.297,,,1,3,78.7,28,2665,79.7,79.71,1,7,3,0,6.64,114,153,126,151,304,313,285,"0.003","-0.003",,,,3,3,1,0,0,0,0,0,0,0,"4.79","-1.16","-0.53","-0.39","88.0",119,0,0,0,5.8,-3.05,0.76,1.48,0.333,0,"-0.03",,,"0.03",,,,,14.3,,,,,,,
10,660896,"Alcala, Jorge",145,6.9,1,3,,4,2.051,,,1,1,98.8,32,2499,81.3,80.57,0,1,9,-0.7000000000000028,5.72,108,148,118,148,283,321,294,"-2.354","2.354",,,,1,1,0,0,0,1,0,0,0,0,"3.93","-0.47","-0.53","0.44","98.8",396,100,0,0,6.68,-1.29,-0.52,2.55,1,0,"23.54",,,"-23.54",,,,,0,,,,,,,
10,670990,"Ramírez, Yohan",115,8.7,0,0,,0,0,,,0,2,,,2541,84.5,84.94,3,4,6,0.4000000000000057,6.84,124,149,126,154,290,309,280,"0.424","-0.424",,,,2,0,0,0,0,0,2,100,0,0,"3.8","-0.57","-1.2","0.81","88.0",4,,,,5.53,-1.89,0.48,1.82,0,,"-4.24",,,"4.24",,,,,75,,,,,,,
10,608371,"Sims, Lucas",101,9.9,0,0,,0,0,,,0,1,,,3050,80.7,79.87,1,2,8,-0.7999999999999972,5.78,109,144,121,149,302,327,300,"0.212","-0.212",,,,1,0,0,0,0,0,1,100,0,0,"4.13","-0.61","-0.93","0.34","88.0",3,,,,5.72,-1.24,0.07,2.41,0,,"-2.12",,,"2.12",,,,,50,,,,,,,
10,688230,"Alford, Peyton",92,10.9,0,0,0,0,0,,,0,1,73.5,7,2569,78.8,77.83,1,4,6,-1,5.75,107,150,120,146,301,321,297,"0.224","-0.224",,,,1,1,0,0,0,0,0,0,0,0,"4.91","-1.22","-0.54","0.45","91.7",36,0,0,0,5.63,1.17,-0.06,1.56,0,0,"-2.24",,,"2.24",,,,,25,,,,,,,
10,687841,"Magno, Andrew",74,13.5,0,0,0,0,0,,,0,2,87.5,10,2718,78.1,77.85,0,3,7,-0.29999999999999716,6.04,106,141,114,141,290,313,286,"0.252","-0.252",,,,2,2,0,0,0,0,0,0,0,0,"4.57","-0.84","-0.82","0.27","92.2",129,50,0,0,5.77,1.44,-0.75,1.01,0,0,"-2.52",,,"2.52",,,,,0,,,,,,,
10,688214,"Jennings, Ryan",30,33.3,0.333,0.333,0.333,0.667,0.49,,,1,3,84.5,17.3,2284,80.1,79.61,1,4,6,-0.5,5.97,102,141,113,143,310,324,287,"-0.221","0.221",,,,4,3,0,1,0,0,0,0,1,25,"4.39","-0.83","-0.07","-0.02","93.6",142,33.33333333333333,0,0,5.52,-2.06,0.57,1.48,0.5,0,"2.21",,,"-2.21",,,,,25,,,,,,,
10,690155,"Pushard, Matt",146,6.8,0.5,0.5,0.5,1,0.631,,,1,2,85.5,12.5,2619,82.4,82.55,0,2,8,0.09999999999999432,6.4,112,149,114,149,294,315,287,"-0.558","0.558",,,,2,2,0,1,0,0,0,0,0,0,"3.73","-0.36","-1","-0.16","88.1",156,0,0,0,6.12,-1.75,0.47,1.85,0.5,0,"5.58",,,"-5.58",,,,,0,,,,,,,
10,686580,"Slaten, Justin",113,8.8,,,,,,,,,,,,2586,82.7,82.95,0,3,7,0.29999999999999716,6.56,112,147,131,151,273,304,303,"-0.153","0.153",,,,,,,,,,,,,,"4.51","-1.16","-0.58","0.5","88.0",164,,,,6.2,-0.95,-0.41,2.7,,,"1.53",,,"-1.53",,,,,0,,,,,,,
10,592836,"Walker, Taijuan",89,11.2,0.5,0.5,1,1,0.653,,,1,2,94.5,31,2313,73.5,72.63,2,4,6,-0.9000000000000057,5.56,105,127,108,132,284,309,288,"-0.679","0.679",,,,3,1,0,1,0,0,1,33.3,1,33.3,"4.88","-0.66","-0.47","0.26","91.3",176,0,0,0,6.66,-1.64,-0.26,2.28,0.667,0,"6.79",,,"-6.79",,,,,50,,,,,,,
9,687866,"Yeager, Justin",126,7.1,0.333,0,0.333,0.333,0.297,,,1,3,95.2,52.3,2390,81,80.59,1,7,2,-0.4000000000000057,6.1,110,149,121,148,298,320,297,"-0.302","0.302",,,,3,3,1,0,0,0,0,0,0,0,"4.3","-0.81","-0.35","-0.08","92.5",125,33.33333333333333,0,0,6.07,-1.8,0,1.97,0.333,0,"3.355555556",,,"-3.355555556",,,,,14.3,,,,,,,
9,690967,"Carlson, Max",59,15.3,0.333,0.333,0.5,0.667,0.421,,,1,3,101.1,41,2208,80.5,81.17,1,6,3,0.7000000000000028,6.88,102,152,124,145,278,316,294,"-0.292","0.292",,,,3,2,0,1,0,0,1,33.3,0,0,"3.67","-0.13","-1.03","-1.03","93.2",159,100,0,0,5.67,-1.81,0.58,1.89,0.333,0,"3.244444444",,,"-3.244444444",,,,,16.7,,,,,,,
9,800125,"Perez, Fernando",43,20.9,1,0,1,1,0.89,,,1,1,92.6,18,2394,77.9,77.86,0,1,8,0,6.03,108,148,119,144,281,325,297,"-0.912","0.912",,,,1,1,1,0,0,0,0,0,0,0,"3.73","0","-0.22","-0.05","92.6",244,0,0,0,6.06,-1.94,-0.2,1.79,1,0,"10.133333333",,,"-10.133333333",,,,,0,,,,,,,
9,641627,"Gott, Trevor",62,14.5,0,0,0,0,0,,,0,3,88,31.5,1927,80.9,80.33,2,5,4,-0.6000000000000085,5.86,113,151,122,149,286,322,295,"0.16","-0.16",,,,3,2,0,0,0,0,1,33.3,0,0,"3.66","-0.18","-1.01","-0.53","90.2",243,0,0,0,5.2,-3.01,0.15,2.07,0,0,"-1.777777778",,,"1.777777778",,,,,40,,,,,,,
9,687040,"Diederich, Sayer",26,34.6,0,0,,0,0.364,,,0,1,,,2748,82.4,81.8,1,2,7,-0.6000000000000085,5.98,111,148,123,146,304,312,273,"-0.056","0.056",,,,2,0,0,0,0,0,1,50,0,0,"3.55","-0.18","-0.94","0.73","88.0",5,,,,5.31,1.29,0.77,2.31,0.5,,"0.622222222",,,"-0.622222222",,,,,50,,,,,,,
9,681810,"Warren, Austin",84,10.7,0.167,0,0.333,0.167,0.227,,,1,6,93.9,27,2718,83.5,83.23,3,7,2,-0.29999999999999716,6.16,117,148,125,150,284,313,289,"0.447","-0.447",,,,7,3,1,0,0,0,3,42.9,1,14.3,"4.07","-0.79","-0.87","0.62","96.3",268,66.66666666666666,66.66666666666666,28.57142857142857,4.99,-2.48,-0.09,2.06,0.286,2,"-4.966666667",,,"4.966666667",,,,,42.9,,,,,,,
9,670059,"Holderman, Colin",150,6,0,0,0,0,0,,,0,1,75.5,17,2596,82,81.92,0,2,7,-0.09999999999999432,6.31,117,141,116,146,284,321,302,"-0.018","0.018",,,,1,1,0,0,0,0,0,0,0,0,"4.19","-0.79","-0.99","0.99","88.0",83,0,0,0,6.03,-2.37,-0.53,1.85,0,0,"0.2",,,"-0.2",,,,,0,,,,,,,
9,669145,"Zimmermann, Bruce",77,11.7,0.5,0.5,0.5,1,0.631,,,1,2,95.1,51.5,2394,79.9,79.12,1,3,6,-0.8000000000000114,5.83,105,148,117,147,291,304,276,"-0.331","0.331",,,,2,2,0,1,0,0,0,0,0,0,"4.06","-0.48","-0.57","0.5","98.1",247,50,50,50,6.14,0.99,0,2.45,0.5,1,"3.677777778",,,"-3.677777778",,,,,33.3,,,,,,,
9,805123,"Blubaugh, AJ",153,5.9,,,,,,,,,,,,2150,79.2,79.06,0,0,9,-0.10000000000000853,6.69,107,146,123,151,293,328,303,"-0.183","0.183",,,,,,,,,,,,,,"4.59","-0.93","-0.73","0.73",,,,,,6.11,-2.35,-0.21,1.1,,,"2.033333333",,,"-2.033333333",,,,,,,,,,,,
9,656492,"Griffin, Foster",123,7.3,,,,,,,,,,,,2358,78.5,77.89,0,3,6,-0.5999999999999943,6.01,111,151,111,149,287,311,279,"-0.003","0.003",,,,,,,,,,,,,,"4.75","-1.03","-0.65","0.28","90.2",86,,,,5.98,2.47,-0.12,1.53,,,"0.033333333",,,"-0.033333333",,,,,0,,,,,,,
9,813766,"Hales, Skylar",90,10,,,,,,,,,,,,2155,81.3,81.5,1,2,7,0.20000000000000284,6.32,122,147,120,152,283,310,287,"-0.235","0.235",,,,,,,,,,,,,,"4.11","-0.67","-0.47","0.47",,,,,,5.58,-2.9,-1.05,2.54,,,"2.611111111",,,"-2.611111111",,,,,50,,,,,,,
9,680742,"Bowlan, Jonathan",126,7.1,,,,,,,,,,,,2359,82,82.02,0,3,6,0,6.32,112,146,115,149,273,305,286,"0.036","-0.036",,,,,,,,,,,,,,"4.15","-0.76","-0.25","0.25","88.0",91,,,,6.25,-2.75,0.03,1.44,,,"-0.4",,,"0.4",,,,,0,,,,,,,
9,685299,"Gordon, Tanner",146,6.2,0.5,0,1,0.5,0.445,,,1,2,36.7,-40,2284,81.7,81.37,0,2,7,-0.29999999999999716,6.01,110,150,116,149,297,326,308,"-0.332","0.332",,,,2,1,1,0,0,0,1,50,0,0,"3.69","-0.28","-0.29","-0.04","88.0",75,0,0,0,6.39,-2.78,-0.74,2.71,0.5,0,"3.688888889",,,"-3.688888889",,,,,0,,,,,,,
9,683100,"Netz, Dawson",21,42.9,0,0,0,0,0.349,,,0,1,69.1,-22,2327,82.5,81.8,2,4,5,-0.7000000000000028,5.73,98,148,106,140,301,326,309,"0.132","-0.132",,,,2,1,0,0,0,0,0,0,1,50,"3.46","-0.08","-0.64","-0.32","88.0",134,0,0,0,5.62,-2.6,-0.04,2.44,0.5,0,"-1.466666667",,,"1.466666667",,,,,50,,,,,,,
9,803833,"Baumann, Garrett",71,12.7,0,0,,0,0,,,0,1,,,2502,80.9,81.74,0,2,7,0.7999999999999972,6.96,107,150,131,148,299,319,286,"0.111","-0.111",,,,1,0,0,0,0,0,1,100,0,0,"4.04","-0.54","-0.4","0.01","88.0",169,,,,6.59,-1.39,0.59,2.01,0,,"-1.233333333",,,"1.233333333",,,,,0,,,,,,,
9,678821,"Peralta, Luis",44,20.5,0,0,0,0,0.182,,,0,3,99.2,22.5,2429,80,79,1,3,6,-1,5.77,105,147,117,151,304,321,305,"0.287","-0.287",,,,4,2,0,0,0,0,1,25,0,0,"3.59","0","-1.22","-0.69","99.2",330,100,0,0,5.27,2.69,0.53,2.72,0.25,0,"-3.188888889",,,"3.188888889",,,,,33.3,,,,,,,
9,680232,"Wolf, Jackson",178,5.1,0,0,,0,0,,,0,3,,,2038,76.1,77.39,3,4,5,1.3000000000000114,7.08,100,149,124,146,302,331,291,"0.493","-0.493",,,,3,0,0,0,0,0,3,100,0,0,"4.17","-0.25","-0.78","0.64","93.4",14,,,,5.51,3.23,0.56,1.74,0,,"-5.477777778",,,"5.477777778",,,,,75,,,,,,,
9,641927,"Ober, Bailey",217,4.1,1,0,1,1,0.81,,,1,1,108,7,2087,73.9,74.69,0,1,8,0.7999999999999972,6.89,121,146,111,152,279,318,291,"-0.465","0.465",,,,2,1,1,0,0,0,0,0,0,0,"4.82","-0.64","-0.92","0.67","108.0",135,100,0,0,6.16,-1.55,-0.33,2.58,1,0,"5.166666667",,,"-5.166666667",,,,,0,,,,,,,
9,815148,"German, Nestor",96,9.4,,,,,,,,,,,,2224,78.2,77.63,0,0,9,-0.6000000000000085,5.82,112,144,108,148,277,307,279,"0.103","-0.103",,,,,,,,,,,,,,"4.83","-1.12","-0.04","0.04",,,,,,6.66,-1.69,-0.05,2.2,,,"-1.144444444",,,"1.144444444",,,,,,,,,,,,
9,696292,"Hess, Ben",76,11.8,0,0,0,0,0,,,0,2,87.2,-10,2596,75.9,75.46,2,3,6,-0.4000000000000057,6.53,108,153,123,149,284,316,282,"0.127","-0.127",,,,2,1,0,0,0,0,1,50,0,0,"5.46","-1.41","-1.33","0.83","88.0",8,0,0,0,5.71,-1.75,0.31,1.2,0,0,"-1.411111111",,,"1.411111111",,,,,66.7,,,,,,,
9,679358,"Orze, Eric",156,5.8,0,0,0,0,0,,,0,1,93.1,25,2779,82.6,83.22,2,3,6,0.6000000000000085,6.98,110,147,122,147,298,316,278,"0.184","-0.184",,,,1,1,0,0,0,0,0,0,0,0,"3.76","-0.38","-1.14","-1.14","93.1",344,0,0,0,5.69,-2.04,0.86,1.46,0,0,"-2.044444444",,,"2.044444444",,,,,66.7,,,,,,,
9,660781,"Robles, Domingo",59,15.3,0.5,0.5,1,1,0.631,,,1,2,103.4,16,2478,77.5,77.16,1,3,6,-0.29999999999999716,6.18,117,150,122,150,285,307,285,"-0.656","0.656",,,,2,1,0,1,0,0,1,50,0,0,"4.41","-0.6","-1.01","-0.45","95.7",256,100,0,0,5.76,1.62,-0.45,1.8,0.5,0,"7.288888889",,,"-7.288888889",,,,,33.3,,,,,,,
9,690667,"Dombroski, Trey",31,29,0,0,0,0,0,,,0,2,82.5,27.5,2376,80.3,80.41,1,4,5,0.10000000000000853,6.09,103,146,123,148,291,325,276,"0.461","-0.461",,,,2,2,0,0,0,0,0,0,0,0,"4.37","-0.82","-0.63","0.27","88.0",162,0,0,0,6.34,1.12,-0.38,1.74,0,0,"-5.122222222",,,"5.122222222",,,,,25,,,,,,,
9,593576,"Neris, Héctor",122,7.4,1,0,1,1,0.89,,,1,1,100.1,-10,2192,81.2,80.7,1,3,6,-0.5,5.87,113,143,121,145,294,317,295,"-0.653","0.653",,,,1,1,1,0,0,0,0,0,0,0,"3.45","-0.01","-0.36","-0.16","94.7",8,100,0,0,5.89,-1.54,0.32,0.94,1,0,"7.255555556",,,"-7.255555556",,,,,33.3,,,,,,,
9,676508,"Casparius, Ben",142,6.3,,,,,,,,,,,,3034,80.6,79.93,0,2,7,-0.6999999999999886,6.02,108,149,129,151,287,321,297,"-0.317","0.317",,,,,,,,,,,,,,"4.66","-1.13","-0.72","0.35","88.0",2,,,,6.25,-0.57,0.41,1.84,,,"3.522222222",,,"-3.522222222",,,,,0,,,,,,,
8,608372,"Sugano, Tomoyuki",117,6.8,1,0.5,1,1.5,1.076,,,2,2,107,18,2658,78.9,78.6,0,2,6,-0.30000000000001137,6.09,116,149,114,150,295,318,293,"-0.931","0.931",,,,2,2,1,1,0,0,0,0,0,0,"4.58","-0.92","-0.47","0.12","107.0",315,100,50,50,6.11,-2.42,0.49,1.56,1,1,"11.6375",,,"-11.6375",,,,,0,,,,,,,
8,687312,"Hughes, Gabriel",56,14.3,0.333,0,0.333,0.333,0.297,,,1,3,97.2,1.7,2357,79.4,79.71,0,3,5,0.29999999999999716,6.72,111,150,122,151,313,315,292,"-0.105","0.105",,,,3,3,1,0,0,0,0,0,0,0,"4.75","-1.1","-0.67","-0.2","98.7",123,66.66666666666666,0,0,5.88,-2.25,0.58,1.85,0.333,0,"1.3125",,,"-1.3125",,,,,0,,,,,,,
8,834575,"Stull, Eston",115,7,,,,,,,,,,,,2642,79.7,79.79,0,0,8,0.09999999999999432,6.41,108,144,128,146,294,314,274,"-0.405","0.405",,,,,,,,,,,,,,"4.45","-0.86","-0.51","0.09",,,,,,6.01,-0.68,-0.96,3.03,,,"5.0625",,,"-5.0625",,,,,,,,,,,,
8,807792,"Gongora, Sebastian",45,17.8,0,0,0,0,0.349,,,0,1,95.6,1,2541,81.6,81.51,1,3,5,0,6.2,107,152,118,148,296,303,275,"-0.201","0.201",,,,2,1,0,0,0,0,0,0,1,50,"4.28","-0.86","-0.62","0.62","95.6",56,100,0,0,5.99,1.85,-0.2,1.8,0.5,0,"2.5125",,,"-2.5125",,,,,33.3,,,,,,,
8,656876,"Rasmussen, Drew",214,3.7,1,0,1,1,0.89,,,1,1,95,8,2484,79.3,79.28,0,1,7,0,6.26,109,146,108,151,282,317,300,"-0.53","0.53",,,,1,1,1,0,0,0,0,0,0,0,"4.27","-0.64","-0.32","0.32","95.0",191,100,0,0,6.07,-1.91,-0.32,2.8,1,0,"6.625",,,"-6.625",,,,,0,,,,,,,
8,683352,"Bratt, Mitch",137,5.8,0.5,1.5,,2,1.025,,,1,2,111.4,40,2157,79.9,79.29,1,3,5,-0.6000000000000085,6,105,147,122,145,303,327,307,"-1.16","1.16",,,,2,1,0,0,0,1,1,50,0,0,"4.09","-0.52","-0.37","0.37","99.7",61,100,100,50,5.7,2.37,0.48,2.67,0.5,1,"14.5",,,"-14.5",,,,,33.3,,,,,,,
8,701328,"Ferris, Jackson",53,15.1,,,,,0.729,,,0,0,,,2518,73.7,74.25,0,2,6,0.7000000000000028,6.96,112,152,119,151,302,325,294,"-0.234","0.234",,,,1,0,0,0,0,0,0,0,0,0,"5.38","-1.15","-1.18","0.56","88.0",104,,,,5.41,1.95,0.53,2.11,1,,"2.925",,,"-2.925",,,,,0,,,,,,,
8,701474,"Davitt, Duncan",55,14.5,0,0,0,0,0.349,,,0,1,90.6,-15,2617,82.1,83.42,0,2,6,1.3000000000000114,6.98,115,147,118,145,289,330,292,"0.097","-0.097",,,,2,1,0,0,0,0,0,0,1,50,"3.86","-0.5","-0.63","-0.25","89.3",17,0,0,0,5.16,-2.17,-0.44,2.68,0.5,0,"-1.2125",,,"1.2125",,,,,0,,,,,,,
8,692369,"Davila, José",33,24.2,0.333,0,0.333,0.333,0.297,,,1,3,86.5,25,2136,82.1,82.46,0,3,5,0.4000000000000057,6.46,105,149,117,149,284,307,278,"-0.222","0.222",,,,3,3,1,0,0,0,0,0,0,0,"3.83","-0.45","-0.2","-0.07","88.5",169,0,0,0,6.36,-1.1,0.1,1.5,0.333,0,"2.775",,,"-2.775",,,,,0,,,,,,,
8,688422,"Staine, Connor",30,26.7,0,0,0,0,0,,,0,1,78.8,44,2652,76.3,76.55,2,4,4,0.20000000000000284,6.38,111,149,116,146,294,311,295,"0.089","-0.089",,,,1,1,0,0,0,0,0,0,0,0,"4.48","-0.57","-0.63","-0.45","88.0",241,0,0,0,5.92,-2.05,-0.31,1.71,0,0,"-1.1125",,,"1.1125",,,,,50,,,,,,,
8,814366,"Feeney, Cade",37,21.6,0,0,0,0,0,,,0,1,76.1,-20,2364,79.2,79.25,0,1,7,0.09999999999999432,6.24,101,149,124,146,284,312,273,"0.159","-0.159",,,,1,1,0,0,0,0,0,0,0,0,"3.79","-0.16","-0.8","0.15","88.0",8,0,0,0,4.83,-1.64,0.05,2.72,0,0,"-1.9875",,,"1.9875",,,,,0,,,,,,,
8,608334,"Fulmer, Carson",86,9.3,,,,,,,,,,,,2614,79.8,79.03,0,1,7,-0.7999999999999972,5.9,118,149,121,149,289,314,285,"-0.077","0.077",,,,,,,,,,,,,,"4.39","-0.78","-0.69","0.18","98.5",191,,,,5.77,-2.24,0.18,1.51,,,"0.9625",,,"-0.9625",,,,,0,,,,,,,
8,621097,"Waguespack, Jacob",110,7.3,,,,,,,,,,,,2304,76.1,76.84,0,1,7,0.7000000000000028,6.79,116,138,111,139,295,320,295,"-0.208","0.208",,,,,,,,,,,,,,"4.74","-0.8","-0.13","0.07","88.0",120,,,,6.47,-0.27,0.5,0.88,,,"2.6",,,"-2.6",,,,,0,,,,,,,
8,658648,"Avila, Pedro",118,6.8,0,0,0,0,0,,,0,1,89.9,53,2697,77.3,76.95,0,2,6,-0.29999999999999716,6.14,106,148,116,143,296,318,295,"0.49","-0.49",,,,1,1,0,0,0,0,0,0,0,0,"4.98","-1.16","-0.77","-0.36","89.0",166,0,0,0,5.98,-0.88,-0.08,1.89,0,0,"-6.125",,,"6.125",,,,,0,,,,,,,
8,680729,"McDaniels, Garrett",69,11.6,1,0,1,1,0.89,,,1,1,88,-9,2450,83,82.36,1,3,5,-0.5999999999999943,5.91,111,151,117,148,296,323,299,"-0.403","0.403",,,,1,1,1,0,0,0,0,0,0,0,"4.01","-0.7","-0.48","0.37","93.4",18,0,0,0,6.13,1.44,0.45,2.55,1,0,"5.0375",,,"-5.0375",,,,,33.3,,,,,,,
8,695505,"Burns, Chase",288,2.8,0,0,,0,0,,,0,1,,,2630,84.2,84.19,3,3,5,0,6.16,114,148,109,149,303,328,289,"0.342","-0.342",,,,1,0,0,0,0,0,1,100,0,0,"3.46","-0.26","-0.17","0.03",,,,,,6.63,-1.13,0.13,1.38,0,,"-4.275",,,"4.275",,,,,100,,,,,,,
8,640451,"Harvey, Hunter",94,8.5,,,,,,,,,,,,2087,81.1,80.64,3,5,3,-0.5,6.03,107,147,112,149,290,325,311,"0.022","-0.022",,,,,,,,,,,,,,"4.27","-0.8","-0.56","0.56","96.4",90,,,,5.75,-1.83,0.01,1.37,,,"-0.275",,,"0.275",,,,,60,,,,,,,
8,683627,"Molina, Anthony",69,11.6,0,0,0,0,0,,,0,2,96.4,24,2157,85.9,86.17,1,2,6,0.29999999999999716,6.44,120,152,127,150,297,321,294,"0.075","-0.075",,,,2,1,0,0,0,0,1,50,0,0,"3.26","-0.17","-0.31","-0.15","96.4",355,100,0,0,6.17,-1.66,0.17,0.19,0,0,"-0.9375",,,"0.9375",,,,,50,,,,,,,
7,702119,"Hayes, Hunter",36,19.4,,,,,,,,,,,,2475,81.5,80.84,0,1,6,-0.7000000000000028,5.59,104,145,108,148,290,323,293,"-0.23","0.23",,,,,,,,,,,,,,"3.97","-0.57","0.04","-0.08","88.0",80,,,,6.24,-1.93,0.44,2.28,,,"3.285714286",,,"-3.285714286",,,,,0,,,,,,,
7,800018,"Zhuang, Chen Zhong-Ao",47,14.9,0,0,0,0,0,,,0,1,88.4,38,2448,75.8,75.34,0,2,5,-0.5,6.11,118,150,125,151,290,311,296,"0.028","-0.028",,,,1,1,0,0,0,0,0,0,0,0,"5.04","-1.04","-0.91","0.55","88.4",303,0,0,0,5.88,-2.29,0.09,2.25,0,0,"-0.4",,,"0.4",,,,,0,,,,,,,
7,694573,"Crowell, Wyatt",33,21.2,0,0,,0,0,,,0,2,,,2308,80.4,79.1,2,2,5,-1.3000000000000114,5.5,91,148,125,148,290,314,286,"0.357","-0.357",,,,2,0,0,0,0,0,2,100,0,0,"4.33","-0.79","-1.01","-0.09",,,,,,5.38,2.6,0.66,2.2,0,,"-5.1",,,"5.1",,,,,100,,,,,,,
7,696508,"Baker, Alec",33,21.2,0,0,,0,0,,,0,1,,,2432,79.9,80.34,3,4,3,0.3999999999999915,6.77,114,153,120,149,306,332,294,"0.31","-0.31",,,,1,0,0,0,0,0,1,100,0,0,"3.71","-0.11","-1.26","-0.91","88.0",199,,,,5.59,-2.34,-0.22,2.19,0,,"-4.428571429",,,"4.428571429",,,,,75,,,,,,,
7,471911,"Carrasco, Carlos",125,5.6,1,0,1,1,0.89,,,1,1,69.8,10,2502,77.2,77.56,1,3,4,0.3999999999999915,6.46,102,149,138,151,294,317,294,"-0.397","0.397",,,,1,1,1,0,0,0,0,0,0,0,"4.26","-0.45","-0.45","0.21","88.0",88,0,0,0,5.86,-1.07,0.22,1.41,1,0,"5.671428571",,,"-5.671428571",,,,,33.3,,,,,,,
7,823990,"Taylor, Zane",78,9,0,0,0,0,0,,,0,1,88.6,25,1996,79.9,79.96,1,3,4,0.09999999999999432,5.94,115,150,120,150,286,318,290,"0.297","-0.297",,,,1,1,0,0,0,0,0,0,0,0,"4.1","-0.58","-0.19","0.03","88.3",147,0,0,0,5.37,-2.05,-0.24,2.07,0,0,"-4.242857143",,,"4.242857143",,,,,33.3,,,,,,,
7,802419,"Harrington, Thomas",74,9.5,0,0,0,0,0,,,0,2,93.4,27,2573,79.2,79.01,1,3,4,-0.20000000000000284,6.29,114,139,118,144,290,343,301,"0.607","-0.607",,,,2,1,0,0,0,0,1,50,0,0,"4.59","-0.93","-1.15","1.15","90.7",292,0,0,0,5.47,-1.56,-0.11,2.1,0,0,"-8.671428571",,,"8.671428571",,,,,33.3,,,,,,,
7,695684,"Rodríguez, Elmer",95,7.4,0,0,0,0,0,,,0,1,85.2,-3,2302,78.6,78.43,0,1,6,-0.19999999999998863,6.3,103,145,124,149,275,311,287,"0.158","-0.158",,,,1,1,0,0,0,0,0,0,0,0,"4.43","-0.73","-1.09","1.09","88.0",19,0,0,0,5.8,-2.54,-1.17,2.46,0,0,"-2.257142857",,,"2.257142857",,,,,0,,,,,,,
7,801737,"Martinez, Liomar",29,24.1,,,0,,0,,,0,0,91.9,40,2807,81.8,81.13,1,2,5,-0.7000000000000028,6.24,111,134,113,139,282,319,284,"-0.059","0.059",,,,1,1,0,0,0,0,0,0,0,0,"4.51","-1.05","-0.98","0.15","91.9",329,0,0,0,5.99,-2.6,1.06,1.23,0,0,"0.842857143",,,"-0.842857143",,,,,50,,,,,,,
7,805673,"Matthews, Zebby",200,3.5,,,,,,,,,,,,2295,77,76.63,0,2,5,-0.4000000000000057,5.97,121,140,118,146,283,317,290,"0.069","-0.069",,,,,,,,,,,,,,"4.56","-0.72","-0.72","0.72","88.0",171,,,,6.07,-1.91,-0.25,2.16,,,"-0.985714286",,,"0.985714286",,,,,0,,,,,,,
7,688497,"Rashi, Taylor",89,7.9,0,0,0,0,0,,,0,2,73.8,-3,2016,74.6,75.16,0,2,5,0.6000000000000085,6.63,120,145,113,152,291,312,295,"0.64","-0.64",,,,2,2,0,0,0,0,0,0,0,0,"4.97","-0.89","-0.29","0.29","88.0",36,0,0,0,6.46,0.01,-0.1,2,0,0,"-9.142857143",,,"9.142857143",,,,,0,,,,,,,
7,681896,"Hoopii-Tuionetoa, Anthony",47,14.9,,,,,,,,,,,,2509,80.1,80.17,0,0,7,0.10000000000000853,6.17,108,148,109,152,308,317,303,"-0.276","0.276",,,,,,,,,,,,,,"3.97","-0.44","-0.48","0.31",,,,,,5.37,-1.82,0.15,1.24,,,"3.942857143",,,"-3.942857143",,,,,,,,,,,,
7,684608,"Brian, Will",14,50,0.25,0.75,0,1,0.513,,,1,4,97.4,4,2831,76.7,75.75,1,5,2,-0.9000000000000057,6,99,149,127,149,290,326,295,"-0.699","0.699",,,,4,3,0,0,0,1,1,25,0,0,"5.04","-1.13","-0.83","0.83","97.4",79,100,0,0,5.89,1.03,0.13,2.28,0.25,0,"9.985714286",,,"-9.985714286",,,,,20,,,,,,,
7,806334,"Amalfi, Alex",42,16.7,0,0,0,0,0,,,0,1,97.3,46,2407,77.4,77.59,0,2,5,0.19999999999998863,6.5,113,147,130,150,281,319,295,"0.295","-0.295",,,,1,1,0,0,0,0,0,0,0,0,"5","-1.18","-0.54","0.27","92.7",252,100,0,0,6.16,-2.01,-0.14,3.19,0,0,"-4.214285714",,,"4.214285714",,,,,0,,,,,,,
7,687195,"Garland, Jake",20,35,,,,,,,,,,,,2276,78.3,77.8,0,4,3,-0.5,6.09,104,153,118,148,294,313,290,"0.045","-0.045",,,,,,,,,,,,,,"4.98","-1.23","-0.82","-0.82","88.0",87,,,,5.95,-1.77,0.18,2.61,,,"-0.642857143",,,"0.642857143",,,,,0,,,,,,,
7,811315,"Hopkins, Brody",52,13.5,0,0,0,0,0,,,0,1,94.7,29,2741,85.7,86.12,0,1,6,0.3999999999999915,6.4,103,146,113,146,292,323,295,"0.037","-0.037",,,,1,1,0,0,0,0,0,0,0,0,"4.13","-1.04","-0.46","0.03","94.7",330,0,0,0,5.54,-1.58,0.43,1.8,0,0,"-0.528571429",,,"0.528571429",,,,,0,,,,,,,
7,686632,"Zobac, Steven",55,12.7,,,,,0.698,,,0,0,,,2584,78.9,79.03,0,2,5,0.09999999999999432,6.43,111,148,127,147,288,313,298,"-0.318","0.318",,,,1,0,0,0,0,0,0,0,1,100,"4.63","-0.97","-0.63","0.49","88.0",26,,,,5.91,-1.61,0.34,1.75,1,,"4.542857143",,,"-4.542857143",,,,,0,,,,,,,
7,657265,"Strzelecki, Peter",123,5.7,,,,,,,,,,,,2951,78.8,79.14,0,3,4,0.29999999999999716,6.76,107,152,120,149,303,321,292,"0.175","-0.175",,,,,,,,,,,,,,"4.14","-0.44","-1.54","-1.54","88.0",152,,,,4.81,-2.39,0.43,1.58,,,"-2.5",,,"2.5",,,,,0,,,,,,,
7,663941,"Beck, Tristan",110,6.4,0.333,0.667,0.5,1,0.532,,,1,3,101.7,12.5,2357,83.1,83.51,2,5,2,0.4000000000000057,6.77,111,150,113,153,310,332,300,"-0.765","0.765",,,,3,2,0,0,1,0,1,33.3,0,0,"4.32","-1","-0.48","0.48","97.1",208,100,50,33.33333333333333,6.04,-2.12,-0.23,2.69,0.333,1,"10.928571429",,,"-10.928571429",,,,,40,,,,,,,
7,664854,"Helsley, Ryan",105,6.7,,,,,,,,,,,,2401,79.7,80.68,0,2,5,1,6.87,119,150,114,149,284,313,294,"0.074","-0.074",,,,,,,,,,,,,,"4.31","-0.73","-0.32","0.3","88.0",145,,,,6.11,-0.38,0.29,1.71,,,"-1.057142857",,,"1.057142857",,,,,0,,,,,,,
7,702752,"Pintaro, Jonathan",88,8,0,0,,0,0,,,0,1,,,2802,83.1,82.66,1,1,6,-0.3999999999999915,6.3,109,148,124,148,287,312,285,"-0.128","0.128",,,,1,0,0,0,0,0,1,100,0,0,"3.68","-0.34","-0.89","-0.4",,,,,,5.17,-3.62,0.73,0.7,0,,"1.828571429",,,"-1.828571429",,,,,100,,,,,,,
7,687439,"Johnson, Colton",38,18.4,1,1,1,2,1.262,,,1,1,101.4,13,2336,76.8,77.06,0,3,4,0.29999999999999716,6.31,117,150,116,150,297,320,293,"-0.62","0.62",,,,1,1,0,1,0,0,0,0,0,0,"4.55","-0.71","-0.62","0.13","92.5",184,100,0,0,6.33,1.02,-0.19,1.74,1,0,"8.857142857",,,"-8.857142857",,,,,0,,,,,,,
7,671109,"Eder, Jake",132,5.3,0,0,,0,0,,,0,1,,,2651,77.4,77.7,0,0,7,0.29999999999999716,6.7,107,148,124,149,291,309,286,"0.012","-0.012",,,,1,0,0,0,0,0,1,100,0,0,"4.97","-1.13","-1.11","-0.07",,,,,,6.08,1.22,0.18,2.16,0,,"-0.171428571",,,"0.171428571",,,,,,,,,,,,
7,685125,"Chamberlain, Christian",21,33.3,0,0,0,0,0,,,0,2,96.7,24.5,2528,81.8,82.44,1,5,2,0.6000000000000085,6.44,111,151,125,146,290,307,284,"0.714","-0.714",,,,2,2,0,0,0,0,0,0,0,0,"3.83","-0.46","-0.24","0.05","92.3",152,50,0,0,5.09,2.11,0.22,1.92,0,0,"-10.2",,,"10.2",,,,,20,,,,,,,
7,679057,"Green, Mason",27,25.9,0,0,0,0,0,,,0,1,91.9,21,2147,82.8,83.49,0,3,4,0.7000000000000028,6.59,110,145,115,147,292,311,235,"0.331","-0.331",,,,1,1,0,0,0,0,0,0,0,0,"3.29","0.03","-0.27","0.08","89.3",218,0,0,0,5.28,2.02,-0.75,2.24,0,0,"-4.728571429",,,"4.728571429",,,,,0,,,,,,,
7,593958,"Rodriguez, Eduardo",31,22.6,,,,,,,,,,,,2426,80.7,80.86,0,1,6,0.20000000000000284,6.36,107,148,107,150,289,323,311,"-0.033","0.033",,,,,,,,,,,,,,"4.12","-0.62","-0.38","-0.3","88.0",2,,,,5.99,1.24,-0.86,1.56,,,"0.471428571",,,"-0.471428571",,,,,0,,,,,,,
7,680951,"Nikhazy, Doug",73,9.6,1,0.5,1,1.5,1.076,,,2,2,101.9,3,2756,79.3,80.09,1,3,4,0.7999999999999972,6.93,108,142,115,138,301,318,287,"-1.18","1.18",,,,2,2,1,1,0,0,0,0,0,0,"4.36","-0.72","-1.02","1.02","101.8",198,100,50,50,5.63,2.73,-0.12,2.08,1,1,"16.857142857",,,"-16.857142857",,,,,33.3,,,,,,,
7,686769,"Acker, Dane",55,12.7,0,0,0,0,0,,,0,2,80,0,2655,82.1,82.06,1,2,5,0,6.34,113,151,112,149,307,322,305,"0.387","-0.387",,,,2,1,0,0,0,0,1,50,0,0,"4.61","-1.22","-0.63","-0.07","88.0",31,0,0,0,6.15,-0.31,0.65,1.32,0,0,"-5.528571429",,,"5.528571429",,,,,50,,,,,,,
7,687570,"Prielipp, Connor",122,5.7,1,0,1,1,0.794,,,1,1,109.1,6,2711,82.2,80.97,0,1,6,-1.2000000000000028,5.66,109,146,126,149,285,313,282,"-0.811","0.811",,,,2,1,1,0,0,0,0,0,1,50,"4.29","-0.89","-0.46","0.1","109.1",196,100,0,0,6.28,1.14,0.2,1.03,1,0,"11.585714286",,,"-11.585714286",,,,,0,,,,,,,
7,605540,"Woodruff, Brandon",94,7.4,0,0,0,0,0,,,0,2,,,2477,75.2,75.39,1,3,4,0.20000000000000284,6.31,124,148,120,152,296,325,297,"0.574","-0.574",,,,2,1,0,0,0,0,1,50,0,0,"4.94","-0.92","-0.35","0.12","88.0",2,,,,6.09,-1.46,-0.09,1.68,0,,"-8.2",,,"8.2",,,,,33.3,,,,,,,
6,681977,"Smith, Jake",27,22.2,1,0,1,1,0.89,,,1,1,70.9,26,2563,81.3,79.45,0,1,5,-1.7999999999999972,5.23,113,148,125,147,279,320,287,"-0.537","0.537",,,,1,1,1,0,0,0,0,0,0,0,"3.76","-0.28","-1.41","0.82","88.0",229,0,0,0,5.67,-3.56,-0.76,2.7,1,0,"8.95",,,"-8.95",,,,,0,,,,,,,
6,670391,"Anderson, Ben",45,13.3,0,0,0,0,0,,,0,2,68.8,-5,2246,81.2,81.85,1,2,4,0.5999999999999943,6.52,110,146,130,151,298,317,298,"0.27","-0.27",,,,2,1,0,0,0,0,1,50,0,0,"4.07","-0.64","-0.09","0.04","88.0",20,0,0,0,5.97,-1.35,0.59,1.21,0,0,"-4.5",,,"4.5",,,,,50,,,,,,,
6,699044,"Ullola, Miguel",109,5.5,0,0,0,0,0,,,0,1,99.5,47,2072,80.6,81.48,0,1,5,0.9000000000000057,6.8,117,146,126,150,295,326,293,"0.112","-0.112",,,,1,1,0,0,0,0,0,0,0,0,"4.06","-0.56","-0.19","0.09","99.5",250,100,0,0,5.79,-1.65,-0.23,3.56,0,0,"-1.866666667",,,"1.866666667",,,,,0,,,,,,,
6,695001,"Santa, Alimber",109,5.5,0,0,,0,0,,,0,3,,,2870,80.4,79.6,0,1,5,-0.8000000000000114,6.14,118,146,123,152,293,327,298,"0.46","-0.46",,,,3,0,0,0,0,0,3,100,0,0,"4.64","-1.09","-0.9","0.9","100.0",301,,,,5.97,-0.57,0.1,2.59,0,,"-7.666666667",,,"7.666666667",,,,,0,,,,,,,
6,806185,"Birdsong, Hayden",79,7.6,,,,,,,,,,,,2717,80.8,80.97,0,1,5,0.20000000000000284,6.6,109,150,114,149,300,331,294,"-0.069","0.069",,,,,,,,,,,,,,"4.53","-1","-0.42","0.11","88.0",177,,,,6.27,-1.17,0.86,1.73,,,"1.15",,,"-1.15",,,,,0,,,,,,,
6,694753,"Curtis, Khristian",55,10.9,,,,,,,,,,,,2675,77.6,77.7,0,1,5,0.10000000000000853,6.57,120,150,124,153,260,307,311,"-0.112","0.112",,,,,,,,,,,,,,"4.93","-1.12","-0.7","0.44","88.9",10,,,,6.18,-2.05,0.61,1.23,,,"1.866666667",,,"-1.866666667",,,,,0,,,,,,,
6,623474,"Herget, Jimmy",186,3.2,,,,,,,,,,,,2506,79.5,78.03,1,2,4,-1.5,5,117,149,122,153,299,326,294,"-0.129","0.129",,,,,,,,,,,,,,"4.05","-0.47","-0.45","0.32","88.0",3,,,,5.25,-2.41,0.78,2.18,,,"2.15",,,"-2.15",,,,,50,,,,,,,
6,683175,"Phillips, Connor",182,3.3,,,,,,,,,,,,2256,85.9,85.63,1,2,4,-0.30000000000001137,6.03,121,148,121,152,289,326,301,"-0.104","0.104",,,,,,,,,,,,,,"3.76","-0.68","-0.39","0.31","101.8",2,,,,5.93,-1.39,-0.27,1.9,,,"1.733333333",,,"-1.733333333",,,,,50,,,,,,,
6,669169,"Heasley, Jonathan",47,12.8,0.667,0.667,0.667,1.333,0.841,,,2,3,94.7,26.7,2323,80.6,80.42,0,3,3,-0.09999999999999432,6.22,120,151,123,148,291,316,293,"-1.27","1.27",,,,3,3,0,2,0,0,0,0,0,0,"4.5","-0.98","-0.41","-0.32","100.4",252,66.66666666666666,33.33333333333333,33.33333333333333,6.04,-1.27,0.08,1.92,0.667,1,"21.166666667",,,"-21.166666667",,,,,0,,,,,,,
6,805723,"Lyons, Jared",29,20.7,0,0,0,0,0,,,0,1,102.1,17,2182,82.2,82.48,0,3,3,0.29999999999999716,6.67,112,147,123,151,301,313,286,"0.198","-0.198",,,,1,1,0,0,0,0,0,0,0,0,"4.59","-1.2","-0.11","0.15","95.1",243,100,0,0,5.77,-1.1,0.52,1.54,0,0,"-3.3",,,"3.3",,,,,0,,,,,,,
6,622098,"Smith, Drew",86,7,0,0,0,0,0,,,0,2,53.3,16,2800,81,80.43,0,4,2,-0.5999999999999943,5.97,111,148,122,152,288,318,297,"0.476","-0.476",,,,2,2,0,0,0,0,0,0,0,0,"3.52","-0.03","-1.48","0.57","88.0",61,0,0,0,5.36,-2.2,0.03,2.36,0,0,"-7.933333333",,,"7.933333333",,,,,0,,,,,,,
6,680933,"Suarez, Joander",47,12.8,0,0,0,0,0,,,0,3,89.2,53.3,2341,78.8,79.2,0,4,2,0.4000000000000057,6.38,111,151,135,150,291,323,290,"0.691","-0.691",,,,3,3,0,0,0,0,0,0,0,0,"4.19","-0.55","-0.91","-0.66","92.7",122,33.33333333333333,0,0,5.76,-1.68,0.04,2.75,0,0,"-11.516666667",,,"11.516666667",,,,,0,,,,,,,
6,694341,"Beck, Brendan",47,12.8,1,1,1,2,1.262,,,1,1,99.2,22,2158,75.4,75.13,0,1,5,-0.30000000000001137,6.45,,,,,,,,"-0.793","0.793",,,,1,1,0,1,0,0,0,0,0,0,"5.28","-1.22","-0.5","0.28","99.2",336,100,0,0,6.3,-2.49,-0.21,2.21,1,0,"13.216666667",,,"-13.216666667",,,,,0,,,,,,,
6,663795,"Hagenman, Justin",136,4.4,0,0,0,0,0.243,,,0,2,92.4,34.5,2486,78.1,78.2,0,2,4,0.10000000000000853,6.12,121,147,130,150,292,315,284,"-0.123","0.123",,,,3,2,0,0,0,0,0,0,0,0,"4.12","-0.41","-0.56","0.44","94.6",311,50,50,33.33333333333333,5.44,-3.18,-0.58,1.77,0.333,1,"2.05",,,"-2.05",,,,,0,,,,,,,
6,805266,"Bimbi, Jacob",30,20,1,0,1,1,0.89,,,1,1,93.3,13,2447,85.2,85.1,0,3,3,-0.10000000000000853,6.12,109,148,119,147,293,316,292,"-0.458","0.458",,,,1,1,1,0,0,0,0,0,0,0,"3.46","-0.33","-0.45","0.09","89.8",123,0,0,0,5.26,2.42,0.58,2.92,1,0,"7.633333333",,,"-7.633333333",,,,,0,,,,,,,
6,804249,"Kuehner, Tate",48,12.5,1,0,1,1,0.89,,,1,1,93.2,16,2444,79.5,79.47,1,2,4,0,6.05,109,147,133,149,302,304,291,"-0.388","0.388",,,,1,1,1,0,0,0,0,0,0,0,"3.92","-0.34","-0.73","-0.01","93.2",251,0,0,0,5.14,1.57,-0.31,1.83,1,0,"6.466666667",,,"-6.466666667",,,,,50,,,,,,,
6,809109,"Angelo, Roman",34,17.6,0,0,0,0,0.364,,,0,1,84.5,75,2515,80.4,80.8,0,1,5,0.3999999999999915,6.47,99,142,110,140,299,318,302,"-0.042","0.042",,,,2,1,0,0,0,0,0,0,0,0,"3.43","0.09","-1.04","-0.26","88.0",51,0,0,0,5.77,-1.8,0.27,2.01,0.5,0,"0.7",,,"-0.7",,,,,0,,,,,,,
6,687134,"Blalock, Bradley",95,6.3,0,0,0,0,0.243,,,0,2,96.8,-3,2410,82.5,82.92,1,2,4,0.4000000000000057,6.38,121,148,119,150,295,322,294,"0.066","-0.066",,,,3,1,0,0,0,0,1,33.3,0,0,"3.94","-0.62","-0.01","0.05","96.8",24,100,0,0,6.45,-1,0.37,2.08,0.333,0,"-1.1",,,"1.1",,,,,50,,,,,,,
6,691908,"Velasquez, Giussepe",18,33.3,0.333,0,1,0.333,0.297,,,1,3,99.6,-12,2468,82.3,82.82,2,3,3,0.5,6.32,109,154,114,145,278,325,284,"-0.017","0.017",,,,3,1,1,0,0,0,2,66.7,0,0,"3.62","-0.29","-0.76","-0.76","99.6",11,100,0,0,5.31,-2.67,0.18,2.06,0.333,0,"0.283333333",,,"-0.283333333",,,,,66.7,,,,,,,
6,690997,"McLean, Nolan",56,10.7,0,0,0,0,0,,,0,2,90.8,34,3337,82.8,81.35,1,2,4,-1.5,6.18,117,151,123,150,284,322,298,"0.155","-0.155",,,,2,1,0,0,0,0,1,50,0,0,"4.5","-1.07","-1.2","-0.01","90.8",343,0,0,0,5.33,-3.63,1.26,1.12,0,0,"-2.583333333",,,"2.583333333",,,,,50,,,,,,,
6,694978,"Vespi, Ben",33,18.2,,,,,,,,,,,,2129,80.6,80.75,0,1,5,0.20000000000000284,6.57,103,149,121,148,295,314,284,"-0.116","0.116",,,,,,,,,,,,,,"4.15","-0.62","-0.38","-0.22","88.0",6,,,,5.97,-1.93,0.42,2.26,,,"1.933333333",,,"-1.933333333",,,,,0,,,,,,,
6,701213,"Brand, Jonathan",37,16.2,0,0,0,0,0,,,0,1,85.3,57,2654,79.5,79.05,0,2,4,-0.4000000000000057,6.07,101,144,114,147,303,320,294,"0.14","-0.14",,,,1,1,0,0,0,0,0,0,0,0,"4.03","-0.41","-1.06","-0.76","88.0",102,0,0,0,4.91,-1.48,-0.47,2.26,0,0,"-2.333333333",,,"2.333333333",,,,,0,,,,,,,
6,664192,"Lucchesi, Joey",42,14.3,1,0,1,1,0.89,,,1,1,81.2,-5,2024,78.6,77.88,0,1,5,-0.6999999999999886,5.92,125,150,113,153,308,338,305,"-0.572","0.572",,,,1,1,1,0,0,0,0,0,0,0,"3.93","-0.22","-0.71","-0.23","88.0",15,0,0,0,6.35,2.21,-0.12,1.66,1,0,"9.533333333",,,"-9.533333333",,,,,0,,,,,,,
6,700800,"Smith, Darien",32,18.8,0,0,0,0,0,,,0,1,81.5,80,2303,84.8,83.48,0,3,3,-1.2999999999999972,5.73,108,147,113,149,312,319,296,"0.258","-0.258",,,,1,1,0,0,0,0,0,0,0,0,"3.1","0.11","-0.52","0.09","88.0",55,0,0,0,5.76,-2.54,-0.17,1.79,0,0,"-4.3",,,"4.3",,,,,0,,,,,,,
5,699944,"Caple, Brooks",40,12.5,0,0,,0,0,,,0,1,,,2601,79.6,80.04,1,2,3,0.4000000000000057,6.6,99,149,120,150,296,324,297,"0.191","-0.191",,,,1,0,0,0,0,0,1,100,0,0,"4.4","-0.81","-0.42","-0.03",,,,,,5.81,-1.81,0.37,1.21,0,,"-3.82",,,"3.82",,,,,50,,,,,,,
5,665959,"Mendoza, Abdiel",13,38.5,,,,,,,,,,,,2821,79.9,79.72,1,2,3,-0.20000000000000284,6.06,89,145,123,144,302,324,305,"0.019","-0.019",,,,,,,,,,,,,,"3.74","-0.18","-1","-0.32","88.0",156,,,,5.26,-1.87,0.7,1.76,,,"-0.38",,,"0.38",,,,,50,,,,,,,
5,805311,"Sando, Nick",63,7.9,0.5,1.5,0,2,1.025,,,1,2,92.1,8,2357,82.5,82.66,0,3,2,0.20000000000000284,6.02,97,148,123,150,293,323,289,"-1.342","1.342",,,,2,2,0,0,0,1,0,0,0,0,"3.27","0.05","-0.81","0.09","94.6",138,50,50,50,5.53,2.23,0.69,2.39,0.5,1,"26.84",,,"-26.84",,,,,0,,,,,,,
5,813676,"Romero, Ivran",72,6.9,0.5,0,0.5,0.5,0.445,,,1,2,84.2,9,2486,78,77.44,0,3,2,-0.5999999999999943,6.24,126,145,123,151,297,330,279,"-0.201","0.201",,,,2,2,1,0,0,0,0,0,0,0,"4.7","-0.9","-0.84","0.84","88.0",138,0,0,0,4.83,-3.04,-0.85,2.16,0.5,0,"4.02",,,"-4.02",,,,,0,,,,,,,
5,686762,"Roberts, Austin",26,19.2,,,,,,,,,,,,2605,80.9,80.56,0,0,5,-0.30000000000001137,6.16,111,151,121,149,304,316,297,"-0.211","0.211",,,,,,,,,,,,,,"4.06","-0.57","-0.97","-0.3",,,,,,5.75,-2.34,0.74,1.51,,,"4.22",,,"-4.22",,,,,,,,,,,,
5,694350,"Brzykcy, Zach",83,6,,,,,,,,,,,,2483,81.8,82.2,1,2,3,0.4000000000000057,6.32,108,147,121,148,293,316,289,"0.087","-0.087",,,,,,,,,,,,,,"3.96","-0.58","-0.21","0.2","88.0",117,,,,5.88,-1.49,-0.31,2.88,,,"-1.74",,,"1.74",,,,,50,,,,,,,
5,680736,"Wrobleski, Justin",196,2.6,,,,,,,,,,,,2532,81.5,80.17,0,1,4,-1.2999999999999972,5.45,117,153,122,150,301,323,289,"-0.019","0.019",,,,,,,,,,,,,,"4.16","-0.74","-0.63","0.28","88.0",50,,,,5.69,2.23,-0.3,2.32,,,"0.38",,,"-0.38",,,,,0,,,,,,,
5,700669,"Graceffo, Gordon",43,11.6,0.5,0,1,0.5,0.445,,,1,2,74,15,2674,84.9,84.24,3,4,1,-0.7000000000000028,6.08,113,153,120,149,289,313,288,"-0.542","0.542",,,,2,1,1,0,0,0,1,50,0,0,"4.56","-1.37","-0.23","-0.16","88.0",165,0,0,0,6.18,-1.76,0.14,1.56,0.5,0,"10.84",,,"-10.84",,,,,75,,,,,,,
5,695667,"Kudrna, Ben",78,6.4,,,,,,,,,,,,2345,80.5,80.88,0,1,4,0.4000000000000057,6.46,114,141,113,141,290,323,298,"0.011","-0.011",,,,,,,,,,,,,,"4.18","-0.67","-0.16","0.21","88.0",161,,,,5.98,-1.98,-0.63,2.24,,,"-0.22",,,"0.22",,,,,0,,,,,,,
5,678316,"Cruz, Omar",66,7.6,0.5,1.5,,2,1.025,,,1,2,99.6,40,2762,76.8,75.62,1,2,3,-1.2000000000000028,5.98,117,151,125,149,300,331,305,"-1.493","1.493",,,,2,1,0,0,0,1,1,50,0,0,"5.46","-1.52","-0.63","0.41","99.6",362,100,0,0,6.26,1.38,-0.48,2.31,0.5,0,"29.86",,,"-29.86",,,,,50,,,,,,,
5,807718,"Driver, Jay",57,8.8,0,0,0,0,0.349,,,0,1,73.7,41,2220,79.3,80,0,2,3,0.7000000000000028,6.84,124,148,123,152,292,318,297,"0.063","-0.063",,,,2,1,0,0,0,0,0,0,1,50,"3.58","0.06","-1.17","0.64","88.0",246,0,0,0,4.21,-3.43,-0.97,2.62,0.5,0,"-1.26",,,"1.26",,,,,0,,,,,,,
5,676467,"Gordon, Colton",90,5.6,0.5,1.5,0,2,1.025,,,1,2,99.3,39.5,2468,75.5,76.16,1,3,2,0.7000000000000028,6.88,111,153,121,146,295,326,288,"-2.378","2.378",,,,2,2,0,0,0,1,0,0,0,0,"4.06","-0.04","-1.04","1.04","99.2",359,100,0,0,5.67,2.32,-0.41,1.79,0.5,0,"47.56",,,"-47.56",,,,,33.3,,,,,,,
5,686951,"Nielson, Cy",30,16.7,,,,,,,,,,,,2856,79.7,78.4,0,2,3,-1.2999999999999972,6,113,152,124,148,285,318,290,"0.046","-0.046",,,,,,,,,,,,,,"4.24","-0.61","-1.35","1.35","88.3",139,,,,5.82,3.16,0.45,2.44,,,"-0.92",,,"0.92",,,,,0,,,,,,,
5,641672,"Hatch, Thomas",74,6.8,0,0,0,0,0,,,0,1,103.7,4,2448,80.7,80.68,1,2,3,0,6.16,105,148,128,150,307,330,298,"0.189","-0.189",,,,1,1,0,0,0,0,0,0,0,0,"3.95","-0.46","-0.4","-0.07","103.7",95,100,0,0,5.8,-1.41,0.44,1.41,0,0,"-3.78",,,"3.78",,,,,50,,,,,,,
5,595881,"Beede, Tyler",88,5.7,0,0,,0,0,,,0,1,,,2166,78.9,78.88,2,2,3,0,6.28,111,153,118,150,307,330,301,"0.195","-0.195",,,,1,0,0,0,0,0,1,100,0,0,"4.01","-0.36","-1.01","-1.01",,,,,,5.31,-1.76,0.61,1.18,0,,"-3.9",,,"3.9",,,,,100,,,,,,,
5,657697,"Nittoli, Vinny",49,10.2,0.5,0,0.5,0.5,0.445,,,1,2,96.6,23.5,2625,81.5,81.54,0,2,3,0,6.44,104,144,126,149,270,304,298,"-0.671","0.671",,,,2,2,1,0,0,0,0,0,0,0,"4.22","-0.77","-0.53","0.35","96.6",254,50,0,0,5.56,-2.51,-1,2.7,0.5,0,"13.42",,,"-13.42",,,,,0,,,,,,,
5,674022,"Ruffcorn, Jason",34,14.7,0,0,,0,0,,,0,2,,,2366,77.4,76.48,3,4,1,-0.9000000000000057,5.8,111,149,114,145,308,330,286,"0.437","-0.437",,,,2,0,0,0,0,0,2,100,0,0,"4.07","-0.24","-1.12","-0.74","88.0",5,,,,5.55,-3.27,0.37,1.14,0,,"-8.74",,,"8.74",,,,,75,,,,,,,
5,693483,"Gallagher, Pat",43,11.6,1,0,1,1,0.89,,,1,1,103,7,2528,79,79.14,0,3,2,0.09999999999999432,6.68,117,148,125,146,294,342,292,"-0.579","0.579",,,,1,1,1,0,0,0,0,0,0,0,"4.62","-0.93","-1.06","0.37","98.1",126,100,0,0,5.38,-2.09,-0.14,1.25,1,0,"11.58",,,"-11.58",,,,,0,,,,,,,
5,701856,"Halligan, Patrick",38,13.2,1,1,1,2,1.262,,,1,1,78.9,19,2400,81.1,80.68,0,3,2,-0.3999999999999915,5.9,120,148,124,150,291,312,306,"-0.729","0.729",,,,1,1,0,1,0,0,0,0,0,0,"4.05","-0.6","-0.23","0.23","99.5",111,0,0,0,7.08,-1,0.18,2.26,1,0,"14.58",,,"-14.58",,,,,0,,,,,,,
5,681077,"Knorr, Michael",60,8.3,,,,,,,,,,,,2543,76,75.6,1,1,4,-0.4000000000000057,6.42,111,151,119,150,306,321,299,"-0.087","0.087",,,,,,,,,,,,,,"5.05","-1.04","-0.91","-0.26","88.0",,,,,6.03,-1.66,-0.88,3.79,,,"1.74",,,"-1.74",,,,,100,,,,,,,
5,679712,"Lockhart, Lael",28,17.9,0,0,0,0,0,,,0,2,86.4,-22.5,2438,81.4,82.04,0,2,3,0.5999999999999943,6.82,116,151,118,147,293,321,291,"0.395","-0.395",,,,2,2,0,0,0,0,0,0,0,0,"4.51","-1.05","-0.78","0.48","95.9",16,50,0,0,5.43,1.22,0.63,2.03,0,0,"-7.9",,,"7.9",,,,,0,,,,,,,
5,650960,"Duarte, Daniel",22,22.7,,,,,,,,,,,,2868,78.5,77.44,0,1,4,-1.0999999999999943,5.94,114,147,126,151,282,320,288,"0.018","-0.018",,,,,,,,,,,,,,"4.93","-1.17","-1.18","1.18","96.4",342,,,,5.96,-1.15,0.54,1.53,,,"-0.36",,,"0.36",,,,,0,,,,,,,
5,644429,"Severino, Anderson",53,9.4,,,,,,,,,,,,2734,79.1,78.5,0,2,3,-0.5999999999999943,6.04,99,146,126,148,289,314,273,"0.039","-0.039",,,,,,,,,,,,,,"4.75","-1.08","-0.88","0.88","88.0",2,,,,5.75,1.5,0.18,1.82,,,"-0.78",,,"0.78",,,,,0,,,,,,,
5,681306,"MacLeod, Christian",33,15.2,0,0,0,0,0,,,0,2,84.7,4,2245,78.4,77.54,0,2,3,-0.9000000000000057,6.1,121,143,134,153,298,329,291,"0.521","-0.521",,,,2,1,0,0,0,0,1,50,0,0,"4.69","-0.93","-1.25","-0.67","88.0",42,0,0,0,6.78,0.15,-0.65,1.78,0,0,"-10.42",,,"10.42",,,,,0,,,,,,,
5,682260,"Metoyer, Brian",28,17.9,,,,,,,,,,,,3068,78.5,77.26,1,2,3,-1.2000000000000028,6.06,129,147,126,152,271,289,279,"-0.091","0.091",,,,,,,,,,,,,,"4.58","-0.79","-1.64","1.64",,,,,,5.44,-2.65,1.13,1.77,,,"1.82",,,"-1.82",,,,,50,,,,,,,
5,693312,"Nicolas, Kyle",56,8.9,,,,,0.698,,,0,0,,,2487,83.6,84.22,0,1,4,0.6000000000000085,6.68,106,145,120,146,302,312,293,"-0.664","0.664",,,,2,0,0,0,0,0,0,0,2,100,"3.95","-0.68","-0.59","0.35","88.0",199,,,,5.88,-1.24,-0.4,3.89,1,,"13.28",,,"-13.28",,,,,0,,,,,,,
5,676130,"Buttó, José",56,8.9,,,,,,,,,,,,2579,80.3,79.9,0,0,5,-0.3999999999999915,5.92,120,148,116,154,302,325,309,"-0.151","0.151",,,,,,,,,,,,,,"4.2","-0.67","-0.27","0.27",,,,,,5.53,-2.24,-0.79,2.64,,,"3.02",,,"-3.02",,,,,,,,,,,,
5,702129,"Pham, Alex",62,8.1,,,,,,,,,,,,2419,81.6,81.84,0,0,5,0.20000000000000284,6.3,109,149,125,149,292,310,285,"-0.108","0.108",,,,,,,,,,,,,,"3.74","-0.34","-0.15","0.01",,,,,,6.05,0.02,0.5,2.15,,,"2.16",,,"-2.16",,,,,,,,,,,,
5,824667,"Puk, Owen",30,16.7,,,,,,,,,,,,2192,81.3,81.44,0,0,5,0.10000000000000853,6.48,107,151,122,150,281,324,297,"-0.087","0.087",,,,,,,,,,,,,,"3.98","-0.52","-1.12","-0.54",,,,,,5.89,-1.9,-0.84,2.33,,,"1.74",,,"-1.74",,,,,,,,,,,,
5,686745,"Peek, Zach",20,25,0,0,0,0,0,,,0,1,63.5,-32,3171,79.2,79.26,0,1,4,0.09999999999999432,6.46,115,149,117,148,274,305,279,"0.146","-0.146",,,,1,1,0,0,0,0,0,0,0,0,"4.57","-0.92","-1","-0.01","88.0",3,0,0,0,5.82,-1.64,1.02,1.48,0,0,"-2.92",,,"2.92",,,,,0,,,,,,,
4,700322,"Key, Keythel",29,13.8,,,,,,,,,,,,,78.4,78.42,0,0,4,0.10000000000000853,6.22,118,148,121,151,292,314,300,"-0.162","0.162",,,,,,,,,,,,,,"3.82","-0.12","-1.14","0.4",,,,,,5.19,-1.86,-0.76,1.59,,,"4.05",,,"-4.05",,,,,,,,,,,,
4,669270,"Kuhnel, Joel",185,2.2,,,,,,,,,,,,2283,79.4,80.1,0,0,4,0.6999999999999886,6.5,114,149,116,149,292,318,294,"0.003","-0.003",,,,,,,,,,,,,,"3.61","-0.03","-0.56","-0.01",,,,,,6.12,-1.82,-0.29,1.19,,,"-0.075",,,"0.075",,,,,,,,,,,,
4,700247,"Pena Jr., Jose",22,18.2,,,,,,,,,,,,2431,82.3,82.4,1,2,2,0.10000000000000853,6.28,110,152,119,149,294,323,289,"0.09","-0.09",,,,,,,,,,,,,,"3.88","-0.52","-0.21","-0.2","88.0",19,,,,6.29,-1.09,0.05,1.87,,,"-2.25",,,"2.25",,,,,50,,,,,,,
4,806288,"Raeth, Stefan",45,8.9,0,0,0,0,0,,,0,2,83.8,24,2774,79.7,79.28,0,3,1,-0.4000000000000057,6.18,94,140,113,134,303,328,294,"0.378","-0.378",,,,2,2,0,0,0,0,0,0,0,0,"3.52","0.09","-1.54","-1.54","88.7",69,0,0,0,5.8,-0.81,0.41,2.7,0,0,"-9.45",,,"9.45",,,,,0,,,,,,,
4,805661,"Farone, Greg",21,19,0,0,0,0,0,,,0,2,97.2,28,2489,80.7,80.6,1,3,1,-0.10000000000000853,6.28,111,154,122,150,313,332,292,"0.449","-0.449",,,,2,1,0,0,0,0,1,50,0,0,"4.48","-0.98","-0.44","0.44","92.6",184,100,0,0,6.48,0.68,0.19,1.34,0,0,"-11.225",,,"11.225",,,,,33.3,,,,,,,
4,668831,"Stallings, Garrett",73,5.5,1,0,1,1,0.89,,,1,1,73.4,24,2453,79.7,80.1,0,1,3,0.5,6.38,100,146,117,150,303,321,295,"-0.485","0.485",,,,1,1,1,0,0,0,0,0,0,0,"4.33","-0.76","-0.13","0.15","88.0",234,0,0,0,5.67,-0.78,-0.03,1.2,1,0,"12.125",,,"-12.125",,,,,0,,,,,,,
4,813865,"Leach, Hudson",44,9.1,0,0,,0,0,,,0,1,,,2898,82.5,82.17,0,1,3,-0.29999999999999716,6.28,107,149,126,148,297,318,287,"0.367","-0.367",,,,1,0,0,0,0,0,1,100,0,0,"4.52","-1.15","-0.86","0.08",,,,,,5.8,-1.54,-0.44,2.76,0,,"-9.175",,,"9.175",,,,,0,,,,,,,
4,814783,"Anderson, Casey",100,4,0,0,0,0,0.349,,,0,1,94,-16,2163,81.8,81.88,0,1,3,0.10000000000000853,6.43,100,137,117,133,301,322,303,"0.068","-0.068",,,,2,1,0,0,0,0,0,0,1,50,"3.71","-0.29","-0.96","-0.96","94.0",6,0,0,0,5.35,-2.04,-0.92,2.81,0.5,0,"-1.7",,,"1.7",,,,,0,,,,,,,
4,608650,"Enns, Dietrich",169,2.4,1,0,1,1,0.89,,,1,1,73.1,24,2162,77.5,77.15,1,2,2,-0.29999999999999716,6.22,111,152,124,148,303,314,290,"-0.342","0.342",,,,1,1,1,0,0,0,0,0,0,0,"4.61","-0.79","0.04","-0.04","88.0",183,0,0,0,6.37,1.56,-0.07,1.71,1,0,"8.55",,,"-8.55",,,,,50,,,,,,,
4,804922,"Vogel, Tyler",31,12.9,0.5,0,0.5,0.5,0.445,,,1,2,99.9,-2.5,2663,81.3,80.88,0,2,2,-0.3999999999999915,6.22,102,146,116,149,299,331,307,"0.015","-0.015",,,,2,2,1,0,0,0,0,0,0,0,"4.68","-1.2","-0.53","0.33","99.8",30,100,0,0,5.69,-1.46,-0.09,2.28,0.5,0,"-0.375",,,"0.375",,,,,0,,,,,,,
4,666214,"Wentz, Joey",84,4.8,0,0,0,0,0,,,0,1,86.9,41,2419,79,80.15,0,2,2,1.2000000000000028,7.08,118,152,122,149,299,315,292,"0.212","-0.212",,,,1,1,0,0,0,0,0,0,0,0,"4.46","-0.81","-0.48","0.48","88.0",213,0,0,0,6.38,0.98,0.44,1.68,0,0,"-5.3",,,"5.3",,,,,0,,,,,,,
4,804539,"Bowen, Darren",37,10.8,,,,,,,,,,,,2300,78.7,78.88,0,1,3,0.20000000000000284,6.65,112,145,130,149,301,330,294,"-0.063","0.063",,,,,,,,,,,,,,"3.56","0.15","-1.22","-1.22","88.0",190,,,,5.43,-2.24,0.22,2.53,,,"1.575",,,"-1.575",,,,,0,,,,,,,
4,805958,"Kelley, Jackson",34,11.8,1,0,1,1,0.89,,,1,1,100.1,17,2441,75.8,74.17,0,1,3,-1.5999999999999943,5.35,104,146,111,141,301,325,309,"-0.656","0.656",,,,1,1,1,0,0,0,0,0,0,0,"3.72","0.33","-0.79","0.95","100.1",259,100,0,0,2.98,-3.93,-1.42,2.47,1,0,"16.4",,,"-16.4",,,,,0,,,,,,,
4,685329,"Peña, Carlos",52,7.7,1,0,1,1,0.89,,,1,1,80.6,16,2600,76.4,77.07,1,3,1,0.7999999999999972,6.47,99,123,103,127,278,287,270,"-0.472","0.472",,,,1,1,1,0,0,0,0,0,0,0,"4.49","-0.6","-0.74","0.13","88.0",172,0,0,0,5.54,2,0.4,2.44,1,0,"11.8",,,"-11.8",,,,,33.3,,,,,,,
4,699223,"Aquino, Patricio",23,17.4,,,,,,,,,,,,2807,78.4,78.03,0,2,2,-0.4000000000000057,5.93,114,147,117,149,306,312,297,"0.05","-0.05",,,,,,,,,,,,,,"3.94","-0.25","-0.84","-0.47","88.0",93,,,,5.5,-2.41,0.19,1.4,,,"-1.25",,,"1.25",,,,,0,,,,,,,
4,695946,"Flores, Junior",17,23.5,,,,,,,,,,,,2984,81.2,80.32,0,1,3,-0.9000000000000057,6.25,,,,,,,,"-0.081","0.081",,,,,,,,,,,,,,"4.51","-0.98","-1.13","1.13","88.0",4,,,,6.33,-2.08,1.32,1.68,,,"2.025",,,"-2.025",,,,,0,,,,,,,
4,669142,"Burns, Tanner",70,5.7,1,0,1,1,0.89,,,1,1,78.5,7,2154,79.5,79.2,0,1,3,-0.29999999999999716,6.28,107,126,107,138,288,320,297,"-0.558","0.558",,,,1,1,1,0,0,0,0,0,0,0,"4.88","-1.24","-0.79","0.79","88.0",108,0,0,0,6.04,-0.71,0.37,2.14,1,0,"13.95",,,"-13.95",,,,,0,,,,,,,
4,802087,"Arias, Frankeli",35,11.4,,,,,,,,,,,,2646,76.8,76.72,0,1,3,-0.09999999999999432,6.22,107,127,107,123,258,297,265,"-0.066","0.066",,,,,,,,,,,,,,"4.32","-0.46","-0.93","0.93","88.0",140,,,,6.13,1.17,-0.19,2.22,,,"1.65",,,"-1.65",,,,,0,,,,,,,
4,683264,"Maier, Adam",13,30.8,,,,,,,,,,,,2861,78.3,78,0,1,3,-0.29999999999999716,5.93,106,150,121,151,294,304,294,"-0.11","0.11",,,,,,,,,,,,,,"4.17","-0.45","-1.1","-0.25","107.5",127,,,,5.26,-2.61,-0.17,1.93,,,"2.75",,,"-2.75",,,,,0,,,,,,,
4,804973,"Rodriguez, Manuel",41,9.8,0.5,0.5,0.5,1,0.631,,,1,2,90.8,-3,2672,76.2,76.4,0,2,2,0.20000000000000284,6.15,107,146,114,151,285,304,295,"-0.719","0.719",,,,2,2,0,1,0,0,0,0,0,0,"3.89","0","-1.11","0.04","94.1",92,50,0,0,5.6,-1.91,-0.25,1.37,0.5,0,"17.975",,,"-17.975",,,,,0,,,,,,,
4,674265,"Abel, Kevin",29,13.8,,,,,,,,,,,,2622,81.6,81.28,0,0,4,-0.29999999999999716,6.2,114,146,130,149,301,320,282,"-0.231","0.231",,,,,,,,,,,,,,"4.54","-1.1","-0.33","0.22",,,,,,5.99,-1.49,0.03,1.58,,,"5.775",,,"-5.775",,,,,,,,,,,,
4,682785,"Bastardo, Angel",144,2.8,0,0,0,0,0,,,0,1,105.4,21,2437,78.9,78.47,0,1,3,-0.29999999999999716,6.25,105,148,117,148,296,325,276,"0.379","-0.379",,,,1,1,0,0,0,0,0,0,0,0,"4.8","-1.09","-0.84","-0.56","105.4",272,100,100,100,5.94,-1.24,0.99,1.78,0,1,"-9.475",,,"9.475",,,,,0,,,,,,,
4,687941,"Gamboa, Alec",51,7.8,1,0,1,1,0.89,,,1,1,94.6,10,2038,81.1,80.8,0,1,3,-0.29999999999999716,6.3,99,126,106,122,275,315,295,"-0.503","0.503",,,,1,1,1,0,0,0,0,0,0,0,"4.14","-0.65","-0.56","0.05","94.6",172,0,0,0,6.38,1.54,-0.21,2.88,1,0,"12.575",,,"-12.575",,,,,0,,,,,,,
4,824620,"Hardin, Tyson",37,10.8,0,0,0,0,0,,,0,1,90.9,44,2414,81.7,82.28,0,2,2,0.5999999999999943,6.63,103,148,121,151,297,314,289,"0.302","-0.302",,,,1,1,0,0,0,0,0,0,0,0,"3.59","-0.18","-1.44","0.01","95.4",330,0,0,0,5.03,-1.74,0.33,1.97,0,0,"-7.55",,,"7.55",,,,,0,,,,,,,
4,687288,"Harrison, Devereaux",48,8.3,,,,,0.729,,,0,0,,,2494,76.6,76.92,1,2,2,0.4000000000000057,6.88,122,149,124,152,276,316,297,"-0.315","0.315",,,,1,0,0,0,0,0,0,0,0,0,"4.39","-0.45","-1.13","0.61","88.0",132,,,,5.46,-1.09,0.67,1.51,1,,"7.875",,,"-7.875",,,,,50,,,,,,,
4,699613,"Harding, Houston",60,6.7,,,,,,,,,,,,1947,80.1,80.18,1,2,2,0.20000000000000284,6.42,112,154,122,150,308,316,303,"-0.024","0.024",,,,,,,,,,,,,,"4.48","-0.91","-0.34","0.34","88.0",171,,,,5.92,2.94,-0.03,2.97,,,"0.6",,,"-0.6",,,,,50,,,,,,,
4,808970,"Go, Woo-Suk",18,22.2,0,0,,0,0,,,0,1,,,2613,81.1,80.38,1,1,3,-0.6999999999999886,6.05,121,151,119,152,296,326,281,"0.034","-0.034",,,,1,0,0,0,0,0,1,100,0,0,"4.63","-1.13","-0.79","0",,,,,,5.22,-1.65,-0.23,1.53,0,,"-0.85",,,"0.85",,,,,100,,,,,,,
4,806337,"Whorff, Jarret",38,10.5,0,0,0,0,0,,,0,1,90.4,31,2664,79.5,79.17,0,2,2,-0.29999999999999716,6.32,111,152,125,147,299,324,263,"0.09","-0.09",,,,1,1,0,0,0,0,0,0,0,0,"4.35","-0.71","-0.81","-0.81","94.0",179,0,0,0,5.85,-1.35,-0.21,2.3,0,0,"-2.25",,,"2.25",,,,,0,,,,,,,
4,682754,"Mendez, Teofilo",24,16.7,0,0,,0,0,,,0,1,,,2333,79.2,79.75,1,1,3,0.5999999999999943,6.55,122,150,119,152,296,327,313,"0.167","-0.167",,,,1,0,0,0,0,0,1,100,0,0,"3.72","-0.1","-0.87","0.53",,,,,,5.6,-0.46,0.64,1.55,0,,"-4.175",,,"4.175",,,,,100,,,,,,,
4,695327,"Heid, Dylan",26,15.4,0,0,0,0,0,,,0,2,82,41,2601,78.1,78.07,0,3,1,0.09999999999999432,6.5,123,149,125,151,294,321,287,"0.633","-0.633",,,,2,2,0,0,0,0,0,0,0,0,"3.81","-0.04","-1.33","0.76","95.1",291,0,0,0,5.65,-0.64,0.03,2.43,0,0,"-15.825",,,"15.825",,,,,0,,,,,,,
4,802953,"Fields, Colin",10,40,0,0,,0,0,,,0,1,,,2767,71.5,71.33,2,2,2,-0.20000000000000284,6.38,122,151,124,148,288,323,278,"0.177","-0.177",,,,1,0,0,0,0,0,1,100,0,0,"5.61","-1.1","-1.16","-0.59",,,,,,5.55,-1.56,0.44,2.34,0,,"-4.425",,,"4.425",,,,,100,,,,,,,
4,836128,"Cosper, Colton",52,7.7,0.667,1,0.5,1.667,0.98,,,2,3,85,1.3,2106,75.2,74.8,0,4,0,-0.4000000000000057,6.05,103,148,119,149,284,311,287,"-1.363","1.363",,,,3,3,1,0,0,1,0,0,0,0,"4.33","-0.28","-0.57","-0.25","91.8",189,33.33333333333333,33.33333333333333,33.33333333333333,5,2.41,0.15,2.6,0.667,1,"34.075",,,"-34.075",,,,,0,,,,,,,
4,703596,"Milbrandt, Karson",34,11.8,,,,,,,,,,,,2704,83.7,83.8,0,1,3,0.09999999999999432,6.13,107,151,122,150,301,320,284,"-0.014","0.014",,,,,,,,,,,,,,"4.08","-0.85","-0.15","-0.14","88.0",122,,,,6.01,-2.09,-0.47,2.2,,,"0.35",,,"-0.35",,,,,0,,,,,,,
4,673540,"Senga, Kodai",151,2.6,0,0,,0,0,,,0,1,,,2385,67.2,67.08,0,0,4,-0.10000000000000853,6.2,121,150,135,152,297,320,296,"0.133","-0.133",,,,1,0,0,0,0,0,1,100,0,0,"6.01","-0.96","-0.23","0.15",,,,,,6.03,-1.58,0.45,1,0,,"-3.325",,,"3.325",,,,,,,,,,,,
4,703440,"Howard, Dylan",31,12.9,,,,,,,,,,,,2625,80.2,79.4,2,2,2,-0.7999999999999972,6.18,102,144,112,154,304,315,288,"0.002","-0.002",,,,,,,,,,,,,,"4.88","-1.28","-0.78","0.78",,,,,,5.95,-1.81,0.19,1.61,,,"-0.05",,,"0.05",,,,,100,,,,,,,
4,815501,"Meccage, Bryce",25,16,,,,,0.698,,,0,0,,,2219,77.7,78.05,1,1,3,0.4000000000000057,6.6,118,149,133,151,304,321,302,"-0.365","0.365",,,,1,0,0,0,0,0,0,0,1,100,"4.94","-1.16","-0.63","0.63",,,,,,6.26,-0.8,-0.85,3.76,1,,"9.125",,,"-9.125",,,,,100,,,,,,,
4,806652,"Edwards, Jacob",16,25,,,,,,,,,,,,1979,78.7,77.63,0,0,4,-1.1000000000000085,5.63,95,148,119,143,290,328,302,"-0.197","0.197",,,,,,,,,,,,,,"4.64","-0.95","-0.62","0.62",,,,,,5.78,1.59,-0.19,2.33,,,"4.925",,,"-4.925",,,,,,,,,,,,
4,700719,"De Jesus, Dairon",23,17.4,0,0,0,0,0,,,0,1,78.2,-6,2299,81,81.15,1,2,2,0.29999999999999716,6.15,109,151,118,149,289,309,289,"0.27","-0.27",,,,1,1,0,0,0,0,0,0,0,0,"3.63","-0.19","-0.38","-0.02","88.0",12,0,0,0,5.68,-1.36,0.05,2.36,0,0,"-6.75",,,"6.75",,,,,50,,,,,,,
4,822498,"Easterly, Reid",35,11.4,0,0,0,0,0,,,0,1,79.3,14,2103,77.7,76.75,0,1,3,-0.9000000000000057,6.13,102,140,112,149,295,320,301,"0.121","-0.121",,,,1,1,0,0,0,0,0,0,0,0,"4.54","-0.69","-1.29","-0.55","88.0",144,0,0,0,5.04,1.73,-1.1,0.96,0,0,"-3.025",,,"3.025",,,,,0,,,,,,,
4,681475,"Albright, Luke",10,40,0,0,,0,0,,,0,1,,,2547,79.4,80.03,1,1,3,0.7000000000000028,6.83,127,149,113,151,295,320,318,"0.236","-0.236",,,,1,0,0,0,0,0,1,100,0,0,"4.98","-1.35","-0.19","0.19",,,,,,6.27,-0.56,-0.2,1.88,0,,"-5.9",,,"5.9",,,,,100,,,,,,,
4,691414,"Gómez, Yorman",58,6.9,,,,,,,,,,,,2103,78.6,78.75,0,1,3,0.20000000000000284,6.17,107,146,121,151,293,324,300,"-0.069","0.069",,,,,,,,,,,,,,"4.28","-0.6","0.1","-0.1","88.0",56,,,,6.3,-0.65,-0.88,2.95,,,"1.725",,,"-1.725",,,,,0,,,,,,,
4,687087,"Prosecky, Michael",22,18.2,,,,,,,,,,,,2487,73.5,73.3,0,1,3,-0.20000000000000284,5.92,106,146,119,148,303,316,280,"-0.044","0.044",,,,,,,,,,,,,,"4.93","-0.73","-0.77","-0.09","88.0",179,,,,6.03,1.36,0.58,1.71,,,"1.1",,,"-1.1",,,,,0,,,,,,,
4,675989,"Bolton, Cody",27,14.8,0,0,0,0,0,,,0,1,88,8,2651,76.8,76.05,0,1,3,-0.7999999999999972,6.02,102,122,98,127,282,335,314,"0.12","-0.12",,,,1,1,0,0,0,0,0,0,0,0,"4.81","-0.9","-1.23","1.23","88.0",120,0,0,0,6.04,-2.08,-0.37,2.25,0,0,"-3",,,"3",,,,,0,,,,,,,
4,701000,"Och, Ryan",63,6.3,0,0,0,0,0,,,0,1,100.8,33,2260,79.4,78.67,1,2,2,-0.7000000000000028,5.67,115,147,120,150,284,322,301,"0.273","-0.273",,,,1,1,0,0,0,0,0,0,0,0,"3.54","0.08","-0.13","0.02","94.4",357,100,100,100,4.99,2.82,0.4,2.73,0,1,"-6.825",,,"6.825",,,,,50,,,,,,,
4,694372,"Seminaris, Adam",14,28.6,0,0,0,0,0,,,0,2,90.4,1,2622,77.9,78.08,1,2,2,0.29999999999999716,6.47,109,152,121,150,293,300,276,"0.343","-0.343",,,,2,1,0,0,0,0,1,50,0,0,"4.81","-1.05","-0.86","0.45","90.4",54,0,0,0,5.61,1.26,-0.49,1.37,0,0,"-8.575",,,"8.575",,,,,50,,,,,,,
4,800049,"Mazur, Adam",42,9.5,,,,,0.698,,,0,0,,,2393,83.7,83.97,0,0,4,0.4000000000000057,5.97,99,145,128,149,277,308,288,"-0.29","0.29",,,,1,0,0,0,0,0,0,0,1,100,"3.86","-0.66","-0.03","0.06",,,,,,6.23,-2.09,0.14,2.94,1,,"7.25",,,"-7.25",,,,,,,,,,,,
3,687287,"Monteverde, Patrick",59,5.1,,,,,,,,,,,,2450,75,74.57,1,2,1,-0.4000000000000057,6.13,118,152,124,147,289,316,276,"0.146","-0.146",,,,,,,,,,,,,,"5.07","-0.98","-0.86","0.86",,,,,,6.03,1.31,0.19,1.13,,,"-4.866666667",,,"4.866666667",,,,,50,,,,,,,
3,691951,"Aldegheri, Sam",101,3,,,,,,,,,,,,2115,73.8,72.7,0,0,3,-1.0999999999999943,5.43,115,148,117,150,292,321,303,"-0.041","0.041",,,,,,,,,,,,,,"4.69","-0.5","-1.09","-0.34",,,,,,6.19,1.61,-0.59,2.59,,,"1.366666667",,,"-1.366666667",,,,,,,,,,,,
3,687259,"Bell, Luke",25,12,0.333,0,0.333,0.333,0.297,,,1,3,89.4,7.7,2379,80.1,80.13,0,3,0,0,6.3,117,151,132,151,298,327,298,"0.028","-0.028",,,,3,3,1,0,0,0,0,0,0,0,"3.85","-0.3","-1.15","-0.4","92.2",123,33.33333333333333,0,0,5.71,-1.67,0.54,2.12,0.333,0,"-0.933333333",,,"0.933333333",,,,,0,,,,,,,
3,804577,"VanScoter, Reid",40,7.5,0,0,,0,0,,,0,1,,,2544,79.7,79.43,1,1,2,-0.29999999999999716,6.23,86,136,109,145,305,321,299,"0.225","-0.225",,,,1,0,0,0,0,0,1,100,0,0,"3.9","-0.29","-1.27","-1.27",,,,,,4.97,2.57,-0.03,2.43,0,,"-7.5",,,"7.5",,,,,100,,,,,,,
3,801179,"Lin, Yu-Min",34,8.8,,,,,,,,,,,,3341,79.3,78.33,0,0,3,-1,6.03,98,151,120,147,308,330,299,"0.084","-0.084",,,,,,,,,,,,,,"4.74","-1.06","-1.19","1.19",,,,,,5.72,1.88,-0.02,2.07,,,"-2.8",,,"2.8",,,,,,,,,,,,
3,682645,"Rosario, Jerming",73,4.1,1,0,1,1,0.89,,,1,1,99.6,14,2639,78.2,77.7,0,1,2,-0.5,6.17,124,148,121,149,297,320,299,"-0.674","0.674",,,,1,1,1,0,0,0,0,0,0,0,"4.63","-0.86","-0.95","0.95","99.6",258,100,0,0,5.96,-2.69,-1.64,3.96,1,0,"22.466666667",,,"-22.466666667",,,,,0,,,,,,,
3,686752,"Pepiot, Ryan",165,1.8,,,,,,,,,,,,2832,78.7,78,0,0,3,-0.7000000000000028,6.17,110,148,123,153,298,333,305,"-0.106","0.106",,,,,,,,,,,,,,"4.86","-1.13","-1.2","1.2",,,,,,6.08,-1.32,-0.42,1.73,,,"3.533333333",,,"-3.533333333",,,,,,,,,,,,
3,690294,"Murphy, Shane",36,8.3,0,0,0,0,0,,,0,1,104.1,-10,2230,78.4,78.2,0,2,1,-0.20000000000000284,6.1,110,145,123,149,296,326,307,"0.14","-0.14",,,,1,1,0,0,0,0,0,0,0,0,"4.22","-0.51","-0.51","0.35","96.0",39,100,0,0,6.51,0.18,0.04,2.74,0,0,"-4.666666667",,,"4.666666667",,,,,0,,,,,,,
3,681916,"Smith, Dylan",33,9.1,0,0,0,0,0,,,0,1,89.3,36,2632,79.5,79.07,0,1,2,-0.4000000000000057,6.3,101,148,118,150,274,321,302,"0.166","-0.166",,,,1,1,0,0,0,0,0,0,0,0,"4.56","-0.91","-1.28","0.53","89.3",331,0,0,0,6.27,-1.6,0.2,1.85,0,0,"-5.533333333",,,"5.533333333",,,,,0,,,,,,,
3,691172,"Zulueta, Yosver",123,2.4,1,1,1,2,1.262,,,1,1,90.4,-3,2716,85.7,85.03,0,1,2,-0.7000000000000028,6.13,108,137,112,131,305,312,297,"-0.835","0.835",,,,1,1,0,1,0,0,0,0,0,0,"3.66","-0.53","-0.97","-0.97","90.4",26,0,0,0,5.58,-1.54,2.34,0.75,1,0,"27.833333333",,,"-27.833333333",,,,,0,,,,,,,
3,666123,"Bergner, Austin",23,13,,,,,,,,,,,,1518,77.7,77.83,1,1,2,0.09999999999999432,6.57,117,152,121,146,304,326,317,"0.008","-0.008",,,,,,,,,,,,,,"4.6","-0.8","-0.15","0.08",,,,,,6.22,-2.22,0.39,1.62,,,"-0.266666667",,,"0.266666667",,,,,100,,,,,,,
3,809933,"Brooks, Steven",35,8.6,0,0,,0,0,,,0,1,,,2579,79.6,80.07,1,1,2,0.5,6.6,116,151,119,150,303,322,306,"0.19","-0.19",,,,1,0,0,0,0,0,1,100,0,0,"3.68","-0.08","-1.33","-0.26",,,,,,5.81,-2.19,-0.31,2,0,,"-6.333333333",,,"6.333333333",,,,,100,,,,,,,
3,814388,"Snelsire, Hayden",45,6.7,0,0,0,0,0,,,0,1,105.5,-24,2247,82.9,82.87,0,1,2,0,6.13,124,149,122,150,274,314,305,"0.074","-0.074",,,,1,1,0,0,0,0,0,0,0,0,"3.62","-0.31","-0.08","0.06","105.5",6,100,0,0,5.89,-1.6,-0.8,4.07,0,0,"-2.466666667",,,"2.466666667",,,,,0,,,,,,,
3,665622,"Medina, Luis",152,2,,,,,,,,,,,,2504,79.9,79.73,0,0,3,-0.20000000000000284,6.2,120,149,130,152,294,318,300,"-0.203","0.203",,,,,,,,,,,,,,"4.51","-0.93","-0.74","0.74",,,,,,6.25,-1.25,-1,3.49,,,"6.766666667",,,"-6.766666667",,,,,,,,,,,,
3,804556,"Nett, Braden",16,18.8,,,,,,,,,,,,2128,85.4,84.83,1,2,1,-0.6000000000000085,6.17,97,151,120,149,297,311,284,"0.087","-0.087",,,,,,,,,,,,,,"3.29","-0.14","-0.6","-1.03","88.0",2,,,,5.55,-2.4,-0.14,2.96,,,"-2.9",,,"2.9",,,,,50,,,,,,,
3,814482,"Stumbo, Peyton",8,37.5,0,0,0,0,0,,,0,1,101.7,0,2193,81.1,80.53,1,2,1,-0.5999999999999943,6.17,121,147,129,151,263,308,290,"0.24","-0.24",,,,1,1,0,0,0,0,0,0,0,0,"4.61","-1.11","-0.81","0.81","101.7",44,100,0,0,5.85,-1.34,0.89,0.65,0,0,"-8",,,"8",,,,,50,,,,,,,
3,694383,"Moore, Grayson",31,9.7,,,,,,,,,,,,2164,73.1,73.3,0,0,3,0.20000000000000284,6.7,104,152,110,151,295,323,308,"-0.075","0.075",,,,,,,,,,,,,,"5.54","-1.23","-0.61","-0.21",,,,,,6.29,-0.61,0.52,0.47,,,"2.5",,,"-2.5",,,,,,,,,,,,
3,686223,"Mancini, Joey",26,11.5,0,0,0,0,0,,,0,1,86.3,-19,2692,82.6,81.57,0,1,2,-1,5.6,123,148,105,152,304,335,304,"0.247","-0.247",,,,1,1,0,0,0,0,0,0,0,0,"4.05","-0.7","-0.62","0.62","88.0",8,0,0,0,6.15,-2.08,-0.84,2.81,0,0,"-8.233333333",,,"8.233333333",,,,,0,,,,,,,
3,669330,"Wells, Tyler",101,3,,,,,,,,,,,,2617,77.6,77.83,0,0,3,0.20000000000000284,6.37,122,146,116,150,286,310,293,"0.126","-0.126",,,,,,,,,,,,,,"4.64","-0.86","-0.38","0.38",,,,,,7.06,-0.9,0.36,2.01,,,"-4.2",,,"4.2",,,,,,,,,,,,
3,803292,"Peterson, Ben",30,10,,,,,,,,,,,,2418,80.6,80.37,0,1,2,-0.19999999999998863,6.53,111,150,119,148,303,317,285,"-0.105","0.105",,,,,,,,,,,,,,"4.68","-1.12","-0.46","-0.27","88.0",219,,,,5.98,-0.39,0.75,2.75,,,"3.5",,,"-3.5",,,,,0,,,,,,,
3,669459,"Nelson, Kyle",16,18.8,,,,,,,,,,,,2974,80.6,80.3,0,1,2,-0.29999999999999716,6.1,114,153,118,148,279,322,295,"-0.029","0.029",,,,,,,,,,,,,,"4.25","-0.74","-0.68","0.68","88.0",193,,,,5.84,0.75,-0.55,0.98,,,"0.966666667",,,"-0.966666667",,,,,0,,,,,,,
3,681313,"Miller, Jake",44,6.8,0,0,0,0,0,,,0,1,95,0,2083,78.7,80,0,1,2,1.2999999999999972,7,,,,,,,,"0.163","-0.163",,,,1,1,0,0,0,0,0,0,0,0,"4.18","-0.51","-0.72","-0.34","95.0",43,100,0,0,5.31,-1.23,0.51,1.47,0,0,"-5.433333333",,,"5.433333333",,,,,0,,,,,,,
3,682981,"Diamond, Derek",56,5.4,0,0,,0,0,,,0,1,,,2437,76.3,76.6,0,0,3,0.29999999999999716,6.97,85,135,111,143,273,309,296,"0.058","-0.058",,,,1,0,0,0,0,0,1,100,0,0,"4.62","-0.63","-1.31","0.35",,,,,,5.61,-2.42,0.02,2.47,0,,"-1.933333333",,,"1.933333333",,,,,,,,,,,,
3,693311,"Hence, Tink",41,7.3,0,0,0,0,0,,,0,2,69.5,-7,1955,81.6,80.63,1,3,0,-1,5.67,110,148,119,149,283,324,290,"0.407","-0.407",,,,2,1,0,0,0,0,1,50,0,0,"3.87","-0.44","0.18","0.05","88.0",12,0,0,0,5.76,-1.5,-0.74,2.52,0,0,"-13.566666667",,,"13.566666667",,,,,33.3,,,,,,,
3,691765,"Baumeister, Jackson",43,7,,,,,,,,,,,,2263,77,77.7,0,0,3,0.7000000000000028,6.9,124,145,106,154,291,325,299,"0.044","-0.044",,,,,,,,,,,,,,"4.92","-1.06","-0.78","0.78",,,,,,5.7,-1.91,-0.67,2.44,,,"-1.466666667",,,"1.466666667",,,,,,,,,,,,
3,668766,"File, Dylan",15,20,0,0,,0,0,,,0,1,,,2644,82.2,82.37,1,1,2,0.20000000000000284,6.5,122,146,133,152,283,326,300,"0.2","-0.2",,,,1,0,0,0,0,0,1,100,0,0,"4.25","-0.86","-0.34","0.34",,,,,,5.81,-2.43,0.35,0.91,0,,"-6.666666667",,,"6.666666667",,,,,100,,,,,,,
3,668338,"Miller, Tyson",126,2.4,,,,,0.729,,,0,0,,,2543,76.7,77.2,0,0,3,0.5,6.77,115,149,105,148,303,320,298,"-0.827","0.827",,,,2,0,0,0,0,0,0,0,0,0,"4.12","-0.23","-1.22","-0.33",,,,,,4.7,-4.04,-1.73,3.25,1,,"27.566666667",,,"-27.566666667",,,,,,,,,,,,
3,803035,"Gowens, Riley",46,6.5,,,,,,,,,,,,2453,79.9,80.33,0,0,3,0.3999999999999915,6.57,111,149,123,153,302,325,298,"-0.162","0.162",,,,,,,,,,,,,,"4.23","-0.66","-0.55","-0.08",,,,,,5.64,-1.91,0.23,1.53,,,"5.4",,,"-5.4",,,,,,,,,,,,
3,808833,"Afthim, Brady",23,13,,,,,,,,,,,,2691,78.4,77.73,0,0,3,-0.7000000000000028,5.77,112,147,128,152,272,315,311,"-0.161","0.161",,,,,,,,,,,,,,"4.78","-1.07","-0.78","0.78",,,,,,5.81,-2.56,-1.11,0.75,,,"5.366666667",,,"-5.366666667",,,,,,,,,,,,
3,807723,"Johnson, Bjorn",24,12.5,,,,,,,,,,,,2142,80.1,78.57,0,1,2,-1.5,5.57,96,150,116,147,297,309,282,"-0.123","0.123",,,,,,,,,,,,,,"4.62","-1.02","-0.25","0.25","88.0",3,,,,6.31,-0.39,-0.96,1.03,,,"4.1",,,"-4.1",,,,,0,,,,,,,
3,828705,"Gillis, Tanner",58,5.2,,,0,,0,,,0,0,88.7,29,2537,77.7,78.4,0,1,2,0.7000000000000028,6.67,107,148,116,145,295,313,299,"-0.092","0.092",,,,1,1,0,0,0,0,0,0,0,0,"4","-0.24","-1.24","-0.25","88.7",326,0,0,0,5.23,-2.91,-0.99,2.06,0,0,"3.066666667",,,"-3.066666667",,,,,0,,,,,,,
3,823748,"Hodges, Garrett",25,12,,,,,,,,,,,,2230,81.7,81.77,0,1,2,0.09999999999999432,6.53,87,147,122,149,301,328,305,"-0.02","0.02",,,,,,,,,,,,,,"3.7","-0.26","-0.75","-0.75","88.0",13,,,,5.03,-2.54,-1.05,2.82,,,"0.666666667",,,"-0.666666667",,,,,0,,,,,,,
3,824200,"Guardado, Jakob",16,18.8,,,,,,,,,,,,2457,78.2,77.77,0,1,2,-0.4000000000000057,5.93,109,144,111,144,307,328,309,"-0.035","0.035",,,,,,,,,,,,,,"4.53","-0.8","-0.45","-0.45","88.0",161,,,,6.15,-0.86,0.87,1.87,,,"1.166666667",,,"-1.166666667",,,,,0,,,,,,,
3,814527,"Copen, Patrick",40,7.5,0,0,,0,0,,,0,1,,,2788,84.1,83.5,0,0,3,-0.5999999999999943,5.87,99,143,98,152,274,322,293,"0.082","-0.082",,,,1,0,0,0,0,0,1,100,0,0,"4.39","-1.17","-0.44","0.44",,,,,,6.38,-2.03,0.65,3.46,0,,"-2.733333333",,,"2.733333333",,,,,,,,,,,,
3,694393,"Wiggins, Jaxon",59,5.1,0,0,,0,0,,,0,2,,,2754,81.1,81.23,1,1,2,0.10000000000000853,6.63,112,150,119,150,301,327,310,"0.237","-0.237",,,,2,0,0,0,0,0,2,100,0,0,"4.84","-1.35","-0.4","0.24",,,,,,6.5,-1.91,-0.31,2.23,0,,"-7.9",,,"7.9",,,,,100,,,,,,,
3,680397,"Benschoter, Sam",19,15.8,,,,,,,,,,,,2155,78,79.17,0,0,3,1.2000000000000028,6.77,98,143,104,141,297,322,287,"-0.104","0.104",,,,,,,,,,,,,,"3.94","-0.24","-0.68","-0.72",,,,,,5.77,-2.16,-0.73,1.44,,,"3.466666667",,,"-3.466666667",,,,,,,,,,,,
3,605452,"Ross, Joe",123,2.4,,,,,,,,,,,,2019,83.9,84.13,0,0,3,0.19999999999998863,6.37,108,149,120,149,308,319,294,"0.101","-0.101",,,,,,,,,,,,,,"3.44","-0.21","-0.25","-0.25",,,,,,5.78,-1.7,0.63,2.09,,,"-3.366666667",,,"3.366666667",,,,,,,,,,,,
3,685801,"Bigge, Hunter",113,2.7,0,0,,0,0,,,0,2,,,2373,79.5,80.43,0,0,3,0.9000000000000057,7.07,108,149,126,151,305,326,300,"0.341","-0.341",,,,2,0,0,0,0,0,2,100,0,0,"4.86","-1.24","-0.68","0.28",,,,,,5.69,-0.25,-0.7,3.83,0,,"-11.366666667",,,"11.366666667",,,,,,,,,,,,
3,800612,"Miller, Cole",18,16.7,1,1,1,2,1.262,,,1,1,100,22,2229,81.5,81.27,0,2,1,-0.20000000000000284,6.37,88,138,111,147,293,314,299,"-0.753","0.753",,,,1,1,0,1,0,0,0,0,0,0,"3.92","-0.46","-0.99","0.29","94.0",198,100,0,0,5.47,-2.82,0.23,1.88,1,0,"25.1",,,"-25.1",,,,,0,,,,,,,
3,801700,"DeVos, Nolan",42,7.1,0,0,,0,0,,,0,1,,,2747,80.5,80.23,0,0,3,-0.29999999999999716,6.37,119,148,132,152,289,322,302,"0.239","-0.239",,,,1,0,0,0,0,0,1,100,0,0,"4.75","-1.2","-0.46","0.46",,,,,,5.8,-0.81,-0.27,2.62,0,,"-7.966666667",,,"7.966666667",,,,,,,,,,,,
3,806583,"Perez, Adonys",37,8.1,,,,,,,,,,,,2811,79.6,77.77,1,2,1,-1.7999999999999972,5.23,127,149,120,153,284,328,309,"0.03","-0.03",,,,,,,,,,,,,,"4.54","-0.91","-0.91","-0.91","93.4",287,,,,5.65,1.61,-0.92,1.55,,,"-1",,,"1",,,,,50,,,,,,,
2,681212,"Schanaman, Shay",36,5.6,,,,,,,,,,,,2253,81,80.7,0,1,1,-0.29999999999999716,6.1,118,154,127,148,300,306,281,"-0.044","0.044",,,,,,,,,,,,,,"3.78","-0.31","-1.04","-1.04",,,,,,5.6,-1.84,0.04,3.17,,,"2.2",,,"-2.2",,,,,0,,,,,,,
2,680743,"Cusick, Ryan",63,3.2,,,,,,,,,,,,2108,83.5,83.8,0,0,2,0.29999999999999716,6.65,118,148,137,151,290,325,300,"-0.155","0.155",,,,,,,,,,,,,,"4.19","-0.9","-0.59","-0.27",,,,,,6.14,-2.88,-1.02,2.63,,,"7.75",,,"-7.75",,,,,,,,,,,,
2,694555,"Centala, Chase",23,8.7,,,,,,,,,,,,2480,82.4,83,0,0,2,0.5999999999999943,6.8,102,134,107,135,299,317,302,"-0.095","0.095",,,,,,,,,,,,,,"3.47","-0.09","-0.83","0.04",,,,,,4.95,-3.23,-1.3,3.29,,,"4.75",,,"-4.75",,,,,,,,,,,,
2,680734,"Luckham, Kyle",41,4.9,0,0,0,0,0,,,0,1,84.6,65,2546,77.6,77.1,0,1,1,-0.5,6.2,118,152,122,149,317,319,296,"0.205","-0.205",,,,1,1,0,0,0,0,0,0,0,0,"4.7","-0.88","-0.93","-0.93","88.0",124,0,0,0,6.17,-0.97,-0.07,3.36,0,0,"-10.25",,,"10.25",,,,,0,,,,,,,
2,694537,"Austin, Channing",33,6.1,1,1,1,2,1.262,,,1,1,99.6,23,2342,84.2,84.1,0,1,1,-0.10000000000000853,6.3,127,147,130,152,272,291,278,"-0.686","0.686",,,,1,1,0,1,0,0,0,0,0,0,"3.75","-0.53","0.13","-0.13","99.6",402,100,0,0,6.35,-1.29,-0.44,3.6,1,0,"34.3",,,"-34.3",,,,,0,,,,,,,
2,688642,"Agnos, Zach",142,1.4,,,,,,,,,,,,2294,83,82.2,0,0,2,-0.7999999999999972,5.85,125,147,123,154,315,322,302,"0.002","-0.002",,,,,,,,,,,,,,"4.07","-0.74","-0.76","0.76",,,,,,5.89,-1.81,-0.54,2.49,,,"-0.1",,,"0.1",,,,,,,,,,,,
2,684128,"Sena, Reidis",51,3.9,0,0,,0,0,,,0,1,,,2659,85,85.2,2,2,0,0.20000000000000284,6.3,118,145,117,145,293,320,293,"0.332","-0.332",,,,1,0,0,0,0,0,1,100,0,0,"3.98","-0.84","-0.32","0.12",,,,,,6.15,-0.67,0.31,1.95,0,,"-16.6",,,"16.6",,,,,100,,,,,,,
2,680212,"Larkin, Conor",16,12.5,,,,,,,,,,,,2890,82.1,81.3,0,0,2,-0.7000000000000028,5.9,121,149,122,148,305,329,298,"-0.057","0.057",,,,,,,,,,,,,,"3.14","0.26","-1.35","-0.04",,,,,,4.96,-1.71,0.11,3.34,,,"2.85",,,"-2.85",,,,,,,,,,,,
2,701329,"Rujano, Luis",15,13.3,,,,,0.698,,,0,0,,,2402,78.9,79.9,0,1,1,1,6.3,120,150,102,149,284,320,307,"-0.264","0.264",,,,1,0,0,0,0,0,0,0,1,100,"4.6","-0.94","-0.82","0.82","90.7",,,,,5.88,-1.92,0.57,1.8,1,,"13.2",,,"-13.2",,,,,0,,,,,,,
2,695239,"Ahlstrom, Robby",64,3.1,,,,,,,,,,,,2670,77.4,77.3,0,2,0,-0.10000000000000853,6.2,119,149,126,148,300,326,303,"0","0",,,,,,,,,,,,,,"4.72","-0.91","-0.46","-0.02","88.0",76,,,,6.32,1.29,0.05,2.48,,,"0",,,"0",,,,,0,,,,,,,
2,815045,"Cawyer, Zachary",12,16.7,0,0,0,0,0,,,0,2,88.4,48,2622,82.2,82.1,1,2,0,-0.10000000000000853,6.1,86,147,120,146,291,320,285,"0.545","-0.545",,,,2,1,0,0,0,0,1,50,0,0,"4.31","-0.94","-0.53","-0.53","88.4",274,0,0,0,6.71,-0.69,0.08,1.77,0,0,"-27.25",,,"27.25",,,,,50,,,,,,,
2,594798,"deGrom, Jacob",43,4.7,,,,,,,,,,,,2687,83.9,84.55,0,0,2,0.7000000000000028,6.55,101,151,116,151,308,319,306,"-0.111","0.111",,,,,,,,,,,,,,"3.48","-0.27","-0.73","-0.13",,,,,,5.7,-1.44,0.08,2.15,,,"5.55",,,"-5.55",,,,,,,,,,,,
2,804267,"Thornton, Zac",116,1.7,,,,,,,,,,,,2357,75,74.75,0,0,2,-0.20000000000000284,6.1,119,153,126,149,302,325,285,"-0.083","0.083",,,,,,,,,,,,,,"4.79","-0.73","-0.7","0.7",,,,,,6.19,2,0.83,2.67,,,"4.15",,,"-4.15",,,,,,,,,,,,
2,691009,"Ray, Dylan",41,4.9,,,,,,,,,,,,2418,78.5,78.25,0,0,2,-0.20000000000000284,6.15,123,146,120,151,305,326,304,"0.025","-0.025",,,,,,,,,,,,,,"4.71","-1","-0.83","0.83",,,,,,6.17,-1.2,0.07,2.22,,,"-1.25",,,"1.25",,,,,,,,,,,,
2,679977,"Song, Noah",123,1.6,,,,,,,,,,,,2667,76.8,75.7,0,1,1,-1.0999999999999943,5.9,120,147,123,148,278,315,270,"-0.025","0.025",,,,,,,,,,,,,,"5.32","-1.39","-0.7","0.7","88.0",257,,,,6.58,-1.34,-0.1,3.1,,,"1.25",,,"-1.25",,,,,0,,,,,,,
2,702712,"Biven, Tucker",21,9.5,1,0,1,1,0.89,,,1,1,97.1,1,2403,80.6,,0,1,1,,,119,150,119,151,299,320,279,"-0.401","0.401",,,,1,1,1,0,0,0,0,0,0,0,"3.58","-0.05","-1.08","-1.08","97.1",57,100,0,0,5.78,-2.03,0.46,2.13,1,0,"20.05",,,"-20.05",,,,,0,,,,,,,
2,683618,"Henriquez, Edgardo",115,1.7,,,,,,,,,,,,2702,78.2,77.6,0,0,2,-0.6000000000000085,6.3,100,132,112,129,285,334,296,"-0.126","0.126",,,,,,,,,,,,,,"4.98","-1.18","-0.97","0.97",,,,,,6.35,-1.75,0.19,1.6,,,"6.3",,,"-6.3",,,,,,,,,,,,
2,688548,"Tellache, Nico",25,8,0,0,0,0,0,,,0,1,75.6,-33,2318,79.3,80.35,0,1,1,1,6.75,100,141,121,153,280,309,299,"0.168","-0.168",,,,1,1,0,0,0,0,0,0,0,0,"4.1","-0.51","-0.38","-0.38","88.0",4,0,0,0,5.1,2.59,0.97,2.29,0,0,"-8.4",,,"8.4",,,,,0,,,,,,,
2,822652,"Mahlstedt, Lucas",19,10.5,,,,,,,,,,,,2541,76.8,76.3,0,0,2,-0.5,6.1,103,148,116,143,296,320,287,"0.124","-0.124",,,,,,,,,,,,,,"3.18","0.7","-0.8","-0.8",,,,,,3.72,-2.85,0.29,2.39,,,"-6.2",,,"6.2",,,,,,,,,,,,
2,672277,"Carlson, Sam",97,2.1,,,,,,,,,,,,2238,76.7,76.5,0,0,2,-0.20000000000000284,6.7,114,149,123,150,300,318,292,"-0.006","0.006",,,,,,,,,,,,,,"3.53","0.42","-1.41","-0.25",,,,,,5.02,-2.96,-0.71,2.85,,,"0.3",,,"-0.3",,,,,,,,,,,,
2,688328,"Adler, Eric",27,7.4,,,,,0.698,,,0,0,,,2969,83.4,82.1,0,0,2,-1.3000000000000114,5.6,122,140,112,147,281,322,289,"-0.273","0.273",,,,1,0,0,0,0,0,0,0,1,100,"4.2","-0.89","-1.1","-0.1",,,,,,5.92,-2.36,-0.31,1.95,1,,"13.65",,,"-13.65",,,,,,,,,,,,
2,694761,"Vail, Tommy",6,33.3,,,,,,,,,,,,2352,76.8,76.2,0,0,2,-0.5999999999999943,6,100,149,115,148,295,328,300,"-0.062","0.062",,,,,,,,,,,,,,"5.14","-1.25","-0.43","0.03",,,,,,5.87,0.66,-0.31,2.09,,,"3.1",,,"-3.1",,,,,,,,,,,,
2,813266,"White, Mitch",21,9.5,0,0,,0,0,,,0,1,,,2059,84.4,83.7,1,1,1,-0.7000000000000028,6,122,149,115,154,303,345,309,"0.398","-0.398",,,,1,0,0,0,0,0,1,100,0,0,"4.01","-0.79","-0.63","0.63",,,,,,6.11,-1.69,0.11,2.73,0,,"-19.9",,,"19.9",,,,,100,,,,,,,
2,687064,"Young, Brandon",49,4.1,0,0,0,0,0,,,0,1,94.5,-3,2751,74.5,73.3,0,1,1,-1.1000000000000085,6.2,127,146,134,155,288,321,288,"0.303","-0.303",,,,1,1,0,0,0,0,0,0,0,0,"5.76","-1.53","-0.71","0.71","94.5",25,0,0,0,6.23,-1.08,-0.2,1.73,0,0,"-15.15",,,"15.15",,,,,0,,,,,,,
2,669371,"Henry, Cole",109,1.8,,,,,,,,,,,,2561,81.4,81.3,0,1,1,0,5.95,109,148,125,153,283,314,293,"-0.049","0.049",,,,,,,,,,,,,,"3.83","-0.43","-0.9","0.9","88.0",190,,,,5.42,-2.48,-1.04,2.49,,,"2.45",,,"-2.45",,,,,0,,,,,,,
2,695680,"Langhorne, Miles",24,8.3,,,,,,,,,,,,2220,78.7,78.95,0,0,2,0.20000000000000284,6.5,127,149,117,153,300,331,314,"-0.035","0.035",,,,,,,,,,,,,,"4.42","-0.73","-0.83","0.83",,,,,,5.71,-1.25,-1.02,2.04,,,"1.75",,,"-1.75",,,,,,,,,,,,
2,608344,"Irvin, Cole",131,1.5,1,3,,4,2.051,,,1,1,104.2,23,2147,71.9,71.9,0,1,1,0.10000000000000853,6,100,154,124,148,298,329,289,"-2.179","2.179",,,,1,1,0,0,0,1,0,0,0,0,"4.91","-0.54","-0.3","0.3","104.2",380,100,100,100,6.21,1.5,0.09,2.49,1,1,"108.95",,,"-108.95",,,,,0,,,,,,,
2,686857,"Gonzalez, James",60,3.3,,,,,,,,0,0,,,2513,77.5,77.55,0,1,1,0,6.3,115,151,112,149,298,320,304,"0.325","-0.325",,,,0,0,0,0,0,0,0,,0,,"4.69","-0.89","-0.63","0.63","88.0",194,,,,5.92,1.75,0.29,2.4,,,"-16.25",,,"16.25",,,,,0,,,,,,,
2,699707,"Pulido, Danyony",50,4,,,,,,,,,,,,2059,79.6,79.1,0,1,1,-0.4000000000000057,6.05,109,154,122,150,293,331,296,"0.082","-0.082",,,,,,,,,,,,,,"3.8","-0.18","-0.23","-0.23","91.4",190,,,,5.53,-1.39,0.08,1.3,,,"-4.1",,,"4.1",,,,,0,,,,,,,
2,687762,"Wehunt, Blake",61,3.3,,,,,,,,,,,,2208,82,82.7,0,0,2,0.7000000000000028,6.4,86,138,129,148,288,318,302,"-0.103","0.103",,,,,,,,,,,,,,"3.92","-0.57","-0.57","0.57",,,,,,5.62,-1.98,-0.02,3.3,,,"5.15",,,"-5.15",,,,,,,,,,,,
2,686701,"Bergert, Ryan",210,1,,,,,,,,,,,,2928,80.4,80.25,0,0,2,-0.10000000000000853,6.2,115,152,124,151,305,327,299,"0.002","-0.002",,,,,,,,,,,,,,"4.3","-0.78","-0.7","0.04",,,,,,6.06,-1.75,0.36,1.56,,,"-0.1",,,"0.1",,,,,,,,,,,,
2,686900,"Shawver, Evan",72,2.8,,,,,,,,,,,,2228,81.2,79.9,0,0,2,-1.2999999999999972,5.75,100,149,106,146,292,325,230,"0.048","-0.048",,,,,,,,,,,,,,"4.01","-0.52","0.1","-0.1",,,,,,5.63,1.15,-0.42,0.55,,,"-2.4",,,"2.4",,,,,,,,,,,,
2,814489,"Wichrowski, Brett",47,4.3,,,,,0.698,,,0,0,,,2784,81,81.5,0,0,2,0.5,6.6,100,152,135,150,290,298,294,"-0.415","0.415",,,,1,0,0,0,0,0,0,0,1,100,"4.2","-0.72","-1.14","-1.14",,,,,,5.67,-1.56,0,4,1,,"20.75",,,"-20.75",,,,,,,,,,,,
2,682855,"Vargas, Luis",26,7.7,0,0,,0,0,,,0,1,,,2465,82.2,81.9,1,1,1,-0.29999999999999716,5.95,117,151,119,149,304,320,285,"0.246","-0.246",,,,1,0,0,0,0,0,1,100,0,0,"3.87","-0.51","-0.54","-0.54",,,,,,5.87,-2.2,-0.56,2.21,0,,"-12.3",,,"12.3",,,,,100,,,,,,,
2,803143,"Keener, Seth",8,25,0,0,0,0,0,,,0,1,96.8,-19,2515,83.2,82.95,0,1,1,-0.20000000000000284,6.65,87,136,120,150,300,343,312,"0.382","-0.382",,,,1,1,0,0,0,0,0,0,0,0,"4.13","-0.77","-0.51","0.51","96.8",8,100,0,0,5.94,-2.67,0.16,2.14,0,0,"-19.1",,,"19.1",,,,,0,,,,,,,
2,813866,"Zaffiro, Cole",13,15.4,1,0,1,1,0.89,,,1,1,100.5,6,1888,79.2,79.4,0,1,1,0.20000000000000284,6.4,,,,,,,,"-0.822","0.822",,,,1,1,1,0,0,0,0,0,0,0,"4.2","-0.58","-0.08","-0.12","100.5",105,100,0,0,5.92,-0.97,0.52,2.01,1,0,"41.1",,,"-41.1",,,,,0,,,,,,,
2,693176,"Joseph, Elison",24,8.3,,,,,,,,,,,,2551,81.1,80.45,0,0,2,-0.5999999999999943,6.85,102,148,117,146,296,326,288,"-0.035","0.035",,,,,,,,,,,,,,"3.92","-0.33","-1.54","-1.54",,,,,,5.61,-2.24,0.8,1.71,,,"1.75",,,"-1.75",,,,,,,,,,,,
2,805315,"Walsh, Michael",23,8.7,,,,,,,,,,,,2596,82.8,80.9,0,0,2,-1.8999999999999915,5.4,118,150,132,151,277,314,298,"-0.062","0.062",,,,,,,,,,,,,,"3.9","-0.53","-1.28","-0.28",,,,,,5.71,-1.81,-0.4,2.1,,,"3.1",,,"-3.1",,,,,,,,,,,,
2,692589,"Juarez, Victor",26,7.7,,,,,,,,,,,,2505,77.3,75.9,0,0,2,-1.3999999999999915,5.75,123,148,120,156,299,311,299,"-0.07","0.07",,,,,,,,,,,,,,"5.1","-1.23","-0.9","0.9",,,,,,6.06,-1.99,1.09,0.23,,,"3.5",,,"-3.5",,,,,,,,,,,,
2,689379,"Anderson, Aidan",95,2.1,,,,,,,,,,,,2421,76.8,76.35,0,0,2,-0.5,6,,,,,,,,"-0.088","0.088",,,,,,,,,,,,,,"3.64","0.23","-0.8","-0.03",,,,,,4.16,-2.4,0.81,1.33,,,"4.4",,,"-4.4",,,,,,,,,,,,
2,686678,"Solesky, Chase",137,1.5,,,,,0.698,,,0,0,,,2327,81.8,82.85,0,0,2,1,6.85,118,148,129,154,274,332,302,"-0.252","0.252",,,,1,0,0,0,0,0,0,0,1,100,"4.07","-0.68","-0.35","0.35",,,,,,5.93,-1.18,0.71,2.76,1,,"12.6",,,"-12.6",,,,,,,,,,,,
2,814810,"Bickerstaff, Calvin",14,14.3,,,,,,,,,,,,1718,78.2,78.7,0,0,2,0.5,6.35,116,149,118,148,280,316,296,"-0.041","0.041",,,,,,,,,,,,,,"3.42","0.27","-0.01","-0.67",,,,,,6.09,-1.69,-1.34,3.74,,,"2.05",,,"-2.05",,,,,,,,,,,,
2,670234,"Shuman, Seth",20,10,0,0,0,0,0,,,0,1,94.3,38,3040,84,82.9,0,1,1,-1.0999999999999943,5.85,119,150,127,151,309,317,298,"0.166","-0.166",,,,1,1,0,0,0,0,0,0,0,0,"3.88","-0.62","-1.05","-0.1","94.3",342,0,0,0,5.56,-2.63,-0.06,1.62,0,0,"-8.3",,,"8.3",,,,,0,,,,,,,
2,669067,"Webb, Ryan",77,2.6,,,,,,,,,,,,2579,77.8,77.75,1,1,1,0,6.35,113,154,121,148,319,327,279,"0.012","-0.012",,,,,,,,,,,,,,"5.05","-1.28","-0.55","0.55",,,,,,5.97,1.15,0.4,2.61,,,"-0.6",,,"0.6",,,,,100,,,,,,,
2,686643,"Dalquist, Andrew",6,33.3,,,,,,,,,,,,2343,81.1,81,0,0,2,0,6.15,127,145,136,154,292,312,300,"-0.153","0.153",,,,,,,,,,,,,,"4.07","-0.61","-0.16","0.16",,,,,,6.04,-1.05,-0.64,3.58,,,"7.65",,,"-7.65",,,,,,,,,,,,
2,687535,"Simmons, Dylan",14,14.3,0,0,0,0,0,,,0,1,91.6,38,2702,80.6,81.15,0,2,0,0.6000000000000085,6.3,88,132,108,131,274,324,294,"0.333","-0.333",,,,2,2,0,0,0,0,0,0,0,0,"4","-0.53","-0.27","0.27","91.6",331,0,0,0,6.58,-0.26,-0.11,2.67,0,0,"-16.65",,,"16.65",,,,,0,,,,,,,
2,659381,"King, Justin",95,2.1,0,0,,0,0,,,0,1,,,2567,83.1,82.3,0,0,2,-0.7999999999999972,5.95,116,153,130,149,305,321,305,"0.099","-0.099",,,,1,0,0,0,0,0,1,100,0,0,"3.6","-0.28","-1.2","1.2",,,,,,5.74,2.77,-0.95,0.67,0,,"-4.95",,,"4.95",,,,,,,,,,,,
2,677312,"Mills, Zane",54,3.7,,,,,,,,,,,,2511,81.1,82.1,0,1,1,1,6.95,118,152,113,146,274,328,312,"-0.033","0.033",,,,,,,,,,,,,,"4.24","-0.77","-1.05","-0.12","88.0",18,,,,5.64,-2.31,0.22,0.77,,,"1.65",,,"-1.65",,,,,0,,,,,,,
2,678061,"Kerr, Ray",10,20,0,0,,0,0,,,0,1,,,1959,80.5,80.75,0,0,2,0.29999999999999716,6.6,,,,,,,,"0.209","-0.209",,,,1,0,0,0,0,0,1,100,0,0,"3.72","-0.18","-0.1","-0.1",,,,,,5.71,2.31,-1.26,2.02,0,,"-10.45",,,"10.45",,,,,,,,,,,,
2,830242,"Hilker, Michael",27,7.4,,,,,,,,,,,,2359,76.8,77,0,0,2,0.20000000000000284,6.5,126,151,123,152,293,326,264,"-0.041","0.041",,,,,,,,,,,,,,"4.4","-0.52","-0.64","0.21",,,,,,5.92,-2.02,-0.65,2.35,,,"2.05",,,"-2.05",,,,,,,,,,,,
2,828494,"Achen, Cohen",46,4.3,,,,,,,,,,,,2759,79,77.8,0,1,1,-1.2000000000000028,5.9,89,148,112,143,280,308,272,"0.036","-0.036",,,,,,,,,,,,,,"3.92","-0.21","-1.77","-1.77","88.0",146,,,,5.28,-1.61,0.22,1.78,,,"-1.8",,,"1.8",,,,,0,,,,,,,
2,821970,"Martinez, Xavier",37,5.4,,,,,,,,,,,,2485,78.1,77.8,0,0,2,-0.29999999999999716,6,105,145,126,152,314,320,290,"-0.077","0.077",,,,,,,,,,,,,,"4.04","-0.3","-1","1",,,,,,5.24,-1.36,0.13,2.04,,,"3.85",,,"-3.85",,,,,,,,,,,,
2,680724,"Ras, Tyler",46,4.3,0,0,0,0,0,,,0,1,84.9,62,2087,81.8,81.5,0,1,1,-0.29999999999999716,5.95,124,148,127,152,295,319,314,"0.141","-0.141",,,,1,1,0,0,0,0,0,0,0,0,"4.04","-0.66","-0.18","0.18","88.0",166,0,0,0,6.14,-1.27,-0.62,2.57,0,0,"-7.05",,,"7.05",,,,,0,,,,,,,
2,682982,"Espino, Daniel",25,8,,,,,,,,,,,,2658,73.3,73.05,0,0,2,-0.29999999999999716,6.45,126,148,113,153,290,320,303,"-0.067","0.067",,,,,,,,,,,,,,"5.58","-1.28","-0.88","0.88",,,,,,5.99,-1.52,0.18,2,,,"3.35",,,"-3.35",,,,,,,,,,,,
2,676785,"Conley, Bryce",38,5.3,0,0,,0,0,,,0,1,,,2734,78.9,78.6,1,1,1,-0.30000000000001137,6.35,88,103,92,105,264,297,286,"0.374","-0.374",,,,1,0,0,0,0,0,1,100,0,0,"4.75","-1.05","-0.94","0.94",,,,,,5.6,-2.59,-0.67,1.68,0,,"-18.7",,,"18.7",,,,,100,,,,,,,
2,685095,"Abney, Alaska",22,9.1,,,,,,,,,,,,2696,78.1,79,0,0,2,0.9000000000000057,6.9,86,150,120,147,302,310,292,"-0.112","0.112",,,,,,,,,,,,,,"3.37","0.36","-1.14","-1.14",,,,,,2.83,-2.16,0.91,1.74,,,"5.6",,,"-5.6",,,,,,,,,,,,
1,681854,"Van Scoyoc, Connor",37,2.7,,,,,,,,,,,,2464,81,,0,0,1,,,118,152,120,151,302,325,280,"0.061","-0.061",,,,,,,,,,,,,,"3.7","-0.25","-0.75","-0.75",,,,,,6.07,-1.45,0.24,2.54,,,"-6.1",,,"6.1",,,,,,,,,,,,
1,692623,"Garcia, Leonard",26,3.8,,,,,,,,,,,,2323,78.2,74.7,0,0,1,-3.5,4,118,148,108,153,298,330,301,"-0.026","0.026",,,,,,,,,,,,,,"4.39","-0.63","-0.88","-0.88",,,,,,5.08,3.52,-0.55,0.31,,,"2.6",,,"-2.6",,,,,,,,,,,,
1,668716,"Murdock, Noah",91,1.1,,,,,,,,,,,,2457,85,84.8,0,0,1,-0.20000000000000284,6.6,124,149,132,153,294,317,297,"-0.111","0.111",,,,,,,,,,,,,,"3.92","-0.71","-0.94","0.94",,,,,,5.33,-1.97,1.04,2.25,,,"11.1",,,"-11.1",,,,,,,,,,,,
1,828499,"Kilander, Griffin",21,4.8,,,,,,,,,,,,2273,78.8,79.4,0,0,1,0.6000000000000085,7.2,112,152,119,147,278,315,290,"-0.023","0.023",,,,,,,,,,,,,,"3.88","-0.14","-1.33","-1.33",,,,,,5.25,-2.85,1.32,1.9,,,"2.3",,,"-2.3",,,,,,,,,,,,
1,628709,"Gómez, Ofreidy",46,2.2,,,,,,,,,,,,2436,84.1,85.2,0,0,1,1.1000000000000085,6.6,111,152,125,150,298,311,281,"-0.042","0.042",,,,,,,,,,,,,,"3.29","-0.1","-0.82","-0.82",,,,,,5.8,-1.19,1.78,2.35,,,"4.2",,,"-4.2",,,,,,,,,,,,
1,801317,"Makarewich, Alex",18,5.6,,,,,,,,,,,,2377,83.7,83.5,0,0,1,-0.20000000000000284,6.1,112,153,113,146,295,328,288,"-0.074","0.074",,,,,,,,,,,,,,"3.95","-0.7","-0.52","-0.52",,,,,,5.67,-2.2,-1.25,2.53,,,"7.4",,,"-7.4",,,,,,,,,,,,
1,699071,"Romero, Christian",14,7.1,,,,,,,,,,,,2256,74.5,74,0,0,1,-0.5,6.1,116,154,123,150,315,325,282,"-0.039","0.039",,,,,,,,,,,,,,"4.92","-0.78","-0.92","-0.92",,,,,,5.92,-1.62,-1.45,4.58,,,"3.9",,,"-3.9",,,,,,,,,,,,
1,828475,"Dorchies, Ethan",18,5.6,,,,,,,,,,,,2257,79.7,80.2,0,0,1,0.5,6.8,111,147,119,147,304,324,299,"-0.04","0.04",,,,,,,,,,,,,,"3.85","-0.25","-0.95","-0.95",,,,,,5.63,-2,-2.73,4.38,,,"4",,,"-4",,,,,,,,,,,,
1,800260,"Flores, Anthony",3,33.3,,,,,,,,,,,,3015,81.8,81.7,1,1,0,-0.09999999999999432,5.8,113,152,123,147,292,294,289,"0.061","-0.061",,,,,,,,,,,,,,"3.1","0.25","-0.47","0.47",,,,,,5.46,1.77,-1.24,1.26,,,"-6.1",,,"6.1",,,,,100,,,,,,,
1,805321,"Kuncl, Trevor",49,2,,,,,,,,,,,,2390,80.4,79.2,0,0,1,-1.2000000000000028,5.6,106,151,119,146,302,310,293,"-0.012","0.012",,,,,,,,,,,,,,"3.85","-0.29","-1.25","-1.25",,,,,,5.73,-2.64,-1.43,2.86,,,"1.2",,,"-1.2",,,,,,,,,,,,
1,698962,"Estrada, Ricardo",10,10,,,,,,,,,,,,2281,79,78.1,0,0,1,-0.9000000000000057,5.7,112,153,116,148,285,293,289,"0.031","-0.031",,,,,,,,,,,,,,"4.57","-0.92","-0.21","0.21",,,,,,5.76,0.88,0.46,2.74,,,"-3.1",,,"3.1",,,,,,,,,,,,
1,815043,"Miller, Simon",32,3.1,,,,,,,,,,,,2738,81.6,80.8,0,0,1,-0.7999999999999972,6,112,150,119,148,295,336,318,"-0.028","0.028",,,,,,,,,,,,,,"3.82","-0.36","-1.43","1.43",,,,,,5.94,-2.14,-0.86,2.76,,,"2.8",,,"-2.8",,,,,,,,,,,,
1,682897,"Pérez, Steven",42,2.4,,,,,,,,,,,,2238,76.6,76.7,0,0,1,0.10000000000000853,6.2,113,153,121,150,277,321,303,"0.041","-0.041",,,,,,,,,,,,,,"4.88","-1.01","-0.4","0.4",,,,,,6.34,1.81,0.02,2.4,,,"-4.1",,,"4.1",,,,,,,,,,,,
1,685719,"Sanchez, Fernando",17,5.9,,,,,,,,,,,,1992,73.4,72.9,0,0,1,-0.5,6.2,127,145,114,147,292,318,288,"-0.028","0.028",,,,,,,,,,,,,,"4.76","-0.47","-1.14","-1.14",,,,,,5.43,3.43,1.09,1.79,,,"2.8",,,"-2.8",,,,,,,,,,,,
1,823226,"Harris, Zach",17,5.9,,,,,,,,,,,,2215,83.2,82.5,0,0,1,-0.7000000000000028,6.1,87,152,109,149,294,303,294,"0.05","-0.05",,,,,,,,,,,,,,"3.88","-0.55","-0.34","-0.34",,,,,,5.17,-2.99,-0.16,1.69,,,"-5",,,"5",,,,,,,,,,,,
1,833439,"Fosher, Peyton",6,16.7,,,,,,,,,,,,2419,81.2,81,0,0,1,-0.20000000000000284,6.3,118,150,118,146,263,300,269,"-0.028","0.028",,,,,,,,,,,,,,"4.58","-1.1","-0.91","-0.91",,,,,,5.66,-3.35,0.41,3.48,,,"2.8",,,"-2.8",,,,,,,,,,,,
1,801546,"Russell, Zane",37,2.7,,,,,,,,,,,,1617,83.3,83,0,1,0,-0.29999999999999716,6,112,154,117,149,329,334,304,"0.053","-0.053",,,,,,,,,,,,,,"3.04","0.23","0.79","0.79","88.0",139,,,,6.41,-1.49,-0.93,3.27,,,"-5.3",,,"5.3",,,,,0,,,,,,,
1,691721,"Kelley, Jared",22,4.5,,,,,,,,,,,,881,82.5,83.6,0,0,1,1.0999999999999943,6.9,90,143,91,142,296,326,298,"-0.024","0.024",,,,,,,,,,,,,,"3.77","-0.44","0.42","-0.42",,,,,,6.13,-1.41,-2.18,3.14,,,"2.4",,,"-2.4",,,,,,,,,,,,
1,656271,"Burke, Brock",158,0.6,,,,,,,,,,,,2267,76,76.4,0,0,1,0.4000000000000057,6.6,107,153,115,147,306,326,296,"-0.042","0.042",,,,,,,,,,,,,,"4.48","-0.53","-0.74","0.74",,,,,,6.47,1.89,1.7,4.04,,,"4.2",,,"-4.2",,,,,,,,,,,,
1,691786,"Morales, Michael",51,2,,,,,,,,,,,,2385,76.4,76.1,0,1,0,-0.30000000000001137,6.2,120,146,123,154,290,325,305,"0","0",,,,,,,,,,,,,,"4.7","-0.78","-1.14","1.14","88.0",19,,,,5.95,-0.77,0.38,2.11,,,"0",,,"0",,,,,0,,,,,,,
1,805422,"Snead, Nate",7,14.3,0,0,,0,0,,,0,1,,,2846,80.9,80.5,1,1,0,-0.4000000000000057,6.4,118,149,125,154,303,316,313,"0.154","-0.154",,,,1,0,0,0,0,0,1,100,0,0,"4.62","-1.09","-0.87","0.87",,,,,,5.83,-2.95,-0.91,2.26,0,,"-15.4",,,"15.4",,,,,100,,,,,,,
1,681004,"Carey, Jack",15,6.7,,,,,,,,,,,,2547,79.6,80,0,1,0,0.4000000000000057,6.5,116,154,116,148,308,321,284,"0.039","-0.039",,,,,,,,,,,,,,"3.5","0.08","-1.4","-1.4","88.0",215,,,,5.92,-2.28,0.13,3.6,,,"-3.9",,,"3.9",,,,,0,,,,,,,
1,663681,"Bayless, Jarod",81,1.2,,,,,,,,,,,,2372,75.7,76.6,0,1,0,0.8999999999999915,7,124,145,137,152,273,303,293,"0","0",,,,,,,,,,,,,,"3.92","0.07","-1.05","1.05","88.0",181,,,,4.49,-3.07,0.89,2.38,,,"0",,,"0",,,,,0,,,,,,,
1,534910,"Hahn, Jesse",119,0.8,,,,,,,,,,,,3026,76.8,76.5,0,0,1,-0.29999999999999716,6.4,126,148,137,145,274,319,297,"-0.029","0.029",,,,,,,,,,,,,,"4.68","-0.77","-1.42","1.42",,,,,,5.94,-2.35,0.54,1.19,,,"2.9",,,"-2.9",,,,,,,,,,,,
1,699062,"Ramirez, Kelvin",51,2,,,,,,,,,,,,2509,83.3,82.8,0,0,1,-0.5,5.8,113,152,120,146,305,322,288,"-0.195","0.195",,,,,,,,,,,,,,"3.65","-0.37","-0.48","-0.48",,,,,,6.74,-0.4,0.25,4.48,,,"19.5",,,"-19.5",,,,,,,,,,,,
1,656353,"Davidson, Tucker",64,1.6,,,0,,0,,,0,0,93.9,26,2383,74.5,74.1,0,1,0,-0.4000000000000057,6.2,92,110,90,99,279,309,274,"0.206","-0.206",,,,1,1,0,0,0,0,0,0,0,0,"5.34","-1.21","-0.88","0.88","93.9",348,0,0,0,6.39,1.42,0.43,2.25,0,0,"-20.6",,,"20.6",,,,,0,,,,,,,
1,822483,"Matson, Sean",5,20,,,,,,,,,,,,1142,76.9,77.7,0,0,1,0.7999999999999972,6.5,87,149,137,152,309,319,299,"-0.092","0.092",,,,,,,,,,,,,,"3.02","0.78","0.82","-0.82",,,,,,5.66,-1.69,-1.93,2.99,,,"9.2",,,"-9.2",,,,,,,,,,,,
1,702878,"Orellana, Douglas",61,1.6,,,,,,,,,,,,2516,83.4,83.6,0,0,1,0.19999999999998863,6.5,119,151,120,148,292,315,275,"0.038","-0.038",,,,,,,,,,,,,,"3.86","-0.58","-0.02","-0.02",,,,,,6.53,-1.39,0.59,2.06,,,"-3.8",,,"3.8",,,,,,,,,,,,
1,806293,"Martin, Payton",38,2.6,,,,,0.729,,,0,0,,,2838,81.2,81.7,0,0,1,0.5,6.5,116,154,120,148,305,319,297,"-0.52","0.52",,,,1,0,0,0,0,0,0,0,0,0,"4.33","-0.9","-0.55","-0.55",,,,,,5.79,-1.29,-1.45,3.55,1,,"52",,,"-52",,,,,,,,,,,,
1,656212,"Barnes, Charlie",35,2.9,,,,,,,,,,,,2308,75.8,73.7,0,0,1,-2.0999999999999943,4.9,118,155,123,151,286,331,310,"-0.039","0.039",,,,,,,,,,,,,,"4.22","-0.23","-0.96","0.96",,,,,,5.98,1.9,1.73,3.76,,,"3.9",,,"-3.9",,,,,,,,,,,,
1,695695,"Neighbors, Tyson",30,3.3,0,0,,0,0,,,0,1,,,2625,79.6,77.9,1,1,0,-1.6999999999999886,5.3,88,144,132,154,278,327,283,"0.217","-0.217",,,,1,0,0,0,0,0,1,100,0,0,"4.4","-0.77","0.28","-0.28",,,,,,6.27,-0.91,-1.07,1.73,0,,"-21.7",,,"21.7",,,,,100,,,,,,,
1,695560,"Kohn, Pico",15,6.7,,,,,,,,,,,,2406,77.7,77.3,0,0,1,-0.4000000000000057,6,,,,,,,,"0.041","-0.041",,,,,,,,,,,,,,"4.93","-1.15","-0.27","0.27",,,,,,6.37,3,0.63,1.95,,,"-4.1",,,"4.1",,,,,,,,,,,,
1,622554,"Domínguez, Seranthony",51,2,,,,,,,,,,,,2315,80.3,80.1,0,0,1,-0.20000000000000284,6.3,127,146,114,149,297,328,306,"-0.039","0.039",,,,,,,,,,,,,,"4.56","-1.02","-0.76","0.76",,,,,,5.64,-1.95,1,1.02,,,"3.9",,,"-3.9",,,,,,,,,,,,
1,691012,"Santos II, Alex",2,50,1,0,1,1,0.89,,,1,1,98,13,2032,79.9,80.6,0,1,0,0.6999999999999886,6.8,120,147,116,153,258,292,279,"-0.763","0.763",,,,1,1,1,0,0,0,0,0,0,0,"3.75","-0.17","-0.12","0.12","98.0",211,100,0,0,5.7,-1.43,0.2,2.05,1,0,"76.3",,,"-76.3",,,,,0,,,,,,,
1,687102,"Carver, Ross",16,6.3,,,,,,,,,,,,2307,79.4,78.6,0,0,1,-0.8000000000000114,6,122,148,125,152,292,333,304,"-0.064","0.064",,,,,,,,,,,,,,"4.63","-0.99","-0.8","0.8",,,,,,5,-2.81,-1.23,2.19,,,"6.4",,,"-6.4",,,,,,,,,,,,
1,808222,"Flores, Jesus",3,33.3,0,0,0,0,0,,,0,1,84.2,-7,2580,81.2,81.2,0,1,0,0,6,124,150,132,152,291,293,291,"0.154","-0.154",,,,1,1,0,0,0,0,0,0,0,0,"3.89","-0.46","-0.37","0.37","88.0",14,0,0,0,5.46,-2.33,0.17,1.78,0,0,"-15.4",,,"15.4",,,,,0,,,,,,,
1,701656,"Henderson, Logan",79,1.3,,,,,,,,,,,,2470,77.4,78,0,0,1,0.5999999999999943,6.4,127,147,119,150,305,326,292,"0.041","-0.041",,,,,,,,,,,,,,"4.83","-1.07","-0.65","0.65",,,,,,5.36,-1.22,-0.16,2.16,,,"-4.1",,,"4.1",,,,,,,,,,,,
1,643377,"Jax, Griffin",64,1.6,,,,,,,,,,,,3087,86.6,87,1,1,0,0.4000000000000057,6.4,86,139,133,152,287,321,295,"0.039","-0.039",,,,,,,,,,,,,,"4.09","-1.07","-0.53","0.53",,,,,,5.64,-0.62,1.02,0.43,,,"-3.9",,,"3.9",,,,,100,,,,,,,
1,700786,"Sears, Ben",79,1.3,,,,,,,,,,,,2597,82,81,0,0,1,-1,6,86,144,126,146,286,322,300,"-0.019","0.019",,,,,,,,,,,,,,"3.72","-0.28","-1.37","1.37",,,,,,5.42,-2.13,-0.9,1.39,,,"1.9",,,"-1.9",,,,,,,,,,,,
1,804926,"Peterson, Austin",35,2.9,,,,,,,,,,,,2233,77.7,78,0,0,1,0.29999999999999716,6.9,122,149,118,152,298,321,313,"-0.064","0.064",,,,,,,,,,,,,,"4.59","-0.75","-1.15","1.15",,,,,,6.06,-1.47,0.49,3.3,,,"6.4",,,"-6.4",,,,,,,,,,,,
1,702474,"Paredes, Mike",42,2.4,,,,,,,,,,,,2583,78.4,78.6,0,1,0,0.19999999999998863,6.5,106,153,126,145,300,325,274,"0.053","-0.053",,,,,,,,,,,,,,"3.37","0.36","-1.65","-1.65","88.0",130,,,,5.2,-1.29,0.15,2.11,,,"-5.3",,,"5.3",,,,,0,,,,,,,
1,689149,"Dallas, Chad",38,2.6,,,,,,,,,,,,2462,83.5,83.8,0,0,1,0.29999999999999716,6.5,114,151,125,148,293,322,280,"-0.039","0.039",,,,,,,,,,,,,,"4.24","-0.97","-0.34","-0.34",,,,,,6.07,-0.99,1,2.36,,,"3.9",,,"-3.9",,,,,,,,,,,,
1,695766,"Molina, Mason",90,1.1,,,,,,,,,,,,2366,75.3,75.2,0,0,1,-0.09999999999999432,6.2,110,153,119,148,293,313,289,"-0.029","0.029",,,,,,,,,,,,,,"5.29","-1.26","-0.3","0.3",,,,,,6.25,1.36,1.74,6.88,,,"2.9",,,"-2.9",,,,,,,,,,,,
1,687268,"Hunt, K.C.",19,5.3,0,0,,0,0,,,0,1,,,2438,77.1,77.1,0,0,1,0,6,115,150,117,147,309,324,289,"0.189","-0.189",,,,1,0,0,0,0,0,1,100,0,0,"5.01","-1.21","-0.19","-0.19",,,,,,5.81,-1.1,0.61,2.9,0,,"-18.9",,,"18.9",,,,,,,,,,,,
1,687202,"McLaughlin, Mark",16,6.3,0,0,0,0,0,,,0,1,96,38,2772,79.5,79.5,0,1,0,0,6.4,117,140,109,142,288,321,286,"0.283","-0.283",,,,1,1,0,0,0,0,0,0,0,0,"4.12","-0.5","-0.4","0.4","96.0",362,100,0,0,6.42,-1.28,0.93,2.08,0,0,"-28.3",,,"28.3",,,,,0,,,,,,,
1,801505,"Thompson, Paxton",16,6.3,,,,,,,,,,,,2190,78.4,77.7,0,0,1,-0.7000000000000028,6.1,112,151,123,147,324,330,295,"-0.026","0.026",,,,,,,,,,,,,,"4.37","-0.61","-1.06","-1.06",,,,,,5.18,-2.3,-0.97,4.54,,,"2.6",,,"-2.6",,,,,,,,,,,,
1,607179,"Weems, Jordan",98,1,,,,,,,,,,,,2513,77,76.9,0,1,0,-0.09999999999999432,6.4,118,146,102,146,295,325,302,"0.041","-0.041",,,,,,,,,,,,,,"4.82","-0.96","-0.79","0.79",,,,,,6.15,-1.08,-0.22,1.36,,,"-4.1",,,"4.1",,,,,0,,,,,,,
1,699314,"Davalillo, David",33,3,,,,,0.698,,,0,0,,,2940,78,77.3,0,0,1,-0.7000000000000028,6.2,97,115,95,101,292,304,298,"-0.234","0.234",,,,1,0,0,0,0,0,0,0,1,100,"4.92","-1.12","-1.29","-1.29",,,,,,5.39,-1.67,-0.68,3.52,1,,"23.4",,,"-23.4",,,,,,,,,,,,
1,702065,"Rozek, Aaron",63,1.6,,,,,,,,,,,,2438,75.4,74.5,0,0,1,-0.9000000000000057,5.6,119,153,124,151,301,315,295,"-0.033","0.033",,,,,,,,,,,,,,"4.21","-0.2","-0.69","0.69",,,,,,5.86,3.66,-1.92,1.97,,,"3.3",,,"-3.3",,,,,,,,,,,,
1,690736,"McGough, Trey",16,6.3,0,0,,0,0,,,0,1,,,2279,76,75.2,1,1,0,-0.7999999999999972,6.3,88,133,106,124,297,316,276,"0.284","-0.284",,,,1,0,0,0,0,0,1,100,0,0,"5.6","-1.56","-1.13","1.13",,,,,,5.92,1.32,-0.58,0.95,0,,"-28.4",,,"28.4",,,,,100,,,,,,,
1,693855,"Seymour, Ian",196,0.5,,,,,,,,,,,,1487,71.7,70.6,0,1,0,-1.1000000000000085,6,114,153,125,145,297,315,297,"0","0",,,,,,,,,,,,,,"5.3","-0.78","-0.63","0.63","88.0",128,,,,6.09,1.33,1.18,2.96,,,"0",,,"0",,,,,0,,,,,,,
1,800423,"Petri, Jorger",9,11.1,0,0,,0,0,,,0,1,,,2702,81,80.3,1,1,0,-0.7000000000000028,5.7,87,146,139,141,281,318,301,"0.195","-0.195",,,,1,0,0,0,0,0,1,100,0,0,"3.84","-0.39","-0.91","-0.91",,,,,,6.24,0.94,-0.1,2.47,0,,"-19.5",,,"19.5",,,,,100,,,,,,,
1,686671,"Farr, Thomas",28,3.6,,,,,,,,,,,,2403,79.2,78.2,0,1,0,-1,5.9,109,150,114,149,306,322,287,"0","0",,,,,,,,,,,,,,"4.23","-0.56","-1.26","-1.26","88.0",1,,,,5.73,-1.91,0.67,2.31,,,"0",,,"0",,,,,0,,,,,,,
1,686463,"Schultz, Thomas",15,6.7,1,3,,4,2.051,,,1,1,93.9,24,2362,80.9,81.4,0,1,0,0.5,6.8,114,149,121,149,308,326,291,"-1.053","1.053",,,,1,1,0,0,0,1,0,0,0,0,"3.79","-0.28","-0.82","-0.82","93.9",366,0,0,0,6.02,-1.39,-0.7,3.53,1,0,"105.3",,,"-105.3",,,,,0,,,,,,,
1,694773,"Johnston, Reid",4,25,,,,,,,,,,,,2534,80.6,80.4,0,0,1,-0.19999999999998863,6.4,116,151,128,146,298,321,288,"-0.015","0.015",,,,,,,,,,,,,,"3.6","-0.07","-1.08","-1.08",,,,,,5.64,-2.13,-1.35,2.89,,,"1.5",,,"-1.5",,,,,,,,,,,,
1,703615,"Cabrera, Jose",25,4,,,,,,,,,,,,2659,83.5,82.9,1,1,0,-0.5999999999999943,6.5,86,139,110,149,301,323,309,"0.041","-0.041",,,,,,,,,,,,,,"3.32","0.02","-0.31","0.31",,,,,,5.6,-2.18,0.85,1.19,,,"-4.1",,,"4.1",,,,,100,,,,,,,
1,802373,"Hurney, Jonah",17,5.9,,,,,,,,,,,,2515,75.7,74.7,0,0,1,-1,5.5,117,136,115,147,274,314,314,"-0.07","0.07",,,,,,,,,,,,,,"4.72","-0.74","-1.05","-1.05",,,,,,5.1,2.87,1.36,2.63,,,"7",,,"-7",,,,,,,,,,,,
1,806333,"Sansone, Michael",112,0.9,0,0,0,0,0,,,0,1,60.2,-12,2043,73.6,73.2,0,1,0,-0.3999999999999915,5.8,116,153,121,148,291,315,277,"0.262","-0.262",,,,1,1,0,0,0,0,0,0,0,0,"4.54","-0.36","-0.42","0.42","88.0",11,0,0,0,5.48,1.55,-0.12,2.79,0,0,"-26.2",,,"26.2",,,,,0,,,,,,,
1,800317,"Salazar, Braian",26,3.8,,,,,,,,,,,,2531,78.1,77.6,0,0,1,-0.5,6.4,121,141,135,149,295,310,300,"0.058","-0.058",,,,,,,,,,,,,,"4.6","-0.8","-1.35","-1.35",,,,,,5.27,3.2,-0.12,1.67,,,"-5.8",,,"5.8",,,,,,,,,,,,
1,805291,"Reilly, Vince",92,1.1,,,,,,,,,,,,2267,84,84.6,0,1,0,0.5999999999999943,6.5,109,154,120,149,300,316,293,"0","0",,,,,,,,,,,,,,"3.98","-0.77","-0.51","-0.51","100.3",54,,,,5.2,-1.65,-0.87,1.66,,,"0",,,"0",,,,,0,,,,,,,
1,663432,"Rainey, Tanner",124,0.8,0,0,,0,0,,,0,1,,,2332,84.9,85.5,1,1,0,0.5999999999999943,6.4,119,151,120,150,280,312,274,"0.222","-0.222",,,,1,0,0,0,0,0,1,100,0,0,"3.26","-0.13","-0.36","-0.36",,,,,,6.19,-2.69,0.55,1.59,0,,"-22.2",,,"22.2",,,,,100,,,,,,,
1,827620,"Shirk, Jake",15,6.7,0,0,0,0,0,,,0,1,61.4,-3,2232,83.3,82.3,0,1,0,-1,5.9,125,147,140,152,293,333,298,"0.258","-0.258",,,,1,1,0,0,0,0,0,0,0,0,"3.73","-0.41","-0.96","0.96","88.0",25,0,0,0,5.59,-2.36,0.82,2.3,0,0,"-25.8",,,"25.8",,,,,0,,,,,,,
1,682999,"Childers, Will",63,1.6,0,0,,0,0,,,0,1,,,2420,82.5,83.1,1,1,0,0.5999999999999943,6.5,127,149,119,151,296,316,286,"0.181","-0.181",,,,1,0,0,0,0,0,1,100,0,0,"3.88","-0.55","-0.18","0.18",,,,,,6.57,-0.9,0.22,1.81,0,,"-18.1",,,"18.1",,,,,100,,,,,,,
1,695229,"Minacci, Camden",59,1.7,,,,,,,,,,,,,79.6,79.7,0,0,1,0.10000000000000853,6.3,112,135,110,144,299,328,302,"-0.07","0.07",,,,,,,,,,,,,,"3.49","0.1","-1.37","1.37",,,,,,6,-1.43,-0.4,3.14,,,"7",,,"-7",,,,,,,,,,,,
1,702297,"Skipper, Carson",19,5.3,,,,,,,,,,,,2143,70.2,70.9,0,0,1,0.7000000000000028,6.7,86,149,118,143,300,312,304,"-0.035","0.035",,,,,,,,,,,,,,"5.49","-0.87","-0.58","0.58",,,,,,6.93,-0.34,-0.92,4.57,,,"3.5",,,"-3.5",,,,,,,,,,,,