"pitches","player_id","player_name","total_pitches","pitch_percent","ba","iso","babip","slg","woba","xwoba","xba","hits","abs","launch_speed","launch_angle","spin_rate","velocity","effective_speed","whiffs","swings","takes","eff_min_vel","release_extension","pos3_int_start_distance","pos4_int_start_distance","pos5_int_start_distance","pos6_int_start_distance","pos7_int_start_distance","pos8_int_start_distance","pos9_int_start_distance","pitcher_run_exp","run_exp","bat_speed","swing_length","miss_distance","pa","bip","singles","doubles","triples","hrs","so","k_percent","bb","bb_percent","api_break_z_with_gravity","api_break_z_induced","api_break_x_arm","api_break_x_batter_in","hyper_speed","bbdist","hardhit_percent","barrels_per_bbe_percent","barrels_per_pa_percent","release_pos_z","release_pos_x","plate_x","plate_z","obp","barrels_total","batter_run_value_per_100","xobp","xslg","pitcher_run_value_per_100","xbadiff","xobpdiff","xslgdiff","wobadiff","swing_miss_percent","arm_angle","attack_angle","attack_direction","swing_path_tilt","rate_ideal_attack_angle","intercept_ball_minus_batter_pos_x_inches","intercept_ball_minus_batter_pos_y_inches"
112,696270,"Johnson, Ryan",341,32.8,0.111,0.148,0.143,0.259,0.211,,,3,27,81.2,28.4,2461,91.3,91.39,22,63,49,0.10000000000000853,6.12,110,147,118,151,297,325,297,"1.478","-1.478",,,,30,15,1,1,0,1,12,40,2,6.7,"1.95","0.76","-0.16","0.06","89.9",159,13.333333333333334,0,0,6,-2.89,0.32,2.73,0.2,0,"-1.319642857",,,"1.319642857",,,,,34.9,,,,,,,
111,676440,"Bibee, Tanner",351,31.6,0.194,0.194,0.2,0.387,0.247,,,6,31,87.2,17.1,2665,85.6,85.98,23,61,50,0.4000000000000057,6.63,112,151,122,146,299,325,293,"1.262","-1.262",,,,31,22,4,0,0,2,9,29,0,0,"2.92","0.21","-0.63","-0.43","93.3",162,36.36363636363637,22.727272727272727,16.129032258064516,6.46,-2.1,0.71,1.88,0.194,5,"-1.136936937",,,"1.136936937",,,,,37.7,,,,,,,
102,593833,"Suero, Wander",136,75,0.115,0.077,0.167,0.192,0.151,,,3,26,82.7,26.5,2450,89.8,89.97,13,55,47,0.20000000000000284,6.42,109,151,121,149,296,315,287,"4.651","-4.651",,,,27,18,2,0,1,0,8,29.6,1,3.7,"1.59","1.24","0.16","0.01","89.9",203,35.294117647058826,0,0,5.19,-3.83,0.17,2.92,0.148,0,"-4.559803922",,,"4.559803922",,,,,23.6,,,,,,,
90,681867,"Criswell, Cooper",247,36.4,0.25,0.083,0.429,0.333,0.29,,,3,12,85.4,33.6,2227,87.6,88.4,14,38,52,0.8000000000000114,6.64,111,145,117,148,297,324,304,"0.476","-0.476",,,,13,7,2,1,0,0,5,38.5,0,0,"2.36","0.59","-0.04","0.01","89.6",126,14.285714285714285,0,0,4.96,-1.88,0.24,3.17,0.308,0,"-0.528888889",,,"0.528888889",,,,,36.8,,,,,,,
87,694477,"Patrick, Chad",263,33.1,0.381,0.286,0.438,0.667,0.478,,,8,21,91.7,23.8,2345,88.6,88.3,10,45,42,-0.29999999999999716,6.01,111,149,122,149,301,318,301,"-1.721","1.721",,,,24,17,4,3,0,1,4,16.7,3,12.5,"1.82","1.08","-0.21","-0.1","92.1",205,41.17647058823529,11.76470588235294,8.333333333333332,5.52,-1.23,0.32,2.76,0.458,2,"1.97816092",,,"-1.97816092",,,,,22.2,,,,,,,
79,693739,"Alberto, Alexander",136,58.1,0.45,0.1,0.529,0.55,0.481,,,9,20,90.5,-9.1,2080,97.5,98.94,7,34,45,1.4000000000000057,6.89,112,147,116,146,293,327,297,"-3.104","3.104",,,,24,17,7,2,0,0,3,12.5,4,16.7,"1.67","0.71","0.11","-0.07","92.9",123,52.94117647058824,0,0,5.55,-2.31,-0.02,2.4,0.542,0,"3.929113924",,,"-3.929113924",,,,,20.6,,,,,,,
78,641743,"Kay, Anthony",347,22.5,0.222,0.389,0.154,0.611,0.412,,,4,18,87.3,21.8,2434,90.3,89.98,6,39,39,-0.29999999999999716,5.89,101,148,118,143,302,331,301,"-0.999","0.999",,,,22,15,1,1,0,2,3,13.6,3,13.6,"2.3","0.47","-0.27","0.22","92.0",145,40,20,13.636363636363635,5.84,1.96,-0.84,2.58,0.364,3,"1.280769231",,,"-1.280769231",,,,,15.4,,,,,,,
75,677944,"Cecconi, Slade",259,29,0,0,0,0,0.05,,,0,13,84.9,1.1,2394,88.7,88.95,16,41,34,0.20000000000000284,6.33,112,150,124,147,299,323,294,"3.586","-3.586",,,,14,9,0,0,0,0,4,28.6,1,7.1,"2.46","0.43","-0.23","-0.11","90.3",125,22.22222222222222,0,0,5.9,-2.14,0.69,2.1,0.071,0,"-4.781333333",,,"4.781333333",,,,,39,,,,,,,
75,668933,"Ashcraft, Graham",128,58.6,0.214,0.143,0.3,0.357,0.324,,,3,14,96.5,12.5,2379,96.7,95.53,8,33,42,-1.2000000000000028,5.36,111,147,119,148,293,323,292,"0.46","-0.46",,,,17,10,1,2,0,0,4,23.5,3,17.6,"1.49","0.93","-0.04","0.01","92.8",128,50,10,5.88235294117647,6.63,-0.16,-0.03,2.68,0.353,1,"-0.613333333",,,"0.613333333",,,,,24.2,,,,,,,
74,682227,"Williamson, Brandon",247,30,0.308,0.231,0.429,0.538,0.409,,,4,13,85.5,36.1,2394,90.2,89.56,9,40,34,-0.6000000000000085,5.7,108,151,116,149,296,320,295,"-0.902","0.902",,,,15,8,3,0,0,1,5,33.3,1,6.7,"2.05","0.73","-0.23","0.07","90.2",138,50,0,0,6.54,1.06,-0.48,2.61,0.4,0,"1.218918919",,,"-1.218918919",,,,,22.5,,,,,,,
74,678368,"Bellozo, Valente",256,28.9,0.625,0.75,0.5,1.375,0.829,,,5,8,98.8,9.3,2366,86.8,86.39,8,38,36,-0.3999999999999915,5.88,111,148,117,148,298,320,292,"-1.968","1.968",,,,9,8,3,0,0,2,0,0,1,11.1,"2.16","0.85","-0.09","-0.04","92.5",166,71.42857142857143,14.285714285714285,11.11111111111111,5.92,-1.05,0.32,2.17,0.667,1,"2.659459459",,,"-2.659459459",,,,,21.1,,,,,,,
73,592155,"Booser, Cam",159,45.9,0.182,0.182,0.222,0.364,0.33,,,2,11,88.1,20.2,2084,86.8,87.18,10,33,40,0.4000000000000057,6.43,106,149,120,147,293,320,291,"1.473","-1.473",,,,14,9,0,2,0,0,2,14.3,3,21.4,"2.72","0.29","-0.29","0.04","91.1",172,33.33333333333333,0,0,5.69,2.63,-0.11,2.09,0.357,0,"-2.017808219",,,"2.017808219",,,,,30.3,,,,,,,
67,594835,"Gonzales, Marco",285,23.5,0.333,0.167,0.364,0.5,0.357,,,4,12,85.2,39.4,2090,86.8,87.03,5,28,39,0.20000000000000284,6.32,113,148,121,146,309,325,296,"-0.311","0.311",,,,14,11,2,2,0,0,2,14.3,1,7.1,"2.18","0.84","0.15","-0.08","91.9",193,36.36363636363637,0,0,5.46,2.17,-0.32,2.88,0.357,0,"0.464179104",,,"-0.464179104",,,,,17.9,,,,,,,
67,656876,"Rasmussen, Drew",214,31.3,0.259,0.074,0.318,0.333,0.258,,,7,27,86.7,5.6,2518,89.8,90.57,11,44,23,0.7999999999999972,6.46,111,150,117,148,288,319,290,"0.436","-0.436",,,,27,22,5,2,0,0,5,18.5,0,0,"2.29","0.51","-0.38","-0.11","91.9",150,27.27272727272727,4.545454545454546,3.7037037037037033,5.94,-2.03,0.35,2.09,0.259,1,"-0.650746269",,,"0.650746269",,,,,25,,,,,,,
65,650644,"Civale, Aaron",216,30.1,0.25,0.083,0.3,0.333,0.253,,,3,12,89.3,29.2,2629,87.9,87.05,7,32,33,-0.8000000000000114,5.5,115,150,119,149,300,322,295,"1.55","-1.55",,,,12,10,2,1,0,0,2,16.7,0,0,"2.13","0.8","-0.45","0.03","91.7",201,20,0,0,6.14,-0.69,0.21,2.88,0.25,0,"-2.384615385",,,"2.384615385",,,,,21.9,,,,,,,
64,702070,"Cameron, Noah",291,22,0.429,0.143,0.5,0.571,0.452,,,6,14,99.2,12.6,2326,88,88,5,30,34,0,6.25,107,149,121,147,297,315,293,"-0.515","0.515",,,,15,12,4,2,0,0,2,13.3,1,6.7,"2.35","0.59","-0.14","0.05","97.5",178,75,8.333333333333332,6.666666666666667,6.27,1.34,-0.22,2.59,0.467,1,"0.8046875",,,"-0.8046875",,,,,16.7,,,,,,,
63,671737,"Bradley, Taj",288,21.9,0.235,0,0.667,0.235,0.283,,,4,17,95.7,1,2162,89.1,89.39,15,33,30,0.30000000000001137,6.3,108,146,119,145,285,317,280,"0.098","-0.098",,,,20,6,4,0,0,0,11,55,3,15,"2.55","0.3","-0.46","-0.13","93.0",114,66.66666666666666,0,0,6.22,-1.22,-0.01,2.05,0.35,0,"-0.155555556",,,"0.155555556",,,,,45.5,,,,,,,
62,676979,"Crochet, Garrett",224,27.7,0.286,0,0.333,0.286,0.353,,,2,7,85.8,15.5,2506,90.5,91.44,14,28,34,0.9000000000000057,6.69,109,150,123,147,280,309,296,"1.437","-1.437",,,,9,6,2,0,0,0,1,11.1,2,22.2,"2.23","0.53","-0.26","0.14","92.2",119,33.33333333333333,0,0,6.25,2.32,0.03,2.5,0.444,0,"-2.317741935",,,"2.317741935",,,,,50,,,,,,,
60,681003,"Walling, Andrew",125,48,0.3,0,0.3,0.3,0.313,,,3,10,74.3,12.2,2219,90.5,90.97,6,26,34,0.5,6.46,104,144,114,143,278,306,280,"0.786","-0.786",,,,13,10,3,0,0,0,1,7.7,2,15.4,"2.23","0.54","-0.26","0","90.7",101,44.44444444444444,11.11111111111111,7.6923076923076925,5.54,2.67,-0.32,2.59,0.385,1,"-1.31",,,"1.31",,,,,23.1,,,,,,,
60,693313,"Seymour, Carson",198,30.3,0.222,0.111,0.286,0.333,0.239,,,2,9,83.8,20.3,2278,92.6,92.96,10,25,35,0.4000000000000057,6.45,114,148,114,151,303,327,304,"0.137","-0.137",,,,9,7,1,1,0,0,2,22.2,0,0,"2.24","0.41","0","-0.02","92.2",132,28.57142857142857,14.285714285714285,11.11111111111111,6.04,-1.19,0.59,2.31,0.222,1,"-0.228333333",,,"0.228333333",,,,,40,,,,,,,
57,656786,"Mushinski, Parker",165,34.5,0,0,0,0,0.14,,,0,8,68.6,3.3,2532,88.1,88.8,7,22,35,0.7000000000000028,6.44,108,149,121,147,298,317,292,"1.972","-1.972",,,,10,4,0,0,0,0,4,40,2,20,"2.23","0.68","-0.55","0.1","88.0",108,0,0,0,5.6,1.78,0.02,2.37,0.2,0,"-3.459649123",,,"3.459649123",,,,,31.8,,,,,,,
57,596295,"Gomber, Austin",228,25,0.333,0.083,0.333,0.417,0.38,,,4,12,83.9,-4.2,2253,87.5,88.18,1,26,31,0.7000000000000028,6.55,111,151,117,149,297,324,304,"-0.798","0.798",,,,14,12,3,1,0,0,0,0,2,14.3,"1.89","1.07","-0.18","0.09","91.2",97,41.66666666666667,0,0,6.79,1.68,-0.41,2.85,0.429,0,"1.4",,,"-1.4",,,,,3.8,,,,,,,
56,621237,"Alvarado, José",148,37.8,0.2,0.3,0.333,0.5,0.294,,,2,10,82.1,11.3,2174,91.6,92.41,15,25,31,0.8000000000000114,6.63,115,148,123,150,283,305,282,"0.025","-0.025",,,,10,4,1,0,0,1,6,60,0,0,"2.28","0.42","-0.15","0.05","91.0",104,50,0,0,6.6,1.44,-1,1.43,0.2,0,"-0.044642857",,,"0.044642857",,,,,60,,,,,,,
56,804267,"Thornton, Zac",116,48.3,0.182,0,0.2,0.182,0.148,,,2,11,89.2,1.3,2366,85.2,85.11,3,27,29,-0.10000000000000853,6.09,111,149,122,147,293,323,282,"1.523","-1.523",,,,12,10,2,0,0,0,2,16.7,0,0,"2.88","0.25","-0.41","0.12","91.4",101,30,0,0,5.99,2.37,-0.55,1.64,0.167,0,"-2.719642857",,,"2.719642857",,,,,11.1,,,,,,,
55,663562,"Davis, Noah",213,25.8,0.25,0.313,0.188,0.563,0.342,,,4,16,82,5.9,2129,88.8,87.89,3,31,24,-0.8999999999999915,5.56,110,148,118,148,291,318,286,"-0.363","0.363",,,,18,17,2,0,1,1,0,0,0,0,"2.33","0.55","-0.12","0.01","91.1",113,17.647058823529413,5.88235294117647,5.555555555555555,5.79,-2.11,0.26,2.73,0.278,1,"0.66",,,"-0.66",,,,,9.7,,,,,,,
54,607259,"Martinez, Nick",262,20.6,0.429,0.571,0.364,1,0.612,,,6,14,90.6,18,2297,88.8,88.51,1,28,26,-0.29999999999999716,5.92,109,147,119,148,315,320,293,"-3.757","3.757",,,,16,13,2,2,0,2,1,6.3,2,12.5,"1.98","0.89","-0.2","0.06","93.0",127,38.46153846153847,15.384615384615385,12.5,6.18,-1.87,0.28,2.21,0.5,2,"6.957407407",,,"-6.957407407",,,,,3.6,,,,,,,
54,686560,"Collyer, Gavin",157,34.4,0.375,0.188,0.4,0.563,0.464,,,6,16,86.7,7.9,2626,92.6,92.05,8,30,24,-0.5,6.05,108,148,116,148,302,320,304,"-0.676","0.676",,,,20,15,3,3,0,0,1,5,3,15,"2.28","0.39","0.1","0.01","93.1",162,33.33333333333333,20,15,5.09,-4.09,0.16,2.47,0.5,3,"1.251851852",,,"-1.251851852",,,,,26.7,,,,,,,
54,676106,"Hancock, Emerson",252,21.4,0.364,0.273,0.333,0.636,0.419,,,4,11,92.9,11.1,2301,87,86.61,5,20,34,-0.4000000000000057,5.87,116,145,114,147,297,320,303,"-1.338","1.338",,,,13,10,3,0,0,1,2,15.4,0,0,"2.64","0.36","-0.33","0.13","95.4",185,50,20,15.384615384615385,5.61,-2.59,0,2.11,0.385,2,"2.477777778",,,"-2.477777778",,,,,25,,,,,,,
53,544150,"Suárez, Albert",200,26.5,0.556,0.778,0.5,1.333,0.775,,,5,9,91.7,26.4,2151,85.4,86.19,11,27,26,0.7999999999999972,6.71,108,148,122,143,292,317,286,"-4.206","4.206",,,,11,8,2,1,0,2,1,9.1,2,18.2,"2.36","0.76","-0.13","-0.13","90.8",165,25,12.5,9.090909090909092,6.23,-1.48,0.59,1.99,0.636,1,"7.935849057",,,"-7.935849057",,,,,40.7,,,,,,,
53,692285,"Guerrero, Luis",171,31,0.571,0,0.8,0.571,0.508,,,4,7,82.5,26.6,2340,89.3,88.24,11,24,29,-1.0999999999999943,5.62,107,148,118,147,294,324,292,"-0.639","0.639",,,,7,5,4,0,0,0,2,28.6,0,0,"2.41","0.45","-0.07","-0.02","94.8",153,40,0,0,6.06,-1.54,0.49,1.76,0.571,0,"1.205660377",,,"-1.205660377",,,,,45.8,,,,,,,
53,672277,"Carlson, Sam",97,54.6,0.286,0,0.286,0.286,0.31,,,2,7,91,18.6,2369,87.6,89.36,6,30,23,1.8000000000000114,7.11,109,148,120,148,293,322,299,"0.896","-0.896",,,,8,7,2,0,0,0,0,0,1,12.5,"1.75","1.21","0.24","0.01","90.4",211,14.285714285714285,0,0,5.1,-2.83,-0.15,2.36,0.375,0,"-1.690566038",,,"1.690566038",,,,,20,,,,,,,
53,687765,"Spence, Mitch",108,49.1,0.294,0.412,0.2,0.706,0.42,,,5,17,90.1,10.4,2546,92.5,92.42,3,30,23,-0.09999999999999432,6.03,109,147,124,148,297,318,302,"-1.422","1.422",,,,17,17,2,1,0,2,0,0,0,0,"1.93","0.72","-0.17","0.03","93.3",159,52.94117647058824,17.647058823529413,17.647058823529413,6.1,-2.09,0.15,2.73,0.294,3,"2.683018868",,,"-2.683018868",,,,,10,,,,,,,
52,681190,"Vásquez, Randy",276,18.8,0.375,0.625,0.286,1,0.593,,,3,8,94.6,25.1,2731,89.9,89.62,5,24,28,-0.30000000000001137,5.83,116,149,120,150,299,325,301,"-1.694","1.694",,,,10,8,1,0,1,1,0,0,2,20,"2.24","0.55","-0.37","0.04","91.0",139,37.5,12.5,10,6.05,-2.08,0.46,2.43,0.5,1,"3.257692308",,,"-3.257692308",,,,,20.8,,,,,,,
52,592791,"Taillon, Jameson",267,19.5,0.385,0.692,0.2,1.077,0.621,,,5,13,93,30.8,2519,85.8,86.85,2,20,32,1.1000000000000085,6.74,109,151,116,150,303,328,297,"-3.286","3.286",,,,15,13,2,0,0,3,0,0,2,13.3,"2.45","0.62","-0.54","-0.18","95.2",219,46.15384615384615,23.076923076923077,20,6.07,-1.33,0.64,1.85,0.467,3,"6.319230769",,,"-6.319230769",,,,,10,,,,,,,
51,543135,"Eovaldi, Nathan",257,19.8,0.5,0.333,0.714,0.833,0.572,,,6,12,95.3,9.3,2213,91,92.09,10,30,21,1.0999999999999943,6.76,112,149,119,151,300,317,303,"-1.57","1.57",,,,12,8,4,1,0,1,4,33.3,0,0,"1.87","0.86","-0.09","-0.02","93.7",196,75,12.5,8.333333333333332,5.61,-2.42,0.31,2.95,0.5,1,"3.078431373",,,"-3.078431373",,,,,33.3,,,,,,,
51,663795,"Hagenman, Justin",136,37.5,0.444,0.778,0.333,1.222,0.694,,,4,9,96.3,33.1,2279,84.3,84.23,13,31,20,-0.09999999999999432,6.08,105,149,120,149,296,317,274,"-1.383","1.383",,,,10,8,1,1,0,2,1,10,1,10,"2.47","0.72","-0.06","-0.01","94.6",273,62.5,37.5,30,5.16,-3.34,0.3,2.26,0.5,3,"2.711764706",,,"-2.711764706",,,,,41.9,,,,,,,
50,700183,"Holub, Blake",90,55.6,0.077,0,0.143,0.077,0.113,,,1,13,87.3,24.4,2216,95.3,96.17,11,25,25,0.9000000000000057,6.76,112,151,120,149,297,316,292,"2.555","-2.555",,,,14,7,1,0,0,0,6,42.9,1,7.1,"1.02","1.49","0","0.06","89.9",210,28.57142857142857,0,0,6.75,-0.06,0.05,2.94,0.143,0,"-5.11",,,"5.11",,,,,44,,,,,,,
50,677161,"Kelly, Zack",131,38.2,0.3,0.1,0.429,0.4,0.37,,,3,10,93.9,8.4,2435,90.6,92.3,2,21,29,1.7000000000000028,7.17,117,148,121,150,279,308,297,"1.395","-1.395",,,,12,7,2,1,0,0,3,25,2,16.7,"2.18","0.59","-0.29","0.06","91.4",155,57.14285714285714,0,0,5.61,-3.19,-0.12,2.04,0.417,0,"-2.79",,,"2.79",,,,,9.5,,,,,,,
50,669704,"Strowd, Kade",176,28.4,0.571,0.143,0.8,0.714,0.602,,,4,7,83,3.4,2551,91.5,91.35,9,27,23,-0.09999999999999432,6.14,111,144,115,145,299,326,299,"-1.298","1.298",,,,10,5,3,1,0,0,2,20,3,30,"2.33","0.39","-0.27","0.01","90.4",148,60,0,0,5.71,-1.5,0.2,2.24,0.7,0,"2.596",,,"-2.596",,,,,33.3,,,,,,,
49,688297,"Roycroft, Chris",118,41.5,0.222,0.111,0.25,0.333,0.285,,,2,9,90.2,-1,2050,88.9,89.6,7,29,20,0.6999999999999886,6.74,103,146,115,144,288,318,292,"0.769","-0.769",,,,10,8,1,1,0,0,1,10,1,10,"2.67","0.22","-0.27","-0.04","91.1",101,50,0,0,5.34,-1.79,0.17,1.77,0.3,0,"-1.569387755",,,"1.569387755",,,,,24.1,,,,,,,
49,605135,"Bassitt, Chris",285,17.2,0,0,0,0,0.1,,,0,6,77.2,29.5,2123,88.5,88.9,6,26,23,0.4000000000000057,6.28,118,148,121,150,278,310,284,"1.013","-1.013",,,,7,4,0,0,0,0,2,28.6,1,14.3,"2.11","0.77","0.14","-0.07","88.5",190,25,0,0,5.45,-1.7,0.22,3.22,0.143,0,"-2.067346939",,,"2.067346939",,,,,23.1,,,,,,,
49,622088,"Antone, Tejay",161,30.4,0.143,0.071,0.182,0.214,0.154,,,2,14,79.3,-3.8,2663,91.7,91.66,9,23,26,0,6.14,107,146,116,148,295,323,301,"2.658","-2.658",,,,14,11,1,1,0,0,3,21.4,0,0,"1.89","0.81","0.06","-0.02","91.0",108,18.181818181818183,0,0,5.83,-1.85,0.59,2.34,0.143,0,"-5.424489796",,,"5.424489796",,,,,39.1,,,,,,,
48,664918,"Keller, Kyle",189,25.4,0.2,0,0.25,0.2,0.377,,,1,5,96.1,0,2305,91,91.13,7,27,21,0.09999999999999432,6.27,108,148,122,149,287,311,289,"0.156","-0.156",,,,8,4,1,0,0,0,1,12.5,2,25,"1.82","0.92","-0.3","0.05","90.6",114,75,0,0,6.33,-1.42,0.66,2.7,0.5,0,"-0.325",,,"0.325",,,,,25.9,,,,,,,
48,681544,"Olds, Wyatt",141,34,0.167,0.167,0.25,0.333,0.28,,,1,6,87.1,6.8,2396,89.2,89.81,9,19,29,0.5999999999999943,6.41,110,149,123,148,281,312,293,"0.328","-0.328",,,,7,4,0,1,0,0,2,28.6,1,14.3,"2.29","0.55","-0.28","-0.02","89.3",131,25,25,14.285714285714285,5.53,-2.36,0.31,2.16,0.286,1,"-0.683333333",,,"0.683333333",,,,,47.4,,,,,,,
48,664208,"Maton, Phil",113,42.5,0,0,0,0,0.107,,,0,11,92.7,29.3,2538,89.8,91.49,2,22,26,1.7000000000000028,6.99,111,150,117,151,293,329,301,"2.36","-2.36",,,,13,9,0,0,0,0,2,15.4,2,15.4,"1.88","0.91","-0.17","-0.02","91.9",202,44.44444444444444,11.11111111111111,7.6923076923076925,5.09,-1.33,0.41,2.64,0.154,1,"-4.916666667",,,"4.916666667",,,,,9.1,,,,,,,
48,678394,"Bello, Brayan",215,22.3,0.5,0.4,0.444,0.9,0.556,,,5,10,89.3,20.8,2395,87,87.29,9,26,22,0.29999999999999716,6.26,112,148,122,150,289,316,298,"-1.145","1.145",,,,12,10,3,1,0,1,1,8.3,1,8.3,"2.81","0.18","-0.01","0","94.1",204,40,20,16.666666666666664,5.81,-1.5,0.01,1.87,0.5,2,"2.385416667",,,"-2.385416667",,,,,34.6,,,,,,,
48,686580,"Slaten, Justin",113,42.5,0.222,0.222,0.25,0.444,0.353,,,2,9,97,12.8,2469,91.3,92.27,4,22,26,1,6.61,109,149,127,148,277,308,298,"0.197","-0.197",,,,11,8,1,0,1,0,1,9.1,2,18.2,"2.13","0.58","-0.36","0.05","95.1",164,75,25,18.181818181818183,6.14,-1.15,-0.21,2.24,0.364,2,"-0.410416667",,,"0.410416667",,,,,18.2,,,,,,,
47,605242,"Fulmer, Michael",180,26.1,0.2,0,0.2,0.2,0.178,,,1,5,88.8,9,2464,87,87.71,5,17,30,0.7000000000000028,6.58,111,149,118,150,298,324,306,"0.636","-0.636",,,,6,5,1,0,0,0,0,0,0,0,"2.59","0.4","-0.42","0.06","91.6",172,20,20,16.666666666666664,6.05,-2.44,0.19,2.7,0.2,1,"-1.353191489",,,"1.353191489",,,,,29.4,,,,,,,
47,693645,"Schlittler, Cam",147,32,0.091,0,0.143,0.091,0.081,,,1,11,80.3,-3.6,2442,94.7,95.29,7,28,19,0.5999999999999943,6.51,117,150,123,151,280,323,290,"2.851","-2.851",,,,11,7,1,0,0,0,4,36.4,0,0,"1.66","0.87","-0.5","0.28","90.4",145,42.857142857142854,0,0,6.38,-1.7,0.32,2.53,0.091,0,"-6.065957447",,,"6.065957447",,,,,25,,,,,,,
47,682077,"Mosser, Gabe",173,27.2,0.5,0.417,0.455,0.917,0.622,,,6,12,90,22.3,2584,88.4,89.11,5,23,24,0.6999999999999886,6.56,111,144,112,148,288,318,296,"-2.053","2.053",,,,15,12,3,2,0,1,0,0,3,20,"2.09","0.81","-0.06","0.01","93.9",216,33.33333333333333,16.666666666666664,13.333333333333334,5.92,-2.72,0.23,2.81,0.6,2,"4.368085106",,,"-4.368085106",,,,,21.7,,,,,,,
46,621112,"Blackburn, Paul",228,20.2,0.75,0.5,1,1.25,0.822,,,3,4,102.2,10.7,2514,90.2,90.25,5,29,17,0,6.18,120,148,121,153,282,309,282,"-0.963","0.963",,,,5,3,1,2,0,0,1,20,1,20,"2.25","0.54","-0.39","0.28","92.7",121,66.66666666666666,33.33333333333333,20,5.96,-2.17,0.37,2.25,0.8,1,"2.093478261",,,"-2.093478261",,,,,17.2,,,,,,,
46,624522,"Thompson, Keegan",203,22.7,0.357,0.286,0.308,0.643,0.461,,,5,14,86.9,12.6,2669,88.2,87.84,6,23,23,-0.4000000000000057,5.83,111,151,114,148,293,313,292,"-2.521","2.521",,,,16,14,3,1,0,1,0,0,2,12.5,"2.38","0.52","-0.42","-0.14","91.8",167,28.57142857142857,7.142857142857142,6.25,5.97,-1.61,0.47,2.18,0.438,1,"5.480434783",,,"-5.480434783",,,,,26.1,,,,,,,
46,641585,"France, J.P.",189,24.3,0.133,0.133,0.154,0.267,0.158,,,2,15,90.8,26.2,2746,86,86.31,6,28,18,0.29999999999999716,6.11,110,148,119,147,297,315,270,"2.808","-2.808",,,,16,13,0,2,0,0,3,18.8,0,0,"2.57","0.48","-0.43","-0.3","91.2",129,38.46153846153847,7.6923076923076925,6.25,5.41,-1.69,0.49,2.55,0.125,1,"-6.104347826",,,"6.104347826",,,,,21.4,,,,,,,
45,676508,"Casparius, Ben",142,31.7,0,0,0,0,0.15,,,0,11,89.4,13.1,2711,92.3,91.85,7,23,22,-0.5,5.83,107,149,124,150,293,317,294,"2.157","-2.157",,,,14,8,0,0,0,0,3,21.4,3,21.4,"1.81","0.85","-0.46","0.05","92.2",144,50,25,14.285714285714285,6.18,-0.74,0.54,2.45,0.214,2,"-4.793333333",,,"4.793333333",,,,,30.4,,,,,,,
45,689254,"Fluharty, Mason",87,51.7,0.182,0,0.333,0.182,0.148,,,2,11,90.8,24.4,2640,90.9,91.74,11,28,17,0.7999999999999972,6.59,118,149,119,148,289,321,292,"2.112","-2.112",,,,12,6,2,0,0,0,6,50,0,0,"1.79","0.95","-0.2","0.03","89.5",181,20,0,0,5.84,3.64,-0.16,2.87,0.167,0,"-4.693333333",,,"4.693333333",,,,,39.3,,,,,,,
45,669372,"Ginn, J.T.",268,16.8,0.25,0.75,0,1,0.555,,,2,8,93.1,39.8,2101,90.5,91.14,4,17,28,0.5999999999999943,6.5,102,144,113,146,294,322,297,"-2.16","2.16",,,,10,6,0,0,0,2,2,20,0,0,"2.16","0.6","-0.05","0.01","91.4",193,50,33.33333333333333,20,5.35,-1.45,0.53,2.88,0.4,2,"4.8",,,"-4.8",,,,,23.5,,,,,,,
45,680232,"Wolf, Jackson",178,25.3,0.167,0,0.167,0.167,0.286,,,1,6,83.4,45.2,2225,84,85.53,2,13,32,1.5,7.07,111,149,122,148,298,326,292,"0.627","-0.627",,,,8,6,1,0,0,0,0,0,2,25,"2.71","0.51","-0.43","0.17","92.3",158,16.666666666666664,0,0,5.28,3.38,0.2,2.36,0.375,0,"-1.393333333",,,"1.393333333",,,,,15.4,,,,,,,
44,671106,"Allen, Logan",236,18.6,0.5,0.2,0.625,0.7,0.535,,,5,10,83.1,2,2219,85.9,86.05,4,22,22,0.09999999999999432,6.16,111,148,120,145,297,321,297,"-1.987","1.987",,,,11,8,3,2,0,0,2,18.2,1,9.1,"2.45","0.62","-0.36","0.11","91.6",139,37.5,12.5,9.090909090909092,5.57,2.31,-0.26,2.66,0.545,1,"4.515909091",,,"-4.515909091",,,,,18.2,,,,,,,
44,685112,"McCambley, Zach",132,33.3,0.375,0,0.429,0.375,0.374,,,3,8,92.6,20.4,2660,88.1,87.4,7,23,21,-0.6999999999999886,5.85,112,147,118,147,284,309,285,"-0.018","0.018",,,,9,7,3,0,0,0,1,11.1,1,11.1,"2.54","0.4","-0.26","0.05","91.0",127,28.57142857142857,0,0,5.85,-1.37,-0.17,2.21,0.444,0,"0.040909091",,,"-0.040909091",,,,,30.4,,,,,,,
44,642232,"Yarbrough, Ryan",133,33.1,0.286,0.286,0.333,0.571,0.315,,,2,7,83.5,17,2060,84.6,84.23,3,19,25,-0.3999999999999915,5.99,107,149,125,146,290,325,289,"0.187","-0.187",,,,8,6,0,2,0,0,2,25,0,0,"2.38","0.8","0.11","-0.11","89.1",153,16.666666666666664,0,0,5.18,3.21,-0.33,3.16,0.25,0,"-0.425",,,"0.425",,,,,15.8,,,,,,,
44,669270,"Kuhnel, Joel",185,23.8,0.375,0.25,0.5,0.625,0.379,,,3,8,93.5,10.5,2363,91.3,92.43,8,22,22,1.1000000000000085,6.75,111,147,113,148,294,318,296,"-0.176","0.176",,,,9,6,1,2,0,0,3,33.3,0,0,"2.38","0.33","-0.24","0.06","93.7",134,66.66666666666666,33.33333333333333,22.22222222222222,6.04,-1.7,0.41,1.96,0.333,2,"0.4",,,"-0.4",,,,,36.4,,,,,,,
44,605182,"Clevinger, Mike",288,15.3,0.4,0.5,0.5,0.9,0.583,,,4,10,88.8,11.1,2483,88.4,88.97,11,28,16,0.7000000000000028,6.51,111,150,120,149,296,316,285,"-2.146","2.146",,,,13,7,1,2,0,1,3,23.1,2,15.4,"2.6","0.3","-0.33","-0.15","91.0",145,42.857142857142854,14.285714285714285,7.6923076923076925,5.71,-1.63,0.07,2.06,0.538,1,"4.877272727",,,"-4.877272727",,,,,39.3,,,,,,,
43,805345,"Harris, Trent",86,50,0.538,0.538,0.556,1.077,0.686,,,7,13,94.3,19.1,2255,92.9,93.82,2,19,24,0.8999999999999915,6.8,109,145,116,147,312,330,295,"-3.243","3.243",,,,14,11,4,1,0,2,2,14.3,1,7.1,"1.43","1.21","-0.12","0.02","95.7",173,63.63636363636363,18.181818181818183,14.285714285714285,6.02,-0.62,0.03,2.75,0.571,2,"7.541860465",,,"-7.541860465",,,,,10.5,,,,,,,
43,679029,"Vásquez, Samuel",95,45.3,0,0,0,0,0,,,0,7,94.1,37,2123,87.5,87.45,12,21,22,0,6.13,112,147,126,149,286,321,286,"1.629","-1.629",,,,7,4,0,0,0,0,3,42.9,0,0,"2.52","0.44","-0.2","-0.07","92.1",202,25,0,0,5.88,-1.56,0.46,1.77,0,0,"-3.788372093",,,"3.788372093",,,,,57.1,,,,,,,
42,834575,"Stull, Eston",115,36.5,0.375,0.125,0.429,0.5,0.443,,,3,8,93.4,24.6,2503,87.3,87.71,3,21,21,0.4000000000000057,6.41,103,145,120,143,289,318,273,"-0.829","0.829",,,,10,7,2,1,0,0,1,10,2,20,"2.63","0.34","-0.27","-0.15","91.6",160,57.14285714285714,14.285714285714285,10,6.02,-0.78,-0.07,2.64,0.5,1,"1.973809524",,,"-1.973809524",,,,,14.3,,,,,,,
42,669060,"Wilson, Bryse",148,28.4,0.143,0.429,0,0.571,0.292,,,1,7,84.1,19,1941,88.8,89.44,3,17,25,0.6000000000000085,6.51,108,148,117,146,283,304,283,"-0.254","0.254",,,,7,7,0,0,0,1,0,0,0,0,"2.02","0.85","0.08","0.03","89.5",180,14.285714285714285,14.285714285714285,14.285714285714285,5.91,-2.9,-0.09,2.48,0.143,1,"0.604761905",,,"-0.604761905",,,,,17.6,,,,,,,
42,445276,"Jansen, Kenley",61,68.9,0.167,0,0.167,0.167,0.227,,,1,6,95,23.8,2626,91.4,92.1,5,24,18,0.6999999999999886,6.85,118,151,127,148,289,321,287,"0.656","-0.656",,,,7,6,1,0,0,0,0,0,1,14.3,"1.29","1.45","-0.46","-0.09","90.9",189,33.33333333333333,0,0,6.54,-1.92,0.12,2.78,0.286,0,"-1.561904762",,,"1.561904762",,,,,20.8,,,,,,,
41,687134,"Blalock, Bradley",95,43.2,0.4,0.6,0.286,1,0.597,,,4,10,93.2,3.1,2290,90.4,90.89,2,23,18,0.5,6.41,110,148,117,145,301,319,285,"-3.739","3.739",,,,11,9,2,0,0,2,1,9.1,1,9.1,"2.09","0.69","-0.34","-0.25","94.1",138,55.55555555555556,11.11111111111111,9.090909090909092,6.35,-1.35,0.17,1.91,0.455,1,"9.119512195",,,"-9.119512195",,,,,8.7,,,,,,,
41,668909,"Williams, Gavin",282,14.5,0.5,0.5,0.4,1,0.638,,,3,6,81.7,11.8,2186,90.8,91.7,5,22,19,0.9000000000000057,6.86,109,145,114,145,293,323,294,"-0.737","0.737",,,,6,6,2,0,0,1,0,0,0,0,"2.18","0.58","0.19","-0.07","90.5",105,16.666666666666664,0,0,5.78,-3.1,0.6,2.44,0.5,0,"1.797560976",,,"-1.797560976",,,,,22.7,,,,,,,
41,666768,"Pilar, Anderson",92,44.6,0.417,0.25,0.5,0.667,0.467,,,5,12,85.4,20.3,2499,92.7,92.95,6,22,19,0.29999999999999716,6.39,111,145,117,146,296,323,292,"-0.145","0.145",,,,12,9,4,0,0,1,3,25,0,0,"1.99","0.66","0.07","-0.06","92.5",213,11.11111111111111,0,0,5.58,-2.06,0.11,2.68,0.417,0,"0.353658537",,,"-0.353658537",,,,,27.3,,,,,,,
41,688642,"Agnos, Zach",142,28.9,0.167,0.5,0,0.667,0.341,,,1,6,90.1,26.6,2308,92.3,92,7,18,23,-0.29999999999999716,5.98,116,150,115,149,301,322,301,"0.869","-0.869",,,,6,5,0,0,0,1,1,16.7,0,0,"1.83","0.83","-0.07","0","90.7",196,20,20,16.666666666666664,5.86,-1.78,0.5,2.21,0.167,1,"-2.119512195",,,"2.119512195",,,,,38.9,,,,,,,
40,801139,"Tolle, Payton",155,25.8,0.091,0.091,0.1,0.182,0.115,,,1,11,82.7,14.3,2349,89.6,91.72,7,27,13,2.1000000000000085,7.33,102,147,122,146,280,309,291,"2.452","-2.452",,,,11,10,0,1,0,0,1,9.1,0,0,"2.14","0.68","-0.3","0.22","91.5",104,20,0,0,5.58,2.59,-0.27,2.08,0.091,0,"-6.13",,,"6.13",,,,,25.9,,,,,,,
40,675660,"Drohan, Shane",218,18.3,0.333,0.25,0.273,0.583,0.393,,,4,12,96.6,20.8,2600,89.6,89.71,2,21,19,0.10000000000000853,5.99,108,150,116,147,298,315,291,"0.154","-0.154",,,,12,12,3,0,0,1,0,0,0,0,"1.92","0.89","-0.04","-0.01","94.8",164,58.333333333333336,8.333333333333332,8.333333333333332,5.63,1.54,-0.35,2.52,0.333,1,"-0.385",,,"0.385",,,,,9.5,,,,,,,
40,642152,"Trivino III, Lou",180,22.2,0,0,0,0,0.174,,,0,6,82.4,7,2440,90.2,90.16,4,15,25,0,6.22,110,145,118,145,286,315,287,"0.727","-0.727",,,,8,5,0,0,0,0,1,12.5,2,25,"2.13","0.67","-0.11","0.02","90.3",168,20,20,12.5,6.24,-1.21,0.76,2.1,0.25,1,"-1.8175",,,"1.8175",,,,,26.7,,,,,,,
40,663767,"Shugart, Chase",174,23,0.333,0.111,0.375,0.444,0.374,,,3,9,92.9,8.5,2287,90,90.23,6,19,21,0.20000000000000284,6.23,109,146,114,146,282,310,286,"-0.893","0.893",,,,10,8,2,1,0,0,1,10,1,10,"1.98","0.81","-0.12","-0.02","92.0",167,50,0,0,5.44,-1.95,0.12,2.59,0.4,0,"2.2325",,,"-2.2325",,,,,31.6,,,,,,,
40,573124,"Rogers, Taylor",130,30.8,0.167,0,0.2,0.167,0.286,,,1,6,88.1,14.6,2238,86.4,85.44,5,17,23,-1,5.51,109,150,118,148,286,316,276,"0.089","-0.089",,,,8,5,1,0,0,0,1,12.5,2,25,"2.46","0.58","0.12","-0.13","90.5",101,20,0,0,5.64,2.07,-0.12,2.6,0.375,0,"-0.2225",,,"0.2225",,,,,29.4,,,,,,,
40,689266,"Dodd, Dylan",154,26,0.417,0.083,0.455,0.5,0.402,,,5,12,86.2,14.5,2025,86.6,86.85,7,25,15,0.20000000000000284,6.35,114,151,126,149,307,321,294,"-0.123","0.123",,,,12,11,4,1,0,0,1,8.3,0,0,"2.6","0.43","0.13","-0.02","92.2",181,18.181818181818183,0,0,5.86,2.89,-0.15,2.05,0.417,0,"0.3075",,,"-0.3075",,,,,28,,,,,,,
40,527048,"Pérez, Martín",185,21.6,0.429,0.571,0.4,1,0.6,,,3,7,92.8,25.2,2236,86.6,86.67,3,16,24,0.10000000000000853,6.14,112,151,122,147,300,320,288,"-1.468","1.468",,,,7,6,1,1,0,1,1,14.3,0,0,"2.16","0.86","-0.08","0.08","94.0",202,50,16.666666666666664,14.285714285714285,5.69,1.22,-0.22,2.44,0.429,1,"3.67",,,"-3.67",,,,,18.8,,,,,,,
39,702352,"Bivens, Spencer",176,22.2,0.25,0,0.4,0.25,0.317,,,2,8,96,-3.8,2085,89.2,89.62,6,16,23,0.3999999999999915,6.36,113,148,118,150,302,329,303,"0.587","-0.587",,,,10,5,2,0,0,0,3,30,2,20,"2.31","0.53","-0.21","0.08","95.9",106,80,0,0,5.92,-2.22,0.09,2.26,0.4,0,"-1.505128205",,,"1.505128205",,,,,37.5,,,,,,,
39,670245,"Watson, Ryan",202,19.3,0.2,0.4,0.25,0.6,0.319,,,1,5,85.7,22.5,2189,90.1,91.55,4,19,20,1.5,7.01,107,148,126,148,288,310,289,"0.573","-0.573",,,,5,4,0,0,1,0,1,20,0,0,"2.11","0.68","-0.04","0.03","94.0",144,50,0,0,5.54,-1.21,0.51,2.38,0.2,0,"-1.469230769",,,"1.469230769",,,,,21.1,,,,,,,
39,805673,"Matthews, Zebby",200,19.5,0.143,0,0.143,0.143,0.254,,,1,7,92,-12.6,2297,90.3,90.59,6,23,16,0.29999999999999716,6.36,115,147,122,148,291,321,290,"0.731","-0.731",,,,9,7,1,0,0,0,0,0,2,22.2,"2.06","0.73","-0.17","0.01","92.9",112,42.857142857142854,0,0,5.91,-1.96,0.39,2.09,0.333,0,"-1.874358974",,,"1.874358974",,,,,26.1,,,,,,,
39,621111,"Buehler, Walker",271,14.4,0.214,0.071,0.214,0.286,0.217,,,3,14,85.3,5.1,2361,89.1,89.67,5,24,15,0.6000000000000085,6.33,116,147,122,152,296,322,299,"1.509","-1.509",,,,14,14,2,1,0,0,0,0,0,0,"2","0.84","-0.39","0.15","92.3",108,21.428571428571427,0,0,5.72,-1.06,0.36,2.7,0.214,0,"-3.869230769",,,"3.869230769",,,,,20.8,,,,,,,
38,686993,"Sterner, Justin",108,35.2,0.333,0.167,0.286,0.5,0.355,,,2,6,90.3,29.9,2592,88.1,88.69,5,20,18,0.6000000000000085,6.5,103,141,113,141,296,321,292,"-0.106","0.106",,,,10,7,1,1,0,0,1,10,2,20,"2.46","0.46","-0.42","0.11","92.5",192,28.57142857142857,0,0,5.35,-3,0.36,2.69,0.4,0,"0.278947368",,,"-0.278947368",,,,,25,,,,,,,
38,687075,"Sproat, Brandon",209,18.2,0.4,0,0.4,0.4,0.413,,,2,5,95.1,27.8,2169,94.3,94.65,6,19,19,0.4000000000000057,6.26,108,148,118,149,299,318,298,"0.602","-0.602",,,,6,5,2,0,0,0,0,0,1,16.7,"1.76","0.78","-0.03","-0.01","91.1",182,40,20,16.666666666666664,5.57,-2.25,0.16,2.44,0.5,1,"-1.584210526",,,"1.584210526",,,,,31.6,,,,,,,
38,668390,"Winn, Cole",135,28.1,0.286,0.214,0.364,0.5,0.355,,,4,14,98.7,20.6,2431,89.7,90.72,9,25,13,1,6.73,107,144,112,146,303,318,305,"0.722","-0.722",,,,15,11,2,1,1,0,3,20,1,6.7,"2.24","0.58","-0.13","-0.01","95.8",156,60,0,0,5.41,-2.06,0.18,2.23,0.333,0,"-1.9",,,"1.9",,,,,36,,,,,,,
38,608331,"Fried, Max",223,17,0.375,0,0.375,0.375,0.334,,,3,8,89.1,10,2156,92.1,92.01,3,22,16,-0.09999999999999432,6.16,102,149,130,147,297,323,271,"0.81","-0.81",,,,8,8,3,0,0,0,0,0,0,0,"2.05","0.63","-0.02","0.03","91.6",145,37.5,0,0,5.91,1.24,-0.3,2.74,0.375,0,"-2.131578947",,,"2.131578947",,,,,13.6,,,,,,,
38,663465,"Allard, Kolby",201,18.9,0,0,0,0,0,,,0,6,95,-1,2089,84.9,85,4,21,17,0.09999999999999432,6.14,112,151,119,147,297,324,297,"2.289","-2.289",,,,6,4,0,0,0,0,2,33.3,0,0,"2.72","0.42","-0.42","0.19","91.6",114,50,0,0,5.56,2.16,-0.42,2.54,0,0,"-6.023684211",,,"6.023684211",,,,,19,,,,,,,
38,663436,"Martin, Davis",254,15,0,0,0,0,0.14,,,0,8,84.2,15.5,2488,89.5,89.81,5,17,21,0.29999999999999716,6.31,110,145,113,146,302,327,303,"1.262","-1.262",,,,10,4,0,0,0,0,4,40,2,20,"2.2","0.63","-0.27","0.08","90.1",93,0,0,0,5.95,-2.07,0.39,2.56,0.2,0,"-3.321052632",,,"3.321052632",,,,,29.4,,,,,,,
38,657649,"Koenig, Jared",134,28.4,0.4,0.4,0.5,0.8,0.504,,,2,5,96.4,-2.5,2464,90.7,90.8,4,19,19,0.09999999999999432,6.09,105,151,116,150,296,315,294,"-0.759","0.759",,,,5,4,0,2,0,0,1,20,0,0,"2.03","0.72","-0.14","0.06","92.9",129,75,0,0,6,2.4,-0.56,2.27,0.4,0,"1.997368421",,,"-1.997368421",,,,,21.1,,,,,,,
37,607067,"Rea, Colin",339,10.9,0.125,0.375,0,0.5,0.308,,,1,8,84.1,15.9,2185,87.9,88.59,4,16,21,0.6999999999999886,6.65,113,148,115,152,296,331,304,"-1.407","1.407",,,,9,8,0,0,0,1,0,0,0,0,"2.33","0.61","-0.31","0.22","91.7",103,25,0,0,5.56,-1.61,0.7,2.29,0.222,0,"3.802702703",,,"-3.802702703",,,,,25,,,,,,,
37,455119,"Martin, Chris",92,40.2,0.25,0.125,0.286,0.375,0.316,,,2,8,90.4,8.3,2284,90.7,91.12,5,18,19,0.3999999999999915,6.4,113,144,111,148,304,323,307,"0.761","-0.761",,,,9,7,1,1,0,0,1,11.1,1,11.1,"1.99","0.76","-0.14","0.04","91.9",182,28.57142857142857,0,0,6.23,-2.92,0,2.99,0.333,0,"-2.056756757",,,"2.056756757",,,,,27.8,,,,,,,
36,688107,"Gasser, Robert",205,17.6,0.167,0,0.25,0.167,0.29,,,1,6,79.6,1.5,2323,88.7,89.77,8,17,19,1.0999999999999943,6.72,112,150,116,149,291,313,294,"0.622","-0.622",,,,8,4,1,0,0,0,2,25,1,12.5,"2.32","0.56","-0.21","0.06","90.7",88,25,0,0,5.25,2.37,-0.4,2.34,0.375,0,"-1.727777778",,,"1.727777778",,,,,47.1,,,,,,,
36,682610,"Muñoz, Roddery",165,21.8,0.125,0.125,0.167,0.25,0.266,,,1,8,94.8,8.6,2365,91,90.8,8,17,19,-0.20000000000000284,6.04,112,148,118,150,298,320,293,"1.252","-1.252",,,,10,6,0,1,0,0,2,20,2,20,"2.13","0.61","0","-0.03","93.8",163,40,0,0,5.54,-1.92,0.53,2.4,0.3,0,"-3.477777778",,,"3.477777778",,,,,47.1,,,,,,,
35,663978,"Paddack, Chris",200,17.5,0.5,0.25,0.5,0.75,0.537,,,2,4,96.6,3.3,1984,87.3,88.28,6,22,13,1,6.73,111,146,120,147,287,316,287,"-0.161","0.161",,,,4,4,1,1,0,0,0,0,0,0,"2.28","0.7","-0.16","0.01","93.1",130,50,25,25,6.23,-2.06,0.47,2.18,0.5,1,"0.46",,,"-0.46",,,,,27.3,,,,,,,
35,621097,"Waguespack, Jacob",110,31.8,0.091,0.091,0.083,0.182,0.151,,,1,11,84.9,23.7,2038,85.4,86.47,3,18,17,1.0999999999999943,6.85,112,148,117,148,299,321,292,"2.259","-2.259",,,,13,12,0,1,0,0,0,0,1,7.7,"2.75","0.37","-0.45","-0.03","94.6",137,50,16.666666666666664,15.384615384615385,6.48,-0.46,0.22,1.87,0.154,2,"-6.454285714",,,"6.454285714",,,,,16.7,,,,,,,
35,607536,"Freeland, Kyle",140,25,0.444,0.556,0.429,1,0.606,,,4,9,97.3,28,2387,88.3,88.67,3,22,13,0.4000000000000057,6.43,111,150,116,146,295,321,256,"-1.818","1.818",,,,9,8,1,2,0,1,1,11.1,0,0,"2.24","0.67","-0.16","0.13","93.2",171,75,37.5,33.33333333333333,5.81,2.83,-0.19,2.55,0.444,3,"5.194285714",,,"-5.194285714",,,,,13.6,,,,,,,
34,681806,"Wantz, Andrew",105,32.4,0,0,0,0,0.087,,,0,7,80.6,23.4,2563,88.2,88.05,4,16,18,-0.10000000000000853,6.01,101,146,121,148,294,314,292,"1.658","-1.658",,,,8,7,0,0,0,0,0,0,1,12.5,"2.41","0.51","-0.38","0.11","89.1",129,14.285714285714285,0,0,6.08,-1.88,0.37,2.67,0.125,0,"-4.876470588",,,"4.876470588",,,,,25,,,,,,,
34,804636,"Tong, Jonah",129,26.4,0.4,0.6,0.25,1,0.587,,,2,5,83.6,9.6,2129,90.6,90.87,1,14,20,0.30000000000001137,6.51,112,145,117,144,295,316,291,"-0.618","0.618",,,,5,5,1,0,0,1,0,0,0,0,"1.79","1","-0.25","0.03","91.6",150,20,20,20,5.92,-3,0.19,2.53,0.4,1,"1.817647059",,,"-1.817647059",,,,,7.1,,,,,,,
34,681799,"Roberts, Ethan",91,37.4,0,0,0,0,0,,,0,10,79.8,-4.7,2792,93.9,94.17,3,12,22,0.29999999999999716,6.3,107,152,120,151,299,326,299,"2.868","-2.868",,,,10,6,0,0,0,0,4,40,0,0,"1.34","1.23","0.07","0.07","91.6",121,33.33333333333333,0,0,5.35,-1.42,0,2.6,0,0,"-8.435294118",,,"8.435294118",,,,,25,,,,,,,
34,801434,"Gervase, Paul",150,22.7,0.4,0.6,0.25,1,0.587,,,2,5,74.7,-0.8,2273,90,92.51,3,15,19,2.5,7.63,110,149,117,149,293,331,298,"0.003","-0.003",,,,5,5,1,0,0,1,0,0,0,0,"1.91","0.89","-0.19","0.14","89.5",168,20,20,20,5.78,-2.46,0.34,2.46,0.4,1,"-0.008823529",,,"0.008823529",,,,,20,,,,,,,
34,700413,"Uberstine, Tyler",138,24.6,0.333,0.333,0.333,0.667,0.42,,,1,3,93.2,49,2325,87.8,87.89,3,19,15,0.10000000000000853,6.19,114,142,121,147,297,309,289,"0.338","-0.338",,,,3,3,0,1,0,0,0,0,0,0,"2.31","0.64","-0.09","0.1","93.2",200,33.33333333333333,0,0,5.24,-1.75,-0.06,2.28,0.333,0,"-0.994117647",,,"0.994117647",,,,,15.8,,,,,,,
34,543243,"Gray, Sonny",238,14.3,0.286,0.429,0.167,0.714,0.42,,,2,7,80.6,-2,2584,89,89.87,2,17,17,0.9000000000000057,6.52,105,148,118,145,287,312,293,"0.187","-0.187",,,,7,7,1,0,0,1,0,0,0,0,"2.46","0.39","-0.31","-0.2","89.9",84,28.57142857142857,14.285714285714285,14.285714285714285,5.63,-0.87,0.89,1.93,0.286,1,"-0.55",,,"0.55",,,,,11.8,,,,,,,
34,669302,"Gilbert, Logan",196,17.3,0.4,0.2,0.4,0.6,0.475,,,2,5,83.3,13.8,2289,91.1,93.5,7,18,16,2.4000000000000057,7.39,109,142,115,143,293,327,298,"0.499","-0.499",,,,6,5,1,1,0,0,0,0,1,16.7,"1.95","0.76","-0.31","-0.03","90.8",167,40,0,0,6.21,-0.93,0.05,2.53,0.5,0,"-1.467647059",,,"1.467647059",,,,,38.9,,,,,,,
34,595928,"Curtiss, John",139,24.5,0,0,0,0,0.238,,,0,4,90.3,42.3,2526,88.3,88.66,3,16,18,0.4000000000000057,6.3,111,148,123,151,296,321,306,"0.831","-0.831",,,,6,4,0,0,0,0,0,0,1,16.7,"2.19","0.72","-0.21","0.07","93.0",191,50,0,0,6.22,-2.67,0.38,2.42,0.333,0,"-2.444117647",,,"2.444117647",,,,,18.8,,,,,,,
34,608379,"Wacha, Michael",284,12,0.182,0.091,0.222,0.273,0.195,,,2,11,93.7,15.3,2149,88.4,89.3,6,20,14,0.8999999999999915,6.72,107,147,121,148,293,322,293,"1.405","-1.405",,,,11,9,1,1,0,0,2,18.2,0,0,"2.1","0.81","-0.17","0.04","95.9",211,44.44444444444444,22.22222222222222,18.181818181818183,6.4,-2.17,0.32,2.19,0.182,2,"-4.132352941",,,"4.132352941",,,,,30,,,,,,,
33,692230,"Rodriguez, Carlos",159,20.8,0.4,0.6,0.5,1,0.606,,,2,5,86.9,0,2181,90,90.07,4,10,23,0.09999999999999432,6.04,114,147,120,148,300,320,296,"-2.754","2.754",,,,6,3,1,0,0,1,2,33.3,1,16.7,"2.02","0.76","-0.15","-0.09","91.6",111,66.66666666666666,33.33333333333333,16.666666666666664,5.99,-1.31,0.08,2.3,0.5,1,"8.345454545",,,"-8.345454545",,,,,40,,,,,,,
33,689520,"Laweryson, Cody",113,29.2,0.333,0.111,0.375,0.444,0.338,,,3,9,82.9,29,2352,85.1,85.1,2,16,17,0,6.18,107,151,124,148,292,319,276,"-0.025","0.025",,,,9,8,2,1,0,0,1,11.1,0,0,"2.89","0.25","-0.2","-0.2","91.5",168,25,0,0,5.49,-1.72,0.26,1.95,0.333,0,"0.075757576",,,"-0.075757576",,,,,12.5,,,,,,,
33,806333,"Sansone, Michael",112,29.5,0.333,0.167,0.333,0.5,0.358,,,2,6,77.9,27.8,2065,83.1,82.33,2,16,17,-0.7999999999999972,5.61,109,147,119,145,295,313,290,"-0.773","0.773",,,,6,6,1,1,0,0,0,0,0,0,"2.7","0.58","-0.37","0.19","89.7",154,16.666666666666664,16.666666666666664,16.666666666666664,5.34,1.75,-0.23,2.46,0.333,1,"2.342424242",,,"-2.342424242",,,,,12.5,,,,,,,
33,664948,"Misiewicz, Anthony",87,37.9,0.091,0,0.125,0.091,0.176,,,1,11,94.6,24,2287,85.9,85.68,4,16,17,-0.20000000000000284,5.99,108,149,117,149,300,321,296,"2.007","-2.007",,,,13,8,1,0,0,0,3,23.1,2,15.4,"2.62","0.45","-0.43","-0.01","94.0",166,75,12.5,7.6923076923076925,6.18,0.74,-0.35,2.09,0.231,1,"-6.081818182",,,"6.081818182",,,,,25,,,,,,,
33,686610,"Waldichuk, Ken",151,21.9,0.2,0.1,0.222,0.3,0.259,,,2,10,89.3,18.7,2289,88.4,89.24,4,24,9,0.7999999999999972,6.62,106,149,117,148,299,326,299,"1.718","-1.718",,,,11,9,1,1,0,0,1,9.1,1,9.1,"2.25","0.66","-0.16","0.08","90.6",156,33.33333333333333,11.11111111111111,9.090909090909092,5.73,2.2,-0.53,2.27,0.273,1,"-5.206060606",,,"5.206060606",,,,,16.7,,,,,,,
32,681892,"Funderburk, Kody",158,20.3,0.667,0,1,0.667,0.608,,,4,6,86.2,13,2338,91.3,92.59,6,13,19,1.2999999999999972,6.89,108,151,122,149,295,313,275,"-0.949","0.949",,,,7,4,4,0,0,0,2,28.6,1,14.3,"1.67","1.05","0.06","-0.07","91.0",151,25,0,0,5.91,2.36,-0.24,3.06,0.714,0,"2.965625",,,"-2.965625",,,,,46.2,,,,,,,
32,641540,"Dunning, Dane",121,26.4,0,0,0,0,0.078,,,0,8,90,31.4,2158,86.9,87.93,4,17,15,1,6.9,108,145,112,145,300,327,300,"1.428","-1.428",,,,9,7,0,0,0,0,1,11.1,1,11.1,"1.98","1.04","-0.08","0.02","92.3",190,28.57142857142857,14.285714285714285,11.11111111111111,5.77,-2.11,0.59,2.92,0.111,1,"-4.4625",,,"4.4625",,,,,23.5,,,,,,,
32,699151,"Paez, Jedixson",205,15.6,0.333,0.333,0.5,0.667,0.42,,,2,6,106.7,15.8,2431,86.8,87.5,5,15,17,0.7000000000000028,6.7,111,146,118,147,297,327,300,"-0.222","0.222",,,,6,4,0,2,0,0,2,33.3,0,0,"2.48","0.54","-0.13","0.09","96.9",171,100,75,50,5.98,-2.94,0.67,2.56,0.333,3,"0.69375",,,"-0.69375",,,,,33.3,,,,,,,
32,669310,"Van Eyk, CJ",159,20.1,0.333,0.667,0.2,1,0.588,,,2,6,72,18.2,2089,87.2,87.39,3,15,17,0.20000000000000284,6.34,109,147,119,145,305,324,286,"-0.718","0.718",,,,8,6,0,1,0,1,0,0,2,25,"2.53","0.46","-0.2","-0.07","90.1",165,16.666666666666664,16.666666666666664,12.5,5.39,-1.74,0.09,2.33,0.5,1,"2.24375",,,"-2.24375",,,,,20,,,,,,,
32,647315,"Pop, Zach",137,23.4,0.333,0.222,0.375,0.556,0.375,,,3,9,87.1,27.6,2221,95.4,95.58,4,21,11,0.19999999999998863,6.38,107,147,120,149,282,309,287,"-1.285","1.285",,,,9,8,2,0,1,0,1,11.1,0,0,"1.35","1.16","0.59","-0.35","91.3",173,37.5,12.5,11.11111111111111,5.92,-1.96,0.23,3.22,0.333,1,"4.015625",,,"-4.015625",,,,,19,,,,,,,
32,694660,"Cohen, Harrison",54,59.3,0.111,0,0.2,0.111,0.159,,,1,9,82,5.6,2374,86.3,85.11,8,17,15,-1.2000000000000028,5.42,113,149,125,151,284,311,279,"1.547","-1.547",,,,10,5,1,0,0,0,4,40,1,10,"2.66","0.39","-0.24","-0.03","90.8",143,40,0,0,5.28,-1.49,0.51,2,0.2,0,"-4.834375",,,"4.834375",,,,,47.1,,,,,,,
32,689441,"Crow, Coleman",89,36,0.286,0,0.286,0.286,0.222,,,2,7,93.7,3.3,2909,87.3,87.58,5,19,13,0.29999999999999716,6.11,108,149,115,149,297,320,300,"1.357","-1.357",,,,8,7,2,0,0,0,1,12.5,0,0,"2.47","0.48","-0.34","-0.01","92.5",114,57.14285714285714,0,0,5.25,-1.5,0.48,2.32,0.25,0,"-4.240625",,,"4.240625",,,,,26.3,,,,,,,
32,702193,"Morris, Andrew",160,20,0.333,0,0.4,0.333,0.354,,,2,6,96.2,2.8,2136,88.4,88.29,4,14,18,-0.10000000000000853,6.16,104,143,116,147,299,316,275,"-0.977","0.977",,,,7,5,2,0,0,0,1,14.3,1,14.3,"2.31","0.6","-0.53","0.17","98.9",153,60,0,0,6.62,-1.39,0.56,2.14,0.429,0,"3.053125",,,"-3.053125",,,,,28.6,,,,,,,
32,669432,"Rogers, Trevor",209,15.3,0.5,0,0.667,0.5,0.495,,,2,4,89.7,24.7,2213,83,83.69,7,13,19,0.7000000000000028,6.64,107,151,123,148,291,318,289,"-0.189","0.189",,,,5,3,2,0,0,0,1,20,1,20,"2.99","0.31","-0.34","0.02","90.1",200,33.33333333333333,0,0,5.81,1.98,-0.29,1.81,0.6,0,"0.590625",,,"-0.590625",,,,,53.8,,,,,,,
32,805291,"Reilly, Vince",92,34.8,0.143,0,0.333,0.143,0.254,,,1,7,90.9,3,2196,91.6,92.37,7,14,18,0.8000000000000114,6.54,110,149,114,147,294,328,302,"1.343","-1.343",,,,9,3,1,0,0,0,4,44.4,2,22.2,"2.21","0.49","-0.28","-0.21","93.7",153,33.33333333333333,0,0,5.28,-1.77,0.48,1.92,0.333,0,"-4.196875",,,"4.196875",,,,,50,,,,,,,
32,702752,"Pintaro, Jonathan",88,36.4,0.333,0.333,0.5,0.667,0.49,,,1,3,104.9,4,2628,89.5,89.9,5,13,19,0.4000000000000057,6.41,111,147,125,149,282,313,287,"-0.743","0.743",,,,4,2,0,1,0,0,1,25,1,25,"2.26","0.58","-0.34","0.1","94.7",103,100,0,0,5.03,-3.65,0.32,2.58,0.5,0,"2.321875",,,"-2.321875",,,,,38.5,,,,,,,
31,814804,"Rogers, Grant",116,26.7,0.429,0.429,0.4,0.857,0.503,,,3,7,92.2,19.3,2082,85.5,85.95,4,14,17,0.5,6.46,113,145,122,144,306,330,293,"-1.121","1.121",,,,9,6,2,0,0,1,2,22.2,1,11.1,"2.86","0.25","-0.01","-0.1","93.5",231,50,16.666666666666664,11.11111111111111,5.53,-1.1,-0.47,2.53,0.444,1,"3.616129032",,,"-3.616129032",,,,,28.6,,,,,,,
31,656257,"Brigham, Jeff",121,25.6,0.25,0.375,0.2,0.625,0.367,,,2,8,83,25.3,2713,89.3,89.14,5,19,12,-0.20000000000000284,5.96,117,147,115,152,294,325,304,"0.468","-0.468",,,,8,6,1,0,0,1,2,25,0,0,"2.18","0.66","-0.22","0.13","96.2",182,50,16.666666666666664,12.5,5.59,-1.93,0.35,2.18,0.25,1,"-1.509677419",,,"1.509677419",,,,,26.3,,,,,,,
31,621199,"Bowman, Matt",125,24.8,0.167,0,0.2,0.167,0.148,,,1,6,92.1,9.4,2190,89.5,90.02,0,10,21,0.5,6.55,111,145,118,147,282,311,290,"0.648","-0.648",,,,6,5,1,0,0,0,1,16.7,0,0,"2.08","0.76","-0.19","0.05","91.1",172,0,0,0,6.15,-3.25,-0.25,2.77,0.167,0,"-2.090322581",,,"2.090322581",,,,,0,,,,,,,
31,672629,"Carrillo, Gerardo",83,37.3,0.125,0,0.2,0.125,0.176,,,1,8,97.2,1.8,2340,92,92.44,10,19,12,0.4000000000000057,6.5,115,149,120,150,299,328,297,"1.524","-1.524",,,,9,5,1,0,0,0,3,33.3,1,11.1,"2.07","0.62","-0.2","-0.02","93.9",169,60,0,0,5.43,-2.72,0.43,2.15,0.222,0,"-4.916129032",,,"4.916129032",,,,,52.6,,,,,,,
31,805123,"Blubaugh, AJ",153,20.3,0.333,0,0.286,0.333,0.353,,,2,6,80.9,11.6,2409,87.5,88.26,3,13,18,0.7999999999999972,6.67,111,150,116,148,298,325,292,"0.004","-0.004",,,,9,7,2,0,0,0,0,0,2,22.2,"2.33","0.62","-0.3","-0.18","89.3",128,14.285714285714285,0,0,6.06,-2.47,0.73,1.66,0.444,0,"-0.012903226",,,"0.012903226",,,,,23.1,,,,,,,
31,669416,"Enlow, Blayne",76,40.8,0.333,0,0.5,0.333,0.457,,,1,3,77.4,14,2407,90.7,91.23,3,9,22,0.5,6.53,108,148,113,151,289,319,295,"-0.226","0.226",,,,5,2,1,0,0,0,1,20,2,40,"1.93","0.83","-0.16","0.08","89.9",97,50,0,0,5.95,-2.06,0.05,2.42,0.6,0,"0.729032258",,,"-0.729032258",,,,,33.3,,,,,,,
31,682052,"Lopez, Jacob",166,18.7,0.286,0.143,0.667,0.429,0.356,,,2,7,94.4,15.7,2148,86.8,87.72,9,15,16,0.9000000000000057,6.84,103,151,116,146,300,330,290,"0.139","-0.139",,,,8,3,1,1,0,0,4,50,1,12.5,"2.42","0.61","-0.07","0.03","91.8",157,66.66666666666666,0,0,5.3,3.68,0.26,3,0.375,0,"-0.448387097",,,"0.448387097",,,,,60,,,,,,,
31,672782,"Gómez, Yoendrys",166,18.7,0.167,0.5,0,0.667,0.341,,,1,6,85.4,26.4,2557,91.1,91.65,2,10,21,0.6000000000000085,6.7,108,146,119,148,298,326,290,"-0.408","0.408",,,,6,5,0,0,0,1,1,16.7,0,0,"1.94","0.81","-0.17","0.03","90.6",186,20,20,16.666666666666664,5.67,-1.97,0.64,2.16,0.167,1,"1.316129032",,,"-1.316129032",,,,,20,,,,,,,
31,669358,"Baz, Shane",161,19.3,0.2,0,0.5,0.2,0.265,,,1,5,83.3,49.5,2268,90.6,91.06,3,13,18,0.5,6.4,111,145,122,148,286,314,295,"0.909","-0.909",,,,6,2,1,0,0,0,3,50,1,16.7,"2.2","0.56","-0.32","0.06","88.0",155,0,0,0,5.79,-1.54,0.04,2.54,0.333,0,"-2.932258065",,,"2.932258065",,,,,23.1,,,,,,,
31,623437,"Topa, Justin",144,21.5,0.143,0,0.25,0.143,0.127,,,1,7,84.1,12.8,2289,91.7,90.88,5,15,16,-0.7999999999999972,5.57,120,145,119,150,287,314,280,"1.469","-1.469",,,,7,4,1,0,0,0,3,42.9,0,0,"2.07","0.62","0.23","-0.15","90.6",166,25,0,0,5.24,-2.55,0.23,3.17,0.143,0,"-4.738709677",,,"4.738709677",,,,,33.3,,,,,,,
30,605280,"Holmes, Clay",182,16.5,0,0,0,0,0.087,,,0,6,91.8,11.8,2579,89.3,88.78,5,14,16,-0.5,5.77,108,149,121,147,293,319,277,"1.649","-1.649",,,,8,4,0,0,0,0,3,37.5,1,12.5,"2.57","0.27","-0.04","-0.02","92.7",169,25,25,12.5,6.5,-1.25,0.23,2.57,0.125,1,"-5.496666667",,,"5.496666667",,,,,35.7,,,,,,,
30,641302,"Alexander, Tyler",167,18,0.333,0.333,0.333,0.667,0.42,,,1,3,89.6,1,2374,87.3,87.46,2,13,17,0.20000000000000284,6.18,108,148,115,144,302,319,295,"-0.233","0.233",,,,3,3,0,1,0,0,0,0,0,0,"2.23","0.74","-0.03","-0.03","90.0",61,33.33333333333333,0,0,5.69,2.48,-0.57,2.71,0.333,0,"0.776666667",,,"-0.776666667",,,,,15.4,,,,,,,
30,694680,"Martin, Trevor",138,21.7,0.4,0.6,0.333,1,0.606,,,2,5,103.7,-4.3,2033,89.1,89.58,6,13,17,0.5,6.56,109,149,117,147,290,320,291,"-0.924","0.924",,,,6,4,1,0,0,1,1,16.7,1,16.7,"2.36","0.51","-0.32","-0.11","97.4",111,100,25,16.666666666666664,5.65,-1.76,0.82,1.77,0.5,1,"3.08",,,"-3.08",,,,,46.2,,,,,,,
30,682989,"Mederos, Victor",98,30.6,0.4,0.6,0.333,1,0.606,,,2,5,93.4,8.3,2393,90,90.47,6,13,17,0.5,6.45,109,146,115,149,301,324,297,"-0.592","0.592",,,,6,4,1,0,0,1,1,16.7,1,16.7,"2.23","0.57","-0.12","-0.04","94.4",127,50,25,16.666666666666664,5.33,-3.28,0.2,1.95,0.5,1,"1.973333333",,,"-1.973333333",,,,,46.2,,,,,,,
30,596271,"Lawrence, Casey",219,13.7,0,0,0,0,0.182,,,0,3,81.3,34,2396,82.7,82.12,2,10,20,-0.6000000000000085,5.79,119,146,116,148,298,321,305,"1.034","-1.034",,,,4,3,0,0,0,0,0,0,0,0,"2.83","0.49","-0.22","0.03","90.5",174,33.33333333333333,0,0,5.26,-2.65,0.06,2.72,0.25,0,"-3.446666667",,,"3.446666667",,,,,20,,,,,,,
30,647336,"Soroka, Michael",230,13,0.444,0.778,0.333,1.222,0.694,,,4,9,93,13,2586,89.9,89.53,4,20,10,-0.4000000000000057,5.93,121,148,115,150,298,327,303,"-1.432","1.432",,,,10,8,1,1,0,2,1,10,1,10,"2.18","0.63","-0.13","0.08","96.0",153,62.5,25,20,5.43,-2.78,0.5,2.39,0.5,2,"4.773333333",,,"-4.773333333",,,,,20,,,,,,,
30,676534,"Faucher, Calvin",73,41.1,0.167,0,0.333,0.167,0.148,,,1,6,91.8,-16.7,2878,91.1,90.72,6,15,15,-0.3999999999999915,5.75,113,147,121,149,284,319,294,"1.205","-1.205",,,,6,3,1,0,0,0,3,50,0,0,"2.65","0.07","-0.3","0.12","91.5",129,33.33333333333333,0,0,5.89,-1.24,0.22,2.11,0.167,0,"-4.016666667",,,"4.016666667",,,,,40,,,,,,,
30,656550,"Holmes, Grant",269,11.2,0.167,0,0.167,0.167,0.29,,,1,6,95.5,-2.8,2441,91.1,90.6,4,14,16,-0.5,5.89,117,146,119,149,305,317,291,"0.225","-0.225",,,,8,6,1,0,0,0,0,0,1,12.5,"1.91","0.83","0.05","-0.04","95.1",143,66.66666666666666,0,0,5.86,-2.42,0.5,1.9,0.375,0,"-0.75",,,"0.75",,,,,28.6,,,,,,,
30,547179,"Lorenzen, Michael",190,15.8,0.2,0,0.25,0.2,0.409,,,1,5,86.4,12,2420,89.7,89.06,4,15,15,-0.6000000000000085,5.78,117,147,118,150,297,330,297,"-0.033","0.033",,,,9,4,1,0,0,0,1,11.1,4,44.4,"2.2","0.62","0.06","0.02","89.3",99,25,0,0,5.67,-2.25,0.25,2.54,0.556,0,"0.11",,,"-0.11",,,,,26.7,,,,,,,
30,686294,"Willingham, Amos",121,24.8,0.167,0.167,0.25,0.333,0.21,,,1,6,90.6,-8.3,2158,89.6,90.13,9,18,12,0.5,6.39,114,147,122,150,296,323,294,"1.16","-1.16",,,,6,4,0,1,0,0,2,33.3,0,0,"2.13","0.69","-0.01","-0.06","92.0",95,25,0,0,6.16,-1.34,0.02,2.17,0.167,0,"-3.866666667",,,"3.866666667",,,,,50,,,,,,,
29,663765,"Woodford, Jake",115,25.2,0.4,0.6,0.333,1,0.587,,,2,5,86.3,15.5,2240,90.2,90.64,3,16,13,0.3999999999999915,6.37,110,147,122,150,293,329,292,"-0.242","0.242",,,,5,4,1,0,0,1,1,20,0,0,"2.19","0.6","-0.04","-0.08","90.3",182,25,25,20,5.13,-2.02,0.41,2.66,0.4,1,"0.834482759",,,"-0.834482759",,,,,18.8,,,,,,,
29,621121,"McCullers Jr., Lance",118,24.6,0.25,0,0.25,0.25,0.381,,,1,4,87.5,13.8,2353,89.7,89.73,2,10,19,0,6.09,116,147,128,151,288,319,292,"0.096","-0.096",,,,6,4,1,0,0,0,0,0,2,33.3,"2.12","0.7","-0.24","0.12","90.9",136,25,0,0,5.43,-1.37,-0.09,2.3,0.5,0,"-0.331034483",,,"0.331034483",,,,,20,,,,,,,
29,694370,"Wells, Levi",209,13.9,0.2,0.2,0.25,0.4,0.326,,,1,5,82.4,-13.8,2422,91.4,91.26,3,14,15,-0.10000000000000853,6.16,111,148,120,148,298,318,296,"0.84","-0.84",,,,6,4,0,1,0,0,1,16.7,1,16.7,"1.55","1.17","0.12","-0.09","90.0",125,25,0,0,5.65,-2.19,-0.14,2.83,0.333,0,"-2.896551724",,,"2.896551724",,,,,21.4,,,,,,,
29,702878,"Orellana, Douglas",61,47.5,0,0,0,0,0.303,,,0,4,88.1,46,2501,85.9,86.22,5,8,21,0.29999999999999716,6.49,117,142,116,144,282,301,279,"0.132","-0.132",,,,7,2,0,0,0,0,2,28.6,2,28.6,"3.29","-0.2","-0.18","0.04","90.5",246,0,0,0,6.55,-1.13,0.46,1.43,0.429,0,"-0.455172414",,,"0.455172414",,,,,62.5,,,,,,,
29,693855,"Seymour, Ian",196,14.8,0.5,0,0.5,0.5,0.445,,,2,4,100,6.8,2201,87.7,87.9,3,12,17,0.20000000000000284,6.16,102,152,117,146,296,322,282,"-0.261","0.261",,,,4,4,2,0,0,0,0,0,0,0,"1.97","0.97","-0.09","0.09","94.0",145,75,0,0,5.8,1.69,0.02,2.33,0.5,0,"0.9",,,"-0.9",,,,,25,,,,,,,
29,641627,"Gott, Trevor",62,46.8,0.5,0,0.5,0.5,0.445,,,3,6,90.2,1.8,2263,89.7,89.41,3,13,16,-0.29999999999999716,5.95,110,149,118,151,289,323,293,"-0.5","0.5",,,,6,6,3,0,0,0,0,0,0,0,"2.11","0.71","-0.17","0.02","93.4",112,50,0,0,5.17,-2.99,0.21,2.56,0.5,0,"1.724137931",,,"-1.724137931",,,,,23.1,,,,,,,
29,622694,"Hernández, Elieser",82,35.4,0.2,0,0.25,0.2,0.178,,,1,5,86.8,14,2226,85.5,86.03,6,13,16,0.5,6.42,118,152,129,149,297,324,293,"0.83","-0.83",,,,5,4,1,0,0,0,1,20,0,0,"2.15","0.94","-0.3","-0.11","90.1",143,25,0,0,5.18,-2.12,0.63,1.79,0.2,0,"-2.862068966",,,"2.862068966",,,,,46.2,,,,,,,
29,624133,"Suarez, Ranger",147,19.7,0.333,0,0.333,0.333,0.296,,,2,6,86.3,32.8,2088,85.5,85.13,3,21,8,-0.4000000000000057,5.93,104,146,121,143,289,315,287,"1.264","-1.264",,,,6,6,2,0,0,0,0,0,0,0,"2.44","0.67","-0.12","0.1","89.7",120,0,0,0,5.96,2.24,-0.06,2.93,0.333,0,"-4.35862069",,,"4.35862069",,,,,14.3,,,,,,,
29,608344,"Irvin, Cole",131,22.1,0,0,0,0,0.233,,,0,6,94.5,28.8,2144,84.4,84.37,3,15,14,0,6.2,110,152,122,147,297,324,297,"0.768","-0.768",,,,9,4,0,0,0,0,2,22.2,3,33.3,"2.78","0.42","-0.27","0.21","92.5",212,50,0,0,6,1.47,-0.02,2.74,0.333,0,"-2.648275862",,,"2.648275862",,,,,20,,,,,,,
29,699044,"Ullola, Miguel",109,26.6,0.333,0.667,0.333,1,0.572,,,2,6,96.6,20,2444,89.1,90.48,3,12,17,1.4000000000000057,6.93,105,148,120,144,300,325,288,"-0.932","0.932",,,,7,4,0,1,0,1,2,28.6,1,14.3,"1.6","1.25","-0.32","-0.15","96.0",221,50,50,28.57142857142857,5.61,-1.86,0.01,2.74,0.429,2,"3.213793103",,,"-3.213793103",,,,,25,,,,,,,
28,701195,"Castro, Manuel",125,22.4,0.6,1,0.5,1.6,0.906,,,3,5,92.5,17,2295,85.7,85.51,6,16,12,-0.20000000000000284,6.06,113,149,120,148,294,323,296,"-1.404","1.404",,,,5,5,1,0,1,1,0,0,0,0,"2.77","0.33","-0.45","-0.2","92.8",228,60,20,20,5.87,-0.81,0.46,2.32,0.6,1,"5.014285714",,,"-5.014285714",,,,,37.5,,,,,,,
28,595881,"Beede, Tyler",88,31.8,0.286,0.571,0.2,0.857,0.501,,,2,7,97.4,-2.8,1900,85.6,85.94,4,14,14,0.30000000000001137,6.37,106,149,114,150,297,325,304,"-0.759","0.759",,,,8,6,0,1,0,1,1,12.5,1,12.5,"2.99","0.11","-0.23","0.02","94.8",109,83.33333333333334,0,0,5.38,-1.64,0.37,1.96,0.375,0,"2.710714286",,,"-2.710714286",,,,,28.6,,,,,,,
28,640455,"Manaea, Sean",141,19.9,0,0,0,0,0.116,,,0,5,84.5,19.6,2057,84.4,85.09,2,15,13,0.7999999999999972,6.74,107,152,122,148,285,318,274,"1.177","-1.177",,,,6,5,0,0,0,0,0,0,1,16.7,"2.49","0.71","0.08","-0.07","89.4",140,20,0,0,5.14,3.3,-0.65,2.66,0.167,0,"-4.203571429",,,"4.203571429",,,,,13.3,,,,,,,
28,642121,"Sulser, Cole",133,21.1,0.5,1,0.25,1.5,0.816,,,3,6,86,22.8,2324,86.8,87.49,3,14,14,0.7000000000000028,6.53,113,148,120,150,296,320,288,"-2.152","2.152",,,,7,6,1,0,0,2,0,0,0,0,"2.34","0.66","-0.39","0.03","93.7",196,50,33.33333333333333,28.57142857142857,5.7,-1.91,0.66,2.32,0.571,2,"7.685714286",,,"-7.685714286",,,,,21.4,,,,,,,
28,800048,"Messick, Parker",314,8.9,0.75,1,0.667,1.75,1.049,,,3,4,90.5,21.5,2112,89.5,89.9,2,15,13,0.4000000000000057,6.37,108,151,123,143,298,326,300,"-3.834","3.834",,,,4,4,1,1,0,1,0,0,0,0,"1.97","0.86","-0.08","0.08","90.4",193,50,25,25,5.5,1.24,-0.19,2.83,0.75,1,"13.692857143",,,"-13.692857143",,,,,13.3,,,,,,,
28,572143,"Smith, Burch",99,28.3,0.333,0.444,0.286,0.778,0.489,,,3,9,94.7,8.6,2400,89.2,90,2,18,10,0.7999999999999972,6.63,114,149,123,151,299,324,290,"-0.137","0.137",,,,10,8,1,1,0,1,1,10,1,10,"2.2","0.65","-0.23","-0.02","91.5",172,37.5,12.5,10,5.53,-2.71,0.06,2.33,0.4,1,"0.489285714",,,"-0.489285714",,,,,11.1,,,,,,,
28,621107,"Eflin, Zach",110,25.5,0,0,0,0,0,,,0,5,91.6,46.3,2243,89,89.24,4,15,13,0.20000000000000284,6.3,121,150,123,151,293,316,282,"1.718","-1.718",,,,5,4,0,0,0,0,1,20,0,0,"2.18","0.69","-0.1","0.01","91.0",175,25,0,0,5.68,-2.18,0.38,2.63,0,0,"-6.135714286",,,"6.135714286",,,,,26.7,,,,,,,
27,669438,"Englert, Mason",124,21.8,0.333,0,0.4,0.333,0.296,,,2,6,84.4,18,2173,86.2,86.16,2,13,14,0,6.2,105,149,120,147,293,314,287,"-0.552","0.552",,,,6,5,2,0,0,0,1,16.7,0,0,"2.79","0.27","-0.16","0","94.1",144,75,0,0,6.15,-1.46,0.32,2.17,0.333,0,"2.044444444",,,"-2.044444444",,,,,15.4,,,,,,,
27,622663,"Severino, Luis",113,23.9,0,0,0,0,0,,,0,4,91.6,28.5,2273,93.1,93.63,3,14,13,0.5,6.41,108,146,119,149,298,335,296,"0.543","-0.543",,,,4,2,0,0,0,0,2,50,0,0,"1.84","0.78","-0.14","0.04","91.7",167,50,0,0,5.85,-2.17,0.22,2.71,0,0,"-2.011111111",,,"2.011111111",,,,,21.4,,,,,,,
27,687209,"Maxwell, Zach",191,14.1,0.5,0.167,0.6,0.667,0.507,,,3,6,87.1,25.2,2393,92.4,92.52,8,16,11,0.09999999999999432,6.1,110,146,115,148,299,326,295,"-1.163","1.163",,,,6,5,2,1,0,0,1,16.7,0,0,"1.84","0.8","-0.15","0.01","93.0",209,20,20,16.666666666666664,6.51,-2.37,0.36,2.4,0.5,1,"4.307407407",,,"-4.307407407",,,,,50,,,,,,,
27,665645,"Castro, Kervin",141,19.1,0.222,0.111,0.286,0.333,0.239,,,2,9,87.7,7,2261,93,93.65,3,16,11,0.7000000000000028,6.61,110,148,123,151,285,316,283,"-0.151","0.151",,,,9,7,1,1,0,0,2,22.2,0,0,"1.71","0.92","-0.32","0.16","92.2",148,42.857142857142854,14.285714285714285,11.11111111111111,5.91,-1.12,0.57,2.25,0.222,1,"0.559259259",,,"-0.559259259",,,,,18.8,,,,,,,
27,676664,"Sears, JP",199,13.6,0.5,0,0.5,0.5,0.562,,,2,4,78.1,28.8,2096,87.6,87.52,2,11,16,-0.09999999999999432,6.21,108,151,124,148,292,328,296,"-1.462","1.462",,,,7,4,2,0,0,0,0,0,1,14.3,"2.28","0.69","-0.1","0.03","93.5",141,25,0,0,5.21,1.3,-0.82,2.58,0.714,0,"5.414814815",,,"-5.414814815",,,,,18.2,,,,,,,
27,695229,"Minacci, Camden",59,45.8,0.4,0.4,0.4,0.8,0.53,,,2,5,91.3,-2.6,2261,88.6,89.35,3,16,11,0.8000000000000114,6.56,117,148,118,150,292,320,297,"-0.143","0.143",,,,6,5,1,0,1,0,0,0,1,16.7,"2.67","0.21","-0.33","0.13","93.2",92,60,0,0,5.85,-1.17,0.36,2.05,0.5,0,"0.52962963",,,"-0.52962963",,,,,18.8,,,,,,,
27,665152,"Kremer, Dean",169,16,0.2,0,0.25,0.2,0.178,,,1,5,85.1,22,2391,86.6,86.33,3,13,14,-0.29999999999999716,6.03,105,145,121,144,294,314,288,"0.352","-0.352",,,,5,4,1,0,0,0,1,20,0,0,"2.55","0.48","-0.38","-0.24","90.8",206,25,25,20,6.16,-1.89,0.43,2.09,0.2,1,"-1.303703704",,,"1.303703704",,,,,23.1,,,,,,,
27,694738,"Roupp, Landen",243,11.1,0.25,0,0.333,0.25,0.222,,,1,4,88.7,22.7,2178,91.2,91.07,4,13,14,-0.10000000000000853,6.07,109,146,111,146,303,331,302,"0.593","-0.593",,,,4,3,1,0,0,0,1,25,0,0,"2.08","0.65","-0.01","0","89.9",141,33.33333333333333,0,0,5.39,-1.82,0.61,2.99,0.25,0,"-2.196296296",,,"2.196296296",,,,,30.8,,,,,,,
27,674444,"Cruz, Steven",94,28.7,0.333,0,0.333,0.333,0.296,,,1,3,90.3,34.7,2140,91.6,92.02,2,12,15,0.4000000000000057,6.6,107,144,120,148,286,315,296,"0.556","-0.556",,,,3,3,1,0,0,0,0,0,0,0,"2.1","0.62","-0.25","0.19","92.0",178,66.66666666666666,0,0,5.75,-3.26,0.2,2.57,0.333,0,"-2.059259259",,,"2.059259259",,,,,16.7,,,,,,,
27,683004,"Leiter, Jack",246,11,0,0,0,0,0,,,0,4,76.3,43.3,2482,93.9,95.08,3,12,15,1.1999999999999886,6.8,117,147,111,151,300,323,309,"0.782","-0.782",,,,4,3,0,0,0,0,1,25,0,0,"1.65","0.92","-0.08","0.05","92.6",119,33.33333333333333,0,0,5.54,-1.28,0.54,2.62,0,0,"-2.896296296",,,"2.896296296",,,,,25,,,,,,,
26,657697,"Nittoli, Vinny",49,53.1,0.25,0,0.25,0.25,0.324,,,1,4,86.6,-14.3,2538,89.3,90.1,2,13,13,0.7999999999999972,6.57,110,150,122,147,280,305,292,"0.521","-0.521",,,,5,4,1,0,0,0,0,0,0,0,"1.91","0.93","0.1","-0.04","93.3",162,25,0,0,5.1,-2.67,0.12,2.81,0.4,0,"-2.003846154",,,"2.003846154",,,,,15.4,,,,,,,
26,669160,"May, Dustin",184,14.1,0.5,0.25,0.5,0.75,0.537,,,2,4,88.5,4.5,2414,93.1,93.96,3,17,9,0.9000000000000057,6.65,108,140,100,148,282,325,302,"0.182","-0.182",,,,4,4,1,1,0,0,0,0,0,0,"1.82","0.79","0.06","-0.06","91.3",148,50,25,25,5.46,-2.24,0.49,2.66,0.5,1,"-0.7",,,"0.7",,,,,17.6,,,,,,,
26,676614,"Sammons, Bryan",134,19.4,0.2,0,0.2,0.2,0.178,,,1,5,77.2,16.2,2192,85.5,85.92,3,16,10,0.4000000000000057,6.46,106,149,120,145,290,318,282,"1.062","-1.062",,,,5,5,1,0,0,0,0,0,0,0,"2.49","0.63","-0.11","0.04","88.8",107,20,0,0,5.87,2.07,-0.08,2.85,0.2,0,"-4.084615385",,,"4.084615385",,,,,18.8,,,,,,,
26,656492,"Griffin, Foster",123,21.1,0.375,0,0.429,0.375,0.334,,,3,8,72.1,2.6,2210,87.8,88.08,2,14,12,0.29999999999999716,6.25,104,144,116,145,287,310,275,"1.05","-1.05",,,,8,7,3,0,0,0,1,12.5,0,0,"2.38","0.56","-0.43","0.08","88.0",143,0,0,0,5.83,2.6,-0.25,2.36,0.375,0,"-4.038461538",,,"4.038461538",,,,,14.3,,,,,,,
26,700241,"McGreevy, Michael",280,9.3,0.5,0.5,0.5,1,0.638,,,3,6,96.8,7.2,2346,86.3,86.73,1,11,15,0.4000000000000057,6.5,116,144,115,150,283,323,293,"-1.093","1.093",,,,6,5,2,0,0,1,1,16.7,0,0,"2.58","0.48","-0.09","0.08","92.8",168,40,40,33.33333333333333,5.7,-2.32,0.24,3.18,0.5,2,"4.203846154",,,"-4.203846154",,,,,9.1,,,,,,,
25,656794,"Newcomb, Sean",266,9.4,0.333,1,0,1.333,0.682,,,1,3,102.7,11.5,2377,89.2,88.46,7,12,13,-0.7000000000000028,5.61,107,148,123,142,307,333,301,"-1.304","1.304",,,,3,2,0,0,0,1,1,33.3,0,0,"2.09","0.75","0","0.02","97.2",203,100,50,33.33333333333333,6.18,2.64,-0.05,2.22,0.333,1,"5.216",,,"-5.216",,,,,58.3,,,,,,,
25,700675,"Kingsbury, Jimmy",86,29.1,0.167,0.333,0.167,0.5,0.374,,,1,6,85.5,14.8,2246,89.1,88.96,3,14,11,-0.09999999999999432,5.96,109,145,119,150,292,324,304,"-0.264","0.264",,,,8,6,0,0,1,0,0,0,2,25,"2.03","0.82","0.12","-0.1","93.5",168,33.33333333333333,16.666666666666664,12.5,5.17,-0.79,0.26,2.93,0.375,1,"1.056",,,"-1.056",,,,,21.4,,,,,,,
25,800686,"Carlson, Parker",32,78.1,0.4,0.4,0.5,0.8,0.414,,,2,5,86.5,40.5,2440,87.7,88.09,7,12,13,0.3999999999999915,6.06,100,140,112,137,281,305,278,"-0.576","0.576",,,,6,4,1,0,1,0,2,33.3,0,0,"2.51","0.4","-0.44","-0.31","91.8",188,50,0,0,5.47,-1.29,0.4,1.87,0.333,0,"2.304",,,"-2.304",,,,,58.3,,,,,,,
25,663623,"Irvin, Jake",204,12.3,0.5,0.25,0.667,0.75,0.57,,,2,4,81.2,20,2438,88.3,89.81,2,13,12,1.5,7.04,124,148,119,153,290,325,305,"-0.641","0.641",,,,5,3,1,1,0,0,1,20,1,20,"2.08","0.83","-0.12","0.12","95.4",220,33.33333333333333,33.33333333333333,20,5.46,-2.15,0.65,2.66,0.6,1,"2.564",,,"-2.564",,,,,15.4,,,,,,,
25,657756,"Seabold, Connor",152,16.4,0.2,0.4,0.25,0.6,0.382,,,1,5,89.4,7.5,2394,88,87.77,5,11,14,-0.20000000000000284,5.92,102,147,120,145,294,318,283,"-0.483","0.483",,,,6,4,0,0,1,0,1,16.7,1,16.7,"2.18","0.74","-0.09","-0.02","94.8",52,50,0,0,5.34,-3,0.58,2.22,0.333,0,"1.932",,,"-1.932",,,,,45.5,,,,,,,
25,615698,"Quantrill, Cal",91,27.5,0.111,0,0.125,0.111,0.208,,,1,9,94.7,23.3,2027,87.6,87.96,3,15,10,0.4000000000000057,6.28,111,147,119,147,300,326,312,"1.457","-1.457",,,,11,8,1,0,0,0,1,9.1,2,18.2,"2.45","0.49","-0.3","0.06","94.8",217,37.5,12.5,9.090909090909092,6.27,-1.22,0.22,2.59,0.273,1,"-5.828",,,"5.828",,,,,20,,,,,,,
25,670810,"Gillaspie, Logan",237,10.5,0.3,0,0.3,0.3,0.267,,,3,10,92.1,-1.7,2217,91.7,91.87,3,18,7,0.20000000000000284,6.3,120,148,125,151,295,323,298,"0.736","-0.736",,,,10,10,3,0,0,0,0,0,0,0,"1.95","0.75","0.17","-0.07","96.5",109,70,0,0,5.82,-1.29,0.43,2.49,0.3,0,"-2.944",,,"2.944",,,,,16.7,,,,,,,
25,683101,"Goss, JJ",90,27.8,0.333,0.167,0.333,0.5,0.407,,,2,6,85.4,-6.3,1993,88.3,89.47,1,12,13,1.2000000000000028,6.77,104,150,115,148,300,321,291,"-0.903","0.903",,,,7,6,1,1,0,0,0,0,1,14.3,"2.28","0.62","-0.22","-0.11","93.8",135,50,0,0,5.79,-0.93,0.56,2.22,0.429,0,"3.612",,,"-3.612",,,,,8.3,,,,,,,
25,601713,"Pivetta, Nick",208,12,0,0,0,0,0.14,,,0,4,99,10.7,2325,91.7,92.5,3,14,11,0.7999999999999972,6.75,113,145,120,149,298,329,300,"0.859","-0.859",,,,5,3,0,0,0,0,1,20,1,20,"1.71","1","-0.32","0.12","91.8",118,100,0,0,6.76,-0.89,0.2,3.18,0.2,0,"-3.436",,,"3.436",,,,,21.4,,,,,,,
25,702275,"Ritchie, JR",173,14.5,0,0,0,0,0.174,,,0,2,76.2,35.7,2520,91.3,91.67,1,9,16,0.4000000000000057,6.3,115,148,119,151,299,327,294,"0.395","-0.395",,,,4,3,0,0,0,0,0,0,1,25,"2.03","0.68","-0.03","0.06","93.4",193,33.33333333333333,0,0,5.38,-2.26,0.26,2.84,0.25,0,"-1.58",,,"1.58",,,,,11.1,,,,,,,
25,621139,"Kriske, Brooks",159,15.7,0,0,0,0,0,,,0,2,94.7,-22.5,2089,85.6,85.07,3,10,15,-0.5,5.9,110,151,116,147,293,315,289,"0.582","-0.582",,,,2,2,0,0,0,0,0,0,0,0,"2.76","0.35","-0.31","-0.13","89.9",103,50,0,0,6.1,-1.37,0.56,1.84,0,0,"-2.328",,,"2.328",,,,,30,,,,,,,
24,701643,"Hartwig, Grant",111,21.6,0,0,0,0,0.104,,,0,6,88.1,20,2159,90.7,90.63,2,12,12,-0.10000000000000853,6.26,112,141,126,147,288,320,283,"1.273","-1.273",,,,7,6,0,0,0,0,0,0,0,0,"2.09","0.68","0.1","-0.1","91.5",143,33.33333333333333,16.666666666666664,14.285714285714285,5.16,-3.43,0.43,2.46,0.143,1,"-5.304166667",,,"5.304166667",,,,,16.7,,,,,,,
24,690440,"Hanner, Bradley",154,15.6,0.5,0,0.5,0.5,0.529,,,1,2,86.6,13,2603,88.7,89.15,2,5,19,0.3999999999999915,6.25,121,147,124,152,275,311,283,"-0.695","0.695",,,,3,2,1,0,0,0,0,0,1,33.3,"2.29","0.57","-0.33","0.33","92.2",184,0,0,0,5.24,-2.19,-0.1,2.1,0.667,0,"2.895833333",,,"-2.895833333",,,,,40,,,,,,,
24,668964,"Myers, Tobias",185,13,0.25,0.25,0.333,0.5,0.392,,,1,4,93.1,0,2197,85.5,86.2,4,10,14,0.7000000000000028,6.56,109,150,121,149,287,316,283,"-0.105","0.105",,,,5,3,0,1,0,0,1,20,1,20,"2.29","0.81","-0.54","-0.12","96.7",221,50,0,0,5.99,-0.92,0.5,1.74,0.4,0,"0.4375",,,"-0.4375",,,,,40,,,,,,,
24,673540,"Senga, Kodai",151,15.9,0.25,0,0.25,0.25,0.222,,,1,4,87.8,-1.5,2504,89.9,90.05,4,13,11,0.19999999999998863,6.29,111,151,123,150,292,317,287,"1.122","-1.122",,,,4,4,1,0,0,0,0,0,0,0,"2.21","0.6","0","-0.01","89.5",109,25,0,0,6.05,-1.79,0.19,2.25,0.25,0,"-4.675",,,"4.675",,,,,30.8,,,,,,,
24,595014,"Treinen, Blake",149,16.1,0.4,0.6,0.25,1,0.587,,,2,5,94.1,19.8,2530,91.5,90.53,5,14,10,-1,5.61,116,149,115,150,294,322,300,"-0.4","0.4",,,,5,5,1,0,0,1,0,0,0,0,"1.97","0.74","-0.08","0.02","96.0",221,20,20,20,6.37,-2.87,0.6,2.62,0.4,1,"1.666666667",,,"-1.666666667",,,,,35.7,,,,,,,
24,641401,"Brogdon, Connor",163,14.7,0.4,0.6,0.25,1,0.611,,,2,5,88.1,25.8,2247,87.1,88.06,2,10,14,1,6.74,110,147,114,147,293,323,295,"-3.328","3.328",,,,6,5,1,0,0,1,0,0,0,0,"2.27","0.72","-0.29","0.03","90.7",143,20,0,0,5.83,-2.91,0.47,2.22,0.5,0,"13.866666667",,,"-13.866666667",,,,,20,,,,,,,
24,666171,"Zeferjahn, Ryan",192,12.5,0.5,1.5,0,2,0.915,,,2,4,100.4,8.7,2378,91.3,91.92,4,10,14,0.6000000000000085,6.48,109,149,116,149,301,320,296,"-1.89","1.89",,,,6,3,0,0,0,2,1,16.7,2,33.3,"2.42","0.3","-0.38","-0.18","94.2",204,100,66.66666666666666,33.33333333333333,5.86,-1.92,0.31,2.22,0.667,2,"7.875",,,"-7.875",,,,,40,,,,,,,
23,677865,"Bruihl, Justin",150,15.3,0,0,0,0,0,,,0,3,78.3,2.7,2482,87.7,88.62,4,14,9,0.8999999999999915,6.57,105,146,113,144,282,316,277,"0.315","-0.315",,,,3,3,0,0,0,0,0,0,0,0,"2.38","0.55","-0.07","0.07","92.1",74,0,0,0,5.3,3.12,-0.22,2.59,0,0,"-1.369565217",,,"1.369565217",,,,,28.6,,,,,,,
23,807743,"Sullivan, Sean",177,13,0,0,0,0,0,,,0,10,78.7,19.2,2377,85.5,87.23,2,17,6,1.7000000000000028,7.38,110,149,117,147,300,318,294,"2.222","-2.222",,,,10,10,0,0,0,0,0,0,0,0,"2.47","0.65","-0.23","0.18","89.5",171,20,0,0,5.41,3.45,-0.37,2.25,0,0,"-9.660869565",,,"9.660869565",,,,,11.8,,,,,,,
23,694335,"Svanson, Matt",114,20.2,0.333,0,0.4,0.333,0.354,,,2,6,93.1,4.8,2214,90.9,91.62,2,10,13,0.6999999999999886,6.4,107,144,109,150,277,310,288,"-0.043","0.043",,,,7,5,2,0,0,0,1,14.3,1,14.3,"2.17","0.56","-0.08","0.08","93.8",111,60,0,0,5.73,-1.86,0.47,2.51,0.429,0,"0.186956522",,,"-0.186956522",,,,,20,,,,,,,
23,608372,"Sugano, Tomoyuki",117,19.7,0,0,0,0,0.116,,,0,5,98.4,7.3,2462,89,88.77,1,7,16,-0.20000000000000284,6.13,116,148,113,150,294,318,293,"0.591","-0.591",,,,6,3,0,0,0,0,2,33.3,1,16.7,"2.46","0.42","-0.06","-0.04","93.2",112,66.66666666666666,0,0,6.06,-2.55,0.28,2.02,0.167,0,"-2.569565217",,,"2.569565217",,,,,14.3,,,,,,,
23,687606,"Schultz, Paxton",54,42.6,0,0,0,0,0.349,,,0,1,80.8,14,2294,89,88.59,2,9,14,-0.4000000000000057,5.91,109,150,125,151,296,315,292,"0.193","-0.193",,,,2,1,0,0,0,0,0,0,1,50,"1.77","1.09","-0.1","-0.05","88.0",130,0,0,0,5.81,-2.55,0.52,2.69,0.5,0,"-0.839130435",,,"0.839130435",,,,,22.2,,,,,,,
23,680736,"Wrobleski, Justin",196,11.7,0,0,0,0,0,,,0,2,73.2,-17,2582,91.7,90.68,6,12,11,-1,5.46,106,153,119,148,304,321,288,"0.979","-0.979",,,,2,2,0,0,0,0,0,0,0,0,"2.04","0.64","-0.12","0.12","89.2",78,0,0,0,5.48,2.32,-0.55,2.3,0,0,"-4.256521739",,,"4.256521739",,,,,50,,,,,,,
23,699134,"Rodriguez, Bradgley",173,13.3,0,0,0,0,0,,,0,6,87.8,7.5,2456,90.9,91.02,7,12,11,0.09999999999999432,6.23,113,149,121,149,300,326,298,"0.901","-0.901",,,,6,4,0,0,0,0,2,33.3,0,0,"2.4","0.35","-0.39","-0.18","92.1",9,50,0,0,6.13,-0.49,0.17,1.59,0,0,"-3.917391304",,,"3.917391304",,,,,58.3,,,,,,,
23,663485,"Sands, Cole",119,19.3,0.143,0,0.167,0.143,0.127,,,1,7,77.1,66.7,2357,88.2,87.55,6,14,9,-0.6000000000000085,5.73,109,145,118,145,294,323,279,"1.23","-1.23",,,,7,6,1,0,0,0,1,14.3,0,0,"2.33","0.59","-0.22","-0.07","88.0",131,0,0,0,5.73,-2.35,0.6,2.29,0.143,0,"-5.347826087",,,"5.347826087",,,,,42.9,,,,,,,
23,688730,"Johnson, Marques",40,57.5,0.167,0,0.25,0.167,0.148,,,1,6,87.9,-8.5,2528,94,95.43,5,12,11,1.4000000000000057,6.91,114,147,117,147,297,324,306,"1.03","-1.03",,,,6,4,1,0,0,0,2,33.3,0,0,"1.7","0.86","-0.31","0.04","92.2",96,25,0,0,5.59,-1.23,0.01,2.38,0.167,0,"-4.47826087",,,"4.47826087",,,,,41.7,,,,,,,
23,645261,"Alcantara, Sandy",227,10.1,0,0,0,0,0.116,,,0,5,75.6,-24,2195,88.4,88.14,4,9,14,-0.30000000000001137,5.9,117,148,125,150,281,313,277,"0.847","-0.847",,,,6,2,0,0,0,0,3,50,1,16.7,"2.46","0.44","-0.12","0.08","88.0",87,0,0,0,6.17,-1.84,0.35,2.53,0.167,0,"-3.682608696",,,"3.682608696",,,,,44.4,,,,,,,
23,681035,"Scott, Christian",103,22.3,0.429,0.571,0.333,1,0.6,,,3,7,88.3,20,2375,89.4,90.39,5,17,6,1,6.8,112,149,122,150,289,316,291,"-0.226","0.226",,,,7,7,1,1,0,1,0,0,0,0,"2.23","0.62","-0.26","0.03","91.2",152,28.57142857142857,14.285714285714285,14.285714285714285,5.26,-3.1,0.56,2.49,0.429,1,"0.982608696",,,"-0.982608696",,,,,29.4,,,,,,,
23,621074,"Rucker, Michael",110,20.9,0.25,0,0.25,0.25,0.324,,,1,4,84.6,-21.5,2529,89.5,89.42,2,7,16,-0.09999999999999432,6.06,106,137,108,143,291,321,301,"0.097","-0.097",,,,5,4,1,0,0,0,0,0,0,0,"2.56","0.27","-0.24","0.03","92.4",34,25,0,0,5.49,-2.14,-0.04,2.09,0.4,0,"-0.42173913",,,"0.42173913",,,,,28.6,,,,,,,
22,686228,"Burgos, Juan",60,36.7,0.2,0.2,1,0.4,0.326,,,1,5,103.9,21,2491,89.7,89.62,6,9,13,-0.10000000000000853,6.15,104,144,112,149,281,311,299,"0.198","-0.198",,,,6,1,0,1,0,0,4,66.7,1,16.7,"2.41","0.41","-0.27","0.3","98.6",251,100,100,16.666666666666664,5.3,-1.64,-0.11,2.01,0.333,1,"-0.9",,,"0.9",,,,,66.7,,,,,,,
22,693686,"Miles, Spencer",186,11.8,1,3,,4,2.047,,,1,1,101.5,33,2113,91.2,92.51,1,7,15,1.4000000000000057,6.83,118,145,120,147,286,321,290,"-1.569","1.569",,,,1,1,0,0,0,1,0,0,0,0,"1.97","0.75","-0.07","0.03","90.7",161,100,100,100,5.92,-1.52,0.48,2.94,1,1,"7.131818182",,,"-7.131818182",,,,,14.3,,,,,,,
22,806293,"Martin, Payton",38,57.9,0,0,0,0,0.279,,,0,3,97.6,31,2321,87.8,88.27,5,8,14,0.5,6.6,111,151,120,148,304,319,296,"0.383","-0.383",,,,5,2,0,0,0,0,1,20,2,40,"2.66","0.3","-0.35","-0.09","97.6",112,50,0,0,5.63,-1.36,0.05,1.99,0.4,0,"-1.740909091",,,"1.740909091",,,,,62.5,,,,,,,
22,664199,"Clarke, Taylor",122,18,0.2,0,0.2,0.2,0.178,,,1,5,79.5,5.2,2262,92.6,92.32,1,13,9,-0.29999999999999716,6.03,116,146,118,152,296,325,312,"0.87","-0.87",,,,5,5,1,0,0,0,0,0,0,0,"1.76","0.89","0.14","-0.12","91.9",143,0,0,0,6.22,-0.99,0.72,2.79,0.2,0,"-3.954545455",,,"3.954545455",,,,,7.7,,,,,,,
22,676510,"Hoffman, Nolan",111,19.8,0.286,0.143,0.4,0.429,0.307,,,2,7,83.6,18.8,2392,88.9,88.9,4,13,9,0,6.19,106,148,117,146,283,310,283,"0.677","-0.677",,,,7,5,1,1,0,0,2,28.6,0,0,"2.23","0.64","0.08","-0.03","92.6",176,40,20,14.285714285714285,4.24,-2.43,0.38,3,0.286,1,"-3.077272727",,,"3.077272727",,,,,30.8,,,,,,,
22,605540,"Woodruff, Brandon",94,23.4,0.333,0.167,0.333,0.5,0.358,,,2,6,87.1,18,2317,88.8,89.29,1,12,10,0.5,6.32,113,149,116,149,296,327,297,"0.04","-0.04",,,,6,6,1,1,0,0,0,0,0,0,"1.98","0.88","-0.33","-0.11","92.6",148,20,0,0,6.14,-1.39,0.56,2.53,0.333,0,"-0.181818182",,,"0.181818182",,,,,8.3,,,,,,,
22,687900,"Baker, Andrew",48,45.8,0.667,0.167,0.667,0.833,0.661,,,4,6,86.2,1.3,2265,87,87.08,4,12,10,0.09999999999999432,6.29,105,150,114,146,295,312,280,"-2.224","2.224",,,,7,6,3,1,0,0,0,0,1,14.3,"2.96","0.05","-0.15","-0.01","89.9",125,33.33333333333333,0,0,6.08,-1.65,0.38,1.43,0.714,0,"10.109090909",,,"-10.109090909",,,,,33.3,,,,,,,
22,692414,"Curet, Yoniel",78,28.2,1,2,1,3,1.335,,,2,2,100.4,27.5,2375,86,86.65,3,7,15,0.5999999999999943,6.73,114,147,121,145,276,314,289,"-2.735","2.735",,,,3,2,0,1,0,1,0,0,1,33.3,"2.75","0.33","-0.35","0.15","94.2",181,50,50,33.33333333333333,5.78,-2.12,-0.15,1.55,1,1,"12.431818182",,,"-12.431818182",,,,,42.9,,,,,,,
21,815083,"Farris, Mitch",131,16,0.5,0.5,0.5,1,0.638,,,3,6,93.8,21.2,2132,90,90.84,3,14,7,0.7999999999999972,6.54,110,150,122,148,304,319,293,"-1.049","1.049",,,,6,5,2,0,0,1,1,16.7,0,0,"1.92","0.87","-0.09","0.03","93.8",236,40,20,16.666666666666664,6.03,1.2,-0.39,2.31,0.5,1,"4.995238095",,,"-4.995238095",,,,,21.4,,,,,,,
21,694346,"Gibson, Trey",134,15.7,0,0,0,0,0,,,0,3,88.8,15.3,2199,89,90.81,2,9,12,1.7999999999999972,6.97,116,148,124,150,281,317,285,"1.04","-1.04",,,,3,3,0,0,0,0,0,0,0,0,"2.05","0.79","-0.23","-0.04","92.5",101,66.66666666666666,0,0,5.8,-2.73,-0.23,2.39,0,0,"-4.952380952",,,"4.952380952",,,,,22.2,,,,,,,
21,676910,"Seelinger, Matt",87,24.1,0.2,0,0.2,0.2,0.326,,,1,5,83.7,11.8,2377,86.8,87.07,2,8,13,0.29999999999999716,6.23,106,149,118,148,292,322,282,"-0.113","0.113",,,,7,5,1,0,0,0,0,0,2,28.6,"2.39","0.62","-0.29","-0.12","93.0",111,40,0,0,5.73,-0.63,0.01,2.91,0.429,0,"0.538095238",,,"-0.538095238",,,,,25,,,,,,,
21,682624,"Gaston, Sandy",65,32.3,1,0,1,1,0.762,,,1,1,93.8,15,2137,90.4,91.52,2,8,13,1.0999999999999943,7.09,110,147,119,147,299,323,300,"-1.274","1.274",,,,3,1,1,0,0,0,0,0,2,66.7,"2.27","0.53","-0.1","-0.04","90.4",153,0,0,0,5.73,-1.95,0.11,2.15,1,0,"6.066666667",,,"-6.066666667",,,,,25,,,,,,,
21,828705,"Gillis, Tanner",58,36.2,0,0,0,0,0.531,,,0,1,92.7,62,2297,88.6,89.72,3,7,14,1.1000000000000085,6.65,114,148,118,146,280,305,298,"-0.581","0.581",,,,4,1,0,0,0,0,0,0,2,50,"2.44","0.43","-0.13","-0.03","89.6",109,0,0,0,5.46,-2.68,-0.02,2.64,0.75,0,"2.766666667",,,"-2.766666667",,,,,42.9,,,,,,,
21,674674,"Sikkema, T.J.",107,19.6,0.5,0.5,0.667,1,0.63,,,2,4,103.3,9.3,2089,85,85.54,1,8,13,0.5,6.56,103,149,119,146,289,314,293,"-0.654","0.654",,,,4,3,0,2,0,0,1,25,0,0,"2.67","0.48","-0.26","0.21","94.6",163,100,33.33333333333333,25,5.36,2.92,-0.52,1.99,0.5,1,"3.114285714",,,"-3.114285714",,,,,12.5,,,,,,,
21,621053,"Ferguson, Tyler",103,20.4,0.4,0.2,0.5,0.6,0.515,,,2,5,92.5,1.8,2401,88.7,88.29,2,10,11,-0.4000000000000057,5.95,103,148,116,143,303,311,291,"-1.164","1.164",,,,7,4,1,1,0,0,1,14.3,0,0,"2.44","0.44","-0.12","-0.07","93.0",173,75,25,14.285714285714285,5.75,-3.42,0.22,2.12,0.571,1,"5.542857143",,,"-5.542857143",,,,,20,,,,,,,
21,669371,"Henry, Cole",109,19.3,0,0,0,0,0.174,,,0,3,84.9,25,2529,90,90.4,3,10,11,0.4000000000000057,6.26,112,149,118,150,292,316,294,"0.984","-0.984",,,,4,2,0,0,0,0,1,25,1,25,"1.94","0.84","0.03","0.05","90.1",60,50,0,0,5.33,-2.5,0.53,2.75,0.25,0,"-4.685714286",,,"4.685714286",,,,,30,,,,,,,
21,669194,"Nelson, Ryne",260,8.1,0.25,0.25,0.333,0.5,0.315,,,1,4,102.5,23,2281,90.8,91.48,6,11,10,0.7000000000000028,6.54,110,148,115,149,296,329,304,"0.268","-0.268",,,,4,3,0,1,0,0,1,25,0,0,"2.13","0.62","-0.25","0.02","100.7",226,66.66666666666666,33.33333333333333,25,6.29,-1.2,0.62,2.25,0.25,1,"-1.276190476",,,"1.276190476",,,,,54.5,,,,,,,
21,680744,"Madden, Ty",81,25.9,0,0,0,0,0.1,,,0,6,89.4,45,2572,87.8,87.31,6,15,6,-0.5,5.72,106,147,124,149,280,320,296,"2.031","-2.031",,,,7,4,0,0,0,0,2,28.6,1,14.3,"2.41","0.52","-0.22","0.01","90.8",165,25,0,0,6.03,-1.49,0.45,2.2,0.143,0,"-9.671428571",,,"9.671428571",,,,,40,,,,,,,
21,641816,"Mahle, Tyler",160,13.1,0,0,0,0,0,,,0,5,97,0.8,2281,85.4,85.93,5,12,9,0.5,6.46,107,147,116,150,298,329,301,"1.399","-1.399",,,,5,4,0,0,0,0,1,20,0,0,"2.47","0.64","-0.11","0.12","94.9",140,75,0,0,5.39,-1.84,0.04,2.62,0,0,"-6.661904762",,,"6.661904762",,,,,41.7,,,,,,,
20,641778,"Lauer, Eric",158,12.7,0.333,0.333,0.333,0.667,0.49,,,1,3,92,-0.7,2324,86.3,85.75,3,9,11,-0.5,5.76,105,147,123,144,300,330,287,"-0.212","0.212",,,,4,3,0,1,0,0,0,0,1,25,"2.42","0.62","-0.22","-0.05","90.7",133,33.33333333333333,33.33333333333333,25,6.07,1.8,-0.38,2.76,0.5,1,"1.06",,,"-1.06",,,,,33.3,,,,,,,
20,621381,"Strahm, Matt",123,16.3,0.333,0.167,0.333,0.5,0.358,,,2,6,88.4,3.2,2633,87.7,87.5,2,13,7,-0.20000000000000284,6.04,106,149,119,146,301,322,293,"0.029","-0.029",,,,6,6,1,1,0,0,0,0,0,0,"2","0.95","0.45","-0.35","91.1",112,33.33333333333333,0,0,5.23,2,0.08,2.62,0.333,0,"-0.145",,,"0.145",,,,,15.4,,,,,,,
20,668834,"McGee, Easton",152,13.2,0.2,0.2,0.25,0.4,0.252,,,1,5,93.6,27.5,2426,86.5,87.16,1,8,12,0.7000000000000028,6.54,113,149,123,151,297,322,297,"0.519","-0.519",,,,5,4,0,1,0,0,1,20,0,0,"2.48","0.54","-0.31","0.11","91.4",220,50,0,0,5.55,-1.5,0.53,2.47,0.2,0,"-2.595",,,"2.595",,,,,12.5,,,,,,,
20,702129,"Pham, Alex",62,32.3,0,0,,0,0.419,,,0,2,,,2364,87.1,87.6,2,7,13,0.5,6.37,112,147,124,149,285,310,291,"0.202","-0.202",,,,5,0,0,0,0,0,2,40,3,60,"2.65","0.33","-0.48","0.09","88.0",53,,,,5.97,-0.1,0.3,1.6,0.6,,"-1.01",,,"1.01",,,,,28.6,,,,,,,
20,669022,"Gore, MacKenzie",251,8,1,1,1,2,1.26,,,1,1,84.4,6,1943,89.6,90.63,4,9,11,1,6.79,108,150,120,147,303,318,301,"-0.746","0.746",,,,1,1,0,1,0,0,0,0,0,0,"2.3","0.52","-0.14","0.14","98.2",97,0,0,0,5.61,1.82,-0.9,2.45,1,0,"3.73",,,"-3.73",,,,,44.4,,,,,,,
20,657514,"Bernardino, Brennan",105,19,0.25,0,0.25,0.25,0.222,,,1,4,88.1,14.3,2252,85.6,84.47,3,9,11,-1.0999999999999943,5.43,107,149,115,145,300,324,300,"0.252","-0.252",,,,4,4,1,0,0,0,0,0,0,0,"2.54","0.56","0.13","-0.16","90.2",137,0,0,0,5.23,3.06,0.03,2.22,0.25,0,"-1.26",,,"1.26",,,,,33.3,,,,,,,
20,641941,"Pagán, Emilio",117,17.1,0.75,0.5,0.75,1.25,0.853,,,3,4,91.4,20.8,2313,83.9,85.15,2,8,12,1.2999999999999972,6.84,112,150,113,150,302,333,300,"-1.417","1.417",,,,4,4,1,2,0,0,0,0,0,0,"2.9","0.3","-0.4","-0.14","93.7",204,50,25,25,5.54,-1.53,0.34,2.01,0.75,1,"7.085",,,"-7.085",,,,,25,,,,,,,
20,607481,"Bummer, Aaron",69,29,0,0,0,0,0.1,,,0,6,93.9,25.5,2135,86.9,87.62,6,12,8,0.6999999999999886,6.51,109,153,121,148,314,324,290,"1.433","-1.433",,,,7,4,0,0,0,0,2,28.6,1,14.3,"2.34","0.66","-0.02","0.02","94.2",102,50,0,0,5.09,1.96,-0.23,2.36,0.143,0,"-7.165",,,"7.165",,,,,50,,,,,,,
20,687473,"Gusto, Ryan",161,12.4,0.2,0,0.2,0.2,0.265,,,1,5,83.3,1,2310,89.8,90.56,1,12,8,0.7999999999999972,6.38,113,148,121,147,293,322,287,"0.973","-0.973",,,,6,5,1,0,0,0,0,0,1,16.7,"1.99","0.8","-0.27","0.02","92.1",176,40,0,0,5.95,-1.96,0.11,2.49,0.333,0,"-4.865",,,"4.865",,,,,8.3,,,,,,,
20,690382,"Darrell-Hicks, Michael",68,29.4,0.333,0,0.5,0.333,0.397,,,1,3,74.7,30,2622,86.2,86.47,7,10,10,0.29999999999999716,6.49,113,146,118,146,284,313,285,"0.305","-0.305",,,,4,2,1,0,0,0,1,25,1,25,"2.84","0.23","-0.32","0.04","88.0",235,0,0,0,5.82,-1.45,0.79,1.63,0.5,0,"-1.525",,,"1.525",,,,,70,,,,,,,
20,682949,"Suarez, Christian",46,43.5,0,0,0,0,0,,,0,2,93.4,29,2365,89.1,88.22,5,10,10,-0.8999999999999915,5.74,117,151,119,146,301,329,286,"0.977","-0.977",,,,2,2,0,0,0,0,0,0,0,0,"2.47","0.4","-0.23","0.06","93.6",124,50,0,0,6.53,2.57,-0.27,2.5,0,0,"-4.885",,,"4.885",,,,,50,,,,,,,
20,641672,"Hatch, Thomas",74,27,0.333,0.5,0.25,0.833,0.489,,,2,6,93.5,13.2,2523,89.6,89.78,2,10,10,0.29999999999999716,6.12,110,145,117,149,295,326,302,"-0.979","0.979",,,,6,5,1,0,0,1,1,16.7,0,0,"2","0.81","-0.18","0.06","94.1",187,40,20,16.666666666666664,5.68,-1.57,0.16,2.75,0.333,1,"4.895",,,"-4.895",,,,,20,,,,,,,
20,684974,"Yoho, Craig",94,21.3,0.2,0,0.333,0.2,0.178,,,1,5,77.8,51.3,2507,89.8,90.77,4,10,10,1,6.65,110,142,114,146,295,315,296,"0.705","-0.705",,,,5,3,1,0,0,0,2,40,0,0,"1.91","0.89","-0.07","0.03","90.3",97,0,0,0,5.09,-2.27,0.37,2.24,0.2,0,"-3.525",,,"3.525",,,,,40,,,,,,,
20,684128,"Sena, Reidis",51,39.2,0.2,0,0.2,0.2,0.178,,,1,5,79.3,22.4,2210,89.3,89.2,1,9,11,-0.09999999999999432,6.23,111,147,119,146,296,321,291,"0.809","-0.809",,,,5,5,1,0,0,0,0,0,0,0,"2.46","0.4","0.08","0.05","89.3",105,0,0,0,6.08,-0.78,0.44,2.49,0.2,0,"-4.045",,,"4.045",,,,,11.1,,,,,,,
20,664126,"Fairbanks, Pete",75,26.7,0,0,0,0,0,,,0,2,103.7,25,2474,88.9,88.63,8,14,6,-0.30000000000001137,6.09,115,149,126,150,280,316,287,"1.18","-1.18",,,,2,1,0,0,0,0,1,50,0,0,"2.36","0.52","-0.35","-0.02","91.1",132,100,100,50,7.04,-0.55,0.37,2.25,0,1,"-5.9",,,"5.9",,,,,57.1,,,,,,,
20,607200,"Fedde, Erick",131,15.3,0.286,0.571,0.2,0.857,0.472,,,2,7,96.8,16.5,2133,90.3,91.13,2,10,10,0.7999999999999972,6.57,111,146,118,148,299,331,300,"-0.627","0.627",,,,7,6,0,1,0,1,1,14.3,0,0,"2.32","0.45","-0.25","0.18","96.4",211,66.66666666666666,33.33333333333333,28.57142857142857,5.9,-1.37,0.36,2.95,0.286,2,"3.135",,,"-3.135",,,,,20,,,,,,,
19,605154,"Brebbia, John",133,14.3,0.571,1.429,0.333,2,1.057,,,4,7,87.6,30,2325,83.2,83.68,8,17,2,0.5,6.51,117,150,118,148,296,322,300,"-3.776","3.776",,,,7,6,0,1,0,3,1,14.3,0,0,"2.11","1.18","-0.45","-0.29","94.2",250,50,50,42.857142857142854,5.93,-1.89,0.47,2.29,0.571,3,"19.873684211",,,"-19.873684211",,,,,47.1,,,,,,,
19,691602,"Cruz, Stiven",79,24.1,0.143,0,0.143,0.143,0.111,,,1,7,84.3,45.9,2326,87.2,87.2,1,10,9,0,5.86,102,145,115,140,300,314,298,"1.16","-1.16",,,,8,7,1,0,0,0,1,12.5,0,0,"2.34","0.62","-0.25","-0.22","89.9",244,14.285714285714285,0,0,6,-1.29,0.38,2.24,0.125,0,"-6.105263158",,,"6.105263158",,,,,10,,,,,,,
19,607625,"Lugo, Seth",154,12.3,0.25,0,0.5,0.25,0.222,,,1,4,85.2,11,2333,89.7,89.35,2,10,9,-0.4000000000000057,5.91,116,149,130,152,295,322,302,"0.553","-0.553",,,,4,2,1,0,0,0,2,50,0,0,"1.83","0.99","-0.02","0","88.2",164,0,0,0,5.69,-1.85,0.1,2.8,0.25,0,"-2.910526316",,,"2.910526316",,,,,20,,,,,,,
19,680604,"Castaño, Blas",86,22.1,1,3,,4,1.372,,,1,1,104.3,23,2411,90.7,89.49,2,7,12,-1.2000000000000028,5.32,111,142,110,147,292,319,303,"-1.243","1.243",,,,2,1,0,0,0,1,0,0,1,50,"2.06","0.69","-0.2","0.16","94.2",124,100,100,50,4.97,-2.27,0.17,2.46,1,1,"6.542105263",,,"-6.542105263",,,,,28.6,,,,,,,
19,702903,"Garcia, Saul",53,35.8,0.4,0.6,0.5,1,0.587,,,2,5,87.6,43,2101,86.6,86.68,6,10,9,0.10000000000000853,6.24,104,147,122,147,298,324,293,"-1.172","1.172",,,,5,3,1,0,0,1,2,40,0,0,"2.7","0.33","-0.1","-0.04","93.9",71,33.33333333333333,33.33333333333333,20,5.06,-2.03,0.77,1.76,0.4,1,"6.168421053",,,"-6.168421053",,,,,60,,,,,,,
19,683618,"Henriquez, Edgardo",115,16.5,0,0,0,0,0.182,,,0,3,98.5,-18.7,2497,94.7,94.98,2,14,5,0.29999999999999716,6.38,108,144,121,145,294,330,304,"0.579","-0.579",,,,4,3,0,0,0,0,0,0,0,0,"1.65","0.89","-0.11","0.13","95.8",96,100,0,0,5.96,-2.21,0.57,2.55,0.25,0,"-3.047368421",,,"3.047368421",,,,,14.3,,,,,,,
19,661527,"Martinez, Seth",145,13.1,0.25,0.25,0.25,0.5,0.448,,,1,4,70,50.3,2417,86.7,87.69,1,9,10,1,6.78,108,143,122,148,281,311,292,"-0.69","0.69",,,,6,4,0,1,0,0,0,0,1,16.7,"2.32","0.7","-0.14","0.09","92.7",191,25,25,16.666666666666664,4.62,-2.43,0.55,2.75,0.5,1,"3.631578947",,,"-3.631578947",,,,,11.1,,,,,,,
19,676050,"Naughton, Packy",81,23.5,0,0,0,0,0,,,0,4,98.2,-6,2144,86.6,86.47,5,9,10,-0.09999999999999432,6.14,110,148,121,148,292,317,287,"0.919","-0.919",,,,4,3,0,0,0,0,1,25,0,0,"2.56","0.48","-0.09","-0.01","99.0",27,66.66666666666666,0,0,5.74,2.41,-0.22,1.66,0,0,"-4.836842105",,,"4.836842105",,,,,55.6,,,,,,,
19,677958,"Rocker, Kumar",185,10.3,0.429,0,0.429,0.429,0.334,,,3,7,97.2,7.9,2116,92.9,93.65,1,10,9,0.7999999999999972,6.67,113,148,117,151,298,313,306,"-0.08","0.08",,,,8,7,3,0,0,0,1,12.5,0,0,"2.1","0.54","-0.09","-0.03","97.0",144,85.71428571428571,14.285714285714285,12.5,5.71,-2.51,0.1,2.73,0.375,1,"0.421052632",,,"-0.421052632",,,,,10,,,,,,,
19,694363,"Shuster, Jared",80,23.8,0.2,0,0.25,0.2,0.178,,,1,5,86,-7.3,2246,88,88.66,3,10,9,0.7000000000000028,6.48,107,148,119,146,301,328,289,"1.306","-1.306",,,,5,4,1,0,0,0,1,20,0,0,"2.23","0.69","-0.15","-0.03","91.4",79,25,0,0,5.31,1.7,-0.41,2.09,0.2,0,"-6.873684211",,,"6.873684211",,,,,30,,,,,,,
19,650893,"Cabrera, Génesis",98,19.4,0.5,0.25,0.667,0.75,0.537,,,2,4,86.3,9.7,2140,88.5,88.26,2,10,9,-0.20000000000000284,5.87,111,147,118,146,275,303,285,"-1.736","1.736",,,,4,3,1,1,0,0,1,25,0,0,"1.96","0.92","-0.09","-0.01","89.8",131,33.33333333333333,0,0,6.12,0.82,-0.48,1.86,0.5,0,"9.136842105",,,"-9.136842105",,,,,20,,,,,,,
19,664074,"Ponce, Cody",215,8.8,0.333,0,0.5,0.333,0.397,,,1,3,103.9,12.5,2441,92.6,93.34,2,9,10,0.7000000000000028,6.61,119,149,121,150,285,328,296,"0.101","-0.101",,,,4,2,1,0,0,0,1,25,1,25,"1.55","1.1","0.12","-0.12","101.6",196,100,0,0,6.57,-2.68,0.77,2.36,0.5,0,"-0.531578947",,,"0.531578947",,,,,22.2,,,,,,,
19,691786,"Morales, Michael",51,37.3,0,0,0,0,0.419,,,0,2,94.3,1,2328,86.4,86.72,1,6,13,0.29999999999999716,6.28,115,148,117,151,299,321,304,"-0.035","0.035",,,,5,1,0,0,0,0,1,20,3,60,"2.63","0.4","-0.51","0.17","89.3",159,0,0,0,5.96,-0.69,-0.24,2.48,0.6,0,"0.184210526",,,"-0.184210526",,,,,16.7,,,,,,,
19,808967,"Yamamoto, Yoshinobu",151,12.6,0.25,0,0.5,0.25,0.222,,,1,4,91.1,3.5,2420,90.9,91.47,8,13,6,0.5999999999999943,6.36,115,151,120,151,306,325,297,"0.887","-0.887",,,,4,2,1,0,0,0,2,50,0,0,"2.05","0.68","-0.3","-0.03","92.3",143,50,0,0,5.51,-1.93,0.65,2.05,0.25,0,"-4.668421053",,,"4.668421053",,,,,61.5,,,,,,,
19,671143,"Denholm, Trenton",68,27.9,0,0,0,0,0.174,,,0,3,82.9,-20,1870,87,87.11,2,5,14,0.09999999999999432,6.24,101,144,119,144,304,323,290,"0.619","-0.619",,,,4,2,0,0,0,0,1,25,1,25,"2.46","0.54","-0.16","-0.12","92.5",6,50,0,0,5.51,-1.95,0.75,1.97,0.25,0,"-3.257894737",,,"3.257894737",,,,,40,,,,,,,
19,656755,"Montes de Oca, Bryce",64,29.7,,,0,,0,,,0,0,94.8,42,2143,92.2,91.74,1,6,13,-0.5,5.95,116,146,114,144,293,316,291,"-0.241","0.241",,,,1,1,0,0,0,0,0,0,0,0,"1.91","0.77","0.03","0.02","90.2",148,0,0,0,5.8,-1.83,-0.29,2.29,0,0,"1.268421053",,,"-1.268421053",,,,,16.7,,,,,,,
19,672841,"Vargas, Carlos",133,14.3,0.286,0.429,0.25,0.714,0.454,,,2,7,95.2,3.2,2257,95.6,96.16,4,11,8,0.6000000000000085,6.55,118,143,119,147,294,317,287,"0.359","-0.359",,,,8,5,1,0,0,1,2,25,1,12.5,"1.67","0.81","0.05","-0.04","95.3",212,60,20,12.5,6.01,-2.62,0.25,2.8,0.375,1,"-1.889473684",,,"1.889473684",,,,,36.4,,,,,,,
18,689359,"Stanavich, Dale",55,32.7,0.5,0,1,0.5,0.571,,,1,2,85.1,19,2188,86.9,85.84,3,7,11,-1.1000000000000085,5.82,114,149,130,150,285,315,287,"-0.644","0.644",,,,4,1,1,0,0,0,1,25,2,50,"2.71","0.29","-0.36","0.12","88.0",236,0,0,0,5.52,1.75,-0.24,2.26,0.75,0,"3.577777778",,,"-3.577777778",,,,,42.9,,,,,,,
18,681293,"Arrighetti, Spencer",150,12,0.25,0,0.333,0.25,0.317,,,1,4,89.6,53.7,2389,86.5,88.57,2,9,9,2.0999999999999943,7.23,111,148,122,151,292,320,294,"0.539","-0.539",,,,5,3,1,0,0,0,1,20,1,20,"2.46","0.55","-0.33","0.09","91.6",96,33.33333333333333,0,0,4.78,-1.77,0.06,2.42,0.4,0,"-2.994444444",,,"2.994444444",,,,,22.2,,,,,,,
18,676596,"Fleming, Josh",121,14.9,0.4,0,0.4,0.4,0.356,,,2,5,94.3,3.6,1879,85.9,86.13,0,8,10,0.19999999999998863,6.32,109,150,124,143,298,326,284,"-0.382","0.382",,,,5,5,2,0,0,0,0,0,0,0,"2.47","0.61","0.33","-0.32","96.2",129,60,0,0,5.58,3.07,0.16,2.68,0.4,0,"2.122222222",,,"-2.122222222",,,,,0,,,,,,,
18,702021,"Dion, Will",89,20.2,0.5,0,0.5,0.5,0.445,,,3,6,85.5,15.2,2376,87.5,87.71,3,13,5,0.20000000000000284,6.08,107,152,119,147,294,316,302,"0.272","-0.272",,,,6,6,3,0,0,0,0,0,0,0,"2.05","0.89","-0.29","0.19","92.6",126,33.33333333333333,0,0,5.87,2.15,-0.38,2.67,0.5,0,"-1.511111111",,,"1.511111111",,,,,23.1,,,,,,,
18,814783,"Anderson, Casey",100,18,0.667,0,0.667,0.667,0.593,,,2,3,82.9,34,2231,90.6,91.12,1,6,12,0.5,6.49,110,142,115,146,302,324,309,"-0.261","0.261",,,,3,3,2,0,0,0,0,0,0,0,"2.16","0.61","-0.04","-0.03","88.0",195,0,0,0,5.4,-2.01,0.42,2.71,0.667,0,"1.45",,,"-1.45",,,,,16.7,,,,,,,
18,476594,"Stock, Robert",40,45,0.25,0,0.25,0.25,0.222,,,1,4,74.3,26,2410,91.5,91.5,1,8,10,0,6.19,115,150,126,150,290,317,292,"0.181","-0.181",,,,4,4,1,0,0,0,0,0,0,0,"2.02","0.7","0.26","0.1","88.5",117,0,0,0,4.69,-4.2,0.89,2.42,0.25,0,"-1.005555556",,,"1.005555556",,,,,12.5,,,,,,,
18,669084,"Hall, DL",158,11.4,0,0,0,0,0,,,0,5,91.7,37.8,2108,91.6,92.61,1,8,10,1,6.81,110,149,118,147,296,319,296,"1.162","-1.162",,,,5,5,0,0,0,0,0,0,0,0,"2.01","0.7","0.03","-0.01","92.8",249,25,25,20,5.51,2.71,-0.52,2.5,0,1,"-6.455555556",,,"6.455555556",,,,,12.5,,,,,,,
18,670167,"Schreiber, John",145,12.4,0.167,0,0.2,0.167,0.148,,,1,6,78.8,12.6,2440,88.5,89.24,2,11,7,0.7000000000000028,6.53,112,149,119,149,302,321,277,"0.82","-0.82",,,,6,5,1,0,0,0,1,16.7,0,0,"2.54","0.35","-0.07","0","90.3",158,0,0,0,4.56,-2.99,0.16,2.54,0.167,0,"-4.555555556",,,"4.555555556",,,,,18.2,,,,,,,
18,668831,"Stallings, Garrett",73,24.7,0.667,0.667,0.667,1.333,0.84,,,2,3,101.3,14,2213,87,87.79,4,8,10,0.7999999999999972,6.49,110,148,117,149,303,317,295,"-0.786","0.786",,,,3,3,0,2,0,0,0,0,0,0,"2.47","0.51","-0.17","0","101.3",241,100,0,0,5.45,-1.11,0.36,2.08,0.667,0,"4.366666667",,,"-4.366666667",,,,,50,,,,,,,
18,815043,"Miller, Simon",32,56.3,0.5,0.167,0.5,0.667,0.534,,,3,6,91.4,-8,2193,87.7,87.73,2,8,10,0,6.09,103,149,115,149,292,332,308,"-2.801","2.801",,,,7,6,2,1,0,0,0,0,1,14.3,"3.14","-0.2","0.04","-0.03","98.0",98,66.66666666666666,0,0,6.06,-1.99,-0.33,2.26,0.571,0,"15.561111111",,,"-15.561111111",,,,,25,,,,,,,
18,822416,"Adams, Cooper",56,32.1,0,0,0,0,0,,,0,3,102,21,2193,87.6,87.45,3,7,11,-0.09999999999999432,6.1,103,147,123,149,292,315,291,"0.658","-0.658",,,,3,1,0,0,0,0,2,66.7,0,0,"2.68","0.29","-0.13","0.03","92.7",211,100,0,0,5.55,-2.07,0.11,2.33,0,0,"-3.655555556",,,"3.655555556",,,,,42.9,,,,,,,
17,596133,"Weaver, Luke",76,22.4,0,0,0,0,0,,,0,2,84.9,25.5,2310,89,88.78,2,8,9,-0.20000000000000284,5.95,111,151,121,149,292,313,279,"0.671","-0.671",,,,2,2,0,0,0,0,0,0,0,0,"1.93","0.93","-0.17","-0.09","89.2",115,0,0,0,5.6,-1.35,0.7,2.3,0,0,"-3.947058824",,,"3.947058824",,,,,25,,,,,,,
17,694360,"Way, Beck",56,30.4,0.25,0.125,0.333,0.375,0.269,,,2,8,86.7,-5.8,2428,88.9,88.95,2,11,6,0.09999999999999432,6.22,115,146,114,145,296,318,276,"0.802","-0.802",,,,8,6,1,1,0,0,2,25,0,0,"2.61","0.27","-0.3","-0.19","91.9",82,33.33333333333333,0,0,5.49,-1.85,0.02,2.32,0.25,0,"-4.717647059",,,"4.717647059",,,,,18.2,,,,,,,
17,694781,"Mercado, Logan",49,34.7,0.333,0,0.333,0.333,0.397,,,1,3,98.4,18.3,2315,87.4,87.21,2,7,10,-0.20000000000000284,6.12,103,140,112,140,289,315,287,"-0.087","0.087",,,,4,3,1,0,0,0,0,0,1,25,"2.67","0.32","-0.53","0.04","96.0",116,100,0,0,5.83,-2.02,0.32,1.89,0.5,0,"0.511764706",,,"-0.511764706",,,,,28.6,,,,,,,
17,684442,"Drake, Kohl",119,14.3,0.25,0.25,0.25,0.5,0.315,,,1,4,88.1,29.3,2213,86.2,86.58,0,10,7,0.3999999999999915,6.3,106,149,120,147,307,326,299,"0.239","-0.239",,,,4,4,0,1,0,0,0,0,0,0,"2.42","0.63","-0.18","0.18","92.0",196,50,25,25,5.86,1.35,-0.19,2.43,0.25,1,"-1.405882353",,,"1.405882353",,,,,0,,,,,,,
17,694298,"Dombkowski, Nick",108,15.7,0.5,0.75,0.333,1.25,0.734,,,2,4,96.8,30.8,2200,87.4,87.2,3,11,6,-0.20000000000000284,6.08,113,148,122,149,289,315,291,"-0.733","0.733",,,,4,4,1,0,0,1,0,0,0,0,"2.08","0.9","-0.11","0","92.6",227,50,25,25,6.07,1.9,-0.56,2.22,0.5,1,"4.311764706",,,"-4.311764706",,,,,27.3,,,,,,,
17,805299,"Garcia, Brandyn",153,11.1,0.167,0,0.2,0.167,0.148,,,1,6,74.9,25.4,2365,91.7,90.12,2,10,7,-1.6000000000000085,5.23,115,151,120,147,310,327,298,"0.405","-0.405",,,,6,5,1,0,0,0,1,16.7,0,0,"2.25","0.45","-0.14","0.14","93.3",199,20,0,0,5.48,1.86,-0.3,2.96,0.167,0,"-2.382352941",,,"2.382352941",,,,,20,,,,,,,
17,640454,"Krook, Matt",111,15.3,0.333,0,0.5,0.333,0.457,,,1,3,92.5,30.5,2487,87.9,87.53,2,7,10,-0.4000000000000057,5.93,112,151,118,147,296,319,294,"-0.717","0.717",,,,5,2,1,0,0,0,1,20,2,40,"2.37","0.57","0.14","-0.11","91.7",245,50,50,20,6.13,1.69,-0.87,1.73,0.6,1,"4.217647059",,,"-4.217647059",,,,,28.6,,,,,,,
17,656240,"Blewett, Scott",112,15.2,,,,,,,,,,,,2275,89.9,91.77,1,6,11,1.8999999999999915,7.04,113,146,112,151,280,313,294,"-0.083","0.083",,,,,,,,,,,,,,"2.19","0.59","-0.22","0.21","88.0",162,,,,6.06,-1.79,0.03,3.01,,,"0.488235294",,,"-0.488235294",,,,,16.7,,,,,,,
17,665871,"Assad, Javier",116,14.7,0.5,0,0.333,0.5,0.296,,,1,2,107.3,20.7,2052,88.6,89.14,1,6,11,0.5,6.4,101,145,109,143,308,326,300,"-0.624","0.624",,,,3,3,1,0,0,0,0,0,0,0,"2.46","0.42","-0.38","-0.06","99.6",205,100,33.33333333333333,33.33333333333333,5.89,-1.81,0.55,2.71,0.333,1,"3.670588235",,,"-3.670588235",,,,,16.7,,,,,,,
17,657277,"Webb, Logan",150,11.3,0.667,0.333,0.667,1,0.712,,,2,3,88.8,12.7,2147,90.4,91.06,1,11,6,0.6999999999999886,6.59,107,149,110,149,302,327,304,"-0.888","0.888",,,,4,3,1,1,0,0,0,0,1,25,"2.12","0.66","0.15","-0.02","93.5",210,66.66666666666666,33.33333333333333,25,5.09,-1.93,0.64,2.64,0.75,1,"5.223529412",,,"-5.223529412",,,,,9.1,,,,,,,
17,686678,"Solesky, Chase",137,12.4,1,1,1,2,1.26,,,1,1,99.1,1,2033,89.4,90.44,2,7,10,1,6.76,110,150,122,148,288,319,288,"-0.735","0.735",,,,1,1,0,1,0,0,0,0,0,0,"2.18","0.66","-0.21","-0.1","92.3",165,100,0,0,5.81,-1.29,0.6,2.32,1,0,"4.323529412",,,"-4.323529412",,,,,28.6,,,,,,,
17,691795,"Selvidge, Brock",40,42.5,0,0,0,0,0.233,,,0,2,89.3,-6,2746,89.9,89.95,2,7,10,0,6.06,113,148,120,149,298,308,267,"0.49","-0.49",,,,3,1,0,0,0,0,1,33.3,1,33.3,"2.47","0.33","-0.35","0.17","88.3",80,0,0,0,5.98,0.61,-0.15,2.16,0.333,0,"-2.882352941",,,"2.882352941",,,,,28.6,,,,,,,
17,801639,"Vrieling, Trystan",53,32.1,0,0,0,0,0,,,0,4,71.2,36,2537,82.8,82.66,4,9,8,-0.09999999999999432,6.13,111,148,116,149,306,337,301,"0.359","-0.359",,,,4,2,0,0,0,0,2,50,0,0,"3.19","0.19","-0.9","-0.27","88.0",131,0,0,0,5.49,-2.51,0.18,1.92,0,0,"-2.111764706",,,"2.111764706",,,,,44.4,,,,,,,
17,811315,"Hopkins, Brody",52,32.7,0.25,0,0.333,0.25,0.222,,,1,4,84.6,18,2620,91.8,92.76,3,8,9,1,6.51,102,147,115,147,295,325,297,"0.598","-0.598",,,,4,3,1,0,0,0,1,25,0,0,"2.31","0.4","-0.35","-0.02","91.2",195,0,0,0,5.4,-1.81,0.51,2.44,0.25,0,"-3.517647059",,,"3.517647059",,,,,37.5,,,,,,,
16,518489,"Brasier, Ryan",113,14.2,0.2,0,0.25,0.2,0.178,,,1,5,93.2,-1,2336,88.1,89.41,2,11,5,1.3000000000000114,6.82,114,147,107,152,297,317,304,"0.803","-0.803",,,,5,4,1,0,0,0,1,20,0,0,"1.97","0.94","-0.13","0.1","93.5",95,75,25,20,5.67,-1.55,0.56,2.44,0.2,1,"-5.01875",,,"5.01875",,,,,18.2,,,,,,,
16,656457,"Gilbert, Tyler",111,14.4,0.25,0.5,0.25,0.75,0.399,,,1,4,85.9,27.5,2281,88,87.99,2,9,7,0,6.11,106,140,113,134,299,330,298,"-0.017","0.017",,,,4,4,0,0,1,0,0,0,0,0,"2.14","0.79","-0.05","0.02","89.3",95,0,0,0,5.51,2.94,0,2.43,0.25,0,"0.10625",,,"-0.10625",,,,,22.2,,,,,,,
16,701719,"Samaniego, Tyler",73,21.9,0.5,0,0.5,0.5,0.529,,,1,2,87.6,19,2290,89.4,90.66,0,5,11,1.2999999999999972,6.96,105,148,119,148,283,305,296,"-0.158","0.158",,,,3,2,1,0,0,0,0,0,1,33.3,"2.09","0.75","0.01","0.09","92.3",164,50,50,33.33333333333333,5.65,1.74,0.07,2.29,0.667,1,"0.9875",,,"-0.9875",,,,,0,,,,,,,
16,691799,"Taylor, Grant",159,10.1,0.4,0,0.5,0.4,0.413,,,2,5,102.8,-5.3,2486,95,96.63,3,9,7,1.5999999999999943,7.08,114,143,119,148,298,327,299,"-0.124","0.124",,,,6,4,2,0,0,0,1,16.7,1,16.7,"2.07","0.45","-0.28","0.26","99.9",109,100,0,0,5.74,-0.77,0.52,2.22,0.5,0,"0.775",,,"-0.775",,,,,33.3,,,,,,,
16,592717,"Sanchez, Aaron",152,10.5,0.25,0.25,0.333,0.5,0.443,,,1,4,68.8,27.7,2207,88.3,89.86,2,7,9,1.6000000000000085,7.03,111,150,121,148,297,317,299,"0","0",,,,6,3,0,1,0,0,1,16.7,2,33.3,"2.43","0.47","-0.15","-0.05","90.9",114,33.33333333333333,33.33333333333333,16.666666666666664,5.45,-1.53,0.43,2.41,0.5,1,"0",,,"0",,,,,28.6,,,,,,,
16,671096,"Abbott, Andrew",362,4.4,0.667,1,1,1.667,0.979,,,2,3,98.9,22,2443,89.1,89.24,4,8,8,0.10000000000000853,6.36,108,152,116,148,300,326,289,"-1.499","1.499",,,,3,2,1,0,0,1,1,33.3,0,0,"2.32","0.55","-0.4","0.4","100.3",338,50,50,33.33333333333333,6.14,2.48,-0.75,2.42,0.667,1,"9.36875",,,"-9.36875",,,,,50,,,,,,,
16,696131,"Black, Mason",124,12.9,0,0,0,0,0,,,0,4,79.2,-22.3,2165,91.7,92.31,3,8,8,0.5999999999999943,6.54,118,142,119,149,287,320,300,"1.257","-1.257",,,,4,3,0,0,0,0,1,25,0,0,"2.15","0.55","0.3","-0.3","91.6",52,33.33333333333333,0,0,5.37,-1.98,0.14,2.38,0,0,"-7.85625",,,"7.85625",,,,,37.5,,,,,,,
16,687562,"Bennett, Jake",72,22.2,0.333,0,0.5,0.333,0.296,,,1,3,90.9,11.5,2099,86.9,87.65,4,11,5,0.7999999999999972,6.97,91,150,122,145,299,314,273,"0.802","-0.802",,,,3,2,1,0,0,0,1,33.3,0,0,"2.74","0.31","0.12","-0.08","91.2",20,0,0,0,5.64,2.74,-0.59,2.18,0.333,0,"-5.0125",,,"5.0125",,,,,36.4,,,,,,,
16,695605,"Smith, Travis",27,59.3,0,0,0,0,0.238,,,0,3,90.8,10.5,2426,90.1,90.44,4,8,8,0.30000000000001137,6.17,115,148,112,144,301,293,295,"-0.316","0.316",,,,6,2,0,0,0,0,2,33.3,1,16.7,"2.25","0.53","-0.28","0.13","91.3",127,50,0,0,5.78,-1.99,-0.1,2.47,0.333,0,"1.975",,,"-1.975",,,,,50,,,,,,,
16,824620,"Hardin, Tyson",37,43.2,1,3,,4,1.372,,,1,1,112.3,29,2522,88.3,89.14,3,9,7,0.7999999999999972,6.53,119,149,125,152,296,312,289,"-2.008","2.008",,,,2,1,0,0,0,1,0,0,1,50,"2.65","0.25","-0.33","0.06","96.1",235,100,100,50,5,-1.71,0.82,1.86,1,1,"12.55",,,"-12.55",,,,,33.3,,,,,,,
16,802372,"Green, Griffin",50,32,0.25,0,0.5,0.25,0.222,,,1,4,103.5,21,2231,89,89.01,2,6,10,0,6.15,117,144,116,149,274,316,309,"0.2","-0.2",,,,4,2,1,0,0,0,2,50,0,0,"2.5","0.36","-0.29","0.21","104.7",130,100,0,0,5.24,-2.29,-0.13,2.08,0.25,0,"-1.25",,,"1.25",,,,,33.3,,,,,,,
16,678022,"Perkins, Jack",182,8.8,0,0,,0,0.349,,,0,1,,,2343,93.8,93.72,4,6,10,-0.09999999999999432,6.15,105,144,124,148,289,318,299,"0.098","-0.098",,,,2,0,0,0,0,0,1,50,1,50,"1.83","0.75","-0.03","-0.01","88.0",10,,,,5.49,-2.02,0.63,3.22,0.5,,"-0.6125",,,"0.6125",,,,,66.7,,,,,,,
16,702065,"Rozek, Aaron",63,25.4,0,0,,0,0,,,0,1,,,2391,85.8,84.96,2,7,9,-0.7999999999999972,5.75,109,151,122,148,293,312,281,"0.6","-0.6",,,,1,0,0,0,0,0,1,100,0,0,"2.21","0.89","0.06","-0.05","90.7",144,,,,5.59,3.92,-0.11,2.26,0,,"-3.75",,,"3.75",,,,,28.6,,,,,,,
16,691384,"Perales, Luis",24,66.7,0,0,0,0,0.349,,,0,1,101.7,20,,90.9,91.09,3,7,9,0.19999999999998863,6.19,118,148,118,150,290,322,309,"0.123","-0.123",,,,2,1,0,0,0,0,0,0,1,50,"2.35","0.39","-0.34","0.26","101.7",354,100,0,0,5.93,-1.12,0.3,1.77,0.5,0,"-0.76875",,,"0.76875",,,,,42.9,,,,,,,
16,669620,"Basso, Brady",86,18.6,0.333,0.333,0.333,0.667,0.42,,,1,3,90,7,2181,89.8,89.84,0,6,10,0,6.23,110,150,122,150,297,311,287,"-0.308","0.308",,,,3,3,0,1,0,0,0,0,0,0,"2.17","0.65","-0.04","-0.02","92.2",118,33.33333333333333,33.33333333333333,33.33333333333333,6.52,2,-0.05,2.37,0.333,1,"1.925",,,"-1.925",,,,,0,,,,,,,
16,668716,"Murdock, Noah",91,17.6,1,0,1,1,0.889,,,1,1,69.2,54,2212,89.9,90.18,4,7,9,0.29999999999999716,6.44,106,145,117,148,288,310,288,"-0.283","0.283",,,,1,1,1,0,0,0,0,0,0,0,"2.18","0.63","-0.1","0.04","88.0",144,0,0,0,5.19,-2.08,0.01,2.43,1,0,"1.76875",,,"-1.76875",,,,,57.1,,,,,,,
16,689981,"Ryan, River",137,11.7,0.333,0,0.333,0.333,0.296,,,1,3,83.1,11.3,2431,94,94.73,2,7,9,0.7000000000000028,6.55,102,146,108,150,290,315,301,"0.07","-0.07",,,,3,3,1,0,0,0,0,0,0,0,"1.87","0.7","-0.2","0.2","90.2",140,33.33333333333333,0,0,5.63,-2.13,0.17,2.43,0.333,0,"-0.4375",,,"0.4375",,,,,28.6,,,,,,,
16,605400,"Nola, Aaron",110,14.5,0,0,0,0,0,,,0,2,62.5,-67,2199,86,86.69,2,6,10,0.7000000000000028,6.65,110,148,117,149,291,312,281,"0.231","-0.231",,,,2,1,0,0,0,0,1,50,0,0,"2.3","0.77","0.04","0.01","90.5",127,0,0,0,5.01,-1.8,0.46,2.54,0,0,"-1.44375",,,"1.44375",,,,,33.3,,,,,,,
16,518876,"Kelly, Merrill",124,12.9,0.571,0.429,0.6,1,0.674,,,4,7,93,12,2368,90.2,89.56,1,10,6,-0.6000000000000085,5.82,113,150,119,150,295,320,296,"-1.817","1.817",,,,7,6,3,0,0,1,1,14.3,0,0,"1.83","0.97","0.23","-0.05","92.4",199,50,16.666666666666664,14.285714285714285,5.52,-1.96,-0.12,2.59,0.571,1,"11.35625",,,"-11.35625",,,,,10,,,,,,,
15,695761,"Huggins, Kenya",33,45.5,0.25,0,0.5,0.25,0.222,,,1,4,89.3,2,2154,88.8,90.55,2,5,10,1.7999999999999972,7.16,101,144,114,140,299,315,287,"0.298","-0.298",,,,4,2,1,0,0,0,2,50,0,0,"2.45","0.42","-0.36","-0.09","91.9",69,50,0,0,6.31,-1.77,0.22,2.04,0.25,0,"-1.986666667",,,"1.986666667",,,,,40,,,,,,,
15,543056,"Coulombe, Danny",40,37.5,0.75,0,1,0.75,0.673,,,3,4,95.8,15.3,2558,85.4,84.55,3,7,8,-0.9000000000000057,5.69,105,146,115,146,274,307,294,"-0.961","0.961",,,,5,3,3,0,0,0,1,20,1,20,"2.64","0.49","-0.43","-0.01","99.4",233,66.66666666666666,0,0,6.2,-0.21,-0.81,2.02,0.8,0,"6.406666667",,,"-6.406666667",,,,,42.9,,,,,,,
15,695380,"Hoppe, Alex",140,10.7,0.75,0.75,1,1.5,0.957,,,3,4,98.4,9,2314,91.5,91.89,3,11,4,0.4000000000000057,6.48,102,145,119,145,292,321,308,"-2.401","2.401",,,,4,3,2,0,0,1,1,25,0,0,"2.49","0.23","-0.38","-0.05","98.0",200,66.66666666666666,33.33333333333333,25,5.8,-1.13,0.41,1.63,0.75,1,"16.006666667",,,"-16.006666667",,,,,27.3,,,,,,,
15,827610,"Cain, Brandon",28,53.6,1,1,1,2,0.979,,,1,1,109.4,2,2353,87.1,87.29,2,4,11,0.20000000000000284,6.29,109,148,115,145,291,308,261,"-0.93","0.93",,,,2,1,0,1,0,0,0,0,1,50,"2.76","0.24","-0.39","-0.34","98.7",64,100,0,0,5.64,-1.29,0.56,1.4,1,0,"6.2",,,"-6.2",,,,,50,,,,,,,
15,663947,"Holton, Tyler",73,20.5,0,0,0,0,0.116,,,0,5,97.3,-10.3,2363,86.8,87.26,1,9,6,0.5,6.31,111,151,120,149,292,328,287,"1.338","-1.338",,,,6,4,0,0,0,0,1,16.7,1,16.7,"2.53","0.47","-0.4","0.3","94.2",69,75,0,0,5.99,1.71,-0.04,2.54,0.167,0,"-8.92",,,"8.92",,,,,11.1,,,,,,,
15,801700,"DeVos, Nolan",42,35.7,0.333,0,0.333,0.333,0.296,,,1,3,58.4,-33.7,2644,90.6,90.93,2,12,3,0.30000000000001137,6.43,113,151,125,150,298,321,298,"-0.203","0.203",,,,3,3,1,0,0,0,0,0,0,0,"1.62","1.16","-0.26","-0.01","88.0",112,0,0,0,5.71,-1.16,0.62,2.72,0.333,0,"1.353333333",,,"-1.353333333",,,,,16.7,,,,,,,
15,802363,"Geber, Jordan",68,22.1,0.333,0.333,0.333,0.667,0.49,,,1,3,90.4,21.7,2350,88,88.07,0,5,10,0.09999999999999432,6.23,106,142,120,145,288,314,288,"-0.776","0.776",,,,4,3,0,1,0,0,0,0,1,25,"2.31","0.62","-0.19","-0.01","91.2",188,33.33333333333333,0,0,5.18,-1.3,0.2,2.12,0.5,0,"5.173333333",,,"-5.173333333",,,,,0,,,,,,,
15,814508,"Martin, Colby",44,34.1,0,0,,0,0.233,,,0,2,,,2619,87,86.5,6,6,9,-0.5,5.97,121,149,129,149,287,319,292,"0.201","-0.201",,,,3,0,0,0,0,0,2,66.7,1,33.3,"3.02","-0.01","-0.51","0.11",,,,,,5.71,-1.03,0.25,1.39,0.333,,"-1.34",,,"1.34",,,,,100,,,,,,,
15,670059,"Holderman, Colin",150,10,1,0.667,0.6,1.667,0.682,,,3,3,95.6,26.4,2394,92.9,92.97,2,7,8,0.09999999999999432,6.28,111,143,113,147,289,320,297,"-1.696","1.696",,,,5,5,1,2,0,0,0,0,0,0,"1.93","0.7","-0.02","0.05","96.3",302,60,0,0,5.88,-2.55,0.63,1.92,0.6,0,"11.306666667",,,"-11.306666667",,,,,28.6,,,,,,,
15,671382,"Foster, Cameron",89,16.9,0,0,0,0,0,,,0,4,88.1,40,2499,86.6,87.53,4,10,5,0.9000000000000057,6.55,113,150,125,146,288,313,292,"1.015","-1.015",,,,4,3,0,0,0,0,1,25,0,0,"2.77","0.24","-0.28","-0.12","89.9",208,33.33333333333333,33.33333333333333,25,6.28,-0.81,0.39,2.42,0,1,"-6.766666667",,,"6.766666667",,,,,40,,,,,,,
15,701519,"Adams, Travis",50,30,0.5,0,0.5,0.5,0.571,,,1,2,98.9,23,2439,91.4,91.16,0,5,10,-0.20000000000000284,6.03,113,149,122,147,303,323,275,"-0.563","0.563",,,,4,2,1,0,0,0,0,0,2,50,"2.08","0.64","-0.36","-0.36","92.4",146,50,0,0,6,-2.16,0.19,2.28,0.75,0,"3.753333333",,,"-3.753333333",,,,,0,,,,,,,
15,693821,"Elder, Bryce",218,6.9,0,0,0,0,0.243,,,0,2,88.6,8.5,2123,88.1,88.35,2,8,7,0.20000000000000284,6.23,115,146,116,150,295,320,300,"0.456","-0.456",,,,3,2,0,0,0,0,0,0,0,0,"1.98","0.95","-0.14","0.14","88.8",98,0,0,0,6.35,-1.5,0.58,2.64,0.333,0,"-3.04",,,"3.04",,,,,25,,,,,,,
15,683177,"Southard, Jared",71,21.1,,,,,0.698,,,0,0,,,2748,86.2,86.41,2,4,11,0.20000000000000284,6.26,116,149,111,151,300,326,301,"-0.133","0.133",,,,1,0,0,0,0,0,0,0,1,100,"3.07","-0.02","-0.5","0.12","88.0",97,,,,5.84,-1.84,0.57,2.18,1,,"0.886666667",,,"-0.886666667",,,,,50,,,,,,,
14,673662,"Ortiz, Robinson",107,13.1,0.5,0,0.5,0.5,0.445,,,1,2,101.3,-3,2396,92,90.91,3,8,6,-1.0999999999999943,5.56,104,146,118,142,294,320,298,"0.196","-0.196",,,,2,2,1,0,0,0,0,0,0,0,"2.03","0.66","0.16","-0.13","93.3",139,100,0,0,5.66,2.7,0.15,2.3,0.5,0,"-1.4",,,"1.4",,,,,37.5,,,,,,,
14,700380,"Loeschorn, Joshua",45,31.1,1,0.5,1,1.5,1.075,,,2,2,94.6,18,2385,87.6,89.05,2,8,6,1.5,7.03,108,150,116,147,293,311,272,"-1.382","1.382",,,,2,2,1,1,0,0,0,0,0,0,"1.83","1.13","-0.01","-0.06","95.1",216,50,50,50,5.22,-1.55,0.57,2.14,1,1,"9.871428571",,,"-9.871428571",,,,,25,,,,,,,
14,666808,"Doval, Camilo",32,43.8,1,1.333,1,2.333,1.125,,,3,3,96.9,29,2458,96.3,95.99,2,6,8,-0.29999999999999716,6.04,112,150,131,150,284,321,280,"-2.722","2.722",,,,5,3,1,1,0,1,0,0,1,20,"1.51","0.94","0.13","-0.03","96.3",307,66.66666666666666,33.33333333333333,20,5.33,-1.95,-0.29,3.01,1,1,"19.442857143",,,"-19.442857143",,,,,33.3,,,,,,,
14,807968,"Matoma, David",36,38.9,0.333,0.333,1,0.667,0.42,,,1,3,95.2,23,2227,88,87.47,4,5,9,-0.5,5.73,121,150,120,151,287,317,288,"-0.406","0.406",,,,3,1,0,1,0,0,2,66.7,0,0,"2.83","0.09","-0.27","0.07","95.2",329,100,0,0,5.67,-1.89,-0.64,3.09,0.333,0,"2.9",,,"-2.9",,,,,80,,,,,,,
14,680734,"Luckham, Kyle",41,34.1,0,0,0,0,0.174,,,0,3,78,59,2356,89.2,89.18,3,6,8,0,6.16,119,144,115,144,300,320,304,"0.536","-0.536",,,,4,1,0,0,0,0,2,50,1,25,"2.45","0.41","-0.47","0.17","88.0",131,0,0,0,5.91,-1.19,0.06,2.76,0.25,0,"-3.828571429",,,"3.828571429",,,,,50,,,,,,,
14,678024,"Vasil, Mike",178,7.9,1,0.5,1,1.5,1.075,,,2,2,84.9,-15,2360,89,89.31,2,8,6,0.29999999999999716,6.21,100,144,120,147,295,332,300,"-0.995","0.995",,,,2,2,1,1,0,0,0,0,0,0,"2.32","0.53","-0.25","0.05","90.8",126,50,0,0,5.98,-1.52,0.95,2.32,1,0,"7.107142857",,,"-7.107142857",,,,,25,,,,,,,
14,815348,"Bateman, Boston",46,30.4,0.333,1,0,1.333,0.682,,,1,3,96.3,47,2461,90.6,89.66,1,5,9,-0.8999999999999915,6.06,116,147,127,150,307,318,291,"-1.693","1.693",,,,3,2,0,0,0,1,1,33.3,0,0,"2.19","0.62","-0.19","0.04","92.6",153,50,50,33.33333333333333,6.16,2.42,-0.07,1.81,0.333,1,"12.092857143",,,"-12.092857143",,,,,20,,,,,,,
14,812521,"Glassey, Joe",37,37.8,,,,,0.698,,,0,0,,,2305,88.7,89.65,1,5,9,0.8999999999999915,6.74,108,149,118,147,280,297,272,"0.133","-0.133",,,,1,0,0,0,0,0,0,0,1,100,"2.25","0.63","-0.36","-0.25","88.4",169,,,,5.46,-1.73,0.8,2.26,1,,"-0.95",,,"0.95",,,,,20,,,,,,,
14,643410,"Leiter Jr., Mark",124,11.3,0,0,0,0,0,,,0,2,95.4,32.5,1996,90.7,91.17,1,6,8,0.5,6.41,108,146,107,151,289,320,299,"0.666","-0.666",,,,2,2,0,0,0,0,0,0,0,0,"2.06","0.69","-0.02","0.02","92.1",153,50,0,0,5.68,-1.37,-0.17,2.25,0,0,"-4.757142857",,,"4.757142857",,,,,16.7,,,,,,,
14,808952,"Seppings, Jack",41,34.1,0.25,0,0.333,0.25,0.317,,,1,4,92.2,-17,2331,90.2,90.54,1,8,6,0.29999999999999716,6.5,117,150,121,149,296,315,287,"0.26","-0.26",,,,5,3,1,0,0,0,1,20,1,20,"1.95","0.86","0.13","-0.01","90.5",130,33.33333333333333,0,0,5.62,-2.81,0.56,2.38,0.4,0,"-1.857142857",,,"1.857142857",,,,,12.5,,,,,,,
14,674681,"Plassmeyer, Michael",82,17.1,0.5,0,0.5,0.5,0.445,,,2,4,83.9,3,2433,86,86.05,0,8,6,0,6.04,103,148,119,142,291,319,292,"0.297","-0.297",,,,4,4,2,0,0,0,0,0,0,0,"2.38","0.67","-0.16","0.07","90.8",87,25,0,0,5.31,3.43,0.16,2.55,0.5,0,"-2.121428571",,,"2.121428571",,,,,0,,,,,,,
13,672391,"Ort, Kaleb",84,15.5,0.667,1.333,0.5,2,1.102,,,2,3,104.4,12.3,2250,89.4,89.43,2,8,5,0,6.05,107,147,115,149,298,323,305,"-1.317","1.317",,,,3,3,0,1,0,1,0,0,0,0,"2.09","0.74","-0.22","-0.03","102.8",87,100,0,0,5.66,-2.68,-0.18,2.29,0.667,0,"10.130769231",,,"-10.130769231",,,,,25,,,,,,,
13,676702,"Stratton, Hunter",51,25.5,0.5,0.833,0.5,1.333,0.761,,,3,6,95.4,15.2,2529,91.3,91.62,4,11,2,0.29999999999999716,6.48,102,147,120,148,308,326,298,"-1.747","1.747",,,,6,5,0,2,0,1,1,16.7,0,0,"1.67","1.06","-0.35","-0.03","94.7",214,60,20,16.666666666666664,5.98,-2.53,0.35,2.35,0.5,1,"13.438461538",,,"-13.438461538",,,,,36.4,,,,,,,
13,694297,"Pfaadt, Brandon",118,11,0.167,0,0.167,0.167,0.29,,,1,6,87.4,10.7,2624,90.3,90.71,2,9,4,0.4000000000000057,6.43,118,148,127,151,302,321,302,"0.572","-0.572",,,,8,6,1,0,0,0,0,0,1,12.5,"2.08","0.71","0.03","-0.05","93.9",145,33.33333333333333,0,0,5.54,-2.5,0.7,2.23,0.375,0,"-4.4",,,"4.4",,,,,22.2,,,,,,,
13,646241,"De Jesus, Enmanuel",134,9.7,0,0,0,0,0,,,0,2,102.1,32,2500,86.1,85.69,2,6,7,-0.3999999999999915,6,106,149,118,147,290,319,294,"-0.056","0.056",,,,2,1,0,0,0,0,1,50,0,0,"2.8","0.28","-0.17","-0.13","92.7",257,100,100,50,5.93,2.96,-0.56,1.68,0,1,"0.430769231",,,"-0.430769231",,,,,33.3,,,,,,,
13,677312,"Mills, Zane",54,24.1,0,0,0,0,0,,,0,5,86.5,8.5,2221,89.2,90.2,2,9,4,1,6.72,117,151,120,149,284,333,306,"1.481","-1.481",,,,5,5,0,0,0,0,0,0,0,0,"2.41","0.44","-0.2","0.03","91.0",153,25,25,20,5.57,-2.55,0.34,2.35,0,1,"-11.392307692",,,"11.392307692",,,,,22.2,,,,,,,
13,682999,"Childers, Will",63,20.6,0.333,0,0.333,0.333,0.296,,,1,3,100.7,-13.7,2412,89.1,89.32,1,6,7,0.20000000000000284,6.27,115,151,124,148,298,311,295,"0.171","-0.171",,,,3,3,1,0,0,0,0,0,0,0,"2.85","0.01","-0.28","-0.12","95.6",82,100,0,0,6.54,-0.93,0.31,1.93,0.333,0,"-1.315384615",,,"1.315384615",,,,,16.7,,,,,,,
13,687287,"Monteverde, Patrick",59,22,0.333,0.167,0.4,0.5,0.358,,,2,6,90.3,19,2128,85.9,86.17,4,12,1,0.29999999999999716,6.22,112,148,121,147,288,307,267,"0.023","-0.023",,,,6,5,1,1,0,0,1,16.7,0,0,"2.17","0.89","-0.16","0.03","93.2",264,60,0,0,5.87,1.39,-0.59,1.88,0.333,0,"-0.176923077",,,"0.176923077",,,,,33.3,,,,,,,
13,701951,"Mercedes, Abel",20,65,0,0,,0,0.233,,,0,2,,,2415,89.1,89.3,2,4,9,0.20000000000000284,6.48,102,154,114,144,297,337,297,"0.449","-0.449",,,,3,0,0,0,0,0,2,66.7,1,33.3,"2.72","0.16","-0.05","-0.05","88.0",257,,,,6.16,-1.74,0.24,2.02,0.333,,"-3.453846154",,,"3.453846154",,,,,50,,,,,,,
13,805315,"Walsh, Michael",23,56.5,0,0,0,0,0,,,0,5,75.1,10,2705,89.3,88.31,6,9,4,-1,5.47,116,150,128,149,282,318,290,"1.337","-1.337",,,,5,2,0,0,0,0,3,60,0,0,"2.69","0.14","-0.19","-0.04","88.3",109,0,0,0,5.64,-1.73,-0.04,2.39,0,0,"-10.284615385",,,"10.284615385",,,,,66.7,,,,,,,
13,542888,"Armstrong, Shawn",110,11.8,0.25,0.25,0.25,0.5,0.315,,,1,4,73.6,22.5,2381,90,90.52,3,8,5,0.5,6.43,120,148,124,151,303,323,300,"0.068","-0.068",,,,4,4,0,1,0,0,0,0,0,0,"2.17","0.63","-0.45","0.25","91.2",196,25,0,0,6.06,-1.51,0.68,2.36,0.25,0,"-0.523076923",,,"0.523076923",,,,,37.5,,,,,,,
13,694350,"Brzykcy, Zach",83,15.7,0.5,0,0.5,0.5,0.445,,,1,2,95.5,-0.5,2323,89.9,90.52,0,7,6,0.5999999999999943,6.45,114,149,121,149,293,311,287,"0.181","-0.181",,,,2,2,1,0,0,0,0,0,0,0,"2.23","0.57","0.02","-0.1","90.1",112,50,0,0,5.85,-1.44,-0.26,1.9,0.5,0,"-1.392307692",,,"1.392307692",,,,,0,,,,,,,
13,682260,"Metoyer, Brian",28,46.4,0.5,0,0.5,0.5,0.609,,,1,2,53.3,-21,2770,91.3,90.62,1,5,8,-0.7000000000000028,5.83,126,148,125,151,280,295,275,"-1.089","1.089",,,,5,2,1,0,0,0,0,0,1,20,"2.36","0.38","-0.31","0.06","100.4",97,0,0,0,5.32,-2.76,-0.1,2.51,0.8,0,"8.376923077",,,"-8.376923077",,,,,20,,,,,,,
13,663158,"Suarez, Robert",94,13.8,1,0,1,1,0.889,,,1,1,109.2,8,2313,94.6,95.54,0,5,8,0.9000000000000057,6.75,114,150,127,150,308,319,289,"-0.449","0.449",,,,1,1,1,0,0,0,0,0,0,0,"1.52","1.02","-0.14","-0.09","92.6",219,100,0,0,6.14,-1.57,0.4,2.48,1,0,"3.453846154",,,"-3.453846154",,,,,0,,,,,,,
13,674022,"Ruffcorn, Jason",34,38.2,0,0,0,0,0,,,0,3,84.9,-19.5,2157,87.8,87.08,2,5,8,-0.7000000000000028,5.71,98,146,113,145,298,327,297,"0.867","-0.867",,,,3,2,0,0,0,0,1,33.3,0,0,"2.33","0.61","-0.22","0.06","92.0",6,50,0,0,5.71,-3.32,0.01,2.49,0,0,"-6.669230769",,,"6.669230769",,,,,40,,,,,,,
13,663362,"Waldron, Matt",115,11.3,0.333,0,0.333,0.333,0.397,,,1,3,74.4,12.7,2118,89.3,90.02,1,7,6,0.7000000000000028,6.45,113,148,122,152,292,318,298,"-1.207","1.207",,,,4,3,1,0,0,0,0,0,1,25,"2.12","0.72","-0.13","0.05","89.9",151,33.33333333333333,0,0,5.7,-0.98,0.47,2.41,0.5,0,"9.284615385",,,"-9.284615385",,,,,14.3,,,,,,,
13,694820,"Roxby, Braxton",34,38.2,0.5,0,0.5,0.5,0.529,,,1,2,103.1,18,2602,89.4,90.12,1,6,7,0.6999999999999886,6.58,107,147,115,149,298,325,303,"-0.083","0.083",,,,3,2,1,0,0,0,0,0,1,33.3,"2.45","0.39","-0.25","0.08","93.0",170,100,0,0,5.3,-2.19,0.58,2.49,0.667,0,"0.638461538",,,"-0.638461538",,,,,16.7,,,,,,,
13,687924,"Aguiar, Julian",110,11.8,0.667,1.333,0.5,2,1.102,,,2,3,100.6,32,2320,85.2,84.67,2,7,6,-0.5,6.05,103,145,113,142,294,323,290,"-1.703","1.703",,,,3,3,0,1,0,1,0,0,0,0,"2.61","0.54","-0.03","-0.02","95.5",281,66.66666666666666,33.33333333333333,33.33333333333333,5.58,-2.31,0.37,2.39,0.667,1,"13.1",,,"-13.1",,,,,28.6,,,,,,,
13,622608,"Senzatela, Antonio",107,12.1,0,0,0,0,0,,,0,3,103.9,-13,2301,91.6,91.29,1,6,7,-0.29999999999999716,5.98,107,153,117,148,303,319,300,"0.946","-0.946",,,,3,3,0,0,0,0,0,0,0,0,"2.16","0.55","-0.37","-0.33","97.5",109,100,0,0,6.06,-2.48,0.26,2.53,0,0,"-7.276923077",,,"7.276923077",,,,,16.7,,,,,,,
12,801517,"Giesting, Spencer",123,9.8,0.5,0,1,0.5,0.445,,,1,2,73.2,38,2662,89.7,91.13,2,7,5,1.3999999999999915,6.88,112,151,124,150,298,320,300,"0.18","-0.18",,,,2,1,1,0,0,0,1,50,0,0,"2.16","0.64","-0.18","0.17","92.1",176,0,0,0,5.21,2.83,-0.56,3,0.5,0,"-1.5",,,"1.5",,,,,28.6,,,,,,,
12,699062,"Ramirez, Kelvin",51,23.5,1,3,0,4,0.915,,,1,1,94,39.5,1985,90.9,90.72,0,4,8,-0.20000000000000284,6.01,117,151,121,148,299,324,292,"-2.632","2.632",,,,3,2,0,0,0,1,0,0,1,33.3,"2.09","0.68","-0.23","-0.2","92.0",225,50,50,33.33333333333333,6.54,-0.55,0.18,2.19,0.667,1,"21.933333333",,,"-21.933333333",,,,,0,,,,,,,
12,801842,"Ulloa, Fidel",62,19.4,0,0,0,0,0,,,0,2,83,12.5,2263,87.3,87.69,3,7,5,0.4000000000000057,6.53,102,151,119,151,292,324,306,"0.515","-0.515",,,,2,2,0,0,0,0,0,0,0,0,"2.85","0.14","-0.57","-0.16","88.6",127,0,0,0,5.83,-1.22,0.24,2.02,0,0,"-4.291666667",,,"4.291666667",,,,,42.9,,,,,,,
12,681854,"Van Scoyoc, Connor",37,32.4,0.667,1,1,1.667,0.979,,,2,3,83.5,33,2439,88.7,87.55,1,3,9,-1.2000000000000028,5.85,125,148,120,151,284,314,282,"-1.697","1.697",,,,3,2,1,0,0,1,1,33.3,0,0,"2.46","0.41","0.03","-0.11","90.1",297,0,0,0,5.91,-1.55,-0.14,2.55,0.667,0,"14.141666667",,,"-14.141666667",,,,,33.3,,,,,,,
12,689379,"Anderson, Aidan",95,12.6,0.4,0.8,0.333,1.2,0.661,,,2,5,91.5,40.5,2450,85.3,85.32,2,7,5,0,6.1,113,150,121,150,299,318,314,"-0.782","0.782",,,,5,4,0,1,0,1,1,20,0,0,"2.55","0.55","-0.02","-0.01","92.8",293,25,25,20,4.43,-2.42,0.55,2.79,0.4,1,"6.516666667",,,"-6.516666667",,,,,28.6,,,,,,,
12,694805,"Carr, Kyle",66,18.2,0,0,0,0,0,,,0,1,66.1,6,2140,89.2,88.91,2,6,6,-0.29999999999999716,6.03,108,153,121,149,287,320,272,"0.443","-0.443",,,,1,1,0,0,0,0,0,0,0,0,"2.45","0.41","-0.45","0.36","88.0",175,0,0,0,5.81,2.09,-0.46,2.31,0,0,"-3.691666667",,,"3.691666667",,,,,33.3,,,,,,,
12,825756,"Cannon, Will",37,32.4,0,0,0,0,0,,,0,2,93.5,24.5,2356,86.7,87,2,6,6,0.29999999999999716,6.3,116,149,111,147,303,327,307,"0.414","-0.414",,,,2,2,0,0,0,0,0,0,0,0,"2.6","0.41","-0.31","-0.03","94.2",194,50,0,0,6.05,-1.62,0.14,2.03,0,0,"-3.45",,,"3.45",,,,,33.3,,,,,,,
12,680732,"Burke, Sean",269,4.5,0,0,0,0,0,,,0,3,87,36,2593,89.9,90.8,2,8,4,0.8999999999999915,6.76,105,144,117,151,296,329,309,"1.102","-1.102",,,,3,2,0,0,0,0,1,33.3,0,0,"1.51","1.3","0.06","-0.06","89.0",113,0,0,0,6.19,-2.56,0.3,1.98,0,0,"-9.183333333",,,"9.183333333",,,,,25,,,,,,,
12,592836,"Walker, Taijuan",89,13.5,0.5,1,0.5,1.5,0.797,,,1,2,101.7,32.5,2384,86.1,85.83,4,8,4,-0.29999999999999716,5.69,108,146,115,149,278,309,282,"-0.448","0.448",,,,2,2,0,0,1,0,0,0,0,0,"2","1.03","-0.23","-0.18","97.1",137,100,0,0,6.62,-1.75,-0.15,2.61,0.5,0,"3.733333333",,,"-3.733333333",,,,,50,,,,,,,
12,657611,"Hill, Cam",41,29.3,0,0,0,0,0,,,0,4,80.5,3,2381,87.4,87.56,5,9,3,0.19999999999998863,6.37,103,148,120,143,292,306,283,"1.336","-1.336",,,,4,2,0,0,0,0,2,50,0,0,"2.65","0.33","-0.14","-0.14","89.6",2,0,0,0,6.07,-1.79,0.4,1.77,0,0,"-11.133333333",,,"11.133333333",,,,,55.6,,,,,,,
12,605488,"Springs, Jeffrey",279,4.3,0,0,0,0,0,,,0,4,86.7,-8.5,2174,88.8,89.13,2,6,6,0.29999999999999716,6.32,108,152,123,149,304,328,295,"-0.223","0.223",,,,4,2,0,0,0,0,2,50,0,0,"1.99","0.89","0.16","-0.22","88.7",163,0,0,0,6.1,2.22,0.17,3.03,0,0,"1.858333333",,,"-1.858333333",,,,,33.3,,,,,,,
12,694753,"Curtis, Khristian",55,21.8,0.333,0,1,0.333,0.397,,,1,3,95.6,17,2557,93.3,94.08,2,7,5,0.7999999999999972,6.59,111,147,122,151,259,305,310,"-0.311","0.311",,,,4,1,1,0,0,0,2,50,1,25,"1.61","0.99","-0.22","0.05","90.3",177,100,0,0,6.09,-2.06,0.43,2.05,0.5,0,"2.591666667",,,"-2.591666667",,,,,28.6,,,,,,,
12,814527,"Copen, Patrick",40,30,0.333,0,0.333,0.333,0.296,,,1,3,93,19.5,2469,94.9,94.66,2,6,6,-0.20000000000000284,5.97,106,145,111,152,281,323,297,"0.209","-0.209",,,,3,3,1,0,0,0,0,0,0,0,"1.67","0.84","-0.28","0.28","91.8",245,50,50,33.33333333333333,6.34,-2.02,0.39,2.98,0.333,1,"-1.741666667",,,"1.741666667",,,,,33.3,,,,,,,
12,669721,"Daniel, Davis",67,17.9,0.5,0.5,0.5,1,0.653,,,1,2,83.1,5,2248,88.3,89.25,1,4,8,1,6.73,111,147,115,144,302,331,290,"-1.03","1.03",,,,3,2,0,1,0,0,0,0,1,33.3,"2.22","0.69","-0.24","0.07","91.0",192,50,0,0,5.27,-1.76,0,2.7,0.667,0,"8.583333333",,,"-8.583333333",,,,,25,,,,,,,
12,676606,"Margevicius, Nick",175,6.9,0,0,0,0,0,,,0,1,91,22,2055,88.2,89.12,0,3,9,0.8999999999999915,6.65,103,145,113,144,303,325,298,"0.114","-0.114",,,,1,1,0,0,0,0,0,0,0,0,"2.2","0.71","-0.12","0.1","89.5",238,0,0,0,6.1,1.04,0.33,2.42,0,0,"-0.95",,,"0.95",,,,,0,,,,,,,
12,694646,"McDermott, Chayce",52,23.1,0.5,0.75,0.5,1.25,0.734,,,2,4,98.7,28.7,2514,91.2,92.06,2,8,4,0.8999999999999915,6.58,111,149,122,147,298,308,283,"-2.15","2.15",,,,4,3,1,0,0,1,1,25,0,0,"1.82","0.9","-0.24","-0.14","93.4",177,66.66666666666666,0,0,5.73,-1.22,0.09,2.29,0.5,0,"17.916666667",,,"-17.916666667",,,,,25,,,,,,,
11,671111,"Peralta, Sammy",106,10.4,0.667,0.333,0.667,1,0.717,,,2,3,94,29.7,2372,84.3,84.98,2,6,5,0.7000000000000028,6.45,102,146,118,143,294,316,289,"-0.639","0.639",,,,3,3,1,1,0,0,0,0,0,0,"2.86","0.31","-0.25","0.25","92.5",162,33.33333333333333,0,0,4.83,2.99,-0.56,2.29,0.667,0,"5.809090909",,,"-5.809090909",,,,,33.3,,,,,,,
11,814837,"Cravey, Jacob",24,45.8,0,0,0,0,0,,,0,3,86.8,28.5,1985,87.7,87.58,2,4,7,-0.10000000000000853,6.34,94,146,123,147,296,311,284,"1.048","-1.048",,,,3,2,0,0,0,0,1,33.3,0,0,"2.52","0.46","0.02","-0.06","94.1",171,50,0,0,6.27,-1.71,-0.07,2.61,0,0,"-9.527272727",,,"9.527272727",,,,,50,,,,,,,
11,680770,"Huff, Chance",26,42.3,0,0,0,0,0.364,,,0,1,89.1,23,2352,88.8,87.67,1,5,6,-1.0999999999999943,5.83,109,150,122,148,297,341,303,"-0.183","0.183",,,,2,1,0,0,0,0,0,0,0,0,"2.67","0.25","-0.53","-0.5","91.2",116,0,0,0,5.65,-3.14,-0.45,2.47,0.5,0,"1.663636364",,,"-1.663636364",,,,,20,,,,,,,
11,657571,"Ferguson, Caleb",44,25,0,0,0,0,0,,,0,1,97.5,38,2571,86.8,87.32,2,5,6,0.5,6.38,99,142,106,143,297,311,293,"0.547","-0.547",,,,2,2,0,0,0,0,0,0,0,0,"2.83","0.17","-0.31","0.26","97.5",233,100,0,0,5.76,2.42,-0.56,2.53,0,0,"-4.972727273",,,"4.972727273",,,,,40,,,,,,,
11,686608,"Wallace, Jacob",21,52.4,0.5,0,0.5,0.5,0.445,,,1,2,94,21.5,2556,86.8,86.11,0,4,7,-0.7000000000000028,6.09,94,147,123,149,309,329,294,"0.116","-0.116",,,,2,2,1,0,0,0,0,0,0,0,"2.63","0.42","-0.28","-0.15","93.1",192,50,0,0,5.78,-2.14,-0.44,2.4,0.5,0,"-1.054545455",,,"1.054545455",,,,,0,,,,,,,
11,681676,"Fernandez, Ryan",122,9,0,0,0,0,0.349,,,0,1,54.4,-4,2340,89.4,89.85,1,4,7,0.5,6.36,114,151,117,149,285,317,274,"-0.317","0.317",,,,2,1,0,0,0,0,0,0,1,50,"2.14","0.69","-0.3","0","91.0",14,0,0,0,6.01,-1.79,0.43,1.57,0.5,0,"2.881818182",,,"-2.881818182",,,,,25,,,,,,,
11,830242,"Hilker, Michael",27,40.7,0.5,0,0.5,0.5,0.445,,,1,2,95,21,2324,85.8,86.64,2,8,3,0.7999999999999972,6.63,116,149,120,153,290,320,282,"-0.313","0.313",,,,2,2,1,0,0,0,0,0,0,0,"2.53","0.55","-0.53","0.14","90.3",201,50,50,50,5.83,-2.07,0.36,1.81,0.5,1,"2.845454545",,,"-2.845454545",,,,,25,,,,,,,
11,803035,"Gowens, Riley",46,23.9,0,0,0,0,0,,,0,4,66.8,-13,2519,86.7,87.62,3,7,4,0.8999999999999915,6.68,98,149,121,148,303,324,294,"0.692","-0.692",,,,4,2,0,0,0,0,2,50,0,0,"2.66","0.35","-0.32","-0.16","88.0",141,0,0,0,5.55,-2.05,0.67,1.72,0,0,"-6.290909091",,,"6.290909091",,,,,42.9,,,,,,,
11,686654,"Adcock, Ty",72,15.3,0.5,0,1,0.5,0.445,,,1,2,86.3,17,2236,92.4,92.74,6,8,3,0.29999999999999716,6.19,109,143,121,151,296,317,305,"0.351","-0.351",,,,2,1,1,0,0,0,1,50,0,0,"1.94","0.7","-0.28","0.24","88.0",250,0,0,0,6.03,-1.26,0.55,2.33,0.5,0,"-3.190909091",,,"3.190909091",,,,,75,,,,,,,
11,679857,"Tavera, Carlos",30,36.7,0.333,0.333,0.333,0.667,0.42,,,1,3,89.8,14.7,2505,89.4,89.24,1,4,7,-0.20000000000000284,6.03,100,147,124,147,289,301,292,"-0.14","0.14",,,,3,3,0,1,0,0,0,0,0,0,"1.71","1.12","-0.5","-0.14","91.5",220,0,0,0,6,-0.71,0.04,2.84,0.333,0,"1.272727273",,,"-1.272727273",,,,,25,,,,,,,
11,608650,"Enns, Dietrich",169,6.5,0.667,1,1,1.667,0.979,,,2,3,92.1,25,2137,85.8,85.76,0,3,8,0,6.17,108,145,117,147,293,314,285,"-1.611","1.611",,,,3,2,1,0,0,1,1,33.3,0,0,"2.83","0.28","-0.25","-0.09","90.8",78,50,0,0,6.27,1.74,-0.32,1.8,0.667,0,"14.645454545",,,"-14.645454545",,,,,0,,,,,,,
11,687259,"Bell, Luke",25,44,0,0,0,0,0,,,0,1,75.7,-8,2187,87.4,87.81,1,6,5,0.3999999999999915,6.34,110,136,114,137,288,326,301,"0.472","-0.472",,,,1,1,0,0,0,0,0,0,0,0,"2.37","0.59","-0.39","-0.15","88.0",130,0,0,0,5.71,-1.58,0.58,2.28,0,0,"-4.290909091",,,"4.290909091",,,,,16.7,,,,,,,
11,548384,"Raley, Brooks",53,20.8,0.333,0,0.333,0.333,0.296,,,1,3,92.4,33.3,2581,87.4,87.08,1,7,4,-0.30000000000001137,5.75,105,149,126,149,295,317,278,"0.562","-0.562",,,,3,3,1,0,0,0,0,0,0,0,"2.33","0.62","-0.37","0.1","93.2",208,66.66666666666666,33.33333333333333,33.33333333333333,5.76,2.9,-0.4,2.43,0.333,1,"-5.109090909",,,"5.109090909",,,,,14.3,,,,,,,
10,830485,"Buchanan, Trent",19,52.6,0.667,1,1,1.667,0.916,,,2,3,102.9,21,2182,82.8,82.41,2,5,5,-0.3999999999999915,6.1,113,153,126,150,315,322,292,"-1.894","1.894",,,,4,2,1,0,0,1,1,25,0,0,"3.36","-0.02","-0.22","-0.16","97.9",270,100,50,25,4.92,-2.37,-0.55,1.74,0.75,1,"18.94",,,"-18.94",,,,,40,,,,,,,
10,695695,"Neighbors, Tyson",30,33.3,0,0,0,0,0,,,0,2,77.8,-10.5,2539,87.5,86.41,3,6,4,-1.0999999999999943,5.6,106,149,123,149,290,316,284,"0.383","-0.383",,,,2,2,0,0,0,0,0,0,0,0,"2.76","0.23","-0.33","-0.21","89.5",83,0,0,0,6.11,-1.11,-0.13,1.6,0,0,"-3.83",,,"3.83",,,,,50,,,,,,,
10,807485,"Garcia, Davian",22,45.5,0,0,0,0,0,,,0,3,94.6,39,2366,88.6,89.74,3,6,4,1.1000000000000085,6.81,108,152,119,148,290,324,301,"0.738","-0.738",,,,3,2,0,0,0,0,1,33.3,0,0,"2.46","0.43","-0.69","-0.58","92.3",280,0,0,0,5.64,-1.2,0.58,2,0,0,"-7.38",,,"7.38",,,,,50,,,,,,,
10,806288,"Raeth, Stefan",45,22.2,0,0,0,0,0,,,0,1,81.5,59,2535,87.4,87.37,1,6,4,0,6.11,113,145,125,148,290,321,307,"0.232","-0.232",,,,1,1,0,0,0,0,0,0,0,0,"2.56","0.41","-0.29","0.29","90.6",147,0,0,0,5.94,-0.67,0.52,1.93,0,0,"-2.32",,,"2.32",,,,,16.7,,,,,,,
10,663903,"Singer, Brady",292,3.4,,,,,,,,,,,,2363,86.7,87.57,0,2,8,0.8999999999999915,6.58,116,144,98,150,284,322,294,"0.068","-0.068",,,,,,,,,,,,,,"2.43","0.57","-0.21","0.21","88.0",160,,,,5.4,-1.46,0.1,3.2,,,"-0.68",,,"0.68",,,,,0,,,,,,,
10,674175,"Roth, Houston",27,37,1,1,1,2,1.26,,,1,1,104,22,1697,83.5,83.32,1,4,6,-0.20000000000000284,6.53,109,148,114,138,303,329,301,"-0.961","0.961",,,,1,1,0,1,0,0,0,0,0,0,"2.76","0.56","0.03","0.03","93.3",172,100,100,100,6.25,-0.79,0.05,1.3,1,1,"9.61",,,"-9.61",,,,,25,,,,,,,
10,682087,"Knowles, Antonio",81,12.3,0,0,0,0,0.233,,,0,2,99.6,44,2492,88.1,87.93,0,3,7,-0.19999999999998863,5.95,119,148,117,147,289,319,299,"0.626","-0.626",,,,3,2,0,0,0,0,0,0,1,33.3,"2.51","0.41","-0.19","0.19","99.6",326,100,0,0,5.62,-2.28,-0.18,2.57,0.333,0,"-6.26",,,"6.26",,,,,0,,,,,,,
10,689296,"Nunez, Anthony",61,16.4,0.25,0,0.333,0.25,0.222,,,1,4,94.2,21.7,2660,89.9,90.52,2,6,4,0.5999999999999943,6.44,121,145,118,145,289,311,295,"0.584","-0.584",,,,4,3,1,0,0,0,1,25,0,0,"2.51","0.29","-0.4","0.1","93.3",117,66.66666666666666,0,0,5.84,-0.98,0.61,1.88,0.25,0,"-5.84",,,"5.84",,,,,33.3,,,,,,,
10,701213,"Brand, Jonathan",37,27,0.5,0,0.5,0.5,0.445,,,1,2,90.9,24,2330,86.7,86.68,0,3,7,0,6.1,99,142,110,149,308,321,296,"-0.254","0.254",,,,2,2,1,0,0,0,0,0,0,0,"2.51","0.5","-0.32","-0.01","89.9",271,0,0,0,5,-1.4,0.27,2.49,0.5,0,"2.54",,,"-2.54",,,,,0,,,,,,,
10,679702,"Harper, Daniel",41,24.4,0,0,,0,0,,,0,2,,,2434,89.3,88.53,2,4,6,-0.7999999999999972,5.79,110,152,116,149,289,322,292,"0.789","-0.789",,,,2,0,0,0,0,0,2,100,0,0,"2.18","0.68","-0.11","-0.11","88.0",250,,,,5.51,-1.97,0.94,2.19,0,,"-7.89",,,"7.89",,,,,50,,,,,,,
10,806585,"Dallas, Jack",51,19.6,,,,,,,,,,,,2417,92.1,91.96,1,5,5,-0.09999999999999432,6.05,111,143,99,136,271,318,281,"0.182","-0.182",,,,,,,,,,,,,,"1.91","0.77","0.17","0.13","88.0",125,,,,5.44,-3.15,0.46,2.39,,,"-1.82",,,"1.82",,,,,20,,,,,,,
10,686563,"Cannon, Jonathan",203,4.9,,,,,,,,,,,,2280,90.9,90.61,1,4,6,-0.30000000000001137,6.13,97,141,118,148,306,335,308,"0.159","-0.159",,,,,,,,,,,,,,"1.97","0.79","0.01","-0.01","98.5",243,,,,5.95,-2.37,0.53,2.77,,,"-1.59",,,"1.59",,,,,25,,,,,,,
9,813829,"Barnhart, Zane",36,25,0,0,0,0,0,,,0,1,69,61,2671,87.8,88.34,0,2,7,0.5,6.88,116,149,119,149,300,316,284,"0.052","-0.052",,,,1,1,0,0,0,0,0,0,0,0,"2.49","0.5","-0.76","-0.52","88.0",69,0,0,0,4.86,-1.93,0.4,2.35,0,0,"-0.577777778",,,"0.577777778",,,,,0,,,,,,,
9,572955,"Johnson, Pierce",112,8,1,0.5,1,1.5,1.075,,,2,2,105.8,16,2540,92.6,91.57,1,4,5,-1,5.57,115,146,106,150,291,324,308,"-1.283","1.283",,,,2,2,1,1,0,0,0,0,0,0,"1.77","0.88","0.03","-0.05","99.9",189,100,50,50,6.09,-1.75,0.46,2.5,1,1,"14.255555556",,,"-14.255555556",,,,,25,,,,,,,
9,687535,"Simmons, Dylan",14,64.3,0,0,0,0,0,,,0,2,51,8,2201,88.7,88.52,0,6,3,-0.20000000000000284,6,89,129,101,131,272,317,291,"-0.122","0.122",,,,2,2,0,0,0,0,0,0,0,0,"2.39","0.49","-0.46","0.46","93.2",18,0,0,0,6.35,-0.52,0.48,2.51,0,0,"1.355555556",,,"-1.355555556",,,,,0,,,,,,,
9,687330,"Kelly, Kevin",107,8.4,0,0,0,0,0,,,0,1,92.6,37,2252,89.2,90.48,2,7,2,1.2999999999999972,6.97,118,147,125,152,294,328,299,"0.485","-0.485",,,,1,1,0,0,0,0,0,0,0,0,"2.19","0.67","0.14","-0.14","89.1",194,0,0,0,3.87,-1.9,0.15,2.96,0,0,"-5.388888889",,,"5.388888889",,,,,28.6,,,,,,,
9,669067,"Webb, Ryan",77,11.7,1,0,1,1,0.794,,,1,1,75,-7,2335,85.8,86.36,1,3,6,0.6000000000000085,6.42,103,149,114,143,308,321,297,"-0.454","0.454",,,,2,1,1,0,0,0,0,0,1,50,"2.7","0.38","-0.15","0.12","88.0",98,0,0,0,5.85,1.39,-0.56,2.26,1,0,"5.044444444",,,"-5.044444444",,,,,33.3,,,,,,,
9,810897,"Beilenson, Charlie",48,18.8,0,0,0,0,0,,,0,1,90.9,-8,2379,89,88.54,0,3,6,-0.5,5.83,113,144,112,148,294,317,300,"-0.56","0.56",,,,1,1,0,0,0,0,0,0,0,0,"2.34","0.53","-0.25","0.25","89.0",9,0,0,0,5.78,-1.9,0.36,2.23,0,0,"6.222222222",,,"-6.222222222",,,,,0,,,,,,,
9,701656,"Henderson, Logan",79,11.4,0,0,0,0,0,,,0,2,68.5,30.5,2407,87.5,87.81,0,5,4,0.29999999999999716,6.22,116,149,121,151,299,324,298,"0.788","-0.788",,,,2,2,0,0,0,0,0,0,0,0,"2.11","0.83","-0.25","0.06","91.6",215,0,0,0,5.12,-1.41,0.4,2.23,0,0,"-8.755555556",,,"8.755555556",,,,,0,,,,,,,
9,809933,"Brooks, Steven",35,25.7,0.5,1.5,0,2,1.024,,,1,2,100.7,12,2477,87.4,88.18,0,3,6,0.7999999999999972,6.58,110,145,118,147,291,315,300,"-2.409","2.409",,,,2,2,0,0,0,1,0,0,0,0,"2.55","0.41","-0.06","0.03","100.6",202,100,0,0,5.75,-2.32,-0.14,2,0.5,0,"26.766666667",,,"-26.766666667",,,,,0,,,,,,,
9,700786,"Sears, Ben",79,11.4,0,0,,0,0.349,,,0,1,,,2397,90.9,91.1,0,3,6,0.19999999999998863,6.2,106,145,118,149,285,318,300,"0.187","-0.187",,,,2,0,0,0,0,0,1,50,1,50,"2.17","0.57","-0.04","0.04","88.0",20,,,,5.61,-1.99,0,2.47,0.5,,"-2.077777778",,,"2.077777778",,,,,0,,,,,,,
9,687762,"Wehunt, Blake",61,14.8,,,,,,,,,,,,2433,89.9,90.6,1,2,7,0.6999999999999886,6.61,106,148,122,150,288,318,303,"-0.086","0.086",,,,,,,,,,,,,,"2.39","0.42","-0.19","-0.02","88.0",206,,,,5.3,-2.3,0.45,3.14,,,"0.955555556",,,"-0.955555556",,,,,50,,,,,,,
9,669461,"Liberatore, Matthew",209,4.3,1,1,1,2,1.248,,,3,3,93.1,5.3,2380,91.3,91.77,1,7,2,0.5,6.3,106,151,115,148,287,312,276,"-2.041","2.041",,,,3,3,1,1,1,0,0,0,0,0,"1.59","1.12","-0.08","0.08","94.4",79,33.33333333333333,33.33333333333333,33.33333333333333,6.63,0.38,-0.54,2.18,1,1,"22.677777778",,,"-22.677777778",,,,,14.3,,,,,,,
9,676661,"Lazar, Max",49,18.4,0.5,0,0.5,0.5,0.445,,,1,2,99.9,-2,2287,86.9,88.32,0,3,6,1.3999999999999915,6.78,101,148,117,145,288,295,276,"0.009","-0.009",,,,2,2,1,0,0,0,0,0,0,0,"2.53","0.45","-0.37","-0.29","95.9",114,100,0,0,6.04,-0.63,0.14,2.3,0.5,0,"-0.1",,,"0.1",,,,,0,,,,,,,
9,694393,"Wiggins, Jaxon",59,15.3,0.6,0.2,0.75,0.8,0.608,,,3,5,93.8,9,1976,92,92.84,2,6,3,0.7999999999999972,6.7,109,146,109,145,304,329,309,"-1.424","1.424",,,,5,4,2,1,0,0,1,20,0,0,"2.08","0.61","0.02","-0.06","94.1",80,50,25,20,6.56,-1.93,0.54,1.8,0.6,1,"15.822222222",,,"-15.822222222",,,,,33.3,,,,,,,
9,701240,"Routzahn, Ethan",47,19.1,,,,,0.729,,,0,0,,,2166,87,86.86,1,2,7,-0.09999999999999432,6.37,104,151,119,148,314,321,284,"-0.354","0.354",,,,1,0,0,0,0,0,0,0,0,0,"2.68","0.35","0","-0.05","88.0",5,,,,4.45,-2.64,0.5,2.18,1,,"3.933333333",,,"-3.933333333",,,,,50,,,,,,,
9,808839,"Quigley, Stephen",23,39.1,0,0,0,0,0.174,,,0,3,85.8,18.5,2496,86.1,85.62,2,5,4,-0.5,5.8,109,149,122,147,291,327,305,"0.634","-0.634",,,,4,2,0,0,0,0,1,25,1,25,"2.69","0.37","-0.45","0.01","88.0",148,0,0,0,5.27,-1.16,0.19,2.17,0.25,0,"-7.044444444",,,"7.044444444",,,,,40,,,,,,,
9,659389,"Loewen, Carter",24,37.5,1,0,1,1,0.889,,,1,1,106.8,6,2013,87.1,86.84,3,6,3,-0.29999999999999716,6.06,107,146,117,148,293,304,284,"-0.385","0.385",,,,1,1,1,0,0,0,0,0,0,0,"2.4","0.6","-0.09","0.02","98.3",100,100,0,0,6.17,-0.59,0.6,2.05,1,0,"4.277777778",,,"-4.277777778",,,,,50,,,,,,,
9,682967,"Sweet, Devin",78,11.5,0,0,0,0,0,,,0,1,85.6,40,2309,89,89.07,0,3,6,0.09999999999999432,6.39,113,147,126,150,285,311,293,"0.212","-0.212",,,,1,1,0,0,0,0,0,0,0,0,"2.08","0.81","-0.1","0.07","88.0",286,0,0,0,6.18,-0.76,-0.25,2.05,0,0,"-2.355555556",,,"2.355555556",,,,,0,,,,,,,
9,663558,"Morán, Jovani",58,15.5,0.5,1.5,0,2,0.915,,,1,2,91.1,56.5,2570,85.5,86.33,1,4,5,0.7999999999999972,6.5,106,151,125,148,290,317,299,"-1.275","1.275",,,,3,2,0,0,0,1,0,0,1,33.3,"2.65","0.43","-0.25","0.13","96.6",218,50,50,33.33333333333333,6,1.02,-0.02,2.02,0.667,1,"14.166666667",,,"-14.166666667",,,,,25,,,,,,,
8,694397,"Raya, Marco",58,13.8,,,,,0.698,,,0,0,,,2707,89.9,90.42,1,2,6,0.6000000000000085,6.19,,,,,,,,"-0.127","0.127",,,,1,0,0,0,0,0,0,0,1,100,"2.45","0.33","-0.55","-0.04","101.8",7,,,,5.87,-0.85,-0.04,3.24,1,,"1.5875",,,"-1.5875",,,,,50,,,,,,,
8,680767,"Vodnik, Victor",110,7.3,1,0,1,1,0.889,,,1,1,84.4,15,2272,93.2,94.02,0,2,6,0.7999999999999972,6.6,110,146,106,149,300,322,280,"-0.789","0.789",,,,1,1,1,0,0,0,0,0,0,0,"2.26","0.35","-0.04","-0.03","88.0",231,0,0,0,5.45,-2.18,0.34,1.4,1,0,"9.8625",,,"-9.8625",,,,,0,,,,,,,
8,809229,"DeBerry, Jaron",28,28.6,,,,,0.698,,,0,0,,,2499,88.4,89.91,1,1,7,1.5,6.94,102,150,111,150,301,318,287,"-0.687","0.687",,,,2,0,0,0,0,0,0,0,2,100,"2.63","0.26","-0.46","0.15",,,,,,5.38,-2.27,-0.45,1.56,1,,"8.5875",,,"-8.5875",,,,,100,,,,,,,
8,696275,"Petit, RJ",58,13.8,0,0,0,0,0,,,0,2,95.4,19.5,2096,90.1,90.89,2,4,4,0.9000000000000057,6.67,113,148,110,152,298,324,290,"0.467","-0.467",,,,2,2,0,0,0,0,0,0,0,0,"2.24","0.56","-0.23","0.16","96.2",123,50,0,0,6.2,-1.57,0.42,2.42,0,0,"-5.8375",,,"5.8375",,,,,50,,,,,,,
8,669298,"Shook, TJ",58,13.8,0,0,0,0,0.364,,,0,1,88.2,24,2233,88.5,88.96,0,1,7,0.5,6.4,99,149,117,146,293,313,293,"-0.285","0.285",,,,2,1,0,0,0,0,0,0,0,0,"2.06","0.83","-0.16","-0.12","88.2",299,0,0,0,5.76,-1.86,1.16,1.63,0.5,0,"3.5625",,,"-3.5625",,,,,0,,,,,,,
8,669920,"Alexander, Jason",108,7.4,1,1.5,1,2.5,1.468,,,2,2,83,17,2088,85.8,86.06,0,2,6,0.29999999999999716,6.31,118,145,135,150,302,319,289,"-3.216","3.216",,,,2,2,1,0,0,1,0,0,0,0,"2.46","0.62","-0.05","0.05","92.5",213,50,0,0,5.46,-1.79,1.07,2.23,1,0,"40.2",,,"-40.2",,,,,0,,,,,,,
8,676390,"Mace, Tommy",42,19,0.333,1,0,1.333,0.682,,,1,3,90.4,39,1627,88,89.21,1,3,5,1.2000000000000028,6.82,123,152,121,151,297,321,303,"-1.232","1.232",,,,3,2,0,0,0,1,1,33.3,0,0,"2.23","0.69","0.03","-0.15","94.8",338,50,0,0,5.79,-2.33,-0.78,3.01,0.333,0,"15.4",,,"-15.4",,,,,33.3,,,,,,,
8,695684,"Rodríguez, Elmer",95,8.4,,,,,,,,,,,,1860,89.2,89.82,0,3,5,0.5999999999999943,6.55,98,145,120,148,280,312,288,"0.275","-0.275",,,,,,,,,,,,,,"2.29","0.56","0.06","-0.01","88.0",246,,,,5.58,-2.73,0.06,2.08,,,"-3.4375",,,"3.4375",,,,,0,,,,,,,
8,663542,"Hudson, Bryan",81,9.9,1,3,,4,2.047,,,1,1,99,26,2100,86.6,87.9,2,4,4,1.3000000000000114,7.14,110,152,109,147,293,307,264,"-1.539","1.539",,,,1,1,0,0,0,1,0,0,0,0,"2.83","0.23","0.22","-0.22","93.5",275,100,100,100,5.07,3.55,-0.38,2.26,1,1,"19.2375",,,"-19.2375",,,,,50,,,,,,,
8,676026,"Powell, Holden",48,16.7,,,,,0.698,,,0,0,,,2516,85.1,84.46,1,1,7,-0.5999999999999943,5.64,104,147,119,147,299,315,285,"-0.554","0.554",,,,1,0,0,0,0,0,0,0,1,100,"2.71","0.42","-0.34","0.03",,,,,,5.46,-1.89,-0.54,1.44,1,,"6.925",,,"-6.925",,,,,100,,,,,,,
8,814492,"Watson, Will",40,20,0.25,0,0.25,0.25,0.222,,,1,4,102.2,10.5,1997,89.1,89.74,0,4,4,0.6000000000000085,6.39,113,148,134,151,288,316,292,"0.502","-0.502",,,,4,4,1,0,0,0,0,0,0,0,"2.11","0.73","-0.17","-0.03","102.2",185,75,25,25,5.05,-1.95,0.53,2.4,0.25,1,"-6.275",,,"6.275",,,,,0,,,,,,,
8,646242,"Díaz, Jhonathan",38,21.1,0,0,0,0,0,,,0,1,72.3,71,2355,85.9,86.26,0,4,4,0.5,6.22,114,153,114,148,297,318,283,"0.495","-0.495",,,,1,1,0,0,0,0,0,0,0,0,"2.47","0.59","-0.24","0.24","88.0",90,0,0,0,5.58,2.9,-0.13,2.91,0,0,"-6.1875",,,"6.1875",,,,,0,,,,,,,
8,690462,"Castro, Ricky",22,36.4,0,0,,0,0,,,0,1,,,2494,87,86.75,2,3,5,-0.29999999999999716,6.28,113,151,126,148,300,330,266,"0.156","-0.156",,,,1,0,0,0,0,0,1,100,0,0,"2.84","0.19","-0.3","-0.21","88.0",212,,,,6.04,-1.35,0.64,1.23,0,,"-1.95",,,"1.95",,,,,66.7,,,,,,,
8,642239,"Zastryzny, Rob",26,30.8,0,0,0,0,0,,,0,1,105.1,-9,2511,85.1,85.71,0,3,5,0.6000000000000085,6.35,106,152,115,145,300,323,301,"0.296","-0.296",,,,1,1,0,0,0,0,0,0,0,0,"2.92","0.19","-0.56","0.56","93.7",142,100,0,0,5.51,2.2,-0.15,2.16,0,0,"-3.7",,,"3.7",,,,,0,,,,,,,
8,681869,"Dubin, Shawn",108,7.4,0,0,0,0,0,,,0,1,106.8,44,2485,88.2,88.69,1,4,4,0.5,6.42,105,144,115,150,301,326,321,"0.295","-0.295",,,,1,1,0,0,0,0,0,0,0,0,"2.24","0.68","-0.15","0.15","97.4",216,100,0,0,5.61,-2.1,0.56,2.41,0,0,"-3.6875",,,"3.6875",,,,,25,,,,,,,
8,676760,"Marinaccio, Ron",68,11.8,0,0,0,0,0,,,0,3,78.7,40.5,2130,85.7,86,3,6,2,0.29999999999999716,6.55,115,149,124,150,298,319,289,"0.732","-0.732",,,,3,2,0,0,0,0,1,33.3,0,0,"2.75","0.36","-0.26","-0.02","88.6",236,0,0,0,5.24,-2.9,0.23,1.94,0,0,"-9.15",,,"9.15",,,,,50,,,,,,,
8,690229,"McDonough, LJ",36,22.2,,,,,,,,,,,,2297,91.3,92.94,1,2,6,1.6000000000000085,7.03,120,148,120,149,284,314,299,"0.031","-0.031",,,,,,,,,,,,,,"1.97","0.74","-0.29","0.04","88.0",43,,,,5.18,-1.76,0.4,2.75,,,"-0.3875",,,"0.3875",,,,,50,,,,,,,
8,701764,"Day, Cam",104,7.7,0,0,0,0,0,,,0,1,96.6,27,2545,92.1,91.6,1,2,6,-0.5,5.88,106,147,124,150,297,310,292,"0.114","-0.114",,,,1,1,0,0,0,0,0,0,0,0,"2.26","0.42","-0.08","0.04","96.6",361,100,0,0,5.46,-2.44,0.75,2.5,0,0,"-1.425",,,"1.425",,,,,50,,,,,,,
8,802686,"Harris, Hayden",105,7.6,1,3,,4,1.158,,,1,1,103.6,34,2112,87.5,88.69,0,3,5,1.2000000000000028,7,119,153,123,150,303,324,289,"-2.382","2.382",,,,3,1,0,0,0,1,0,0,1,33.3,"2.44","0.53","-0.03","-0.03","93.2",201,100,100,33.33333333333333,4.61,2.72,-0.49,1.75,1,1,"29.775",,,"-29.775",,,,,0,,,,,,,
7,663681,"Bayless, Jarod",81,8.6,0.5,0,0.5,0.5,0.445,,,1,2,102.9,27,2406,85,85.65,0,2,5,0.7000000000000028,6.73,119,145,116,152,287,312,299,"-0.117","0.117",,,,2,2,1,0,0,0,0,0,0,0,"2.53","0.63","-0.02","0.02","102.9",274,100,50,50,4.32,-3.21,-0.16,2.95,0.5,1,"1.671428571",,,"-1.671428571",,,,,0,,,,,,,
7,606965,"Devenski, Chris",80,8.8,0.5,0,0.5,0.5,0.529,,,1,2,72.5,14,2286,89.3,89.16,0,3,4,-0.09999999999999432,6.21,111,138,117,151,289,307,267,"-1.156","1.156",,,,3,2,1,0,0,0,0,0,1,33.3,"2.29","0.58","-0.15","-0.21","88.0",144,0,0,0,6.11,-0.23,1.04,1.95,0.667,0,"16.514285714",,,"-16.514285714",,,,,0,,,,,,,
7,814291,"Wosinski, Jacob",30,23.3,0,0,0,0,0.349,,,0,1,94.1,23,2318,87.9,89.49,0,3,4,1.5999999999999943,7.03,99,141,113,136,294,317,281,"-0.269","0.269",,,,2,1,0,0,0,0,0,0,1,50,"2.48","0.45","-0.04","-0.04","91.1",167,0,0,0,5.36,-1.39,0.4,1.87,0.5,0,"3.842857143",,,"-3.842857143",,,,,0,,,,,,,
7,679712,"Lockhart, Lael",28,25,,,,,,,,,,,,2432,89.4,90.84,0,4,3,1.3999999999999915,6.94,113,151,120,147,296,322,292,"0.199","-0.199",,,,,,,,,,,,,,"1.94","0.89","-0.37","0.37","95.2",12,,,,5.37,1.14,-0.34,1.94,,,"-2.842857143",,,"2.842857143",,,,,0,,,,,,,
7,696059,"Simon, Johan",33,21.2,0.5,0,1,0.5,0.539,,,1,2,97.4,14,2353,86.4,86.86,3,4,3,0.5,6.54,114,149,122,148,296,338,291,"-0.216","0.216",,,,3,1,1,0,0,0,1,33.3,0,0,"2.98","0.08","-0.45","0.3","97.4",220,100,0,0,5.77,2.49,-0.58,0.9,0.667,0,"3.085714286",,,"-3.085714286",,,,,75,,,,,,,
7,806337,"Whorff, Jarret",38,18.4,0,0,0,0,0,,,0,2,79.7,44.5,2597,88.9,88.56,0,4,3,-0.30000000000001137,6.33,109,142,121,141,295,322,269,"0.611","-0.611",,,,2,2,0,0,0,0,0,0,0,0,"2.21","0.7","-0.18","-0.09","92.5",191,50,50,50,5.91,-1.35,-0.24,2.9,0,1,"-8.728571429",,,"8.728571429",,,,,0,,,,,,,
7,686223,"Mancini, Joey",26,26.9,,,,,,,,,,,,2474,87.8,87.06,0,1,6,-0.7000000000000028,5.84,117,150,97,150,295,323,294,"-0.236","0.236",,,,,,,,,,,,,,"2.62","0.34","0.06","0.01","88.0",232,,,,6.23,-2.05,0.51,2.22,,,"3.371428571",,,"-3.371428571",,,,,0,,,,,,,
7,696263,"Thornton, Tyler",61,11.5,,,,,,,,,,,,2343,85.8,85.99,0,2,5,0.20000000000000284,6.49,105,140,119,135,302,319,296,"-0.126","0.126",,,,,,,,,,,,,,"2.55","0.55","-0.51","-0.33","93.4",323,,,,4.77,-1.55,0.61,2.35,,,"1.8",,,"-1.8",,,,,0,,,,,,,
7,702273,"Schultz, Noah",58,12.1,0,0,0,0,0,,,0,2,77.7,-5.5,2636,89.1,89.46,2,4,3,0.4000000000000057,6.33,115,151,130,146,288,330,301,"0.585","-0.585",,,,2,2,0,0,0,0,0,0,0,0,"1.96","0.89","-0.22","0.2","90.3",21,0,0,0,5.82,1.9,-0.69,2.38,0,0,"-8.357142857",,,"8.357142857",,,,,50,,,,,,,
7,676785,"Conley, Bryce",38,18.4,0,0,,0,0,,,0,1,,,2565,89,88.64,2,4,3,-0.4000000000000057,6.23,92,133,104,137,276,305,275,"0.394","-0.394",,,,1,0,0,0,0,0,1,100,0,0,"2.25","0.64","-0.19","0.03","97.5",180,,,,5.29,-2.98,1.05,1.62,0,,"-5.628571429",,,"5.628571429",,,,,50,,,,,,,
7,702300,"Lavallee, Johnathan",12,58.3,0,0,0,0,0.349,,,0,1,97.7,-16,2437,90.1,91.11,1,2,5,1,6.64,116,148,123,150,283,328,292,"-0.303","0.303",,,,2,1,0,0,0,0,0,0,1,50,"2.11","0.67","-0.38","0.22","97.7",8,100,0,0,5.95,-1.24,-0.29,2.32,0.5,0,"4.328571429",,,"-4.328571429",,,,,50,,,,,,,
7,688609,"Parks, Hunter",27,25.9,0,0,,0,0,,,0,1,,,2276,87.8,88.89,4,4,3,1.1000000000000085,6.96,103,151,122,147,313,336,291,"0.279","-0.279",,,,1,0,0,0,0,0,1,100,0,0,"2.47","0.49","-0.52","-0.52",,,,,,5.41,-1.96,0.79,2.45,0,,"-3.985714286",,,"3.985714286",,,,,100,,,,,,,
7,820825,"Eaton, Konner",121,5.8,0,0,0,0,0,,,0,1,96.1,50,2115,91.2,92.31,1,4,3,1.0999999999999943,6.77,114,145,115,144,302,319,301,"0.372","-0.372",,,,1,1,0,0,0,0,0,0,0,0,"2.22","0.51","-0.13","0.01","92.0",132,100,0,0,5.36,1.86,-1.04,2.72,0,0,"-5.314285714",,,"5.314285714",,,,,25,,,,,,,
7,800212,"Peña, Francis",71,9.9,0,0,,0,0,,,0,1,,,1893,89.9,92.21,1,1,6,2.299999999999997,7.57,110,149,121,148,295,323,297,"-0.11","0.11",,,,1,0,0,0,0,0,1,100,0,0,"2.02","0.8","0.18","0.04",,,,,,5.55,-0.36,0.56,2.04,0,,"1.571428571",,,"-1.571428571",,,,,100,,,,,,,
7,690997,"McLean, Nolan",56,12.5,,,,,,,,,,,,2636,93.5,93.67,0,3,4,0.20000000000000284,6.29,109,148,122,151,280,321,299,"0.144","-0.144",,,,,,,,,,,,,,"1.93","0.67","0.06","-0.05","88.0",184,,,,5.26,-3.57,0.48,2.8,,,"-2.057142857",,,"2.057142857",,,,,0,,,,,,,
7,670912,"Oviedo, Johan",260,2.7,,,,,,,,,,,,2247,86.4,87.57,1,2,5,1.1999999999999886,7.1,126,148,108,153,275,313,309,"0.157","-0.157",,,,,,,,,,,,,,"2.51","0.55","-0.05","0.02","88.5",308,,,,5.49,-3.06,-0.12,2.53,,,"-2.242857143",,,"2.242857143",,,,,50,,,,,,,
7,680724,"Ras, Tyler",46,15.2,0,0,0,0,0,,,0,1,90,28,2303,90.6,90.7,0,2,5,0.10000000000000853,6.13,107,153,112,150,302,331,316,"0.099","-0.099",,,,1,1,0,0,0,0,0,0,0,0,"1.88","0.89","-0.3","-0.23","91.1",4,0,0,0,6.19,-1.26,0.43,1.53,0,0,"-1.414285714",,,"1.414285714",,,,,0,,,,,,,
7,701207,"Colleran Jr., Dennis",46,15.2,0,0,0,0,0,,,0,2,78.3,75,2357,92.3,92.41,1,4,3,0.10000000000000853,6.33,120,149,129,150,288,315,301,"0.587","-0.587",,,,2,1,0,0,0,0,1,50,0,0,"2.08","0.59","-0.03","0","93.6",163,0,0,0,4.99,-2.47,0.38,2.94,0,0,"-8.385714286",,,"8.385714286",,,,,25,,,,,,,
7,691027,"Witt, Tanner",15,46.7,,,,,,,,,,,,,87.9,89.06,3,3,4,1.1999999999999886,6.8,110,151,132,150,299,322,285,"-0.053","0.053",,,,,,,,,,,,,,"2.07","0.86","-0.35","-0.19",,,,,,6.45,-1.99,0.29,2.39,,,"0.757142857",,,"-0.757142857",,,,,100,,,,,,,
7,701686,"Larsen, Kyle",17,41.2,0,0,0,0,0,,,0,2,92.6,-17,2163,90.4,91.57,1,4,3,1.1999999999999886,6.86,,,,,,,,"-0.086","0.086",,,,2,1,0,0,0,0,1,50,0,0,"2.09","0.69","0","0","89.5",158,0,0,0,5.38,-1.41,0.49,2,0,0,"1.228571429",,,"-1.228571429",,,,,25,,,,,,,
7,690294,"Murphy, Shane",36,19.4,1,3,,4,2.047,,,1,1,113.3,27,2322,84.7,85.06,0,2,5,0.3999999999999915,6.3,114,148,110,149,293,326,302,"-2.408","2.408",,,,1,1,0,0,0,1,0,0,0,0,"2.72","0.43","-0.45","0.16","100.6",352,100,100,100,6.39,0.44,-0.57,2.37,1,1,"34.4",,,"-34.4",,,,,0,,,,,,,
7,672021,"Cerantola, Eric",49,14.3,1,0,1,1,0.889,,,2,2,95.5,14,2099,91.6,92.64,0,3,4,1,6.66,109,144,118,149,288,325,304,"-1.044","1.044",,,,2,2,2,0,0,0,0,0,0,0,"1.94","0.75","0.02","-0.04","93.9",146,50,0,0,6.55,-0.89,-0.32,3.4,1,0,"14.914285714",,,"-14.914285714",,,,,0,,,,,,,
7,686762,"Roberts, Austin",26,26.9,0.333,0,1,0.333,0.296,,,1,3,95.9,17,2320,87.2,87.27,2,4,3,0.09999999999999432,6.21,104,152,118,145,304,316,292,"0.085","-0.085",,,,3,1,1,0,0,0,2,66.7,0,0,"2.43","0.56","-0.09","-0.09","91.9",128,100,0,0,5.71,-2.48,0.64,1.82,0.333,0,"-1.214285714",,,"1.214285714",,,,,50,,,,,,,
7,656222,"Beeks, Jalen",35,20,0,0,0,0,0,,,0,2,101.5,6,2429,84.5,84.64,0,3,4,0.09999999999999432,6.31,118,149,129,152,300,321,304,"0.356","-0.356",,,,2,2,0,0,0,0,0,0,0,0,"2.96","0.23","-0.2","-0.02","97.0",120,100,0,0,5.84,1.37,-0.15,1.98,0,0,"-5.085714286",,,"5.085714286",,,,,0,,,,,,,
7,686826,"Jarvis, Bryce",103,6.8,0,0,0,0,0,,,0,1,92.8,-15,2386,88.7,87.87,2,4,3,-0.7999999999999972,5.7,124,147,118,151,282,321,305,"0.36","-0.36",,,,1,1,0,0,0,0,0,0,0,0,"2.37","0.52","-0.06","0.06","100.4",150,0,0,0,5.62,-1.97,0.69,1.99,0,0,"-5.142857143",,,"5.142857143",,,,,50,,,,,,,
7,669923,"Kirby, George",233,3,1,0.667,1,1.667,1.137,,,3,3,76.6,35.3,2287,94,94.53,1,5,2,0.5,6.5,125,146,117,152,297,324,312,"-1.589","1.589",,,,3,3,1,2,0,0,0,0,0,0,"1.8","0.77","0.08","-0.08","88.0",232,0,0,0,5.91,-1.61,0.79,3.16,1,0,"22.7",,,"-22.7",,,,,20,,,,,,,
7,688781,"Banks, Brett",56,12.5,0,0,0,0,0,,,0,1,99.8,41,2294,88.7,89.53,1,2,5,0.7999999999999972,6.47,110,150,117,147,288,307,278,"0.285","-0.285",,,,1,1,0,0,0,0,0,0,0,0,"2.36","0.52","-0.29","-0.15","99.8",,100,0,0,5.66,-2.01,0.18,1.46,0,0,"-4.071428571",,,"4.071428571",,,,,50,,,,,,,
6,686972,"Waites, Cole",86,7,,,,,0.698,,,0,0,,,2515,89.4,90.02,2,2,4,0.5999999999999943,6.73,110,148,126,150,293,324,286,"-0.285","0.285",,,,1,0,0,0,0,0,0,0,1,100,"1.77","1.09","-0.24","-0.11",,,,,,5.07,-2,1.28,1.56,1,,"4.75",,,"-4.75",,,,,100,,,,,,,
6,805214,"Lyon, Isaac",24,25,,,,,,,,,,,,2517,89.3,90.03,0,0,6,0.7000000000000028,6.37,113,152,114,149,281,313,278,"-0.15","0.15",,,,,,,,,,,,,,"2.48","0.34","-0.05","-0.02","88.0",,,,,4.52,-2.46,0.67,2.16,,,"2.5",,,"-2.5",,,,,,,,,,,,
6,804973,"Rodriguez, Manuel",41,14.6,,,,,,,,,,,,2715,89.4,89.58,1,1,5,0.19999999999998863,6.08,115,151,119,151,286,315,297,"-0.148","0.148",,,,,,,,,,,,,,"1.73","1.09","-0.07","-0.17",,,,,,5.58,-2.25,-0.25,3.77,,,"2.466666667",,,"-2.466666667",,,,,100,,,,,,,
6,669395,"Coleman, Dylan",56,10.7,0,0,,0,0,,,0,1,,,2425,90.4,90.45,1,1,5,0,6.22,111,147,126,151,285,305,285,"0.177","-0.177",,,,1,0,0,0,0,0,1,100,0,0,"2.29","0.49","-0.34","0.23",,,,,,5.9,-1.38,1.02,2.15,0,,"-2.95",,,"2.95",,,,,100,,,,,,,
6,676917,"Cavalli, Cade",186,3.2,,,,,,,,,,,,2298,94.3,94.85,1,3,3,0.5,6.45,115,149,104,152,289,323,295,"0.262","-0.262",,,,,,,,,,,,,,"1.51","1.04","0.04","-0.05","88.0",1,,,,6,-2.88,0.18,2.44,,,"-4.366666667",,,"4.366666667",,,,,33.3,,,,,,,
6,683681,"Gonzalez, Jose",14,42.9,0.5,1,0.5,1.5,0.797,,,1,2,95.9,15,2362,89,92.55,1,4,2,3.5,8.18,123,149,115,151,288,323,305,"-0.243","0.243",,,,2,2,0,0,1,0,0,0,0,0,"2.39","0.48","-0.29","0.16","93.5",193,50,0,0,5.84,-2.64,0.44,2.19,0.5,0,"4.05",,,"-4.05",,,,,25,,,,,,,
6,701121,"VanWey, Logan",156,3.8,1,0,1,1,0.889,,,2,2,88.2,30,2348,84.7,84.98,0,2,4,0.29999999999999716,6.4,110,150,124,149,309,325,297,"-0.752","0.752",,,,2,2,2,0,0,0,0,0,0,0,"2.85","0.32","-0.34","-0.25","95.4",207,50,0,0,4.87,-2.82,-0.29,2.31,1,0,"12.533333333",,,"-12.533333333",,,,,0,,,,,,,
6,801505,"Thompson, Paxton",16,37.5,1,0,1,1,0.889,,,2,2,77.9,0.5,2005,86.2,86.45,1,3,3,0.4000000000000057,6.35,100,152,123,149,325,328,295,"-1.087","1.087",,,,2,2,2,0,0,0,0,0,0,0,"2.79","0.27","-0.11","-0.11","88.0",115,0,0,0,5.09,-2.16,0.72,2.25,1,0,"18.116666667",,,"-18.116666667",,,,,33.3,,,,,,,
6,801754,"Palermo, Davison",18,33.3,1,0,1,1,0.889,,,1,1,97.1,13,2202,84.8,83.45,2,5,1,-1.2999999999999972,6.15,119,149,119,151,286,338,301,"-0.566","0.566",,,,1,1,1,0,0,0,0,0,0,0,"3.12","0.14","-0.02","0.02","91.0",107,100,0,0,5.41,-3.42,0,2.15,1,0,"9.433333333",,,"-9.433333333",,,,,40,,,,,,,
6,650960,"Duarte, Daniel",22,27.3,1,0,1,1,0.772,,,1,1,89.9,12,2610,90.9,90.52,0,2,4,-0.4000000000000057,6.02,121,148,127,150,286,322,288,"-1.116","1.116",,,,3,1,1,0,0,0,0,0,1,33.3,"1.94","0.82","-0.26","0.25","89.0",210,0,0,0,5.92,-1.18,1.2,2.13,1,0,"18.6",,,"-18.6",,,,,0,,,,,,,
6,687857,"Ryan, Sam",29,20.7,,,,,,,,,,,,2199,90.4,90.25,0,2,4,-0.10000000000000853,6.18,121,144,111,152,279,316,281,"-0.048","0.048",,,,,,,,,,,,,,"1.99","0.79","-0.17","0.13","88.0",117,,,,5.96,-1.87,0.67,2.78,,,"0.8",,,"-0.8",,,,,0,,,,,,,
6,823990,"Taylor, Zane",78,7.7,0,0,,0,0,,,0,1,,,1970,86.4,85.92,0,3,3,-0.5,5.92,122,148,126,154,288,325,302,"0.422","-0.422",,,,1,0,0,0,0,0,1,100,0,0,"2.82","0.23","0.01","-0.01","88.3",4,,,,5.36,-2.04,-0.55,2.39,0,,"-7.033333333",,,"7.033333333",,,,,0,,,,,,,
6,804539,"Bowen, Darren",37,16.2,0,0,0,0,0,,,0,2,86.2,36.5,2419,86,86.7,0,2,4,0.7999999999999972,6.57,115,134,115,140,306,334,294,"0.589","-0.589",,,,2,2,0,0,0,0,0,0,0,0,"2.46","0.61","-0.28","0.04","94.1",89,50,0,0,5.57,-2.11,0.28,2.02,0,0,"-9.816666667",,,"9.816666667",,,,,0,,,,,,,
6,687547,"Ramsey, Ryan",8,75,0,0,0,0,0,,,0,3,78.1,43.5,2310,90.6,89.5,1,4,2,-1.0999999999999943,5.42,122,154,118,147,300,319,283,"0.745","-0.745",,,,3,2,0,0,0,0,1,33.3,0,0,"1.74","1.02","-0.22","0.22","88.0",236,0,0,0,6.38,0.81,-0.8,2.9,0,0,"-12.416666667",,,"12.416666667",,,,,25,,,,,,,
6,702119,"Hayes, Hunter",36,16.7,0,0,0,0,0.349,,,0,1,59,-27,2356,88.3,87.53,0,2,4,-0.7999999999999972,5.67,108,152,120,145,295,327,288,"0.213","-0.213",,,,2,1,0,0,0,0,0,0,1,50,"2.52","0.39","0.24","0.24","88.0",4,0,0,0,6.03,-2.13,0.7,2,0.5,0,"-3.55",,,"3.55",,,,,0,,,,,,,
6,807744,"Cummings, Ty",40,15,0,0,0,0,0,,,0,2,97.5,11,2257,86.7,85.92,1,4,2,-0.7999999999999972,5.63,107,152,116,142,306,339,290,"0.371","-0.371",,,,2,2,0,0,0,0,0,0,0,0,"2.94","0.08","-0.23","-0.23","94.3",123,50,0,0,5.32,-1.45,0.47,1.68,0,0,"-6.183333333",,,"6.183333333",,,,,25,,,,,,,
6,823226,"Harris, Zach",17,35.3,0,0,0,0,0.349,,,0,1,112.4,18,2265,90,89.65,1,4,2,-0.29999999999999716,6.13,111,148,116,149,297,312,300,"0.188","-0.188",,,,2,1,0,0,0,0,0,0,1,50,"2.47","0.35","-0.03","0.03","96.1",246,100,100,50,5.2,-2.98,-0.04,2.96,0.5,1,"-3.133333333",,,"3.133333333",,,,,25,,,,,,,
6,689149,"Dallas, Chad",38,15.8,,,,,,,,,,,,2416,91.8,92.55,3,6,0,0.7000000000000028,6.55,115,150,119,149,295,325,286,"0.325","-0.325",,,,,,,,,,,,,,"1.83","0.86","-0.55","-0.39","88.0",84,,,,5.84,-1.24,0.55,2.8,,,"-5.416666667",,,"5.416666667",,,,,50,,,,,,,
6,518886,"Kimbrel, Craig",106,5.7,,,,,0.718,,,0,0,,,2302,90.5,91.03,0,1,5,0.5,6.7,107,147,120,151,270,312,280,"-0.811","0.811",,,,3,0,0,0,0,0,0,0,1,33.3,"1.84","0.96","0.14","-0.14","88.0",9,,,,4.9,-3.15,1.37,1.36,1,,"13.516666667",,,"-13.516666667",,,,,0,,,,,,,
6,670234,"Shuman, Seth",20,30,,,,,,,,0,0,,,2864,86.4,85.83,1,1,5,-0.6000000000000085,5.92,107,151,126,150,309,317,289,"0.103","-0.103",,,,0,0,0,0,0,0,0,,0,,"3.31","-0.26","-0.73","-0.43",,,,,,5.65,-2.61,-0.16,1.09,,,"-1.716666667",,,"1.716666667",,,,,100,,,,,,,
6,828475,"Dorchies, Ethan",18,33.3,0,0,0,0,0.465,,,0,1,87.6,50,2456,89.8,91.02,1,3,3,1.2000000000000028,6.92,106,147,114,147,300,324,292,"-0.14","0.14",,,,3,1,0,0,0,0,0,0,2,66.7,"2.5","0.31","-0.08","-0.06","88.0",229,0,0,0,5.77,-1.88,0.12,2.04,0.667,0,"2.333333333",,,"-2.333333333",,,,,33.3,,,,,,,
6,808750,"Hintz, Casey",22,27.3,,,,,0.698,,,0,0,,,2149,91.3,89.8,1,3,3,-1.5,5.38,91,103,92,108,294,319,303,"0.021","-0.021",,,,1,0,0,0,0,0,0,0,1,100,"2.13","0.61","0.24","0.01","88.0",193,,,,4.72,-3.77,-0.88,3.29,1,,"-0.35",,,"0.35",,,,,33.3,,,,,,,
6,695556,"Panzini, Shane",136,4.4,0,0,0,0,0,,,0,3,86,8.7,2285,87.1,87.62,0,3,3,0.5,6.47,96,150,120,148,296,325,294,"0.748","-0.748",,,,3,3,0,0,0,0,0,0,0,0,"2.63","0.36","-0.4","-0.26","89.8",127,0,0,0,6.2,-1.2,0.57,1.55,0,0,"-12.466666667",,,"12.466666667",,,,,0,,,,,,,
6,691774,"Carter, Irv",9,66.7,0,0,0,0,0,,,0,2,68.2,29,2155,89.9,89.13,0,5,1,-0.8000000000000114,5.78,121,150,127,146,294,339,289,"0.674","-0.674",,,,2,2,0,0,0,0,0,0,0,0,"2.18","0.63","-0.12","0","88.0",103,0,0,0,5.79,-1.13,0.1,2.48,0,0,"-11.233333333",,,"11.233333333",,,,,0,,,,,,,
6,687879,"Quiñones, Luis",39,15.4,0,0,0,0,0,,,0,1,97,-15,2378,86.4,86.2,0,3,3,-0.09999999999999432,6.13,113,152,123,147,284,310,287,"0.322","-0.322",,,,1,1,0,0,0,0,0,0,0,0,"2.57","0.48","-0.56","-0.56","91.0",68,100,0,0,6.07,-1.55,-0.08,1.79,0,0,"-5.366666667",,,"5.366666667",,,,,0,,,,,,,
6,669449,"Palisch, Jake",42,14.3,,,,,,,,,,,,2106,85.6,84.67,1,3,3,-0.8999999999999915,5.67,95,146,110,145,297,323,290,"-0.05","0.05",,,,,,,,,,,,,,"2.57","0.54","-0.09","0.09","88.0",165,,,,6.08,3,-0.88,2.17,,,"0.833333333",,,"-0.833333333",,,,,33.3,,,,,,,
6,687531,"Kempner, William",69,8.7,0,0,0,0,0.349,,,0,1,84.5,33,2492,87.6,87.65,0,3,3,0.10000000000000853,6.03,103,146,128,149,288,321,288,"0.105","-0.105",,,,2,1,0,0,0,0,0,0,1,50,"2.32","0.62","0.02","-0.19","88.0",197,0,0,0,4.65,-2.53,0.1,2.23,0.5,0,"-1.75",,,"1.75",,,,,0,,,,,,,
6,670241,"Vines, Darius",21,28.6,,,,,,,,,,,,2484,83.7,83.17,0,1,5,-0.5,5.92,107,151,125,150,296,321,298,"0.027","-0.027",,,,,,,,,,,,,,"2.71","0.55","-0.13","-0.13","88.0",6,,,,6.13,-1.44,0.43,1.72,,,"-0.45",,,"0.45",,,,,0,,,,,,,
6,695680,"Langhorne, Miles",24,25,0.5,0.5,1,1,0.63,,,1,2,96.3,-6,2479,87.1,87.55,1,2,4,0.5,6.45,119,153,128,149,303,324,301,"-0.69","0.69",,,,2,1,0,1,0,0,1,50,0,0,"3","-0.01","-0.33","-0.17","96.3",18,100,0,0,5.72,-0.68,0.23,1.98,0.5,0,"11.5",,,"-11.5",,,,,50,,,,,,,
5,622491,"Castillo, Luis",271,1.8,0,0,0,0,0,,,0,1,105.2,-21,2178,91.5,89.8,0,1,4,-1.7000000000000028,5.18,101,146,115,149,302,324,298,"0.352","-0.352",,,,1,1,0,0,0,0,0,0,0,0,"2.05","0.67","0.28","-0.28","105.2",6,100,0,0,5.26,-2.31,0.28,2.99,0,0,"-7.04",,,"7.04",,,,,0,,,,,,,
5,804926,"Peterson, Austin",35,14.3,1,0,1,1,0.889,,,1,1,82.9,19,2318,87.7,89.24,0,2,3,1.5,7.08,107,149,121,151,301,324,306,"-0.557","0.557",,,,1,1,1,0,0,0,0,0,0,0,"2.5","0.45","-0.15","0.07","88.0",214,0,0,0,5.55,-1.71,0.46,2.17,1,0,"11.14",,,"-11.14",,,,,0,,,,,,,
5,660761,"Suarez, José",242,2.1,0,0,0,0,0,,,0,2,90.8,-14.5,2438,88.9,88.48,0,4,1,-0.4000000000000057,5.84,108,150,122,148,324,327,290,"0.772","-0.772",,,,2,2,0,0,0,0,0,0,0,0,"2.27","0.6","-0.02","0.02","91.5",89,50,0,0,5.71,1.36,-0.38,1.69,0,0,"-15.44",,,"15.44",,,,,0,,,,,,,
5,668719,"Yovan, Kenyon",11,45.5,1,3,,4,2.047,,,1,1,114.8,25,2273,87.7,88.08,0,1,4,0.3999999999999915,6.18,112,152,115,149,306,339,308,"-1.526","1.526",,,,1,1,0,0,0,1,0,0,0,0,"2.15","0.78","-0.15","-0.07","114.8",397,100,100,100,5.78,-3.33,-0.48,2.76,1,1,"30.52",,,"-30.52",,,,,0,,,,,,,
5,681212,"Schanaman, Shay",36,13.9,0,0,,0,0.349,,,0,1,,,2342,86.5,86.54,1,1,4,0,6.12,114,128,104,138,294,327,294,"0.231","-0.231",,,,2,0,0,0,0,0,1,50,1,50,"2.77","0.25","-0.18","0.18",,,,,,5.54,-2.16,0.23,2.36,0.5,,"-4.62",,,"4.62",,,,,100,,,,,,,
5,806064,"Echavarria, Steven",15,33.3,0,0,,0,0,,,0,1,,,2482,88.3,88.34,0,0,5,0,5.94,121,150,125,152,297,324,295,"0.172","-0.172",,,,1,0,0,0,0,0,1,100,0,0,"2.68","0.21","-0.36","0.06",,,,,,6.29,-2.33,-0.44,3.11,0,,"-3.44",,,"3.44",,,,,,,,,,,,
5,679928,"McKendry, Evan",44,11.4,0.5,0,0.5,0.5,0.445,,,1,2,71.2,53,2172,83.8,83.96,0,3,2,0.20000000000000284,6.26,114,149,122,149,286,325,292,"-0.312","0.312",,,,2,2,1,0,0,0,0,0,0,0,"2.96","0.27","-0.21","0.06","88.0",154,0,0,0,5.03,-2.42,0.07,3.08,0.5,0,"6.24",,,"-6.24",,,,,0,,,,,,,
5,687218,"Bednar, Will",80,6.3,1,0,1,1,0.889,,,1,1,98.4,-1,2706,95.9,97,0,2,3,1.0999999999999943,6.68,115,148,122,148,300,325,297,"-0.537","0.537",,,,1,1,1,0,0,0,0,0,0,0,"1.37","1.09","-0.33","-0.33","93.2",171,100,0,0,6.03,-1.87,-0.42,2.8,1,0,"10.74",,,"-10.74",,,,,0,,,,,,,
5,608723,"Voth, Austin",37,13.5,0.5,0.5,0.667,1,0.63,,,2,4,91.3,14.3,2374,87.5,87.3,1,4,1,-0.20000000000000284,6.18,121,145,120,148,298,324,304,"-1.055","1.055",,,,4,3,0,2,0,0,1,25,0,0,"2.65","0.33","-0.26","0.13","99.8",222,66.66666666666666,33.33333333333333,25,5.94,-2.37,0.84,2.56,0.5,1,"21.1",,,"-21.1",,,,,25,,,,,,,
5,684725,"Messinger, Zach",47,10.6,0,0,0,0,0,,,0,1,78.8,32,2501,86.3,86.12,2,4,1,-0.20000000000000284,6.02,111,150,131,152,279,304,276,"0.483","-0.483",,,,2,1,0,0,0,0,1,50,0,0,"2.69","0.36","-0.42","0.05","88.0",148,0,0,0,5.86,-1.56,-0.24,3.09,0,0,"-9.66",,,"9.66",,,,,50,,,,,,,
5,682754,"Mendez, Teofilo",24,20.8,0.5,1.5,,2,1.024,,,1,2,102.2,32,2231,87.8,88.4,0,2,3,0.6000000000000085,6.58,108,148,109,150,285,317,306,"-1.362","1.362",,,,2,1,0,0,0,1,1,50,0,0,"2.54","0.4","-0.38","0.38","95.1",211,100,100,50,5.53,-0.59,0.6,2.17,0.5,1,"27.24",,,"-27.24",,,,,0,,,,,,,
5,668761,"Peluse, Colin",24,20.8,,,,,,,,,,,,2190,87.3,86.38,1,1,4,-0.8999999999999915,5.66,106,149,116,143,293,325,298,"0.106","-0.106",,,,,,,,,,,,,,"2.32","0.66","-0.29","-0.07",,,,,,6.15,-2.26,0.58,1.72,,,"-2.12",,,"2.12",,,,,100,,,,,,,
5,823793,"Loomis, Eric",46,10.9,0,0,0,0,0,,,0,1,58.5,33,2381,87.5,87.56,0,3,2,0.09999999999999432,6.2,119,151,121,150,303,325,307,"0.201","-0.201",,,,1,1,0,0,0,0,0,0,0,0,"2.52","0.44","0.01","0","88.0",199,0,0,0,4.68,-2.39,0.66,1.62,0,0,"-4.02",,,"4.02",,,,,0,,,,,,,
5,700719,"De Jesus, Dairon",23,21.7,0.5,1.5,,2,0.915,,,1,2,108.8,29,2234,90.4,90.86,2,3,2,0.5,6.34,113,151,116,150,290,309,289,"-0.716","0.716",,,,3,1,0,0,0,1,1,33.3,1,33.3,"1.66","1.11","0.19","0.02","108.8",419,100,100,33.33333333333333,5.7,-1.38,0.49,2.22,0.667,1,"14.32",,,"-14.32",,,,,66.7,,,,,,,
5,814489,"Wichrowski, Brett",47,10.6,0,0,0,0,0,,,0,1,68.8,45,2492,92.3,93.16,0,1,4,0.9000000000000057,6.62,113,147,120,153,289,309,287,"0.135","-0.135",,,,1,1,0,0,0,0,0,0,0,0,"1.98","0.68","-0.03","0.05","88.0",212,0,0,0,5.46,-1.79,-0.03,3.16,0,0,"-2.7",,,"2.7",,,,,0,,,,,,,
5,702712,"Biven, Tucker",21,23.8,1,3,,4,2.047,,,1,1,97.8,37,2391,87.5,,2,3,2,,,119,148,119,151,290,315,283,"-1.182","1.182",,,,1,1,0,0,0,1,0,0,0,0,"2.77","0.19","-0.05","0.08","97.8",363,100,0,0,5.98,-2.15,0.06,2.3,1,0,"23.64",,,"-23.64",,,,,66.7,,,,,,,
5,669434,"Emanuels, Stevie",23,21.7,0,0,0,0,0,,,0,2,82,76,2564,87.6,87.5,1,3,2,-0.09999999999999432,6.14,114,153,118,150,303,318,294,"0.505","-0.505",,,,2,1,0,0,0,0,1,50,0,0,"2.64","0.33","-0.31","-0.17","88.0",169,0,0,0,6.43,-1.87,0.9,1.21,0,0,"-10.1",,,"10.1",,,,,33.3,,,,,,,
5,621366,"Borucki, Ryan",67,7.5,0,0,0,0,0,,,0,1,104.8,-19,2201,90.8,90.58,0,2,3,-0.20000000000000284,6.14,110,152,120,145,305,331,292,"0.152","-0.152",,,,1,1,0,0,0,0,0,0,0,0,"2.03","0.74","0.3","-0.3","106.3",40,100,0,0,5.85,1.11,-0.22,2.93,0,0,"-3.04",,,"3.04",,,,,0,,,,,,,
5,800395,"Cruz, Nicolas",22,22.7,1,0,1,1,0.889,,,1,1,106.9,13,2109,89.7,89.94,0,3,2,0.20000000000000284,6.26,100,148,123,148,286,330,294,"-0.227","0.227",,,,1,1,1,0,0,0,0,0,0,0,"2.07","0.75","-0.01","0.01","99.8",139,100,0,0,5.62,-1.2,0.51,2.82,1,0,"4.54",,,"-4.54",,,,,0,,,,,,,
5,803183,"Fox, Luke",48,10.4,,,,,,,,,,,,,88.2,88.32,1,1,4,0.09999999999999432,6.3,106,149,123,149,287,339,304,"-0.312","0.312",,,,,,,,,,,,,,"2.32","0.6","-0.19","0.05",,,,,,5.59,3.83,-0.77,1.86,,,"6.24",,,"-6.24",,,,,100,,,,,,,
5,681810,"Warren, Austin",84,6,,,,,,,,,,,,2482,88.4,88.64,0,2,3,0.19999999999998863,6.24,117,145,112,153,292,311,290,"0.08","-0.08",,,,,,,,,,,,,,"2.58","0.31","-0.12","0.12","88.0",145,,,,5.02,-2.49,0.21,2.65,,,"-1.6",,,"1.6",,,,,0,,,,,,,
4,809459,"Austin, Morris",23,17.4,0.5,0,0.5,0.5,0.445,,,1,2,80.9,-17.5,2190,86.7,86.95,1,3,1,0.29999999999999716,6.25,110,134,113,134,288,310,281,"-0.539","0.539",,,,2,2,1,0,0,0,0,0,0,0,"2.99","0.02","-0.35","-0.35","88.0",116,0,0,0,5.83,-1.13,-0.29,2.2,0.5,0,"13.475",,,"-13.475",,,,,33.3,,,,,,,
4,687864,"Vanderhei, Ryan",22,18.2,,,,,0.729,,,0,0,,,2697,83,82.83,0,0,4,-0.20000000000000284,6.18,114,151,120,153,285,329,309,"-0.578","0.578",,,,1,0,0,0,0,0,0,0,0,0,"3.52","-0.22","-1.29","-0.18",,,,,,5.96,-0.98,-2,2.65,1,,"14.45",,,"-14.45",,,,,,,,,,,,
4,675296,"Merda, Hayden",12,33.3,0,0,0,0,0.349,,,0,1,89.9,17,2200,87.1,86.65,0,1,3,-0.3999999999999915,5.9,117,147,112,152,292,330,296,"-0.043","0.043",,,,2,1,0,0,0,0,0,0,1,50,"2.67","0.33","-0.07","0.07","89.9",273,0,0,0,6.03,-1.61,-0.24,2.3,0.5,0,"1.075",,,"-1.075",,,,,0,,,,,,,
4,822472,"Picone, Domenic",21,19,1,0,1,1,0.889,,,1,1,109.1,18,2737,85.6,85.53,1,2,2,-0.09999999999999432,6.08,100,149,119,150,291,318,292,"-0.411","0.411",,,,1,1,1,0,0,0,0,0,0,0,"2.27","0.82","-0.3","-0.18","109.1",337,100,100,100,4.96,-1.43,0.35,3.2,1,1,"10.275",,,"-10.275",,,,,50,,,,,,,
4,592826,"Velasquez, Vince",38,10.5,0,0,0,0,0,,,0,2,99.4,39,2681,89.4,89.83,0,1,3,0.3999999999999915,6.38,103,150,119,148,296,329,297,"0.485","-0.485",,,,2,1,0,0,0,0,1,50,0,0,"2.15","0.69","-0.39","0.13","99.4",360,100,0,0,5.66,-1.87,0.25,1.85,0,0,"-12.125",,,"12.125",,,,,0,,,,,,,
4,815779,"Hillier, Cole",15,26.7,0,0,0,0,0,,,0,1,89.7,29,2489,86.8,86.38,0,1,3,-0.3999999999999915,5.88,111,150,120,149,296,326,297,"-0.544","0.544",,,,1,1,0,0,0,0,0,0,0,0,"2.47","0.54","-0.19","-0.13","89.7",347,0,0,0,4.68,-2.97,1.23,1.29,0,0,"13.6",,,"-13.6",,,,,0,,,,,,,
4,686752,"Pepiot, Ryan",165,2.4,,,,,,,,,,,,2372,90.7,90.88,0,1,3,0.20000000000000284,6.45,99,144,119,141,249,334,299,"-0.044","0.044",,,,,,,,,,,,,,"1.24","1.54","0.14","0.06","97.0",195,,,,6.08,-1.21,-0.18,2.62,,,"1.1",,,"-1.1",,,,,0,,,,,,,
4,698965,"Maldonado, Gerelmi",32,12.5,0,0,,0,0,,,0,1,,,2613,86.4,85.5,1,2,2,-0.9000000000000057,5.68,120,144,112,148,295,332,302,"0.251","-0.251",,,,1,0,0,0,0,0,1,100,0,0,"3.1","-0.06","-1.01","1.01","88.0",141,,,,6.36,-1.3,0.52,2.2,0,,"-6.275",,,"6.275",,,,,50,,,,,,,
4,687202,"McLaughlin, Mark",16,25,0,0,,0,0.349,,,0,1,,,2578,86.8,87.07,1,1,3,0.29999999999999716,6.42,103,139,128,143,306,331,290,"0.08","-0.08",,,,2,0,0,0,0,0,1,50,1,50,"2.55","0.46","-0.22","-0.22",,,,,,6.32,-1.36,0.8,1.02,0.5,,"-2",,,"2",,,,,100,,,,,,,
4,802609,"Bertrand, John Michael",26,15.4,,,,,0.698,,,0,0,,,2242,84.9,85.03,0,0,4,0.09999999999999432,6,106,149,117,150,311,331,297,"-0.605","0.605",,,,2,0,0,0,0,0,0,0,2,100,"3.14","-0.03","-0.32","0.14",,,,,,6.19,1.69,0.45,2.89,1,,"15.125",,,"-15.125",,,,,,,,,,,,
4,676012,"Ogando, Gerald",33,12.1,0,0,,0,0.349,,,0,1,,,2721,86.5,87.22,1,1,3,0.7000000000000028,7.15,101,151,124,149,298,306,289,"-0.242","0.242",,,,2,0,0,0,0,0,1,50,1,50,"2.66","0.43","-1.05","-1.05",,,,,,5.27,-2.06,1.72,1.37,0.5,,"6.05",,,"-6.05",,,,,100,,,,,,,
4,804619,"Klein, John",24,16.7,,,,,,,,,,,,2267,90.1,90.8,0,1,3,0.7000000000000028,6.63,,,,,,,,"-0.094","0.094",,,,,,,,,,,,,,"2.16","0.64","-0.06","-0.01","88.0",167,,,,6,-1.83,-0.26,1.87,,,"2.35",,,"-2.35",,,,,0,,,,,,,
4,680755,"Fisher, Braydon",110,3.6,0,0,,0,0,,,0,1,,,2166,90.9,89.7,2,2,2,-1.0999999999999943,5.38,120,145,103,146,278,328,305,"0.168","-0.168",,,,1,0,0,0,0,0,1,100,0,0,"1.69","1.05","0","0",,,,,,6.69,0.43,0.52,2.35,0,,"-4.2",,,"4.2",,,,,100,,,,,,,
4,681884,"Carpenter, D.J.",14,28.6,,,,,0.713,,,0,0,,,2425,88.2,88.88,0,0,4,0.7000000000000028,6.53,100,151,118,149,287,317,287,"-0.235","0.235",,,,2,0,0,0,0,0,0,0,1,50,"2.91","0.01","-0.7","-0.06",,,,,,6.77,-0.96,1.93,1.67,1,,"5.875",,,"-5.875",,,,,,,,,,,,
4,805149,"Delvecchio, Cody",18,22.2,0.5,0,1,0.5,0.445,,,1,2,98.1,7,2385,87,86.25,1,3,1,-0.7000000000000028,5.72,114,152,123,150,297,321,294,"-0.168","0.168",,,,2,1,1,0,0,0,1,50,0,0,"2.55","0.45","-0.57","0.05","93.0",107,100,0,0,5.54,-1.73,0.32,2.43,0.5,0,"4.2",,,"-4.2",,,,,33.3,,,,,,,
4,686790,"McDonald, Trevor",182,2.2,,,,,,,,,,,,2836,91,91.45,0,0,4,0.5,6.6,107,150,122,151,308,334,298,"-0.125","0.125",,,,,,,,,,,,,,"2.27","0.49","0.25","-0.08",,,,,,5.22,-2.16,1.21,0.82,,,"3.125",,,"-3.125",,,,,,,,,,,,
4,687268,"Hunt, K.C.",19,21.1,,,,,,,,,,,,2218,88.4,88.75,0,1,3,0.5,6.28,93,146,116,146,306,326,287,"0.041","-0.041",,,,,,,,,,,,,,"1.99","0.92","-0.08","-0.08","110.0",316,,,,5.84,-0.9,0.41,1.66,,,"-1.025",,,"1.025",,,,,0,,,,,,,
4,804254,"Corbett, Kaleb",11,36.4,1,3,,4,2.047,,,1,1,100.7,27,2205,91.6,91.73,0,1,3,0.10000000000000853,6.2,113,152,114,147,293,309,285,"-1.641","1.641",,,,1,1,0,0,0,1,0,0,0,0,"1.29","1.41","-0.09","0","100.7",,100,100,100,6.16,-0.5,-0.21,3.64,1,1,"41.025",,,"-41.025",,,,,0,,,,,,,
4,687168,"Spears, Brayden",9,44.4,0,0,0,0,0,,,0,1,80.2,51,2209,89.5,90.6,1,2,2,1.0999999999999943,7.08,126,148,113,152,291,334,308,"0.323","-0.323",,,,1,1,0,0,0,0,0,0,0,0,"2.29","0.56","-0.16","0.16","88.0",238,0,0,0,5.41,-3.42,0.46,1.51,0,0,"-8.075",,,"8.075",,,,,50,,,,,,,
4,683155,"Estes, Joey",43,9.3,,,,,0.698,,,0,0,,,2414,85.3,85.38,0,0,4,0.10000000000000853,6.1,118,147,124,150,286,328,296,"-0.257","0.257",,,,1,0,0,0,0,0,0,0,1,100,"2.64","0.48","-0.43","0.43",,,,,,5.67,-1.81,0.08,2.75,1,,"6.425",,,"-6.425",,,,,,,,,,,,
4,805422,"Snead, Nate",7,57.1,,,,,,,,,,,,2601,92.3,92.18,0,0,4,-0.09999999999999432,6.13,115,152,115,150,306,321,301,"0.105","-0.105",,,,,,,,,,,,,,"2.13","0.54","-0.12","0.11",,,,,,5.7,-3.08,-0.55,2.43,,,"-2.625",,,"2.625",,,,,,,,,,,,
4,688753,"Gates, Evan",9,44.4,0,0,0,0,0,,,0,1,84.7,-9,2098,91.5,91.5,0,4,0,0,6.35,113,152,129,148,295,317,299,"0.361","-0.361",,,,1,1,0,0,0,0,0,0,0,0,"1.56","1.17","-0.2","-0.2","88.0",134,0,0,0,6.23,-1.67,0.39,2.57,0,0,"-9.025",,,"9.025",,,,,0,,,,,,,
4,691587,"Pérez, Eury",251,1.6,,,,,,,,,,,,2482,85.1,85.15,0,1,3,0.10000000000000853,6.58,111,136,111,133,277,322,281,"0.18","-0.18",,,,,,,,,,,,,,"2.13","1.05","-0.1","-0.1","88.0",174,,,,5.96,-2.11,0.34,2.09,,,"-4.5",,,"4.5",,,,,0,,,,,,,
4,606303,"Payamps, Joel",92,4.3,,,,,,,,,,,,2477,90.3,89.95,2,4,0,-0.29999999999999716,5.95,112,146,110,151,289,323,296,"0.206","-0.206",,,,,,,,,,,,,,"2.07","0.71","0.19","-0.19","91.7",2,,,,5.79,-2.42,0.09,1.46,,,"-5.15",,,"5.15",,,,,50,,,,,,,
4,685464,"Winquest, Cade",177,2.3,1,1,1,2,1.242,,,2,2,109.7,11,2545,90.6,91.85,1,3,1,1.3000000000000114,6.7,118,149,118,152,283,333,285,"-1.759","1.759",,,,2,2,1,0,1,0,0,0,0,0,"2.27","0.46","-0.25","0.07","109.7",241,100,50,50,5.12,-1.19,0.33,2.09,1,1,"43.975",,,"-43.975",,,,,33.3,,,,,,,
4,824667,"Puk, Owen",30,13.3,0,0,0,0,0,,,0,1,92.3,-4,1994,87.7,88.05,0,2,2,0.3999999999999915,6.45,125,150,120,152,282,321,304,"-0.395","0.395",,,,1,1,0,0,0,0,0,0,0,0,"2.79","0.16","-0.36","0.36","90.1",138,0,0,0,5.79,-1.97,-0.14,1.84,0,0,"9.875",,,"-9.875",,,,,0,,,,,,,
4,663687,"Harris, Hogan",131,3.1,1,3,,4,2.047,,,1,1,105.5,32,2251,92.4,93.5,0,3,1,1.0999999999999943,6.63,98,153,118,148,315,322,294,"-2.168","2.168",,,,1,1,0,0,0,1,0,0,0,0,"1.47","1.18","0.02","-0.02","93.8",171,100,100,100,6.04,1.97,-0.67,2.81,1,1,"54.2",,,"-54.2",,,,,0,,,,,,,
4,453286,"Scherzer, Max",178,2.2,0,0,0,0,0,,,0,2,97.4,41,2477,89,88.9,1,3,1,-0.09999999999999432,6,126,147,141,152,284,317,294,"0.525","-0.525",,,,2,1,0,0,0,0,1,50,0,0,"1.93","0.92","0.2","-0.2","92.7",180,100,0,0,5.85,-3.32,0.29,2.42,0,0,"-13.125",,,"13.125",,,,,33.3,,,,,,,
4,805379,"Porco, Robby",16,25,,,,,,,,,,,,2040,89.2,90.6,0,0,4,1.3999999999999915,7.03,116,148,120,147,308,321,295,"-0.326","0.326",,,,,,,,,,,,,,"2.36","0.49","-0.07","-0.14",,,,,,5.81,-1.24,0.26,3.59,,,"8.15",,,"-8.15",,,,,,,,,,,,
4,663366,"Burrows, Beau",69,5.8,0,0,0,0,0,,,0,1,95.4,-2,2071,86.9,85.85,0,2,2,-1.1000000000000085,5.88,120,149,132,154,286,317,283,"0.16","-0.16",,,,1,1,0,0,0,0,0,0,0,0,"2.56","0.49","0.55","-0.57","91.7",18,100,0,0,5.36,-2.07,0.59,1.64,0,0,"-4",,,"4",,,,,0,,,,,,,
4,666142,"Ragans, Cole",279,1.4,0.5,0,0.5,0.5,0.445,,,1,2,93.1,11.5,2540,90.5,90.15,0,3,1,-0.29999999999999716,5.85,117,146,115,150,307,315,292,"-0.152","0.152",,,,2,2,1,0,0,0,0,0,0,0,"1.96","0.81","0.08","0.01","91.9",188,50,0,0,6.25,1.54,0.44,2.04,0.5,0,"3.8",,,"-3.8",,,,,0,,,,,,,
4,681256,"Mejia, Ian",29,13.8,,,,,,,,,,,,2189,85.9,86.52,0,1,3,0.5999999999999943,6.55,108,149,115,144,308,330,301,"0.034","-0.034",,,,,,,,,,,,,,"2.66","0.41","-0.32","0.03",,,,,,5.7,-1.67,-0.07,3.39,,,"-0.85",,,"0.85",,,,,0,,,,,,,
3,694551,"Combs, Aaron",41,7.3,,,,,,,,,,,,2225,86,85,0,0,3,-1,5.6,102,152,116,145,281,316,282,"-0.122","0.122",,,,,,,,,,,,,,"2.59","0.49","-0.11","-0.05",,,,,,5.37,-0.88,-0.17,2.87,,,"4.066666667",,,"-4.066666667",,,,,,,,,,,,
3,675919,"Raquet, Nick",44,6.8,0,0,0,0,0,,,0,1,75.7,-22,2396,90.4,91.7,1,2,1,1.2999999999999972,6.53,101,151,124,149,284,307,286,"-0.431","0.431",,,,1,1,0,0,0,0,0,0,0,0,"2.08","0.66","0.04","-0.04","88.0",7,0,0,0,5.88,1.38,-0.07,2.76,0,0,"14.366666667",,,"-14.366666667",,,,,50,,,,,,,
3,692030,"Corniell, Jose",16,18.8,,,,,,,,,,,,2032,90.1,90.9,1,1,2,0.8000000000000114,6.8,111,145,114,153,310,322,314,"-0.122","0.122",,,,,,,,,,,,,,"2.28","0.53","0.16","-0.16",,,,,,5.79,-1.51,0.2,2.79,,,"4.066666667",,,"-4.066666667",,,,,100,,,,,,,
3,815045,"Cawyer, Zachary",12,25,,,,,,,,,,,,2172,90.3,90.57,0,1,2,0.29999999999999716,6.33,87,147,119,145,294,319,283,"-0.024","0.024",,,,,,,,,,,,,,"2.15","0.63","-0.19","-0.19","88.0",13,,,,6.57,-0.98,1.07,1.29,,,"0.8",,,"-0.8",,,,,0,,,,,,,
3,663901,"Flynn, Michael",12,25,0,0,0,0,0,,,0,1,60.4,38,2561,89.4,89.53,0,1,2,0.09999999999999432,6.13,123,149,120,152,274,312,298,"0.219","-0.219",,,,1,1,0,0,0,0,0,0,0,0,"2.32","0.5","-0.33","0.33","88.0",187,0,0,0,5.62,-1.49,0.97,1.96,0,0,"-7.3",,,"7.3",,,,,0,,,,,,,
3,669145,"Zimmermann, Bruce",77,3.9,,,,,,,,,,,,2433,88,87.73,0,2,1,-0.29999999999999716,6,114,151,121,149,289,299,277,"0.102","-0.102",,,,,,,,,,,,,,"2.46","0.47","-0.08","0.08","88.7",68,,,,6.12,1,-0.99,2.11,,,"-3.4",,,"3.4",,,,,0,,,,,,,
3,688519,"Whiting, Sam",17,17.6,1,0,1,1,0.889,,,1,1,69.4,24,1913,92.5,92.43,0,2,1,-0.09999999999999432,6.23,113,145,121,149,304,330,291,"-0.632","0.632",,,,1,1,1,0,0,0,0,0,0,0,"1.38","1.28","-0.1","-0.1","88.0",282,0,0,0,6.2,-1.24,0.49,1.49,1,0,"21.066666667",,,"-21.066666667",,,,,0,,,,,,,
3,681004,"Carey, Jack",15,20,,,,,,,,,,,,2121,89.2,89.77,0,0,3,0.5999999999999943,6.4,87,148,120,151,299,323,289,"-0.125","0.125",,,,,,,,,,,,,,"2.04","0.8","-0.08","0.08",,,,,,5.88,-2.38,-1.12,3.32,,,"4.166666667",,,"-4.166666667",,,,,,,,,,,,
3,689337,"Bowman, Kaleb",56,5.4,,,,,,,,,,,,1963,85.4,85.53,0,0,3,0.09999999999999432,6.2,127,148,120,149,295,314,292,"0.103","-0.103",,,,,,,,,,,,,,"2.31","0.79","-0.13","0.13",,,,,,5.03,-2.7,-0.26,2.54,,,"-3.433333333",,,"3.433333333",,,,,,,,,,,,
3,700249,"Povich, Cade",153,2,0,0,0,0,0,,,0,2,99.7,-8,2448,90.2,90.5,0,1,2,0.29999999999999716,6.57,105,151,123,144,289,309,291,"0.492","-0.492",,,,2,1,0,0,0,0,1,50,0,0,"1.84","0.97","-0.27","0.27","99.7",16,100,0,0,6.02,1.17,0.07,2.65,0,0,"-16.4",,,"16.4",,,,,0,,,,,,,
3,694207,"Mendoza, Brayan",9,33.3,0,0,0,0,0,,,0,1,75.6,76,2342,84.9,85,0,3,0,0.09999999999999432,6.17,115,137,110,145,280,320,287,"0.541","-0.541",,,,1,1,0,0,0,0,0,0,0,0,"3.03","0.11","-0.3","-0.3","88.0",145,0,0,0,5.3,3,0.06,1.99,0,0,"-18.033333333",,,"18.033333333",,,,,0,,,,,,,
3,695740,"Romano, Jimmy",29,10.3,,,,,,,,,,,,2168,86.7,85.3,0,0,3,-1.4000000000000057,6.1,98,141,111,138,304,331,304,"0.04","-0.04",,,,,,,,,,,,,,"2.81","0.3","0","0",,,,,,6.05,-1.85,0.42,0.57,,,"-1.333333333",,,"1.333333333",,,,,,,,,,,,
3,803292,"Peterson, Ben",30,10,,,,,,,,,,,,2191,90.7,90.9,0,0,3,0.20000000000000284,6.4,111,151,119,149,307,316,292,"-0.179","0.179",,,,,,,,,,,,,,"2.16","0.62","-0.1","-0.04",,,,,,5.89,-0.67,-0.62,4.52,,,"5.966666667",,,"-5.966666667",,,,,,,,,,,,
3,815143,"Vogatsky, Joe",27,11.1,,,,,,,,,,,,2296,85.8,84.37,0,3,0,-1.3999999999999915,5.33,111,149,118,148,278,315,287,"0.05","-0.05",,,,,,,,,,,,,,"2.48","0.62","-0.36","-0.11","90.1",209,,,,4.94,-2.82,0.88,2.78,,,"-1.666666667",,,"1.666666667",,,,,0,,,,,,,
3,702474,"Paredes, Mike",42,7.1,,,,,,,,,,,,2404,87.4,87.8,0,0,3,0.3999999999999915,6.63,102,146,118,148,294,320,263,"-0.096","0.096",,,,,,,,,,,,,,"2.54","0.45","-0.63","0.14",,,,,,5.37,-1.26,0.58,1.75,,,"3.2",,,"-3.2",,,,,,,,,,,,
3,696146,"Smith, Hagen",73,4.1,0,0,0,0,0,,,0,1,89.5,-22,2489,89.4,90.17,0,1,2,0.7999999999999972,6.47,109,152,115,146,298,321,288,"0.233","-0.233",,,,1,1,0,0,0,0,0,0,0,0,"2.34","0.48","-0.28","0.05","89.5",4,0,0,0,5.06,2.88,-0.18,1.41,0,0,"-7.766666667",,,"7.766666667",,,,,0,,,,,,,
3,670391,"Anderson, Ben",45,6.7,1,1,1,2,1.26,,,1,1,106.3,18,2045,89.2,89.8,0,1,2,0.5999999999999943,6.53,114,150,125,149,302,320,303,"-0.699","0.699",,,,1,1,0,1,0,0,0,0,0,0,"1.85","1","0.07","-0.07","106.3",282,100,100,100,5.94,-1.37,0.43,3.14,1,1,"23.3",,,"-23.3",,,,,0,,,,,,,
3,676666,"Turner, Matt",77,3.9,0,0,0,0,0,,,0,1,96.6,22,,86.2,85.73,0,1,2,-0.5,5.97,95,152,122,148,303,323,272,"0.169","-0.169",,,,1,1,0,0,0,0,0,0,0,0,"2.83","0.24","-0.09","0.09","96.6",353,100,0,0,5.52,3.13,-1.61,2.05,0,0,"-5.633333333",,,"5.633333333",,,,,0,,,,,,,
3,702877,"Polanco, Bryan",20,15,0,0,0,0,0,,,0,1,96.1,17,2237,88.1,87.47,0,1,2,-0.5999999999999943,5.97,116,142,105,149,289,317,299,"0.198","-0.198",,,,1,1,0,0,0,0,0,0,0,0,"2.34","0.61","-0.25","-0.07","96.1",289,100,0,0,5.55,-2.69,0.41,1.54,0,0,"-6.6",,,"6.6",,,,,0,,,,,,,
3,805892,"Altermatt, Nick",7,42.9,1,3,,4,2.047,,,1,1,104.4,35,2104,89.7,89,1,2,1,-0.7000000000000028,5.63,93,148,117,145,304,327,295,"-2.168","2.168",,,,1,1,0,0,0,1,0,0,0,0,"2.15","0.67","-0.07","-0.04","104.4",393,100,100,100,5.91,-0.39,0.73,2.55,1,1,"72.266666667",,,"-72.266666667",,,,,50,,,,,,,
3,471911,"Carrasco, Carlos",125,2.4,,,,,,,,,,,,2237,89.6,90.1,0,2,1,0.5,6.5,101,148,132,152,302,314,295,"0.042","-0.042",,,,,,,,,,,,,,"1.89","0.95","-0.09","0.09","92.2",237,,,,5.89,-1.33,0.75,3.21,,,"-1.4",,,"1.4",,,,,0,,,,,,,
3,815549,"Sloan, Ryan",12,25,,,,,,,,,,,,2434,92.7,93.77,0,1,2,1.0999999999999943,6.8,120,150,125,149,298,326,301,"0.054","-0.054",,,,,,,,,,,,,,"2.16","0.48","-0.21","-0.08","88.0",211,,,,5.61,-1.66,0.65,1.84,,,"-1.8",,,"1.8",,,,,0,,,,,,,
3,694918,"Tidwell, Blade",147,2,0.667,0.333,0.667,1,0.717,,,2,3,104.4,18.3,2339,92.2,92.77,0,3,0,0.5999999999999943,6.43,105,145,104,147,304,318,302,"-0.901","0.901",,,,3,3,1,1,0,0,0,0,0,0,"1.87","0.8","-0.17","0.11","104.4",266,66.66666666666666,0,0,6.2,-1.77,0.16,1.93,0.667,0,"30.033333333",,,"-30.033333333",,,,,0,,,,,,,
3,801128,"Cranz, Robert",3,100,1,0,1,1,0.889,,,1,1,108.8,5,2551,89.1,88.93,0,2,1,-0.19999999999998863,5.9,115,152,126,149,286,321,278,"-0.545","0.545",,,,1,1,1,0,0,0,0,0,0,0,"2.25","0.59","-0.39","-0.39","98.4",62,100,0,0,6.32,-1.76,0.21,1.34,1,0,"18.166666667",,,"-18.166666667",,,,,0,,,,,,,
3,702465,"Long, Ryan",31,9.7,,,,,,,,,,,,2119,87,88.1,0,0,3,1.0999999999999943,6.87,105,149,118,147,274,314,276,"-0.235","0.235",,,,,,,,,,,,,,"2.78","0.23","-0.41","-0.41",,,,,,6.27,-0.99,0.43,2.14,,,"7.833333333",,,"-7.833333333",,,,,,,,,,,,
3,664353,"Urquidy, José",154,1.9,1,1,1,2,1.26,,,1,1,96.4,16,2324,84.9,84.07,0,1,2,-0.8000000000000114,5.73,101,151,122,150,300,307,281,"-0.659","0.659",,,,1,1,0,1,0,0,0,0,0,0,"2.61","0.56","-0.07","-0.07","96.4",289,100,0,0,5.75,-2.02,0.44,2.05,1,0,"21.966666667",,,"-21.966666667",,,,,0,,,,,,,
3,622098,"Smith, Drew",86,3.5,,,,,,,,,,,,2680,87.6,87.27,0,1,2,-0.29999999999999716,6,111,148,128,152,291,322,295,"-0.134","0.134",,,,,,,,,,,,,,"2.47","0.49","-0.44","0.01","88.0",198,,,,5.51,-2.06,0.35,2.58,,,"4.466666667",,,"-4.466666667",,,,,0,,,,,,,
3,642207,"Williams, Devin",82,3.7,1,1.5,1,2.5,1.468,,,2,2,91.2,23,2356,89.6,91.43,0,3,0,1.8000000000000114,7.23,99,148,109,151,284,317,290,"-1.275","1.275",,,,2,2,1,0,0,1,0,0,0,0,"1.75","1.07","0","0","97.3",200,50,50,50,5.51,-2.4,0.44,2.66,1,1,"42.5",,,"-42.5",,,,,0,,,,,,,
3,680933,"Suarez, Joander",47,6.4,,,,,,,,,,,,2283,86.2,86.87,1,2,1,0.7000000000000028,6.3,107,146,127,149,284,317,300,"0.092","-0.092",,,,,,,,,,,,,,"2.49","0.53","-0.24","0.17","88.0",203,,,,5.74,-1.48,0.25,2.8,,,"-3.066666667",,,"3.066666667",,,,,50,,,,,,,
3,802180,"Bourassa, Ryan",18,16.7,0,0,0,0,0,,,0,1,79,-12,2223,84.6,84.53,0,1,2,-0.09999999999999432,6.23,108,150,121,151,293,320,298,"0.157","-0.157",,,,1,1,0,0,0,0,0,0,0,0,"2.45","0.74","-0.56","-0.16","88.0",10,0,0,0,6.42,-1.3,0.4,2.16,0,0,"-5.233333333",,,"5.233333333",,,,,0,,,,,,,
2,696508,"Baker, Alec",33,6.1,0,0,0,0,0,,,0,1,99.5,51,2189,85.8,87.15,0,2,0,1.4000000000000057,7.05,86,145,126,151,298,312,304,"0.363","-0.363",,,,1,1,0,0,0,0,0,0,0,0,"2.15","0.94","-0.2","0.2","94.3",224,100,0,0,5.45,-2.67,0.12,2.28,0,0,"-18.15",,,"18.15",,,,,0,,,,,,,
2,684665,"Murphy, Luke",25,8,,,,,,,,,,,,2295,92.5,92.6,0,1,1,0.09999999999999432,6.45,87,142,110,146,293,321,310,"0.016","-0.016",,,,,,,,,,,,,,"1.68","0.99","0.16","-0.16","88.0",161,,,,6.02,-1.88,0.89,2.07,,,"-0.8",,,"0.8",,,,,0,,,,,,,
2,807718,"Driver, Jay",57,3.5,,,,,,,,,,,,2220,91.1,92.5,0,1,1,1.4000000000000057,6.8,126,148,122,154,286,320,296,"0.017","-0.017",,,,,,,,,,,,,,"2.16","0.55","0.42","-0.42","88.0",203,,,,4.19,-3.49,-1.01,3.07,,,"-0.85",,,"0.85",,,,,0,,,,,,,
2,804922,"Vogel, Tyler",31,6.5,,,,,,,,,,,,2337,87.8,88.15,0,1,1,0.4000000000000057,6.65,98,147,119,149,306,331,314,"0.007","-0.007",,,,,,,,,,,,,,"3.05","-0.08","-0.19","0.02",,,,,,5.79,-1.33,0.7,1.35,,,"-0.35",,,"0.35",,,,,0,,,,,,,
2,689450,"Taggart, Luke",6,33.3,,,,,,,,,,,,1786,86.8,87.15,0,1,1,0.4000000000000057,6.35,114,152,119,146,285,313,272,"-0.015","0.015",,,,,,,,,,,,,,"2.64","0.36","-0.16","-0.16","88.0",6,,,,6.09,-1.72,0.89,0.9,,,"0.75",,,"-0.75",,,,,0,,,,,,,
2,694559,"Jones, Nick",11,18.2,,,,,,,,,,,,2133,84.7,85.2,0,1,1,0.5,6.5,107,143,107,143,294,315,302,"-0.049","0.049",,,,,,,,,,,,,,"2.54","0.63","-0.39","-0.05","88.0",55,,,,5.63,1.63,-0.99,1.36,,,"2.45",,,"-2.45",,,,,0,,,,,,,
2,802953,"Fields, Colin",10,20,,,,,,,,,,,,2355,89.5,89.8,0,0,2,0.3999999999999915,6.4,129,149,116,153,272,318,291,"-0.068","0.068",,,,,,,,,,,,,,"1.45","1.38","0.05","-0.05",,,,,,5.43,-1.64,0.79,2.79,,,"3.4",,,"-3.4",,,,,,,,,,,,
2,693483,"Gallagher, Pat",43,4.7,0,0,0,0,0,,,0,1,72.3,7,2236,85,85.7,0,1,1,0.7999999999999972,6.85,101,141,118,137,300,336,280,"0.344","-0.344",,,,1,1,0,0,0,0,0,0,0,0,"2.6","0.57","-0.15","-0.15","88.0",79,0,0,0,5.25,-2.17,-0.91,2.94,0,0,"-17.2",,,"17.2",,,,,0,,,,,,,
2,642701,"Santana, Dennis",69,2.9,,,,,,,,,,,,2392,89.1,88.65,0,0,2,-0.3999999999999915,6.05,,,,,,,,"0.129","-0.129",,,,,,,,,,,,,,"2.04","0.83","-0.03","0.09",,,,,,5.86,-1.91,-0.43,1.86,,,"-6.45",,,"6.45",,,,,,,,,,,,
2,663568,"Kolek, Stephen",36,5.6,0,0,0,0,0,,,0,1,107.6,5,2319,91.7,91.45,0,1,1,-0.29999999999999716,6.1,,,,,,,,"0.163","-0.163",,,,1,1,0,0,0,0,0,0,0,0,"2.09","0.61","-0.12","0.12","107.6",157,100,0,0,5.31,-2,-0.49,2.59,0,0,"-8.15",,,"8.15",,,,,0,,,,,,,
2,813866,"Zaffiro, Cole",13,15.4,,,,,,,,,,,,2096,88.5,89.15,0,1,1,0.7000000000000028,6.4,,,,,,,,"0.02","-0.02",,,,,,,,,,,,,,"2.17","0.71","-0.32","0.32","88.0",15,,,,5.74,-1.25,-0.39,1.14,,,"-1",,,"1",,,,,0,,,,,,,
2,811309,"Letson, Bishop",13,15.4,,,,,,,,,,,,2456,91.3,93.75,0,1,1,2.5,7.5,130,149,97,151,297,314,303,"0.098","-0.098",,,,,,,,,,,,,,"2.09","0.62","0.16","-0.16","88.0",51,,,,5.25,-1.89,0.45,2.32,,,"-4.9",,,"4.9",,,,,0,,,,,,,
2,804556,"Nett, Braden",16,12.5,,,,,,,,,,,,2382,90.8,90.6,0,0,2,-0.20000000000000284,6.1,104,147,121,152,290,316,288,"-0.122","0.122",,,,,,,,,,,,,,"2.35","0.42","-0.12","0.12",,,,,,5.67,-2.2,0.81,2.5,,,"6.1",,,"-6.1",,,,,,,,,,,,
2,685321,"Bierman, Gabe",11,18.2,,,,,,,,,,,,2234,85.3,86.15,0,1,1,0.9000000000000057,6.7,113,151,126,149,273,311,272,"-0.02","0.02",,,,,,,,,,,,,,"2.79","0.33","-0.34","-0.34","88.0",80,,,,5.38,-2.23,-0.03,3.25,,,"1",,,"-1",,,,,0,,,,,,,
2,681463,"Lloyd, Daniel",7,28.6,0,0,,0,0,,,0,1,,,2766,88.9,88.9,2,2,0,0.10000000000000853,6.35,88,142,138,151,285,320,295,"0.263","-0.263",,,,1,0,0,0,0,0,1,100,0,0,"2.44","0.45","-0.06","0.06",,,,,,5.13,-2.59,-0.98,2.5,0,,"-13.15",,,"13.15",,,,,100,,,,,,,
2,687195,"Garland, Jake",20,10,,,,,,,,,,,,2082,90.5,90.7,0,0,2,0.20000000000000284,6.3,99,153,112,148,295,319,291,"-0.028","0.028",,,,,,,,,,,,,,"1.92","0.85","0.16","0.16",,,,,,5.78,-1.91,0.65,2.51,,,"1.4",,,"-1.4",,,,,,,,,,,,
2,625510,"Mejia, Erick",18,11.1,1,0,1,1,0.889,,,1,1,104,0,2551,87,86.1,0,2,0,-0.9000000000000057,5.6,87,149,110,137,292,336,283,"-0.509","0.509",,,,1,1,1,0,0,0,0,0,0,0,"3.03","-0.03","-0.48","-0.48","96.0",59,100,0,0,6,-2.27,-0.12,1.97,1,0,"25.45",,,"-25.45",,,,,0,,,,,,,
2,686463,"Schultz, Thomas",15,13.3,,,,,,,,,,,,2155,89.2,90.2,0,1,1,1,6.75,125,149,112,154,306,320,302,"0.035","-0.035",,,,,,,,,,,,,,"2.29","0.56","-0.07","0.07","91.4",321,,,,6.16,-1.38,0.32,3.71,,,"-1.75",,,"1.75",,,,,0,,,,,,,
2,664129,"Hartlieb, Geoff",108,1.9,1,0,1,1,0.889,,,1,1,102.2,-12,2428,90.3,90.1,0,1,1,-0.20000000000000284,6.05,122,150,99,153,289,326,309,"-0.601","0.601",,,,1,1,1,0,0,0,0,0,0,0,"1.9","0.88","-0.01","0.01","102.2",9,100,0,0,6.17,-2.63,-0.84,2.93,1,0,"30.05",,,"-30.05",,,,,0,,,,,,,
2,702274,"Shores, Chase",11,18.2,0,0,0,0,0,,,0,1,94.5,2,2611,86.8,87.1,0,1,1,0.29999999999999716,6.3,109,152,115,146,307,324,303,"0.215","-0.215",,,,1,1,0,0,0,0,0,0,0,0,"2.86","0.14","-0.42","-0.42","94.5",59,0,0,0,5.49,-2.5,1.35,1.68,0,0,"-10.75",,,"10.75",,,,,0,,,,,,,
2,687589,"Hamel, Dom",86,2.3,,,,,,,,,,,,2324,91.9,92.25,0,0,2,0.3999999999999915,6.5,120,143,92,150,287,322,295,"-0.117","0.117",,,,,,,,,,,,,,"1.17","1.53","0.59","-0.59",,,,,,5.9,-1.73,-1.25,3.4,,,"5.85",,,"-5.85",,,,,,,,,,,,
2,623211,"Brazobán, Huascar",45,4.4,,,,,,,,,,,,2334,90.9,90.1,1,2,0,-0.8000000000000114,5.75,114,150,119,152,270,318,271,"0.111","-0.111",,,,,,,,,,,,,,"1.76","0.99","0.1","0.1","88.0",194,,,,6.18,-1.72,0.07,2.49,,,"-5.55",,,"5.55",,,,,50,,,,,,,
2,689557,"Morehouse, Zane",43,4.7,0,0,0,0,0.364,,,0,1,93.5,35,2487,90,89.85,0,1,1,-0.20000000000000284,6.15,118,147,121,148,301,324,296,"-0.139","0.139",,,,2,1,0,0,0,0,0,0,0,0,"2.38","0.45","-0.28","-0.59","93.5",339,0,0,0,5.45,-2.34,-1.19,3.42,0.5,0,"6.95",,,"-6.95",,,,,0,,,,,,,
2,700400,"Ager, Matt",7,28.6,0,0,0,0,0,,,0,1,83.4,41,2266,90.6,91.35,0,2,0,0.7000000000000028,6.65,122,149,133,151,287,324,297,"0.365","-0.365",,,,1,1,0,0,0,0,0,0,0,0,"2.04","0.73","-0.22","0.22","88.0",253,0,0,0,6.17,-2.04,-0.21,2.83,0,0,"-18.25",,,"18.25",,,,,0,,,,,,,
2,696522,"Juenger, Hayden",15,13.3,0,0,0,0,0,,,0,2,47.4,14,2356,90.6,90.75,0,2,0,0.29999999999999716,5.95,88,142,125,150,288,323,303,"0.626","-0.626",,,,2,2,0,0,0,0,0,0,0,0,"1.7","1.04","-0.22","0.22","88.0",64,0,0,0,5.47,-1.27,0.87,3.11,0,0,"-31.3",,,"31.3",,,,,0,,,,,,,
2,804546,"Brewer, Hoss",19,10.5,,,,,0.698,,,0,0,,,2398,87.2,87,0,0,2,-0.20000000000000284,5.7,128,149,119,149,265,310,280,"-0.126","0.126",,,,1,0,0,0,0,0,0,0,1,100,"2.43","0.51","0.19","-0.19",,,,,,5.74,-2.18,0.97,3.24,1,,"6.3",,,"-6.3",,,,,,,,,,,,
2,669285,"Hammer, Dan",17,11.8,,,,,,,,,,,,2461,92.3,92.8,0,0,2,0.5,6.45,117,152,125,148,296,309,276,"0.023","-0.023",,,,,,,,,,,,,,"2.01","0.65","-0.36","-0.36",,,,,,5.68,-0.9,0.38,3.42,,,"-1.15",,,"1.15",,,,,,,,,,,,
2,815292,"Martinez-Gomez, Luis",17,11.8,,,,,,,,,,,,2217,86.5,86.25,0,1,1,-0.20000000000000284,6.45,125,148,105,153,308,328,302,"-0.084","0.084",,,,,,,,,,,,,,"2.85","0.22","-0.09","0.09","88.0",205,,,,5.2,-3.02,0.76,1.61,,,"4.2",,,"-4.2",,,,,0,,,,,,,
2,593958,"Rodriguez, Eduardo",31,6.5,0,0,0,0,0,,,0,1,85.1,74,2339,89.8,89.9,0,1,1,0.10000000000000853,6.25,120,152,120,149,296,323,310,"0.274","-0.274",,,,1,1,0,0,0,0,0,0,0,0,"2.08","0.74","0.05","-0.05","88.0",101,0,0,0,6,1.46,-0.31,4.04,0,0,"-13.7",,,"13.7",,,,,0,,,,,,,
2,803285,"Bremner, Tyler",22,9.1,,,,,,,,,,,,2227,90.4,89.75,0,1,1,-0.5,6.1,114,148,115,147,295,330,302,"-0.112","0.112",,,,,,,,,,,,,,"2.28","0.53","-0.18","0.13","94.0",10,,,,5.77,-2.1,1.15,3.02,,,"5.6",,,"-5.6",,,,,0,,,,,,,
2,670036,"Festa, Matt",89,2.2,,,,,,,,,,,,2434,89.2,89.9,0,0,2,0.7000000000000028,6.4,122,139,112,142,289,319,287,"0.008","-0.008",,,,,,,,,,,,,,"2.2","0.63","-0.59","0.59",,,,,,5.25,-2.25,-0.59,3.27,,,"-0.4",,,"0.4",,,,,,,,,,,,
2,666123,"Bergner, Austin",23,8.7,0,0,0,0,0,,,0,1,88.3,7,2219,88.3,89.15,0,1,1,0.9000000000000057,7.1,113,154,120,146,309,326,316,"0.255","-0.255",,,,1,1,0,0,0,0,0,0,0,0,"1.97","0.98","-0.05","-0.05","88.3",145,0,0,0,6.06,-2.55,0.77,0.49,0,0,"-12.75",,,"12.75",,,,,0,,,,,,,
2,700924,"Mozzicato, Frank",56,3.6,,,,,,,,,,,,2546,89,89.1,0,0,2,0.09999999999999432,6.05,114,149,119,148,298,328,298,"-0.09","0.09",,,,,,,,,,,,,,"2.2","0.64","-0.03","0.03",,,,,,5.82,1.85,-0.62,3.22,,,"4.5",,,"-4.5",,,,,,,,,,,,
1,806713,"Trabacchi, Nick",13,7.7,0,0,,0,0,,,0,1,,,2296,86.4,86,1,1,0,-0.4000000000000057,5.9,,,,,,,,"0.21","-0.21",,,,1,0,0,0,0,0,1,100,0,0,"2.2","0.83","-0.26","-0.26",,,,,,5.67,-1.45,0.97,1.08,0,,"-21",,,"21",,,,,100,,,,,,,
1,682044,"Boyle, Sean",39,2.6,0,0,0,0,0,,,0,1,102.1,26,2396,88.3,88.8,0,1,0,0.5,6.3,124,147,126,155,280,316,306,"0.221","-0.221",,,,1,1,0,0,0,0,0,0,0,0,"2.24","0.66","0.11","-0.11","102.1",372,100,100,100,5.3,-3.11,-0.06,3.06,0,1,"-22.1",,,"22.1",,,,,0,,,,,,,
1,703615,"Cabrera, Jose",25,4,,,,,,,,,,,,2540,87.7,88.4,0,0,1,0.7000000000000028,6.2,125,146,126,153,303,321,311,"-0.103","0.103",,,,,,,,,,,,,,"2.41","0.49","-0.22","0.22",,,,,,5.69,-2.23,-1.43,4.1,,,"10.3",,,"-10.3",,,,,,,,,,,,
1,811598,"Olmedo, Kleiber",9,11.1,0,0,,0,0,,,0,1,,,2263,85.2,84.6,0,0,1,-0.6000000000000085,6.2,128,149,135,152,302,325,294,"0.164","-0.164",,,,1,0,0,0,0,0,1,100,0,0,"2.71","0.47","-0.11","0.11",,,,,,5.83,-1.52,0.28,1.63,0,,"-16.4",,,"16.4",,,,,,,,,,,,
1,800612,"Miller, Cole",18,5.6,,,,,,,,,,,,2550,88.3,88.4,0,0,1,0.10000000000000853,6.5,90,104,92,126,275,310,300,"-0.033","0.033",,,,,,,,,,,,,,"2.07","0.87","0.12","-0.12",,,,,,5.47,-2.75,1.39,2.4,,,"3.3",,,"-3.3",,,,,,,,,,,,
1,670766,"McCaughan, Darren",82,1.2,,,,,,,,,,,,2305,87.9,88.6,0,0,1,0.6999999999999886,6.2,122,148,96,152,307,323,310,"0.043","-0.043",,,,,,,,,,,,,,"2.29","0.6","-0.42","0.42",,,,,,5.4,-1.86,-0.77,2.69,,,"-4.3",,,"4.3",,,,,,,,,,,,
1,686613,"Brown, Hunter",216,0.5,0,0,,0,0,,,0,1,,,2252,95.7,97.1,1,1,0,1.3999999999999915,6.8,123,147,130,154,268,317,284,"0.182","-0.182",,,,1,0,0,0,0,0,1,100,0,0,"1.24","1.23","0.19","-0.19",,,,,,6.14,-1.88,-0.31,3.74,0,,"-18.2",,,"18.2",,,,,100,,,,,,,
1,802419,"Harrington, Thomas",74,1.4,,,,,,,,,,,,2498,82.7,82.8,1,1,0,0.09999999999999432,6.3,114,153,124,148,296,347,296,"0.041","-0.041",,,,,,,,,,,,,,"2.79","0.54","-0.55","-0.55",,,,,,5.34,-1.74,1.19,1,,,"-4.1",,,"4.1",,,,,100,,,,,,,
1,815501,"Meccage, Bryce",25,4,1,0,1,1,0.889,,,1,1,43.9,37,2143,95.4,96.6,0,1,0,1.1999999999999886,6.7,125,148,129,152,298,320,303,"-0.732","0.732",,,,1,1,1,0,0,0,0,0,0,0,"1.53","0.95","-0.14","0.14","88.0",111,0,0,0,6.17,-1.17,0.84,3.8,1,0,"73.2",,,"-73.2",,,,,0,,,,,,,
1,810840,"Blum, Josh",17,5.9,,,,,,,,,,,,2148,92.1,91.8,0,0,1,-0.29999999999999716,6.1,123,140,118,141,277,318,292,"-0.088","0.088",,,,,,,,,,,,,,"1.83","0.85","-0.16","0.16",,,,,,5.82,-1.75,-0.87,3.02,,,"8.8",,,"-8.8",,,,,,,,,,,,
1,701808,"Morse, Cody",66,1.5,,,,,,,,,,,,2507,87.8,88.5,1,1,0,0.7000000000000028,6.7,114,152,122,148,295,327,300,"0.057","-0.057",,,,,,,,,,,,,,"2.77","0.18","-0.49","0.49",,,,,,5.08,3.49,-1.25,1.52,,,"-5.7",,,"5.7",,,,,100,,,,,,,
1,700322,"Key, Keythel",29,3.4,1,2,1,3,1.594,,,1,1,101.6,2,,89.1,93,0,1,0,3.9000000000000057,8.7,121,140,117,148,290,305,304,"-1.049","1.049",,,,1,1,0,0,1,0,0,0,0,0,"2.36","0.52","0.22","-0.22","101.6",60,100,0,0,5.34,-1.85,0.53,1.25,1,0,"104.9",,,"-104.9",,,,,0,,,,,,,
1,815084,"Simon, Ben",56,1.8,,,,,,,,,,,,2177,87.9,88.1,1,1,0,0.19999999999998863,6.3,107,149,122,150,292,314,294,"0.056","-0.056",,,,,,,,,,,,,,"2.56","0.39","-0.06","-0.06",,,,,,5.24,-2.08,0.87,1.8,,,"-5.6",,,"5.6",,,,,100,,,,,,,
1,686671,"Farr, Thomas",28,3.6,1,3,,4,2.047,,,1,1,104.7,26,2418,86.4,85.8,0,1,0,-0.6000000000000085,5.8,104,154,118,149,309,319,284,"-1.583","1.583",,,,1,1,0,0,0,1,0,0,0,0,"2.72","0.32","-0.02","-0.02","104.7",401,100,100,100,5.8,-2.03,-0.47,2.17,1,1,"158.3",,,"-158.3",,,,,0,,,,,,,
1,685095,"Abney, Alaska",22,4.5,,,,,,,,,,,,2452,87.4,89.1,0,0,1,1.6999999999999886,7,86,151,120,147,301,313,294,"-0.053","0.053",,,,,,,,,,,,,,"2.45","0.49","0.53","0.53",,,,,,3.2,-2.1,-0.45,3.36,,,"5.3",,,"-5.3",,,,,,,,,,,,
1,671600,"Deese, Jaycob",26,3.8,,,,,,,,,,,,1807,87.2,85.9,0,0,1,-1.2999999999999972,5.4,125,147,97,150,272,312,296,"-0.041","0.041",,,,,,,,,,,,,,"2.77","0.23","0.89","-0.89",,,,,,5.31,-1.84,-1.16,3.11,,,"4.1",,,"-4.1",,,,,,,,,,,,
1,683068,"Penrod, Zach",91,1.1,,,,,,,,,,,,2425,89.6,90.6,0,0,1,1,6.7,128,148,103,153,290,307,291,"-0.039","0.039",,,,,,,,,,,,,,"1.59","1.22","0.4","0.4",,,,,,5.75,1.67,-0.98,1.32,,,"3.9",,,"-3.9",,,,,,,,,,,,
1,815179,"Herberholz, Christian",9,11.1,0,0,0,0,0,,,0,1,64.9,-61,1932,88.1,87.4,0,1,0,-0.6999999999999886,5.8,107,155,126,145,297,304,282,"0.258","-0.258",,,,1,1,0,0,0,0,0,0,0,0,"2.25","0.68","-0.18","-0.18","88.0",1,0,0,0,5.56,-1.51,-0.1,2.49,0,0,"-25.8",,,"25.8",,,,,0,,,,,,,
1,678016,"Bedell, Ian",54,1.9,,,,,,,,,,,,1504,87.7,86.5,0,0,1,-1.2000000000000028,5.6,120,146,107,143,270,299,281,"-0.037","0.037",,,,,,,,,,,,,,"2.58","0.39","1.18","-1.18",,,,,,5.51,-2.72,-1.65,2.58,,,"3.7",,,"-3.7",,,,,,,,,,,,
1,694813,"Stone, Gavin",15,6.7,,,,,,,,,,,,2225,88.6,89.7,0,1,0,1.1000000000000085,6.5,125,148,129,154,280,327,297,"0","0",,,,,,,,,,,,,,"2.44","0.41","-0.15","0.15","88.0",206,,,,5.85,-1.95,0.25,2.21,,,"0",,,"0",,,,,0,,,,,,,
1,686599,"Brnovich, Kyle",24,4.2,,,,,,,,,,,,2669,89.2,90.2,0,0,1,1,6.8,114,146,127,149,277,298,286,"-0.054","0.054",,,,,,,,,,,,,,"2.25","0.6","-0.18","0.18",,,,,,6.08,-1.9,1.59,0.64,,,"5.4",,,"-5.4",,,,,,,,,,,,
1,695347,"Gregory, Hunter",25,4,,,,,,,,,,,,2483,89.5,89.3,1,1,0,-0.20000000000000284,5.9,109,150,118,141,283,322,292,"0.07","-0.07",,,,,,,,,,,,,,"1.66","1.16","-0.08","-0.08",,,,,,5.79,-1.9,0.07,3.3,,,"-7",,,"7",,,,,100,,,,,,,
1,693750,"Rodriguez, Yerlin",16,6.3,,,,,,,,,,,,,87.1,,0,0,1,,,87,148,120,144,295,341,301,"-0.027","0.027",,,,,,,,,,,,,,"3","-0.02","-0.46","-0.46",,,,,,5.18,-2.29,-1.05,3.43,,,"2.7",,,"-2.7",,,,,,,,,,,,
1,687223,"Palmquist, Carson",62,1.6,,,,,,,,,,,,2114,87,88.8,0,0,1,1.7999999999999972,7.6,108,154,121,149,288,313,308,"-0.041","0.041",,,,,,,,,,,,,,"2.38","0.65","0.16","-0.16",,,,,,4.83,3.09,-1.28,1.49,,,"4.1",,,"-4.1",,,,,,,,,,,,
1,832307,"Kartsonas, Jack",12,8.3,,,,,,,,,,,,2028,86.5,87.5,0,0,1,1,7,108,146,107,146,299,324,293,"-0.07","0.07",,,,,,,,,,,,,,"2.86","0.19","0.15","0.15",,,,,,5.58,-1.86,-0.29,3.5,,,"7",,,"-7",,,,,,,,,,,,
1,696062,"Dotel, Wilber",56,1.8,,,,,,,,,,,,1977,91.3,92.1,0,0,1,0.7999999999999972,6.8,,,,,,,,"-0.029","0.029",,,,,,,,,,,,,,"2.33","0.41","-0.31","-0.31",,,,,,5.6,-2.52,-0.15,0.02,,,"2.9",,,"-2.9",,,,,,,,,,,,
1,696064,"Urbaez, Geison",13,7.7,,,,,,,,,,,,2241,87.3,87.3,0,1,0,0,6,125,150,126,154,268,304,287,"0.063","-0.063",,,,,,,,,,,,,,"2.67","0.29","0.19","-0.19","88.0",201,,,,6.18,-2.69,0.34,2.12,,,"-6.3",,,"6.3",,,,,0,,,,,,,
1,800317,"Salazar, Braian",26,3.8,,,,,,,,,,,,2493,88.1,88.6,0,0,1,0.5,6.6,115,148,122,146,294,311,286,"-0.076","0.076",,,,,,,,,,,,,,"2.29","0.64","-0.05","0.05",,,,,,5.18,3.02,-1.42,2.61,,,"7.6",,,"-7.6",,,,,,,,,,,,
1,682243,"Miller, Bryce",21,4.8,,,,,,,,,,,,2520,89.9,89.7,0,0,1,-0.20000000000000284,6.1,127,145,119,145,285,324,317,"0.045","-0.045",,,,,,,,,,,,,,"2.63","0.18","-0.63","0.63",,,,,,5.95,-1.19,0.62,2.86,,,"-4.5",,,"4.5",,,,,,,,,,,,
1,695771,"Kmatz, Jacob",4,25,1,0,1,1,0.889,,,1,1,108.3,11,2411,86.2,86.5,0,1,0,0.29999999999999716,6.1,107,153,119,146,300,316,283,"-0.7","0.7",,,,1,1,1,0,0,0,0,0,0,0,"2.8","0.23","-0.33","-0.33","108.3",229,100,0,0,6.53,-1.02,0.08,2.31,1,0,"70",,,"-70",,,,,0,,,,,,,
1,640470,"Alzolay, Adbert",30,3.3,,,,,,,,,,,,2562,89,89.1,1,1,0,0.09999999999999432,6.2,121,147,112,152,285,312,288,"0.064","-0.064",,,,,,,,,,,,,,"1.86","1.01","-0.23","0.23",,,,,,6.04,-1.51,-0.32,2,,,"-6.4",,,"6.4",,,,,100,,,,,,,
1,695402,"Victor, Najer",91,1.1,,,,,,,,,,,,2230,87.2,87.8,0,0,1,0.5999999999999943,6.9,117,149,117,153,289,321,299,"-0.041","0.041",,,,,,,,,,,,,,"2.45","0.58","0.31","-0.31",,,,,,6.41,-1.5,1.4,-0.79,,,"4.1",,,"-4.1",,,,,,,,,,,,
1,665878,"Lara, Janser",18,5.6,,,,,,,,,,,,2745,86.6,88,0,0,1,1.4000000000000057,6.8,114,153,117,146,304,322,293,"-0.029","0.029",,,,,,,,,,,,,,"2.42","0.58","-0.41","-0.41",,,,,,5.21,-1.9,0.98,3.1,,,"2.9",,,"-2.9",,,,,,,,,,,,
1,700310,"Figueredo, Dilan",24,4.2,,,,,,,,,,,,2339,91.5,91.7,0,1,0,0.20000000000000284,6.5,122,149,104,152,299,317,298,"0.038","-0.038",,,,,,,,,,,,,,"2.05","0.68","0.15","-0.15",,,,,,5.46,-1.88,0.14,2.08,,,"-3.8",,,"3.8",,,,,0,,,,,,,
1,685481,"Rodriguez, Moises",29,3.4,0,0,0,0,0,,,0,1,53.8,-57,2275,86.4,86,0,1,0,-0.4000000000000057,6,88,148,143,152,288,328,303,"0.365","-0.365",,,,1,1,0,0,0,0,0,0,0,0,"2.91","0.14","0.05","-0.05","88.0",1,0,0,0,5.26,-2.89,-0.61,1.49,0,0,"-36.5",,,"36.5",,,,,0,,,,,,,
1,671131,"Rutledge, Jackson",94,1.1,,,,,,,,,,,,,83.9,84,0,0,1,0.09999999999999432,6.3,123,148,107,145,289,318,314,"-0.034","0.034",,,,,,,,,,,,,,"2.81","0.41","-0.27","0.27",,,,,,6.17,-1.18,1.09,1.49,,,"3.4",,,"-3.4",,,,,,,,,,,,
1,680702,"Gerber, Joey",27,3.7,0,0,0,0,0,,,0,1,93.1,-3,2308,85.9,86.3,0,1,0,0.3999999999999915,6.2,115,151,131,146,303,314,282,"0.254","-0.254",,,,1,1,0,0,0,0,0,0,0,0,"2.5","0.55","-0.38","-0.38","93.1",29,0,0,0,5.05,-1.71,0.34,2.22,0,0,"-25.4",,,"25.4",,,,,0,,,,,,,
1,679489,"LaPorte, Tyler",54,1.9,,,,,,,,,,,,2747,86,85,0,1,0,-1,5.6,119,153,122,149,312,326,295,"0","0",,,,,,,,,,,,,,"2.57","0.51","-0.24","-0.24","89.6",215,,,,5.72,-2.46,-0.18,2.31,,,"0",,,"0",,,,,0,,,,,,,
1,691721,"Kelley, Jared",22,4.5,,,,,,,,,,,,2207,86.9,88.4,0,0,1,1.5,7.2,87,152,130,148,313,332,293,"-0.053","0.053",,,,,,,,,,,,,,"2.58","0.44","-0.36","-0.36",,,,,,5.99,-1.94,0.14,0.4,,,"5.3",,,"-5.3",,,,,,,,,,,,
1,805783,"Nichols, Mason",9,11.1,0,0,0,0,0,,,0,1,92.4,64,2084,87.7,88.2,0,1,0,0.5,6.3,111,153,124,148,307,339,291,"0.179","-0.179",,,,1,1,0,0,0,0,0,0,0,0,"2.43","0.5","-0.43","-0.43","92.4",163,0,0,0,6.03,-1.26,-0.4,1.72,0,0,"-17.9",,,"17.9",,,,,0,,,,,,,
1,690667,"Dombroski, Trey",31,3.2,,,,,,,,,,,,2253,82.2,82.6,0,0,1,0.3999999999999915,6.2,126,148,140,155,268,309,286,"0.043","-0.043",,,,,,,,,,,,,,"3","0.33","-0.12","-0.12",,,,,,6.32,1.1,0.52,1.95,,,"-4.3",,,"4.3",,,,,,,,,,,,
1,828603,"Berrier, Logan",12,8.3,,,,,,,,,,,,2509,87.1,87.2,0,0,1,0.10000000000000853,6.2,127,146,97,152,283,334,288,"-0.024","0.024",,,,,,,,,,,,,,"2.87","0.12","0.44","-0.44",,,,,,4.92,-2.67,-1.26,3.51,,,"2.4",,,"-2.4",,,,,,,,,,,,
1,695294,"McCollum, Tommy",5,20,0,0,0,0,0,,,0,1,63.1,-32,2001,88.7,91.2,0,1,0,2.5,7.3,110,153,120,147,306,336,299,"0.258","-0.258",,,,1,1,0,0,0,0,0,0,0,0,"2.09","0.76","0.42","0.42","88.0",4,0,0,0,5.81,-1.42,-0.96,2.64,0,0,"-25.8",,,"25.8",,,,,0,,,,,,,
1,689233,"Wepf, Lucas",27,3.7,,,,,,,,,,,,1989,90.3,90.8,0,0,1,0.5,6.4,121,143,122,149,289,320,296,"-0.031","0.031",,,,,,,,,,,,,,"2.1","0.68","0.06","-0.06",,,,,,6.21,-1.94,1.32,3.83,,,"3.1",,,"-3.1",,,,,,,,,,,,
1,814482,"Stumbo, Peyton",8,12.5,0,0,0,0,0,,,0,1,94.6,-15,2318,85,85.5,0,1,0,0.5,6.2,111,153,123,147,269,311,292,"0.296","-0.296",,,,1,1,0,0,0,0,0,0,0,0,"3.12","-0.02","-0.43","-0.43","94.6",9,0,0,0,5.62,-1.55,-0.78,2.34,0,0,"-29.6",,,"29.6",,,,,0,,,,,,,
1,683098,"Osmond, Bryce",18,5.6,,,,,,,,,,,,2105,87,87.3,0,1,0,0.29999999999999716,6.5,116,148,132,152,293,321,301,"0.072","-0.072",,,,,,,,,,,,,,"2.81","0.21","-0.13","0.13","88.0",174,,,,5.9,-2.09,0.74,2.33,,,"-7.2",,,"7.2",,,,,0,,,,,,,
1,691196,"Hejka, Josh",5,20,,,,,,,,,,,,2758,79,78.7,0,0,1,-0.29999999999999716,6,128,148,92,154,290,308,311,"0.038","-0.038",,,,,,,,,,,,,,"3.27","0.37","-0.26","0.26",,,,,,2.77,-2.69,0.49,2.31,,,"-3.8",,,"3.8",,,,,,,,,,,,
1,694555,"Centala, Chase",23,4.3,,,,,,,,,,,,2265,86.8,87.5,0,1,0,0.7000000000000028,6.8,116,151,121,148,299,316,300,"0.074","-0.074",,,,,,,,,,,,,,"2.79","0.23","0.29","0.29","88.0",206,,,,5,-3.2,-0.56,2.96,,,"-7.4",,,"7.4",,,,,0,,,,,,,
1,687866,"Yeager, Justin",126,0.8,,,,,,,,,,,,2189,87.4,87.4,0,0,1,0,6.1,88,142,114,149,296,322,296,"-0.027","0.027",,,,,,,,,,,,,,"2.64","0.32","-0.39","0.39",,,,,,5.94,-1.8,-0.87,2.66,,,"2.7",,,"-2.7",,,,,,,,,,,,
1,663782,"Corbett, Joe",64,1.6,,,,,,,,,,,,2500,87.1,87.1,0,0,1,0,6.1,127,149,123,153,288,323,297,"-0.029","0.029",,,,,,,,,,,,,,"2.7","0.29","-0.43","0.43",,,,,,5.42,-2.17,-0.59,3.28,,,"2.9",,,"-2.9",,,,,,,,,,,,
1,694989,"Sauer, Kelena",5,20,,,,,,,,,,,,2445,90.8,90.8,0,0,1,0,6.3,108,151,123,142,297,327,287,"0.059","-0.059",,,,,,,,,,,,,,"2.2","0.57","-0.15","-0.15",,,,,,5.08,-3.51,0.22,2.39,,,"-5.9",,,"5.9",,,,,,,,,,,,