"pitches","player_id","player_name","total_pitches","pitch_percent","ba","iso","babip","slg","woba","xwoba","xba","hits","abs","launch_speed","launch_angle","spin_rate","velocity","effective_speed","whiffs","swings","takes","eff_min_vel","release_extension","pos3_int_start_distance","pos4_int_start_distance","pos5_int_start_distance","pos6_int_start_distance","pos7_int_start_distance","pos8_int_start_distance","pos9_int_start_distance","pitcher_run_exp","run_exp","bat_speed","swing_length","miss_distance","pa","bip","singles","doubles","triples","hrs","so","k_percent","bb","bb_percent","api_break_z_with_gravity","api_break_z_induced","api_break_x_arm","api_break_x_batter_in","hyper_speed","bbdist","hardhit_percent","barrels_per_bbe_percent","barrels_per_pa_percent","release_pos_z","release_pos_x","plate_x","plate_z","obp","barrels_total","batter_run_value_per_100","xobp","xslg","pitcher_run_value_per_100","xbadiff","xobpdiff","xslgdiff","wobadiff","swing_miss_percent","arm_angle","attack_angle","attack_direction","swing_path_tilt","rate_ideal_attack_angle","intercept_ball_minus_batter_pos_x_inches","intercept_ball_minus_batter_pos_y_inches"
192,661563,"Gil, Luis",356,53.9,0.298,0.298,0.357,0.596,0.41,,,14,47,92.9,22.7,2432,95.5,95.95,22,113,79,0.4000000000000057,6.51,107,151,126,150,286,324,284,"-4.072","4.072",,,,52,32,8,2,0,4,15,28.8,5,9.6,"1.11","1.39","0.3","0.14","91.6",205,50,12.5,7.6923076923076925,5.86,-2.81,0.01,2.86,0.365,4,"2.120833333",,,"-2.120833333",,,,,19.5,,,,,,,
178,671096,"Abbott, Andrew",362,49.2,0.316,0.211,0.393,0.526,0.391,,,12,38,92,12.4,2306,92.6,92.75,15,85,93,0.10000000000000853,6.39,105,150,114,148,298,327,297,"-1.703","1.703",,,,42,29,7,3,1,1,9,21.4,4,9.5,"1.32","1.34","0.56","-0.28","92.5",183,51.724137931034484,13.793103448275861,9.523809523809524,6.09,2.45,0.13,2.57,0.381,4,"0.956741573",,,"-0.956741573",,,,,17.6,,,,,,,
177,592662,"Ray, Robbie",306,57.8,0.172,0.103,0.19,0.276,0.292,,,5,29,87.2,18.7,2330,94.2,93.35,19,80,97,-0.9000000000000057,6,112,147,115,147,306,334,298,"2.136","-2.136",,,,36,22,4,0,0,1,7,19.4,6,16.7,"1.12","1.47","0.64","0.05","90.2",204,27.27272727272727,9.090909090909092,5.555555555555555,6.23,2.51,-0.3,2.79,0.333,2,"-1.206779661",,,"1.206779661",,,,,23.8,,,,,,,
166,701542,"Warren, Will",344,48.3,0.065,0.022,0.094,0.087,0.091,,,3,46,94,11.8,2601,93.9,94.22,30,92,74,0.29999999999999716,6.49,112,149,126,150,290,324,289,"10.064","-10.064",,,,49,32,2,1,0,0,15,30.6,2,4.1,"1.31","1.28","0.59","0.01","93.2",206,59.375,9.375,6.122448979591836,5.51,-3.48,-0.04,2.79,0.102,3,"-6.062650602",,,"6.062650602",,,,,32.6,,,,,,,
163,669194,"Nelson, Ryne",260,62.7,0.19,0.119,0.318,0.31,0.248,,,8,42,93.6,8.8,2354,95.9,96.6,23,83,80,0.6999999999999886,6.62,113,148,121,150,301,329,305,"3.209","-3.209",,,,45,23,5,2,0,1,19,42.2,2,4.4,"0.94","1.53","0.21","0.01","92.0",153,52.17391304347826,13.043478260869565,6.666666666666667,6.35,-1.03,0.18,2.62,0.244,3,"-1.968711656",,,"1.968711656",,,,,27.7,,,,,,,
159,695505,"Burns, Chase",288,55.2,0.29,0.29,0.292,0.581,0.415,,,9,31,89,19.7,2455,97.7,97.64,22,86,73,-0.10000000000000853,6.3,111,149,115,150,294,320,297,"-1.026","1.026",,,,36,26,4,3,0,2,5,13.9,5,13.9,"0.92","1.48","0.36","-0.03","91.0",213,34.61538461538461,19.230769230769234,13.88888888888889,6.69,-1.09,0.19,2.66,0.389,5,"0.645283019",,,"-0.645283019",,,,,25.6,,,,,,,
153,676282,"Cantillo, Joey",333,45.9,0.273,0.182,0.286,0.455,0.312,,,12,44,91,19,1836,91.7,93.37,7,79,74,1.7000000000000028,7.19,112,151,119,147,298,323,301,"1.752","-1.752",,,,44,37,8,2,0,2,7,15.9,0,0,"1.35","1.35","0.51","-0.24","91.9",184,32.432432432432435,13.513513513513514,11.363636363636363,5.94,0.56,-0.25,2.4,0.273,5,"-1.145098039",,,"1.145098039",,,,,8.9,,,,,,,
150,806960,"Morales, Luis",365,41.1,0.406,0.375,0.385,0.781,0.539,,,13,32,96.8,16.9,2427,96.9,96.39,6,61,89,-0.5,6,109,148,118,148,301,327,299,"-6.43","6.43",,,,39,29,7,3,0,3,3,7.7,7,17.9,"1.09","1.34","0.59","0.12","94.8",198,65.38461538461539,19.230769230769234,12.82051282051282,5.78,-1.82,0.05,2.71,0.513,5,"4.286666667",,,"-4.286666667",,,,,9.8,,,,,,,
149,666142,"Ragans, Cole",279,53.4,0.313,0.25,0.45,0.563,0.417,,,10,32,93,23.2,2476,95.6,94.91,29,88,61,-0.6999999999999886,5.92,108,149,118,149,304,318,263,"-0.726","0.726",,,,37,21,4,5,0,1,11,29.7,4,10.8,"1.09","1.41","0.94","-0.28","91.3",232,52.38095238095239,14.285714285714285,8.108108108108109,6.36,1.34,-0.03,2.9,0.405,3,"0.487248322",,,"-0.487248322",,,,,33,,,,,,,
137,690986,"Harrison, Kyle",267,51.3,0.313,0.344,0.333,0.656,0.427,,,10,32,94.6,27.1,2314,94.9,95.06,21,72,65,0.19999999999998863,6.46,111,150,119,148,298,317,292,"-3.069","3.069",,,,34,24,6,0,1,3,8,23.5,1,2.9,"1.34","1.2","1.03","-0.61","93.4",210,62.5,20.833333333333336,14.705882352941178,5.05,1.94,0.11,2.75,0.353,5,"2.240145985",,,"-2.240145985",,,,,29.2,,,,,,,
137,684007,"Imanaga, Shota",299,45.8,0.28,0.32,0.278,0.6,0.393,,,7,25,92.8,30.5,2528,92.5,92.05,17,66,71,-0.5,6.15,108,152,119,149,299,329,305,"-2.771","2.771",,,,30,20,3,2,0,2,6,20,2,6.7,"1.17","1.51","0.85","-0.48","92.6",181,50,15,10,5.46,1.89,-0.08,2.76,0.345,3,"2.022627737",,,"-2.022627737",,,,,25.8,,,,,,,
134,690953,"Abel, Mick",329,40.7,0.219,0.031,0.333,0.25,0.248,,,7,32,87.5,21.8,2478,96.3,97.29,23,85,49,1,6.79,114,147,122,148,282,320,281,"3.072","-3.072",,,,35,21,6,1,0,0,11,31.4,3,8.6,"1.12","1.33","0.59","0.03","90.5",198,28.57142857142857,0,0,5.62,-1.64,0.06,2.82,0.286,0,"-2.292537313",,,"2.292537313",,,,,27.1,,,,,,,
134,605488,"Springs, Jeffrey",279,48,0.154,0.077,0.19,0.231,0.251,,,4,26,87.3,34.7,2172,91.4,91.84,4,51,83,0.3999999999999915,6.54,109,150,119,147,302,324,296,"2.104","-2.104",,,,31,21,2,2,0,0,5,16.1,5,16.1,"1.33","1.4","0.8","-0.43","90.5",214,19.047619047619047,9.523809523809524,6.451612903225806,6,2.13,-0.29,2.88,0.29,2,"-1.570149254",,,"1.570149254",,,,,7.8,,,,,,,
134,625643,"López, Reynaldo",289,46.4,0.278,0.111,0.357,0.389,0.346,,,10,36,93.7,17.7,1983,91.4,91.58,8,57,77,0.19999999999998863,6.46,116,150,127,149,296,322,289,"1.104","-1.104",,,,42,28,7,2,1,0,8,19,6,14.3,"1.32","1.42","0.53","0.15","92.3",199,42.857142857142854,10.714285714285714,7.142857142857142,5.85,-1.68,-0.09,2.26,0.381,3,"-0.823880597",,,"0.823880597",,,,,14,,,,,,,
133,605182,"Clevinger, Mike",288,46.2,0.138,0.241,0.118,0.379,0.274,,,4,29,87,29.8,2369,95.3,95.52,21,62,71,0.20000000000000284,6.59,116,148,120,150,293,316,285,"2.026","-2.026",,,,33,19,1,1,0,2,10,30.3,4,12.1,"1.08","1.45","0.63","-0.2","90.8",188,36.84210526315789,10.526315789473683,6.0606060606060606,5.59,-1.73,-0.13,2.88,0.242,2,"-1.523308271",,,"1.523308271",,,,,33.9,,,,,,,
131,680573,"Woods Richardson, Simeon",326,40.2,0.444,0.167,0.5,0.611,0.482,,,16,36,92.4,9.1,2109,92,92.31,15,73,58,0.29999999999999716,6.59,109,147,119,149,292,319,274,"-3.183","3.183",,,,40,31,12,3,0,1,5,12.5,4,10,"1.21","1.5","0.34","-0.05","93.2",182,54.83870967741935,12.903225806451612,10,6.64,-0.92,0.14,2.63,0.5,4,"2.429770992",,,"-2.429770992",,,,,20.5,,,,,,,
129,671737,"Bradley, Taj",288,44.8,0.241,0.241,0.273,0.483,0.341,,,7,29,92.2,14.8,2305,96.8,96.85,15,69,60,0.10000000000000853,6.37,110,145,117,149,287,320,278,"1.46","-1.46",,,,32,23,3,2,1,1,6,18.8,3,9.4,"0.88","1.56","0.36","-0.1","92.2",204,52.17391304347826,17.391304347826086,12.5,6.26,-1.11,-0.2,2.71,0.313,4,"-1.131782946",,,"1.131782946",,,,,21.7,,,,,,,
126,434378,"Verlander, Justin",257,49,0.429,0.81,0.286,1.238,0.695,,,9,21,94.7,27.9,2372,93.5,92.55,14,60,66,-0.9000000000000057,5.94,121,150,121,150,289,324,292,"-7.567","7.567",,,,26,19,2,2,0,5,2,7.7,4,15.4,"1.15","1.48","0.76","-0.05","92.1",214,57.89473684210527,15.789473684210526,11.538461538461538,7.05,-1.73,0.36,2.33,0.538,3,"6.005555556",,,"-6.005555556",,,,,23.3,,,,,,,
125,680570,"Rodriguez, Grayson",239,52.3,0.222,0.222,0.227,0.444,0.387,,,6,27,95.5,14.9,2167,94.8,96.04,12,63,62,1.2000000000000028,7.13,107,146,111,146,298,318,302,"-2.705","2.705",,,,36,23,2,3,0,1,4,11.1,8,22.2,"1.32","1.23","0.89","-0.05","92.6",191,55.00000000000001,20,11.11111111111111,5.69,-2.6,-0.4,2.58,0.417,4,"2.164",,,"-2.164",,,,,19,,,,,,,
124,687209,"Maxwell, Zach",191,64.9,0.286,0.238,0.417,0.524,0.433,,,6,21,93.6,14.1,2479,97.7,97.47,20,58,66,-0.20000000000000284,6.1,112,148,119,149,301,325,295,"-2.203","2.203",,,,28,13,3,2,0,1,8,28.6,7,25,"1","1.39","0.62","0.05","91.9",233,61.53846153846154,15.384615384615385,7.142857142857142,6.42,-2.41,-0.01,2.7,0.464,2,"1.776612903",,,"-1.776612903",,,,,34.5,,,,,,,
122,607067,"Rea, Colin",339,36,0.36,0.4,0.35,0.76,0.509,,,9,25,90.1,21.9,2149,94.1,94.81,7,52,70,0.7000000000000028,6.74,110,150,115,151,300,333,304,"-2.932","2.932",,,,30,22,4,2,1,2,3,10,5,16.7,"1.41","1.17","0.69","-0.1","92.3",192,45.45454545454545,18.181818181818183,13.333333333333334,5.53,-1.56,0.1,2.47,0.467,4,"2.403278689",,,"-2.403278689",,,,,13.5,,,,,,,
121,676440,"Bibee, Tanner",351,34.5,0.324,0.235,0.36,0.559,0.388,,,11,34,91.9,22.7,2234,94.1,94.89,9,63,58,0.8000000000000114,6.72,117,151,120,149,297,322,291,"-2.217","2.217",,,,35,27,7,2,0,2,7,20,0,0,"1.31","1.26","0.47","0.09","92.7",171,48.148148148148145,11.11111111111111,8.571428571428571,6.52,-1.88,-0.05,3,0.343,3,"1.832231405",,,"-1.832231405",,,,,14.3,,,,,,,
119,696149,"Chandler, Bubba",203,58.6,0.045,0,0.071,0.045,0.216,,,1,22,89.4,23.9,2427,98.4,98.79,20,58,61,0.3999999999999915,6.62,115,149,118,150,291,317,288,"1.426","-1.426",,,,30,14,1,0,0,0,8,26.7,8,26.7,"0.9","1.47","0.42","0.03","90.6",190,35.714285714285715,14.285714285714285,6.666666666666667,5.84,-1.23,0.05,3.09,0.3,2,"-1.198319328",,,"1.198319328",,,,,34.5,,,,,,,
119,676606,"Margevicius, Nick",175,68,0.368,0.184,0.389,0.553,0.393,,,14,38,93.7,14.4,2076,91.5,92.31,7,72,47,0.7999999999999972,6.71,109,149,116,149,303,328,296,"-0.94","0.94",,,,40,36,8,5,1,0,3,7.5,1,2.5,"1.43","1.29","0.37","-0.11","92.8",199,47.22222222222222,11.11111111111111,10,6.13,0.8,0.14,2.55,0.375,4,"0.789915966",,,"-0.789915966",,,,,9.7,,,,,,,
118,656641,"Latz, Jacob",266,44.4,0.207,0.172,0.208,0.379,0.356,,,6,29,90.6,32,2117,93.4,93.61,9,57,61,0.19999999999998863,6.45,108,150,116,149,309,324,303,"-0.937","0.937",,,,38,25,3,2,0,1,4,10.5,9,23.7,"1.2","1.42","0.69","-0.26","92.4",204,40,8,5.263157894736842,6.11,1.64,-0.09,2.7,0.395,2,"0.794067797",,,"-0.794067797",,,,,15.8,,,,,,,
118,663554,"Mize, Casey",337,35,0.435,0.391,0.444,0.826,0.546,,,10,23,87.5,18.1,2226,93.6,94.35,9,60,58,0.7000000000000028,6.87,117,147,118,150,279,319,291,"-4.871","4.871",,,,29,20,5,3,0,2,4,13.8,4,13.8,"1.2","1.41","0.61","-0.28","91.0",183,40,10,6.896551724137931,5.93,-2,0.21,2.71,0.517,2,"4.127966102",,,"-4.127966102",,,,,15,,,,,,,
115,800048,"Messick, Parker",314,36.6,0.241,0.138,0.3,0.379,0.308,,,7,29,89.4,13.3,2118,93,93.23,13,63,52,0.20000000000000284,6.36,110,151,125,148,296,324,301,"-1.269","1.269",,,,32,21,5,1,0,1,8,25,3,9.4,"1.32","1.31","0.43","-0.28","91.9",186,57.14285714285714,14.285714285714285,9.375,5.52,1.1,-0.04,3.11,0.313,3,"1.103478261",,,"-1.103478261",,,,,20.6,,,,,,,
115,669022,"Gore, MacKenzie",251,45.8,0.304,0.087,0.368,0.391,0.375,,,7,23,90.2,2.4,2278,96,96.8,13,60,55,0.7999999999999972,6.78,108,147,118,148,300,316,304,"-0.416","0.416",,,,28,19,5,2,0,0,4,14.3,4,14.3,"1.14","1.34","0.57","-0.14","91.6",170,52.63157894736842,5.263157894736842,3.571428571428571,5.62,1.89,-0.12,2.75,0.429,1,"0.36173913",,,"-0.36173913",,,,,21.7,,,,,,,
112,800311,"Fuentes, Didier",182,61.5,0.077,0,0.133,0.077,0.093,,,2,26,95,8.7,2084,96.8,97.38,18,58,54,0.6000000000000085,6.69,120,150,130,150,303,321,292,"5.435","-5.435",,,,27,15,2,0,0,0,11,40.7,0,0,"1.15","1.29","0.69","-0.01","92.2",164,53.333333333333336,13.333333333333334,7.4074074074074066,5.25,-2.22,-0.07,2.77,0.111,2,"-4.852678571",,,"4.852678571",,,,,31,,,,,,,
112,623433,"Anderson, Nick",178,62.9,0.231,0.269,0.25,0.5,0.349,,,6,26,95.6,21.5,2223,94.4,94.28,16,64,48,-0.10000000000000853,6.16,112,147,118,148,300,323,292,"-0.663","0.663",,,,29,18,3,1,0,2,8,27.6,3,10.3,"1.13","1.43","0.52","-0.05","92.6",223,55.55555555555556,11.11111111111111,6.896551724137931,6.47,-0.68,-0.01,2.97,0.31,2,"0.591964286",,,"-0.591964286",,,,,25,,,,,,,
111,691587,"Pérez, Eury",251,44.2,0.333,0.212,0.391,0.545,0.413,,,11,33,92.5,11.9,2625,97.8,98.02,18,58,53,0.20000000000000284,6.58,113,148,125,149,288,316,291,"-1.321","1.321",,,,37,25,8,1,0,2,8,21.6,4,10.8,"0.92","1.48","0.78","-0.02","94.8",168,48,4,2.7027027027027026,6.18,-1.78,-0.34,2.5,0.405,1,"1.19009009",,,"-1.19009009",,,,,31,,,,,,,
108,519242,"Sale, Chris",293,36.9,0.318,0.182,0.333,0.5,0.368,,,7,22,91.7,9.6,2292,94.5,95.16,15,53,55,0.7000000000000028,6.74,112,150,125,147,304,321,293,"0.263","-0.263",,,,23,19,5,1,0,1,3,13,1,4.3,"1.75","0.81","1.24","-0.52","91.4",199,47.368421052631575,5.263157894736842,4.3478260869565215,5.04,3.05,-0.06,2.71,0.348,1,"-0.243518519",,,"0.243518519",,,,,28.3,,,,,,,
108,682995,"Barco, Hunter",226,47.8,0.091,0,0.154,0.091,0.213,,,2,22,88.1,20.2,2288,93.9,93.19,21,64,44,-0.7000000000000028,6.02,107,148,121,147,291,320,288,"3.596","-3.596",,,,28,13,2,0,0,0,9,32.1,6,21.4,"1.6","1","1.31","-0.62","90.1",158,38.46153846153847,0,0,5.39,3.26,0.2,2.83,0.286,0,"-3.32962963",,,"3.32962963",,,,,32.8,,,,,,,
108,670912,"Oviedo, Johan",260,41.5,0.333,0.042,0.533,0.375,0.355,,,8,24,88.7,18.7,2285,94.5,96.09,9,49,59,1.5999999999999943,7.17,113,148,122,149,277,307,301,"-1.295","1.295",,,,27,15,7,1,0,0,9,33.3,3,11.1,"1.42","1.13","0.43","-0.05","91.2",162,40,0,0,5.32,-3.13,-0.11,2.61,0.407,0,"1.199074074",,,"-1.199074074",,,,,18.4,,,,,,,
107,694819,"Misiorowski, Jacob",215,49.8,0.263,0.263,0.308,0.526,0.408,,,5,19,93.1,23.9,2536,98,99.97,12,46,61,2,7.29,112,149,118,150,299,326,301,"-0.425","0.425",,,,24,14,3,0,1,1,5,20.8,5,20.8,"1.1","1.26","0.77","-0.16","92.0",210,50,14.285714285714285,8.333333333333332,5.33,-1.78,0.17,2.86,0.417,2,"0.397196262",,,"-0.397196262",,,,,26.1,,,,,,,
107,622491,"Castillo, Luis",271,39.5,0.444,0.556,0.5,1,0.594,,,12,27,98.9,26.3,2171,95,93.16,21,66,41,-1.7999999999999972,5.25,110,147,116,146,295,325,297,"-5.528","5.528",,,,30,20,5,3,0,4,8,26.7,2,6.7,"1.48","1.05","0.83","0.17","93.9",234,75,30,20,5.51,-2.14,0.19,3.18,0.467,6,"5.16635514",,,"-5.16635514",,,,,31.8,,,,,,,
106,801739,"Lagrange, Carlos",262,40.5,0.267,0.133,0.28,0.4,0.325,,,8,30,89.5,18.8,2406,99.9,98.78,17,58,48,-1.1000000000000085,5.81,111,147,119,150,290,321,285,"0.294","-0.294",,,,33,26,6,1,0,1,4,12.1,3,9.1,"0.87","1.42","0.64","0.06","91.8",174,38.46153846153847,7.6923076923076925,6.0606060606060606,6.5,-1.78,-0.2,2.75,0.333,2,"-0.277358491",,,"0.277358491",,,,,29.3,,,,,,,
106,690990,"Horton, Cade",226,46.9,0.25,0.286,0.208,0.536,0.366,,,7,28,95.4,8.3,2414,95.8,95.81,11,56,50,0,6.17,114,149,111,152,298,333,300,"0.502","-0.502",,,,31,26,4,0,1,2,2,6.5,3,9.7,"1.3","1.17","-0.08","0.04","95.4",137,53.84615384615385,7.6923076923076925,6.451612903225806,6.03,-1.94,0.12,2.48,0.323,2,"-0.473584906",,,"0.473584906",,,,,19.6,,,,,,,
106,641743,"Kay, Anthony",347,30.5,0.182,0.273,0.133,0.455,0.336,,,4,22,86.7,24.1,2345,95.4,94.71,12,49,57,-0.7000000000000028,5.86,105,147,118,143,302,331,302,"0.144","-0.144",,,,28,17,2,0,0,2,6,21.4,4,14.3,"1.28","1.22","0.51","-0.31","91.6",183,41.17647058823529,17.647058823529413,10.714285714285714,5.97,1.8,-0.16,2.73,0.321,3,"-0.135849057",,,"0.135849057",,,,,24.5,,,,,,,
105,680732,"Burke, Sean",269,39,0.243,0.297,0.25,0.541,0.357,,,9,37,91.6,19.5,2480,94.1,95.07,10,58,47,1,6.82,109,147,116,148,300,327,303,"-1.484","1.484",,,,42,30,2,5,0,2,8,19,3,7.1,"1.08","1.5","0.48","-0.19","93.2",204,43.333333333333336,13.333333333333334,9.523809523809524,6.33,-2.2,0.02,2.83,0.31,4,"1.413333333",,,"-1.413333333",,,,,17.2,,,,,,,
102,608566,"Márquez, Germán",288,35.4,0.292,0.292,0.357,0.583,0.418,,,7,24,93.6,29,2163,94.6,92.57,12,50,52,-2,5.15,114,149,123,150,298,330,301,"-3.968","3.968",,,,28,16,4,1,0,2,8,28.6,4,14.3,"1.33","1.22","1","0.09","92.1",195,43.75,18.75,10.714285714285714,6.28,-1.24,0.1,2.57,0.393,3,"3.890196078",,,"-3.890196078",,,,,24,,,,,,,
102,594027,"Guerrero, Tyron",163,62.6,0.227,0.091,0.263,0.318,0.307,,,5,22,90.4,9.8,2171,98.4,99.98,6,48,54,1.5999999999999943,7.18,103,147,122,147,282,309,292,"0.561","-0.561",,,,26,19,3,2,0,0,3,11.5,4,15.4,"1.23","1.13","0.95","0.19","92.5",152,57.89473684210527,0,0,6.47,-1.68,0.15,2.33,0.346,0,"-0.55",,,"0.55",,,,,12.5,,,,,,,
99,681190,"Vásquez, Randy",276,35.9,0.217,0.261,0.25,0.478,0.338,,,5,23,92.4,24.9,2400,95.6,94.87,12,52,47,-0.6999999999999886,5.9,114,146,121,149,297,324,301,"-1.15","1.15",,,,26,17,2,1,1,1,6,23.1,3,11.5,"1.28","1.21","0.84","-0.51","91.3",219,47.05882352941176,11.76470588235294,7.6923076923076925,6.07,-2.03,-0.08,2.73,0.308,2,"1.161616162",,,"-1.161616162",,,,,23.1,,,,,,,
99,663474,"McKenzie, Triston",155,63.9,0.412,0.235,0.545,0.647,0.534,,,7,17,91.5,12.8,2442,95.5,95.59,12,49,50,0.09999999999999432,6.51,111,148,123,147,285,326,296,"-3.174","3.174",,,,25,12,5,1,0,1,5,20,8,32,"0.96","1.56","0.28","0.05","91.4",185,50,8.333333333333332,4,6.38,-1.87,0.2,2.51,0.6,1,"3.206060606",,,"-3.206060606",,,,,24.5,,,,,,,
99,453286,"Scherzer, Max",178,55.6,0.125,0,0.143,0.125,0.176,,,3,24,91.9,33.1,2382,93.5,93.01,14,55,44,-0.5,6.1,112,148,126,146,292,322,287,"3.679","-3.679",,,,27,21,3,0,0,0,3,11.1,3,11.1,"1.23","1.39","0.87","0.15","91.1",185,47.61904761904761,9.523809523809524,7.4074074074074066,5.86,-3.19,-0.06,2.51,0.222,2,"-3.716161616",,,"3.716161616",,,,,25.5,,,,,,,
98,691769,"Abner, Philip",167,58.7,0.182,0.136,0.267,0.318,0.303,,,4,22,93.5,4.1,2335,90.9,91.08,10,50,48,0.19999999999998863,6.27,114,149,118,149,299,324,303,"0.906","-0.906",,,,27,15,1,3,0,0,7,25.9,4,14.8,"1.69","1.05","0.09","0.01","91.6",161,40,13.333333333333334,7.4074074074074066,5.73,2.34,-0.04,2.79,0.333,2,"-0.924489796",,,"0.924489796",,,,,20,,,,,,,
98,672282,"Detmers, Reid",228,43,0.4,0.25,0.389,0.65,0.481,,,8,20,94.9,28.2,2157,93.9,93.97,11,49,49,0.09999999999999432,6.35,106,149,117,148,299,323,297,"-3.101","3.101",,,,26,19,5,2,0,1,2,7.7,5,19.2,"1.14","1.45","0.65","-0.22","92.8",192,57.89473684210527,10.526315789473683,7.6923076923076925,6.23,1.52,0.07,3.08,0.5,2,"3.164285714",,,"-3.164285714",,,,,22.4,,,,,,,
97,702070,"Cameron, Noah",291,33.3,0.385,0.308,0.348,0.692,0.485,,,10,26,93.7,15.4,2254,91.4,91.36,13,54,43,0,6.26,107,149,120,149,295,314,294,"-5.121","5.121",,,,29,25,6,2,0,2,1,3.4,2,6.9,"1.41","1.32","0.56","-0.12","93.4",166,48,8,6.896551724137931,6.22,1.28,-0.11,2.73,0.448,2,"5.279381443",,,"-5.279381443",,,,,24.1,,,,,,,
97,676664,"Sears, JP",199,48.7,0.286,0.238,0.333,0.524,0.387,,,6,21,96.7,10.1,1963,92.8,92.53,16,49,48,-0.29999999999999716,6.23,109,151,123,148,293,328,299,"-2.198","2.198",,,,24,16,4,0,1,1,5,20.8,3,12.5,"1.42","1.24","0.77","-0.41","93.3",179,62.5,12.5,8.333333333333332,5.32,1.24,0,2.73,0.375,2,"2.265979381",,,"-2.265979381",,,,,32.7,,,,,,,
96,669445,"Laskey, Adam",201,47.8,0.29,0.097,0.346,0.387,0.307,,,9,31,90.4,5.1,1988,90.3,90.71,7,54,42,0.4000000000000057,6.48,111,151,116,148,296,320,295,"1.849","-1.849",,,,32,26,6,3,0,0,5,15.6,1,3.1,"2.11","0.68","0.2","-0.08","92.3",157,30.76923076923077,0,0,5.78,1.86,0.06,2.62,0.313,0,"-1.926041667",,,"1.926041667",,,,,13,,,,,,,
96,683175,"Phillips, Connor",182,52.7,0.25,0.125,0.308,0.375,0.386,,,4,16,82.9,14.2,2338,97.5,97.18,5,40,56,-0.29999999999999716,6.04,113,148,118,147,293,325,299,"-0.062","0.062",,,,22,13,2,2,0,0,3,13.6,6,27.3,"1.17","1.22","0.64","-0.18","92.0",178,38.46153846153847,7.6923076923076925,4.545454545454546,5.93,-1.57,0.1,2.24,0.455,1,"0.064583333",,,"-0.064583333",,,,,12.5,,,,,,,
96,681402,"Varland, Gus",162,59.3,0.174,0.304,0.154,0.478,0.321,,,4,23,90.4,16.7,2317,95.5,95.87,7,41,55,0.4000000000000057,6.58,110,148,120,149,295,320,295,"-1.086","1.086",,,,26,15,1,1,0,2,8,30.8,3,11.5,"1.02","1.49","0.84","0.04","91.1",202,46.666666666666664,13.333333333333334,7.6923076923076925,5.32,-1.21,-0.11,2.76,0.269,2,"1.13125",,,"-1.13125",,,,,17.1,,,,,,,
96,691946,"Klassen, George",260,36.9,0.19,0.429,0.071,0.619,0.407,,,4,21,88.5,20,2305,97.7,97.24,6,30,66,-0.5,6.27,114,149,119,149,304,327,296,"-2.223","2.223",,,,26,17,1,0,0,3,4,15.4,3,11.5,"1.23","1.18","1.08","0","93.9",191,47.05882352941176,17.647058823529413,11.538461538461538,5.65,-3.06,0.4,2.34,0.346,3,"2.315625",,,"-2.315625",,,,,20,,,,,,,
95,677944,"Cecconi, Slade",259,36.7,0.174,0.087,0.267,0.261,0.263,,,4,23,94.2,16.1,2423,94.7,94.75,10,44,51,0.09999999999999432,6.44,114,149,123,149,299,323,295,"1.793","-1.793",,,,27,15,2,2,0,0,8,29.6,4,14.8,"1.22","1.33","0.92","-0.09","92.6",189,53.333333333333336,13.333333333333334,7.4074074074074066,5.98,-2.04,0.09,2.76,0.296,2,"-1.887368421",,,"1.887368421",,,,,22.7,,,,,,,
95,671212,"Boyle, Joe",217,43.8,0.263,0.105,0.417,0.368,0.362,,,5,19,96.2,4.8,2626,97.5,97.96,14,46,49,0.5,6.49,109,148,121,150,294,326,292,"-1.135","1.135",,,,24,12,3,2,0,0,7,29.2,5,20.8,"1.22","1.17","0.62","-0.05","91.4",188,50,8.333333333333332,4.166666666666666,5.68,-1.27,-0.47,2.87,0.417,1,"1.194736842",,,"-1.194736842",,,,,30.4,,,,,,,
94,668909,"Williams, Gavin",282,33.3,0.231,0.077,0.286,0.308,0.251,,,6,26,91.5,18.6,2238,95.7,96.56,9,51,43,0.8999999999999915,6.86,113,148,120,147,294,321,293,"1.716","-1.716",,,,27,21,4,2,0,0,5,18.5,1,3.7,"1.32","1.17","0.92","-0.02","92.3",190,42.857142857142854,4.761904761904762,3.7037037037037033,6.08,-2.88,-0.03,2.89,0.259,1,"-1.825531915",,,"1.825531915",,,,,17.6,,,,,,,
94,544150,"Suárez, Albert",200,47,0.28,0.2,0.316,0.48,0.327,,,7,25,98.2,11.7,2304,93,93.26,13,55,39,0.29999999999999716,6.56,112,149,122,147,292,320,287,"0.908","-0.908",,,,27,20,4,2,0,1,6,22.2,1,3.7,"1.14","1.51","0.51","0.07","94.5",183,68.42105263157895,15.789473684210526,11.11111111111111,6.54,-1.23,0.07,2.99,0.296,3,"-0.965957447",,,"0.965957447",,,,,23.6,,,,,,,
94,686218,"Sheehan, Emmet",195,48.2,0.111,0.056,0.125,0.167,0.247,,,2,18,93,18.5,2442,94.1,94.5,15,51,43,0.4000000000000057,6.69,110,150,121,148,298,326,295,"2.186","-2.186",,,,23,16,1,1,0,0,2,8.7,4,17.4,"1.07","1.52","0.7","-0.02","92.4",176,56.25,6.25,4.3478260869565215,5.5,-0.91,0.03,3.22,0.304,1,"-2.325531915",,,"2.325531915",,,,,29.4,,,,,,,
93,808963,"Sasaki, Roki",218,42.7,0.438,0.563,0.417,1,0.647,,,7,16,93.6,13.9,2003,97.4,98.75,3,34,59,1.3999999999999915,6.99,110,151,122,148,295,311,296,"-7.435","7.435",,,,29,14,2,3,0,2,2,6.9,12,41.4,"1.21","1.19","0.68","0.09","93.2",181,64.28571428571429,28.57142857142857,13.793103448275861,6.23,-2.07,-0.46,2.74,0.69,4,"7.994623656",,,"-7.994623656",,,,,8.8,,,,,,,
93,607192,"Glasnow, Tyler",259,35.9,0.222,0.333,0.167,0.556,0.364,,,4,18,95.9,5.1,2501,95.7,97.92,4,34,59,2.200000000000003,7.53,111,151,121,149,297,326,300,"0.698","-0.698",,,,20,14,2,0,0,2,4,20,2,10,"1.09","1.4","0.04","0.04","92.6",150,57.14285714285714,14.285714285714285,10,6.2,-1.21,0.2,2.53,0.3,2,"-0.750537634",,,"0.750537634",,,,,11.8,,,,,,,
93,677960,"Weathers, Ryan",330,28.2,0.45,0.3,0.412,0.75,0.533,,,9,20,93.3,9.5,2329,98.1,97.2,9,48,45,-0.8999999999999915,5.84,108,150,123,148,297,326,287,"-2.879","2.879",,,,22,19,7,0,0,2,1,4.5,2,9.1,"1.14","1.23","0.92","-0.81","92.8",184,47.368421052631575,15.789473684210526,13.636363636363635,5.69,2.65,-0.18,2.48,0.5,3,"3.095698925",,,"-3.095698925",,,,,18.8,,,,,,,
93,670950,"Richards, Trevor",149,62.4,0.261,0.13,0.375,0.391,0.341,,,6,23,90.3,22.1,2239,91.9,91.98,9,49,44,0.09999999999999432,6.41,111,149,119,148,288,314,283,"0.631","-0.631",,,,27,16,4,1,1,0,7,25.9,4,14.8,"1.01","1.7","0.54","-0.03","90.9",218,25,6.25,3.7037037037037033,6.43,-2,-0.21,2.92,0.37,1,"-0.678494624",,,"0.678494624",,,,,18.4,,,,,,,
93,695611,"Jump, Gage",159,58.5,0.217,0.043,0.263,0.261,0.267,,,5,23,88,18.5,2266,96.1,96.03,10,48,45,-0.09999999999999432,6.24,110,150,119,148,293,315,293,"2.212","-2.212",,,,26,19,4,1,0,0,4,15.4,2,7.7,"1.15","1.31","0.67","-0.04","91.4",182,36.84210526315789,0,0,5.65,1.28,0.07,2.94,0.308,0,"-2.378494624",,,"2.378494624",,,,,20.8,,,,,,,
92,687931,"Whisenhunt, Carson",190,48.4,0.357,0.143,0.417,0.5,0.458,,,5,14,95.5,17.4,2365,95,95.34,8,48,44,0.29999999999999716,6.55,108,149,118,148,306,329,298,"-1.553","1.553",,,,22,12,3,2,0,0,3,13.6,7,31.8,"1.09","1.44","0.72","-0.47","91.6",205,58.333333333333336,0,0,6.41,1.98,-0.06,2.92,0.545,0,"1.688043478",,,"-1.688043478",,,,,16.7,,,,,,,
92,663556,"McClanahan, Shane",192,47.9,0.3,0.2,0.294,0.5,0.426,,,6,20,93.2,29.6,2236,94.4,94.82,5,42,50,0.3999999999999915,6.54,108,151,115,148,291,326,291,"-2.319","2.319",,,,26,18,4,1,0,1,2,7.7,5,19.2,"1.23","1.33","0.65","-0.12","93.1",185,55.55555555555556,11.11111111111111,7.6923076923076925,6.28,0.91,0.21,2.91,0.462,2,"2.520652174",,,"-2.520652174",,,,,11.9,,,,,,,
91,656427,"Flaherty, Jack",199,45.7,0.31,0.207,0.381,0.517,0.375,,,9,29,90.1,20.9,2200,93,93.43,3,47,44,0.4000000000000057,6.61,116,149,120,148,294,325,292,"-1.124","1.124",,,,31,22,6,1,1,1,7,22.6,2,6.5,"1.38","1.26","0.53","0.1","92.9",201,45.45454545454545,4.545454545454546,3.225806451612903,5.46,-2.46,-0.02,2.5,0.355,1,"1.235164835",,,"-1.235164835",,,,,6.4,,,,,,,
91,664074,"Ponce, Cody",215,42.3,0.222,0.111,0.308,0.333,0.263,,,4,18,94.4,23.3,2473,95.5,95.91,14,55,36,0.4000000000000057,6.69,114,150,122,148,295,327,292,"2.053","-2.053",,,,19,13,2,2,0,0,5,26.3,1,5.3,"1.11","1.41","0.81","0.05","91.5",226,61.53846153846154,7.6923076923076925,5.263157894736842,6.43,-2.71,0.33,2.67,0.263,1,"-2.256043956",,,"2.256043956",,,,,25.5,,,,,,,
90,656605,"Keller, Mitch",285,31.6,0.231,0.077,0.333,0.308,0.343,,,3,13,94.4,11.7,2254,93.5,93.75,9,46,44,0.20000000000000284,6.51,113,148,120,150,287,314,289,"-0.268","0.268",,,,17,9,2,1,0,0,4,23.5,4,23.5,"1.39","1.22","0.63","-0.08","90.3",197,44.44444444444444,11.11111111111111,5.88235294117647,5.84,-2.07,0,3.18,0.412,1,"0.297777778",,,"-0.297777778",,,,,19.6,,,,,,,
90,680802,"Weiss, Ryan",175,51.4,0.125,0,0.15,0.125,0.221,,,3,24,93.1,6.4,2468,94.6,94.71,9,37,53,0.10000000000000853,6.48,111,147,121,149,299,325,293,"2.083","-2.083",,,,31,20,3,0,0,0,5,16.1,6,19.4,"1.11","1.45","0.52","0.04","94.2",118,65,0,0,5.85,-2.3,0.02,2.47,0.29,0,"-2.314444444",,,"2.314444444",,,,,24.3,,,,,,,
90,608650,"Enns, Dietrich",169,53.3,0.333,0.333,0.375,0.667,0.515,,,4,12,98.1,9.6,2141,93.7,93.57,11,37,53,-0.10000000000000853,6.29,111,147,120,145,293,313,283,"-1.78","1.78",,,,18,9,2,1,0,1,3,16.7,6,33.3,"1.17","1.44","0.35","-0.16","92.2",188,66.66666666666666,0,0,6.25,1.74,0.16,2.9,0.556,0,"1.977777778",,,"-1.977777778",,,,,29.7,,,,,,,
89,681343,"Smith, Shane",222,40.1,0.25,0.5,0.154,0.75,0.494,,,4,16,98.7,23.3,2203,94.5,95.37,3,39,50,0.9000000000000057,6.81,107,145,124,146,301,333,306,"-3.234","3.234",,,,22,15,0,2,0,2,1,4.5,4,18.2,"1.32","1.23","0.61","-0.09","93.5",220,73.33333333333333,26.666666666666668,18.181818181818183,5.86,-1.97,0.23,2.58,0.455,4,"3.633707865",,,"-3.633707865",,,,,7.7,,,,,,,
89,681217,"Silseth, Chase",191,46.6,0.154,0,0.25,0.154,0.212,,,2,13,90.1,17.8,2382,95.2,94.44,14,45,44,-0.7999999999999972,5.81,110,148,111,148,297,323,302,"2.258","-2.258",,,,15,8,2,0,0,0,5,33.3,2,13.3,"1.26","1.25","0.59","-0.1","90.1",193,25,0,0,5.92,-1.91,0.31,2.82,0.267,0,"-2.537078652",,,"2.537078652",,,,,31.1,,,,,,,
89,623454,"Anderson, Drew",217,41,0.286,0.048,0.375,0.333,0.309,,,6,21,82.6,32.4,2299,95.5,95.42,12,44,45,-0.09999999999999432,6.37,114,146,118,149,290,322,291,"0.972","-0.972",,,,23,16,5,1,0,0,5,21.7,2,8.7,"1.19","1.32","0.51","-0.16","90.6",172,25,0,0,5.75,-2,-0.04,2.75,0.348,0,"-1.092134831",,,"1.092134831",,,,,27.3,,,,,,,
88,693433,"Woo, Bryan",199,44.2,0.174,0.174,0.235,0.348,0.239,,,4,23,95.7,25.1,2165,95.1,95.13,15,47,41,0,6.36,116,146,116,146,299,325,299,"2.266","-2.266",,,,24,17,0,4,0,0,6,25,1,4.2,"1.4","1.12","0.84","-0.05","93.1",210,52.94117647058824,11.76470588235294,8.333333333333332,5.07,-1.8,0.11,2.9,0.208,2,"-2.575",,,"2.575",,,,,31.9,,,,,,,
87,807743,"Sullivan, Sean",177,49.2,0.235,0.059,0.364,0.294,0.28,,,4,17,83.4,22.6,2284,89.8,91.36,10,42,45,1.6000000000000085,7.48,111,150,117,148,299,319,297,"0.908","-0.908",,,,19,11,3,1,0,0,6,31.6,2,10.5,"1.55","1.3","0.94","-0.46","90.1",197,27.27272727272727,9.090909090909092,5.263157894736842,5.48,3.41,0.32,2.67,0.316,1,"-1.043678161",,,"1.043678161",,,,,23.8,,,,,,,
86,676568,"Vanasco, Ricky",158,54.4,0.278,0,0.385,0.278,0.329,,,5,18,96.7,5.5,2169,95.3,95.72,10,42,44,0.4000000000000057,6.66,110,151,122,149,290,322,289,"1.091","-1.091",,,,22,13,5,0,0,0,5,22.7,4,18.2,"1.22","1.3","0.91","0.36","92.3",173,61.53846153846154,15.384615384615385,9.090909090909092,5.88,-1.48,0.32,2.69,0.409,2,"-1.268604651",,,"1.268604651",,,,,23.8,,,,,,,
85,681870,"Sabrowski, Erik",143,59.4,0.231,0.077,0.5,0.308,0.343,,,3,13,91.4,22.3,2556,93.8,94.21,12,40,45,0.4000000000000057,6.64,115,150,122,149,296,321,298,"0.83","-0.83",,,,17,6,2,1,0,0,7,41.2,4,23.5,"0.99","1.61","0.72","-0.03","90.6",201,50,0,0,6.13,1.29,0.08,2.92,0.412,0,"-0.976470588",,,"0.976470588",,,,,30,,,,,,,
84,675660,"Drohan, Shane",218,38.5,0.308,0.154,0.5,0.462,0.419,,,4,13,95.2,15.3,2342,94.7,94.3,12,48,36,-0.4000000000000057,6.07,111,150,119,147,298,317,291,"-0.601","0.601",,,,17,8,2,2,0,0,5,29.4,3,17.6,"1.38","1.16","0.96","-0.25","90.0",188,28.57142857142857,0,0,5.65,1.4,-0.2,2.73,0.471,0,"0.71547619",,,"-0.71547619",,,,,25,,,,,,,
84,683004,"Leiter, Jack",246,34.1,0.32,0.48,0.294,0.8,0.493,,,8,25,98.9,19,2439,97.2,97.94,10,46,38,0.7000000000000028,6.83,109,150,118,151,304,324,308,"-1.051","1.051",,,,28,20,2,3,0,3,5,17.9,3,10.7,"0.94","1.48","0.62","0.1","95.5",224,70,30,21.428571428571427,5.58,-1.06,0.06,2.73,0.393,6,"1.251190476",,,"-1.251190476",,,,,21.7,,,,,,,
84,664918,"Keller, Kyle",189,44.4,0.353,0.294,0.294,0.647,0.437,,,6,17,89,34.6,2334,94,93.88,4,46,38,-0.09999999999999432,6.35,109,148,122,148,289,310,288,"-2.61","2.61",,,,23,18,3,2,0,1,1,4.3,3,13,"1.06","1.53","0.37","0.08","90.7",208,27.77777777777778,16.666666666666664,13.043478260869565,6.39,-1.22,0.22,2.75,0.435,3,"3.107142857",,,"-3.107142857",,,,,8.7,,,,,,,
84,641778,"Lauer, Eric",158,53.2,0.217,0.043,0.263,0.261,0.221,,,5,23,92.3,25.6,2180,91,90.21,11,40,44,-0.7999999999999972,5.82,110,148,120,145,294,327,290,"2.562","-2.562",,,,25,19,4,1,0,0,5,20,1,4,"1.46","1.3","0.75","0.1","93.6",203,36.84210526315789,10.526315789473683,8,6.18,1.73,-0.14,2.71,0.24,2,"-3.05",,,"3.05",,,,,27.5,,,,,,,
83,686752,"Pepiot, Ryan",165,50.3,0.286,0.214,0.25,0.5,0.457,,,4,14,96,31.5,2365,93.5,93.6,5,34,49,0.09999999999999432,6.45,108,148,123,149,287,332,298,"-1.715","1.715",,,,21,13,3,0,0,1,1,4.8,7,33.3,"1.07","1.55","0.62","-0.3","92.7",207,46.15384615384615,15.384615384615385,9.523809523809524,6.11,-1.11,-0.4,2.97,0.524,2,"2.06626506",,,"-2.06626506",,,,,14.7,,,,,,,
83,656794,"Newcomb, Sean",266,31.2,0.368,0.368,0.417,0.737,0.446,,,7,19,96.9,17.3,2228,92.9,91.78,6,43,40,-1.1000000000000085,5.64,107,147,120,144,302,331,300,"-2.12","2.12",,,,20,14,4,1,0,2,6,30,0,0,"1.49","1.15","0.78","-0.43","93.0",217,78.57142857142857,14.285714285714285,10,6.12,2.52,0.02,2.6,0.35,2,"2.554216867",,,"-2.554216867",,,,,14,,,,,,,
83,663372,"Feltner, Ryan",292,28.4,0.25,0.083,0.3,0.333,0.306,,,6,24,89.9,14.7,2435,94.9,95.23,5,37,46,0.29999999999999716,6.42,113,147,114,147,293,319,300,"1.057","-1.057",,,,29,20,4,2,0,0,5,17.2,4,13.8,"1.52","1.01","0.22","-0.08","95.6",181,60,10,6.896551724137931,5.57,-1.36,0.13,2.8,0.345,2,"-1.273493976",,,"1.273493976",,,,,13.5,,,,,,,
83,686930,"Barnett, Mason",140,59.3,0.333,0.2,0.364,0.533,0.442,,,5,15,87.9,15.7,2212,94.3,94.03,7,42,41,-0.29999999999999716,6.14,112,148,119,149,301,319,300,"-2.889","2.889",,,,19,12,4,0,0,1,3,15.8,4,21.1,"1.31","1.25","0","0.01","90.8",191,41.66666666666667,8.333333333333332,5.263157894736842,6.06,-2.14,-0.17,3.03,0.474,1,"3.480722892",,,"-3.480722892",,,,,16.7,,,,,,,
83,691725,"Painter, Andrew",166,50,0.2,0.15,0.188,0.35,0.278,,,4,20,94.2,16.9,2202,96.1,96.46,6,42,41,0.4000000000000057,6.41,114,148,124,150,284,312,288,"0.683","-0.683",,,,22,17,3,0,0,1,3,13.6,2,9.1,"1.12","1.34","0.28","-0.1","92.7",202,52.94117647058824,17.647058823529413,13.636363636363635,6.59,-2.09,0.12,2.95,0.273,3,"-0.822891566",,,"0.822891566",,,,,14.3,,,,,,,
83,664299,"Javier, Cristian",178,46.6,0.095,0.143,0.063,0.238,0.247,,,2,21,87.7,31,2184,91.5,90.74,11,42,41,-0.7999999999999972,5.92,108,148,118,149,298,324,300,"1.746","-1.746",,,,26,17,1,0,0,1,4,15.4,5,19.2,"1.28","1.45","0.54","-0.01","90.5",195,23.52941176470588,11.76470588235294,7.6923076923076925,5.42,-1.59,-0.09,3.03,0.269,2,"-2.103614458",,,"2.103614458",,,,,26.2,,,,,,,
82,592791,"Taillon, Jameson",267,30.7,0.5,0.636,0.438,1.136,0.691,,,11,22,98.7,26.9,2314,91.4,92.53,5,47,35,1.0999999999999943,6.97,111,150,113,151,303,330,299,"-7.013","7.013",,,,26,20,5,2,0,4,2,7.7,4,15.4,"1.29","1.44","0.48","-0.07","94.4",233,70,30,23.076923076923077,6.02,-1.25,0.03,2.76,0.577,6,"8.552439024",,,"-8.552439024",,,,,10.6,,,,,,,
82,601713,"Pivetta, Nick",208,39.4,0.25,0.188,0.25,0.438,0.319,,,4,16,91.9,27,2347,94.5,95.29,9,43,39,0.7999999999999972,6.84,115,148,121,148,300,327,298,"0.808","-0.808",,,,17,13,3,0,0,1,3,17.6,1,5.9,"0.99","1.57","0.14","0","90.2",216,30.76923076923077,7.6923076923076925,5.88235294117647,6.81,-0.64,-0.02,3.34,0.294,1,"-0.985365854",,,"0.985365854",,,,,20.9,,,,,,,
81,663687,"Harris, Hogan",131,61.8,0.111,0.167,0.091,0.278,0.26,,,2,18,88.2,14.8,2297,95.4,95.88,13,35,46,0.5,6.6,108,151,118,148,298,321,290,"0.691","-0.691",,,,22,12,1,0,0,1,6,27.3,4,18.2,"1.07","1.44","0.58","-0.12","91.4",198,25,8.333333333333332,4.545454545454546,6.05,1.86,-0.02,2.44,0.273,1,"-0.85308642",,,"0.85308642",,,,,37.1,,,,,,,
81,686701,"Bergert, Ryan",210,38.6,0.308,0.346,0.3,0.654,0.453,,,8,26,94,18.6,2426,94.2,94.16,11,41,40,0,6.29,115,148,119,151,294,327,302,"-4.773","4.773",,,,31,22,3,3,0,2,4,12.9,5,16.1,"1.15","1.42","0.73","-0.29","93.4",183,50,9.090909090909092,6.451612903225806,5.91,-1.82,-0.24,3.08,0.419,2,"5.892592593",,,"-5.892592593",,,,,26.8,,,,,,,
81,801403,"Dollander, Chase",292,27.7,0.444,0,0.571,0.444,0.464,,,8,18,92.7,4.3,2351,98.5,97.99,6,36,45,-0.5,6.18,115,146,114,148,288,314,295,"-2.794","2.794",,,,23,14,8,0,0,0,4,17.4,3,13,"1.31","1.05","1.11","-0.64","91.9",172,42.857142857142854,0,0,5.1,-1.99,0.11,2.6,0.565,0,"3.449382716",,,"-3.449382716",,,,,16.7,,,,,,,
81,663432,"Rainey, Tanner",124,65.3,0.188,0.063,0.231,0.25,0.311,,,3,16,91.6,31.1,2410,94.8,94.33,9,39,42,-0.5,6.17,112,147,121,149,294,321,288,"0.705","-0.705",,,,21,13,2,1,0,0,3,14.3,5,23.8,"1","1.55","0.75","-0.09","92.0",211,30.76923076923077,15.384615384615385,9.523809523809524,6.24,-2.5,-0.11,2.3,0.381,2,"-0.87037037",,,"0.87037037",,,,,23.1,,,,,,,
81,678184,"Hawkins, Garrett",125,64.8,0.188,0.063,0.273,0.25,0.311,,,3,16,95.5,16,2312,94.7,94.42,15,37,44,-0.29999999999999716,6.25,119,148,122,148,297,317,294,"1.159","-1.159",,,,21,11,2,1,0,0,5,23.8,5,23.8,"0.96","1.59","0.35","-0.03","93.2",196,63.63636363636363,9.090909090909092,4.761904761904762,6.79,-0.26,0.15,2.79,0.381,1,"-1.430864198",,,"1.430864198",,,,,40.5,,,,,,,
80,680736,"Wrobleski, Justin",196,40.8,0.188,0.188,0.3,0.375,0.286,,,3,16,84.6,27.6,2427,95.1,93.96,14,43,37,-1.0999999999999943,5.53,111,153,122,149,301,319,290,"0.81","-0.81",,,,18,10,1,1,1,0,6,33.3,2,11.1,"1.19","1.32","0.46","-0.36","91.6",207,30,0,0,5.63,2.11,-0.09,2.87,0.278,0,"-1.0125",,,"1.0125",,,,,32.6,,,,,,,
80,682254,"Montgomery, Mason",140,57.1,0.316,0.053,0.462,0.368,0.338,,,6,19,89.4,11.6,2229,97.9,98.56,15,38,42,0.6999999999999886,6.93,105,151,120,149,275,300,281,"0.219","-0.219",,,,21,13,5,1,0,0,6,28.6,2,9.5,"0.87","1.54","0.4","-0.15","92.2",172,46.15384615384615,0,0,5.84,1.12,-0.02,2.59,0.381,0,"-0.27375",,,"0.27375",,,,,39.5,,,,,,,
80,702281,"Snelling, Robby",160,50,0.25,0,0.429,0.25,0.317,,,3,12,93.3,17.9,2480,94.9,94.95,10,34,46,0.09999999999999432,6.34,109,147,124,146,285,307,279,"0.584","-0.584",,,,15,7,3,0,0,0,5,33.3,3,20,"1.05","1.48","0.44","-0.27","90.9",155,57.14285714285714,0,0,5.79,2.67,0.41,2.59,0.4,0,"-0.73",,,"0.73",,,,,29.4,,,,,,,
79,669432,"Rogers, Trevor",209,37.8,0.238,0,0.333,0.238,0.235,,,5,21,85.3,23.3,2461,92.6,93.06,13,47,32,0.5,6.57,107,151,121,146,291,319,281,"2.36","-2.36",,,,22,15,5,0,0,0,6,27.3,0,0,"1.36","1.31","0.74","-0.39","90.5",182,40,0,0,5.9,1.97,-0.24,2.89,0.273,0,"-2.987341772",,,"2.987341772",,,,,27.7,,,,,,,
78,695418,"Lord, Brad",199,39.2,0.313,0.063,0.556,0.375,0.345,,,5,16,80.9,14.4,2411,94.3,92.58,14,41,37,-1.7000000000000028,5.43,111,148,123,151,292,325,297,"-0.323","0.323",,,,18,9,4,1,0,0,7,38.9,2,11.1,"1.67","0.91","1.3","-0.44","89.9",180,44.44444444444444,11.11111111111111,5.555555555555555,5.51,-2.59,0.02,2.89,0.389,1,"0.414102564",,,"-0.414102564",,,,,34.1,,,,,,,
78,592332,"Gausman, Kevin",151,51.7,0.182,0.136,0.167,0.318,0.226,,,4,22,93.9,18.3,2270,93.5,93.09,7,45,33,-0.4000000000000057,6.24,112,148,122,148,296,322,295,"2.275","-2.275",,,,24,19,3,0,0,1,4,16.7,1,4.2,"1.18","1.45","0.81","-0.04","93.5",193,52.94117647058824,17.647058823529413,12.5,6.04,-2.47,-0.16,2.56,0.208,3,"-2.916666667",,,"2.916666667",,,,,15.6,,,,,,,
78,700327,"Herrera, Welinton",123,63.4,0.308,0.077,0.286,0.385,0.313,,,4,13,90.1,20.6,2300,96.3,95.9,8,37,41,-0.3999999999999915,6.12,107,146,118,144,304,319,290,"1.046","-1.046",,,,17,14,3,1,0,0,1,5.9,2,11.8,"1.19","1.27","0.86","-0.46","90.5",214,21.428571428571427,14.285714285714285,11.76470588235294,5.71,1.25,0.34,2.77,0.353,2,"-1.341025641",,,"1.341025641",,,,,21.6,,,,,,,
78,647336,"Soroka, Michael",230,33.9,0.333,0.278,0.417,0.611,0.443,,,6,18,87,29.2,2524,94.5,94.06,8,39,39,-0.4000000000000057,6.05,115,147,114,149,297,325,303,"-1.978","1.978",,,,21,13,4,0,1,1,5,23.8,3,14.3,"1.41","1.14","0.68","-0.28","89.7",209,30.76923076923077,7.6923076923076925,4.761904761904762,5.41,-2.7,0.21,2.84,0.429,1,"2.535897436",,,"-2.535897436",,,,,20.5,,,,,,,
78,676755,"Mattson, Isaac",107,72.9,0.143,0,0.333,0.143,0.165,,,2,14,98.7,24.5,2369,94,94.36,15,46,32,0.4000000000000057,6.75,115,150,124,151,290,313,284,"2.355","-2.355",,,,15,6,2,0,0,0,8,53.3,1,6.7,"1.02","1.59","0.78","-0.16","90.4",218,83.33333333333334,16.666666666666664,6.666666666666667,5.93,-1.32,-0.04,2.81,0.2,1,"-3.019230769",,,"3.019230769",,,,,32.6,,,,,,,
78,687273,"Mathews, Quinn",203,38.4,0.091,0.273,0,0.364,0.389,,,1,11,92.8,0.3,2155,94.4,94.81,15,32,46,0.3999999999999915,6.45,108,148,112,149,292,319,279,"-1.639","1.639",,,,18,6,0,0,0,1,5,27.8,5,27.8,"1.14","1.42","0.39","-0.16","91.7",192,33.33333333333333,0,0,5.58,1.23,-0.25,3.01,0.444,0,"2.101282051",,,"-2.101282051",,,,,46.9,,,,,,,
77,813349,"Early, Connelly",254,30.3,0.313,0.063,0.556,0.375,0.301,,,5,16,90.3,25.8,2310,95,95.73,10,37,40,0.7000000000000028,6.82,110,150,126,147,295,310,287,"-0.081","0.081",,,,16,9,4,1,0,0,7,43.8,0,0,"1.23","1.3","0.76","-0.41","90.7",201,33.33333333333333,11.11111111111111,6.25,5.65,2.5,-0.1,3,0.313,1,"0.105194805",,,"-0.105194805",,,,,27,,,,,,,
77,608379,"Wacha, Michael",284,27.1,0.176,0.059,0.3,0.235,0.278,,,3,17,92.2,38.3,2164,92.7,93.17,11,30,47,0.5,6.67,112,149,121,150,295,320,294,"1.694","-1.694",,,,21,10,2,1,0,0,7,33.3,4,19,"1.12","1.54","0.5","-0.08","93.0",199,50,0,0,6.58,-1.91,0,2.79,0.333,0,"-2.2",,,"2.2",,,,,36.7,,,,,,,
76,681347,"Burrows, Mike",280,27.1,0.158,0.105,0.167,0.263,0.204,,,3,19,93.4,13.8,2211,94.6,94.33,6,39,37,-0.29999999999999716,6.36,112,148,127,152,297,320,302,"1.479","-1.479",,,,20,18,2,0,1,0,1,5,1,5,"1.18","1.39","0.62","-0.29","92.8",164,61.111111111111114,11.11111111111111,10,5.89,-2.69,-0.05,2.9,0.2,2,"-1.946052632",,,"1.946052632",,,,,15.4,,,,,,,
76,682785,"Bastardo, Angel",144,52.8,0.125,0,0.154,0.125,0.278,,,2,16,90.3,12.3,2362,96.7,96.48,5,27,49,-0.20000000000000284,6.33,106,149,120,147,296,324,288,"0.884","-0.884",,,,24,13,2,0,0,0,4,16.7,7,29.2,"1.04","1.42","0.77","0.36","92.0",195,46.15384615384615,7.6923076923076925,4.166666666666666,5.88,-1.36,0.58,2.26,0.375,1,"-1.163157895",,,"1.163157895",,,,,18.5,,,,,,,
76,663574,"Santillan, Tony",124,61.3,0.25,0.3,0.333,0.55,0.371,,,5,20,94.2,7.6,2271,93.8,93.22,11,40,36,-0.5999999999999943,5.88,105,148,114,149,299,331,299,"-2.432","2.432",,,,22,11,3,0,0,2,9,40.9,2,9.1,"1.53","1.06","0.87","0.19","92.6",185,63.63636363636363,18.181818181818183,9.090909090909092,5.28,-2.43,-0.06,2.68,0.318,2,"3.2",,,"-3.2",,,,,27.5,,,,,,,
76,676106,"Hancock, Emerson",252,30.2,0.217,0.043,0.455,0.261,0.23,,,5,23,93.5,30.5,2408,95.4,95.04,26,51,25,-0.4000000000000057,6.09,110,147,116,146,299,324,303,"2.845","-2.845",,,,24,11,4,1,0,0,12,50,1,4.2,"1.6","0.9","0.95","0.05","93.9",224,72.72727272727273,9.090909090909092,4.166666666666666,5.44,-2.65,0.02,3.02,0.25,1,"-3.743421053",,,"3.743421053",,,,,51,,,,,,,
75,701121,"VanWey, Logan",156,48.1,0.364,0.364,0.545,0.727,0.453,,,8,22,97.6,21.1,2303,92.3,92.7,16,44,31,0.4000000000000057,6.68,107,146,121,146,288,317,287,"-3.093","3.093",,,,24,13,4,2,0,2,10,41.7,1,4.2,"1.55","1.14","0.85","0.06","93.7",243,61.53846153846154,23.076923076923077,12.5,5.01,-2.68,-0.17,2.93,0.375,3,"4.124",,,"-4.124",,,,,36.4,,,,,,,
75,660604,"Rangel, Alan",144,52.1,0.3,0.05,0.316,0.35,0.305,,,6,20,92.8,17.2,2318,93.8,94.03,3,37,38,0.20000000000000284,6.49,106,149,115,145,282,310,293,"0.604","-0.604",,,,21,19,5,1,0,0,1,4.8,1,4.8,"0.94","1.66","0.32","-0.08","92.7",161,63.1578947368421,10.526315789473683,9.523809523809524,6.19,0.43,0.37,2.53,0.333,2,"-0.805333333",,,"0.805333333",,,,,8.1,,,,,,,
75,681520,"Kelly, Antoine",167,44.9,0.188,0.063,0.3,0.25,0.292,,,3,16,86.2,5.5,2213,97.2,97.9,9,40,35,0.7000000000000028,6.65,110,151,121,148,297,321,294,"1.287","-1.287",,,,20,10,2,1,0,0,6,30,4,20,"1.35","1.06","0.55","-0.11","90.1",193,30,0,0,5.81,1.61,0.1,2.62,0.35,0,"-1.716",,,"1.716",,,,,22.5,,,,,,,
75,669373,"Skubal, Tarik",209,35.9,0.136,0.045,0.231,0.182,0.162,,,3,22,84.2,27.2,2301,96.6,96.52,13,49,26,-0.09999999999999432,6.28,108,151,123,147,295,321,279,"2.935","-2.935",,,,23,13,2,1,0,0,9,39.1,1,4.3,"1.01","1.43","0.31","-0.23","91.2",167,38.46153846153847,15.384615384615385,8.695652173913043,6.46,1.66,-0.03,2.88,0.174,2,"-3.913333333",,,"3.913333333",,,,,26.5,,,,,,,
75,571510,"Boyd, Matthew",157,47.8,0.364,0.182,0.412,0.545,0.406,,,8,22,96.2,17.9,2266,93.1,93.18,11,44,31,0.10000000000000853,6.33,107,153,117,147,303,329,303,"-2.351","2.351",,,,23,18,6,1,0,1,4,17.4,1,4.3,"1.56","1.07","1.04","-0.98","94.5",191,66.66666666666666,11.11111111111111,8.695652173913043,5.56,2.28,0.24,2.8,0.391,2,"3.134666667",,,"-3.134666667",,,,,25,,,,,,,
75,669093,"Estrada, Jeremiah",165,45.5,0.118,0.059,0.182,0.176,0.256,,,2,17,92.7,12.5,2112,95.8,96.67,11,39,36,0.9000000000000057,6.86,114,148,117,150,293,323,298,"1.133","-1.133",,,,22,11,1,1,0,0,6,27.3,5,22.7,"0.94","1.55","0.12","-0.06","90.5",187,27.27272727272727,0,0,6.04,-0.44,0.02,3.38,0.318,0,"-1.510666667",,,"1.510666667",,,,,28.2,,,,,,,
75,669165,"Hurt, Kyle",122,61.5,0.118,0,0.25,0.118,0.167,,,2,17,83.4,5,2063,96.4,96.75,11,35,40,0.3999999999999915,6.48,109,149,119,148,294,322,293,"2.271","-2.271",,,,19,8,2,0,0,0,9,47.4,2,10.5,"1.17","1.29","0.72","0.02","89.5",182,12.5,0,0,5.72,-1.19,0.17,2.65,0.211,0,"-3.028",,,"3.028",,,,,31.4,,,,,,,
75,669193,"Little, Jack",156,48.1,0.118,0,0.143,0.118,0.241,,,2,17,92.3,12.5,2235,93,92.72,7,38,37,-0.29999999999999716,6.19,108,149,122,149,293,323,289,"0.633","-0.633",,,,22,14,2,0,0,0,3,13.6,4,18.2,"1.49","1.16","0.83","0.08","91.9",184,57.14285714285714,0,0,5.16,-2.81,0.47,2.71,0.318,0,"-0.844",,,"0.844",,,,,18.4,,,,,,,
74,672487,"Olivárez, Helcris",139,53.2,0.412,0,0.538,0.412,0.431,,,7,17,91.3,1.8,2072,97.4,97.69,8,30,44,0.29999999999999716,6.48,110,147,116,145,290,313,292,"-2.145","2.145",,,,21,13,7,0,0,0,4,19,3,14.3,"1.34","1.06","0.92","-0.2","92.1",126,30.76923076923077,0,0,5.88,2.4,-0.14,2.33,0.524,0,"2.898648649",,,"-2.898648649",,,,,26.7,,,,,,,
74,665795,"Cabrera, Edward",293,25.3,0.313,0.438,0.231,0.75,0.42,,,5,16,98.3,23.8,2218,96.4,96.4,3,37,37,0,6.31,113,148,111,151,296,331,307,"-2.225","2.225",,,,17,15,2,1,0,2,2,11.8,0,0,"1.35","1.11","0.93","-0.36","94.2",202,73.33333333333333,33.33333333333333,29.411764705882355,5.96,-1.27,0.14,2.79,0.294,5,"3.006756757",,,"-3.006756757",,,,,8.1,,,,,,,
74,694477,"Patrick, Chad",263,28.1,0.385,0.692,0.286,1.077,0.626,,,5,13,95.1,35.1,2272,93.6,93.15,9,34,40,-0.5,5.98,114,148,121,150,302,316,300,"-3.87","3.87",,,,16,10,2,0,0,3,3,18.8,3,18.8,"1.32","1.28","0.74","-0.22","92.5",251,50,30,18.75,5.73,-0.89,0.15,3,0.5,3,"5.22972973",,,"-5.22972973",,,,,26.5,,,,,,,
74,666201,"Manoah, Alek",307,24.1,0.333,0.667,0.25,1,0.599,,,5,15,90.8,37.1,2301,91.2,92.24,6,33,41,1,6.97,109,143,115,147,295,322,301,"-4.487","4.487",,,,22,11,1,1,0,3,4,18.2,7,31.8,"1.3","1.45","0.44","-0.22","91.6",229,54.54545454545454,27.27272727272727,13.636363636363635,6.15,-2.24,-0.14,2.5,0.545,3,"6.063513514",,,"-6.063513514",,,,,18.2,,,,,,,
74,701288,"Webb, Jacob",156,47.4,0.182,0.364,0.2,0.545,0.407,,,2,11,94,13.8,2166,95.2,96.48,10,34,40,1.2999999999999972,7.12,108,144,115,144,291,320,285,"-0.192","0.192",,,,15,6,0,1,0,1,5,33.3,4,26.7,"1.26","1.26","0.83","0.18","90.7",229,66.66666666666666,16.666666666666664,6.666666666666667,5.69,-2.26,-0.34,2.88,0.4,1,"0.259459459",,,"-0.259459459",,,,,29.4,,,,,,,
74,671106,"Allen, Logan",236,31.4,0.611,0.722,0.538,1.333,0.804,,,11,18,94.8,22.4,2086,91.3,91.1,7,40,34,-0.20000000000000284,6.21,109,149,124,146,297,320,295,"-8.213","8.213",,,,21,17,6,1,0,4,1,4.8,3,14.3,"1.41","1.33","0.51","-0.23","93.1",222,58.82352941176471,29.411764705882355,23.809523809523807,5.63,2.18,0.06,2.9,0.667,5,"11.098648649",,,"-11.098648649",,,,,17.5,,,,,,,
74,694312,"Workman, Logan",140,52.9,0.417,0.167,0.385,0.583,0.457,,,5,12,88.9,3.8,2273,94.3,93.74,8,36,38,-0.5999999999999943,6.06,109,147,120,150,287,322,292,"-0.363","0.363",,,,16,13,3,2,0,0,0,0,2,12.5,"1.25","1.33","0.76","-0.11","90.8",163,50,8.333333333333332,6.25,5.94,-1.97,-0.05,3.05,0.5,1,"0.490540541",,,"-0.490540541",,,,,22.2,,,,,,,
74,696519,"Natera Jr., Samy",111,66.7,0.375,0.125,0.667,0.5,0.43,,,6,16,101.4,11.1,2215,95,95.33,12,38,36,0.29999999999999716,6.57,105,148,112,148,297,319,300,"-1.032","1.032",,,,19,9,4,2,0,0,7,36.8,3,15.8,"1.1","1.44","0.65","-0.2","93.7",191,88.88888888888889,11.11111111111111,5.263157894736842,6.15,1.08,0.27,2.48,0.474,1,"1.394594595",,,"-1.394594595",,,,,31.6,,,,,,,
73,623149,"Sewald, Paul",134,54.5,0.133,0,0.182,0.133,0.219,,,2,15,83.7,29.2,2519,91.3,91.28,9,42,31,0,6.26,112,149,121,149,302,324,299,"1.033","-1.033",,,,18,11,2,0,0,0,4,22.2,1,5.6,"1.8","0.94","0.98","0.2","88.9",201,9.090909090909092,0,0,4.45,-3.63,-0.06,3.15,0.278,0,"-1.415068493",,,"1.415068493",,,,,21.4,,,,,,,
73,694370,"Wells, Levi",209,34.9,0.278,0.056,0.357,0.333,0.331,,,5,18,94.7,29.2,2442,96.2,95.45,6,39,34,-0.7000000000000028,6.06,119,148,119,150,291,317,296,"-0.204","0.204",,,,21,14,4,1,0,0,4,19,2,9.5,"1.08","1.4","0.95","-0.21","92.5",203,57.14285714285714,0,0,5.84,-1.89,-0.03,2.51,0.381,0,"0.279452055",,,"-0.279452055",,,,,15.4,,,,,,,
73,667755,"Soriano, José",207,35.3,0.188,0.063,0.333,0.25,0.278,,,3,16,88.3,-2.2,2198,98.6,98.82,12,36,37,0.20000000000000284,6.53,108,146,112,145,303,327,302,"1.521","-1.521",,,,21,9,2,1,0,0,8,38.1,4,19,"1.28","1.07","0.6","0.08","89.5",183,22.22222222222222,0,0,5.96,-2.15,0.12,2.25,0.333,0,"-2.083561644",,,"2.083561644",,,,,33.3,,,,,,,
73,663436,"Martin, Davis",254,28.7,0.286,0.143,0.364,0.429,0.333,,,4,14,86.2,25.4,2373,94.1,94.34,8,31,42,0.20000000000000284,6.37,107,146,120,143,302,329,300,"0.103","-0.103",,,,15,11,2,2,0,0,3,20,1,6.7,"1.35","1.22","0.45","0.21","90.8",178,36.36363636363637,0,0,6.02,-2,0.19,2.71,0.333,0,"-0.14109589",,,"0.14109589",,,,,25.8,,,,,,,
73,663465,"Allard, Kolby",201,36.3,0.294,0.118,0.357,0.412,0.364,,,5,17,84.9,19.6,2021,90.7,90.47,6,33,40,-0.20000000000000284,6.19,115,151,119,146,297,324,292,"-0.25","0.25",,,,20,14,3,2,0,0,3,15,3,15,"1.51","1.26","0.39","-0.11","91.2",228,28.57142857142857,7.142857142857142,5,5.48,2.18,0.06,2.83,0.4,1,"0.342465753",,,"-0.342465753",,,,,18.2,,,,,,,
73,668678,"Gallen, Zac",185,39.5,0.4,0.6,0.333,1,0.591,,,6,15,97.1,15.9,2326,94.2,94.57,3,31,42,0.3999999999999915,6.52,115,148,115,150,308,327,311,"-3.524","3.524",,,,16,14,2,1,1,2,1,6.3,0,0,"1.23","1.34","0.34","-0.05","94.2",200,64.28571428571429,28.57142857142857,25,6.08,-2.52,0.31,2.38,0.438,4,"4.82739726",,,"-4.82739726",,,,,9.7,,,,,,,
73,672782,"Gómez, Yoendrys",166,44,0.267,0.133,0.444,0.4,0.388,,,4,15,82.3,20,2401,94.9,95.32,8,29,44,0.3999999999999915,6.73,110,148,122,149,297,321,287,"-0.208","0.208",,,,20,9,3,0,1,0,6,30,5,25,"1.14","1.41","0.69","-0.12","91.4",197,22.22222222222222,11.11111111111111,5,5.54,-1.82,0.14,2.45,0.45,1,"0.284931507",,,"-0.284931507",,,,,27.6,,,,,,,
73,668964,"Myers, Tobias",185,39.5,0.385,0,0.455,0.385,0.409,,,5,13,92.1,18.9,2215,92.1,92.36,3,25,48,0.30000000000001137,6.59,113,150,124,149,291,314,283,"-0.156","0.156",,,,16,11,5,0,0,0,2,12.5,3,18.8,"1","1.7","0.33","0.07","91.1",211,36.36363636363637,0,0,6.03,-0.84,-0.03,2.21,0.5,0,"0.21369863",,,"-0.21369863",,,,,12,,,,,,,
72,641941,"Pagán, Emilio",117,61.5,0.263,0.526,0.154,0.789,0.463,,,5,19,97.2,31,2512,93.8,94.67,2,38,34,0.9000000000000057,6.77,114,149,116,147,302,330,299,"-3.27","3.27",,,,21,16,1,1,0,3,3,14.3,1,4.8,"1.11","1.48","0.58","0.3","93.5",207,62.5,25,19.047619047619047,5.59,-1.44,-0.05,2.67,0.333,4,"4.541666667",,,"-4.541666667",,,,,5.3,,,,,,,
72,691799,"Taylor, Grant",159,45.3,0.308,0,0.333,0.308,0.332,,,4,13,92.7,11.1,2379,98.9,100.52,3,29,43,1.5999999999999943,7.14,115,146,118,147,299,325,299,"0.251","-0.251",,,,17,12,4,0,0,0,2,11.8,3,17.6,"0.94","1.38","0.13","0","92.0",185,50,0,0,5.86,-0.55,0.07,2.76,0.412,0,"-0.348611111",,,"0.348611111",,,,,10.3,,,,,,,
72,681517,"Leahy, Kyle",280,25.7,0.368,0.263,0.429,0.632,0.428,,,7,19,91.6,5.9,2181,93.6,95.52,5,34,38,1.9000000000000057,7.23,116,147,113,148,290,317,282,"-1.876","1.876",,,,19,15,4,2,0,1,4,21.1,0,0,"1.24","1.35","0.36","-0.08","93.2",189,46.666666666666664,6.666666666666667,5.263157894736842,5.68,-1.78,0.12,2.7,0.368,1,"2.605555556",,,"-2.605555556",,,,,14.7,,,,,,,
72,694361,"Klein, Will",141,51.1,0.167,0.167,0.154,0.333,0.238,,,3,18,94.7,4.4,2155,97.1,97.78,6,31,41,0.7000000000000028,6.74,115,150,118,149,294,322,297,"0.842","-0.842",,,,19,14,2,0,0,1,4,21.1,1,5.3,"1.07","1.35","0.72","0","93.5",166,57.14285714285714,7.142857142857142,5.263157894736842,5.78,-1.83,0.21,2.55,0.211,1,"-1.169444444",,,"1.169444444",,,,,19.4,,,,,,,
71,596295,"Gomber, Austin",228,31.1,0.333,0.75,0.111,1.083,0.609,,,4,12,90.6,8.4,2051,91,91.5,4,28,43,0.5,6.53,108,149,114,147,298,323,301,"-3.223","3.223",,,,15,12,1,0,0,3,0,0,3,20,"1.34","1.41","0.61","-0.23","94.6",234,66.66666666666666,25,20,6.78,1.64,0.23,2.31,0.467,3,"4.53943662",,,"-4.53943662",,,,,14.3,,,,,,,
71,668984,"Legumina, Casey",133,53.4,0.2,0.15,0.214,0.35,0.296,,,4,20,92,18.1,2360,94.1,94.58,6,34,37,0.5,6.57,113,147,120,148,294,323,298,"0.928","-0.928",,,,23,15,3,0,0,1,5,21.7,3,13,"1.49","1.09","0.9","-0.14","92.3",189,53.333333333333336,13.333333333333334,8.695652173913043,4.82,-1.94,-0.19,2.85,0.304,2,"-1.307042254",,,"1.307042254",,,,,17.6,,,,,,,
71,676962,"Brown, Ben",216,32.9,0.2,0.2,0.333,0.4,0.323,,,2,10,91.9,10,2168,97.1,97.42,6,23,48,0.30000000000001137,6.55,113,149,116,152,297,330,306,"-0.034","0.034",,,,12,6,1,0,1,0,4,33.3,2,16.7,"1.21","1.22","0.55","-0.29","91.2",209,33.33333333333333,0,0,6.4,-1.59,-0.32,3.28,0.333,0,"0.047887324",,,"-0.047887324",,,,,26.1,,,,,,,
71,605218,"Edwards Jr., Carl",144,49.3,0.1,0,0.125,0.1,0.229,,,1,10,88.9,43.4,2534,93,94.01,7,40,31,1,6.88,111,149,123,150,279,314,295,"2.049","-2.049",,,,14,8,1,0,0,0,2,14.3,3,21.4,"1.2","1.44","-0.05","0.02","90.2",195,22.22222222222222,0,0,6.38,-2.33,0.01,2.73,0.308,0,"-2.885915493",,,"2.885915493",,,,,17.5,,,,,,,
71,686613,"Brown, Hunter",216,32.9,0.214,0.071,0.6,0.286,0.277,,,3,14,99.9,16.8,2275,96.8,97.58,14,37,34,0.7999999999999972,6.78,116,148,118,152,284,319,294,"0.517","-0.517",,,,16,5,2,1,0,0,9,56.3,2,12.5,"1.05","1.39","0.71","-0.44","91.3",227,100,20,6.25,6.14,-1.75,-0.13,3.09,0.313,1,"-0.728169014",,,"0.728169014",,,,,37.8,,,,,,,
71,656550,"Holmes, Grant",269,26.4,0.188,0,0.231,0.188,0.312,,,3,16,96.9,25.4,2273,93.7,93.09,4,32,39,-0.6000000000000085,5.96,111,148,125,148,305,319,289,"1.168","-1.168",,,,22,13,3,0,0,0,3,13.6,6,27.3,"1.34","1.26","0.61","-0.05","94.7",186,53.84615384615385,15.384615384615385,9.090909090909092,5.92,-2.36,0.05,2.31,0.409,2,"-1.645070423",,,"1.645070423",,,,,12.5,,,,,,,
71,805673,"Matthews, Zebby",200,35.5,0.333,0,0.385,0.333,0.344,,,5,15,90.9,27.9,2159,95,95.04,3,38,33,0,6.44,113,149,123,148,289,319,289,"0.967","-0.967",,,,17,13,5,0,0,0,2,11.8,2,11.8,"1.18","1.36","0.61","0.11","91.1",220,30.76923076923077,7.6923076923076925,5.88235294117647,6.05,-1.7,0.21,2.82,0.412,1,"-1.361971831",,,"1.361971831",,,,,7.9,,,,,,,
70,822038,"Lambert, Ryan",91,76.9,0.125,0,0.333,0.125,0.307,,,1,8,82.7,23.7,2546,97.3,96.32,9,28,42,-1,5.99,111,149,120,149,290,310,275,"0.29","-0.29",,,,12,3,1,0,0,0,5,41.7,4,33.3,"0.79","1.64","0.25","0.01","89.0",146,0,0,0,6.3,-1.84,0.32,2.52,0.417,0,"-0.414285714",,,"0.414285714",,,,,32.1,,,,,,,
70,656876,"Rasmussen, Drew",214,32.7,0.273,0.182,0.3,0.455,0.342,,,3,11,87.8,26.3,2389,94.9,95.45,4,30,40,0.5,6.54,109,150,114,148,287,319,292,"0.94","-0.94",,,,12,10,1,2,0,0,1,8.3,1,8.3,"1.1","1.43","0.38","0.07","91.5",198,40,10,8.333333333333332,6.1,-1.65,0.13,2.54,0.333,1,"-1.342857143",,,"1.342857143",,,,,13.3,,,,,,,
70,687866,"Yeager, Justin",126,55.6,0.278,0.111,0.417,0.389,0.347,,,5,18,89.2,16.9,2189,94.8,94.44,8,33,37,-0.3999999999999915,6.17,114,149,122,149,294,320,298,"-0.688","0.688",,,,21,12,3,2,0,0,6,28.6,3,14.3,"1.13","1.41","0.76","0.05","91.7",190,41.66666666666667,25,14.285714285714285,6.08,-1.64,0.13,2.66,0.381,3,"0.982857143",,,"-0.982857143",,,,,24.2,,,,,,,
70,641401,"Brogdon, Connor",163,42.9,0.25,0,0.5,0.25,0.277,,,4,16,93.1,9.3,2202,94.3,95.05,13,34,36,0.7000000000000028,6.77,108,150,119,148,294,322,296,"0.955","-0.955",,,,18,8,4,0,0,0,8,44.4,1,5.6,"1.2","1.37","0.71","0.11","91.2",173,50,0,0,6,-2.63,0.07,2.76,0.333,0,"-1.364285714",,,"1.364285714",,,,,38.2,,,,,,,
69,521230,"Hendriks, Liam",136,50.7,0.25,0.083,0.273,0.333,0.386,,,3,12,96.8,13,2273,93.9,94.96,2,29,40,1.0999999999999943,6.94,109,141,111,143,286,319,279,"-0.276","0.276",,,,17,11,2,1,0,0,1,5.9,4,23.5,"1.16","1.43","0.61","-0.07","93.5",180,72.72727272727273,9.090909090909092,5.88235294117647,5.99,-1.7,-0.03,2.79,0.471,1,"0.4",,,"-0.4",,,,,6.9,,,,,,,
69,693686,"Miles, Spencer",186,37.1,0.091,0,0.143,0.091,0.215,,,1,11,89.4,38.1,2220,95.9,96.62,8,32,37,0.6999999999999886,6.74,116,147,121,148,288,323,289,"0.975","-0.975",,,,14,7,1,0,0,0,4,28.6,2,14.3,"1.25","1.23","0.71","-0.38","89.6",202,14.285714285714285,0,0,5.95,-1.36,0.4,3.04,0.286,0,"-1.413043478",,,"1.413043478",,,,,25,,,,,,,
69,687239,"Peoples, Ben",112,61.6,0.412,0.118,0.5,0.529,0.477,,,7,17,88,16.4,2346,95.8,96.36,6,30,39,0.6000000000000085,6.58,110,148,122,148,296,322,299,"-2.996","2.996",,,,22,14,5,2,0,0,3,13.6,4,18.2,"1.07","1.41","0.04","-0.07","91.6",206,35.714285714285715,0,0,6.16,-0.91,0.25,3.04,0.545,0,"4.342028986",,,"-4.342028986",,,,,20,,,,,,,
69,656686,"Martin, Corbin",139,49.6,0.231,0.154,0.429,0.385,0.342,,,3,13,97,4.6,2457,95.1,95.72,12,29,40,0.6000000000000085,6.5,114,151,117,150,298,329,300,"-0.232","0.232",,,,16,7,2,0,1,0,6,37.5,3,18.8,"1.34","1.17","0.1","-0.04","93.4",158,42.857142857142854,14.285714285714285,6.25,5.85,-1.22,0.19,2.53,0.375,1,"0.336231884",,,"-0.336231884",,,,,41.4,,,,,,,
69,685464,"Winquest, Cade",177,39,0.25,0.063,0.333,0.313,0.317,,,4,16,88,-8.7,2447,95.2,96.21,7,38,31,1,6.75,109,147,122,148,290,326,286,"0.669","-0.669",,,,19,12,3,1,0,0,4,21.1,3,15.8,"1.23","1.27","0.4","0.03","90.8",161,41.66666666666667,8.333333333333332,5.263157894736842,5.37,-0.86,0.21,2.87,0.368,1,"-0.969565217",,,"0.969565217",,,,,18.4,,,,,,,
69,687396,"Headrick, Brent",135,51.1,0.111,0.167,0.143,0.278,0.163,,,2,18,96.3,2.4,2374,94.6,95.43,9,37,32,0.8000000000000114,6.9,102,147,120,145,297,314,279,"2.818","-2.818",,,,18,8,1,0,0,1,10,55.6,0,0,"1.06","1.5","0.71","-0.46","91.0",209,50,12.5,5.555555555555555,6.36,1.62,0.07,2.4,0.111,1,"-4.084057971",,,"4.084057971",,,,,24.3,,,,,,,
68,678020,"Halvorsen, Seth",149,45.6,0.3,0.5,0.25,0.8,0.562,,,3,10,93.8,5.6,2253,99.1,99.93,3,28,40,0.8000000000000114,6.81,109,147,114,147,300,321,274,"-2.755","2.755",,,,18,9,1,0,1,1,1,5.6,8,44.4,"1.14","1.19","0.93","0.04","91.8",182,66.66666666666666,11.11111111111111,5.555555555555555,5.93,-2.23,0.09,2.72,0.611,1,"4.051470588",,,"-4.051470588",,,,,10.7,,,,,,,
68,805123,"Blubaugh, AJ",153,44.4,0.133,0,0.182,0.133,0.155,,,2,15,91.2,28.5,2251,94.9,95.27,7,33,35,0.3999999999999915,6.68,109,149,121,148,298,327,295,"1.999","-1.999",,,,16,11,2,0,0,0,4,25,1,6.3,"1.1","1.45","0.92","0.24","91.9",213,36.36363636363637,0,0,6.05,-2.51,-0.22,2.81,0.188,0,"-2.939705882",,,"2.939705882",,,,,21.2,,,,,,,
68,657756,"Seabold, Connor",152,44.7,0.385,0.077,0.714,0.462,0.451,,,5,13,80.2,24.4,2180,94.1,93.71,14,31,37,-0.3999999999999915,6.13,109,148,121,146,290,317,291,"-1.228","1.228",,,,17,7,4,1,0,0,6,35.3,2,11.8,"1.16","1.42","0.81","-0.01","90.3",177,42.857142857142854,0,0,5.54,-2.79,-0.2,3.12,0.529,0,"1.805882353",,,"-1.805882353",,,,,45.2,,,,,,,
68,656848,"Petersen, Michael",148,45.9,0.211,0.158,0.25,0.368,0.31,,,4,19,88.1,14.5,2291,97,97,5,34,34,0,6.35,114,147,124,147,284,315,289,"0.242","-0.242",,,,22,13,3,0,0,1,6,27.3,3,13.6,"0.91","1.52","0.67","0.21","91.3",194,46.15384615384615,7.6923076923076925,4.545454545454546,6.68,-0.92,-0.28,2.8,0.318,1,"-0.355882353",,,"0.355882353",,,,,14.7,,,,,,,
68,676917,"Cavalli, Cade",186,36.6,0.08,0.04,0.118,0.12,0.132,,,2,25,86.2,13.5,2379,96.6,96.69,5,36,32,0.10000000000000853,6.41,112,146,116,149,293,327,298,"3.817","-3.817",,,,27,17,1,1,0,0,8,29.6,1,3.7,"1.16","1.29","0.36","-0.03","92.0",149,41.17647058823529,17.647058823529413,11.11111111111111,6.09,-2.73,0.16,2.28,0.148,3,"-5.613235294",,,"5.613235294",,,,,13.9,,,,,,,
68,689520,"Laweryson, Cody",113,60.2,0.063,0.188,0,0.25,0.128,,,1,16,93.3,5.4,2291,93.1,92.83,11,33,35,-0.29999999999999716,6.32,111,149,123,149,288,317,277,"1.42","-1.42",,,,16,10,0,0,0,1,6,37.5,0,0,"1.37","1.28","1.06","0.4","92.4",166,50,10,6.25,5.43,-1.71,-0.13,2.71,0.063,1,"-2.088235294",,,"2.088235294",,,,,33.3,,,,,,,
68,595345,"Okert, Steven",158,43,0.4,0.2,0.429,0.6,0.475,,,6,15,92,18,2172,89.6,89.81,5,29,39,0.20000000000000284,6.37,113,148,119,147,293,321,283,"-2.014","2.014",,,,18,14,3,3,0,0,1,5.6,3,16.7,"1.55","1.28","0.54","-0.2","92.4",178,42.857142857142854,7.142857142857142,5.555555555555555,5.87,3.02,-0.16,2.87,0.5,1,"2.961764706",,,"-2.961764706",,,,,17.2,,,,,,,
67,700249,"Povich, Cade",153,43.8,0.111,0,0.167,0.111,0.208,,,1,9,80.6,30,2466,92,91.85,5,29,38,-0.20000000000000284,6.35,109,150,120,146,287,312,291,"1.112","-1.112",,,,11,6,1,0,0,0,3,27.3,2,18.2,"1.17","1.54","0.42","-0.23","89.0",197,33.33333333333333,0,0,6.08,1.03,-0.09,2.67,0.273,0,"-1.659701493",,,"1.659701493",,,,,17.2,,,,,,,
67,663978,"Paddack, Chris",200,33.5,0.118,0,0.222,0.118,0.138,,,2,17,83.4,8.7,2178,93.4,94.34,11,35,32,0.8999999999999915,6.84,108,147,124,148,288,316,285,"3.193","-3.193",,,,18,9,2,0,0,0,8,44.4,1,5.6,"1.07","1.54","0.62","-0.02","89.1",150,11.11111111111111,0,0,6.28,-1.87,0.08,3.2,0.167,0,"-4.765671642",,,"4.765671642",,,,,31.4,,,,,,,
67,678022,"Perkins, Jack",182,36.8,0.25,0.063,0.286,0.313,0.336,,,4,16,85.1,14.3,2168,96.2,96.12,8,36,31,-0.10000000000000853,6.25,106,150,119,147,294,317,290,"0.328","-0.328",,,,20,14,3,1,0,0,2,10,4,20,"1.3","1.17","0.74","0.21","90.4",198,35.714285714285715,0,0,5.48,-2.01,0.36,2.68,0.4,0,"-0.489552239",,,"0.489552239",,,,,22.2,,,,,,,
66,657746,"Ryan, Joe",175,37.7,0.235,0.235,0.231,0.471,0.359,,,4,17,92.1,24.9,2278,92.3,92.51,5,41,25,0.20000000000000284,6.58,121,146,119,152,290,323,289,"-0.884","0.884",,,,20,14,2,1,0,1,3,15,3,15,"1.54","1.15","1","-0.14","91.3",223,42.857142857142854,21.428571428571427,15,4.95,-2.46,0.29,2.76,0.35,3,"1.339393939",,,"-1.339393939",,,,,12.2,,,,,,,
66,682608,"Gray, Peyton",157,42,0.105,0.105,0.2,0.211,0.133,,,2,19,96.6,16.5,2135,93.1,93.55,6,33,33,0.5999999999999943,6.72,120,149,122,150,306,324,304,"3.408","-3.408",,,,19,10,0,2,0,0,9,47.4,0,0,"1.36","1.28","0.94","-0.02","92.8",189,70,0,0,5.63,-2.78,-0.14,2.51,0.105,0,"-5.163636364",,,"5.163636364",,,,,18.2,,,,,,,
66,670810,"Gillaspie, Logan",237,27.8,0.4,0.267,0.625,0.667,0.526,,,6,15,95.6,6.4,2177,95.2,95.15,9,33,33,0,6.28,120,149,124,150,300,322,295,"-2.777","2.777",,,,21,9,4,1,0,1,6,28.6,6,28.6,"1.21","1.31","0.56","-0.03","92.8",189,44.44444444444444,11.11111111111111,4.761904761904762,5.92,-1.08,0.25,2.92,0.571,1,"4.207575758",,,"-4.207575758",,,,,27.3,,,,,,,
66,802686,"Harris, Hayden",105,62.9,0.091,0,0.333,0.091,0.132,,,1,11,80.5,42.3,2109,91.7,92.71,10,26,40,1,6.99,109,150,120,147,302,327,292,"2.298","-2.298",,,,12,3,1,0,0,0,8,66.7,1,8.3,"1.66","1.06","1","-0.71","89.3",178,33.33333333333333,0,0,4.6,2.73,0.25,2.8,0.167,0,"-3.481818182",,,"3.481818182",,,,,38.5,,,,,,,
65,671109,"Eder, Jake",132,49.2,0.267,0,0.364,0.267,0.314,,,4,15,89.1,15.2,2020,94,94.9,6,35,30,0.9000000000000057,6.79,109,148,118,149,287,312,288,"-0.165","0.165",,,,19,11,4,0,0,0,4,21.1,3,15.8,"1.41","1.17","0.76","0.05","90.5",166,25,0,0,5.94,1.1,-0.31,2.51,0.389,0,"0.253846154",,,"-0.253846154",,,,,17.1,,,,,,,
65,682052,"Lopez, Jacob",166,39.2,0.188,0.063,0.273,0.25,0.22,,,3,16,92.7,18.4,2126,90.3,91.24,6,25,40,0.9000000000000057,6.94,109,150,117,148,296,326,293,"0.78","-0.78",,,,17,11,2,1,0,0,5,29.4,1,5.9,"1.79","1.02","1.04","-0.04","92.3",219,45.45454545454545,9.090909090909092,5.88235294117647,5.33,3.52,0.27,2.78,0.235,1,"-1.2",,,"1.2",,,,,24,,,,,,,
65,675911,"Strider, Spencer",141,46.1,0.385,0.154,0.385,0.538,0.412,,,5,13,95,20.2,2216,94.5,95.44,2,34,31,0.9000000000000057,6.91,116,150,121,147,309,320,294,"-0.662","0.662",,,,16,13,3,2,0,0,1,6.3,2,12.5,"1.13","1.43","0.73","-0.02","92.2",221,46.15384615384615,0,0,5.88,-1.54,0.14,3.07,0.438,0,"1.018461538",,,"-1.018461538",,,,,5.9,,,,,,,
65,694795,"Ekness, Josh",171,38,0.176,0.118,0.3,0.294,0.253,,,3,17,86,28.8,2501,96.7,97.26,16,37,28,0.5999999999999943,6.57,118,148,125,150,287,309,286,"1.092","-1.092",,,,19,10,1,2,0,0,7,36.8,2,10.5,"1.13","1.31","0.69","-0.09","90.5",196,20,10,5.263157894736842,5.41,-3.02,-0.17,2.76,0.263,1,"-1.68",,,"1.68",,,,,43.2,,,,,,,
65,681751,"Estrada, Lazaro",161,40.4,0.429,0.333,0.412,0.762,0.518,,,9,21,92.5,24.6,2300,93.2,92.82,6,39,26,-0.4000000000000057,6.09,111,149,125,146,289,326,291,"-3.997","3.997",,,,22,19,6,1,0,2,2,9.1,1,4.5,"1","1.63","0.73","0.21","93.6",211,47.368421052631575,15.789473684210526,13.636363636363635,5.83,-0.66,0.01,2.7,0.455,3,"6.149230769",,,"-6.149230769",,,,,15.4,,,,,,,
64,663567,"Lambert, Peter",211,30.3,0.316,0,0.353,0.316,0.306,,,6,19,96.3,19.9,2282,95.1,94.69,6,35,29,-0.3999999999999915,6.08,110,146,118,147,294,323,295,"1.027","-1.027",,,,22,17,6,0,0,0,3,13.6,2,9.1,"1.1","1.42","0.71","-0.01","95.0",218,58.82352941176471,17.647058823529413,13.636363636363635,6.1,-0.97,-0.05,3.02,0.364,3,"-1.6046875",,,"1.6046875",,,,,17.1,,,,,,,
64,676979,"Crochet, Garrett",224,28.6,0.333,0.467,0.333,0.8,0.492,,,5,15,94.4,25.2,2381,95.5,96.35,7,27,37,0.9000000000000057,6.72,109,151,124,146,280,311,295,"-2.648","2.648",,,,16,11,2,1,0,2,4,25,0,0,"1.23","1.27","0.51","-0.4","92.2",209,45.45454545454545,18.181818181818183,12.5,6.21,2.43,0.55,3.35,0.375,2,"4.1375",,,"-4.1375",,,,,25.9,,,,,,,
64,695380,"Hoppe, Alex",140,45.7,0.2,0,0.222,0.2,0.326,,,2,10,91,-9.8,2160,98,98.35,6,28,36,0.29999999999999716,6.49,107,148,118,146,295,320,300,"-0.343","0.343",,,,14,9,2,0,0,0,1,7.1,4,28.6,"1.15","1.22","0.35","0.08","91.8",139,44.44444444444444,0,0,5.85,-1.11,0.45,2.37,0.429,0,"0.5359375",,,"-0.5359375",,,,,21.4,,,,,,,
64,700241,"McGreevy, Michael",280,22.9,0.5,0.375,0.75,0.875,0.602,,,4,8,97.1,25.8,2234,91.1,91.67,4,19,45,0.6000000000000085,6.6,112,147,116,149,288,320,296,"-1.735","1.735",,,,9,5,3,0,0,1,3,33.3,1,11.1,"1.68","1.07","0.69","-0.16","93.8",242,60,60,33.33333333333333,5.84,-2.15,-0.2,3.12,0.556,3,"2.7109375",,,"-2.7109375",,,,,21.1,,,,,,,
64,686563,"Cannon, Jonathan",203,31.5,0.333,0.333,0.286,0.667,0.453,,,3,9,92.1,25.4,2296,94.4,94.2,7,30,34,-0.20000000000000284,6.14,107,147,122,145,307,331,298,"-0.369","0.369",,,,10,8,2,0,0,1,1,10,1,10,"1.43","1.13","0.6","0.18","91.2",199,62.5,0,0,6.01,-2.24,0.13,3.05,0.4,0,"0.5765625",,,"-0.5765625",,,,,23.3,,,,,,,
64,673929,"Leasure, Jordan",131,48.9,0.25,0.25,0.267,0.5,0.317,,,5,20,90.6,26.2,2290,95.1,95.88,7,34,30,0.8000000000000114,6.78,111,149,118,148,296,329,298,"0.228","-0.228",,,,20,16,2,2,0,1,4,20,0,0,"1.03","1.49","0.21","0.07","92.9",207,37.5,25,20,5.95,-0.98,0.11,2.77,0.25,4,"-0.35625",,,"0.35625",,,,,20.6,,,,,,,
63,663559,"Falter, Bailey",148,42.6,0.273,0.136,0.313,0.409,0.295,,,6,22,83,5.7,2089,92.9,94.48,8,38,25,1.5999999999999943,7.23,111,150,120,148,296,319,291,"1.244","-1.244",,,,22,17,5,0,0,1,5,22.7,0,0,"1.17","1.47","0.36","-0.07","90.7",154,29.411764705882355,11.76470588235294,9.090909090909092,5.75,1.52,-0.27,3.08,0.273,2,"-1.974603175",,,"1.974603175",,,,,21.1,,,,,,,
63,683232,"Mears, Nick",154,40.9,0.385,0.462,0.3,0.846,0.544,,,5,13,91.7,21.2,2168,94.7,94.9,4,31,32,0.20000000000000284,6.46,114,147,119,148,294,321,288,"-1.559","1.559",,,,15,12,3,0,0,2,1,6.7,2,13.3,"1.09","1.45","0.57","-0.04","92.3",206,41.66666666666667,16.666666666666664,13.333333333333334,6.31,-1.82,0.21,2.35,0.467,2,"2.474603175",,,"-2.474603175",,,,,12.9,,,,,,,
63,669461,"Liberatore, Matthew",209,30.1,0.071,0,0.1,0.071,0.106,,,1,14,93.9,19.9,2118,94,94.12,8,31,32,0.09999999999999432,6.3,109,150,118,148,287,308,279,"2.262","-2.262",,,,15,10,1,0,0,0,4,26.7,1,6.7,"1.2","1.38","0.35","-0.08","93.2",202,70,10,6.666666666666667,6.68,0.26,-0.18,2.87,0.133,1,"-3.59047619",,,"3.59047619",,,,,25.8,,,,,,,
63,668470,"Danner, Hagen",142,44.4,0.188,0.313,0.222,0.5,0.329,,,3,16,97.8,10.8,2199,96.7,97.18,7,28,35,0.5,6.54,110,145,116,145,297,328,298,"1.061","-1.061",,,,18,10,1,0,1,1,6,33.3,2,11.1,"1.08","1.35","0.55","-0.06","94.1",162,70,10,5.555555555555555,6.05,-1.07,0.1,2.14,0.278,1,"-1.684126984",,,"1.684126984",,,,,25,,,,,,,
63,595928,"Curtiss, John",139,45.3,0.267,0.333,0.273,0.6,0.379,,,4,15,93.8,25.2,2318,92.2,92.51,8,34,29,0.29999999999999716,6.49,115,149,122,151,293,319,303,"-1.253","1.253",,,,18,12,2,0,1,1,4,22.2,2,11.1,"1.23","1.45","0.57","-0.13","93.3",208,41.66666666666667,0,0,6.35,-2.34,0.16,2.88,0.333,0,"1.988888889",,,"-1.988888889",,,,,23.5,,,,,,,
63,690155,"Pushard, Matt",146,43.2,0.333,0.389,0.385,0.722,0.467,,,6,18,94.2,21.6,2171,94.2,94.37,7,42,21,0.20000000000000284,6.4,111,148,114,149,290,312,288,"-1.644","1.644",,,,20,14,2,2,1,1,4,20,2,10,"1.19","1.38","0.84","-0.12","91.7",217,50,21.428571428571427,15,6.2,-1.62,0.02,2.51,0.4,3,"2.60952381",,,"-2.60952381",,,,,16.7,,,,,,,
63,801434,"Gervase, Paul",150,42,0.167,0,0.25,0.167,0.191,,,2,12,97.9,10.1,2153,93.4,95.58,11,28,35,2.1999999999999886,7.64,113,151,122,150,299,331,299,"1.509","-1.509",,,,13,8,2,0,0,0,4,30.8,1,7.7,"1.27","1.36","0.42","0.04","92.9",197,50,25,15.384615384615385,5.92,-2.24,0.06,2.83,0.231,2,"-2.395238095",,,"2.395238095",,,,,39.3,,,,,,,
63,641816,"Mahle, Tyler",160,39.4,0.167,0.167,0.25,0.333,0.405,,,1,6,92.1,35.5,2259,91.9,92.29,2,15,48,0.3999999999999915,6.62,109,150,119,150,305,330,298,"-0.291","0.291",,,,10,4,0,1,0,0,2,20,4,40,"1.33","1.38","0.83","0.17","90.5",175,25,25,10,5.48,-1.64,0.2,2.53,0.5,1,"0.461904762",,,"-0.461904762",,,,,13.3,,,,,,,
63,694680,"Martin, Trevor",138,45.7,0.385,0.231,0.5,0.615,0.425,,,5,13,88.6,27.1,2191,95.5,96.08,11,37,26,0.5999999999999943,6.67,112,149,117,147,287,322,293,"-1.069","1.069",,,,13,10,3,1,1,0,3,23.1,0,0,"1.19","1.31","0.67","0.07","90.4",209,30,10,7.6923076923076925,5.69,-1.65,0.08,2.9,0.385,1,"1.696825397",,,"-1.696825397",,,,,29.7,,,,,,,
63,676051,"Heuer, Codi",149,42.3,0.421,0.211,0.412,0.632,0.488,,,8,19,98.1,10.4,2467,96.3,97.52,3,31,32,1.2000000000000028,7.04,114,149,122,148,296,321,298,"-1.907","1.907",,,,22,18,6,1,0,1,1,4.5,3,13.6,"1.29","1.18","1.01","0.09","95.2",194,55.55555555555556,16.666666666666664,13.636363636363635,5.78,-1.67,0.03,2.51,0.5,3,"3.026984127",,,"-3.026984127",,,,,9.7,,,,,,,
63,642759,"Fernández, Julian",110,57.3,0.231,0.077,0.25,0.308,0.296,,,3,13,92.8,9.1,2303,95.6,95.76,6,30,33,0.20000000000000284,6.43,112,148,115,151,294,322,295,"0.314","-0.314",,,,15,12,2,1,0,0,1,6.7,2,13.3,"1.15","1.35","0.38","-0.13","95.0",184,58.333333333333336,0,0,6.44,-1.76,-0.01,2.5,0.333,0,"-0.498412698",,,"0.498412698",,,,,20,,,,,,,
63,665645,"Castro, Kervin",141,44.7,0.214,0,0.273,0.214,0.28,,,3,14,90.3,2.5,2321,94.1,94.62,8,32,31,0.5,6.6,112,148,125,151,283,312,288,"1.294","-1.294",,,,17,11,3,0,0,0,3,17.6,3,17.6,"1.24","1.33","0.01","0","91.5",170,36.36363636363637,0,0,5.87,-1.09,0.21,2.43,0.353,0,"-2.053968254",,,"2.053968254",,,,,25,,,,,,,
62,669302,"Gilbert, Logan",196,31.6,0.4,0.5,0.375,0.9,0.589,,,4,10,94.5,17.7,2149,95.9,98.06,8,27,35,2.1999999999999886,7.46,109,144,113,145,294,325,297,"-3.038","3.038",,,,14,9,2,0,1,1,1,7.1,3,21.4,"1.09","1.39","0.35","0.03","93.7",201,66.66666666666666,22.22222222222222,14.285714285714285,6.23,-0.85,-0.48,2.66,0.571,2,"4.9",,,"-4.9",,,,,29.6,,,,,,,
62,621016,"Cuas, Jose",153,40.5,0.143,0,0.25,0.143,0.217,,,2,14,86.8,8.9,2297,92.1,92.11,13,35,27,0,6.36,112,144,119,148,288,315,298,"0.652","-0.652",,,,18,8,2,0,0,0,7,38.9,2,11.1,"1.95","0.75","0.95","-0.57","89.8",182,37.5,0,0,4.06,-4.19,-0.24,2.95,0.278,0,"-1.051612903",,,"1.051612903",,,,,37.1,,,,,,,
62,683352,"Bratt, Mitch",137,45.3,0.231,0.077,0.333,0.308,0.364,,,3,13,82.3,17.9,2249,90.6,90.13,7,32,30,-0.5,5.99,111,148,119,147,300,323,302,"-0.888","0.888",,,,18,9,2,1,0,0,4,22.2,4,22.2,"1.51","1.26","0.4","-0.17","90.5",186,22.22222222222222,0,0,5.49,2.6,-0.15,2.84,0.444,0,"1.432258065",,,"-1.432258065",,,,,21.9,,,,,,,
62,666661,"Morillo, Juan",139,44.6,0.273,0.091,0.429,0.364,0.341,,,3,11,92.7,16.3,2172,98.4,98.25,7,31,31,-0.10000000000000853,6.25,114,146,122,150,298,325,306,"0.591","-0.591",,,,13,7,2,1,0,0,4,30.8,2,15.4,"1.03","1.33","0.43","-0.16","90.9",213,42.857142857142854,14.285714285714285,7.6923076923076925,5.85,-1.74,-0.18,2.54,0.385,1,"-0.953225806",,,"0.953225806",,,,,22.6,,,,,,,
62,641927,"Ober, Bailey",217,28.6,0.385,0.308,0.364,0.692,0.492,,,5,13,91.1,29.8,2288,89.1,90.33,7,32,30,1.2000000000000028,7.06,113,149,119,150,285,320,287,"-1.787","1.787",,,,15,12,3,1,0,1,1,6.7,2,13.3,"1.5","1.37","0.62","-0.06","91.9",170,41.66666666666667,8.333333333333332,6.666666666666667,5.95,-1.58,0.04,3.19,0.467,1,"2.882258065",,,"-2.882258065",,,,,21.9,,,,,,,
62,681911,"Vesia, Alex",114,54.4,0.167,0,0.25,0.167,0.227,,,3,18,89.4,37.8,2430,90.8,90.73,9,32,30,-0.09999999999999432,6.45,108,149,121,147,297,321,291,"1.455","-1.455",,,,21,12,3,0,0,0,6,28.6,3,14.3,"0.99","1.79","0.42","-0.12","90.9",229,33.33333333333333,0,0,6.04,0.29,-0.06,2.97,0.286,0,"-2.346774194",,,"2.346774194",,,,,28.1,,,,,,,
61,694536,"Baker, Trent",100,61,0.143,0.071,0.167,0.214,0.222,,,2,14,85.9,39.9,2350,96.3,96.08,6,33,28,-0.20000000000000284,6.4,108,146,121,146,292,318,280,"2.046","-2.046",,,,16,12,1,1,0,0,2,12.5,2,12.5,"1.28","1.2","1.22","-0.15","90.1",211,33.33333333333333,0,0,5.29,-1.75,-0.09,2.49,0.25,0,"-3.354098361",,,"3.354098361",,,,,18.2,,,,,,,
61,686751,"Johnson, Seth",147,41.5,0.214,0.214,0.167,0.429,0.368,,,3,14,84.1,18,2365,98,98.11,6,30,31,0.09999999999999432,6.39,110,147,118,149,282,309,284,"0.316","-0.316",,,,18,13,2,0,0,1,1,5.6,4,22.2,"0.94","1.43","0.7","-0.34","90.4",195,30.76923076923077,15.384615384615385,11.11111111111111,5.68,-1.01,0.34,2.83,0.389,2,"-0.518032787",,,"0.518032787",,,,,20,,,,,,,
61,678368,"Bellozo, Valente",256,23.8,0.2,0.2,0.25,0.4,0.291,,,4,20,91.7,24,2091,90.7,90.06,5,35,26,-0.6000000000000085,5.9,113,149,118,149,299,320,290,"0.651","-0.651",,,,22,16,1,2,1,0,4,18.2,2,9.1,"1.44","1.33","0.37","-0.06","91.6",204,43.75,6.25,4.545454545454546,5.92,-1.02,0.23,2.56,0.273,1,"-1.067213115",,,"1.067213115",,,,,14.3,,,,,,,
61,686610,"Waldichuk, Ken",151,40.4,0.3,0,0.429,0.3,0.339,,,3,10,95.2,0.8,2441,94.2,94.43,5,21,40,0.20000000000000284,6.68,110,148,114,151,297,323,299,"-0.097","0.097",,,,12,7,3,0,0,0,3,25,2,16.7,"1.16","1.44","0.82","-0.01","92.5",177,66.66666666666666,0,0,5.85,2.01,-0.08,2.72,0.417,0,"0.159016393",,,"-0.159016393",,,,,23.8,,,,,,,
61,642547,"Peralta, Freddy",130,46.9,0.1,0,0.143,0.1,0.118,,,2,20,85,27.7,2376,93.4,93.9,10,32,29,0.5,6.6,115,149,125,150,291,320,296,"3.055","-3.055",,,,21,14,2,0,0,0,6,28.6,1,4.8,"1.27","1.34","0.61","-0.15","91.1",212,30.76923076923077,7.6923076923076925,4.761904761904762,5.41,-3.59,-0.42,2.92,0.143,1,"-5.008196721",,,"5.008196721",,,,,31.3,,,,,,,
61,683742,"Franco, Jose",118,51.7,0.273,0,0.333,0.273,0.259,,,3,11,89,6.8,2334,95.7,95.98,9,35,26,0.29999999999999716,6.33,102,145,117,149,291,332,303,"0.517","-0.517",,,,13,9,3,0,0,0,3,23.1,1,7.7,"1.13","1.34","0.73","-0.25","90.9",157,33.33333333333333,0,0,6.06,-0.82,0.14,2.64,0.308,0,"-0.847540984",,,"0.847540984",,,,,25.7,,,,,,,
61,660896,"Alcala, Jorge",145,42.1,0.5,0.417,0.5,0.917,0.622,,,6,12,87.5,46.2,2340,95.2,93.91,4,31,30,-1.2999999999999972,5.72,113,147,120,146,293,321,289,"-3.615","3.615",,,,15,11,3,2,0,1,1,6.7,3,20,"1.1","1.44","0.68","-0.15","92.4",225,50,10,6.666666666666667,6.6,-1.31,0.14,2.9,0.6,1,"5.926229508",,,"-5.926229508",,,,,12.9,,,,,,,
61,656945,"Scott, Tanner",125,48.8,0.278,0.167,0.333,0.444,0.35,,,5,18,94.2,19.9,2418,96.6,96.42,5,29,32,-0.19999999999998863,6.19,108,150,118,146,299,319,291,"-0.703","0.703",,,,20,13,4,0,0,1,5,25,2,10,"1.18","1.27","0.49","-0.18","93.6",153,46.15384615384615,7.6923076923076925,5,5.25,2.74,-0.25,2.49,0.35,1,"1.152459016",,,"-1.152459016",,,,,17.2,,,,,,,
61,660623,"Ynoa, Huascar",128,47.7,0.357,0.357,0.364,0.714,0.47,,,5,14,90.5,24.6,2128,94.9,94.13,7,33,28,-0.8000000000000114,5.92,110,148,115,148,290,317,298,"-1.463","1.463",,,,15,12,2,2,0,1,2,13.3,1,6.7,"1.24","1.3","0.71","-0.39","91.7",207,41.66666666666667,8.333333333333332,6.666666666666667,6.13,-1.64,-0.01,2.64,0.4,1,"2.398360656",,,"-2.398360656",,,,,21.2,,,,,,,
60,641312,"Anderson, Shaun",227,26.4,0.357,0.357,0.4,0.714,0.453,,,5,14,91.2,21,2518,93,94.13,0,24,36,1.0999999999999943,6.84,114,147,119,149,296,324,298,"-2.555","2.555",,,,14,11,2,2,0,1,3,21.4,0,0,"1.42","1.21","0.11","-0.06","93.4",176,54.54545454545454,9.090909090909092,7.142857142857142,6.05,-1.76,0.26,2.51,0.357,1,"4.258333333",,,"-4.258333333",,,,,0,,,,,,,
60,694495,"Coleman, Javen",103,58.3,0.214,0,0.273,0.214,0.28,,,3,14,93.7,26.8,2066,92.7,93.03,3,30,30,0.29999999999999716,6.5,108,146,121,143,291,326,288,"1.286","-1.286",,,,17,11,3,0,0,0,3,17.6,3,17.6,"1.12","1.53","0.48","-0.22","91.8",186,45.45454545454545,0,0,5.74,2.12,0.16,2.52,0.353,0,"-2.143333333",,,"2.143333333",,,,,10,,,,,,,
60,519141,"Pomeranz, Drew",92,65.2,0.231,0.462,0.1,0.692,0.457,,,3,13,95.6,41.5,2570,92.5,91.64,4,31,29,-0.9000000000000057,5.72,107,148,118,148,301,322,304,"-1.552","1.552",,,,17,12,1,0,0,2,1,5.9,4,23.5,"1.13","1.53","0.33","-0.06","93.3",220,58.333333333333336,25,17.647058823529413,6.2,2.03,0.07,2.76,0.412,3,"2.586666667",,,"-2.586666667",,,,,12.9,,,,,,,
60,701780,"McDougal, Tanner",107,56.1,0.333,0.167,0.375,0.5,0.358,,,6,18,96.1,7.4,2384,99.1,99.44,3,31,29,0.30000000000001137,6.47,113,147,121,146,297,327,304,"-0.124","0.124",,,,18,16,3,3,0,0,2,11.1,0,0,"1.16","1.16","0.94","-0.09","94.2",151,50,0,0,5.99,-1.25,0.2,2.98,0.333,0,"0.206666667",,,"-0.206666667",,,,,9.7,,,,,,,
60,518886,"Kimbrel, Craig",106,56.6,0.375,0.25,0.429,0.625,0.474,,,3,8,93.6,23,2265,92.5,92.55,5,20,40,0.09999999999999432,6.53,111,149,118,147,289,317,279,"-2.148","2.148",,,,13,7,2,0,1,0,2,15.4,4,30.8,"1.38","1.3","0.89","0.56","92.1",191,57.14285714285714,14.285714285714285,7.6923076923076925,4.89,-3.07,0.39,2.54,0.538,1,"3.58",,,"-3.58",,,,,25,,,,,,,
60,802408,"Mautz, Brycen",148,40.5,0.273,0,0.3,0.273,0.34,,,3,11,85.1,27.8,2215,93,92.68,9,27,33,-0.29999999999999716,6.09,103,149,117,148,287,316,273,"0.186","-0.186",,,,14,10,3,0,0,0,1,7.1,3,21.4,"1.55","1.09","0.91","-0.63","90.9",165,30,0,0,5.49,2.79,0.04,3.09,0.429,0,"-0.31",,,"0.31",,,,,33.3,,,,,,,
60,669467,"Pallante, Andre",203,29.6,0.286,0.214,0.25,0.5,0.382,,,4,14,92.9,-7.5,2177,93.6,94.25,3,23,37,0.6000000000000085,6.47,117,145,108,150,279,317,293,"-1.431","1.431",,,,16,13,3,0,0,1,1,6.3,2,12.5,"1.47","1.11","0.17","-0.1","92.1",114,46.15384615384615,0,0,6.09,-1.56,-0.2,2.32,0.375,0,"2.385",,,"-2.385",,,,,13,,,,,,,
59,681293,"Arrighetti, Spencer",150,39.3,0.077,0,0.2,0.077,0.152,,,1,13,82.3,34.2,2327,93.4,95.38,10,28,31,2,7.3,106,147,121,149,294,323,295,"1.885","-1.885",,,,15,5,1,0,0,0,8,53.3,2,13.3,"1.41","1.2","1","0.1","92.4",181,20,20,6.666666666666667,4.93,-1.66,0.37,2.69,0.2,1,"-3.194915254",,,"3.194915254",,,,,35.7,,,,,,,
59,669923,"Kirby, George",233,25.3,0.154,0.077,0.25,0.231,0.165,,,2,13,94.1,17.1,2218,97.1,97.47,12,35,24,0.4000000000000057,6.47,110,146,120,147,295,318,303,"1.537","-1.537",,,,13,8,1,1,0,0,5,38.5,0,0,"1.35","1.06","0.68","0.1","90.7",206,50,0,0,5.92,-1.56,0.51,2.97,0.154,0,"-2.605084746",,,"2.605084746",,,,,34.3,,,,,,,
59,664353,"Urquidy, José",154,38.3,0.467,0.533,0.545,1,0.628,,,7,15,95.6,20.2,2254,92.5,91.25,5,29,30,-1.2000000000000028,5.73,112,145,111,149,297,323,299,"-3.801","3.801",,,,18,12,2,3,1,1,3,16.7,3,16.7,"1.16","1.52","0.81","-0.6","92.9",195,66.66666666666666,25,16.666666666666664,6.25,-1.35,0.2,2.85,0.556,3,"6.442372881",,,"-6.442372881",,,,,17.2,,,,,,,
59,695402,"Victor, Najer",91,64.8,0.067,0,0.083,0.067,0.166,,,1,15,96.3,10.3,2125,97.2,97.92,6,26,33,0.7000000000000028,6.79,112,148,120,149,300,320,296,"2.973","-2.973",,,,18,12,1,0,0,0,3,16.7,3,16.7,"1.09","1.33","0.71","0.24","95.4",150,66.66666666666666,0,0,6.44,-1.23,0.11,2.52,0.222,0,"-5.038983051",,,"5.038983051",,,,,23.1,,,,,,,
59,690916,"Fitts, Richard",178,33.1,0.4,0.3,0.429,0.7,0.509,,,4,10,96.9,9.6,2463,97,97.47,8,27,32,0.5,6.68,112,147,117,150,291,326,294,"-1.833","1.833",,,,12,8,3,0,0,1,2,16.7,2,16.7,"0.93","1.5","0.36","-0.15","93.7",186,62.5,25,16.666666666666664,5.98,-2.04,-0.09,3.06,0.5,2,"3.106779661",,,"-3.106779661",,,,,29.6,,,,,,,
59,686560,"Collyer, Gavin",157,37.6,0.273,0,0.6,0.273,0.243,,,3,11,83.8,16,2430,98,97.75,11,29,30,-0.20000000000000284,6.17,115,149,118,150,303,321,304,"0.236","-0.236",,,,11,5,3,0,0,0,6,54.5,0,0,"1.34","1.04","0.89","-0.07","88.9",196,20,0,0,5.2,-3.98,-0.21,2.98,0.273,0,"-0.4",,,"0.4",,,,,37.9,,,,,,,
59,663804,"Kowar, Jackson",126,46.8,0.25,0.25,0.25,0.5,0.394,,,3,12,94.7,-5.8,2302,97.5,96.82,2,31,28,-0.7000000000000028,6.05,107,151,122,147,292,308,286,"-1.598","1.598",,,,15,12,0,3,0,0,0,0,2,13.3,"1.16","1.25","0.92","0.5","93.1",206,66.66666666666666,0,0,6.01,-0.22,0.46,2.84,0.4,0,"2.708474576",,,"-2.708474576",,,,,6.5,,,,,,,
58,663738,"Lynch IV, Daniel",162,35.8,0.2,0.3,0.143,0.5,0.387,,,2,10,92,20.9,2313,95.3,95.21,5,25,33,-0.09999999999999432,6.23,107,151,120,148,305,325,293,"-0.283","0.283",,,,13,8,1,0,0,1,2,15.4,3,23.1,"1.2","1.31","0.63","-0.44","92.6",188,50,25,15.384615384615385,6.18,1.49,-0.09,2.61,0.385,2,"0.487931034",,,"-0.487931034",,,,,20,,,,,,,
58,656464,"Ginkel, Kevin",140,41.4,0.524,0.238,0.556,0.762,0.563,,,11,21,95,2.7,2323,94.5,95.14,5,37,21,0.5999999999999943,6.69,108,146,114,148,300,323,305,"-5.096","5.096",,,,22,19,8,2,0,1,2,9.1,1,4.5,"1.3","1.25","0.69","-0.21","93.9",156,57.89473684210527,10.526315789473683,9.090909090909092,6.53,-2.09,-0.11,2.78,0.545,2,"8.786206897",,,"-8.786206897",,,,,13.5,,,,,,,
58,801139,"Tolle, Payton",155,37.4,0.308,0.308,0.375,0.615,0.413,,,4,13,89.7,37.9,2280,97.1,99.08,7,29,29,2,7.56,107,148,122,146,283,312,290,"-1.76","1.76",,,,14,9,2,1,0,1,4,28.6,1,7.1,"1.06","1.37","0.6","-0.3","89.8",232,22.22222222222222,11.11111111111111,7.142857142857142,5.62,2.53,0.01,2.58,0.357,1,"3.034482759",,,"-3.034482759",,,,,24.1,,,,,,,
58,671922,"Smith, Cade",99,58.6,0.125,0.125,0.154,0.25,0.189,,,2,16,89.7,13.2,2214,96.2,97.83,8,37,21,1.5999999999999943,7.28,121,150,123,151,293,326,300,"2.589","-2.589",,,,17,13,0,2,0,0,3,17.6,1,5.9,"1.17","1.3","0.64","-0.24","91.8",186,46.15384615384615,7.6923076923076925,5.88235294117647,5.91,-2.45,0.1,2.57,0.176,1,"-4.463793103",,,"4.463793103",,,,,21.6,,,,,,,
58,701195,"Castro, Manuel",125,46.4,0.267,0.133,0.286,0.4,0.335,,,4,15,92.7,19.9,2097,92.7,92.34,1,25,33,-0.4000000000000057,6.11,112,148,122,148,291,317,296,"0.337","-0.337",,,,17,14,2,2,0,0,1,5.9,2,11.8,"1.42","1.24","0.82","-0.17","91.8",239,50,14.285714285714285,11.76470588235294,5.88,-0.79,-0.08,2.83,0.353,2,"-0.581034483",,,"0.581034483",,,,,4,,,,,,,
58,663460,"Bubic, Kris",194,29.9,0.313,0.063,0.455,0.375,0.364,,,5,16,85.7,7.6,2352,91.6,92.45,7,28,30,0.8000000000000114,6.65,105,149,119,146,293,322,298,"0.017","-0.017",,,,19,11,4,1,0,0,5,26.3,3,15.8,"1.43","1.27","0.13","-0.07","90.0",192,27.27272727272727,0,0,5.76,1.99,-0.08,2.62,0.421,0,"-0.029310345",,,"0.029310345",,,,,25,,,,,,,
58,641329,"Baker, Bryan",131,44.3,0.471,0.176,0.5,0.647,0.484,,,8,17,90.3,17.6,2184,95.9,95.98,3,32,26,0.09999999999999432,6.4,107,146,116,147,293,325,298,"-2.367","2.367",,,,17,16,5,3,0,0,1,5.9,0,0,"1.04","1.44","0.38","0.05","93.3",198,56.25,12.5,11.76470588235294,6.79,-0.57,0.22,2.8,0.471,2,"4.081034483",,,"-4.081034483",,,,,9.4,,,,,,,
58,702303,"Martin, Riley",96,60.4,0.4,0,0.5,0.4,0.387,,,4,10,89.2,30.8,2413,94.2,92.74,5,32,26,-1.5,5.58,107,146,114,146,301,329,307,"0.279","-0.279",,,,11,8,4,0,0,0,2,18.2,1,9.1,"1.11","1.48","0.35","0","89.3",215,25,0,0,6.19,2.11,-0.04,2.72,0.455,0,"-0.481034483",,,"0.481034483",,,,,15.6,,,,,,,
58,622250,"Sborz, Josh",134,43.3,0.375,0.188,0.357,0.563,0.406,,,6,16,92,21.1,2357,93.6,92.55,3,30,28,-1,5.69,111,148,117,150,300,321,304,"-0.659","0.659",,,,16,15,5,0,0,1,1,6.3,0,0,"1.17","1.44","0.41","-0.07","92.4",188,40,6.666666666666667,6.25,6.33,-0.58,0.27,2.65,0.375,1,"1.136206897",,,"-1.136206897",,,,,10,,,,,,,
58,621139,"Kriske, Brooks",159,36.5,0.5,0.6,0.5,1.1,0.678,,,5,10,94.5,15,2088,93.2,92.48,1,14,44,-0.7000000000000028,5.87,114,150,120,149,291,316,291,"-3.383","3.383",,,,13,9,1,3,0,1,1,7.7,3,23.1,"1.23","1.39","0.64","-0.14","95.1",249,44.44444444444444,33.33333333333333,23.076923076923077,6.11,-1.31,-0.27,2.62,0.615,3,"5.832758621",,,"-5.832758621",,,,,7.1,,,,,,,
58,676092,"Snider, Collin",128,45.3,0.182,0.091,0.333,0.273,0.273,,,2,11,94.4,5.7,2599,94.1,93.84,8,31,27,-0.29999999999999716,5.93,107,149,116,149,299,329,300,"0.831","-0.831",,,,13,6,1,1,0,0,5,38.5,2,15.4,"1.72","0.84","0.09","0.01","92.2",173,50,16.666666666666664,7.6923076923076925,5.38,-2.91,-0.12,2.91,0.308,1,"-1.432758621",,,"1.432758621",,,,,25.8,,,,,,,
58,827734,"Lin, Wei-En",92,63,0.308,0.308,0.333,0.615,0.463,,,4,13,90.4,25.3,2296,92.2,92.71,2,19,39,0.5,6.61,99,146,116,144,292,317,289,"-1.75","1.75",,,,17,10,2,1,0,1,3,17.6,4,23.5,"1.28","1.41","0.87","-0.07","94.4",191,30,10,5.88235294117647,5.99,1.39,-0.32,2.75,0.471,1,"3.017241379",,,"-3.017241379",,,,,10.5,,,,,,,
57,650556,"Abreu, Bryan",116,49.1,0.118,0.176,0.077,0.294,0.252,,,2,17,84.7,24.6,2173,95.3,95.58,4,28,29,0.29999999999999716,6.59,108,145,121,148,290,319,292,"1.912","-1.912",,,,20,14,1,0,0,1,3,15,3,15,"1.25","1.27","0.58","0.12","91.2",176,28.57142857142857,7.142857142857142,5,5.5,-2.54,0.1,2.84,0.25,1,"-3.354385965",,,"3.354385965",,,,,14.3,,,,,,,
57,676614,"Sammons, Bryan",134,42.5,0.333,0.333,0.333,0.667,0.463,,,4,12,88.6,16.6,2127,90.9,91.22,7,29,28,0.29999999999999716,6.59,107,147,121,145,293,317,284,"-1.395","1.395",,,,14,10,2,1,0,1,2,14.3,2,14.3,"1.38","1.39","0.58","-0.12","92.2",206,50,10,7.142857142857142,5.88,1.97,0.02,2.97,0.429,1,"2.447368421",,,"-2.447368421",,,,,24.1,,,,,,,
57,666171,"Zeferjahn, Ryan",192,29.7,0.3,0,0.429,0.3,0.339,,,3,10,93.1,15,2203,96.3,96.86,4,28,29,0.6000000000000085,6.52,111,147,117,148,297,321,299,"-0.241","0.241",,,,12,7,3,0,0,0,3,25,2,16.7,"1.27","1.19","0.22","-0.07","91.1",177,42.857142857142854,0,0,5.85,-1.9,-0.15,2.72,0.417,0,"0.422807018",,,"-0.422807018",,,,,14.3,,,,,,,
57,682790,"González, Wikelman",84,67.9,0.286,0,0.5,0.286,0.439,,,2,7,104.1,0,2361,95.4,96.01,6,18,39,0.5999999999999943,6.68,106,147,117,144,298,330,303,"-0.58","0.58",,,,12,4,2,0,0,0,3,25,5,41.7,"1.38","1.13","0.93","0.06","94.8",137,75,0,0,5.2,-1.95,0.1,2.31,0.583,0,"1.01754386",,,"-1.01754386",,,,,33.3,,,,,,,
57,669358,"Baz, Shane",161,35.4,0.235,0,0.286,0.235,0.236,,,4,17,91.9,17.1,2389,96.4,96.58,5,30,27,0.19999999999998863,6.51,111,143,120,148,283,314,296,"1.562","-1.562",,,,18,14,4,0,0,0,3,16.7,1,5.6,"1.1","1.37","0.77","-0.55","92.3",188,42.857142857142854,0,0,5.89,-1.42,0.26,2.83,0.278,0,"-2.740350877",,,"2.740350877",,,,,16.7,,,,,,,
56,608718,"Suter, Brent",208,26.9,0.4,0,0.571,0.4,0.381,,,4,10,85.8,13.1,2081,86.3,88.17,5,21,35,1.9000000000000057,7.34,106,150,116,146,298,324,296,"-0.486","0.486",,,,13,7,4,0,0,0,4,30.8,2,15.4,"1.81","1.24","-0.12","0.08","89.5",195,28.57142857142857,0,0,6.24,3.2,0.1,3.09,0.462,0,"0.867857143",,,"-0.867857143",,,,,23.8,,,,,,,
56,676083,"Junk, Janson",145,38.6,0.417,0.25,0.5,0.667,0.485,,,5,12,98.5,17.8,2277,94.2,94.15,8,24,32,-0.10000000000000853,6.33,111,149,113,148,289,312,282,"-1.105","1.105",,,,13,9,4,0,0,1,3,23.1,1,7.7,"1.1","1.48","0.53","0.04","94.3",210,66.66666666666666,33.33333333333333,23.076923076923077,5.92,-0.67,-0.05,2.67,0.462,3,"1.973214286",,,"-1.973214286",,,,,33.3,,,,,,,
56,640455,"Manaea, Sean",141,39.7,0.154,0.154,0.25,0.308,0.191,,,2,13,90.9,15.6,1955,88.7,89.39,5,23,33,0.7000000000000028,6.86,106,150,123,148,282,319,275,"1.541","-1.541",,,,13,8,1,0,1,0,5,38.5,0,0,"1.98","0.93","1.2","-0.83","90.9",190,50,0,0,5.2,3.17,0.13,2.98,0.154,0,"-2.751785714",,,"2.751785714",,,,,21.7,,,,,,,
56,668970,"Hollowell, Gavin",110,50.9,0.2,0.067,0.333,0.267,0.234,,,3,15,99,13.8,2623,95.1,95.49,8,34,22,0.4000000000000057,6.54,114,148,111,152,297,326,306,"1.504","-1.504",,,,16,9,2,1,0,0,6,37.5,1,6.3,"1.7","0.83","0.91","-0.56","92.6",194,66.66666666666666,0,0,5.12,-3.36,-0.26,2.5,0.25,0,"-2.685714286",,,"2.685714286",,,,,23.5,,,,,,,
56,688883,"Pallette, Peyton",103,54.4,0.1,0,0.2,0.1,0.19,,,1,10,94.8,17,2166,96.9,95.49,7,19,37,-1.4000000000000057,5.63,108,147,121,148,292,326,298,"1.309","-1.309",,,,12,5,1,0,0,0,5,41.7,2,16.7,"1.21","1.23","0.99","-0.07","91.1",204,60,0,0,5.98,-2.73,0.45,2.99,0.25,0,"-2.3375",,,"2.3375",,,,,36.8,,,,,,,
55,621111,"Buehler, Walker",271,20.3,0.5,0.625,0.429,1.125,0.683,,,4,8,98.5,15.9,2223,92.4,92.51,1,15,40,0.09999999999999432,6.37,118,149,119,151,293,323,298,"-2.349","2.349",,,,11,8,2,0,1,1,0,0,3,27.3,"1.32","1.35","0.45","-0.09","95.8",224,87.5,12.5,9.090909090909092,5.73,-0.97,0.19,2.54,0.636,1,"4.270909091",,,"-4.270909091",,,,,6.7,,,,,,,
55,691945,"Baumler, Carter",132,41.7,0,0,0,0,0.047,,,0,14,91.7,20.9,2341,95.7,95.52,5,30,25,-0.20000000000000284,6.41,111,150,119,150,305,319,305,"2.61","-2.61",,,,15,10,0,0,0,0,4,26.7,1,6.7,"1.03","1.48","0.63","0.08","91.5",205,40,0,0,5.7,-1.19,0.27,3.1,0.067,0,"-4.745454545",,,"4.745454545",,,,,16.7,,,,,,,
55,815083,"Farris, Mitch",131,42,0.385,0,0.5,0.385,0.368,,,5,13,95.8,19.4,2197,92.5,93.02,6,30,25,0.5,6.63,103,146,115,142,306,322,295,"-0.093","0.093",,,,14,10,5,0,0,0,3,21.4,1,7.1,"1.32","1.35","0.83","-0.65","92.2",194,55.55555555555556,0,0,6.11,1.04,0.02,2.41,0.429,0,"0.169090909",,,"-0.169090909",,,,,20,,,,,,,
55,650633,"King, Michael",338,16.3,0.571,1,0.667,1.571,0.822,,,4,7,98.3,25.4,2382,93.8,93.1,6,27,28,-0.7000000000000028,5.91,112,150,123,151,294,324,297,"-4.983","4.983",,,,11,5,1,1,0,2,2,18.2,4,36.4,"1.36","1.23","0.44","-0.08","91.0",243,40,40,18.181818181818183,5.77,-2.7,0.08,2.98,0.727,2,"9.06",,,"-9.06",,,,,22.2,,,,,,,
55,687849,"Kent, Zak",128,43,0.091,0.273,0,0.364,0.229,,,1,11,96.4,23.7,2688,91.8,91.44,5,21,34,-0.3999999999999915,5.92,119,147,121,151,289,318,278,"0.846","-0.846",,,,12,9,0,0,0,1,2,16.7,1,8.3,"1.83","0.86","-0.13","0","94.0",264,66.66666666666666,11.11111111111111,8.333333333333332,6.46,-1.08,-0.11,2.72,0.167,1,"-1.538181818",,,"1.538181818",,,,,23.8,,,,,,,
55,657097,"Webb, Jacob",112,49.1,0.412,0.412,0.462,0.824,0.548,,,7,17,97.2,18,2366,93.3,93.15,4,34,21,-0.09999999999999432,6.3,111,152,118,151,296,322,301,"-3","3",,,,20,14,2,4,0,1,3,15,3,15,"1.33","1.29","0.74","0.14","92.6",194,71.42857142857143,21.428571428571427,15,5.54,-2.42,0.08,2.5,0.5,3,"5.454545455",,,"-5.454545455",,,,,11.8,,,,,,,
55,685005,"Roa, Christian",140,39.3,0.143,0,0.25,0.143,0.167,,,2,14,95.4,24.9,2117,95.9,95.96,10,29,26,0.09999999999999432,6.3,116,148,123,151,287,318,294,"1.178","-1.178",,,,15,8,2,0,0,0,6,40,0,0,"1.3","1.18","0.71","-0.43","91.7",219,50,0,0,6.3,-2.05,-0.28,2.89,0.2,0,"-2.141818182",,,"2.141818182",,,,,34.5,,,,,,,
55,684442,"Drake, Kohl",119,46.2,0.25,0,0.25,0.25,0.326,,,1,4,86.6,25.5,2148,91.5,91.64,5,26,29,0.09999999999999432,6.26,109,146,117,147,300,324,303,"0.196","-0.196",,,,7,4,1,0,0,0,1,14.3,2,28.6,"1.49","1.23","0.71","-0.21","89.2",189,25,25,14.285714285714285,5.97,1.36,-0.03,3.2,0.429,1,"-0.356363636",,,"0.356363636",,,,,19.2,,,,,,,
55,702193,"Morris, Andrew",160,34.4,0.2,0,0.286,0.2,0.178,,,2,10,91.5,5.6,1905,93.6,93.2,8,32,23,-0.3999999999999915,6.18,107,145,118,147,297,316,273,"2.003","-2.003",,,,10,7,2,0,0,0,3,30,0,0,"1.17","1.45","0.29","-0.07","91.6",193,28.57142857142857,0,0,6.62,-1.25,0.07,2.9,0.2,0,"-3.641818182",,,"3.641818182",,,,,25,,,,,,,
55,692230,"Rodriguez, Carlos",159,34.6,0.286,0.429,0.2,0.714,0.469,,,4,14,89.6,34.6,2251,93.5,93.34,3,36,19,-0.20000000000000284,6.07,112,149,123,150,300,322,299,"-1.654","1.654",,,,17,12,2,0,0,2,2,11.8,3,17.6,"1.3","1.29","0.54","0.02","90.8",192,33.33333333333333,16.666666666666664,11.76470588235294,5.92,-1.43,-0.03,2.68,0.412,2,"3.007272727",,,"-3.007272727",,,,,8.3,,,,,,,
55,660761,"Suarez, José",242,22.7,0.2,0.5,0.25,0.7,0.364,,,2,10,97.3,22.8,2374,92.8,92.08,8,22,33,-0.7000000000000028,5.94,108,148,122,143,298,321,290,"-0.486","0.486",,,,10,5,0,0,1,1,5,50,0,0,"1.21","1.44","0.71","-0.63","92.6",214,60,40,20,5.74,1.29,-0.12,2.91,0.2,2,"0.883636364",,,"-0.883636364",,,,,36.4,,,,,,,
55,687593,"Patteson, Hunter",116,47.4,0.381,0.238,0.4,0.619,0.471,,,8,21,98.7,14.5,2156,92.4,92.14,2,29,26,-0.30000000000001137,6.14,109,148,121,145,295,316,287,"-2.668","2.668",,,,25,20,3,5,0,0,1,4,4,16,"1.41","1.26","0.93","-0.55","97.8",179,75,20,16,5.94,1.36,-0.19,2.69,0.48,4,"4.850909091",,,"-4.850909091",,,,,6.9,,,,,,,
54,572955,"Johnson, Pierce",112,48.2,0.056,0,0.083,0.056,0.084,,,1,18,88.6,24.5,2314,95.2,93.86,5,23,31,-1.2999999999999972,5.58,112,148,113,150,292,319,296,"3.767","-3.767",,,,19,12,1,0,0,0,6,31.6,1,5.3,"1.19","1.33","0.85","-0.15","91.5",204,25,8.333333333333332,5.263157894736842,6.17,-1.66,0.01,2.88,0.105,1,"-6.975925926",,,"6.975925926",,,,,21.7,,,,,,,
54,804636,"Tong, Jonah",129,41.9,0.333,0.167,0.364,0.5,0.384,,,4,12,88.2,29.7,2245,94.8,94.86,5,30,24,0.10000000000000853,6.59,112,148,121,148,298,317,293,"-0.477","0.477",,,,13,11,2,2,0,0,1,7.7,1,7.7,"1.01","1.56","0.37","-0.02","91.5",181,45.45454545454545,18.181818181818183,15.384615384615385,5.95,-2.77,0.17,2.67,0.385,2,"0.883333333",,,"-0.883333333",,,,,16.7,,,,,,,
54,642121,"Sulser, Cole",133,40.6,0.25,0.125,0.333,0.375,0.269,,,4,16,94.5,22.8,2346,91.9,92.4,6,33,21,0.5,6.65,111,149,125,149,295,322,292,"1.158","-1.158",,,,16,12,2,2,0,0,4,25,0,0,"1.26","1.45","0.76","0.01","91.8",184,58.333333333333336,8.333333333333332,6.25,5.82,-1.6,0.12,3.11,0.25,1,"-2.144444444",,,"2.144444444",,,,,18.2,,,,,,,
54,656271,"Burke, Brock",158,34.2,0.4,0.3,0.6,0.7,0.547,,,4,10,91.7,17.2,2347,95.9,96.56,7,30,24,0.6999999999999886,6.71,105,145,117,143,298,322,292,"-1.936","1.936",,,,15,6,3,0,0,1,4,26.7,5,33.3,"1.14","1.35","0.6","-0.25","90.4",191,50,16.666666666666664,6.666666666666667,6.38,1.89,-0.03,2.81,0.6,1,"3.585185185",,,"-3.585185185",,,,,23.3,,,,,,,
54,656302,"Cease, Dylan",170,31.8,0.333,0.2,0.5,0.533,0.428,,,5,15,92.9,21.3,2452,97.5,97.54,8,31,23,0,6.36,112,149,120,150,298,324,294,"-2.193","2.193",,,,18,9,4,0,0,1,6,33.3,3,16.7,"0.86","1.54","0.3","-0.16","92.7",238,55.55555555555556,11.11111111111111,5.555555555555555,6.34,-1.62,0.06,2.84,0.444,1,"4.061111111",,,"-4.061111111",,,,,25.8,,,,,,,
53,820825,"Eaton, Konner",121,43.8,0.4,0.1,0.667,0.5,0.507,,,4,10,104.7,4,2022,94.6,95.72,5,15,38,1.1000000000000085,6.89,111,149,117,147,302,322,299,"-1.999","1.999",,,,16,6,3,1,0,0,4,25,6,37.5,"1.9","0.64","1.11","-0.16","99.7",148,100,0,0,5.42,1.61,-0.41,2.92,0.625,0,"3.771698113",,,"-3.771698113",,,,,33.3,,,,,,,
53,694851,"Hoffmann, Andrew",127,41.7,0.211,0.053,0.308,0.263,0.254,,,4,19,100.3,20.6,2304,95,95.26,5,28,25,0.29999999999999716,6.47,116,148,119,149,299,320,299,"1.546","-1.546",,,,21,13,3,1,0,0,6,28.6,2,9.5,"1.14","1.39","0.53","-0.03","95.5",216,76.92307692307693,23.076923076923077,14.285714285714285,6.06,-0.54,-0.01,2.58,0.286,3,"-2.916981132",,,"2.916981132",,,,,17.9,,,,,,,
53,642575,"Moreno, Gerson",89,59.6,0.3,0.1,0.5,0.4,0.389,,,3,10,93.9,24.3,2162,94.2,93.8,9,26,27,-0.4000000000000057,6.16,109,147,120,148,292,315,284,"-0.37","0.37",,,,15,6,2,1,0,0,5,33.3,4,26.7,"1.32","1.26","0.76","0.26","91.9",180,50,0,0,5.17,-2.86,0.31,2.8,0.467,0,"0.698113208",,,"-0.698113208",,,,,34.6,,,,,,,
53,608032,"Estévez, Carlos",104,51,0.364,0.818,0.143,1.182,0.66,,,4,11,97.9,33.9,2060,88.6,88.13,4,18,35,-0.5,6,112,148,120,149,296,318,291,"-3.068","3.068",,,,16,10,1,0,0,3,1,6.3,4,25,"1.53","1.38","0.69","-0.14","96.0",255,80,20,12.5,6.04,-2.36,-0.26,3.4,0.563,2,"5.788679245",,,"-5.788679245",,,,,22.2,,,,,,,
53,669371,"Henry, Cole",109,48.6,0.182,0.273,0.25,0.455,0.333,,,2,11,91.6,14.6,2570,93.8,93.94,7,20,33,0.10000000000000853,6.46,110,150,119,150,298,321,293,"-0.486","0.486",,,,13,5,1,0,0,1,6,46.2,2,15.4,"1.44","1.16","1.19","0.41","92.4",209,60,40,15.384615384615385,5.4,-2.31,0.09,2.86,0.308,2,"0.916981132",,,"-0.916981132",,,,,35,,,,,,,
53,803135,"Gordon, Austin",142,37.3,0.5,0.3,0.556,0.8,0.556,,,5,10,95.6,15,2318,93.7,93.84,2,23,30,0.09999999999999432,6.28,103,145,113,146,301,320,301,"-1.729","1.729",,,,10,9,2,3,0,0,1,10,0,0,"1.23","1.36","0.42","0.06","93.1",183,44.44444444444444,11.11111111111111,10,6.18,-1.45,-0.15,2.86,0.5,1,"3.262264151",,,"-3.262264151",,,,,8.7,,,,,,,
53,686294,"Willingham, Amos",121,43.8,0.364,0.364,0.429,0.727,0.482,,,4,11,97.1,0.8,2334,94.9,95.05,4,21,32,0.19999999999998863,6.42,110,148,121,150,295,320,291,"-2.556","2.556",,,,12,8,2,1,0,1,3,25,1,8.3,"1.06","1.48","0.66","0.01","94.4",189,75,25,16.666666666666664,6.22,-1.27,0.05,2.21,0.417,2,"4.822641509",,,"-4.822641509",,,,,19,,,,,,,
53,543243,"Gray, Sonny",238,22.3,0.333,0.333,0.25,0.667,0.534,,,3,9,94.4,17.6,2371,91.5,92.43,2,21,32,0.9000000000000057,6.52,111,147,121,150,277,310,302,"-1.192","1.192",,,,15,9,2,0,0,1,0,0,6,40,"1.79","0.91","-0.04","0.03","93.4",134,66.66666666666666,0,0,5.68,-0.88,0.1,2.25,0.6,0,"2.249056604",,,"-2.249056604",,,,,9.5,,,,,,,
53,670183,"Acton, Garrett",99,53.5,0,0,0,0,0.174,,,0,6,73.6,29,2478,94.5,93.44,3,20,33,-1.0999999999999943,5.9,115,147,122,150,289,319,291,"1.206","-1.206",,,,8,3,0,0,0,0,3,37.5,2,25,"0.98","1.6","0.45","-0.02","89.2",174,0,0,0,6,-1.75,-0.34,2.67,0.25,0,"-2.275471698",,,"2.275471698",,,,,15,,,,,,,
52,685801,"Bigge, Hunter",113,46,0.375,0.375,0.333,0.75,0.503,,,3,8,93.3,14.4,2356,96.9,97.96,6,26,26,1.0999999999999943,6.83,107,145,119,146,297,323,289,"-0.93","0.93",,,,9,7,2,0,0,1,1,11.1,1,11.1,"0.94","1.48","0.29","-0.04","92.3",205,57.14285714285714,0,0,5.9,-0.45,-0.09,2.98,0.444,0,"1.788461538",,,"-1.788461538",,,,,23.1,,,,,,,
52,666200,"Luzardo, Jesús",270,19.3,0.4,0.2,0.5,0.6,0.456,,,8,20,82.8,3.2,2229,96.1,94.57,3,26,26,-1.5,5.51,105,148,121,146,283,303,277,"-3.334","3.334",,,,22,15,6,1,0,1,5,22.7,2,9.1,"1.3","1.18","1.09","-0.87","91.5",168,40,0,0,5.92,2.31,-0.59,2.74,0.455,0,"6.411538462",,,"-6.411538462",,,,,11.5,,,,,,,
52,500779,"Quintana, Jose",144,36.1,0.25,0.083,0.333,0.333,0.364,,,3,12,80.6,4.7,2103,90.6,90.8,4,20,32,0.20000000000000284,6.35,115,149,113,148,291,315,284,"0.22","-0.22",,,,16,9,2,1,0,0,3,18.8,4,25,"1.63","1.15","0.23","-0.07","92.7",124,44.44444444444444,11.11111111111111,6.25,5.84,2.29,-0.45,2.78,0.438,1,"-0.423076923",,,"0.423076923",,,,,20,,,,,,,
52,656730,"Megill, Trevor",95,54.7,0.308,0.308,0.429,0.615,0.413,,,4,13,87.3,24.6,2344,96.9,97.27,6,24,28,0.3999999999999915,6.52,114,150,125,149,299,320,295,"0.018","-0.018",,,,14,8,2,1,0,1,5,35.7,1,7.1,"0.85","1.58","0.35","0.01","91.8",203,37.5,12.5,7.142857142857142,6.67,0.04,0,2.84,0.357,1,"-0.034615385",,,"0.034615385",,,,,25,,,,,,,
52,676604,"Zuber, Tyler",154,33.8,0.214,0.071,0.5,0.286,0.277,,,3,14,92.4,10.3,2345,94.8,94.44,9,21,31,-0.3999999999999915,6.02,114,148,123,150,288,310,290,"0.358","-0.358",,,,16,6,2,1,0,0,8,50,2,12.5,"1.26","1.28","0.83","-0.11","91.7",187,50,16.666666666666664,6.25,5.17,-2.15,-0.47,2.86,0.313,1,"-0.688461538",,,"0.688461538",,,,,42.9,,,,,,,
52,702318,"Campos, Chris",146,35.6,0.176,0.059,0.231,0.235,0.233,,,3,17,90.6,10.6,2338,93,93.08,1,24,28,0.09999999999999432,6.42,114,150,118,148,303,325,293,"0.199","-0.199",,,,19,13,2,1,0,0,4,21.1,2,10.5,"0.98","1.66","0.42","0.17","93.1",200,53.84615384615385,0,0,5.69,-1.44,0.08,2.67,0.263,0,"-0.382692308",,,"0.382692308",,,,,4.2,,,,,,,
52,815081,"Manfredi, Mark",92,56.5,0.4,0,0.667,0.4,0.413,,,2,5,76.9,2.3,2370,94.6,95.18,3,17,35,0.6000000000000085,6.6,112,150,121,149,293,313,297,"-0.859","0.859",,,,6,3,2,0,0,0,2,33.3,1,16.7,"1.4","1.14","0.89","-0.3","89.9",200,33.33333333333333,0,0,5.36,2,0.2,2.88,0.5,0,"1.651923077",,,"-1.651923077",,,,,17.6,,,,,,,
52,594835,"Gonzales, Marco",285,18.2,0.25,0,0.333,0.25,0.383,,,2,8,78.4,18.2,2113,90.3,90.28,4,17,35,0,6.38,111,144,120,146,303,324,298,"-0.897","0.897",,,,12,6,2,0,0,0,2,16.7,3,25,"1.49","1.32","0.96","0.04","89.4",158,16.666666666666664,0,0,5.63,1.95,-0.52,3.3,0.5,0,"1.725",,,"-1.725",,,,,23.5,,,,,,,
52,690925,"Beeter, Clayton",127,40.9,0.182,0.091,0.286,0.273,0.237,,,2,11,88.1,4.6,2417,95.6,94.84,6,21,31,-0.7999999999999972,5.81,110,149,119,150,290,322,289,"1.888","-1.888",,,,12,7,1,1,0,0,4,33.3,1,8.3,"1.01","1.48","0.35","0.05","92.8",188,42.857142857142854,14.285714285714285,8.333333333333332,5.99,-1.22,0.03,2.87,0.25,1,"-3.630769231",,,"3.630769231",,,,,28.6,,,,,,,
52,699044,"Ullola, Miguel",109,47.7,0.333,0.5,0.25,0.833,0.551,,,4,12,94.7,31.3,2487,92.6,93.88,6,24,28,1.3000000000000114,7.08,110,149,121,146,299,324,286,"-2.526","2.526",,,,17,10,2,0,0,2,2,11.8,5,29.4,"1.03","1.64","0.32","0.08","94.0",205,60,20,11.76470588235294,5.66,-1.64,0.19,2.55,0.529,2,"4.857692308",,,"-4.857692308",,,,,25,,,,,,,
51,645261,"Alcantara, Sandy",227,22.5,0.2,0,0.333,0.2,0.178,,,2,10,95.1,19.2,2221,96.6,96.09,4,27,24,-0.5,6.05,118,147,127,148,279,311,277,"0.413","-0.413",,,,10,6,2,0,0,0,4,40,0,0,"1.3","1.14","1.04","-0.25","91.3",156,83.33333333333334,16.666666666666664,10,6.17,-1.83,0.02,2.59,0.2,1,"-0.809803922",,,"0.809803922",,,,,14.8,,,,,,,
51,671382,"Foster, Cameron",89,57.3,0.167,0,0.167,0.167,0.148,,,1,6,97.8,23.3,2503,96.3,96.9,3,28,23,0.6000000000000085,6.69,111,149,127,149,291,315,292,"1.179","-1.179",,,,6,6,1,0,0,0,0,0,0,0,"0.95","1.51","0.63","-0.1","91.0",236,83.33333333333334,0,0,6.32,-0.72,0.16,2.72,0.167,0,"-2.311764706",,,"2.311764706",,,,,10.7,,,,,,,
51,694331,"Mattison, Tyler",75,68,0.1,0.1,0.25,0.2,0.221,,,1,10,87.6,32.3,2624,93.9,92.7,12,27,24,-1.2000000000000028,5.6,113,150,123,149,291,326,290,"1.769","-1.769",,,,12,4,0,1,0,0,6,50,2,16.7,"0.94","1.65","0.09","0.02","89.3",227,25,25,8.333333333333332,6.92,-0.76,0.22,3,0.25,1,"-3.468627451",,,"3.468627451",,,,,44.4,,,,,,,
51,686972,"Waites, Cole",86,59.3,0.4,0.3,0.333,0.7,0.536,,,4,10,96,21.4,2363,92.8,93.47,4,20,31,0.7000000000000028,6.8,104,150,122,149,299,325,283,"-1.318","1.318",,,,14,10,3,0,0,1,0,0,4,28.6,"1.16","1.5","0.36","0.14","93.9",181,50,10,7.142857142857142,5.28,-1.78,-0.01,2.9,0.571,1,"2.584313725",,,"-2.584313725",,,,,20,,,,,,,
51,628708,"Marte, Yunior",114,44.7,0.375,0.125,0.5,0.5,0.444,,,3,8,88.7,14.5,2404,97.6,96.65,7,25,26,-1,5.84,112,147,120,149,292,327,302,"-0.392","0.392",,,,10,6,2,1,0,0,2,20,2,20,"1.28","1.12","0.99","-0.04","90.7",127,33.33333333333333,0,0,5.72,-1.56,0.01,2.59,0.5,0,"0.768627451",,,"-0.768627451",,,,,28,,,,,,,
51,686799,"Kochanowicz, Jack",268,19,0.2,0.1,0.222,0.3,0.215,,,2,10,94.9,28.8,2309,96.8,97.09,5,30,21,0.29999999999999716,6.34,112,150,118,149,305,326,302,"0.933","-0.933",,,,10,9,1,1,0,0,1,10,0,0,"1.31","1.11","0.49","0.17","90.7",232,55.55555555555556,11.11111111111111,10,6.33,-1.46,0.64,2.77,0.2,1,"-1.829411765",,,"1.829411765",,,,,16.7,,,,,,,
51,693313,"Seymour, Carson",198,25.8,0,0,0,0,0.125,,,0,14,86.8,14.4,2245,97.1,97.2,4,29,22,0.10000000000000853,6.43,116,148,116,151,302,328,304,"2.168","-2.168",,,,17,9,0,0,0,0,5,29.4,2,11.8,"1.24","1.19","0.53","-0.32","92.7",148,55.55555555555556,0,0,6.12,-1.08,-0.11,2.72,0.176,0,"-4.250980392",,,"4.250980392",,,,,13.8,,,,,,,
51,701539,"Torres, Eric",70,72.9,0.273,0,0.75,0.273,0.315,,,3,11,95.9,5.3,1924,90.3,89.98,10,19,32,-0.29999999999999716,6.34,110,148,123,147,286,302,289,"0.314","-0.314",,,,13,4,3,0,0,0,7,53.8,1,7.7,"1.88","0.94","1.01","-0.14","91.9",170,25,0,0,4.62,3.31,-0.23,2.84,0.385,0,"-0.615686275",,,"0.615686275",,,,,52.6,,,,,,,
51,805326,"Schweitzer, Tyler",112,45.5,0.333,0.333,0.333,0.667,0.493,,,3,9,97.8,11.2,2354,94.1,93.76,2,27,24,-0.29999999999999716,6.09,109,146,120,148,292,322,301,"-2.717","2.717",,,,12,7,2,0,0,1,2,16.7,3,25,"1.39","1.19","0.37","0.04","91.7",193,66.66666666666666,0,0,5.95,2.21,0.17,2.89,0.5,0,"5.32745098",,,"-5.32745098",,,,,7.4,,,,,,,
51,694918,"Tidwell, Blade",147,34.7,0.667,0.667,0.667,1.333,0.795,,,2,3,88.2,29.3,2238,96.4,96.62,9,22,29,0.19999999999998863,6.55,109,147,113,148,303,330,306,"-0.916","0.916",,,,4,3,1,0,1,0,0,0,1,25,"1.06","1.41","0.45","0.01","90.1",214,33.33333333333333,0,0,6.23,-1.62,0.19,2.72,0.75,0,"1.796078431",,,"-1.796078431",,,,,40.9,,,,,,,
51,678024,"Vasil, Mike",178,28.7,0.143,0,0.222,0.143,0.167,,,2,14,84.6,10.6,2214,94.3,94.48,4,23,28,0.20000000000000284,6.23,111,144,125,146,293,330,301,"2.037","-2.037",,,,15,9,2,0,0,0,5,33.3,0,0,"1.45","1.1","0.41","-0.11","90.0",193,33.33333333333333,0,0,6.06,-1.43,0.13,3.13,0.2,0,"-3.994117647",,,"3.994117647",,,,,17.4,,,,,,,
50,669704,"Strowd, Kade",176,28.4,0.222,0.222,0.4,0.444,0.28,,,2,9,75.2,-2.6,2376,95.3,95.19,3,17,33,-0.09999999999999432,6.17,107,145,116,147,302,326,303,"-1.439","1.439",,,,10,5,0,2,0,0,4,40,0,0,"1.42","1.09","0.13","-0.02","92.9",155,50,0,0,5.82,-1.32,0.27,2.71,0.222,0,"2.878",,,"-2.878",,,,,17.6,,,,,,,
50,687218,"Bednar, Will",80,62.5,0.125,0,0.167,0.125,0.339,,,1,8,87,3.3,2572,95.7,96.7,5,20,30,1,6.72,114,146,120,150,300,327,302,"-0.134","0.134",,,,13,6,1,0,0,0,2,15.4,4,30.8,"1.08","1.4","0.14","-0.08","90.5",146,50,0,0,6.18,-1.68,-0.08,3.03,0.462,0,"0.268",,,"-0.268",,,,,25,,,,,,,
50,680730,"Parker, Mitchell",161,31.1,0.25,0,0.286,0.25,0.352,,,2,8,88.2,8.7,2105,91.8,92.3,4,20,30,0.5,6.81,107,149,122,149,298,327,299,"0.235","-0.235",,,,11,7,2,0,0,0,1,9.1,3,27.3,"1.22","1.51","0.54","-0.17","90.3",154,42.857142857142854,0,0,6.3,1.12,0.03,2.43,0.455,0,"-0.47",,,"0.47",,,,,20,,,,,,,
50,686873,"Zwack, Nick",82,61,0.125,0,0.2,0.125,0.229,,,1,8,98.8,20,2214,95.4,95.31,7,23,27,-0.10000000000000853,6.4,111,151,118,151,306,325,299,"1.115","-1.115",,,,10,5,1,0,0,0,3,30,2,20,"1.16","1.36","0.39","-0.24","91.9",193,60,0,0,5.96,2.13,-0.06,2.65,0.3,0,"-2.23",,,"2.23",,,,,30.4,,,,,,,
50,663542,"Hudson, Bryan",81,61.7,0.333,0.5,1,0.833,0.542,,,2,6,101.8,15,2217,92.2,93.41,11,26,24,1.2000000000000028,7.16,105,145,118,144,292,313,280,"-1.91","1.91",,,,8,2,1,0,0,1,4,50,2,25,"1.62","1.07","0.79","-0.53","90.0",183,100,50,12.5,5.28,3.37,0.18,2.76,0.5,1,"3.82",,,"-3.82",,,,,42.3,,,,,,,
50,660271,"Ohtani, Shohei",147,34,0.1,0,0.25,0.1,0.229,,,1,10,90.9,3.8,2422,96.9,97.93,8,23,27,1,6.72,108,150,119,150,294,315,299,"1.324","-1.324",,,,13,4,1,0,0,0,6,46.2,3,23.1,"1.29","1.13","0.39","-0.1","89.1",144,0,0,0,5.63,-2.01,-0.1,2.76,0.308,0,"-2.648",,,"2.648",,,,,34.8,,,,,,,
50,694298,"Dombkowski, Nick",108,46.3,0.111,0.333,0,0.444,0.313,,,1,9,90.9,35,2143,91.1,90.59,3,20,30,-0.5,6.11,105,148,120,148,295,321,288,"0.297","-0.297",,,,11,5,0,0,0,1,4,36.4,2,18.2,"1.35","1.41","0.74","-0.16","91.1",206,40,20,9.090909090909092,6,1.64,-0.13,2.57,0.273,1,"-0.594",,,"0.594",,,,,15,,,,,,,
50,663623,"Irvin, Jake",204,24.5,0.1,0,0.2,0.1,0.089,,,1,10,90.6,23.6,2324,91.8,93.17,5,21,29,1.4000000000000057,7.09,116,150,124,150,292,324,299,"2.458","-2.458",,,,10,5,1,0,0,0,5,50,0,0,"1.47","1.24","0.67","0.01","92.0",190,40,20,10,5.48,-2.03,0.25,2.66,0.1,1,"-4.916",,,"4.916",,,,,23.8,,,,,,,
50,686993,"Sterner, Justin",108,46.3,0.182,0.091,0.333,0.273,0.237,,,2,11,94.9,28.3,2268,93.3,93.62,6,28,22,0.29999999999999716,6.56,109,147,116,145,299,323,290,"1.127","-1.127",,,,12,6,1,1,0,0,5,41.7,1,8.3,"1.25","1.38","0.67","0.07","90.7",202,50,0,0,5.38,-2.95,-0.04,3.02,0.25,0,"-2.254",,,"2.254",,,,,21.4,,,,,,,
50,691951,"Aldegheri, Sam",101,49.5,0.25,0.25,0.333,0.5,0.356,,,2,8,96.3,15.8,2282,91.7,90.58,9,28,22,-1.1000000000000085,5.61,104,143,110,143,300,324,299,"-0.198","0.198",,,,11,6,0,2,0,0,3,27.3,2,18.2,"1.33","1.38","0.34","-0.14","92.1",186,66.66666666666666,33.33333333333333,18.181818181818183,6.31,1.49,-0.16,2.91,0.364,2,"0.396",,,"-0.396",,,,,32.1,,,,,,,
50,668338,"Miller, Tyson",126,39.7,0.143,0.286,0.111,0.429,0.318,,,2,14,86.9,9.2,2223,88.5,89.92,8,23,27,1.4000000000000057,7.15,110,146,119,148,297,325,304,"0.784","-0.784",,,,17,10,0,1,0,1,4,23.5,3,17.6,"2.3","0.61","0.22","-0.03","92.9",110,50,20,11.76470588235294,4.56,-3.94,-0.04,3.07,0.294,2,"-1.568",,,"1.568",,,,,34.8,,,,,,,
50,695556,"Panzini, Shane",136,36.8,0.375,0.625,0.333,1,0.606,,,3,8,97.7,18.6,2081,93.4,93.61,3,24,26,0.19999999999998863,6.41,114,148,117,146,295,321,294,"-2.106","2.106",,,,11,7,0,2,0,1,1,9.1,3,27.3,"1.22","1.4","0.44","0.13","92.0",186,71.42857142857143,14.285714285714285,9.090909090909092,6.23,-1.14,-0.11,2.49,0.545,1,"4.212",,,"-4.212",,,,,12.5,,,,,,,
50,807739,"Anderson, Kade",115,43.5,0.273,0.182,0.429,0.455,0.37,,,3,11,95.6,18.1,2024,93.3,93.6,6,20,30,0.29999999999999716,6.49,110,149,117,146,293,319,299,"0.125","-0.125",,,,13,7,1,2,0,0,4,30.8,2,15.4,"1.22","1.41","0.54","-0.12","94.0",216,85.71428571428571,14.285714285714285,7.6923076923076925,6.13,1.12,0.09,2.81,0.385,1,"-0.25",,,"0.25",,,,,30,,,,,,,
50,669212,"Morgan, Eli",162,30.9,0.2,0.2,0.167,0.4,0.332,,,1,5,96.2,19.7,2228,91,91.27,1,18,32,0.29999999999999716,6.47,111,148,119,150,291,317,300,"-0.213","0.213",,,,9,6,0,1,0,0,0,0,2,22.2,"1.3","1.45","0.78","-0.12","92.5",209,57.14285714285714,14.285714285714285,11.11111111111111,5.84,-0.48,0.24,3.18,0.375,1,"0.426",,,"-0.426",,,,,5.6,,,,,,,
50,834575,"Stull, Eston",115,43.5,0.455,0.364,0.364,0.818,0.529,,,5,11,86.6,31.3,2287,94.2,94.39,2,31,19,0.20000000000000284,6.47,105,142,122,144,291,317,275,"-2.446","2.446",,,,14,12,3,1,0,1,0,0,1,7.1,"1.02","1.56","0.45","0","90.5",217,25,16.666666666666664,14.285714285714285,6.06,-0.61,-0.05,2.87,0.5,2,"4.892",,,"-4.892",,,,,6.5,,,,,,,
50,675916,"Karinchak, James",92,54.3,0.1,0,0.25,0.1,0.263,,,1,10,89.7,19.8,2312,93.4,92.77,13,31,19,-0.6000000000000085,6.05,115,150,128,150,307,322,292,"1.088","-1.088",,,,14,4,1,0,0,0,6,42.9,4,28.6,"0.98","1.64","0.39","0.01","91.1",203,25,0,0,6.51,-0.29,0.36,2.89,0.357,0,"-2.176",,,"2.176",,,,,41.9,,,,,,,
50,685299,"Gordon, Tanner",146,34.2,0.2,0.067,0.333,0.267,0.261,,,3,15,88.4,30.8,2274,93.1,92.62,6,26,24,-0.5,6.13,108,149,120,149,298,327,304,"1.16","-1.16",,,,17,9,2,1,0,0,6,35.3,2,11.8,"1.26","1.38","0.88","0.09","91.0",233,33.33333333333333,11.11111111111111,5.88235294117647,6.43,-2.66,-0.12,3.2,0.294,1,"-2.32",,,"2.32",,,,,23.1,,,,,,,
49,813676,"Romero, Ivran",72,68.1,0.3,0,0.429,0.3,0.306,,,3,10,80.3,16.9,2396,91.5,91.45,8,23,26,0,6.24,113,148,120,148,302,327,277,"0.422","-0.422",,,,11,7,3,0,0,0,3,27.3,1,9.1,"1.64","1.09","0.54","-0.08","89.3",188,14.285714285714285,0,0,4.64,-3.04,0.13,2.68,0.364,0,"-0.86122449",,,"0.86122449",,,,,34.8,,,,,,,
49,680694,"Bradish, Kyle",222,22.1,0.286,0,0.286,0.286,0.31,,,2,7,93.1,9.4,2348,94.2,94.18,2,16,33,0,6.31,113,147,117,149,285,315,293,"0.278","-0.278",,,,8,7,2,0,0,0,0,0,1,12.5,"1.39","1.18","-0.13","0.11","95.3",182,57.14285714285714,0,0,6.42,-1.27,0.03,2.73,0.375,0,"-0.567346939",,,"0.567346939",,,,,12.5,,,,,,,
49,687911,"King, Bryan",84,58.3,0.273,0.364,0.333,0.636,0.408,,,3,11,95,6,2102,91.6,92.09,11,30,19,0.5,6.51,104,145,121,144,291,322,300,"0.17","-0.17",,,,12,7,1,1,0,1,4,33.3,1,8.3,"1.58","1.13","0.3","-0.09","92.6",149,57.14285714285714,14.285714285714285,8.333333333333332,5.46,2.68,-0.05,2.89,0.333,1,"-0.346938776",,,"0.346938776",,,,,36.7,,,,,,,
49,669310,"Van Eyk, CJ",159,30.8,0.417,0,0.556,0.417,0.452,,,5,12,94.4,-0.9,2092,93.3,93.59,1,19,30,0.29999999999999716,6.4,106,146,120,151,294,326,288,"-1.249","1.249",,,,16,9,5,0,0,0,3,18.8,4,25,"1.4","1.21","0.48","-0.13","92.6",112,55.55555555555556,0,0,5.47,-1.58,0.17,2.35,0.563,0,"2.548979592",,,"-2.548979592",,,,,5.3,,,,,,,
49,692414,"Curet, Yoniel",78,62.8,0.286,0.429,0.333,0.714,0.485,,,2,7,96.1,14,2192,95,95.71,6,20,29,0.7000000000000028,6.86,112,148,120,145,279,316,286,"-0.641","0.641",,,,9,4,1,0,0,1,3,33.3,1,11.1,"1.25","1.29","0.66","-0.17","91.4",187,75,0,0,5.69,-2.02,-0.29,2.5,0.444,0,"1.308163265",,,"-1.308163265",,,,,30,,,,,,,
49,691947,"Kopp, Ronan",98,50,0.182,0.182,0.182,0.364,0.268,,,2,11,93,15.4,2248,95,93.98,1,22,27,-1,5.9,115,150,118,150,297,322,292,"0.776","-0.776",,,,12,11,0,2,0,0,0,0,1,8.3,"1.08","1.46","0.32","-0.06","92.3",151,45.45454545454545,9.090909090909092,8.333333333333332,6.76,1.85,-0.33,2.21,0.25,1,"-1.583673469",,,"1.583673469",,,,,4.5,,,,,,,
48,693645,"Schlittler, Cam",147,32.7,0.25,0,0.429,0.25,0.259,,,3,12,95.6,13,2400,98.1,98.27,7,25,23,0.20000000000000284,6.54,116,150,125,151,281,324,291,"0.659","-0.659",,,,13,7,3,0,0,0,5,38.5,1,7.7,"0.95","1.43","0.36","-0.16","91.6",199,57.14285714285714,0,0,6.41,-1.54,0.07,2.29,0.308,0,"-1.372916667",,,"1.372916667",,,,,28,,,,,,,
48,663562,"Davis, Noah",213,22.5,0.556,0.667,0.5,1.222,0.746,,,5,9,93.3,26,2147,93.8,92.65,4,26,22,-1.0999999999999943,5.56,116,147,115,150,283,314,287,"-2.52","2.52",,,,10,8,3,0,0,2,1,10,1,10,"1.55","1.04","0.71","-0.55","91.9",205,50,12.5,10,5.83,-2.11,0.41,2.69,0.6,1,"5.25",,,"-5.25",,,,,15.4,,,,,,,
48,695001,"Santa, Alimber",109,44,0.333,0.111,0.375,0.444,0.449,,,3,9,84.5,-13.2,2052,94.9,95.17,5,22,26,0.29999999999999716,6.36,107,147,118,150,292,325,290,"-1.267","1.267",,,,13,8,2,1,0,0,1,7.7,4,30.8,"1.85","0.67","1.02","-0.24","92.8",81,50,0,0,5.67,-0.91,-0.01,2.08,0.538,0,"2.639583333",,,"-2.639583333",,,,,22.7,,,,,,,
48,676508,"Casparius, Ben",142,33.8,0.167,0.167,0.25,0.333,0.419,,,1,6,97.1,31,2421,96,94.98,5,13,35,-1,5.81,105,151,123,148,296,317,294,"-0.39","0.39",,,,13,4,0,1,0,0,3,23.1,6,46.2,"0.95","1.54","0.22","0.07","92.5",236,75,0,0,6.27,-0.65,-0.08,2.57,0.538,0,"0.8125",,,"-0.8125",,,,,38.5,,,,,,,
48,659381,"King, Justin",95,50.5,0,0,0,0,0.209,,,0,7,86.6,3.3,2204,95.5,95.16,7,23,25,-0.29999999999999716,6.34,110,146,118,145,289,317,292,"0.861","-0.861",,,,10,4,0,0,0,0,3,30,3,30,"1.18","1.34","0.69","-0.42","89.5",176,50,25,10,5.91,2.34,-0.17,2.58,0.3,1,"-1.79375",,,"1.79375",,,,,30.4,,,,,,,
48,665622,"Medina, Luis",152,31.6,0.375,0,0.375,0.375,0.433,,,3,8,87.4,19.5,2365,97.3,97.24,3,23,25,-0.09999999999999432,6.2,111,149,121,150,291,317,296,"-0.265","0.265",,,,11,8,3,0,0,0,0,0,3,27.3,"1.18","1.22","0.48","-0.36","91.3",192,37.5,0,0,6.18,-1.36,0.26,2.62,0.545,0,"0.552083333",,,"-0.552083333",,,,,13,,,,,,,
48,663462,"Campbell, Isaiah",91,52.7,0.182,0.273,0.286,0.455,0.296,,,2,11,88.4,2.9,2356,95.4,95.23,1,16,32,-0.20000000000000284,6.24,112,146,116,149,299,318,300,"0.705","-0.705",,,,12,7,0,1,1,0,4,33.3,1,8.3,"1.09","1.42","0.57","-0.21","90.8",181,42.857142857142854,14.285714285714285,8.333333333333332,6.45,-1.58,-0.28,2.75,0.25,1,"-1.46875",,,"1.46875",,,,,6.3,,,,,,,
48,674444,"Cruz, Steven",94,51.1,0.2,0.3,0.2,0.5,0.387,,,2,10,92.5,-1,2191,97,97.21,9,22,26,0.20000000000000284,6.56,110,144,123,145,288,312,293,"-0.338","0.338",,,,13,6,1,0,0,1,4,30.8,3,23.1,"1.12","1.32","0.62","-0.23","92.4",139,50,16.666666666666664,7.6923076923076925,5.69,-3.26,-0.15,2.77,0.385,1,"0.704166667",,,"-0.704166667",,,,,40.9,,,,,,,
47,696146,"Smith, Hagen",73,64.4,0.4,0.1,0.8,0.5,0.421,,,4,10,95.4,27.6,2318,96.2,96.71,5,17,30,0.5,6.52,104,145,118,143,300,328,292,"-1.207","1.207",,,,11,5,3,1,0,0,5,45.5,1,9.1,"1.34","1.11","0.77","-0.52","92.2",207,80,20,9.090909090909092,4.97,3.01,0.06,2.43,0.455,1,"2.568085106",,,"-2.568085106",,,,,29.4,,,,,,,
47,640448,"Finnegan, Kyle",87,54,0.083,0.167,0.167,0.25,0.214,,,1,12,85.7,4.3,2216,96.3,96.5,6,24,23,0.20000000000000284,6.53,115,146,118,146,286,328,289,"1.775","-1.775",,,,14,6,0,0,1,0,6,42.9,2,14.3,"0.98","1.49","0.66","0.07","89.8",180,33.33333333333333,0,0,5.84,-1.62,-0.11,2.55,0.214,0,"-3.776595745",,,"3.776595745",,,,,25,,,,,,,
47,656786,"Mushinski, Parker",165,28.5,0.7,0.7,0.556,1.4,0.801,,,7,10,95.6,10.3,2341,92.1,92.64,5,26,21,0.5,6.41,110,148,120,146,296,315,290,"-4.163","4.163",,,,12,11,4,1,0,2,0,0,1,8.3,"1.7","0.97","0.52","0.05","93.6",213,54.54545454545454,27.27272727272727,25,5.55,1.83,0.24,2.48,0.667,3,"8.857446809",,,"-8.857446809",,,,,19.2,,,,,,,
47,676395,"Garcia, Robert",98,48,0.2,0.2,0.25,0.4,0.248,,,2,10,92.8,3.5,2235,94,93.98,5,26,21,0,6.36,117,150,119,151,307,324,305,"0.244","-0.244",,,,10,8,1,0,1,0,2,20,0,0,"1.44","1.14","0.8","-0.11","92.1",168,37.5,0,0,5.61,3.66,0.09,2.84,0.2,0,"-0.519148936",,,"0.519148936",,,,,19.2,,,,,,,
47,663321,"Hernandez, Nick",124,37.9,0.3,0.3,0.222,0.6,0.501,,,3,10,93.8,0.7,2304,90.7,90.8,5,24,23,0.09999999999999432,6.39,105,149,117,147,291,317,293,"-2.227","2.227",,,,16,10,2,0,0,1,0,0,6,37.5,"1.43","1.35","0.3","0.04","94.4",115,50,10,6.25,5.77,-2.71,0.44,2.87,0.563,1,"4.738297872",,,"-4.738297872",,,,,20.8,,,,,,,
47,694494,"Johnson, Ty",84,56,0.1,0,0.1,0.1,0.144,,,1,10,86.4,20.9,2663,93.1,93.5,7,29,18,0.4000000000000057,6.49,108,147,120,147,286,308,285,"1.634","-1.634",,,,11,10,1,0,0,0,0,0,1,9.1,"1.24","1.4","0.76","0.17","90.5",190,40,0,0,5.52,-1.93,0.23,2.82,0.182,0,"-3.476595745",,,"3.476595745",,,,,24.1,,,,,,,
47,675848,"Mejia, Juan",64,73.4,0,0,0,0,0.174,,,0,8,90.4,1.5,2408,96.4,95.86,9,18,29,-0.5,5.94,113,144,110,149,291,316,301,"1.457","-1.457",,,,12,4,0,0,0,0,5,41.7,3,25,"1.37","1.08","0.34","-0.18","92.5",155,50,0,0,6.09,-1.43,0.12,2.56,0.25,0,"-3.1",,,"3.1",,,,,50,,,,,,,
47,673540,"Senga, Kodai",151,31.1,0.214,0.286,0.167,0.5,0.3,,,3,14,94.3,17.6,2357,96.2,96.2,4,30,17,0,6.33,109,151,121,150,291,317,285,"-0.485","0.485",,,,14,13,1,1,0,1,1,7.1,0,0,"1.11","1.36","0.63","0.23","92.2",189,61.53846153846154,15.384615384615385,14.285714285714285,6.01,-1.9,0.01,2.3,0.214,2,"1.031914894",,,"-1.031914894",,,,,13.3,,,,,,,
46,621244,"Berríos, José",164,28,0.333,0.111,0.375,0.444,0.374,,,3,9,83.4,27.1,2139,92.7,92.7,4,23,23,0,6.36,114,148,117,149,299,328,294,"-0.506","0.506",,,,10,8,2,1,0,0,1,10,1,10,"1.44","1.22","0.83","-0.24","89.5",170,25,0,0,5.7,-2.84,0.11,2.95,0.4,0,"1.1",,,"-1.1",,,,,17.4,,,,,,,
46,688230,"Alford, Peyton",92,50,0.308,0.231,0.444,0.538,0.384,,,4,13,93.9,9.8,2319,92.7,91.87,7,22,24,-0.7999999999999972,5.84,113,147,119,146,294,319,294,"-1.776","1.776",,,,14,9,1,3,0,0,4,28.6,1,7.1,"1.14","1.52","0.57","-0.32","93.6",157,75,12.5,7.142857142857142,5.53,1.02,0.1,2.91,0.357,1,"3.860869565",,,"-3.860869565",,,,,31.8,,,,,,,
46,694973,"Skenes, Paul",118,39,0.125,0.25,0.2,0.375,0.365,,,1,8,89.6,37,2293,96.5,96.92,5,17,29,0.4000000000000057,6.7,113,148,121,149,303,316,296,"0.28","-0.28",,,,12,5,0,0,1,0,3,25,4,33.3,"1.26","1.21","0.97","-0.12","90.6",204,20,0,0,5.67,-2.76,-0.28,3.15,0.417,0,"-0.608695652",,,"0.608695652",,,,,29.4,,,,,,,
46,670990,"Ramírez, Yohan",115,40,0.333,0.083,0.444,0.417,0.356,,,4,12,88.1,12,2322,96.9,97.28,6,25,21,0.3999999999999915,6.76,121,147,124,151,292,318,292,"-0.349","0.349",,,,13,9,3,1,0,0,3,23.1,1,7.7,"1.36","1.09","0.93","-0.59","90.9",184,44.44444444444444,11.11111111111111,7.6923076923076925,5.07,-1.98,0.24,2.8,0.385,1,"0.758695652",,,"-0.758695652",,,,,24,,,,,,,
46,690440,"Hanner, Bradley",154,29.9,0.067,0.133,0.125,0.2,0.178,,,1,15,91,23,2453,93.2,93.48,6,24,22,0.29999999999999716,6.29,116,149,127,151,283,311,282,"1.922","-1.922",,,,17,8,0,0,1,0,7,41.2,1,5.9,"1.41","1.2","0.58","-0.09","90.4",179,25,12.5,5.88235294117647,5.32,-2.02,0.04,2.58,0.176,1,"-4.17826087",,,"4.17826087",,,,,25,,,,,,,
46,679029,"Vásquez, Samuel",95,48.4,0.267,0,0.308,0.267,0.316,,,4,15,87.5,4,2034,98.3,98.13,1,25,21,-0.20000000000000284,6.16,117,148,129,151,289,323,291,"0.129","-0.129",,,,18,13,4,0,0,0,2,11.1,2,11.1,"1.15","1.21","0.9","-0.02","92.0",171,30.76923076923077,7.6923076923076925,5.555555555555555,5.92,-1.4,-0.18,2.15,0.389,1,"-0.280434783",,,"0.280434783",,,,,4,,,,,,,
46,695076,"Lowder, Rhett",252,18.3,0.182,0,0.25,0.182,0.206,,,2,11,93.2,16.1,2229,94.1,93.81,6,20,26,-0.29999999999999716,6.15,107,146,112,151,283,313,299,"0.877","-0.877",,,,12,8,2,0,0,0,3,25,1,8.3,"1.43","1.15","0.78","-0.43","92.2",214,42.857142857142854,0,0,5.99,-2.33,-0.12,3.11,0.25,0,"-1.906521739",,,"1.906521739",,,,,30,,,,,,,
46,680742,"Bowlan, Jonathan",126,36.5,0.364,0.273,0.8,0.636,0.444,,,4,11,97,16.4,2259,96.3,96.45,13,25,21,0.20000000000000284,6.48,117,146,122,151,281,311,287,"-1.567","1.567",,,,12,5,2,1,1,0,6,50,1,8.3,"0.95","1.52","0.75","-0.37","92.7",232,80,20,8.333333333333332,6.37,-2.56,0.07,3.17,0.417,1,"3.406521739",,,"-3.406521739",,,,,52,,,,,,,
45,669387,"Mlodzinski, Carmen",201,22.4,0.357,0.214,0.571,0.571,0.42,,,5,14,93.2,17.4,2124,94.9,95.01,4,21,24,0.09999999999999432,6.51,105,146,113,147,281,313,286,"-1.12","1.12",,,,15,8,4,0,0,1,6,40,1,6.7,"1.37","1.18","0.71","-0.05","91.8",190,50,12.5,6.666666666666667,5.6,-1.41,0.32,2.68,0.4,1,"2.488888889",,,"-2.488888889",,,,,19,,,,,,,
45,688107,"Gasser, Robert",205,22,0.455,0.727,0.6,1.182,0.683,,,5,11,95.9,20.1,2164,93.3,94.04,4,22,23,0.7000000000000028,6.71,114,151,118,148,293,314,297,"-2.923","2.923",,,,11,7,1,2,0,2,4,36.4,0,0,"1.52","1.1","0.62","-0.24","92.2",186,57.14285714285714,14.285714285714285,9.090909090909092,5.38,2.29,-0.03,2.82,0.455,1,"6.495555556",,,"-6.495555556",,,,,18.2,,,,,,,
45,696070,"Rojas, Kendry",109,41.3,0.231,0,0.333,0.231,0.24,,,3,13,83.5,23.3,2104,96.4,97.13,8,25,20,0.6999999999999886,6.66,108,150,123,146,285,320,284,"1.014","-1.014",,,,14,9,3,0,0,0,4,28.6,1,7.1,"1.16","1.29","0.57","-0.48","90.2",187,22.22222222222222,0,0,6.16,1.65,-0.16,3.01,0.286,0,"-2.253333333",,,"2.253333333",,,,,32,,,,,,,
45,676831,"Whitley, Kodi",106,42.5,0.385,0.538,0.429,0.923,0.549,,,5,13,100.3,16.2,2234,93.6,93.49,4,28,17,-0.09999999999999432,6.36,108,151,118,149,293,322,289,"-1.193","1.193",,,,13,9,2,1,0,2,4,30.8,0,0,"1.07","1.55","0.6","0.25","93.0",216,77.77777777777779,11.11111111111111,7.6923076923076925,6.35,-0.3,0.2,2.4,0.385,1,"2.651111111",,,"-2.651111111",,,,,14.3,,,,,,,
45,641585,"France, J.P.",189,23.8,0.375,0.125,0.5,0.5,0.374,,,3,8,93.8,13.2,2391,92.3,92.17,6,15,30,-0.09999999999999432,6.13,111,147,122,150,295,315,285,"-1.128","1.128",,,,10,6,2,1,0,0,3,30,1,10,"1.42","1.25","0.46","-0.1","95.5",194,66.66666666666666,16.666666666666664,10,5.5,-1.66,0.4,2.54,0.4,1,"2.506666667",,,"-2.506666667",,,,,40,,,,,,,
45,681676,"Fernandez, Ryan",122,36.9,0.182,0.364,0.143,0.545,0.386,,,2,11,97.2,18.1,2193,93.7,94.29,4,18,27,0.5999999999999943,6.58,109,149,114,148,286,320,278,"-0.591","0.591",,,,14,8,0,1,0,1,3,21.4,3,21.4,"1.06","1.53","0.62","-0.03","94.8",164,62.5,37.5,21.428571428571427,5.97,-1.54,0.18,2.72,0.357,3,"1.313333333",,,"-1.313333333",,,,,22.2,,,,,,,
45,608371,"Sims, Lucas",101,44.6,0.1,0,0.111,0.1,0.229,,,1,10,88.4,22.2,2505,94.6,94.15,3,23,22,-0.3999999999999915,5.85,101,143,118,145,296,325,297,"1.381","-1.381",,,,13,9,1,0,0,0,1,7.7,3,23.1,"1.24","1.29","0.3","0","91.1",194,22.22222222222222,0,0,5.73,-1.13,0.2,2.89,0.308,0,"-3.068888889",,,"3.068888889",,,,,13,,,,,,,
44,680232,"Wolf, Jackson",178,24.7,0.067,0,0.083,0.067,0.127,,,1,15,92.5,21.2,2134,90.4,91.83,5,24,20,1.3999999999999915,7.18,108,151,123,148,294,324,295,"2.966","-2.966",,,,18,12,1,0,0,0,4,22.2,2,11.1,"1.76","1.03","0.69","-0.27","92.8",218,41.66666666666667,8.333333333333332,5.555555555555555,5.3,3.41,0.14,2.82,0.167,1,"-6.740909091",,,"6.740909091",,,,,20.8,,,,,,,
44,694375,"Nichols, TJ",77,57.1,0.182,0.273,0.143,0.455,0.303,,,2,11,91.2,26.3,2027,96.1,95.9,2,16,28,-0.19999999999998863,6.24,109,145,117,146,283,313,287,"-1.234","1.234",,,,12,8,1,0,0,1,3,25,1,8.3,"1.16","1.31","0.83","-0.02","92.0",199,62.5,25,16.666666666666664,6.01,-1.1,0.12,2.17,0.25,2,"2.804545455",,,"-2.804545455",,,,,12.5,,,,,,,
44,690939,"Noland, Connor",105,41.9,0.25,0.167,0.333,0.417,0.367,,,3,12,91.2,1.3,2232,91.6,92.13,6,23,21,0.5,6.52,113,147,113,148,292,326,306,"-0.003","0.003",,,,15,9,1,2,0,0,3,20,3,20,"1.8","0.91","-0.11","0.1","93.7",121,55.55555555555556,0,0,6.29,-2.11,-0.18,2.13,0.4,0,"0.006818182",,,"-0.006818182",,,,,26.1,,,,,,,
44,680916,"Aleman, Franco",65,67.7,0.385,0.308,0.4,0.692,0.492,,,5,13,92.9,10.9,2506,96.3,97.04,3,22,22,0.7000000000000028,6.73,110,147,124,149,292,326,298,"-1.795","1.795",,,,15,11,3,1,0,1,2,13.3,2,13.3,"1.47","1","1.23","-0.23","92.7",153,54.54545454545454,9.090909090909092,6.666666666666667,5.82,-1.88,-0.04,2.36,0.467,1,"4.079545455",,,"-4.079545455",,,,,13.6,,,,,,,
44,668873,"Kilian, Caleb",135,32.6,0.167,0,0.25,0.167,0.148,,,2,12,82.2,17.6,2259,97.8,98.6,4,23,21,0.7999999999999972,6.71,113,150,117,152,306,330,302,"0.743","-0.743",,,,12,8,2,0,0,0,4,33.3,0,0,"1.08","1.3","0.33","-0.08","89.3",144,25,0,0,5.91,-2.34,0.14,2.59,0.167,0,"-1.688636364",,,"1.688636364",,,,,17.4,,,,,,,
44,700187,"Taylor, Troy",104,42.3,0.467,0.6,0.455,1.067,0.651,,,7,15,95.2,24.3,2292,96.2,95.76,1,24,20,-0.4000000000000057,6.17,108,148,118,145,297,318,299,"-5.742","5.742",,,,18,13,3,1,1,2,2,11.1,3,16.7,"1.57","0.91","1.24","0.47","94.6",194,61.53846153846154,15.384615384615385,11.11111111111111,5.73,-1.8,-0.19,2.56,0.556,2,"13.05",,,"-13.05",,,,,4.2,,,,,,,
44,621074,"Rucker, Michael",110,40,0.4,0.067,0.429,0.467,0.4,,,6,15,83.7,18.8,2275,95.8,95.62,9,26,18,-0.20000000000000284,6.16,103,139,113,143,293,322,301,"-0.535","0.535",,,,16,14,5,1,0,0,1,6.3,1,6.3,"1.26","1.22","0.44","-0.04","89.8",186,7.142857142857142,0,0,5.52,-2.05,0.35,2.75,0.438,0,"1.215909091",,,"-1.215909091",,,,,34.6,,,,,,,
44,802363,"Geber, Jordan",68,64.7,0.222,0,0.333,0.222,0.198,,,2,9,91.9,7.2,2272,93.8,93.65,3,23,21,-0.20000000000000284,6.38,108,147,123,147,286,311,286,"1.238","-1.238",,,,9,6,2,0,0,0,3,33.3,0,0,"1.25","1.36","0.7","0.19","91.4",170,50,0,0,5.22,-1.09,0.29,2.49,0.222,0,"-2.813636364",,,"2.813636364",,,,,13,,,,,,,
44,656257,"Brigham, Jeff",121,36.4,0.5,0.667,0.4,1.167,0.699,,,3,6,93.9,36.5,2365,94.4,93.82,0,22,22,-0.6000000000000085,6,117,149,117,151,298,328,304,"-2.754","2.754",,,,10,6,1,1,0,1,0,0,4,40,"1.18","1.39","0.74","-0.28","91.3",228,50,0,0,5.72,-1.71,-0.17,2.59,0.7,0,"6.259090909",,,"-6.259090909",,,,,0,,,,,,,
44,681151,"Murray, Jayden",118,37.3,0.286,0,0.4,0.286,0.387,,,2,7,87.2,27.2,2354,94.5,93.99,4,20,24,-0.5,6.06,109,148,118,147,299,323,298,"-0.354","0.354",,,,10,5,2,0,0,0,2,20,3,30,"1.37","1.19","1","0.16","90.0",204,20,0,0,5.69,-2.09,0.11,2.56,0.5,0,"0.804545455",,,"-0.804545455",,,,,20,,,,,,,
44,640451,"Harvey, Hunter",94,46.8,0.364,0.091,0.5,0.455,0.357,,,4,11,92.9,19.3,1996,97.2,97.13,3,20,24,-0.10000000000000853,6.2,110,148,115,151,291,326,302,"-0.515","0.515",,,,11,8,3,1,0,0,3,27.3,0,0,"1.04","1.37","0.4","-0.05","91.6",214,37.5,0,0,5.88,-1.66,0.02,2.58,0.364,0,"1.170454545",,,"-1.170454545",,,,,15,,,,,,,
44,607259,"Martinez, Nick",262,16.8,0.583,0.5,0.545,1.083,0.704,,,7,12,90.3,19.8,2217,92.3,91.6,4,27,17,-0.7000000000000028,5.94,105,148,124,150,307,320,293,"-5.534","5.534",,,,14,12,4,1,1,1,0,0,2,14.3,"1.31","1.37","0.46","-0.11","92.0",241,41.66666666666667,16.666666666666664,14.285714285714285,6.16,-1.85,-0.12,2.92,0.643,2,"12.577272727",,,"-12.577272727",,,,,14.8,,,,,,,
43,801517,"Giesting, Spencer",123,35,0.188,0.25,0.2,0.438,0.288,,,3,16,92.4,30,2447,92.3,93.59,6,28,15,1.2999999999999972,6.97,110,148,122,148,299,322,300,"-0.508","0.508",,,,17,11,1,1,0,1,5,29.4,1,5.9,"1.42","1.25","0.36","-0.07","91.5",221,54.54545454545454,9.090909090909092,5.88235294117647,5.4,2.61,-0.03,2.67,0.235,1,"1.181395349",,,"-1.181395349",,,,,21.4,,,,,,,
43,608331,"Fried, Max",223,19.3,0.111,0,0.167,0.111,0.208,,,1,9,92.6,-2.7,2018,94.2,94.15,5,20,23,0,6.29,100,150,129,148,296,322,272,"1.171","-1.171",,,,11,6,1,0,0,0,3,27.3,2,18.2,"1.27","1.3","0.35","-0.22","92.1",167,50,16.666666666666664,9.090909090909092,6.1,0.85,0.13,2.87,0.273,1,"-2.723255814",,,"2.723255814",,,,,25,,,,,,,
43,663158,"Suarez, Robert",94,45.7,0.077,0,0.143,0.077,0.113,,,1,13,97,5.1,2348,97.8,98.5,6,23,20,0.7000000000000028,6.77,110,150,126,149,309,319,289,"1.916","-1.916",,,,14,7,1,0,0,0,6,42.9,1,7.1,"0.98","1.42","0.39","0.16","91.9",188,71.42857142857143,14.285714285714285,7.142857142857142,6.22,-1.5,0.21,2.63,0.143,1,"-4.455813953",,,"4.455813953",,,,,26.1,,,,,,,
43,695766,"Molina, Mason",90,47.8,0.5,0.8,0.5,1.3,0.739,,,5,10,93.5,29.9,2288,93.2,93.77,9,21,22,0.5999999999999943,6.56,110,150,116,148,290,315,296,"-5.713","5.713",,,,13,8,1,2,0,2,2,15.4,3,23.1,"1.03","1.59","0.36","-0.16","93.6",223,37.5,37.5,23.076923076923077,6.12,1.09,0.06,2.7,0.615,3,"13.286046512",,,"-13.286046512",,,,,42.9,,,,,,,
43,592717,"Sanchez, Aaron",152,28.3,0.417,0.417,0.364,0.833,0.553,,,5,12,97.4,9.4,2112,92.9,94.81,0,17,26,1.8999999999999915,7.15,114,148,118,151,293,318,300,"-1.784","1.784",,,,14,12,2,2,0,1,0,0,2,14.3,"1.44","1.18","0.73","-0.17","96.7",171,75,16.666666666666664,14.285714285714285,5.48,-1.46,0.01,2.72,0.5,2,"4.148837209",,,"-4.148837209",,,,,0,,,,,,,
43,701656,"Henderson, Logan",79,54.4,0,0,0,0,0,,,0,9,89.1,13.4,2349,93.4,93.27,7,24,19,-0.10000000000000853,6.2,115,150,115,148,300,323,294,"2.512","-2.512",,,,10,7,0,0,0,0,3,30,0,0,"1.12","1.49","0.79","0.19","91.8",222,42.857142857142854,14.285714285714285,10,5.17,-1.26,0.19,2.52,0,1,"-5.841860465",,,"5.841860465",,,,,29.2,,,,,,,
43,678906,"Teng, Kai-Wei",161,26.7,0,0,0,0,0,,,0,8,94.9,13.6,2427,93.7,93.25,3,19,24,-0.5,6.04,110,146,121,150,296,315,288,"1.749","-1.749",,,,9,8,0,0,0,0,1,11.1,0,0,"1.47","1.13","0.93","-0.33","94.1",177,37.5,12.5,11.11111111111111,5.57,-1.99,-0.06,2.68,0,1,"-4.06744186",,,"4.06744186",,,,,15.8,,,,,,,
43,621097,"Waguespack, Jacob",110,39.1,0.286,0.143,0.5,0.429,0.356,,,2,7,95,12,2129,92.1,93.1,3,19,24,1,6.97,116,147,117,148,295,320,294,"-0.007","0.007",,,,8,4,1,1,0,0,3,37.5,1,12.5,"1.18","1.51","0.18","-0.06","91.3",211,75,25,12.5,6.5,-0.08,-0.06,2.92,0.375,1,"0.01627907",,,"-0.01627907",,,,,15.8,,,,,,,
43,543135,"Eovaldi, Nathan",257,16.7,0.111,0,0.111,0.111,0.208,,,1,9,96,2.1,2175,95.2,96.02,3,19,24,0.7999999999999972,6.74,116,149,116,151,300,318,304,"1.54","-1.54",,,,11,9,1,0,0,0,0,0,2,18.2,"1.45","1.06","1.01","-0.09","93.2",205,55.55555555555556,22.22222222222222,18.181818181818183,5.54,-2.43,-0.13,2.32,0.273,2,"-3.581395349",,,"3.581395349",,,,,15.8,,,,,,,
43,670245,"Watson, Ryan",202,21.3,0.5,0.083,0.667,0.583,0.493,,,6,12,90.8,15.7,2176,93.5,94.85,6,27,16,1.4000000000000057,7.07,113,149,126,150,286,311,291,"-1.37","1.37",,,,13,9,5,1,0,0,3,23.1,1,7.7,"1.34","1.27","0.55","-0.1","92.0",172,55.55555555555556,11.11111111111111,7.6923076923076925,5.57,-1.16,0.02,3.12,0.538,1,"3.186046512",,,"-3.186046512",,,,,22.2,,,,,,,
42,700270,"Díaz, Yilber",81,51.9,0.455,0.364,0.571,0.818,0.556,,,5,11,99.2,10.4,2230,96.4,95.37,5,20,22,-1,5.79,112,147,119,149,296,319,297,"-1.543","1.543",,,,12,8,3,1,0,1,3,25,1,8.3,"1.18","1.28","0.88","0.15","96.1",192,62.5,25,16.666666666666664,5.98,-1.26,-0.02,2.52,0.5,2,"3.673809524",,,"-3.673809524",,,,,25,,,,,,,
42,688497,"Rashi, Taylor",89,47.2,0.385,0.308,0.444,0.692,0.46,,,5,13,91.8,14.5,2191,90.5,91.58,5,21,21,1.0999999999999943,6.82,119,147,118,148,293,313,293,"-0.838","0.838",,,,13,10,3,1,0,1,3,23.1,0,0,"1.37","1.4","-0.21","0.11","92.0",204,40,10,7.6923076923076925,6.41,0.11,0.07,2.44,0.385,1,"1.995238095",,,"-1.995238095",,,,,23.8,,,,,,,
42,669199,"Bachar, Lake",159,26.4,0.8,0.4,0.8,1.2,0.799,,,4,5,96.3,18.8,2652,94.1,93.38,5,16,26,-0.6999999999999886,5.89,111,143,118,146,282,314,283,"-3.498","3.498",,,,8,5,2,2,0,0,0,0,3,37.5,"1.08","1.49","0.91","0.05","94.9",212,80,0,0,5.97,-1.76,-0.34,3.19,0.875,0,"8.328571429",,,"-8.328571429",,,,,31.3,,,,,,,
42,669684,"Murphy, Chris",176,23.9,0.313,0.063,0.417,0.375,0.324,,,5,16,88.6,13.6,2317,94.7,94.78,7,30,12,0.09999999999999432,6.32,103,147,124,145,302,332,300,"0.716","-0.716",,,,17,12,4,1,0,0,4,23.5,1,5.9,"1.17","1.37","0.54","-0.29","92.1",196,58.333333333333336,8.333333333333332,5.88235294117647,5.61,1.72,0.11,2.85,0.353,1,"-1.704761905",,,"1.704761905",,,,,23.3,,,,,,,
42,665152,"Kremer, Dean",169,24.9,0.3,0.1,0.333,0.4,0.367,,,3,10,95.2,28.8,2282,92.5,92.13,6,24,18,-0.4000000000000057,6.18,110,143,117,148,291,314,290,"-0.307","0.307",,,,14,9,2,1,0,0,2,14.3,3,21.4,"1.19","1.48","0.53","-0.18","93.8",215,66.66666666666666,22.22222222222222,14.285714285714285,6.01,-2.02,0.03,2.98,0.429,2,"0.730952381",,,"-0.730952381",,,,,25,,,,,,,
42,677053,"Nardi, Andrew",99,42.4,0,0,0,0,0.199,,,0,5,95.7,7.7,2213,92.7,93.46,5,18,24,0.7999999999999972,6.71,108,149,128,148,280,313,275,"0.735","-0.735",,,,7,3,0,0,0,0,2,28.6,2,28.6,"1.33","1.33","0.57","-0.15","90.1",163,66.66666666666666,0,0,5.65,3,-0.08,2.57,0.286,0,"-1.75",,,"1.75",,,,,27.8,,,,,,,
42,804267,"Thornton, Zac",116,36.2,0.333,0.083,0.4,0.417,0.327,,,4,12,94,18.3,2285,92.3,91.66,3,23,19,-0.5999999999999943,6.09,112,149,122,148,294,323,284,"0.953","-0.953",,,,12,10,3,1,0,0,2,16.7,0,0,"1.31","1.38","0.52","-0.12","91.5",184,40,10,8.333333333333332,6.16,2.19,-0.41,2.41,0.333,1,"-2.269047619",,,"2.269047619",,,,,13,,,,,,,
42,518876,"Kelly, Merrill",124,33.9,0.333,0.333,0.375,0.667,0.416,,,3,9,96.6,27.5,2313,91.4,90.6,1,18,24,-0.8000000000000114,5.87,113,147,116,151,295,320,296,"-0.962","0.962",,,,9,8,1,1,1,0,1,11.1,0,0,"1.48","1.26","0.74","-0.35","93.3",212,50,12.5,11.11111111111111,5.49,-1.89,-0.13,2.61,0.333,1,"2.29047619",,,"-2.29047619",,,,,5.6,,,,,,,
42,677952,"Ashcraft, Braxton",204,20.6,0.333,0,0.333,0.333,0.337,,,3,9,87.1,26.4,2345,96.6,96.57,2,22,20,0,6.36,117,148,122,148,285,320,295,"0.04","-0.04",,,,10,9,3,0,0,0,0,0,1,10,"1.18","1.27","0.71","-0.08","91.8",190,33.33333333333333,0,0,6.21,-1.07,0.14,2.94,0.4,0,"-0.095238095",,,"0.095238095",,,,,9.1,,,,,,,
41,669620,"Basso, Brady",86,47.7,0.286,0.143,0.364,0.429,0.333,,,4,14,95,15.3,2291,93.9,93.81,5,23,18,-0.10000000000000853,6.18,104,149,122,148,296,312,283,"0.023","-0.023",,,,15,11,2,2,0,0,3,20,1,6.7,"1.26","1.32","0.56","-0.3","93.9",199,63.63636363636363,0,0,6.57,1.9,0,2.66,0.333,0,"-0.056097561",,,"0.056097561",,,,,21.7,,,,,,,
41,686826,"Jarvis, Bryce",103,39.8,0.267,0.067,0.364,0.333,0.289,,,4,15,95.5,24,2170,94.2,93.25,4,20,21,-1,5.8,111,146,115,149,292,318,303,"-0.141","0.141",,,,16,11,3,1,0,0,4,25,1,6.3,"1.36","1.22","0.81","-0.37","94.7",215,63.63636363636363,0,0,5.79,-1.78,0.15,2.52,0.313,0,"0.343902439",,,"-0.343902439",,,,,20,,,,,,,
41,592155,"Booser, Cam",159,25.8,0.182,0.273,0.125,0.455,0.267,,,2,11,94.5,22.6,1994,94.6,94.78,2,21,20,0.20000000000000284,6.5,107,148,120,148,290,321,293,"0.216","-0.216",,,,11,9,1,0,0,1,2,18.2,0,0,"1.19","1.37","0.67","-0.02","93.6",167,55.55555555555556,0,0,5.91,2.38,0.29,2.86,0.182,0,"-0.526829268",,,"0.526829268",,,,,9.5,,,,,,,
41,676742,"Sanders, Cam",112,36.6,0.385,0.462,0.429,0.846,0.52,,,5,13,92.1,21,2437,95.6,94.66,6,22,19,-0.8999999999999915,6.04,114,150,125,151,291,321,291,"-4.356","4.356",,,,13,9,3,0,0,2,4,30.8,0,0,"1.13","1.39","0.5","-0.21","94.0",205,66.66666666666666,22.22222222222222,15.384615384615385,6.05,-3.22,-0.29,2.68,0.385,2,"10.624390244",,,"-10.624390244",,,,,27.3,,,,,,,
41,669330,"Wells, Tyler",101,40.6,0,0,0,0,0.143,,,0,8,75.8,11.4,2402,92.5,92.41,4,21,20,-0.09999999999999432,6.27,111,147,122,147,291,310,286,"1.83","-1.83",,,,10,5,0,0,0,0,3,30,1,10,"1.11","1.56","0.32","0.03","89.3",110,0,0,0,7.06,-0.82,0.02,2.95,0.2,0,"-4.463414634",,,"4.463414634",,,,,19,,,,,,,
41,681035,"Scott, Christian",103,39.8,0.125,0,0.333,0.125,0.307,,,1,8,76.2,-35.7,2228,95.4,96.16,8,19,22,0.7999999999999972,6.81,107,145,123,145,291,314,285,"0.076","-0.076",,,,12,3,1,0,0,0,5,41.7,4,33.3,"1.26","1.25","0.76","0.15","88.3",207,0,0,0,5.33,-3.03,-0.09,3.06,0.417,0,"-0.185365854",,,"0.185365854",,,,,42.1,,,,,,,
41,593576,"Neris, Héctor",122,33.6,0.545,0.636,0.444,1.182,0.721,,,6,11,98.5,24.3,2360,91.1,90.65,1,22,19,-0.3999999999999915,6.04,112,149,119,148,293,319,294,"-4.274","4.274",,,,16,11,3,1,0,2,0,0,4,25,"1.39","1.36","0.69","0.01","95.6",220,66.66666666666666,25,18.75,5.84,-1.67,-0.01,2.71,0.667,3,"10.424390244",,,"-10.424390244",,,,,4.5,,,,,,,
41,687570,"Prielipp, Connor",122,33.6,0.4,0,0.5,0.4,0.413,,,2,5,93.6,33,2227,96.2,94.74,3,17,24,-1.5,5.62,105,149,120,146,288,314,282,"-0.566","0.566",,,,6,4,2,0,0,0,1,16.7,1,16.7,"1.16","1.32","0.74","-0.71","92.0",246,25,25,16.666666666666664,6.18,1.43,0.33,3.33,0.5,1,"1.380487805",,,"-1.380487805",,,,,17.6,,,,,,,
41,672442,"Cruz, Yovanny",57,71.9,0.2,0,0.286,0.2,0.225,,,2,10,94.8,30.6,2085,100.6,99.92,6,23,18,-0.6999999999999886,6.03,110,147,123,150,291,324,290,"0.901","-0.901",,,,11,7,2,0,0,0,3,27.3,1,9.1,"1.22","1.05","0.97","-0.1","92.2",231,71.42857142857143,0,0,5.9,-2.63,-0.11,2.56,0.273,0,"-2.197560976",,,"2.197560976",,,,,26.1,,,,,,,
40,669160,"May, Dustin",184,21.7,0.286,0.143,0.4,0.429,0.424,,,2,7,89.9,0.8,2331,97.5,97.76,8,22,18,0.29999999999999716,6.67,112,145,109,149,284,326,302,"-0.991","0.991",,,,10,5,1,1,0,0,2,20,3,30,"1.2","1.22","0.9","-0.55","90.8",152,40,0,0,5.6,-2.14,0.38,2.89,0.5,0,"2.4775",,,"-2.4775",,,,,36.4,,,,,,,
40,663455,"Pilkington, Konnor",117,34.2,0.231,0.077,0.333,0.308,0.234,,,3,13,92.1,18.2,2331,92.4,92.43,2,16,24,0,6.5,112,151,121,148,293,321,290,"0.914","-0.914",,,,13,9,2,1,0,0,4,30.8,0,0,"1.38","1.31","0.82","-0.31","93.1",158,66.66666666666666,11.11111111111111,7.6923076923076925,5.75,2.8,-0.26,2.62,0.231,1,"-2.285",,,"2.285",,,,,12.5,,,,,,,
40,664129,"Hartlieb, Geoff",108,37,0.545,0.364,0.625,0.909,0.63,,,6,11,96,7.4,2359,94.5,94.38,2,16,24,-0.09999999999999432,6.14,108,145,114,147,290,314,292,"-2.883","2.883",,,,12,9,4,1,0,1,2,16.7,1,8.3,"1.32","1.22","0.62","-0.35","96.3",135,62.5,12.5,8.333333333333332,6.18,-2.54,-0.12,2.81,0.583,1,"7.2075",,,"-7.2075",,,,,12.5,,,,,,,
40,696131,"Black, Mason",124,32.3,0.2,0.2,0.25,0.4,0.326,,,2,10,98.2,18.1,2066,94,94.58,4,17,23,0.5999999999999943,6.58,120,144,125,150,291,318,304,"0.278","-0.278",,,,12,8,0,2,0,0,2,16.7,2,16.7,"1.42","1.16","0.95","-0.74","96.0",182,62.5,12.5,8.333333333333332,5.4,-1.75,-0.28,2.87,0.333,1,"-0.695",,,"0.695",,,,,23.5,,,,,,,
40,663941,"Beck, Tristan",110,36.4,0.143,0.143,0.167,0.286,0.299,,,1,7,93.4,-1.2,2143,95.2,95.62,2,18,22,0.3999999999999915,6.61,108,148,116,147,306,325,300,"0.601","-0.601",,,,9,6,0,1,0,0,1,11.1,1,11.1,"1.23","1.29","0.73","0.14","91.9",165,33.33333333333333,16.666666666666664,11.11111111111111,6.04,-2.33,0.08,3.03,0.333,1,"-1.5025",,,"1.5025",,,,,11.1,,,,,,,
40,695243,"Miller, Mason",75,53.3,0.222,0.111,0.333,0.333,0.285,,,2,9,97.5,7.3,2405,100.8,101.29,8,24,16,0.5,6.57,113,150,120,150,297,321,304,"0.713","-0.713",,,,11,6,1,1,0,0,3,27.3,1,9.1,"0.91","1.34","0.47","0.03","93.3",204,57.14285714285714,14.285714285714285,9.090909090909092,6.57,-1.69,0.03,2.95,0.3,1,"-1.7825",,,"1.7825",,,,,33.3,,,,,,,
40,687223,"Palmquist, Carson",62,64.5,0.182,0.182,0.222,0.364,0.301,,,2,11,94.8,5.3,2123,91.5,93.19,3,19,21,1.7000000000000028,7.43,115,149,120,148,295,308,295,"0.446","-0.446",,,,13,9,0,2,0,0,2,15.4,2,15.4,"1.71","1.02","0.96","0.04","93.3",168,66.66666666666666,11.11111111111111,7.6923076923076925,4.92,3.29,0.14,2.53,0.308,1,"-1.115",,,"1.115",,,,,15.8,,,,,,,
40,663366,"Burrows, Beau",69,58,0.273,0.455,0.286,0.727,0.456,,,3,11,92.4,18.6,2477,93.8,92.42,5,16,24,-1.3999999999999915,5.8,119,150,128,154,290,315,286,"-0.284","0.284",,,,13,8,1,0,1,1,3,23.1,2,15.4,"1.08","1.54","0.79","-0.15","93.3",231,50,0,0,5.57,-1.85,0.36,2.75,0.385,0,"0.71",,,"-0.71",,,,,31.3,,,,,,,
40,700413,"Uberstine, Tyler",138,29,0,0,0,0,0.152,,,0,11,92.8,15,2315,93.7,93.31,7,17,23,-0.4000000000000057,6.25,114,147,121,149,299,318,287,"1.433","-1.433",,,,14,3,0,0,0,0,8,57.1,2,14.3,"1.33","1.29","0.89","-0.38","91.0",166,66.66666666666666,33.33333333333333,7.142857142857142,5.28,-1.6,0.06,2.42,0.214,1,"-3.5825",,,"3.5825",,,,,41.2,,,,,,,
40,693855,"Seymour, Ian",196,20.4,0.375,0.125,0.6,0.5,0.467,,,3,8,83.5,20.8,2190,91.8,91.5,3,14,26,-0.29999999999999716,6.15,106,148,120,147,294,324,287,"-0.795","0.795",,,,11,5,2,1,0,0,3,27.3,3,27.3,"1.29","1.42","0.56","-0.16","89.9",195,40,20,9.090909090909092,5.84,1.58,0.16,2.77,0.545,1,"1.9875",,,"-1.9875",,,,,21.4,,,,,,,
40,681982,"Anderson, Grant",111,36,0.286,0.571,0.2,0.857,0.494,,,2,7,98.8,29.8,2399,92.5,93.12,3,15,25,0.5999999999999943,6.56,115,149,119,150,299,321,294,"-2.736","2.736",,,,11,6,0,1,0,1,2,18.2,2,18.2,"1.64","1.01","0.89","-0.31","94.3",245,83.33333333333334,33.33333333333333,18.181818181818183,4.54,-2.19,-0.35,2.91,0.455,2,"6.84",,,"-6.84",,,,,20,,,,,,,
40,656240,"Blewett, Scott",112,35.7,0.3,0,0.375,0.3,0.341,,,3,10,97,3.7,2263,95.8,97.51,6,23,17,1.7000000000000028,7.12,114,147,118,151,284,314,294,"0.168","-0.168",,,,12,8,3,0,0,0,2,16.7,1,8.3,"1.23","1.24","0.57","-0.28","96.4",157,75,12.5,8.333333333333332,6.19,-1.63,0.09,2.73,0.417,1,"-0.42",,,"0.42",,,,,26.1,,,,,,,
40,806185,"Birdsong, Hayden",79,50.6,0.5,0.3,0.571,0.8,0.592,,,5,10,89.4,4.9,2385,97.3,97.8,4,22,18,0.5,6.71,112,148,115,149,299,326,304,"-1.656","1.656",,,,13,8,4,0,0,1,2,15.4,3,23.1,"0.98","1.44","0.75","-0.16","91.2",171,37.5,12.5,7.6923076923076925,6.34,-1.21,-0.01,2.63,0.615,1,"4.14",,,"-4.14",,,,,18.2,,,,,,,
39,669142,"Burns, Tanner",70,55.7,0.111,0.222,0.143,0.333,0.272,,,1,9,90.8,15.3,2180,94.1,94.08,1,14,25,0,6.29,113,148,120,148,292,316,293,"0.58","-0.58",,,,11,7,0,0,1,0,2,18.2,2,18.2,"1.18","1.4","0.4","-0.08","91.4",184,28.57142857142857,0,0,6.03,-0.72,0.14,2.59,0.273,0,"-1.487179487",,,"1.487179487",,,,,7.1,,,,,,,
39,670036,"Festa, Matt",89,43.8,0.286,0.071,0.333,0.357,0.308,,,4,14,87.9,19.3,2453,91.6,92.19,2,18,21,0.6000000000000085,6.44,117,149,119,148,292,319,292,"-0.492","0.492",,,,15,12,3,1,0,0,2,13.3,1,6.7,"1.74","0.96","-0.09","-0.03","91.8",127,33.33333333333333,0,0,5.18,-2.15,0.11,2.68,0.333,0,"1.261538462",,,"-1.261538462",,,,,11.1,,,,,,,
39,685126,"Eisert, Brandon",142,27.5,0.167,0.5,0,0.667,0.341,,,1,6,90.1,14.3,2066,89.6,90.43,4,15,24,0.8000000000000114,6.92,110,151,123,147,304,329,296,"-0.459","0.459",,,,6,4,0,0,0,1,2,33.3,0,0,"1.61","1.25","0.55","-0.37","91.2",186,50,25,16.666666666666664,5.13,4.09,0.22,3.17,0.167,1,"1.176923077",,,"-1.176923077",,,,,26.7,,,,,,,
39,801842,"Ulloa, Fidel",62,62.9,0.3,0.2,0.375,0.5,0.4,,,3,10,91.4,3.3,2159,94.1,94.87,5,21,18,0.8000000000000114,6.7,118,151,118,151,294,323,298,"0.163","-0.163",,,,12,8,2,0,1,0,2,16.7,1,8.3,"1.35","1.22","0.55","-0.01","93.0",183,62.5,12.5,8.333333333333332,5.75,-1.13,0.3,2.26,0.417,1,"-0.417948718",,,"0.417948718",,,,,23.8,,,,,,,
39,607179,"Weems, Jordan",98,39.8,0.429,0.143,0.429,0.571,0.493,,,3,7,98.8,14.9,1936,94.3,94.73,0,10,29,0.4000000000000057,6.56,106,151,114,148,298,325,291,"-1.564","1.564",,,,9,7,2,1,0,0,0,0,2,22.2,"1.39","1.18","0.72","0.24","96.0",187,85.71428571428571,0,0,6.05,-1.69,0.7,2.17,0.556,0,"4.01025641",,,"-4.01025641",,,,,0,,,,,,,
39,702021,"Dion, Will",89,43.8,0.231,0.154,0.333,0.385,0.26,,,3,13,92,6.9,2324,91,90.96,8,21,18,0,6.19,110,151,120,149,294,319,302,"0.45","-0.45",,,,13,9,2,0,1,0,4,30.8,0,0,"1.16","1.59","0.22","-0.1","96.3",162,66.66666666666666,22.22222222222222,15.384615384615385,5.88,1.85,-0.1,2.95,0.231,2,"-1.153846154",,,"1.153846154",,,,,38.1,,,,,,,
39,687473,"Gusto, Ryan",161,24.2,0.273,0.273,0.4,0.545,0.348,,,3,11,97.2,29.2,2285,94.2,94.53,5,21,18,0.29999999999999716,6.39,115,150,121,148,292,320,284,"0.003","-0.003",,,,11,6,2,0,0,1,5,45.5,0,0,"1.07","1.5","0.39","0.03","92.3",202,50,16.666666666666664,9.090909090909092,6.05,-1.77,-0.47,2.56,0.273,1,"-0.007692308",,,"0.007692308",,,,,23.8,,,,,,,
39,687863,"Hodge, Porter",70,55.7,0.25,0.25,0.5,0.5,0.528,,,1,4,96.8,23.5,2270,95.5,97.43,4,9,30,1.9000000000000057,7.28,105,149,107,149,296,323,303,"-1.551","1.551",,,,9,2,0,1,0,0,2,22.2,5,55.6,"1.33","1.16","0.04","0.03","91.5",287,50,50,11.11111111111111,5.58,-2.66,-0.09,2.3,0.667,1,"3.976923077",,,"-3.976923077",,,,,44.4,,,,,,,
39,811307,"Wenninger, Jack",131,29.8,0.375,0.125,0.5,0.5,0.444,,,3,8,95.8,28.3,2235,95.5,94.96,5,16,23,-0.5,6.01,109,144,121,147,282,311,282,"-0.682","0.682",,,,10,6,2,1,0,0,2,20,2,20,"1.09","1.41","0.82","-0.35","92.9",174,50,16.666666666666664,10,6.49,-1.81,0.28,2.26,0.5,1,"1.748717949",,,"-1.748717949",,,,,31.3,,,,,,,
39,699008,"Kelly, Antwone",72,54.2,0.364,0.273,0.3,0.636,0.47,,,4,11,98.2,11.7,2039,97.1,97.43,5,24,15,0.30000000000001137,6.43,115,151,122,150,259,306,306,"-1.843","1.843",,,,13,11,3,0,0,1,0,0,2,15.4,"1.25","1.16","0.54","-0.09","95.8",189,54.54545454545454,18.181818181818183,15.384615384615385,5.79,-1.65,-0.08,2.55,0.462,2,"4.725641026",,,"-4.725641026",,,,,20.8,,,,,,,
39,607625,"Lugo, Seth",154,25.3,1,2,1,3,1.421,,,3,3,96.5,31.7,2275,92.2,91.62,1,11,28,-0.6000000000000085,6.01,110,149,125,151,297,322,302,"-3.182","3.182",,,,4,3,1,0,0,2,0,0,1,25,"1.4","1.29","0.7","-0.19","94.2",235,66.66666666666666,66.66666666666666,50,5.56,-1.75,-0.04,2.7,1,2,"8.158974359",,,"-8.158974359",,,,,9.1,,,,,,,
39,624522,"Thompson, Keegan",203,19.2,0.308,0.308,0.273,0.615,0.434,,,4,13,94,30,2400,91.7,91.15,1,20,19,-0.5,5.87,109,148,116,148,292,311,295,"-1.893","1.893",,,,15,12,2,1,0,1,1,6.7,1,6.7,"1.46","1.24","0.3","-0.13","94.6",202,66.66666666666666,16.666666666666664,13.333333333333334,5.92,-1.62,0.37,2.63,0.4,2,"4.853846154",,,"-4.853846154",,,,,5,,,,,,,
39,676684,"Vest, Will",90,43.3,0.308,0.077,0.333,0.385,0.302,,,4,13,96.4,5.4,2162,95.2,94.95,1,20,19,-0.29999999999999716,6.24,110,144,120,146,283,322,292,"0.553","-0.553",,,,13,12,3,1,0,0,1,7.7,0,0,"1.2","1.33","0.5","-0.25","94.5",150,58.333333333333336,0,0,5.89,-1.8,-0.16,2.51,0.308,0,"-1.417948718",,,"1.417948718",,,,,5,,,,,,,
39,702103,"Franklin, Zach",60,65,0.3,0.3,0.333,0.6,0.435,,,3,10,93.8,10.7,2424,92.7,93.14,4,22,17,0.3999999999999915,6.48,114,147,124,149,289,320,291,"-1.674","1.674",,,,12,7,2,0,0,1,3,25,2,16.7,"1.16","1.49","0.48","0.12","91.1",195,42.857142857142854,14.285714285714285,8.333333333333332,5.81,-1.45,0.12,2.83,0.417,1,"4.292307692",,,"-4.292307692",,,,,18.2,,,,,,,
39,680723,"Rom, Drew",108,36.1,0,0,0,0,0.233,,,0,6,80.6,18,2289,92,90.89,6,21,18,-1.0999999999999943,5.54,107,150,120,147,293,318,291,"1.237","-1.237",,,,9,4,0,0,0,0,2,22.2,3,33.3,"1.36","1.33","0.39","-0.31","89.7",155,25,0,0,5.91,1.38,0.22,2.75,0.333,0,"-3.171794872",,,"3.171794872",,,,,28.6,,,,,,,
39,694393,"Wiggins, Jaxon",59,66.1,0.333,0.167,0.4,0.5,0.407,,,2,6,95.4,36.6,2293,97.7,98.25,2,19,20,0.5,6.69,110,151,112,150,304,330,310,"0.454","-0.454",,,,7,5,1,1,0,0,1,14.3,1,14.3,"0.92","1.48","0.89","0.3","91.0",214,40,20,14.285714285714285,6.58,-1.87,0.13,2.61,0.429,1,"-1.164102564",,,"1.164102564",,,,,10.5,,,,,,,
39,573204,"Thielbar, Caleb",108,36.1,0.182,0.182,0.2,0.364,0.229,,,2,11,92.6,41.1,2286,93.3,93.2,3,23,16,-0.09999999999999432,6.13,109,151,113,152,297,325,301,"1.257","-1.257",,,,11,10,0,2,0,0,1,9.1,0,0,"1.04","1.57","0.42","0.03","92.4",189,50,10,9.090909090909092,6.25,0.18,0.3,2.7,0.182,1,"-3.223076923",,,"3.223076923",,,,,13,,,,,,,
38,670167,"Schreiber, John",145,26.2,0.667,0.444,0.714,1.111,0.763,,,6,9,92,6.9,2225,92.7,93.53,4,23,15,0.7999999999999972,6.67,109,149,120,148,303,324,289,"-3.492","3.492",,,,9,8,4,1,0,1,1,11.1,0,0,"1.87","0.77","0.73","-0.03","92.4",170,62.5,12.5,11.11111111111111,4.57,-2.92,-0.08,2.89,0.667,1,"9.189473684",,,"-9.189473684",,,,,17.4,,,,,,,
38,676263,"Dreyer, Jack",94,40.4,0,0,0,0,0.07,,,0,9,95.7,0,2472,93.9,94.12,7,19,19,0.19999999999998863,6.7,109,150,119,149,298,325,299,"1.498","-1.498",,,,10,3,0,0,0,0,6,60,1,10,"0.94","1.67","0.46","-0.06","90.3",175,66.66666666666666,0,0,6.1,1.36,-0.05,3.09,0.1,0,"-3.942105263",,,"3.942105263",,,,,36.8,,,,,,,
38,702275,"Ritchie, JR",173,22,0.077,0.231,0,0.308,0.158,,,1,13,88.7,27,2410,94.8,95.12,3,23,15,0.29999999999999716,6.37,109,148,124,149,302,328,292,"1.012","-1.012",,,,13,9,0,0,0,1,4,30.8,0,0,"1.36","1.17","0.63","0","90.9",202,33.33333333333333,11.11111111111111,7.6923076923076925,5.39,-2.18,0.05,3.01,0.077,1,"-2.663157895",,,"2.663157895",,,,,13,,,,,,,
38,621053,"Ferguson, Tyler",103,36.9,0.375,0,0.6,0.375,0.334,,,3,8,98,15.2,2217,94.6,94.17,5,23,15,-0.3999999999999915,6.07,107,147,115,144,300,311,292,"0.743","-0.743",,,,8,5,3,0,0,0,3,37.5,0,0,"1.43","1.12","0.71","0.16","93.0",156,80,20,12.5,5.81,-3.33,-0.06,2.8,0.375,1,"-1.955263158",,,"1.955263158",,,,,21.7,,,,,,,
38,682120,"Herrin, Tim",144,26.4,0.273,0,0.429,0.273,0.34,,,3,11,81.7,0.6,2299,95,95.42,4,21,17,0.4000000000000057,6.43,109,151,123,146,300,321,292,"-0.193","0.193",,,,14,7,3,0,0,0,4,28.6,3,21.4,"1.48","1.04","0.51","-0.31","90.3",110,28.57142857142857,0,0,5.84,1.83,-0.17,2.36,0.429,0,"0.507894737",,,"-0.507894737",,,,,19,,,,,,,
38,607455,"Banda, Anthony",123,30.9,0,0,0,0,0.116,,,0,10,90.2,25.9,2072,93.6,93.47,1,15,23,-0.09999999999999432,6.24,109,148,116,144,288,313,284,"2.082","-2.082",,,,12,9,0,0,0,0,1,8.3,2,16.7,"1.41","1.2","0.99","-0.78","91.8",167,22.22222222222222,0,0,5.6,2.53,-0.27,2.69,0.167,0,"-5.478947368",,,"5.478947368",,,,,6.7,,,,,,,
38,666157,"Lodolo, Nick",246,15.4,0.5,0.875,0.667,1.375,0.775,,,4,8,99.1,9.2,2270,94.6,93.94,4,17,21,-0.6999999999999886,6.05,107,152,115,148,300,327,294,"-4.44","4.44",,,,9,5,1,1,0,2,3,33.3,0,0,"1.85","0.72","1.31","-0.88","95.0",202,80,60,33.33333333333333,5.5,3.68,-0.14,2.65,0.556,3,"11.684210526",,,"-11.684210526",,,,,23.5,,,,,,,
38,596133,"Weaver, Luke",76,50,0.167,0,0.25,0.167,0.331,,,1,6,101.4,8.8,2330,94.3,93.68,4,16,22,-0.5999999999999943,5.99,108,150,127,149,290,313,282,"-0.227","0.227",,,,9,4,1,0,0,0,2,22.2,3,33.3,"1.08","1.49","0.49","0.03","93.6",189,100,0,0,5.59,-1.35,0.31,2.64,0.444,0,"0.597368421",,,"-0.597368421",,,,,25,,,,,,,
38,696292,"Hess, Ben",76,50,0.231,0.077,0.3,0.308,0.296,,,3,13,91.8,23.8,2154,93.7,94.22,3,16,22,0.5,6.74,102,150,128,150,284,318,286,"0.583","-0.583",,,,15,10,2,1,0,0,3,20,2,13.3,"1.24","1.37","0.93","0.25","93.3",233,40,20,13.333333333333334,5.66,-1.86,-0.2,2.22,0.333,2,"-1.534210526",,,"1.534210526",,,,,18.8,,,,,,,
38,682274,"Hiraldo, Yaramil",100,38,0.222,0,0.286,0.222,0.198,,,2,9,89.5,34.9,2335,95.2,94.24,7,20,18,-1,5.99,110,148,124,149,293,317,287,"0.663","-0.663",,,,9,7,2,0,0,0,2,22.2,0,0,"0.87","1.67","0.4","0.02","91.0",246,42.857142857142854,14.285714285714285,11.11111111111111,6.33,-0.7,-0.2,2.6,0.222,1,"-1.744736842",,,"1.744736842",,,,,35,,,,,,,
38,664854,"Helsley, Ryan",105,36.2,0.1,0.1,0.167,0.2,0.258,,,1,10,93.9,4.8,2544,97.4,97.98,6,17,21,0.5999999999999943,6.83,114,150,127,148,290,314,288,"1.021","-1.021",,,,13,6,0,1,0,0,4,30.8,3,23.1,"0.82","1.6","0.11","-0.09","92.4",147,66.66666666666666,16.666666666666664,7.6923076923076925,6.15,-0.21,-0.09,2.11,0.308,1,"-2.686842105",,,"2.686842105",,,,,35.3,,,,,,,
37,674384,"Núñez, Eduarniel",57,64.9,0.2,0.2,0.25,0.4,0.28,,,1,5,88.5,36.8,2623,95.7,94.85,4,23,14,-0.7999999999999972,5.64,105,143,119,143,291,311,298,"0.23","-0.23",,,,7,4,0,1,0,0,2,28.6,1,14.3,"1.62","0.85","0.18","-0.06","90.9",204,25,25,14.285714285714285,5.21,-2.15,0.21,2.81,0.286,1,"-0.621621622",,,"0.621621622",,,,,17.4,,,,,,,
37,676760,"Marinaccio, Ron",68,54.4,0.182,0.273,0.125,0.455,0.303,,,2,11,80.9,26.3,2170,93.5,93.58,6,24,13,0.09999999999999432,6.5,120,150,123,151,297,323,297,"1.002","-1.002",,,,12,9,1,0,0,1,2,16.7,1,8.3,"1.42","1.21","1","-0.01","91.5",185,44.44444444444444,22.22222222222222,16.666666666666664,5.1,-3.02,-0.04,2.94,0.25,2,"-2.708108108",,,"2.708108108",,,,,25,,,,,,,
37,656849,"Peterson, David",197,18.8,0.5,0,0.75,0.5,0.481,,,3,6,90.1,2.5,2144,91.2,92.94,7,17,20,1.7000000000000028,7.09,102,151,123,147,296,315,280,"-0.473","0.473",,,,7,4,3,0,0,0,2,28.6,1,14.3,"1.66","1.06","0.29","-0.24","93.2",171,50,0,0,6.06,2.33,0.15,2.8,0.571,0,"1.278378378",,,"-1.278378378",,,,,41.2,,,,,,,
37,681544,"Olds, Wyatt",141,26.2,0.75,0.5,0.75,1.25,0.801,,,3,4,98.3,12.3,2422,96.6,96.87,3,18,19,0.30000000000001137,6.51,105,149,123,148,282,311,290,"-2.137","2.137",,,,6,4,1,2,0,0,0,0,2,33.3,"1.03","1.42","0.96","0.38","91.2",199,75,0,0,5.71,-2.15,0.08,2.42,0.833,0,"5.775675676",,,"-5.775675676",,,,,16.7,,,,,,,
37,815148,"German, Nestor",96,38.5,0.3,0.7,0.167,1,0.573,,,3,10,94.9,23.6,2391,93.5,92.81,4,18,19,-0.7000000000000028,5.94,115,146,116,149,282,304,277,"-3.876","3.876",,,,13,8,0,1,0,2,2,15.4,3,23.1,"1.08","1.53","0.34","-0.09","93.3",226,50,25,15.384615384615385,6.62,-1.76,0.05,2.87,0.462,2,"10.475675676",,,"-10.475675676",,,,,22.2,,,,,,,
37,813766,"Hales, Skylar",90,41.1,0,0,0,0,0,,,0,12,84.7,13.6,2242,95.6,95.98,6,22,15,0.4000000000000057,6.47,117,149,121,150,287,309,283,"2.875","-2.875",,,,12,5,0,0,0,0,7,58.3,0,0,"1.32","1.17","0.38","-0.05","90.5",147,20,0,0,5.55,-2.91,0.02,2.66,0,0,"-7.77027027",,,"7.77027027",,,,,27.3,,,,,,,
37,837227,"Imai, Tatsuya",76,48.7,0.111,0,0.2,0.111,0.159,,,1,9,99.2,4.8,2082,95.5,95.04,2,13,24,-0.5,5.92,112,149,122,150,291,320,285,"1.078","-1.078",,,,10,5,1,0,0,0,4,40,1,10,"1.47","1.03","1.14","0.23","93.9",161,60,20,10,5.13,-1.97,0.48,2.62,0.2,1,"-2.913513514",,,"2.913513514",,,,,15.4,,,,,,,
37,669020,"Rolison, Ryan",119,31.1,0.333,0.111,0.429,0.444,0.428,,,3,9,92.6,12.7,2304,94.8,95.45,3,14,23,0.6000000000000085,6.57,111,152,116,149,302,330,303,"-0.744","0.744",,,,12,7,2,1,0,0,2,16.7,3,25,"1.37","1.16","0.14","-0.11","94.6",164,57.14285714285714,14.285714285714285,8.333333333333332,5.91,1.91,-0.48,2.45,0.5,1,"2.010810811",,,"-2.010810811",,,,,21.4,,,,,,,
37,815590,"Lobus, Ryan",79,46.8,0.077,0,0.091,0.077,0.113,,,1,13,89.7,-2.1,2247,92.3,92.58,3,20,17,0.29999999999999716,6.33,105,147,123,148,302,320,299,"2.895","-2.895",,,,14,11,1,0,0,0,2,14.3,1,7.1,"1.83","0.83","0.55","0.07","93.4",125,45.45454545454545,0,0,4.63,-3.3,0.04,2.86,0.143,0,"-7.824324324",,,"7.824324324",,,,,15,,,,,,,
37,678316,"Cruz, Omar",66,56.1,0.375,0,0.6,0.375,0.406,,,3,8,87.9,7,2335,92,91.34,6,16,21,-0.7000000000000028,6.15,117,149,122,150,299,328,307,"-0.742","0.742",,,,10,5,3,0,0,0,3,30,2,20,"1.33","1.38","0.96","-0.09","92.3",147,40,0,0,6.23,1.37,-0.21,2.31,0.5,0,"2.005405405",,,"-2.005405405",,,,,37.5,,,,,,,
37,679977,"Song, Noah",123,30.1,0,0,0,0,0.163,,,0,10,87.9,13.6,2322,94.1,93.58,5,20,17,-0.5,6.04,108,148,122,147,291,319,286,"1.712","-1.712",,,,13,8,0,0,0,0,2,15.4,2,15.4,"1.16","1.43","0.36","0.04","91.5",179,37.5,0,0,6.46,-1.55,-0.4,2.7,0.231,0,"-4.627027027",,,"4.627027027",,,,,25,,,,,,,
36,681869,"Dubin, Shawn",108,33.3,0.273,0.364,0.222,0.636,0.449,,,3,11,87.5,-9.2,2234,93.7,93.94,3,18,18,0.30000000000001137,6.42,113,147,125,150,297,318,306,"-2.307","2.307",,,,14,10,1,1,0,1,1,7.1,3,21.4,"1.57","1.03","0.96","0.06","92.2",149,50,0,0,5.72,-1.89,0.01,2.75,0.429,0,"6.408333333",,,"-6.408333333",,,,,16.7,,,,,,,
36,605154,"Brebbia, John",133,27.1,0.231,0.308,0.375,0.538,0.317,,,3,13,96.1,38.8,2271,93,92.99,3,19,17,0,6.36,115,151,121,149,301,320,300,"0.417","-0.417",,,,13,8,0,2,1,0,5,38.5,0,0,"1.24","1.41","0.74","0.11","92.5",252,50,25,15.384615384615385,5.85,-1.85,0.07,2.7,0.231,2,"-1.158333333",,,"1.158333333",,,,,15.8,,,,,,,
36,547973,"Chapman, Aroldis",114,31.6,0.5,0.375,0.429,0.875,0.602,,,4,8,93.2,29.1,2356,96.2,97.38,3,16,20,1.2000000000000028,6.96,108,149,123,146,275,307,294,"-2.084","2.084",,,,9,8,3,0,0,1,0,0,1,11.1,"0.97","1.5","0.29","-0.09","93.4",242,50,25,22.22222222222222,6.41,0.44,0.15,2.72,0.556,2,"5.788888889",,,"-5.788888889",,,,,18.8,,,,,,,
36,683409,"Chivilli, Angel",144,25,0.667,0.889,0.667,1.556,0.913,,,6,9,99.2,14.6,2174,96.8,96.14,3,23,13,-0.7000000000000028,6.05,109,152,117,149,289,324,284,"-3.15","3.15",,,,10,8,2,2,0,2,1,10,0,0,"1.66","0.78","1.29","0.42","94.1",182,75,25,20,5.73,-1.68,-0.23,2.62,0.7,2,"8.75",,,"-8.75",,,,,13,,,,,,,
36,663767,"Shugart, Chase",174,20.7,0.4,0,0.5,0.4,0.488,,,2,5,82.6,28,2041,93.6,93.56,3,12,24,0,6.34,111,147,117,147,286,317,292,"-0.971","0.971",,,,8,4,2,0,0,0,1,12.5,2,25,"1.3","1.31","0.71","-0.09","90.5",187,25,0,0,5.59,-1.73,0.28,2.81,0.625,0,"2.697222222",,,"-2.697222222",,,,,25,,,,,,,
36,650644,"Civale, Aaron",216,16.7,0.3,0.4,0.4,0.7,0.42,,,3,10,97.8,24.2,2405,91.4,90.13,6,19,17,-1.3000000000000114,5.58,118,150,122,150,301,325,296,"-1.015","1.015",,,,10,6,1,1,0,1,4,40,0,0,"1.25","1.49","0.62","-0.1","96.8",248,83.33333333333334,50,30,6.12,-0.66,0.07,3.06,0.3,3,"2.819444444",,,"-2.819444444",,,,,31.6,,,,,,,
36,642152,"Trivino III, Lou",180,20,0.333,0,0.6,0.333,0.337,,,3,9,89.5,16,2036,94.6,94.42,5,18,18,-0.19999999999998863,6.28,116,145,117,145,283,314,288,"0.077","-0.077",,,,10,5,3,0,0,0,4,40,1,10,"1.29","1.27","0.68","-0.28","89.9",193,40,0,0,6.16,-1.24,0.02,2.62,0.4,0,"-0.213888889",,,"0.213888889",,,,,27.8,,,,,,,
36,699823,"Davis, Tyler",53,67.9,0.4,0.2,0.5,0.6,0.53,,,2,5,97,37,2388,95.5,96.24,5,16,20,0.7999999999999972,6.77,116,146,120,145,286,323,293,"-1.204","1.204",,,,8,4,1,1,0,0,1,12.5,3,37.5,"1.07","1.44","0.84","-0.17","93.7",169,50,25,12.5,5.79,-1.35,-0.07,2.5,0.625,1,"3.344444444",,,"-3.344444444",,,,,31.3,,,,,,,
36,669395,"Coleman, Dylan",56,64.3,0.444,0.222,0.571,0.667,0.533,,,4,9,85.6,13.4,2296,95.4,95.43,1,16,20,0.10000000000000853,6.29,107,146,122,148,289,306,280,"-2.078","2.078",,,,12,7,2,2,0,0,2,16.7,3,25,"1.41","1.1","0.4","0.08","90.3",184,42.857142857142854,0,0,5.91,-1.42,0.41,2.05,0.583,0,"5.772222222",,,"-5.772222222",,,,,6.3,,,,,,,
35,621381,"Strahm, Matt",123,28.5,0.455,0.091,0.556,0.545,0.46,,,5,11,98.7,19.6,2533,91.4,90.97,0,18,17,-0.4000000000000057,6.12,110,150,119,147,305,324,296,"-1.551","1.551",,,,12,9,4,1,0,0,2,16.7,1,8.3,"1.35","1.39","0.98","-0.8","93.5",184,77.77777777777779,0,0,5.28,1.86,0.06,2.92,0.5,0,"4.431428571",,,"-4.431428571",,,,,0,,,,,,,
35,682624,"Gaston, Sandy",65,53.8,0,0,0,0,0.399,,,0,3,86.2,50.5,2080,96.4,97.52,0,8,27,1.0999999999999943,7.07,106,146,115,148,299,321,299,"-0.059","0.059",,,,7,2,0,0,0,0,1,14.3,4,57.1,"1.09","1.37","0.62","-0.14","88.2",203,0,0,0,5.7,-1.83,-0.32,2.98,0.571,0,"0.168571429",,,"-0.168571429",,,,,0,,,,,,,
35,688781,"Banks, Brett",56,62.5,0.714,0,0.833,0.714,0.643,,,5,7,89.9,-3.8,2109,95.4,95.79,5,15,20,0.3999999999999915,6.61,115,148,121,148,285,310,274,"-1.673","1.673",,,,8,6,5,0,0,0,1,12.5,1,12.5,"1.14","1.37","0.61","0.04","90.9",129,33.33333333333333,0,0,5.9,-1.76,0.03,2.22,0.75,0,"4.78",,,"-4.78",,,,,33.3,,,,,,,
35,801639,"Vrieling, Trystan",53,66,0.375,0,0.429,0.375,0.374,,,3,8,87.8,7.1,2262,92.8,92.7,3,19,16,-0.09999999999999432,6.2,107,146,117,148,311,336,299,"-0.354","0.354",,,,9,7,3,0,0,0,1,11.1,1,11.1,"1.72","0.93","0.09","0.02","90.5",150,28.57142857142857,0,0,5.57,-2.4,0.17,2.32,0.444,0,"1.011428571",,,"-1.011428571",,,,,15.8,,,,,,,
35,572143,"Smith, Burch",99,35.4,0.111,0,0.25,0.111,0.099,,,1,9,98.4,10.8,2322,95.3,95.93,7,16,19,0.6000000000000085,6.73,115,149,122,151,294,326,295,"1.096","-1.096",,,,9,4,1,0,0,0,5,55.6,0,0,"1.05","1.47","0.46","-0.15","93.2",183,75,25,11.11111111111111,5.75,-2.38,-0.09,2.64,0.111,1,"-3.131428571",,,"3.131428571",,,,,43.8,,,,,,,
35,605540,"Woodruff, Brandon",94,37.2,0.222,0.667,0,0.889,0.502,,,2,9,91.8,22.5,2291,91.7,92.1,4,15,20,0.3999999999999915,6.4,117,150,118,149,297,325,297,"-1.176","1.176",,,,11,4,0,0,0,2,5,45.5,1,9.1,"1.34","1.36","0.24","0.06","91.4",197,50,50,18.181818181818183,6.12,-1.37,-0.01,2.89,0.364,2,"3.36",,,"-3.36",,,,,26.7,,,,,,,
35,683000,"Cornelio, Riley",80,43.8,0.2,0.3,0.143,0.5,0.294,,,2,10,89.1,-0.1,2395,95.9,95.81,4,20,15,-0.10000000000000853,6.42,120,151,120,150,302,323,303,"-0.428","0.428",,,,10,8,1,0,0,1,2,20,0,0,"1.03","1.47","1.01","0.07","92.9",194,57.14285714285714,14.285714285714285,10,5.83,-2.05,0.2,2.85,0.2,1,"1.222857143",,,"-1.222857143",,,,,20,,,,,,,
35,664126,"Fairbanks, Pete",75,46.7,0,0,0,0,0.127,,,0,9,88.2,41.7,2326,96.1,96.13,3,20,15,0,6.2,118,149,120,151,282,312,284,"1.679","-1.679",,,,11,7,0,0,0,0,2,18.2,2,18.2,"0.96","1.5","0.11","-0.03","91.9",169,14.285714285714285,0,0,6.96,-0.55,-0.2,2.9,0.182,0,"-4.797142857",,,"4.797142857",,,,,15,,,,,,,
35,656924,"Ryan, Ryder",186,18.8,0.25,0,0.333,0.25,0.279,,,2,8,82.5,-17.8,2353,93.4,93.54,4,14,21,0.09999999999999432,6.32,114,149,120,150,300,320,295,"0.223","-0.223",,,,9,6,2,0,0,0,2,22.2,0,0,"1.64","0.97","0.95","-0.21","92.3",110,33.33333333333333,0,0,5.33,-1.32,0.36,3,0.333,0,"-0.637142857",,,"0.637142857",,,,,28.6,,,,,,,
35,689017,"Knack, Landon",116,30.2,0.556,0.667,0.5,1.222,0.676,,,5,9,90.7,22.6,2384,93.8,92.88,3,18,17,-0.8999999999999915,5.93,115,149,114,149,294,320,297,"-3.925","3.925",,,,12,9,1,3,0,1,1,8.3,2,16.7,"1.08","1.53","0.3","-0.06","93.8",254,44.44444444444444,11.11111111111111,8.333333333333332,6.01,-1.04,0.37,2.92,0.583,1,"11.214285714",,,"-11.214285714",,,,,16.7,,,,,,,
35,669211,"Akin, Keegan",71,49.3,0.25,0.375,0.2,0.625,0.404,,,2,8,85.3,28.2,2399,92.7,91.51,3,15,20,-1.2000000000000028,5.77,109,149,120,144,289,310,290,"-0.371","0.371",,,,9,6,1,0,0,1,2,22.2,1,11.1,"1.1","1.57","0.93","-0.4","91.0",216,33.33333333333333,16.666666666666664,11.11111111111111,5.99,1.82,0.31,2.59,0.333,1,"1.06",,,"-1.06",,,,,20,,,,,,,
35,668674,"Erceg, Lucas",96,36.5,0.364,0,0.5,0.364,0.323,,,4,11,93.8,21.6,2080,96.2,96.59,3,15,20,0.3999999999999915,6.48,106,144,121,147,289,321,273,"0.004","-0.004",,,,11,8,4,0,0,0,3,27.3,0,0,"1.25","1.21","0.81","-0.52","92.7",216,37.5,0,0,5.98,-1.7,0.16,2.7,0.364,0,"-0.011428571",,,"0.011428571",,,,,20,,,,,,,
35,803833,"Baumann, Garrett",71,49.3,0.222,0,0.4,0.222,0.251,,,2,9,96.8,12,2353,95,95.96,4,16,19,1,6.97,115,149,130,150,297,322,290,"0.319","-0.319",,,,10,5,2,0,0,0,4,40,0,0,"1.2","1.34","0.82","-0.13","92.0",165,60,0,0,6.45,-1.45,0.22,2.54,0.3,0,"-0.911428571",,,"0.911428571",,,,,25,,,,,,,
35,692285,"Guerrero, Luis",171,20.5,0.5,0.583,0.571,1.083,0.673,,,6,12,97.4,17.1,2127,96.6,94.99,7,21,14,-1.5999999999999943,5.58,101,147,119,147,293,318,288,"-5.78","5.78",,,,14,9,3,1,0,2,3,21.4,2,14.3,"1.09","1.37","0.61","0","95.3",240,77.77777777777779,44.44444444444444,28.57142857142857,6.19,-1.32,-0.1,2.65,0.571,4,"16.514285714",,,"-16.514285714",,,,,33.3,,,,,,,
34,680767,"Vodnik, Victor",110,30.9,0.833,0.5,1,1.333,0.84,,,5,6,93.7,18.8,2327,98.5,99.16,1,9,25,0.7000000000000028,6.58,109,149,115,149,295,318,267,"-3.558","3.558",,,,10,5,4,0,0,1,1,10,4,40,"1.11","1.23","0.48","0.01","94.7",248,60,20,10,5.55,-2.04,-0.31,2.42,0.9,1,"10.464705882",,,"-10.464705882",,,,,11.1,,,,,,,
34,684974,"Yoho, Craig",94,36.2,0.5,0.125,0.571,0.625,0.514,,,4,8,90.3,19.6,2426,93.9,94.38,2,14,20,0.5,6.7,113,147,114,149,294,315,291,"-1.231","1.231",,,,9,7,3,1,0,0,1,11.1,1,11.1,"1.59","1.01","1.31","-0.26","91.2",170,42.857142857142854,0,0,5.12,-2.12,0.12,2.41,0.556,0,"3.620588235",,,"-3.620588235",,,,,14.3,,,,,,,
34,700280,"Mendez, Miguel",60,56.7,0.5,0.167,0.75,0.667,0.57,,,3,6,99.5,8,2335,97.6,97.96,1,14,20,0.4000000000000057,6.52,111,146,119,144,284,316,297,"-1.445","1.445",,,,9,4,2,1,0,0,2,22.2,3,33.3,"1.13","1.27","1.01","0.29","92.6",157,75,25,11.11111111111111,6.02,-2.09,-0.13,2.84,0.667,1,"4.25",,,"-4.25",,,,,7.1,,,,,,,
34,685112,"McCambley, Zach",132,25.8,0.1,0,0.125,0.1,0.292,,,1,10,91.6,23.4,2420,93.7,93.71,0,16,18,0,6.06,107,148,117,147,279,303,285,"0.409","-0.409",,,,15,8,1,0,0,0,2,13.3,5,33.3,"1.46","1.12","0.29","-0.14","93.3",179,50,0,0,5.85,-1.24,0.27,2.04,0.4,0,"-1.202941176",,,"1.202941176",,,,,0,,,,,,,
34,702153,"Fitzpatrick, Brian",91,37.4,0.167,0,0.5,0.167,0.227,,,1,6,103.5,27,2389,94.4,94.8,6,13,21,0.3999999999999915,6.51,108,151,122,149,295,304,296,"0.393","-0.393",,,,7,2,1,0,0,0,4,57.1,1,14.3,"1.45","1.11","0.99","-0.2","92.4",178,50,0,0,5.97,1.14,-0.43,2.9,0.286,0,"-1.155882353",,,"1.155882353",,,,,46.2,,,,,,,
34,805311,"Sando, Nick",63,54,0,0,0,0,0.279,,,0,3,107.6,18,2240,93.1,93.37,1,15,19,0.30000000000001137,6.29,99,145,118,148,290,317,286,"0.484","-0.484",,,,5,1,0,0,0,0,2,40,2,40,"1.33","1.28","0.63","-0.48","89.4",145,100,100,20,5.77,1.98,-0.25,2.42,0.4,1,"-1.423529412",,,"1.423529412",,,,,6.7,,,,,,,
34,682240,"Jones, Stephen",87,39.1,0.286,0,0.5,0.286,0.313,,,2,7,92.2,-4.8,2251,95.7,95.76,6,16,18,0.09999999999999432,6.3,109,141,121,142,283,309,292,"-0.156","0.156",,,,8,4,2,0,0,0,3,37.5,0,0,"1.18","1.31","0.88","0.08","91.1",137,50,0,0,5.95,-1.77,0.01,3.12,0.375,0,"0.458823529",,,"-0.458823529",,,,,37.5,,,,,,,
34,628452,"Iglesias, Raisel",87,39.1,0.1,0.1,0.2,0.2,0.126,,,1,10,95.8,17,2284,94,93.59,5,20,14,-0.4000000000000057,6.14,119,149,126,150,302,319,293,"1.395","-1.395",,,,10,5,0,1,0,0,5,50,0,0,"1.36","1.23","0.74","-0.37","91.6",213,40,20,10,5.54,-2.27,0.25,2.51,0.1,1,"-4.102941176",,,"4.102941176",,,,,25,,,,,,,
34,676680,"Cosgrove, Tom",109,31.2,0.154,0.231,0.111,0.385,0.26,,,2,13,75.2,18.2,2519,89.9,89.31,3,20,14,-0.6000000000000085,5.75,107,149,125,149,302,320,289,"1.676","-1.676",,,,14,10,1,0,0,1,3,21.4,1,7.1,"1.88","0.93","0.39","-0.14","89.7",128,20,10,7.142857142857142,5.16,2.57,0.26,2.83,0.214,1,"-4.929411765",,,"4.929411765",,,,,15,,,,,,,
34,691008,"Rajcic, Max",106,32.1,0.167,0,0.2,0.167,0.286,,,1,6,88.5,20.4,2250,95.6,95.79,3,19,15,0.20000000000000284,6.5,116,149,117,148,290,313,285,"0.808","-0.808",,,,8,5,1,0,0,0,1,12.5,2,25,"1.16","1.34","0.85","0.03","90.0",202,40,20,12.5,5.88,-1.33,0.16,3.08,0.375,1,"-2.376470588",,,"2.376470588",,,,,15.8,,,,,,,
33,518489,"Brasier, Ryan",113,29.2,0.417,0.333,0.364,0.75,0.498,,,5,12,93,14.3,2248,92.8,93.77,0,20,13,1,6.81,121,148,118,152,299,320,306,"-2.749","2.749",,,,12,12,3,1,0,1,0,0,0,0,"1.3","1.34","0.6","-0.38","95.4",126,58.333333333333336,0,0,5.61,-1.68,0.04,2.66,0.417,0,"8.33030303",,,"-8.33030303",,,,,0,,,,,,,
33,676467,"Gordon, Colton",90,36.7,0.25,0,0.286,0.25,0.352,,,2,8,95.8,10.1,1971,89.6,91.02,3,14,19,1.4000000000000057,6.98,109,149,118,145,297,325,292,"-0.217","0.217",,,,11,7,2,0,0,0,1,9.1,3,27.3,"1.5","1.32","0.69","-0.42","95.6",158,57.14285714285714,0,0,5.7,2.19,-0.13,2.59,0.455,0,"0.657575758",,,"-0.657575758",,,,,21.4,,,,,,,
33,663485,"Sands, Cole",119,27.7,0.4,0.6,0.333,1,0.606,,,2,5,91.7,18,2249,94.3,93.37,5,18,15,-0.8999999999999915,5.77,115,149,120,151,293,323,282,"-1.414","1.414",,,,6,4,1,0,0,1,1,16.7,1,16.7,"1.35","1.22","0.83","-0.1","90.2",188,50,25,16.666666666666664,5.77,-2.35,-0.15,2.83,0.5,1,"4.284848485",,,"-4.284848485",,,,,27.8,,,,,,,
33,689981,"Ryan, River",137,24.1,0.333,0.5,0.25,0.833,0.576,,,2,6,84.9,0.4,2450,97.5,97.89,6,15,18,0.4000000000000057,6.61,118,150,121,150,296,317,299,"-3.145","3.145",,,,10,5,1,0,0,1,1,10,3,30,"1.1","1.3","0.61","-0.13","92.7",160,40,20,10,5.66,-2.16,-0.03,3.06,0.6,1,"9.53030303",,,"-9.53030303",,,,,40,,,,,,,
33,687562,"Bennett, Jake",72,45.8,0.571,0,0.667,0.571,0.508,,,4,7,77,22,2165,94.3,95.09,2,18,15,0.7999999999999972,7.11,94,150,118,146,298,313,271,"-1.429","1.429",,,,7,6,4,0,0,0,1,14.3,0,0,"1.47","1.13","1.05","-0.73","90.8",194,16.666666666666664,0,0,5.67,2.71,-0.04,2.92,0.571,0,"4.33030303",,,"-4.33030303",,,,,11.1,,,,,,,
33,687589,"Hamel, Dom",86,38.4,0.375,0.25,0.375,0.625,0.457,,,3,8,96.4,8,2363,92.2,92.53,0,12,21,0.29999999999999716,6.57,106,144,119,148,289,321,293,"-0.641","0.641",,,,9,8,1,2,0,0,0,0,1,11.1,"1.22","1.47","0.81","-0.5","95.2",207,62.5,0,0,5.87,-1.59,0.15,2.1,0.444,0,"1.942424242",,,"-1.942424242",,,,,0,,,,,,,
33,646241,"De Jesus, Enmanuel",134,24.6,0.273,0.182,0.5,0.455,0.31,,,3,11,96.6,24.6,2251,92.5,91.62,6,22,11,-0.9000000000000057,5.91,105,150,118,146,301,319,289,"-0.343","0.343",,,,11,6,1,2,0,0,5,45.5,0,0,"1.24","1.44","0.62","-0.18","92.3",199,60,20,9.090909090909092,6.25,2.66,0.24,2.79,0.273,1,"1.039393939",,,"-1.039393939",,,,,27.3,,,,,,,
33,687134,"Blalock, Bradley",95,34.7,0,0,0,0,0.238,,,0,4,91,27.8,2063,95,95.23,4,14,19,0.20000000000000284,6.37,109,148,118,145,300,319,283,"1.19","-1.19",,,,6,4,0,0,0,0,0,0,1,16.7,"1.04","1.48","0.29","0.13","89.4",205,25,0,0,6.46,-0.99,0.04,2.74,0.333,0,"-3.606060606",,,"3.606060606",,,,,28.6,,,,,,,
33,680724,"Ras, Tyler",46,71.7,0.143,0.429,0,0.571,0.383,,,1,7,96,16,2318,95.9,95.54,2,18,15,-0.4000000000000057,6.15,113,150,110,150,294,328,316,"-1.075","1.075",,,,9,6,0,0,0,1,1,11.1,2,22.2,"0.93","1.56","0.36","-0.16","92.6",184,66.66666666666666,16.666666666666664,11.11111111111111,6.29,-1.19,-0.49,2.85,0.333,1,"3.257575758",,,"-3.257575758",,,,,11.1,,,,,,,
33,666168,"Thompson, Mason",47,70.2,0,0,0,0,0.174,,,0,6,83.7,31.4,2221,94.9,95.6,3,13,20,0.6999999999999886,6.75,121,148,117,152,294,314,301,"1.154","-1.154",,,,8,5,0,0,0,0,1,12.5,2,25,"1.14","1.4","0.57","-0.23","90.1",160,40,0,0,5.91,-1.33,0.12,2.68,0.25,0,"-3.496969697",,,"3.496969697",,,,,23.1,,,,,,,
33,701568,"Meis, Justin",62,53.2,0.143,0.143,0.167,0.286,0.218,,,1,7,87.4,40,2418,96.3,94.82,6,21,12,-1.5,5.52,104,143,117,145,292,317,293,"1.091","-1.091",,,,9,6,0,1,0,0,2,22.2,1,11.1,"1.2","1.27","0.51","0.16","91.0",242,33.33333333333333,0,0,5.81,-1.77,0.12,3.01,0.222,0,"-3.306060606",,,"3.306060606",,,,,28.6,,,,,,,
33,683618,"Henriquez, Edgardo",115,28.7,0.455,0.273,0.571,0.727,0.56,,,5,11,97.1,-3.1,2394,99.7,100.16,3,18,15,0.5,6.54,117,149,123,149,300,327,299,"-2.534","2.534",,,,15,8,4,0,0,1,3,20,4,26.7,"1.11","1.19","0.72","-0.25","94.4",185,62.5,12.5,6.666666666666667,6.04,-2.02,0.41,2.7,0.6,1,"7.678787879",,,"-7.678787879",,,,,16.7,,,,,,,
33,667652,"Ralston, Jack",107,30.8,0.333,0.167,0.5,0.5,0.443,,,2,6,95.8,-4,2232,94.2,93.29,4,13,20,-0.9000000000000057,5.76,113,147,118,148,287,310,286,"0.37","-0.37",,,,8,4,1,1,0,0,2,25,2,25,"1.07","1.5","0.45","0","92.1",172,50,0,0,7.15,-0.25,0.32,2.51,0.5,0,"-1.121212121",,,"1.121212121",,,,,30.8,,,,,,,
33,687377,"Ribalta, Orlando",107,30.8,0.083,0.25,0,0.333,0.246,,,1,12,85.7,32.5,2668,96.6,96.82,4,20,13,0.20000000000000284,6.46,114,150,120,150,288,323,300,"0.246","-0.246",,,,14,8,0,0,0,1,4,28.6,2,14.3,"0.96","1.49","0.58","0.05","90.1",215,12.5,12.5,7.142857142857142,6.48,-1.7,-0.17,3.05,0.214,1,"-0.745454545",,,"0.745454545",,,,,20,,,,,,,
32,687841,"Magno, Andrew",74,43.2,0.375,0.25,0.429,0.625,0.477,,,3,8,92.8,16.1,2204,92.7,92.2,1,11,21,-0.5,6.03,110,146,115,147,293,315,287,"-2.393","2.393",,,,10,7,2,0,1,0,1,10,2,20,"1.33","1.32","0.33","-0.1","93.4",149,42.857142857142854,0,0,5.94,1.21,-0.1,2.13,0.5,0,"7.478125",,,"-7.478125",,,,,9.1,,,,,,,
32,657044,"Thompson, Ryan",171,18.7,0.25,0.125,0.333,0.375,0.269,,,2,8,89.1,34,2167,91.3,91.79,3,17,15,0.5,6.63,122,146,124,151,293,319,302,"-0.678","0.678",,,,8,6,1,1,0,0,2,25,0,0,"2.23","0.51","0.86","-0.49","89.8",187,16.666666666666664,0,0,4.22,-3.9,-0.11,3.25,0.25,0,"2.11875",,,"-2.11875",,,,,17.6,,,,,,,
32,656638,"Lange, Alex",150,21.3,0.417,0.25,0.455,0.667,0.476,,,5,12,94,23.6,2239,95.2,95.28,5,18,14,0.09999999999999432,6.3,111,145,120,147,294,317,298,"-1.624","1.624",,,,16,11,3,1,1,0,2,12.5,3,18.8,"1.44","1.07","0.8","-0.22","96.5",189,54.54545454545454,18.181818181818183,12.5,5.79,-2.25,-0.12,2.27,0.5,2,"5.075",,,"-5.075",,,,,27.8,,,,,,,
32,668390,"Winn, Cole",135,23.7,0.286,0.286,0.4,0.571,0.431,,,2,7,104.1,31.4,2319,94.6,95.64,1,8,24,1,6.92,109,146,117,150,303,320,305,"-1.012","1.012",,,,9,5,1,0,1,0,2,22.2,2,22.2,"1.18","1.37","0.5","-0.17","101.4",145,100,20,11.11111111111111,5.5,-1.75,-0.04,2.51,0.444,1,"3.1625",,,"-3.1625",,,,,12.5,,,,,,,
32,666277,"Soriano, George",113,28.3,0.167,0,0.2,0.167,0.148,,,1,6,79.5,29.4,2257,96.1,96.2,6,16,16,0.10000000000000853,6.31,113,149,117,148,284,317,287,"0.943","-0.943",,,,6,5,1,0,0,0,1,16.7,0,0,"1.32","1.15","0.65","-0.01","89.2",104,20,0,0,5.61,-2.64,0.02,2.59,0.167,0,"-2.946875",,,"2.946875",,,,,37.5,,,,,,,
32,811666,"Eagen, Daniel",63,50.8,0.143,0.143,0.2,0.286,0.245,,,1,7,94.9,33.4,2110,93.4,93.35,4,15,17,-0.10000000000000853,6.37,107,145,121,150,311,324,308,"0.413","-0.413",,,,8,5,0,1,0,0,2,25,1,12.5,"1.09","1.54","0.49","-0.06","92.2",204,40,0,0,6.59,-0.97,0.04,3.25,0.25,0,"-1.290625",,,"1.290625",,,,,26.7,,,,,,,
32,676571,"Poulin, PJ",110,29.1,0,0,0,0,0,,,0,9,91.8,33.3,2165,90.4,90.36,4,17,15,0,6.43,106,150,122,148,294,322,294,"2.002","-2.002",,,,9,6,0,0,0,0,3,33.3,0,0,"1.97","0.83","1.25","-0.42","93.2",196,66.66666666666666,33.33333333333333,22.22222222222222,4.5,2.17,-0.05,2.75,0,2,"-6.25625",,,"6.25625",,,,,23.5,,,,,,,
32,686580,"Slaten, Justin",113,28.3,0.333,0.444,0.4,0.778,0.49,,,3,9,95.7,4.7,2379,95.6,96.53,3,13,19,0.9000000000000057,6.74,103,146,128,147,276,307,302,"-2.647","2.647",,,,10,6,1,1,0,1,3,30,1,10,"1","1.48","0.21","0.01","95.5",178,66.66666666666666,16.666666666666664,10,6.2,-0.94,-0.21,2.67,0.4,1,"8.271875",,,"-8.271875",,,,,23.1,,,,,,,
32,676510,"Hoffman, Nolan",111,28.8,0.4,0,0.8,0.4,0.415,,,4,10,84.6,8.6,2515,94.3,94.32,4,14,18,0,6.34,104,148,117,144,288,312,280,"-0.445","0.445",,,,12,5,4,0,0,0,5,41.7,1,8.3,"2.06","0.51","1.62","0.06","89.8",156,20,0,0,4.12,-2.32,-0.21,2.56,0.5,0,"1.390625",,,"-1.390625",,,,,28.6,,,,,,,
32,699707,"Pulido, Danyony",50,64,0.429,0.143,1,0.571,0.496,,,3,7,98.8,7.7,2210,94.2,93.9,5,15,17,-0.29999999999999716,6.23,107,152,119,149,291,326,290,"-1.264","1.264",,,,9,3,2,1,0,0,4,44.4,1,11.1,"1.1","1.48","0.45","0.01","91.6",227,100,33.33333333333333,11.11111111111111,5.77,-1.13,-0.04,2.6,0.556,1,"3.95",,,"-3.95",,,,,33.3,,,,,,,
32,605447,"Romano, Jordan",89,36,0.143,0,0.25,0.143,0.127,,,1,7,90.6,30.8,2300,94.5,96.68,5,11,21,2.200000000000003,7.52,113,148,117,150,298,320,301,"1.067","-1.067",,,,7,4,1,0,0,0,3,42.9,0,0,"1.05","1.5","0.16","-0.04","91.4",188,25,25,14.285714285714285,6.1,-1.6,0.07,3.02,0.143,1,"-3.334375",,,"3.334375",,,,,45.5,,,,,,,
32,622608,"Senzatela, Antonio",107,29.9,0.091,0,0.111,0.091,0.081,,,1,11,79.5,34.2,2308,96.5,96.21,5,20,12,-0.29999999999999716,6.09,115,150,117,150,305,317,305,"2.302","-2.302",,,,11,9,1,0,0,0,2,18.2,0,0,"1.23","1.21","0.36","0.04","90.2",149,22.22222222222222,0,0,6.05,-2.14,0.29,3.13,0.091,0,"-7.19375",,,"7.19375",,,,,25,,,,,,,
32,547184,"Kelly, Michael",137,23.4,0.545,0.091,0.667,0.636,0.519,,,6,11,90.3,4.2,2295,94.9,94.28,3,17,15,-0.6000000000000085,5.76,106,148,115,149,295,321,296,"-1.942","1.942",,,,11,9,5,1,0,0,2,18.2,0,0,"1.36","1.15","0.47","-0.07","91.9",194,33.33333333333333,11.11111111111111,9.090909090909092,6.14,-1.47,-0.21,2.79,0.545,1,"6.06875",,,"-6.06875",,,,,17.6,,,,,,,
32,682769,"Castellano, Eiberson",137,23.4,0.182,0.091,0.25,0.273,0.329,,,2,11,88.3,-0.9,2314,94.6,95.1,3,14,18,0.5,6.39,113,145,114,149,300,318,296,"0.882","-0.882",,,,15,8,1,1,0,0,3,20,4,26.7,"1.4","1.13","0.39","-0.33","91.5",142,37.5,12.5,6.666666666666667,5.81,-1.7,-0.35,2.98,0.4,1,"-2.75625",,,"2.75625",,,,,21.4,,,,,,,
32,700924,"Mozzicato, Frank",56,57.1,0.5,0,0.667,0.5,0.571,,,2,4,88.9,25.3,2420,92.7,92.52,1,8,24,-0.20000000000000284,6.1,116,146,120,149,294,326,301,"-1.45","1.45",,,,8,3,2,0,0,0,1,12.5,4,50,"1.15","1.49","0.57","0.16","91.9",181,33.33333333333333,0,0,5.85,1.73,-0.05,2.91,0.75,0,"4.53125",,,"-4.53125",,,,,12.5,,,,,,,
32,820862,"Fermin, José",76,42.1,0.444,0.333,0.5,0.778,0.568,,,4,9,88.6,12.3,2278,95.9,95.8,3,16,16,-0.10000000000000853,6.23,109,148,117,147,300,328,301,"-3.297","3.297",,,,12,7,3,0,0,1,2,16.7,3,25,"1.21","1.27","0.71","0","93.7",200,57.14285714285714,14.285714285714285,8.333333333333332,6.29,-1.77,-0.32,2.52,0.583,1,"10.303125",,,"-10.303125",,,,,18.8,,,,,,,
31,696062,"Dotel, Wilber",56,55.4,0.556,0.111,0.625,0.667,0.555,,,5,9,89.5,8,2291,96.9,97.12,3,19,12,0.19999999999998863,6.68,102,147,112,149,288,305,296,"-1.707","1.707",,,,10,8,4,1,0,0,1,10,0,0,"1.13","1.32","0.98","0.07","91.2",151,25,12.5,10,5.61,-2.58,-0.29,2.23,0.6,1,"5.506451613",,,"-5.506451613",,,,,15.8,,,,,,,
31,679358,"Orze, Eric",156,19.9,0.571,0.571,0.5,1.143,0.718,,,4,7,95.4,5,2234,93.4,94.48,1,12,19,1.0999999999999943,6.99,116,146,118,148,285,314,288,"-2.175","2.175",,,,10,7,2,1,0,1,0,0,3,30,"1.21","1.41","0.87","-0.14","95.5",188,85.71428571428571,28.57142857142857,20,5.87,-1.78,-0.25,2.44,0.7,2,"7.016129032",,,"-7.016129032",,,,,8.3,,,,,,,
31,607536,"Freeland, Kyle",140,22.1,0.333,0,0.4,0.333,0.397,,,2,6,89,16.6,2371,92.5,92.86,0,14,17,0.4000000000000057,6.46,116,151,117,148,297,319,242,"0.128","-0.128",,,,8,5,2,0,0,0,1,12.5,2,25,"1.37","1.29","0.5","-0.35","89.4",198,20,0,0,6.04,2.56,0.02,2.71,0.5,0,"-0.412903226",,,"0.412903226",,,,,0,,,,,,,
31,697812,"Rock, Joe",94,33,0.167,0,0.5,0.167,0.398,,,1,6,101.6,12,2305,91.8,91.63,4,9,22,-0.20000000000000284,6.35,108,148,115,146,290,316,288,"-0.287","0.287",,,,11,2,1,0,0,0,4,36.4,5,45.5,"1.48","1.24","0.89","-0.35","93.4",223,100,0,0,5.9,2.28,-0.47,2.42,0.545,0,"0.925806452",,,"-0.925806452",,,,,44.4,,,,,,,
31,663986,"Stephan, Trevor",73,42.5,0.5,0,0.5,0.5,0.575,,,2,4,97.5,7,2307,90.7,91.41,3,16,15,0.7000000000000028,6.6,113,151,119,147,299,323,295,"-0.911","0.911",,,,8,4,2,0,0,0,0,0,3,37.5,"1.67","1.09","0.44","0.31","91.7",173,75,25,12.5,5.54,-2.25,-0.07,2.81,0.75,1,"2.938709677",,,"-2.938709677",,,,,18.8,,,,,,,
31,677955,"Hill, Jaden",175,17.7,0.333,0.333,0.333,0.667,0.425,,,3,9,88.4,26.6,2388,97.6,96.81,2,18,13,-0.7999999999999972,5.82,114,147,113,149,290,316,299,"-0.975","0.975",,,,9,7,2,0,0,1,2,22.2,0,0,"1.17","1.23","0.79","-0.24","92.6",247,42.857142857142854,14.285714285714285,11.11111111111111,5.77,-1.28,0.52,2.89,0.333,1,"3.14516129",,,"-3.14516129",,,,,11.1,,,,,,,
31,702903,"Garcia, Saul",53,58.5,0,0,0,0,0.233,,,0,4,83.8,36,2460,95.6,95.11,3,12,19,-0.5,6.2,106,147,113,146,297,322,297,"0.631","-0.631",,,,6,4,0,0,0,0,0,0,2,33.3,"1.27","1.24","1.27","-0.04","92.0",214,50,25,16.666666666666664,5.26,-2.01,0.02,3.18,0.333,1,"-2.035483871",,,"2.035483871",,,,,25,,,,,,,
31,800018,"Zhuang, Chen Zhong-Ao",47,66,0.3,0.1,0.333,0.4,0.304,,,3,10,87.4,8.4,2081,92.5,92.21,3,19,12,-0.29999999999999716,6.24,111,149,118,149,292,314,296,"0.468","-0.468",,,,10,9,2,1,0,0,1,10,0,0,"1.26","1.41","0.89","-0.19","92.2",173,44.44444444444444,0,0,6.01,-2,0.18,2.57,0.3,0,"-1.509677419",,,"1.509677419",,,,,15.8,,,,,,,
31,622088,"Antone, Tejay",161,19.3,0.714,0,0.833,0.714,0.649,,,5,7,88.1,8.5,2461,94.2,93.88,2,15,16,-0.29999999999999716,6.13,105,150,121,149,299,330,299,"-1.634","1.634",,,,9,6,5,0,0,0,1,11.1,2,22.2,"1.41","1.16","0.7","0.19","91.5",183,33.33333333333333,0,0,6,-1.7,0.13,2.67,0.778,0,"5.270967742",,,"-5.270967742",,,,,13.3,,,,,,,
31,688158,"Morgan, David",112,27.7,0.143,0.143,0.167,0.286,0.245,,,1,7,95.8,12.8,2403,97.7,97.12,2,18,13,-0.6000000000000085,5.91,120,149,117,151,292,324,302,"1.276","-1.276",,,,8,6,0,1,0,0,1,12.5,1,12.5,"1.2","1.18","0.59","-0.26","93.4",192,83.33333333333334,33.33333333333333,25,5.52,-1.99,0.22,2.67,0.25,2,"-4.116129032",,,"4.116129032",,,,,11.1,,,,,,,
31,701565,"Schultz, Connor",109,28.4,0.444,0.667,0.333,1.111,0.653,,,4,9,93.3,26.1,2053,92.2,92.96,3,24,7,0.7999999999999972,6.63,118,148,117,149,302,329,306,"-1.983","1.983",,,,9,8,2,0,0,2,1,11.1,0,0,"1.52","1.15","0.94","-0.59","91.1",185,50,12.5,11.11111111111111,6.16,-1.15,0.2,2.86,0.444,1,"6.396774194",,,"-6.396774194",,,,,12.5,,,,,,,
31,605400,"Nola, Aaron",110,28.2,0.625,0.125,0.714,0.75,0.613,,,5,8,99.3,17.6,2301,91.1,91.53,1,11,20,0.4000000000000057,6.69,112,148,114,149,292,313,287,"-2.463","2.463",,,,9,7,4,1,0,0,1,11.1,1,11.1,"1.49","1.27","0.99","-0.45","96.7",162,57.14285714285714,0,0,5.02,-1.76,-0.06,3.01,0.667,0,"7.94516129",,,"-7.94516129",,,,,9.1,,,,,,,
31,489446,"Yates, Kirby",56,55.4,0.286,0.286,0.333,0.571,0.354,,,2,7,95.1,28,2260,91.8,91.06,1,13,18,-0.7000000000000028,6.04,103,144,109,146,299,319,303,"-0.356","0.356",,,,9,6,1,0,1,0,2,22.2,1,11.1,"1.65","1.07","1.18","-0.13","94.3",182,40,20,11.11111111111111,5.26,-2.45,0.19,2.12,0.333,1,"1.148387097",,,"-1.148387097",,,,,7.7,,,,,,,
31,703821,"Caba, Myles",76,40.8,0.333,0.5,0.333,0.833,0.562,,,2,6,94.9,24.3,2406,91.5,91.94,5,14,17,0.4000000000000057,6.54,113,152,118,147,298,324,291,"-1.108","1.108",,,,9,4,1,0,0,1,2,22.2,2,22.2,"1.37","1.36","0.28","-0.22","91.5",194,50,25,11.11111111111111,5.51,1.87,0.16,3.26,0.556,1,"3.574193548",,,"-3.574193548",,,,,35.7,,,,,,,
31,702878,"Orellana, Douglas",61,50.8,0.375,0.125,0.429,0.5,0.415,,,3,8,90.8,8.3,2278,94.4,94.51,4,14,17,0.09999999999999432,6.43,115,145,119,147,285,303,281,"-0.851","0.851",,,,9,7,2,1,0,0,1,11.1,1,11.1,"1.37","1.19","-0.06","0","93.5",191,57.14285714285714,14.285714285714285,11.11111111111111,6.56,-1.36,0.12,2.33,0.444,1,"2.74516129",,,"-2.74516129",,,,,28.6,,,,,,,
31,644429,"Severino, Anderson",53,58.5,0.5,0,0.571,0.5,0.495,,,4,8,85.6,0,2066,96.3,95.94,1,10,21,-0.3999999999999915,6.15,109,148,123,148,291,315,283,"-1.329","1.329",,,,10,7,4,0,0,0,1,10,2,20,"1.17","1.29","0.59","-0.3","93.4",164,42.857142857142854,0,0,5.83,1.54,0.16,2.32,0.6,0,"4.287096774",,,"-4.287096774",,,,,10,,,,,,,
31,676046,"McGarry, Griff",121,25.6,0.333,0.333,0.333,0.667,0.49,,,1,3,83.6,0,2496,95.7,96.6,3,9,22,0.8999999999999915,6.93,109,147,118,150,295,323,295,"-0.445","0.445",,,,4,3,0,1,0,0,0,0,1,25,"1.23","1.27","0.91","0.05","90.2",145,33.33333333333333,0,0,4.89,-1.79,0.6,2.3,0.5,0,"1.435483871",,,"-1.435483871",,,,,33.3,,,,,,,
31,677958,"Rocker, Kumar",185,16.8,0.4,0,0.5,0.4,0.356,,,2,5,87.8,5,2111,95.9,96.75,1,13,18,0.8999999999999915,6.7,111,145,106,151,304,316,305,"-0.238","0.238",,,,5,4,2,0,0,0,1,20,0,0,"1.66","0.81","0.62","-0.35","91.5",183,25,0,0,5.67,-2.5,-0.1,3.02,0.4,0,"0.767741935",,,"-0.767741935",,,,,7.7,,,,,,,
31,680899,"Tolman, Erik",63,49.2,0,0,0,0,0.354,,,0,3,100.4,25,2319,96.6,97.02,4,12,19,0.4000000000000057,6.51,108,147,120,147,286,314,274,"-0.388","0.388",,,,6,1,0,0,0,0,2,33.3,2,33.3,"1.08","1.36","0.44","-0.07","89.8",239,100,100,16.666666666666664,6,1.45,-0.18,2.81,0.5,1,"1.251612903",,,"-1.251612903",,,,,33.3,,,,,,,
31,693821,"Elder, Bryce",218,14.2,0.375,0,0.429,0.375,0.334,,,3,8,85.1,28.9,2171,92.6,92.45,4,17,14,-0.09999999999999432,6.28,116,147,122,148,303,319,298,"0.568","-0.568",,,,8,7,3,0,0,0,1,12.5,0,0,"1.35","1.32","0.29","-0.21","93.1",205,28.57142857142857,0,0,6.32,-1.49,0.07,2.56,0.375,0,"-1.832258065",,,"1.832258065",,,,,23.5,,,,,,,
31,836128,"Cosper, Colton",52,59.6,0.4,0,0.667,0.4,0.454,,,2,5,87.3,5.3,1917,86.3,86.04,3,10,21,-0.29999999999999716,6.29,106,149,122,149,286,312,283,"-0.578","0.578",,,,7,3,2,0,0,0,2,28.6,2,28.6,"2.05","1.03","0.97","0.16","90.6",155,33.33333333333333,0,0,4.72,2.59,-0.2,2.57,0.571,0,"1.864516129",,,"-1.864516129",,,,,30,,,,,,,
31,671936,"Macko, Adam",47,66,0,0,0,0,0.174,,,0,6,92,22.8,2225,94.7,94.09,3,19,12,-0.6000000000000085,5.96,104,150,118,149,297,330,287,"1.1","-1.1",,,,8,5,0,0,0,0,1,12.5,2,25,"1.15","1.39","0.59","-0.28","90.1",202,40,0,0,5.89,1.35,0.07,2.51,0.25,0,"-3.548387097",,,"3.548387097",,,,,15.8,,,,,,,
31,699489,"Johnson, Brandon",61,50.8,0.444,0.889,0.333,1.333,0.735,,,4,9,99.4,10.5,2190,93.3,93.4,0,19,12,0.10000000000000853,6.3,116,152,122,146,294,316,282,"-2.238","2.238",,,,9,8,0,2,0,2,1,11.1,0,0,"1.16","1.46","0.25","0.19","94.2",236,75,50,44.44444444444444,6.13,-2.16,-0.11,3.01,0.444,4,"7.219354839",,,"-7.219354839",,,,,0,,,,,,,
31,689690,"Jacob, Alek",76,40.8,0.25,0,0.333,0.25,0.386,,,1,4,86.7,29.7,2361,86.9,88.27,6,18,13,1.3999999999999915,7.25,121,148,123,151,304,324,304,"-0.237","0.237",,,,6,3,1,0,0,0,1,16.7,1,16.7,"1.96","1.07","1.12","-0.53","88.7",224,0,0,0,4.12,-3.1,-0.05,2.82,0.5,0,"0.764516129",,,"-0.764516129",,,,,33.3,,,,,,,
30,656492,"Griffin, Foster",123,24.4,0.333,0,0.667,0.333,0.434,,,2,6,77.5,-8,2125,92,92.21,5,12,18,0.20000000000000284,6.41,110,148,119,146,289,314,276,"-0.931","0.931",,,,9,3,2,0,0,0,3,33.3,2,22.2,"1.35","1.35","0.41","-0.19","88.4",148,0,0,0,5.79,2.49,-0.32,2.62,0.556,0,"3.103333333",,,"-3.103333333",,,,,41.7,,,,,,,
30,656186,"Altavilla, Dan",87,34.5,0,0,0,0,0.087,,,0,7,86.4,23.3,2284,95.8,95.01,1,12,18,-0.7999999999999972,5.85,120,148,123,150,286,315,278,"1.531","-1.531",,,,8,6,0,0,0,0,1,12.5,1,12.5,"1.31","1.18","0.88","-0.08","93.1",173,66.66666666666666,16.666666666666664,12.5,5.27,-2.23,-0.08,2.9,0.125,1,"-5.103333333",,,"5.103333333",,,,,8.3,,,,,,,
30,606303,"Payamps, Joel",92,32.6,0.125,0,0.2,0.125,0.111,,,1,8,88,38.2,2467,95.3,94.8,5,22,8,-0.5,5.99,112,147,129,151,295,324,294,"1.437","-1.437",,,,8,5,1,0,0,0,3,37.5,0,0,"1.32","1.19","0.47","-0.14","91.2",227,20,20,12.5,5.64,-2.39,-0.05,2.78,0.125,1,"-4.79",,,"4.79",,,,,22.7,,,,,,,
30,622098,"Smith, Drew",86,34.9,0.143,0,0.333,0.143,0.198,,,1,7,97.9,12,2444,93.7,93.29,5,17,13,-0.4000000000000057,6.03,112,149,119,151,287,316,292,"1.212","-1.212",,,,8,3,1,0,0,0,4,50,1,12.5,"1.27","1.32","0.61","0","90.5",217,66.66666666666666,0,0,5.4,-2.17,-0.08,2.87,0.25,0,"-4.04",,,"4.04",,,,,29.4,,,,,,,
30,678922,"Cabrera, Jeisson",52,57.7,0.333,0,0.333,0.333,0.497,,,1,3,97.4,19.3,2297,95.6,96.12,1,12,18,0.5,6.6,114,144,120,146,278,306,291,"-0.26","0.26",,,,6,3,1,0,0,0,0,0,3,50,"1.22","1.28","0.31","-0.04","91.2",223,33.33333333333333,0,0,5.48,-2.15,0.1,2.59,0.667,0,"0.866666667",,,"-0.866666667",,,,,8.3,,,,,,,
30,660781,"Robles, Domingo",59,50.8,0.4,0.6,0.5,1,0.519,,,2,5,97,25.7,2172,90.5,90.61,3,11,19,0.09999999999999432,6.39,110,149,118,146,287,308,284,"-0.938","0.938",,,,7,3,1,0,0,1,3,42.9,1,14.3,"1.74","1.05","0.94","-0.1","94.1",211,33.33333333333333,33.33333333333333,14.285714285714285,5.89,1.48,0,2.43,0.429,1,"3.126666667",,,"-3.126666667",,,,,27.3,,,,,,,
30,672391,"Ort, Kaleb",84,35.7,0.5,0.5,0.5,1,0.646,,,3,6,96.8,-0.6,2415,95.5,95.34,4,17,13,-0.20000000000000284,6.19,107,147,116,148,300,321,304,"-1.593","1.593",,,,7,5,2,0,0,1,1,14.3,1,14.3,"1.12","1.38","0.52","0.06","92.4",177,60,20,14.285714285714285,5.8,-2.38,-0.29,2.8,0.571,1,"5.31",,,"-5.31",,,,,23.5,,,,,,,
30,666155,"King, Chuck",137,21.9,0.6,0.8,0.5,1.4,0.786,,,3,5,95,33.2,2085,94.9,94.57,2,10,20,-0.30000000000001137,6.23,113,146,117,148,295,327,299,"-2.871","2.871",,,,8,5,1,1,0,1,0,0,3,37.5,"1.6","0.94","1.2","-0.07","94.2",196,60,40,25,6,-2.89,-0.3,2.63,0.75,2,"9.57",,,"-9.57",,,,,20,,,,,,,
30,680689,"Richardson, Lyon",154,19.5,0.714,0.571,1,1.286,0.834,,,5,7,91.6,19,2358,96.1,95.09,2,12,18,-1,5.75,113,149,117,146,302,324,296,"-3.59","3.59",,,,8,5,3,1,0,1,2,25,1,12.5,"1.2","1.28","0.79","0.14","91.9",217,60,20,12.5,5.73,-1.36,0.55,2.7,0.75,1,"11.966666667",,,"-11.966666667",,,,,16.7,,,,,,,
30,686973,"Varland, Louis",80,37.5,0.286,0.571,0.25,0.857,0.473,,,2,7,96.4,17.6,2242,97.8,98.47,3,13,17,0.7000000000000028,6.82,119,151,127,147,299,326,294,"-0.81","0.81",,,,7,5,0,1,0,1,2,28.6,0,0,"1.04","1.36","0.62","-0.04","94.5",209,80,40,28.57142857142857,5.46,-2.86,0.09,2.69,0.286,2,"2.7",,,"-2.7",,,,,23.1,,,,,,,
30,656234,"Bird, Jake",167,18,0.333,0.333,0.5,0.667,0.485,,,2,6,88.7,24,2439,93.9,93.25,3,14,16,-0.6000000000000085,5.83,108,144,115,149,287,321,293,"-0.402","0.402",,,,9,4,1,0,1,0,2,22.2,2,22.2,"1.52","1.06","0.36","-0.19","91.0",154,50,25,11.11111111111111,5.47,-2.91,-0.08,2.57,0.5,1,"1.34",,,"-1.34",,,,,21.4,,,,,,,
30,694037,"Palencia, Daniel",52,57.7,0.25,0,0.286,0.25,0.275,,,2,8,93.1,32.4,2239,99.2,100.31,3,14,16,1.0999999999999943,6.96,115,152,118,150,292,320,299,"0.687","-0.687",,,,9,7,2,0,0,0,1,11.1,1,11.1,"1.06","1.27","0.77","0.23","92.5",253,28.57142857142857,0,0,5.51,-0.96,-0.07,3.02,0.333,0,"-2.29",,,"2.29",,,,,21.4,,,,,,,
30,688297,"Roycroft, Chris",118,25.4,0.182,0,0.286,0.182,0.162,,,2,11,85,-4.9,2145,94.2,94.98,5,19,11,0.9000000000000057,6.63,104,144,114,149,281,318,297,"1.054","-1.054",,,,11,7,2,0,0,0,4,36.4,0,0,"1.75","0.81","0.33","-0.25","89.6",102,14.285714285714285,0,0,5.49,-1.67,0.61,3.04,0.182,0,"-3.513333333",,,"3.513333333",,,,,26.3,,,,,,,
30,696263,"Thornton, Tyler",61,49.2,0.286,0.857,0,1.143,0.637,,,2,7,90.7,20.3,2358,93.2,93.33,3,11,19,0.09999999999999432,6.5,116,145,122,145,292,321,295,"-2.4","2.4",,,,12,4,0,0,0,2,3,25,3,25,"1.49","1.15","1.02","0.01","93.0",190,50,50,16.666666666666664,4.73,-1.59,-0.03,2.64,0.583,2,"8",,,"-8",,,,,27.3,,,,,,,
30,676153,"Love, Austin",77,39,0.5,0.167,0.5,0.667,0.554,,,3,6,91.4,16.5,2349,92,93.15,0,9,21,1.2000000000000028,6.77,111,149,117,148,286,315,284,"-1.436","1.436",,,,8,6,2,1,0,0,0,0,2,25,"1.36","1.31","0.69","0.04","92.8",168,50,16.666666666666664,12.5,5.94,-1.54,0.12,2.78,0.625,1,"4.786666667",,,"-4.786666667",,,,,0,,,,,,,
30,681006,"Simpson, Josh",82,36.6,0.286,0.571,0.2,0.857,0.54,,,2,7,95.5,17.3,2264,93.9,93.03,0,18,12,-0.9000000000000057,5.67,108,148,118,146,297,319,293,"-0.577","0.577",,,,10,6,0,1,0,1,1,10,3,30,"1.63","0.94","0.66","-0.52","92.5",229,50,16.666666666666664,10,5.32,1.14,-0.15,2.41,0.5,1,"1.923333333",,,"-1.923333333",,,,,0,,,,,,,
30,692294,"Gutierrez, Luis",72,41.7,0.333,0.667,0.25,1,0.552,,,2,6,102.4,11.8,1841,94.8,93.92,2,14,16,-0.8999999999999915,5.93,115,152,130,148,297,321,293,"-2.614","2.614",,,,6,5,0,1,0,1,1,16.7,0,0,"1.56","1","0.85","-0.33","94.5",156,80,20,16.666666666666664,6.1,3.22,-0.24,2.72,0.333,1,"8.713333333",,,"-8.713333333",,,,,14.3,,,,,,,
30,691602,"Cruz, Stiven",79,38,0,0,0,0,0.174,,,0,6,90,47.8,2406,92.4,92.32,5,14,16,-0.10000000000000853,6.12,112,145,118,145,296,314,298,"0.688","-0.688",,,,8,4,0,0,0,0,2,25,2,25,"1.3","1.36","0.52","-0.08","90.8",210,25,0,0,6,-1.08,0.4,2.75,0.25,0,"-2.293333333",,,"2.293333333",,,,,35.7,,,,,,,
29,683568,"Iriarte, Jairo",41,70.7,0.25,0,1,0.25,0.46,,,1,4,108.7,10,2156,94.4,95.62,3,8,21,1.1999999999999886,7.12,102,147,118,146,298,325,299,"-1.218","1.218",,,,8,1,1,0,0,0,3,37.5,4,50,"1.5","1.07","1.03","0.5","102.1",181,100,0,0,5.46,-2.26,0.56,2.53,0.625,0,"4.2",,,"-4.2",,,,,37.5,,,,,,,
29,805990,"Kipp, Grant",99,29.3,0,0,0,0,0.1,,,0,6,86.3,-13,2426,93.9,94.9,2,15,14,1,6.73,110,146,109,151,293,325,303,"1.292","-1.292",,,,7,5,0,0,0,0,1,14.3,1,14.3,"1.6","0.97","0.3","-0.22","89.8",127,40,0,0,5.84,-2.12,0.15,2.82,0.143,0,"-4.455172414",,,"4.455172414",,,,,13.3,,,,,,,
29,671131,"Rutledge, Jackson",94,30.9,0,0,0,0,0.07,,,0,9,91.4,30,2181,94.2,93.89,2,15,14,-0.29999999999999716,6.31,116,148,115,149,296,328,305,"2.071","-2.071",,,,10,7,0,0,0,0,2,20,1,10,"1.24","1.34","0.73","-0.29","91.5",211,42.857142857142854,14.285714285714285,10,6.24,-1.34,0.57,2.58,0.1,1,"-7.14137931",,,"7.14137931",,,,,13.3,,,,,,,
29,676910,"Seelinger, Matt",87,33.3,0.6,0.2,0.6,0.8,0.554,,,3,5,81.7,27.6,2443,92.7,92.63,5,12,17,-0.10000000000000853,6.37,108,150,114,148,292,319,281,"-1.265","1.265",,,,8,5,2,1,0,0,1,12.5,2,25,"1.09","1.57","0.03","-0.03","90.7",217,40,0,0,5.68,-0.58,-0.05,2.54,0.625,0,"4.362068966",,,"-4.362068966",,,,,41.7,,,,,,,
29,695667,"Kudrna, Ben",78,37.2,0.667,0.167,0.667,0.833,0.661,,,4,6,89.5,-8.3,2124,94.2,94.56,2,11,18,0.3999999999999915,6.51,113,148,120,146,293,322,297,"-1.653","1.653",,,,7,6,3,1,0,0,0,0,1,14.3,"1.37","1.2","0.8","0.3","92.9",189,66.66666666666666,16.666666666666664,14.285714285714285,5.99,-1.92,0.01,2.92,0.714,1,"5.7",,,"-5.7",,,,,18.2,,,,,,,
29,622663,"Severino, Luis",113,25.7,0.25,0.75,0,1,0.574,,,1,4,100.2,27.3,2229,96.2,96.3,2,12,17,0.09999999999999432,6.38,110,146,118,147,296,337,298,"-2.08","2.08",,,,6,3,0,0,0,1,1,16.7,2,33.3,"1.1","1.36","0.61","-0.17","92.7",187,66.66666666666666,33.33333333333333,16.666666666666664,5.94,-2.06,0.12,2.7,0.5,1,"7.172413793",,,"-7.172413793",,,,,16.7,,,,,,,
29,808967,"Yamamoto, Yoshinobu",151,19.2,0.222,0.111,0.286,0.333,0.239,,,2,9,100,6,2156,95.3,95.47,1,13,16,0.20000000000000284,6.44,110,151,122,150,305,325,295,"0.063","-0.063",,,,9,7,1,1,0,0,2,22.2,0,0,"1.22","1.3","0.59","0.11","98.1",177,83.33333333333334,33.33333333333333,22.22222222222222,5.54,-1.87,0.26,2.31,0.222,2,"-0.217241379",,,"0.217241379",,,,,7.7,,,,,,,
29,693312,"Nicolas, Kyle",56,51.8,0.2,0.2,0.333,0.4,0.379,,,1,5,94,28.3,2310,97,97.7,3,12,17,0.7000000000000028,6.92,107,144,123,148,303,315,302,"-0.413","0.413",,,,7,3,0,1,0,0,2,28.6,2,28.6,"0.93","1.51","0.71","-0.06","90.2",188,33.33333333333333,0,0,5.91,-1.28,0.41,2.6,0.429,0,"1.424137931",,,"-1.424137931",,,,,25,,,,,,,
29,571945,"Mikolas, Miles",188,15.4,0.5,0.875,0.286,1.375,0.695,,,4,8,95.5,15.3,2209,92.1,91.92,1,16,13,-0.19999999999998863,6.11,107,147,118,151,293,326,299,"-3.465","3.465",,,,11,9,1,1,0,2,0,0,2,18.2,"1.41","1.27","0.75","-0.31","95.6",207,55.55555555555556,33.33333333333333,27.27272727272727,6.53,-1.35,0.02,2.54,0.545,3,"11.948275862",,,"-11.948275862",,,,,6.3,,,,,,,
29,701552,"Granillo, Andre",137,21.2,0.4,0.2,0.5,0.6,0.507,,,2,5,89.3,-9,2266,94,93.58,1,15,14,-0.4000000000000057,6.02,114,147,122,150,296,321,301,"-1.593","1.593",,,,7,4,1,1,0,0,1,14.3,2,28.6,"1.19","1.39","0.35","-0.18","90.8",176,50,25,14.285714285714285,6.63,-0.82,-0.31,2.88,0.571,1,"5.493103448",,,"-5.493103448",,,,,6.7,,,,,,,
29,682227,"Williamson, Brandon",247,11.7,0.375,0.375,0.333,0.75,0.522,,,3,8,87,37,2199,94.2,93.32,2,15,14,-0.9000000000000057,5.84,112,151,118,149,292,317,292,"-1.211","1.211",,,,10,7,2,0,0,1,1,10,2,20,"1.19","1.39","0.67","-0.33","92.1",203,28.57142857142857,14.285714285714285,10,6.66,0.82,-0.41,3.08,0.5,1,"4.175862069",,,"-4.175862069",,,,,13.3,,,,,,,
29,642528,"Loáisiga, Jonathan",136,21.3,0.4,0.6,0.333,1,0.588,,,2,5,93.3,10,2363,97.4,97.47,3,17,12,0.09999999999999432,6.37,114,149,118,151,295,320,302,"-0.501","0.501",,,,5,4,1,0,0,1,1,20,0,0,"1.25","1.15","0.82","-0.45","89.6",177,50,25,20,5.49,-2.33,0.12,3.02,0.4,1,"1.727586207",,,"-1.727586207",,,,,17.6,,,,,,,
29,661527,"Martinez, Seth",145,20,0.4,0.4,0.667,0.8,0.554,,,2,5,101.9,14.7,2177,90.4,91.59,2,9,20,1.1999999999999886,6.83,107,150,122,148,286,311,287,"-1.649","1.649",,,,7,3,1,0,1,0,2,28.6,2,28.6,"1.87","0.9","0.77","0.25","95.0",221,100,0,0,4.59,-2.37,0.35,2.7,0.571,0,"5.686206897",,,"-5.686206897",,,,,22.2,,,,,,,
28,806333,"Sansone, Michael",112,25,0.667,0.167,0.667,0.833,0.655,,,4,6,94.9,8.2,1991,88,86.86,0,12,16,-1.0999999999999943,5.58,114,146,118,144,291,312,289,"-1.492","1.492",,,,6,6,3,1,0,0,0,0,0,0,"1.64","1.31","0.73","-0.44","92.1",159,50,0,0,5.36,1.73,0.02,2.61,0.667,0,"5.328571429",,,"-5.328571429",,,,,0,,,,,,,
28,605135,"Bassitt, Chris",285,9.8,0.143,0,0.143,0.143,0.335,,,1,7,85.3,15.9,2063,90.9,90.97,0,19,9,0.20000000000000284,6.34,118,148,123,149,277,310,285,"-0.197","0.197",,,,11,7,1,0,0,0,0,0,4,36.4,"1.75","1.01","0.72","-0.1","89.7",168,28.57142857142857,0,0,5.48,-1.68,0.01,2.89,0.455,0,"0.703571429",,,"-0.703571429",,,,,0,,,,,,,
28,702047,"Cook, Alex",47,59.6,0.6,0.6,1,1.2,0.765,,,3,5,94.3,19.7,2276,94.8,94.93,5,15,13,0.10000000000000853,6.48,102,149,120,148,293,305,282,"-1.115","1.115",,,,5,3,2,0,0,1,2,40,0,0,"1.23","1.32","0.26","0.16","90.1",229,33.33333333333333,33.33333333333333,20,5.74,-1.6,-0.05,2.76,0.6,1,"3.982142857",,,"-3.982142857",,,,,33.3,,,,,,,
28,695026,"Wu-Yelland, Jeremy",83,33.7,0.333,0,0.4,0.333,0.401,,,2,6,91.1,6,2251,93.2,92.39,3,12,16,-0.7999999999999972,5.77,108,149,116,146,297,317,283,"-0.104","0.104",,,,8,5,2,0,0,0,1,12.5,1,12.5,"1.54","1.08","0.64","-0.34","93.7",113,60,0,0,5.49,2.8,-0.15,2.72,0.5,0,"0.371428571",,,"-0.371428571",,,,,25,,,,,,,
28,642207,"Williams, Devin",82,34.1,0.333,0,0.333,0.333,0.457,,,1,3,90.4,6.3,2326,93.6,94.86,1,10,18,1.3000000000000114,7.17,107,151,120,149,289,319,278,"-0.627","0.627",,,,5,3,1,0,0,0,0,0,2,40,"1.25","1.36","0.97","0.36","89.4",175,33.33333333333333,0,0,5.43,-2.41,0.35,2.98,0.6,0,"2.239285714",,,"-2.239285714",,,,,10,,,,,,,
28,680755,"Fisher, Braydon",110,25.5,0,0,0,0,0,,,0,5,90.2,23.4,2217,94,92.41,0,14,14,-1.5999999999999943,5.47,116,149,119,149,289,326,293,"1.229","-1.229",,,,5,5,0,0,0,0,0,0,0,0,"1.08","1.52","0.44","-0.02","90.3",173,20,20,20,6.7,0.39,0.1,2.98,0,1,"-4.389285714",,,"4.389285714",,,,,0,,,,,,,
28,702752,"Pintaro, Jonathan",88,31.8,0,0,0,0,0.299,,,0,4,76.6,16,2449,94.4,95.06,3,11,17,0.6999999999999886,6.69,112,147,126,149,282,311,284,"0.407","-0.407",,,,7,3,0,0,0,0,1,14.3,3,42.9,"1.35","1.21","0.63","0","89.9",192,33.33333333333333,33.33333333333333,14.285714285714285,5.02,-3.55,0.29,2.28,0.429,1,"-1.453571429",,,"1.453571429",,,,,27.3,,,,,,,
28,657022,"Supak, Trey",157,17.8,0.429,0.143,0.6,0.571,0.467,,,3,7,87.7,14.8,2228,92,92.81,3,16,12,0.7999999999999972,6.74,111,149,121,151,306,323,308,"-0.474","0.474",,,,8,5,2,1,0,0,2,25,1,12.5,"1.39","1.31","0.51","-0.18","90.3",167,40,0,0,6.01,-0.93,0.44,2.86,0.5,0,"1.692857143",,,"-1.692857143",,,,,18.8,,,,,,,
28,676249,"Coffey, Adisyn",72,38.9,0.462,0.385,0.5,0.846,0.567,,,6,13,92.2,19.5,2262,95.1,94.38,2,15,13,-0.6999999999999886,5.96,116,147,121,147,293,325,296,"-2.559","2.559",,,,14,11,3,2,0,1,2,14.3,1,7.1,"1.24","1.29","0.61","0.04","94.7",187,45.45454545454545,9.090909090909092,7.142857142857142,6.03,-1.01,-0.3,2.5,0.5,1,"9.139285714",,,"-9.139285714",,,,,13.3,,,,,,,
28,669298,"Shook, TJ",58,48.3,0.2,0,0.25,0.2,0.178,,,2,10,87.2,21.4,2057,92.9,92.87,4,16,12,0,6.37,105,148,117,149,295,313,295,"0.404","-0.404",,,,10,8,2,0,0,0,2,20,0,0,"1.55","1.1","1.03","-0.04","90.6",166,12.5,0,0,5.8,-1.71,0.16,2.92,0.2,0,"-1.442857143",,,"1.442857143",,,,,25,,,,,,,
28,687531,"Kempner, William",69,40.6,0.2,0,0.5,0.2,0.178,,,1,5,84.5,20,2553,95.3,94.82,5,10,18,-0.5,6.1,112,146,126,151,285,314,285,"0.879","-0.879",,,,5,2,1,0,0,0,3,60,0,0,"1.68","0.84","1.46","-1.15","88.0",214,0,0,0,4.48,-2.56,0.05,2.7,0.2,0,"-3.139285714",,,"3.139285714",,,,,50,,,,,,,
28,684516,"Rincon, Hancel",50,56,0.333,0.167,0.4,0.5,0.407,,,2,6,89,15.4,2149,92.9,92.48,4,16,12,-0.4000000000000057,5.97,103,141,111,140,278,297,283,"-0.034","0.034",,,,7,5,1,1,0,0,1,14.3,1,14.3,"1.34","1.3","0.61","0.18","94.0",152,60,20,14.285714285714285,5.69,-2.28,0.29,2.34,0.429,1,"0.121428571",,,"-0.121428571",,,,,25,,,,,,,
28,683101,"Goss, JJ",90,31.1,0.333,0.111,0.333,0.444,0.34,,,3,9,93.7,22.6,1894,92.6,93.36,5,17,11,0.8000000000000114,6.69,110,147,114,146,296,321,295,"-0.077","0.077",,,,11,9,2,1,0,0,1,9.1,1,9.1,"1.45","1.2","0.56","-0.08","94.8",210,55.55555555555556,22.22222222222222,18.181818181818183,5.83,-0.88,0.19,2.81,0.364,2,"0.275",,,"-0.275",,,,,29.4,,,,,,,
28,677961,"Wilcox, Cole",133,21.1,0.286,0.143,0.4,0.429,0.356,,,2,7,81.5,-15,2124,96.8,96.68,4,15,13,-0.09999999999999432,6.25,114,147,113,148,294,322,302,"-0.291","0.291",,,,8,5,1,1,0,0,2,25,1,12.5,"1.51","0.92","1.08","-0.48","89.3",194,25,0,0,5.82,-2.28,0.21,2.75,0.375,0,"1.039285714",,,"-1.039285714",,,,,26.7,,,,,,,
28,828353,"Garkow, Nate",89,31.5,0,0,0,0,0.233,,,0,2,82.2,-5,2180,88.2,87.54,2,12,16,-0.7000000000000028,6.05,105,147,121,148,291,328,284,"0.22","-0.22",,,,3,2,0,0,0,0,0,0,1,33.3,"1.18","1.77","0.39","0.06","88.0",171,0,0,0,6.29,-0.96,0.31,3.01,0.333,0,"-0.785714286",,,"0.785714286",,,,,16.7,,,,,,,
28,608372,"Sugano, Tomoyuki",117,23.9,0.2,0.2,0.2,0.4,0.326,,,1,5,92.4,26.4,2398,92.5,92.17,2,13,15,-0.29999999999999716,6.11,114,148,118,149,294,319,292,"-0.056","0.056",,,,6,5,0,1,0,0,0,0,1,16.7,"1.38","1.28","0.36","-0.1","92.7",193,60,0,0,6.05,-2.54,0.19,2.72,0.333,0,"0.2",,,"-0.2",,,,,15.4,,,,,,,
28,670059,"Holderman, Colin",150,18.7,0.286,0.429,0.2,0.714,0.42,,,2,7,93.9,19.2,2332,97.4,97.46,2,14,14,0.09999999999999432,6.29,111,149,120,151,293,322,295,"-0.728","0.728",,,,7,6,1,0,0,1,1,14.3,0,0,"1.29","1.12","0.63","-0.19","96.2",220,83.33333333333334,50,42.857142857142854,5.92,-2.35,0.19,2.58,0.286,3,"2.6",,,"-2.6",,,,,14.3,,,,,,,
28,673662,"Ortiz, Robinson",107,26.2,0.222,0.444,0.143,0.667,0.401,,,2,9,97.7,30.9,2236,94.2,92.78,3,19,9,-1.4000000000000057,5.54,114,149,125,147,295,320,299,"-0.005","0.005",,,,10,8,0,1,0,1,1,10,1,10,"1.36","1.22","1.03","-0.42","93.3",246,75,25,20,5.74,2.19,0.45,2.58,0.3,2,"0.017857143",,,"-0.017857143",,,,,15.8,,,,,,,
27,692404,"Saladin, Darlin",66,40.9,0.8,0,0.8,0.8,0.712,,,4,5,87.2,-1.6,2096,92.8,92.07,3,14,13,-0.7000000000000028,5.81,108,149,114,149,287,312,292,"-1.323","1.323",,,,5,5,4,0,0,0,0,0,0,0,"1.4","1.25","0.94","0.01","89.5",147,20,0,0,5.48,-1.27,0.1,2.81,0.8,0,"4.9",,,"-4.9",,,,,21.4,,,,,,,
27,621242,"Díaz, Edwin",54,50,0.286,0.143,0.4,0.429,0.394,,,2,7,95,21,2333,95.8,97.22,1,6,21,1.4000000000000057,7.11,112,151,119,149,299,316,293,"-0.552","0.552",,,,9,5,1,1,0,0,2,22.2,2,22.2,"1.42","1.07","0.94","0.39","95.2",203,60,0,0,4.79,-2.22,-0.05,2.91,0.444,0,"2.044444444",,,"-2.044444444",,,,,16.7,,,,,,,
27,681924,"Dabovich, R.J.",44,61.4,0,0,0,0,0.279,,,0,3,90.7,41,2239,95.2,94.72,1,7,20,-0.5,6.2,108,150,115,148,317,327,294,"0.437","-0.437",,,,5,2,0,0,0,0,1,20,2,40,"1.11","1.43","0.09","0.11","89.1",243,0,0,0,6.42,-1.99,0.01,2.89,0.4,0,"-1.618518519",,,"1.618518519",,,,,14.3,,,,,,,
27,678576,"Ramos, Wilkin",120,22.5,0.4,0.2,0.4,0.6,0.53,,,2,5,89.5,4.6,2187,95.1,97.02,0,14,13,1.9000000000000057,7.54,111,147,116,149,306,335,301,"-0.796","0.796",,,,8,5,1,1,0,0,0,0,3,37.5,"1.92","0.62","1.24","-0.68","91.3",206,60,20,12.5,5.22,-2.69,-0.25,2.28,0.625,1,"2.948148148",,,"-2.948148148",,,,,0,,,,,,,
27,691414,"Gómez, Yorman",58,46.6,0.375,0,0.429,0.375,0.334,,,3,8,74.9,14.1,2120,96,96.01,2,12,15,0,6.25,104,147,124,149,291,323,300,"-0.403","0.403",,,,8,7,3,0,0,0,1,12.5,0,0,"1.15","1.32","0.45","-0.06","89.8",127,14.285714285714285,0,0,6.08,-0.9,0.37,2.42,0.375,0,"1.492592593",,,"-1.492592593",,,,,16.7,,,,,,,
27,687985,"White, Josh",76,35.5,,,0,,0.465,,,0,0,95.9,17,2206,95.1,95.19,4,13,14,0.10000000000000853,6.24,108,146,121,147,278,307,277,"-0.014","0.014",,,,3,1,0,0,0,0,0,0,2,66.7,"1.04","1.47","0.3","-0.09","89.0",180,100,0,0,6.43,-0.67,0.15,3.24,0.667,0,"0.051851852",,,"-0.051851852",,,,,30.8,,,,,,,
27,668834,"McGee, Easton",152,17.8,0,0,0,0,0.063,,,0,10,97,40.6,2397,92.5,93.2,8,19,8,0.7000000000000028,6.58,111,150,122,149,298,321,297,"1.822","-1.822",,,,11,5,0,0,0,0,5,45.5,1,9.1,"1.43","1.22","0.62","0.07","92.1",227,60,0,0,5.85,-1.25,0.16,3.13,0.091,0,"-6.748148148",,,"6.748148148",,,,,42.1,,,,,,,
27,701764,"Day, Cam",104,26,0,0,0,0,0.155,,,0,7,82.4,5.5,2181,97.6,97.31,5,14,13,-0.29999999999999716,6.01,109,147,121,149,292,328,295,"1.872","-1.872",,,,9,4,0,0,0,0,3,33.3,2,22.2,"1.35","1.03","0.46","-0.17","88.9",182,0,0,0,5.75,-2.03,0.25,2.84,0.222,0,"-6.933333333",,,"6.933333333",,,,,35.7,,,,,,,
27,641962,"Pelham, CD",55,49.1,0.5,0.25,0.667,0.75,0.57,,,2,4,99.3,10,2065,95.1,96.74,4,10,17,1.6000000000000085,7.24,104,141,108,140,288,317,289,"-1.364","1.364",,,,5,3,1,1,0,0,1,20,1,20,"1.29","1.23","0.42","-0.24","93.6",191,100,0,0,5.75,2.05,0.3,2.89,0.6,0,"5.051851852",,,"-5.051851852",,,,,40,,,,,,,
27,683068,"Penrod, Zach",91,29.7,0,0,,0,0.233,,,0,2,,,2267,94.3,94.74,2,9,18,0.4000000000000057,6.59,108,148,118,150,290,319,275,"0.306","-0.306",,,,3,0,0,0,0,0,2,66.7,1,33.3,"1.18","1.39","0.45","-0.03","88.6",231,,,,6.04,1.29,0.18,2.91,0.333,,"-1.133333333",,,"1.133333333",,,,,22.2,,,,,,,
27,642770,"Guerra, Javy",55,49.1,0.4,0.8,0.25,1.2,0.675,,,2,5,94.5,20.6,2250,94.9,94.77,1,10,17,-0.10000000000000853,6.2,117,149,124,151,305,318,297,"-1.843","1.843",,,,8,5,0,1,0,1,0,0,3,37.5,"1.14","1.39","0.43","-0.12","93.2",259,60,20,12.5,6,-1.79,-0.24,3.28,0.625,1,"6.825925926",,,"-6.825925926",,,,,10,,,,,,,
27,664747,"Díaz, Alexis",49,55.1,0.333,0.667,0.333,1,0.627,,,1,3,90.9,53.7,2436,92.9,95.19,1,5,22,2.299999999999997,7.53,108,142,111,146,296,317,304,"-1.867","1.867",,,,7,3,0,0,1,0,0,0,4,57.1,"1.48","1.15","0.96","-0.42","90.8",189,0,0,0,4.78,-2.18,-0.33,3.17,0.714,0,"6.914814815",,,"-6.914814815",,,,,20,,,,,,,
27,804948,"Stanifer, Gage",39,69.2,0.333,0.333,0.5,0.667,0.537,,,1,3,88.8,43.5,2238,93.6,93.8,3,10,17,0.20000000000000284,6.22,113,146,120,145,309,310,280,"-0.598","0.598",,,,5,2,0,1,0,0,1,20,1,20,"1.26","1.33","1.03","0.59","94.7",99,50,0,0,6.02,-1.21,-0.48,3.21,0.6,0,"2.214814815",,,"-2.214814815",,,,,30,,,,,,,
27,701328,"Ferris, Jackson",53,50.9,0.167,0,0.2,0.167,0.286,,,1,6,84.7,7.8,2103,93,94.22,4,13,14,1.2000000000000028,6.97,118,151,121,151,294,325,297,"0.585","-0.585",,,,8,5,1,0,0,0,1,12.5,2,25,"1.52","1.12","0.46","0.09","89.9",189,20,0,0,5.42,2.15,0.01,2.64,0.375,0,"-2.166666667",,,"2.166666667",,,,,30.8,,,,,,,
27,519326,"Strickland, Hunter",66,40.9,0.25,0.125,0.25,0.375,0.269,,,2,8,92.2,11.1,2033,91.8,90.9,1,13,14,-0.8999999999999915,5.75,106,147,115,148,296,323,303,"0.868","-0.868",,,,8,8,1,1,0,0,0,0,0,0,"1.63","1.08","0.73","-0.2","95.0",86,50,0,0,6.16,-2.76,-0.29,2.63,0.25,0,"-3.214814815",,,"3.214814815",,,,,7.7,,,,,,,
27,670090,"Mills, Wyatt",86,31.4,0.25,0.125,0.4,0.375,0.316,,,2,8,94.7,4.2,1964,90.3,91.54,3,13,14,1.2000000000000028,7.2,111,148,122,148,294,329,295,"-0.046","0.046",,,,9,5,1,1,0,0,3,33.3,1,11.1,"2.1","0.71","0.88","0.14","95.3",172,60,0,0,3.89,-3.41,0.26,2.76,0.333,0,"0.17037037",,,"-0.17037037",,,,,23.1,,,,,,,
27,542888,"Armstrong, Shawn",110,24.5,0.125,0,0.333,0.125,0.176,,,1,8,82.2,38,2294,93.1,93.6,4,15,12,0.5,6.53,114,150,126,148,301,325,293,"0.593","-0.593",,,,9,3,1,0,0,0,5,55.6,1,11.1,"1.35","1.28","0.47","0.03","89.9",255,33.33333333333333,0,0,5.98,-1.47,0.12,3.09,0.222,0,"-2.196296296",,,"2.196296296",,,,,26.7,,,,,,,
27,623474,"Herget, Jimmy",186,14.5,0,0,0,0,0.158,,,0,7,88.9,21.3,2419,92.1,89.71,3,9,18,-2.3999999999999915,4.91,116,149,121,151,292,324,296,"0.262","-0.262",,,,9,4,0,0,0,0,3,33.3,1,11.1,"1.82","0.88","1.12","-0.31","93.3",152,50,0,0,5.36,-2.19,-0.09,3.16,0.222,0,"-0.97037037",,,"0.97037037",,,,,33.3,,,,,,,
27,686753,"Jameson, Drey",101,26.7,0.25,0,0.25,0.25,0.381,,,1,4,97.1,30.3,2352,97,95.94,0,6,21,-1.0999999999999943,5.57,115,144,112,149,298,321,302,"-0.652","0.652",,,,6,4,1,0,0,0,0,0,2,33.3,"1.13","1.29","0.71","-0.44","97.9",241,50,25,16.666666666666664,5.97,-1.92,0,2.85,0.5,1,"2.414814815",,,"-2.414814815",,,,,0,,,,,,,
26,689359,"Stanavich, Dale",55,47.3,0.2,0,0.333,0.2,0.265,,,1,5,99.5,27.3,1981,92.6,92.28,6,12,14,-0.29999999999999716,6.07,117,150,128,149,288,313,283,"0.719","-0.719",,,,6,3,1,0,0,0,2,33.3,1,16.7,"1.35","1.3","0.47","-0.41","92.9",202,66.66666666666666,33.33333333333333,16.666666666666664,5.66,1.23,0.18,2.78,0.333,1,"-2.765384615",,,"2.765384615",,,,,50,,,,,,,
26,683627,"Molina, Anthony",69,37.7,0.25,0,0.25,0.25,0.317,,,1,4,97.1,10.8,2161,97.6,97.2,2,12,14,-0.3999999999999915,6.23,110,150,126,150,296,323,288,"0.444","-0.444",,,,5,4,1,0,0,0,0,0,1,20,"0.97","1.44","0.48","0.11","92.6",176,75,0,0,6.2,-1.64,-0.17,2.52,0.4,0,"-1.707692308",,,"1.707692308",,,,,16.7,,,,,,,
26,596271,"Lawrence, Casey",219,11.9,0.2,0.6,,0.8,0.41,,,1,5,101.4,26,2168,89.3,88.2,4,9,17,-1.0999999999999943,5.81,114,147,122,146,296,320,305,"-0.843","0.843",,,,5,1,0,0,0,1,4,80,0,0,"1.81","1.07","1.04","-0.17","90.7",222,100,100,20,5.21,-2.56,-0.24,3.61,0.2,1,"3.242307692",,,"-3.242307692",,,,,44.4,,,,,,,
26,695034,"Morris, Kade",100,26,0.5,1.5,0,2,0.915,,,1,2,99.7,26.5,2201,94.7,94.7,4,13,13,0,6.28,114,146,123,150,293,321,294,"-1.346","1.346",,,,3,2,0,0,0,1,0,0,1,33.3,"1.44","1.1","0.82","-0.46","90.9",255,100,0,0,5.14,-2.03,0.27,2.71,0.667,0,"5.176923077",,,"-5.176923077",,,,,30.8,,,,,,,
26,681077,"Knorr, Michael",60,43.3,0.2,0,0.25,0.2,0.178,,,2,10,92.8,27.6,2313,95.5,95.77,1,17,9,0.29999999999999716,6.63,103,150,120,149,306,321,297,"1.28","-1.28",,,,10,8,2,0,0,0,2,20,0,0,"1.13","1.39","0.98","0.45","91.0",237,25,12.5,10,5.85,-1.65,-0.07,2.63,0.2,1,"-4.923076923",,,"4.923076923",,,,,5.9,,,,,,,
26,681806,"Wantz, Andrew",105,24.8,0.571,1,0.5,1.571,0.868,,,4,7,101.1,16.6,2340,93.3,92.82,4,17,9,-0.5,6.08,102,147,118,148,294,318,292,"-4.942","4.942",,,,8,6,1,1,0,2,1,12.5,1,12.5,"1.27","1.36","0.48","-0.11","94.2",218,80,40,25,6.27,-1.56,0.02,3.18,0.625,2,"19.007692308",,,"-19.007692308",,,,,23.5,,,,,,,
26,662253,"Muñoz, Andrés",80,32.5,0.375,0.375,0.6,0.75,0.518,,,3,8,91.7,29.8,2281,98.2,98.54,4,12,14,0.4000000000000057,6.46,109,150,120,147,300,325,301,"-1.253","1.253",,,,10,5,0,3,0,0,3,30,2,20,"1.36","1","0.67","0.47","94.8",187,60,20,10,5.43,-2.86,-0.2,2.73,0.5,1,"4.819230769",,,"-4.819230769",,,,,33.3,,,,,,,
26,684320,"Rodríguez, Yariel",78,33.3,0.75,0.25,0.75,1,0.739,,,3,4,101.2,9.8,2412,93.4,93.4,0,10,16,0,6.26,105,147,123,149,294,322,289,"-1.676","1.676",,,,6,4,2,1,0,0,0,0,2,33.3,"1.46","1.16","0.35","0","95.6",171,75,0,0,6.04,-1.62,0.2,2.93,0.833,0,"6.446153846",,,"-6.446153846",,,,,0,,,,,,,
26,682967,"Sweet, Devin",78,33.3,0.571,1,0.5,1.571,0.868,,,4,7,91.3,23.3,2244,92.1,92.08,2,14,12,0,6.37,110,148,125,148,284,315,290,"-3.414","3.414",,,,8,6,1,1,0,2,1,12.5,1,12.5,"1.05","1.65","0.36","0.13","92.5",211,50,33.33333333333333,25,6.18,-0.64,0.01,2.72,0.625,2,"13.130769231",,,"-13.130769231",,,,,14.3,,,,,,,
26,701719,"Samaniego, Tyler",73,35.6,0,0,0,0,0.07,,,0,9,82.7,24.7,2221,93.2,94.58,6,15,11,1.3999999999999915,7,108,150,123,148,286,308,296,"2.397","-2.397",,,,10,6,0,0,0,0,3,30,1,10,"1.4","1.22","0.34","-0.15","91.7",140,33.33333333333333,0,0,5.76,1.63,0.08,2.83,0.1,0,"-9.219230769",,,"9.219230769",,,,,40,,,,,,,
26,669060,"Wilson, Bryse",148,17.6,0.4,0,0.5,0.4,0.508,,,2,5,95.2,17,2094,92.5,92.77,1,5,21,0.29999999999999716,6.52,110,148,114,145,279,304,281,"-1.434","1.434",,,,9,4,2,0,0,0,1,11.1,4,44.4,"1.34","1.33","0.69","-0.06","96.7",180,50,0,0,6.07,-2.68,0.04,2.81,0.667,0,"5.515384615",,,"-5.515384615",,,,,20,,,,,,,
26,699134,"Rodriguez, Bradgley",173,15,0.333,0,0.667,0.333,0.354,,,2,6,96,10,2344,98.2,97.7,6,11,15,-0.5,6.14,118,148,122,150,292,322,296,"0.08","-0.08",,,,7,3,2,0,0,0,3,42.9,1,14.3,"0.97","1.4","0.37","-0.12","92.8",194,66.66666666666666,0,0,6.26,-0.25,0.4,2.7,0.429,0,"-0.307692308",,,"0.307692308",,,,,54.5,,,,,,,
26,699151,"Paez, Jedixson",205,12.7,0.286,0.429,0.2,0.714,0.42,,,2,7,89.6,33.5,2360,91.4,92.13,3,15,11,0.6999999999999886,6.78,116,143,119,147,298,330,303,"-1.13","1.13",,,,7,6,1,0,0,1,1,14.3,0,0,"1.47","1.26","0.64","-0.43","90.4",204,16.666666666666664,16.666666666666664,14.285714285714285,5.96,-2.92,0.29,2.96,0.286,1,"4.346153846",,,"-4.346153846",,,,,20,,,,,,,
26,699214,"Lopez, Leandro",81,32.1,0,0,0,0,0.349,,,0,1,74.1,40,2285,95.2,94.88,2,8,18,-0.29999999999999716,6.02,109,146,117,149,302,325,300,"0.178","-0.178",,,,2,1,0,0,0,0,0,0,1,50,"1.18","1.33","0.36","-0.02","88.6",268,0,0,0,6.57,-2.32,0.05,2.92,0.5,0,"-0.684615385",,,"0.684615385",,,,,25,,,,,,,
26,672021,"Cerantola, Eric",49,53.1,0.2,0,0.2,0.2,0.326,,,1,5,91.9,18.8,2053,95.1,95.9,1,9,17,0.8000000000000114,6.72,106,148,119,146,289,323,297,"0.251","-0.251",,,,7,5,1,0,0,0,0,0,2,28.6,"1.38","1.14","0.51","-0.01","94.1",227,40,0,0,6.58,-0.74,0.49,2.21,0.429,0,"-0.965384615",,,"0.965384615",,,,,11.1,,,,,,,
26,669372,"Ginn, J.T.",268,9.7,0,0,0,0,0.087,,,0,7,89.9,0,1983,94.5,95.31,0,11,15,0.7999999999999972,6.64,113,146,121,150,295,323,297,"1.755","-1.755",,,,8,7,0,0,0,0,0,0,1,12.5,"1.61","0.93","0.44","-0.35","96.2",170,42.857142857142854,0,0,5.57,-1.24,0.16,2.7,0.125,0,"-6.75",,,"6.75",,,,,0,,,,,,,
25,814481,"Hobbs, Carson",86,29.1,0.7,1,0.667,1.7,0.916,,,7,10,100.6,16.2,2489,94.8,94.09,1,16,9,-0.7000000000000028,5.82,108,149,121,147,299,328,292,"-5.738","5.738",,,,11,9,3,1,0,3,2,18.2,0,0,"1.2","1.33","0.22","0.11","98.1",240,88.88888888888889,55.55555555555556,45.45454545454545,6.36,-1.51,0.23,3.07,0.636,5,"22.952",,,"-22.952",,,,,6.3,,,,,,,
25,823990,"Taylor, Zane",78,32.1,0.667,1.333,0.667,2,1.04,,,4,6,105,12.4,2007,93.8,93.65,3,15,10,-0.09999999999999432,6.08,118,147,117,149,284,317,291,"-3.286","3.286",,,,7,5,1,0,1,2,1,14.3,1,14.3,"1.42","1.16","0.78","-0.35","95.7",196,100,40,28.57142857142857,5.47,-1.9,-0.13,2.72,0.714,2,"13.144",,,"-13.144",,,,,20,,,,,,,
25,682999,"Childers, Will",63,39.7,0.125,0,0.2,0.125,0.111,,,1,8,94.4,20,2340,96.1,96.25,4,14,11,0.10000000000000853,6.38,118,150,122,150,298,316,294,"1.417","-1.417",,,,8,5,1,0,0,0,3,37.5,0,0,"1.05","1.42","0.45","-0.08","91.4",199,40,0,0,6.59,-0.92,-0.03,2.43,0.125,0,"-5.668",,,"5.668",,,,,28.6,,,,,,,
25,677161,"Kelly, Zack",131,19.1,0.333,0.333,0.333,0.667,0.531,,,1,3,82.5,-6.7,2155,95.9,97.16,1,8,17,1.2999999999999972,7.1,116,148,121,151,277,308,299,"-1.241","1.241",,,,5,3,0,1,0,0,0,0,2,40,"1.18","1.31","0.63","-0.37","91.2",159,33.33333333333333,0,0,5.72,-3.07,-0.29,2.71,0.6,0,"4.964",,,"-4.964",,,,,12.5,,,,,,,
25,823793,"Loomis, Eric",46,54.3,0,0,0,0,0.07,,,0,9,98.4,20,2467,94.9,94.95,2,11,14,0,6.34,116,151,122,150,304,325,306,"2.221","-2.221",,,,10,7,0,0,0,0,2,20,1,10,"1.46","1.08","1.12","0.07","96.8",209,57.14285714285714,28.57142857142857,20,4.79,-2.17,0.19,2.17,0.1,2,"-8.884",,,"8.884",,,,,18.2,,,,,,,
25,641745,"Keller, Brad",55,45.5,0.375,0.125,0.429,0.5,0.415,,,3,8,96.7,-1,2394,96.8,96.56,2,14,11,-0.20000000000000284,6.08,116,147,108,149,280,304,290,"-0.912","0.912",,,,9,7,2,1,0,0,1,11.1,1,11.1,"1.13","1.3","0.12","-0.1","94.5",210,57.14285714285714,14.285714285714285,11.11111111111111,6.35,-1.32,-0.27,2.85,0.444,1,"3.648",,,"-3.648",,,,,14.3,,,,,,,
25,699613,"Harding, Houston",60,41.7,0.333,0.222,0.429,0.556,0.41,,,3,9,92.5,10.6,2188,90.6,91.14,1,13,12,0.5,6.63,107,149,117,150,299,318,306,"-1.495","1.495",,,,10,7,2,0,1,0,2,20,0,0,"1.5","1.28","0.72","0.23","93.3",178,28.57142857142857,14.285714285714285,10,5.88,2.75,0.04,3.12,0.4,1,"5.98",,,"-5.98",,,,,7.7,,,,,,,
25,686654,"Adcock, Ty",72,34.7,0.286,0.286,0.4,0.571,0.355,,,2,7,84.9,3.6,2226,96.3,96.18,2,14,11,-0.09999999999999432,6.13,117,149,121,150,296,321,295,"-0.253","0.253",,,,7,5,1,0,1,0,2,28.6,0,0,"1.14","1.31","0.47","0.15","89.7",179,20,0,0,6.09,-1.05,-0.1,3.07,0.286,0,"1.012",,,"-1.012",,,,,14.3,,,,,,,
25,624133,"Suarez, Ranger",147,17,0.375,0.5,0.333,0.875,0.525,,,3,8,99,24,1889,90.5,90.05,0,10,15,-0.4000000000000057,5.93,106,148,124,145,289,313,293,"-1.058","1.058",,,,8,7,1,1,0,1,1,12.5,0,0,"1.78","1.01","0.5","-0.21","96.1",277,71.42857142857143,28.57142857142857,25,5.92,2.27,-0.17,2.68,0.375,2,"4.232",,,"-4.232",,,,,0,,,,,,,
25,622554,"Domínguez, Seranthony",51,49,0.286,0,0.4,0.286,0.353,,,2,7,83.3,11.2,2213,96.1,96.13,2,8,17,0,6.24,104,145,117,144,297,326,303,"0.209","-0.209",,,,9,5,2,0,0,0,2,22.2,2,22.2,"1.33","1.14","0.45","-0.21","90.3",144,20,0,0,5.43,-2,0.43,2.02,0.444,0,"-0.836",,,"0.836",,,,,25,,,,,,,
25,669084,"Hall, DL",158,15.8,0.333,0,0.4,0.333,0.354,,,2,6,82.4,7.2,2018,93.6,94.87,2,12,13,1.3000000000000114,6.94,101,149,116,147,300,324,288,"-0.231","0.231",,,,7,5,2,0,0,0,1,14.3,1,14.3,"1.46","1.13","0.51","-0.33","91.0",133,40,0,0,5.56,2.39,0.08,3.1,0.429,0,"0.924",,,"-0.924",,,,,16.7,,,,,,,
25,686632,"Zobac, Steven",55,45.5,0.5,0,0.667,0.5,0.495,,,2,4,80.9,-9,2453,93.6,94.1,3,11,14,0.5,6.49,106,149,123,148,295,313,299,"-0.827","0.827",,,,5,3,2,0,0,0,1,20,1,20,"1.21","1.39","0.53","0.09","89.0",177,33.33333333333333,0,0,5.82,-1.74,0.3,3.08,0.6,0,"3.308",,,"-3.308",,,,,27.3,,,,,,,
25,803183,"Fox, Luke",48,52.1,0.333,0.333,1,0.667,0.559,,,1,3,94.7,29,2304,94.3,93.83,2,9,16,-0.5,6.21,111,147,123,151,292,324,296,"-0.546","0.546",,,,6,1,0,1,0,0,2,33.3,3,50,"1.37","1.21","0.8","0.36","89.5",229,0,0,0,5.46,3.82,0.02,2.74,0.667,0,"2.184",,,"-2.184",,,,,22.2,,,,,,,
25,605452,"Ross, Joe",123,20.3,0.5,1,0.333,1.5,0.712,,,3,6,98.2,28.8,2076,95.1,95.34,3,15,10,0.20000000000000284,6.52,108,138,118,145,304,323,304,"-1.703","1.703",,,,7,5,1,0,0,2,2,28.6,0,0,"1.45","1.07","0.47","-0.25","93.1",242,80,40,28.57142857142857,5.8,-2.19,0.17,2.98,0.429,2,"6.812",,,"-6.812",,,,,20,,,,,,,
25,656120,"Henriquez, Jean",53,47.2,0.556,0.333,0.556,0.889,0.614,,,5,9,93.3,6.4,2285,95.6,95.55,2,15,10,-0.09999999999999432,6.51,109,148,117,144,286,311,280,"-1.597","1.597",,,,9,9,3,1,1,0,0,0,0,0,"1.9","0.62","1.32","0.2","94.2",168,44.44444444444444,0,0,5.26,-2.78,-0.02,2.39,0.556,0,"6.388",,,"-6.388",,,,,13.3,,,,,,,
25,621383,"Banks, Tanner",98,25.5,0.5,0.75,0.667,1.25,0.734,,,4,8,100.7,21.2,2113,91.3,90,5,12,13,-1.2999999999999972,5.51,107,147,122,148,292,308,285,"-3.171","3.171",,,,8,5,2,0,0,2,3,37.5,0,0,"1.33","1.41","0.36","-0.19","98.9",244,100,0,0,6.58,2.4,0.08,2.85,0.5,0,"12.684",,,"-12.684",,,,,41.7,,,,,,,
25,686900,"Shawver, Evan",72,34.7,0.5,0.333,0.5,0.833,0.562,,,3,6,97.8,17.2,2315,93.1,92.26,1,13,12,-0.7999999999999972,5.8,110,151,117,147,290,318,257,"-1.091","1.091",,,,6,6,2,0,1,0,0,0,0,0,"1.28","1.35","0.58","-0.34","94.7",222,83.33333333333334,0,0,5.41,1.35,-0.25,2.57,0.5,0,"4.364",,,"-4.364",,,,,7.7,,,,,,,
25,701364,"Arnold, Jamie",51,49,0.333,0,0.333,0.333,0.397,,,1,3,90.3,-14.7,1922,94.1,95.64,0,8,17,1.5,7.13,104,149,120,147,297,320,296,"-0.106","0.106",,,,4,3,1,0,0,0,0,0,1,25,"1.64","0.93","0.86","-0.38","92.9",183,66.66666666666666,0,0,4.95,2.71,0.11,2.94,0.5,0,"0.424",,,"-0.424",,,,,0,,,,,,,
25,657424,"Gage, Matt",89,28.1,0.333,0,0.5,0.333,0.297,,,1,3,100.3,11.5,2064,93,93.11,2,9,16,0.09999999999999432,6.34,112,153,121,150,309,333,297,"-0.159","0.159",,,,3,2,1,0,0,0,1,33.3,0,0,"1.38","1.25","0.04","-0.06","91.5",137,100,0,0,6.54,0.5,0.02,2.91,0.333,0,"0.636",,,"-0.636",,,,,22.2,,,,,,,
25,622694,"Hernández, Elieser",82,30.5,0.222,0.667,0,0.889,0.455,,,2,9,89.4,21.3,2256,92.7,92.65,4,17,8,0,6.47,118,151,128,150,289,327,293,"-0.816","0.816",,,,9,8,0,0,0,2,1,11.1,0,0,"1.24","1.43","0.69","0.04","93.4",180,50,25,22.22222222222222,5.22,-2.04,0.29,2.79,0.222,2,"3.264",,,"-3.264",,,,,23.5,,,,,,,
25,676661,"Lazar, Max",49,51,0.143,0,0.167,0.143,0.254,,,1,7,86.1,20.7,2375,93.4,94.38,3,12,13,1,6.86,106,146,116,144,288,302,280,"0.458","-0.458",,,,9,6,1,0,0,0,1,11.1,2,22.2,"1.17","1.43","0.12","-0.05","91.7",129,33.33333333333333,0,0,6.03,-0.6,0.09,3.02,0.333,0,"-1.832",,,"1.832",,,,,25,,,,,,,
25,595881,"Beede, Tyler",88,28.4,0.6,0,0.6,0.6,0.595,,,3,5,91.3,20,1985,94.1,94.37,0,12,13,0.30000000000001137,6.4,116,148,115,152,291,326,306,"-1.549","1.549",,,,8,5,3,0,0,0,0,0,3,37.5,"1.71","0.85","0.72","-0.55","91.8",203,40,0,0,5.46,-1.63,0.05,2.84,0.75,0,"6.196",,,"-6.196",,,,,0,,,,,,,
25,695239,"Ahlstrom, Robby",64,39.1,0.333,0,0.333,0.333,0.526,,,1,3,73.1,48.3,2148,93.9,94.13,1,11,14,0.19999999999998863,6.35,106,148,122,147,298,321,298,"-1.123","1.123",,,,7,3,1,0,0,0,0,0,4,57.1,"1.21","1.37","0.55","-0.1","89.3",185,33.33333333333333,0,0,6.27,1.4,-0.19,2.27,0.714,0,"4.492",,,"-4.492",,,,,9.1,,,,,,,
25,663992,"Lovelady, Richard",100,25,0.5,0.25,1,0.75,0.538,,,2,4,93.1,12,2388,92,94.06,5,11,14,2.0999999999999943,7.35,101,146,116,144,298,311,292,"-0.868","0.868",,,,4,2,1,1,0,0,2,50,0,0,"1.55","1.14","0.49","-0.49","90.0",220,50,0,0,5.31,2.3,0.15,2.89,0.5,0,"3.472",,,"-3.472",,,,,45.5,,,,,,,
25,692838,"Estanista, Jaydenn",34,73.5,0.286,0.143,0.286,0.429,0.394,,,2,7,86.5,25.9,2223,94.2,94.6,3,12,13,0.3999999999999915,6.55,106,149,121,148,285,314,282,"-0.29","0.29",,,,9,7,1,1,0,0,0,0,2,22.2,"1.01","1.56","0.62","0.18","91.9",194,42.857142857142854,14.285714285714285,11.11111111111111,6.44,-1.23,-0.29,2.44,0.444,1,"1.16",,,"-1.16",,,,,25,,,,,,,
24,691251,"Lara, Andry",53,45.3,0,0,0,0,0,,,0,4,94.2,25.7,2060,94.1,93.75,3,15,9,-0.3999999999999915,6.11,113,148,125,149,288,320,268,"1.409","-1.409",,,,4,3,0,0,0,0,1,25,0,0,"1.32","1.26","0.91","0.34","90.3",203,66.66666666666666,33.33333333333333,25,6.3,-1.47,-0.02,2.61,0,1,"-5.870833333",,,"5.870833333",,,,,20,,,,,,,
24,814106,"Denton, Cade",34,70.6,0,0,0,0,0.116,,,0,5,92.5,43,2164,93.6,93.41,4,6,18,-0.19999999999998863,6.27,120,152,126,150,292,318,306,"1.112","-1.112",,,,6,1,0,0,0,0,4,66.7,1,16.7,"2","0.61","1.22","0.45","90.3",287,0,0,0,5.13,-2.53,0.12,2.93,0.167,0,"-4.633333333",,,"4.633333333",,,,,66.7,,,,,,,
24,700800,"Smith, Darien",32,75,0.167,0,0.2,0.167,0.227,,,1,6,91.9,14.6,2115,91.8,90.73,3,14,10,-1.0999999999999943,5.84,102,143,117,147,307,317,293,"0.621","-0.621",,,,7,5,1,0,0,0,1,14.3,1,14.3,"1.91","0.82","0.76","0.09","90.8",145,20,0,0,5.94,-2.35,0.01,2.1,0.286,0,"-2.5875",,,"2.5875",,,,,21.4,,,,,,,
24,678016,"Bedell, Ian",54,44.4,0.4,0.2,0.4,0.6,0.475,,,2,5,82.1,-2,2330,92.1,90.93,3,12,12,-1.1999999999999886,5.65,105,142,112,144,288,313,277,"-0.521","0.521",,,,6,5,1,1,0,0,0,0,1,16.7,"1.82","0.88","1.37","0.49","92.6",174,40,20,16.666666666666664,5.71,-2.72,-0.26,2.43,0.5,1,"2.170833333",,,"-2.170833333",,,,,25,,,,,,,
24,592773,"Stanek, Ryne",56,42.9,0.333,0,0.4,0.333,0.354,,,2,6,96.3,10.6,2300,97.8,97.16,3,13,11,-0.5999999999999943,5.91,105,144,110,147,279,315,286,"-0.059","0.059",,,,7,5,2,0,0,0,1,14.3,1,14.3,"0.93","1.46","0.86","-0.52","92.4",174,60,0,0,6.53,-0.49,-0.2,2.87,0.429,0,"0.245833333",,,"-0.245833333",,,,,23.1,,,,,,,
24,641793,"Littell, Zack",103,23.3,0.333,0.333,0.333,0.667,0.49,,,1,3,96.2,20.7,2016,90,89.75,3,9,15,-0.20000000000000284,6.09,112,147,121,152,287,321,291,"-0.605","0.605",,,,4,3,0,1,0,0,0,0,1,25,"1.42","1.39","0.45","-0.07","93.0",230,33.33333333333333,33.33333333333333,25,6.15,-0.68,-0.01,3.12,0.5,1,"2.520833333",,,"-2.520833333",,,,,33.3,,,,,,,
24,671143,"Denholm, Trenton",68,35.3,0.333,0,0.4,0.333,0.354,,,2,6,93.8,6.2,1918,91.8,91.87,2,16,8,0.10000000000000853,6.3,109,146,118,143,302,320,293,"0.226","-0.226",,,,7,5,2,0,0,0,1,14.3,1,14.3,"1.38","1.32","0.52","0.26","92.7",164,80,0,0,5.52,-1.93,0.07,3.01,0.429,0,"-0.941666667",,,"0.941666667",,,,,12.5,,,,,,,
24,689557,"Morehouse, Zane",43,55.8,0.25,0,0.333,0.25,0.381,,,1,4,95.8,9.3,2372,95.1,95.53,3,9,15,0.4000000000000057,6.28,105,150,121,146,307,321,291,"-0.461","0.461",,,,6,3,1,0,0,0,1,16.7,2,33.3,"1.46","1.03","0.34","0.22","93.2",149,66.66666666666666,0,0,5.45,-2.29,-0.36,2.78,0.5,0,"1.920833333",,,"-1.920833333",,,,,33.3,,,,,,,
24,687288,"Harrison, Devereaux",48,50,0.429,0.571,0.333,1,0.616,,,3,7,95.1,21.1,2186,93.2,94.26,3,13,11,1.0999999999999943,6.85,102,147,119,145,286,318,292,"-2.85","2.85",,,,8,7,1,1,0,1,0,0,0,0,"1.32","1.3","0.08","0.04","95.1",178,57.14285714285714,28.57142857142857,25,5.45,-1.23,0.41,2.67,0.5,2,"11.875",,,"-11.875",,,,,23.1,,,,,,,
24,681315,"Whitaker, Logan",40,60,0.333,0,0.4,0.333,0.297,,,2,6,95.2,25.8,2056,92.6,92.07,3,14,10,-0.5,5.99,105,147,118,147,298,318,278,"0.051","-0.051",,,,6,5,2,0,0,0,1,16.7,0,0,"1.42","1.25","0.04","-0.05","91.6",194,60,0,0,6.63,-1.21,-0.1,2.77,0.333,0,"-0.2125",,,"0.2125",,,,,21.4,,,,,,,
24,663782,"Corbett, Joe",64,37.5,0.2,0.4,0.333,0.6,0.382,,,1,5,99.5,11,2395,92,92.53,7,16,8,0.5,6.52,114,148,119,147,296,311,293,"0.198","-0.198",,,,6,3,0,0,1,0,2,33.3,1,16.7,"1.52","1.16","0.65","0.1","91.8",149,66.66666666666666,0,0,5.4,-2.18,-0.19,3.05,0.333,0,"-0.825",,,"0.825",,,,,43.8,,,,,,,
24,676974,"Meyer, Max",98,24.5,0,0,0,0,0.174,,,0,3,104.5,58,2524,95.1,95,4,12,12,-0.09999999999999432,6.09,112,148,118,151,283,318,285,"0.966","-0.966",,,,4,1,0,0,0,0,2,50,1,25,"1.18","1.33","0.72","-0.35","90.1",128,100,0,0,5.93,-1.17,0.19,2.91,0.25,0,"-4.025",,,"4.025",,,,,33.3,,,,,,,
24,702566,"Murphy, Owen",62,38.7,0.2,0.2,0.333,0.4,0.252,,,1,5,92.6,38,2445,92.3,91.89,2,13,11,-0.3999999999999915,6.16,108,151,130,148,297,327,284,"0.837","-0.837",,,,5,3,0,1,0,0,2,40,0,0,"1.09","1.59","0.41","0.07","92.7",228,33.33333333333333,33.33333333333333,20,5.58,-0.98,0.38,2.56,0.2,1,"-3.4875",,,"3.4875",,,,,15.4,,,,,,,
24,664875,"Lawrence, Justin",126,19,0,0,0,0,0,,,0,6,64.9,51.5,2490,95.6,95.41,5,9,15,-0.19999999999998863,6.36,111,149,125,150,290,321,290,"0.663","-0.663",,,,6,2,0,0,0,0,4,66.7,0,0,"1.6","0.91","1.08","-0.11","88.0",159,0,0,0,4.45,-2.9,0.38,2.55,0,0,"-2.7625",,,"2.7625",,,,,55.6,,,,,,,
24,658551,"Fernández, Junior",82,29.3,0.8,1,0.75,1.8,1.026,,,4,5,96.4,31.4,2311,97.7,98.63,3,12,12,0.8999999999999915,6.65,111,142,116,141,292,313,301,"-2.54","2.54",,,,6,5,1,2,0,1,0,0,1,16.7,"1.11","1.27","0.62","0.26","94.7",238,60,20,16.666666666666664,5.89,-1.38,-0.02,2.29,0.833,1,"10.583333333",,,"-10.583333333",,,,,25,,,,,,,
24,695247,"Haynes, Jagger",52,46.2,0.625,0,0.625,0.625,0.556,,,5,8,93.7,19.6,2065,93.3,92.78,1,15,9,-0.5,6.09,113,150,122,149,294,323,302,"-1.01","1.01",,,,8,8,5,0,0,0,0,0,0,0,"1.42","1.21","0.83","-0.25","93.7",207,50,0,0,6.12,1.25,-0.02,2.16,0.625,0,"4.208333333",,,"-4.208333333",,,,,6.7,,,,,,,
24,814342,"Kirkpatrick, Jackson",44,54.5,0,0,0,0,0.349,,,0,3,81.3,35.5,2055,96.4,97.45,5,11,13,1,6.94,115,149,118,150,297,324,300,"0.332","-0.332",,,,6,2,0,0,0,0,1,16.7,3,50,"1.11","1.35","0.6","0.05","88.8",252,0,0,0,5.99,-2.43,0.05,3.11,0.5,0,"-1.383333333",,,"1.383333333",,,,,45.5,,,,,,,
24,687924,"Aguiar, Julian",110,21.8,0.4,0.4,0.429,0.8,0.526,,,4,10,92.9,29.5,2184,94.2,93.74,3,15,9,-0.5,6,112,148,119,150,293,324,291,"-1.558","1.558",,,,11,8,2,1,0,1,2,18.2,1,9.1,"1.55","1.02","1.03","-0.1","94.0",256,50,12.5,9.090909090909092,5.78,-2.05,-0.19,2.86,0.455,1,"6.491666667",,,"-6.491666667",,,,,20,,,,,,,
23,669438,"Englert, Mason",124,18.5,0.5,0,0.5,0.5,0.445,,,2,4,98.8,22.8,2298,93.5,93.21,2,16,7,-0.29999999999999716,6.26,109,148,119,148,295,317,286,"0.418","-0.418",,,,4,4,2,0,0,0,0,0,0,0,"1.19","1.43","0.71","-0.07","95.1",200,75,25,25,6.2,-1.35,0.1,2.9,0.5,1,"-1.817391304",,,"1.817391304",,,,,12.5,,,,,,,
23,670280,"Bednar, David",48,47.9,0,0,0,0,0.07,,,0,9,87.3,21.7,2343,94.6,94.55,2,14,9,0,6.41,113,152,126,151,294,317,279,"2.15","-2.15",,,,10,9,0,0,0,0,0,0,1,10,"1.07","1.5","0.75","0.21","91.0",146,22.22222222222222,0,0,5.95,-1.81,-0.39,3.2,0.1,0,"-9.347826087",,,"9.347826087",,,,,14.3,,,,,,,
23,669276,"Lee, Dylan",64,35.9,0,0,0,0,0.116,,,0,5,92.6,39.5,2212,92.6,92.76,3,12,11,0.20000000000000284,6.37,112,150,128,149,306,321,294,"1.162","-1.162",,,,6,2,0,0,0,0,3,50,1,16.7,"1.05","1.61","0.67","-0.02","89.8",226,50,50,16.666666666666664,6.67,1.73,0.14,2.86,0.167,1,"-5.052173913",,,"5.052173913",,,,,25,,,,,,,
23,658648,"Avila, Pedro",118,19.5,0.8,0.4,0.8,1.2,0.86,,,4,5,86.2,17.4,2345,90.7,90.53,0,7,16,-0.20000000000000284,6.13,106,150,119,146,296,317,298,"-2.342","2.342",,,,5,5,2,2,0,0,0,0,0,0,"1.91","0.86","0.24","0.08","92.3",201,40,40,40,5.87,-1.04,0.65,2.4,0.8,2,"10.182608696",,,"-10.182608696",,,,,0,,,,,,,
23,702474,"Paredes, Mike",42,54.8,0.4,0,0.5,0.4,0.484,,,2,5,83.8,2.3,1877,94,94.2,2,11,12,0.20000000000000284,6.47,105,145,118,144,288,317,274,"-0.596","0.596",,,,8,4,2,0,0,0,1,12.5,3,37.5,"1.42","1.16","0.56","-0.01","90.1",153,25,0,0,5.52,-1.13,0.14,2.06,0.625,0,"2.591304348",,,"-2.591304348",,,,,18.2,,,,,,,
23,815084,"Simon, Ben",56,41.1,0.333,0,0.5,0.333,0.457,,,1,3,95.5,-3,2344,96.3,96.44,1,9,14,0.10000000000000853,6.45,108,148,118,145,286,312,282,"0.137","-0.137",,,,5,2,1,0,0,0,1,20,2,40,"1.12","1.35","1.03","0.74","90.2",149,50,0,0,5.65,-1.62,0.21,2.57,0.6,0,"-0.595652174",,,"0.595652174",,,,,11.1,,,,,,,
23,676393,"Leftwich, Jack",53,43.4,0,0,0,0,0,,,0,6,84,-15,2286,94.4,94.3,4,11,12,-0.10000000000000853,6.23,117,150,122,152,299,322,293,"1.357","-1.357",,,,6,2,0,0,0,0,4,66.7,0,0,"1.26","1.29","0.67","-0.34","88.0",144,0,0,0,6.08,-1.36,-0.06,2.84,0,0,"-5.9",,,"5.9",,,,,36.4,,,,,,,
23,814489,"Wichrowski, Brett",47,48.9,0.4,0.6,0.25,1,0.606,,,2,5,100.3,22.6,2521,95.7,97.03,2,15,8,1.2999999999999972,6.74,109,149,121,152,289,309,288,"-1.142","1.142",,,,6,5,1,0,0,1,0,0,1,16.7,"1.44","1.02","0.27","-0.09","95.9",196,80,20,16.666666666666664,5.52,-1.67,0.28,2.78,0.5,1,"4.965217391",,,"-4.965217391",,,,,13.3,,,,,,,
23,703445,"Serwinowski, Adam",42,54.8,0,0,0,0,0,,,0,3,96.2,16.7,2229,94.5,95.01,4,16,7,0.5,6.58,104,150,122,148,291,340,300,"0.437","-0.437",,,,3,3,0,0,0,0,0,0,0,0,"1.22","1.33","0.37","0.04","91.0",139,66.66666666666666,0,0,6.05,2.16,-0.31,2.23,0,0,"-1.9",,,"1.9",,,,,25,,,,,,,
23,681387,"Monke, Caden",45,51.1,0.667,0.333,0.667,1,0.707,,,2,3,96.6,-5.7,2085,94,94.07,0,3,20,0.09999999999999432,6.2,115,147,116,147,288,313,242,"-1.506","1.506",,,,6,3,1,1,0,0,0,0,3,50,"1.32","1.25","0.53","-0.07","96.6",232,33.33333333333333,33.33333333333333,16.666666666666664,5.88,1.56,-0.07,2.52,0.833,1,"6.547826087",,,"-6.547826087",,,,,0,,,,,,,
23,672456,"Montero, Keider",70,32.9,0.5,0.875,0.4,1.375,0.772,,,4,8,89.7,17,2282,96.6,96.48,2,10,13,-0.09999999999999432,6.34,109,144,123,145,289,327,292,"-4.041","4.041",,,,9,7,1,1,0,2,1,11.1,1,11.1,"1.13","1.33","0.54","-0.09","95.1",210,42.857142857142854,28.57142857142857,22.22222222222222,5.89,-1.95,-0.19,2.94,0.556,2,"17.569565217",,,"-17.569565217",,,,,20,,,,,,,
23,680743,"Cusick, Ryan",63,36.5,0.5,0.25,0.5,0.75,0.591,,,2,4,96.7,23.3,2179,96.7,97.06,0,9,14,0.3999999999999915,6.85,113,148,128,150,292,323,301,"-1.54","1.54",,,,6,4,1,1,0,0,0,0,2,33.3,"1.16","1.31","0.56","-0.06","92.8",151,75,25,16.666666666666664,6.17,-2.67,0.55,2.26,0.667,1,"6.695652174",,,"-6.695652174",,,,,0,,,,,,,
23,680933,"Suarez, Joander",47,48.9,0.2,0,0.25,0.2,0.265,,,1,5,90.6,24.5,2283,93.8,94.29,3,11,12,0.5,6.48,111,145,118,146,284,319,295,"0.431","-0.431",,,,6,4,1,0,0,0,1,16.7,1,16.7,"1.38","1.21","0.48","0.01","92.0",182,50,0,0,5.69,-1.43,0.46,2.91,0.333,0,"-1.873913043",,,"1.873913043",,,,,27.3,,,,,,,
23,684384,"Plymell, Chase",66,34.8,0,0,0,0,0.14,,,0,4,71.3,12.5,2013,90.1,89.92,2,10,13,-0.19999999999998863,6.17,113,144,111,145,290,322,296,"0.488","-0.488",,,,5,2,0,0,0,0,2,40,1,20,"1.43","1.38","0.42","-0.15","88.7",176,0,0,0,6.53,-1.33,-0.2,3.14,0.2,0,"-2.12173913",,,"2.12173913",,,,,20,,,,,,,
23,805291,"Reilly, Vince",92,25,0,0,0,0,0.14,,,0,4,89.2,-4.8,2173,96.6,97.28,1,10,13,0.7000000000000028,6.52,112,151,118,150,294,325,303,"0.745","-0.745",,,,5,4,0,0,0,0,0,0,1,20,"1.41","1.02","0.24","0.02","91.0",75,50,0,0,5.32,-1.84,0.26,2.69,0.2,0,"-3.239130435",,,"3.239130435",,,,,10,,,,,,,
23,669270,"Kuhnel, Joel",185,12.4,0.429,0,0.6,0.429,0.381,,,3,7,78.9,23.8,2132,96.1,97.36,2,12,11,1.3000000000000114,6.81,119,147,115,149,294,319,294,"-0.877","0.877",,,,7,5,3,0,0,0,2,28.6,0,0,"1.35","1.1","0.42","-0.24","90.0",176,20,0,0,6.22,-1.26,0.14,3.41,0.429,0,"3.813043478",,,"-3.813043478",,,,,16.7,,,,,,,
23,656353,"Davidson, Tucker",64,35.9,0.25,0.25,0.333,0.5,0.443,,,1,4,86,25.7,1988,92.5,92.4,3,8,15,-0.09999999999999432,6.27,105,148,123,146,285,309,279,"-0.505","0.505",,,,6,3,0,1,0,0,1,16.7,2,33.3,"1.21","1.46","0.39","-0.07","91.0",223,33.33333333333333,33.33333333333333,16.666666666666664,6.34,1.12,-0.04,2.02,0.5,1,"2.195652174",,,"-2.195652174",,,,,37.5,,,,,,,
23,702129,"Pham, Alex",62,37.1,0,0,0,0,0,,,0,3,80.4,52,2274,94.1,94.32,2,9,14,0.20000000000000284,6.45,112,146,124,150,287,310,291,"0.439","-0.439",,,,3,2,0,0,0,0,1,33.3,0,0,"0.98","1.6","0.11","-0.06","93.3",171,0,0,0,6.01,0.25,0.07,2.04,0,0,"-1.908695652",,,"1.908695652",,,,,22.2,,,,,,,
23,657265,"Strzelecki, Peter",123,18.7,0.333,0.5,0.333,0.833,0.524,,,2,6,93.8,14.3,2331,92.4,93.12,2,11,12,0.6999999999999886,6.68,113,149,126,151,297,316,292,"-2.191","2.191",,,,7,4,1,0,0,1,2,28.6,0,0,"1.78","0.88","0.98","-0.1","92.0",232,50,25,14.285714285714285,4.89,-2.24,-0.14,2.82,0.429,1,"9.526086957",,,"-9.526086957",,,,,18.2,,,,,,,
23,687900,"Baker, Andrew",48,47.9,0.333,0,0.333,0.333,0.457,,,1,3,105.2,12,2401,95.6,95.69,0,11,12,0.10000000000000853,6.29,109,149,112,146,284,312,281,"-0.399","0.399",,,,5,3,1,0,0,0,0,0,2,40,"1.17","1.32","0.64","-0.16","93.1",219,100,33.33333333333333,20,6.14,-1.52,0.12,2.58,0.6,1,"1.734782609",,,"-1.734782609",,,,,0,,,,,,,
23,666214,"Wentz, Joey",84,27.4,0,0,0,0,0.14,,,0,4,83.9,31.5,2286,94.1,95.39,2,10,13,1.3000000000000114,7.09,111,149,120,146,299,313,292,"0.623","-0.623",,,,5,2,0,0,0,0,2,40,1,20,"1","1.57","0.13","-0.11","95.5",144,50,0,0,6.47,0.76,-0.36,2.68,0.2,0,"-2.708695652",,,"2.708695652",,,,,20,,,,,,,
23,694350,"Brzykcy, Zach",83,27.7,0.333,0.222,0.333,0.556,0.341,,,3,9,91.9,11.4,2164,93.7,94.46,2,17,6,0.7999999999999972,6.56,114,148,122,147,293,311,280,"-0.148","0.148",,,,10,9,1,2,0,0,1,10,0,0,"1.08","1.51","0.59","0.16","93.1",124,55.55555555555556,11.11111111111111,10,5.97,-1.19,-0.5,2.93,0.3,1,"0.643478261",,,"-0.643478261",,,,,11.8,,,,,,,
23,670329,"Garcia, Rico",72,31.9,0,0,0,0,0.1,,,0,6,89.4,31.2,2483,94.3,93.28,2,11,12,-1,5.81,118,149,124,150,283,311,287,"1.189","-1.189",,,,7,5,0,0,0,0,1,14.3,1,14.3,"0.98","1.6","1.06","-0.36","91.4",223,40,0,0,6.05,-1.42,-0.22,2.53,0.143,0,"-5.169565217",,,"5.169565217",,,,,18.2,,,,,,,
22,678821,"Peralta, Luis",44,50,0.25,0.375,0.143,0.625,0.433,,,2,8,93.7,46.4,2207,92.2,91.55,2,11,11,-0.6000000000000085,6.02,110,151,115,150,304,319,302,"-0.823","0.823",,,,10,8,1,0,0,1,0,0,2,20,"1.4","1.29","0.69","-0.23","97.1",269,62.5,0,0,5.22,2.63,-0.14,2.81,0.4,0,"3.740909091",,,"-3.740909091",,,,,18.2,,,,,,,
22,643410,"Leiter Jr., Mark",124,17.7,0.333,0.667,0.5,1,0.552,,,2,6,93.1,35.7,1978,92.8,93.27,3,11,11,0.5,6.48,103,148,118,150,298,320,295,"-1.132","1.132",,,,6,3,0,1,0,1,3,50,0,0,"1.36","1.28","0.65","0.15","91.9",192,33.33333333333333,33.33333333333333,16.666666666666664,5.8,-0.95,0.05,2.99,0.333,1,"5.145454545",,,"-5.145454545",,,,,27.3,,,,,,,
22,700712,"Ureña, Walbert",275,8,0.167,0,0.333,0.167,0.331,,,1,6,96.1,4,2219,98.7,98.49,3,9,13,-0.20000000000000284,5.99,114,149,113,150,299,317,312,"0.572","-0.572",,,,9,3,1,0,0,0,3,33.3,3,33.3,"1.41","0.92","0.77","-0.26","92.1",141,66.66666666666666,0,0,6.42,-1.21,0.2,2.74,0.444,0,"-2.6",,,"2.6",,,,,33.3,,,,,,,
22,694363,"Shuster, Jared",80,27.5,0.667,0.667,0.75,1.333,0.848,,,4,6,104.1,11,1990,92.2,92.63,3,14,8,0.3999999999999915,6.47,105,148,117,146,300,327,288,"-2.358","2.358",,,,6,5,2,1,0,1,1,16.7,0,0,"1.81","0.86","0.73","-0.29","97.2",186,100,40,33.33333333333333,5.31,1.64,0.07,2.48,0.667,2,"10.718181818",,,"-10.718181818",,,,,21.4,,,,,,,
22,803035,"Gowens, Riley",46,47.8,0.25,0,0.25,0.25,0.222,,,1,4,101.3,7,2169,92.9,93.8,0,12,10,0.8999999999999915,6.63,107,149,124,150,301,325,295,"0.701","-0.701",,,,4,4,1,0,0,0,0,0,0,0,"1.5","1.13","0.48","-0.02","92.8",219,100,0,0,5.61,-2.02,-0.17,2.71,0.25,0,"-3.186363636",,,"3.186363636",,,,,0,,,,,,,
22,680686,"Gray, Josiah",71,31,0,0,0,0,0.104,,,0,6,90.1,30.3,2204,91.5,90.25,1,9,13,-1.2999999999999972,5.59,105,143,120,147,297,332,298,"1.088","-1.088",,,,7,6,0,0,0,0,0,0,0,0,"1.33","1.4","0.94","0.15","91.7",189,33.33333333333333,0,0,5.39,-1.37,-0.13,2.73,0.143,0,"-4.945454545",,,"4.945454545",,,,,11.1,,,,,,,
22,674841,"Alvarez, Andrew",127,17.3,0.143,0.429,0,0.571,0.343,,,1,7,68.6,-7.8,2421,91.8,92.23,2,11,11,0.4000000000000057,6.3,114,150,121,145,293,323,292,"-0.037","0.037",,,,8,5,0,0,0,1,2,25,1,12.5,"1.72","0.96","-0.02","0.01","89.7",173,20,20,12.5,6.37,1.36,-0.29,2.83,0.25,1,"0.168181818",,,"-0.168181818",,,,,18.2,,,,,,,
22,670871,"Zuñiga, Guillo",77,28.6,0.4,0.2,0.5,0.6,0.507,,,2,5,84.4,13.3,2326,97.5,97,0,11,11,-0.5,6.09,110,143,117,142,289,315,296,"-0.772","0.772",,,,7,4,1,1,0,0,1,14.3,2,28.6,"1.34","1.07","0.86","-0.22","90.2",192,50,0,0,5.91,-1.98,0.55,2.14,0.571,0,"3.509090909",,,"-3.509090909",,,,,0,,,,,,,
22,663558,"Morán, Jovani",58,37.9,0.5,0,0.5,0.5,0.413,,,2,4,87.8,11.5,2309,92.9,93.82,1,9,13,0.8999999999999915,6.72,107,151,125,147,292,318,296,"-0.519","0.519",,,,6,4,2,0,0,0,1,16.7,1,16.7,"1.23","1.4","0.22","-0.18","89.2",191,0,0,0,5.93,0.97,-0.07,2.22,0.5,0,"2.359090909",,,"-2.359090909",,,,,11.1,,,,,,,
22,671305,"Otañez, Michel",51,43.1,0.286,0,0.333,0.286,0.31,,,2,7,90.7,10,2229,97,96.76,2,9,13,-0.20000000000000284,6.16,106,147,113,146,295,318,310,"0.133","-0.133",,,,8,6,2,0,0,0,1,12.5,1,12.5,"1.19","1.23","0.87","0.05","94.3",187,50,0,0,5.76,-2.14,0.5,2.12,0.375,0,"-0.604545455",,,"0.604545455",,,,,22.2,,,,,,,
22,663362,"Waldron, Matt",115,19.1,0.333,0,0.5,0.333,0.457,,,1,3,95.5,26.5,2043,93.3,93.85,1,10,12,0.5,6.55,107,149,125,150,294,323,298,"-0.387","0.387",,,,5,2,1,0,0,0,1,20,2,40,"1.47","1.14","0.63","-0.16","91.9",201,50,0,0,5.73,-0.91,-0.15,2.85,0.6,0,"1.759090909",,,"-1.759090909",,,,,10,,,,,,,
22,701474,"Davitt, Duncan",55,40,0.167,0,0.2,0.167,0.227,,,1,6,98.3,11.6,2251,92.1,93.56,2,10,12,1.5,7.02,112,149,120,148,294,331,298,"0.39","-0.39",,,,7,5,1,0,0,0,1,14.3,1,14.3,"1.56","1.12","0.35","-0.02","94.5",194,60,0,0,5.17,-2.08,0.42,2.64,0.286,0,"-1.772727273",,,"1.772727273",,,,,20,,,,,,,
22,811315,"Hopkins, Brody",52,42.3,0,0,0,0,0.419,,,0,2,92.7,31,2573,97.1,97.8,2,9,13,0.7000000000000028,6.58,102,148,116,147,294,323,294,"-0.188","0.188",,,,5,1,0,0,0,0,1,20,3,60,"0.87","1.58","0.61","0.02","90.6",254,0,0,0,5.55,-1.56,0.17,2.69,0.6,0,"0.854545455",,,"-0.854545455",,,,,22.2,,,,,,,
22,801546,"Russell, Zane",37,59.5,0.5,0,0.5,0.5,0.603,,,1,2,84.3,47.5,2037,91.3,90.67,2,8,14,-0.5999999999999943,5.95,117,147,119,149,311,332,297,"-1.096","1.096",,,,5,2,1,0,0,0,0,0,2,40,"1.31","1.43","0.45","0.2","89.2",151,0,0,0,6.44,-1.1,0.3,2.99,0.8,0,"4.981818182",,,"-4.981818182",,,,,25,,,,,,,
22,814388,"Snelsire, Hayden",45,48.9,0.333,0,0.333,0.333,0.354,,,2,6,93.3,19.3,2286,93.1,92.57,0,13,9,-0.5,6.1,108,149,119,149,279,316,301,"0.473","-0.473",,,,7,6,2,0,0,0,0,0,1,14.3,"1.18","1.46","0.67","-0.1","92.5",165,50,0,0,6.05,-1.55,0.23,2.56,0.429,0,"-2.15",,,"2.15",,,,,0,,,,,,,
22,680702,"Gerber, Joey",27,81.5,0,0,0,0,0,,,0,5,80.5,45,2334,93.1,92.98,3,11,11,-0.09999999999999432,6.33,118,151,126,149,288,316,283,"1.301","-1.301",,,,5,3,0,0,0,0,2,40,0,0,"1.22","1.42","0.81","0.41","88.7",200,0,0,0,5.23,-1.95,0.13,2.77,0,0,"-5.913636364",,,"5.913636364",,,,,27.3,,,,,,,
22,682897,"Pérez, Steven",42,52.4,0.286,0.429,0.25,0.714,0.454,,,2,7,98.9,11.2,1904,94.9,94.56,3,11,11,-0.20000000000000284,6.16,114,150,122,149,290,320,294,"-0.89","0.89",,,,8,5,1,0,0,1,2,25,1,12.5,"1.3","1.23","0.05","0.05","95.5",206,80,40,25,6.37,1.95,-0.25,3.06,0.375,2,"4.045454545",,,"-4.045454545",,,,,27.3,,,,,,,
22,694646,"McDermott, Chayce",52,42.3,,,,,0.698,,,0,0,,,2218,96.2,96.46,3,7,15,0.29999999999999716,6.57,116,150,123,150,297,312,288,"-0.469","0.469",,,,1,0,0,0,0,0,0,0,1,100,"0.93","1.54","0.43","0.08","88.0",199,,,,5.8,-1.05,0.36,2.78,1,,"2.131818182",,,"-2.131818182",,,,,42.9,,,,,,,
22,681313,"Miller, Jake",44,50,,,,,0.698,,,0,0,,,2119,93.9,94.64,1,6,16,0.6999999999999886,6.77,116,148,119,148,268,321,295,"-0.43","0.43",,,,2,0,0,0,0,0,0,0,2,100,"1.3","1.29","0.71","-0.22","88.0",177,,,,5.47,-0.93,0.41,3.29,1,,"1.954545455",,,"-1.954545455",,,,,16.7,,,,,,,
22,814508,"Martin, Colby",44,50,0.333,0.333,0.5,0.667,0.49,,,1,3,85,19.5,2349,97.1,96.52,2,8,14,-0.5999999999999943,5.94,119,148,121,149,284,317,287,"-0.375","0.375",,,,4,2,0,1,0,0,1,25,1,25,"0.95","1.47","0.26","-0.22","89.1",170,0,0,0,5.94,-0.86,-0.15,2.55,0.5,0,"1.704545455",,,"-1.704545455",,,,,25,,,,,,,
22,682610,"Muñoz, Roddery",165,13.3,0.286,0.286,0.5,0.571,0.36,,,2,7,90.9,19.3,2311,95.7,95.06,4,13,9,-0.6000000000000085,5.94,115,149,119,149,298,318,293,"-0.285","0.285",,,,7,4,0,2,0,0,3,42.9,0,0,"1.37","1.12","0.68","0.13","90.8",200,25,0,0,5.65,-1.78,0.41,2.61,0.286,0,"1.295454545",,,"-1.295454545",,,,,30.8,,,,,,,
22,803292,"Peterson, Ben",30,73.3,0.25,0,0.25,0.25,0.317,,,1,4,100,-16.3,1934,95,95.19,4,13,9,0.20000000000000284,6.64,112,150,120,150,300,317,292,"0.578","-0.578",,,,5,4,1,0,0,0,0,0,1,20,"1.32","1.23","0.55","0.08","94.1",118,75,0,0,5.98,-0.31,0.04,2.59,0.4,0,"-2.627272727",,,"2.627272727",,,,,30.8,,,,,,,
21,608334,"Fulmer, Carson",86,24.4,0.667,1.333,0.5,2,1.103,,,2,3,98.5,21.7,2187,90.8,89.92,2,11,10,-0.8999999999999915,5.98,117,152,123,150,284,308,284,"-2.975","2.975",,,,3,3,0,1,0,1,0,0,0,0,"1.53","1.26","0.61","0.1","94.3",220,66.66666666666666,33.33333333333333,33.33333333333333,5.72,-2.23,0.33,2.81,0.667,1,"14.166666667",,,"-14.166666667",,,,,18.2,,,,,,,
21,684049,"Bidois, Brandan",29,72.4,0,0,0,0,0.14,,,0,4,84,48.5,2339,96,96.06,4,14,7,0.09999999999999432,6.63,98,150,122,147,299,316,274,"0.855","-0.855",,,,5,4,0,0,0,0,0,0,1,20,"0.81","1.69","0.47","0.28","88.9",208,0,0,0,6.28,-0.72,-0.26,2.91,0.2,0,"-4.071428571",,,"4.071428571",,,,,28.6,,,,,,,
21,679883,"Avila, Luinder",70,30,0.167,0.5,0,0.667,0.43,,,1,6,94.7,20.2,2390,96.4,97.5,2,9,12,1.0999999999999943,6.73,118,148,127,151,291,312,302,"-1.699","1.699",,,,8,5,0,0,0,1,1,12.5,2,25,"1.32","1.12","0.13","0.04","95.7",214,60,40,25,6.15,-1.89,0,2.58,0.375,2,"8.09047619",,,"-8.09047619",,,,,22.2,,,,,,,
21,678478,"Juan, Jorge",35,60,0.333,0.333,0.25,0.667,0.443,,,1,3,90.9,16.5,2225,95.6,95.65,3,8,13,0.10000000000000853,6.33,111,149,120,148,285,310,271,"-0.899","0.899",,,,6,4,0,1,0,0,0,0,2,33.3,"1.13","1.37","0.69","0.07","93.7",213,50,0,0,6.87,-1.21,-0.16,2.62,0.5,0,"4.280952381",,,"-4.280952381",,,,,37.5,,,,,,,
21,694492,"Durke, Hayden",70,30,0.5,0.25,0.5,0.75,0.596,,,2,4,89.3,2.3,2253,96.3,96.04,3,11,10,-0.29999999999999716,6.09,108,146,120,148,303,328,302,"-1.708","1.708",,,,6,4,1,1,0,0,0,0,1,16.7,"1.17","1.28","0.32","-0.01","91.1",196,25,25,16.666666666666664,6.18,-1.97,-0.19,3.18,0.667,1,"8.133333333",,,"-8.133333333",,,,,27.3,,,,,,,
21,694805,"Carr, Kyle",66,31.8,0.2,0.2,0.25,0.4,0.326,,,1,5,83.3,-17,1957,93.6,93.21,3,11,10,-0.3999999999999915,6.02,110,153,122,149,286,317,273,"-0.255","0.255",,,,6,4,0,1,0,0,1,16.7,1,16.7,"1.59","1","0.03","-0.03","92.3",105,25,0,0,5.86,2.02,0.17,2.65,0.333,0,"1.214285714",,,"-1.214285714",,,,,27.3,,,,,,,
21,681003,"Walling, Andrew",125,16.8,0,0,0,0,0,,,0,4,61.4,-1,2139,94.3,94.85,2,6,15,0.6000000000000085,6.52,106,146,115,144,278,309,280,"0.695","-0.695",,,,4,1,0,0,0,0,3,75,0,0,"1.67","0.89","0.15","0.02","88.0",178,0,0,0,5.54,2.58,-0.2,2.73,0,0,"-3.30952381",,,"3.30952381",,,,,33.3,,,,,,,
21,698965,"Maldonado, Gerelmi",32,65.6,0.667,1,0.5,1.667,0.839,,,2,3,84.5,-21.3,2386,99.1,98.04,0,7,14,-1.0999999999999943,5.86,116,147,120,152,297,320,301,"-2.331","2.331",,,,6,3,1,0,0,1,0,0,3,50,"1.01","1.32","0.84","-0.84","91.0",131,33.33333333333333,33.33333333333333,16.666666666666664,6.45,-1.21,-0.04,1.71,0.833,1,"11.1",,,"-11.1",,,,,0,,,,,,,
21,686769,"Acker, Dane",55,38.2,0,0,0,0,0.174,,,0,3,82.2,-18.7,2127,94.8,95.25,1,9,12,0.4000000000000057,6.51,114,150,112,150,307,321,305,"0.648","-0.648",,,,4,3,0,0,0,0,0,0,1,25,"1.19","1.34","0.72","-0.1","90.1",130,33.33333333333333,0,0,6.17,-0.34,0.18,2.93,0.25,0,"-3.085714286",,,"3.085714286",,,,,11.1,,,,,,,
21,543037,"Cole, Gerrit",36,58.3,0.2,0,0.5,0.2,0.178,,,1,5,101.8,19,2378,96.3,95.65,2,9,12,-0.7000000000000028,6.1,112,147,126,152,292,320,300,"0.712","-0.712",,,,5,2,1,0,0,0,3,60,0,0,"1.09","1.4","0.8","-0.08","92.8",209,100,50,20,5.99,-2.34,0.07,2.53,0.2,1,"-3.39047619",,,"3.39047619",,,,,22.2,,,,,,,
21,676775,"Winn, Keaton",101,20.8,0.4,0.4,0.5,0.8,0.53,,,2,5,102.5,31,2273,97.1,96.87,2,9,12,-0.19999999999998863,6.19,105,150,120,150,305,338,304,"-1.121","1.121",,,,6,4,1,0,1,0,1,16.7,1,16.7,"1.21","1.21","0.73","0","98.2",203,100,0,0,6.24,-1.4,0.3,2.5,0.5,0,"5.338095238",,,"-5.338095238",,,,,22.2,,,,,,,
21,547179,"Lorenzen, Michael",190,11.1,0.667,0.833,0.75,1.5,0.88,,,4,6,97.5,6.8,2255,93.7,92.96,1,7,14,-0.7000000000000028,5.76,106,146,116,148,295,326,295,"-2.594","2.594",,,,7,5,1,2,0,1,1,14.3,1,14.3,"1.57","1.03","0.85","-0.24","102.9",226,80,40,28.57142857142857,5.57,-2.22,0.15,3.22,0.714,2,"12.352380952",,,"-12.352380952",,,,,14.3,,,,,,,
21,642232,"Yarbrough, Ryan",133,15.8,0.25,0,0.333,0.25,0.426,,,1,4,95.4,-9.3,1876,87.8,87.22,2,8,13,-0.5999999999999943,6.06,113,150,126,150,288,327,287,"-0.724","0.724",,,,7,3,1,0,0,0,1,14.3,3,42.9,"1.97","1","1.13","-0.35","91.7",100,66.66666666666666,0,0,5.6,2.92,-0.29,3.11,0.571,0,"3.447619048",,,"-3.447619048",,,,,25,,,,,,,
21,681289,"Kohlhepp, Tanner",35,60,0.2,0,0.25,0.2,0.265,,,1,5,95.1,27.5,2388,95.1,94.4,3,11,10,-0.6999999999999886,6.06,117,148,119,149,285,329,299,"0.836","-0.836",,,,6,4,1,0,0,0,1,16.7,1,16.7,"1.62","0.92","1.15","-0.23","91.7",198,75,0,0,5.41,-2.81,0.1,2.87,0.333,0,"-3.980952381",,,"3.980952381",,,,,27.3,,,,,,,
21,688642,"Agnos, Zach",142,14.8,0.286,0,0.333,0.286,0.254,,,2,7,99.3,32,2321,95.3,94.8,3,12,9,-0.5,6.08,122,149,120,153,299,323,302,"0.775","-0.775",,,,7,6,2,0,0,0,1,14.3,0,0,"1.15","1.37","0.67","-0.33","96.0",221,100,0,0,5.94,-1.5,0.21,2.77,0.286,0,"-3.69047619",,,"3.69047619",,,,,25,,,,,,,
21,806334,"Amalfi, Alex",42,50,0.6,0,0.6,0.6,0.561,,,3,5,97.1,23,2192,95,95.59,2,13,8,0.5999999999999943,6.71,110,146,128,147,285,318,291,"-0.862","0.862",,,,6,5,3,0,0,0,0,0,1,16.7,"1.19","1.34","0.56","-0.02","92.3",228,80,0,0,5.99,-2.27,0.08,2.94,0.667,0,"4.104761905",,,"-4.104761905",,,,,15.4,,,,,,,
21,674370,"Bido, Osvaldo",97,21.6,0.375,0,0.5,0.375,0.374,,,3,8,94.1,17.2,2411,95.7,95.52,1,13,8,-0.20000000000000284,6.21,111,144,127,153,290,321,295,"0.109","-0.109",,,,9,6,3,0,0,0,2,22.2,1,11.1,"1.32","1.17","0.72","-0.58","91.1",203,33.33333333333333,0,0,5.64,-2.09,0.29,2.71,0.444,0,"-0.519047619",,,"0.519047619",,,,,7.7,,,,,,,
21,669993,"Brito, Raul",52,40.4,0.2,0,0.25,0.2,0.178,,,1,5,86.4,18.3,2320,95,95.73,3,11,10,0.7000000000000028,6.78,121,140,110,149,306,336,291,"0.056","-0.056",,,,5,4,1,0,0,0,1,20,0,0,"1.17","1.36","0.51","-0.22","90.9",139,25,0,0,5.61,-1.29,0.54,2.11,0.2,0,"-0.266666667",,,"0.266666667",,,,,27.3,,,,,,,
20,605242,"Fulmer, Michael",180,11.1,0,0,0,0,0.349,,,0,2,82.9,-38,2360,91.1,91.75,3,7,13,0.6000000000000085,6.63,118,150,120,151,298,326,308,"0.068","-0.068",,,,4,1,0,0,0,0,1,25,2,50,"1.56","1.18","0.08","-0.09","88.0",177,0,0,0,6.05,-2.37,0.07,3.09,0.5,0,"-0.34",,,"0.34",,,,,42.9,,,,,,,
20,595014,"Treinen, Blake",149,13.4,0.2,0,0.25,0.2,0.265,,,1,5,80.7,12,2355,94.4,93.09,1,8,12,-1.2000000000000028,5.65,117,150,118,149,296,322,295,"0.027","-0.027",,,,6,4,1,0,0,0,1,16.7,1,16.7,"1.43","1.14","0.76","0.04","88.6",149,0,0,0,6.36,-2.83,0.43,2.77,0.333,0,"-0.135",,,"0.135",,,,,12.5,,,,,,,
20,811319,"Frey, Riley",35,57.1,0,0,0,0,0.233,,,0,2,110,-6,2041,90.1,91.39,5,10,10,1.3000000000000114,6.97,103,149,126,151,295,326,295,"0.599","-0.599",,,,3,1,0,0,0,0,1,33.3,1,33.3,"1.88","0.92","0.22","-0.09","97.7",126,100,0,0,5.36,3.94,-0.04,2.77,0.333,0,"-2.995",,,"2.995",,,,,50,,,,,,,
20,689296,"Nunez, Anthony",61,32.8,0.167,0.167,0.2,0.333,0.21,,,1,6,84.7,15.2,2623,96.4,96.92,3,11,9,0.5,6.55,113,147,120,149,287,308,294,"0.125","-0.125",,,,6,5,0,1,0,0,1,16.7,0,0,"1.03","1.42","0.36","-0.13","89.5",184,20,20,16.666666666666664,5.82,-0.97,0.19,2.46,0.167,1,"-0.625",,,"0.625",,,,,27.3,,,,,,,
20,594580,"Moll, Sam",180,11.1,0.25,0,0.286,0.25,0.222,,,2,8,89.8,-7.3,2632,92.5,90.04,1,12,8,-2.5,4.69,105,149,123,147,303,326,294,"0.047","-0.047",,,,8,7,2,0,0,0,1,12.5,0,0,"1.96","0.7","0.77","-0.5","93.1",105,42.857142857142854,14.285714285714285,12.5,5.09,2.17,0.05,2.5,0.25,1,"-0.235",,,"0.235",,,,,8.3,,,,,,,
20,656457,"Gilbert, Tyler",111,18,0.333,0.333,0.667,0.667,0.455,,,2,6,93.8,-0.7,2178,90.1,89.97,5,11,9,-0.09999999999999432,6.18,119,143,123,144,291,328,298,"-0.185","0.185",,,,7,3,1,0,1,0,3,42.9,1,14.3,"1.85","0.95","0.66","0.15","94.2",114,33.33333333333333,0,0,5.02,3.35,-0.19,2.92,0.429,0,"0.925",,,"-0.925",,,,,45.5,,,,,,,
20,683085,"Sims, Landon",41,48.8,0.667,1,1,1.667,0.909,,,2,3,99.4,15,2054,93.4,93.32,4,8,12,-0.10000000000000853,6.11,113,149,114,150,291,320,294,"-1.599","1.599",,,,4,2,1,0,0,1,1,25,1,25,"1.34","1.26","0.23","-0.1","93.7",269,50,50,25,5.72,-2.89,0.44,2.66,0.75,1,"7.995",,,"-7.995",,,,,50,,,,,,,
20,642701,"Santana, Dennis",69,29,0.25,0,0.5,0.25,0.222,,,1,4,94.5,7.5,2354,93.3,92.35,5,10,10,-1,5.97,101,148,126,150,281,319,289,"-0.32","0.32",,,,4,2,1,0,0,0,2,50,0,0,"1.43","1.21","0.81","-0.1","92.3",168,50,0,0,5.74,-1.82,-0.31,2.98,0.25,0,"1.6",,,"-1.6",,,,,50,,,,,,,
20,684128,"Sena, Reidis",51,39.2,0.5,0.5,1,1,0.664,,,1,2,99.9,21,2260,95.6,95.25,4,6,14,-0.29999999999999716,6.27,111,146,118,147,302,325,286,"-0.922","0.922",,,,4,1,0,1,0,0,1,25,2,50,"1.03","1.48","0.63","0.24","94.0",195,100,0,0,6.23,-0.47,0.43,2.64,0.75,0,"4.61",,,"-4.61",,,,,66.7,,,,,,,
20,666121,"Baum, Tyler",67,29.9,0,0,0,0,0.465,,,0,1,103.3,-1,2125,95.7,94.4,1,11,9,-1.2999999999999972,5.59,115,149,119,148,300,314,283,"-0.073","0.073",,,,3,1,0,0,0,0,0,0,2,66.7,"1.38","1.1","0.57","0.4","89.5",194,100,0,0,5.95,0.01,0.15,2.63,0.667,0,"0.365",,,"-0.365",,,,,9.1,,,,,,,
20,571948,"Milner, Hoby",119,16.8,0,0,0,0,0,,,0,7,94,34.8,1969,87.7,88.2,4,12,8,0.5,6.71,115,150,116,149,293,321,295,"1.78","-1.78",,,,7,4,0,0,0,0,3,42.9,0,0,"2.47","0.51","1.22","-0.07","91.8",225,50,25,14.285714285714285,4.44,4.13,-0.13,2.91,0,1,"-8.9",,,"8.9",,,,,33.3,,,,,,,
20,661395,"Duran, Jhoan",80,25,0.111,0,0.143,0.111,0.099,,,1,9,88.5,12.7,2091,99.7,98.61,2,14,6,-1.1000000000000085,5.7,118,150,122,150,287,312,283,"1.471","-1.471",,,,9,7,1,0,0,0,2,22.2,0,0,"1.29","1.01","1.13","0.37","91.4",164,28.57142857142857,0,0,6.32,-2.1,0.24,2.54,0.111,0,"-7.355",,,"7.355",,,,,14.3,,,,,,,
20,701884,"Ellerts, Magnus",33,60.6,0.167,0.5,0,0.667,0.341,,,1,6,99.5,-0.5,2323,96.7,98.16,5,13,7,1.5,6.93,118,150,121,151,288,320,297,"0.498","-0.498",,,,6,4,0,0,0,1,2,33.3,0,0,"1.23","1.19","-0.05","-0.08","93.9",200,75,25,16.666666666666664,5.77,-2.1,-0.01,2.42,0.167,1,"-2.49",,,"2.49",,,,,38.5,,,,,,,
20,689441,"Crow, Coleman",89,22.5,0.167,0.167,0.167,0.333,0.21,,,1,6,92.1,28.7,2614,91.3,91.44,1,10,10,0.10000000000000853,6.13,110,149,118,150,297,321,298,"0.218","-0.218",,,,6,6,0,1,0,0,0,0,0,0,"1.63","1.08","0.51","-0.07","91.1",192,16.666666666666664,0,0,5.26,-1.47,-0.16,2.89,0.167,0,"-1.09",,,"1.09",,,,,10,,,,,,,
20,694753,"Curtis, Khristian",55,36.4,0,0,0,0,0.174,,,0,3,76.5,24.5,2371,95.8,96.37,2,5,15,0.6000000000000085,6.68,111,150,125,151,261,306,309,"0.129","-0.129",,,,4,2,0,0,0,0,1,25,1,25,"1.06","1.43","0.46","-0.13","88.0",201,0,0,0,6.14,-1.93,0.53,3.17,0.25,0,"-0.645",,,"0.645",,,,,40,,,,,,,
20,694397,"Raya, Marco",58,34.5,0.333,0,0.333,0.333,0.397,,,1,3,93.6,15.3,2405,95.8,96.05,1,9,11,0.29999999999999716,6.25,116,149,120,146,274,330,276,"-0.155","0.155",,,,4,3,1,0,0,0,0,0,1,25,"1.14","1.32","0.04","0.08","90.1",174,33.33333333333333,0,0,5.99,-0.65,0.09,3.32,0.5,0,"0.775",,,"-0.775",,,,,11.1,,,,,,,
20,801219,"Morillo, Alfred",46,43.5,0.333,1,,1.333,0.69,,,1,3,110.5,20,2121,95.7,95.75,4,7,13,0.09999999999999432,6.14,114,143,112,144,298,324,305,"-0.418","0.418",,,,6,1,0,0,0,1,2,33.3,3,50,"1.4","1.07","0.37","-0.17","95.5",292,100,100,16.666666666666664,5.99,-1.66,0,2.38,0.667,1,"2.09",,,"-2.09",,,,,57.1,,,,,,,
20,690382,"Darrell-Hicks, Michael",68,29.4,0,0,0,0,0,,,0,7,89.8,32.8,2388,94.1,93.98,2,9,11,-0.09999999999999432,6.43,108,148,116,150,282,312,285,"0.83","-0.83",,,,7,5,0,0,0,0,2,28.6,0,0,"1.25","1.34","0.73","-0.13","91.0",218,20,0,0,5.84,-1.46,-0.12,3,0,0,"-4.15",,,"4.15",,,,,22.2,,,,,,,
20,695229,"Minacci, Camden",59,33.9,0.2,0.2,0.5,0.4,0.326,,,1,5,90,6.5,2133,94.8,95.63,4,8,12,0.7999999999999972,6.7,114,147,119,149,296,323,297,"-0.153","0.153",,,,6,2,0,1,0,0,3,50,1,16.7,"1.35","1.18","0.63","-0.28","90.5",181,50,0,0,5.8,-1.22,0.17,3.04,0.333,0,"0.765",,,"-0.765",,,,,50,,,,,,,
20,621121,"McCullers Jr., Lance",118,16.9,0.286,0,0.4,0.286,0.254,,,2,7,102.3,21,2168,93,92.8,2,9,11,-0.20000000000000284,6.16,119,147,119,151,292,322,296,"0.406","-0.406",,,,7,5,2,0,0,0,2,28.6,0,0,"1.42","1.22","0.65","-0.3","98.3",238,80,20,14.285714285714285,5.61,-1.15,-0.02,2.77,0.286,1,"-2.03",,,"2.03",,,,,22.2,,,,,,,
20,694781,"Mercado, Logan",49,40.8,0.25,0,0.5,0.25,0.317,,,1,4,84.3,5.5,2262,95.5,95.41,3,6,14,-0.09999999999999432,6.25,107,143,120,143,290,315,287,"0.196","-0.196",,,,5,2,1,0,0,0,2,40,1,20,"1.07","1.43","0.37","0.08","93.6",147,50,0,0,5.97,-1.75,0.09,2.64,0.4,0,"-0.98",,,"0.98",,,,,50,,,,,,,
20,701533,"Stanley, Hunter",34,58.8,0,0,0,0,0,,,0,4,94.7,23.3,2227,93.8,93.68,1,11,9,-0.09999999999999432,6.25,105,150,118,147,299,317,293,"1.093","-1.093",,,,4,3,0,0,0,0,1,25,0,0,"1.12","1.48","0.33","0.22","90.6",213,33.33333333333333,0,0,5.64,-1.52,0.47,2.74,0,0,"-5.465",,,"5.465",,,,,9.1,,,,,,,
20,606965,"Devenski, Chris",80,25,0.286,0,0.286,0.286,0.254,,,2,7,88.7,39.7,2325,93.5,92.92,2,12,8,-0.5999999999999943,6.18,114,147,121,152,282,302,281,"0.774","-0.774",,,,7,7,2,0,0,0,0,0,0,0,"1.23","1.4","0.91","-0.54","93.1",215,42.857142857142854,0,0,6.22,-0.16,0.33,2.65,0.286,0,"-3.87",,,"3.87",,,,,16.7,,,,,,,
20,606996,"Hart, Kyle",203,9.9,0.2,0.2,0.5,0.4,0.427,,,1,5,102.9,24,2168,92.3,92.03,2,8,12,-0.29999999999999716,6.18,113,149,121,150,298,323,297,"-1.364","1.364",,,,8,2,0,1,0,0,3,37.5,1,12.5,"1.52","1.16","0.67","-0.03","96.7",265,50,50,12.5,5.84,2.51,0.34,2.75,0.5,1,"6.82",,,"-6.82",,,,,25,,,,,,,
20,679693,"Coleman, Carson",93,21.5,0,0,0,0,0.174,,,0,3,80.8,13,2318,95.1,94.42,3,9,11,-0.6999999999999886,6.05,121,150,130,151,287,310,269,"0.698","-0.698",,,,4,1,0,0,0,0,2,50,1,25,"1.6","0.94","1.52","-0.03","89.3",202,0,0,0,5.25,-2.23,-0.15,2.39,0.25,0,"-3.49",,,"3.49",,,,,33.3,,,,,,,
20,681432,"Little, Luke",81,24.7,0.333,1,0,1.333,0.683,,,1,3,101,9,2281,95.7,97.99,3,10,10,2.299999999999997,7.39,108,153,117,149,296,329,298,"-0.449","0.449",,,,3,3,0,0,0,1,0,0,0,0,"1.85","0.62","0.23","-0.17","97.7",187,66.66666666666666,33.33333333333333,33.33333333333333,5.54,3.47,-0.06,2.5,0.333,1,"2.245",,,"-2.245",,,,,30,,,,,,,
20,700669,"Graceffo, Gordon",43,46.5,0.143,0,0.167,0.143,0.127,,,1,7,96.4,11.2,2028,97.3,97.38,4,11,9,0.10000000000000853,6.34,111,151,120,149,284,312,285,"0.92","-0.92",,,,7,6,1,0,0,0,1,14.3,0,0,"1.21","1.2","0.53","0.17","95.6",70,66.66666666666666,0,0,6.12,-1.61,0.18,2.17,0.143,0,"-4.6",,,"4.6",,,,,36.4,,,,,,,
20,686857,"Gonzalez, James",60,33.3,0.333,0,0.333,0.333,0.397,,,1,3,91.4,17,2030,93.3,93.28,0,5,15,0,6.34,111,151,114,148,290,322,288,"-0.411","0.411",,,,4,3,1,0,0,0,0,0,1,25,"1.41","1.22","0.35","-0.28","92.6",188,66.66666666666666,0,0,6.15,1.39,-0.05,2.75,0.5,0,"2.055",,,"-2.055",,,,,0,,,,,,,
20,660600,"Paredes, Enoli",59,33.9,0.333,0.167,0.4,0.5,0.358,,,2,6,82.6,-4.6,2273,92.8,92.81,2,10,10,0,6.13,115,147,120,148,283,308,288,"-0.594","0.594",,,,6,5,1,1,0,0,1,16.7,0,0,"1.4","1.25","0.16","-0.13","90.4",152,20,20,16.666666666666664,5.42,-2.24,-0.17,3.03,0.333,1,"2.97",,,"-2.97",,,,,20,,,,,,,
19,664744,"Espada, Jose",59,32.2,0.2,0.2,0.2,0.4,0.326,,,1,5,95,43.8,2236,92.3,91.77,1,9,10,-0.5,6.2,114,143,119,148,284,318,288,"0.059","-0.059",,,,6,5,0,1,0,0,0,0,1,16.7,"1.12","1.58","0.52","-0.24","93.2",233,40,40,33.33333333333333,6.39,-1.65,-0.24,2.76,0.333,2,"-0.310526316",,,"0.310526316",,,,,11.1,,,,,,,
19,693781,"Bormie, Wilian",48,39.6,0.5,0.25,0.5,0.75,0.538,,,2,4,96.3,18.5,2209,96.9,96.75,0,7,12,-0.20000000000000284,6.1,112,146,113,146,298,316,296,"-1.108","1.108",,,,4,4,1,1,0,0,0,0,0,0,"1.21","1.21","0.82","0.21","94.8",226,75,25,25,5.8,-0.97,-0.13,2.46,0.5,1,"5.831578947",,,"-5.831578947",,,,,0,,,,,,,
19,605463,"Scott, Tayler",56,33.9,0.4,0,0.667,0.4,0.413,,,2,5,100.6,22.3,2069,93.1,92.26,2,8,11,-0.7999999999999972,5.91,119,150,132,150,308,319,289,"-0.792","0.792",,,,6,3,2,0,0,0,2,33.3,1,16.7,"1.64","1","1.13","-0.17","94.3",154,100,0,0,5.23,-3.47,-0.29,3.21,0.5,0,"4.168421053",,,"-4.168421053",,,,,25,,,,,,,
19,691009,"Ray, Dylan",41,46.3,0,0,0,0,0.233,,,0,2,86.1,-16,2116,93.2,93.64,3,8,11,0.3999999999999915,6.53,115,146,116,149,304,327,304,"0.074","-0.074",,,,3,1,0,0,0,0,1,33.3,1,33.3,"1.19","1.44","0.69","-0.25","88.0",185,0,0,0,6.13,-1.06,-0.06,3.15,0.333,0,"-0.389473684",,,"0.389473684",,,,,37.5,,,,,,,
19,669947,"Scholtens, Jesse",78,24.4,0,0,0,0,0,,,0,3,91.5,63,2194,93.7,94.18,2,10,9,0.5,6.54,109,144,115,151,280,307,296,"1.126","-1.126",,,,3,1,0,0,0,0,2,66.7,0,0,"1.25","1.35","0.51","-0.4","88.5",171,0,0,0,5.95,-0.98,-0.09,2.9,0,0,"-5.926315789",,,"5.926315789",,,,,20,,,,,,,
19,682944,"Yulie, Tyrone",35,54.3,0.5,0,1,0.5,0.571,,,1,2,100.4,2,2003,94.4,94.86,0,2,17,0.5,6.73,111,146,113,149,289,323,294,"-1.173","1.173",,,,4,1,1,0,0,0,1,25,2,50,"1.51","1.06","0.62","-0.25","94.2",154,100,0,0,5.83,-2.02,0.43,2.82,0.75,0,"6.173684211",,,"-6.173684211",,,,,0,,,,,,,
19,686623,"Labriola, P.J.",45,42.2,0.4,0,0.4,0.4,0.356,,,2,5,84.7,3.8,2117,92.6,92.97,1,11,8,0.4000000000000057,6.39,113,147,112,147,292,318,298,"0.161","-0.161",,,,5,5,2,0,0,0,0,0,0,0,"1.63","1.02","0.38","-0.07","91.2",111,40,0,0,6.55,1.21,-0.15,2.89,0.4,0,"-0.847368421",,,"0.847368421",,,,,9.1,,,,,,,
19,689233,"Wepf, Lucas",27,70.4,1,0,1,1,0.746,,,1,1,106.9,-6,2088,95.3,95.55,1,6,13,0.29999999999999716,6.58,119,147,124,149,302,327,296,"-1.452","1.452",,,,4,1,1,0,0,0,0,0,3,75,"1.39","1.14","0.89","-0.24","92.1",149,100,0,0,6.38,-1.71,0.32,2.8,1,0,"7.642105263",,,"-7.642105263",,,,,16.7,,,,,,,
19,605130,"Barlow, Scott",133,14.3,0.667,0.167,0.8,0.833,0.655,,,4,6,96.9,-3.4,2184,88.5,89.24,2,12,7,0.7000000000000028,6.61,115,148,118,149,297,322,292,"-1.221","1.221",,,,6,5,3,1,0,0,1,16.7,0,0,"2.06","0.84","0.22","-0.01","93.7",95,60,20,16.666666666666664,5.08,-2.44,0.22,2.38,0.667,1,"6.426315789",,,"-6.426315789",,,,,16.7,,,,,,,
19,690229,"McDonough, LJ",36,52.8,0,0,0,0,0.14,,,0,4,98.3,57,2236,94.2,95.92,2,4,15,1.7000000000000028,7.19,117,150,122,149,292,312,296,"0.749","-0.749",,,,5,1,0,0,0,0,3,60,1,20,"1.33","1.23","0.36","0.06","93.1",193,100,0,0,5.11,-1.73,0.16,2.43,0.2,0,"-3.942105263",,,"3.942105263",,,,,50,,,,,,,
19,693483,"Gallagher, Pat",43,44.2,0.5,0.5,0.5,1,0.653,,,1,2,91.2,-6,2269,90,90.68,2,10,9,0.7000000000000028,6.83,117,149,122,146,299,336,292,"-0.887","0.887",,,,4,2,0,1,0,0,0,0,1,25,"1.88","0.95","0.42","0.25","92.5",142,33.33333333333333,0,0,5.32,-1.97,0.56,1.93,0.667,0,"4.668421053",,,"-4.668421053",,,,,20,,,,,,,
19,695684,"Rodríguez, Elmer",95,20,0.286,0,0.5,0.286,0.254,,,2,7,89.2,21,1775,95.4,95.82,3,12,7,0.3999999999999915,6.44,112,147,125,150,277,314,285,"0.545","-0.545",,,,7,4,2,0,0,0,3,42.9,0,0,"1.67","0.82","0.91","-0.72","91.7",208,25,0,0,5.76,-2.63,0.09,2.8,0.286,0,"-2.868421053",,,"2.868421053",,,,,25,,,,,,,
19,813829,"Barnhart, Zane",36,52.8,0.4,0.2,0.667,0.6,0.475,,,2,5,80.8,17.3,2359,94.7,95.43,2,11,8,0.7000000000000028,6.81,116,149,119,149,302,315,283,"-0.637","0.637",,,,6,3,1,1,0,0,2,33.3,1,16.7,"1.28","1.27","0.33","0.09","89.5",184,33.33333333333333,0,0,4.97,-1.78,-0.75,3.23,0.5,0,"3.352631579",,,"-3.352631579",,,,,18.2,,,,,,,
19,687941,"Gamboa, Alec",51,37.3,1,2,1,3,1.595,,,1,1,101,18,2179,94.3,94.09,2,9,10,-0.20000000000000284,6.25,107,146,114,144,279,308,294,"-0.691","0.691",,,,1,1,0,0,1,0,0,0,0,0,"1.06","1.5","0.26","-0.09","92.5",287,100,0,0,6.62,1.33,-0.06,3,1,0,"3.636842105",,,"-3.636842105",,,,,22.2,,,,,,,
19,695695,"Neighbors, Tyson",30,63.3,0.5,0,0.5,0.5,0.571,,,1,2,79.9,45.5,2201,94.6,93.16,0,4,15,-1.3999999999999915,5.75,104,148,122,151,290,319,283,"-0.747","0.747",,,,4,2,1,0,0,0,0,0,2,50,"0.97","1.6","0.26","-0.09","88.0",168,0,0,0,6.12,-0.74,-0.32,2.49,0.75,0,"3.931578947",,,"-3.931578947",,,,,0,,,,,,,
19,641302,"Alexander, Tyler",167,11.4,0.167,0.333,0.25,0.5,0.266,,,1,6,97.6,19.5,2292,91,90.72,3,10,9,-0.29999999999999716,6.17,110,150,119,147,304,318,297,"-0.3","0.3",,,,6,4,0,0,1,0,2,33.3,0,0,"1.39","1.36","0.87","-0.38","94.4",242,75,0,0,5.75,2.41,-0.01,2.92,0.167,0,"1.578947368",,,"-1.578947368",,,,,30,,,,,,,
19,680744,"Madden, Ty",81,23.5,0,0,0,0,0.531,,,0,1,93.1,-10,2305,93.4,92.66,0,5,14,-0.7000000000000028,5.82,102,143,114,145,280,317,297,"-0.765","0.765",,,,4,1,0,0,0,0,0,0,2,50,"1.19","1.42","0.53","-0.14","89.7",145,0,0,0,6.21,-1.22,0.07,2.89,0.75,0,"4.026315789",,,"-4.026315789",,,,,0,,,,,,,
19,801179,"Lin, Yu-Min",34,55.9,0.5,0.25,0.5,0.75,0.591,,,2,4,89.7,36.8,2084,91.2,90.66,1,9,10,-0.5,5.97,112,150,119,148,306,327,300,"-1.074","1.074",,,,6,4,1,1,0,0,0,0,2,33.3,"1.76","0.98","1.14","-0.03","91.4",224,50,25,16.666666666666664,5.74,1.84,0.12,2.93,0.667,1,"5.652631579",,,"-5.652631579",,,,,11.1,,,,,,,
18,687064,"Young, Brandon",49,36.7,0.167,0.5,0,0.667,0.397,,,1,6,80.8,53.8,2151,93,92.9,2,9,9,-0.09999999999999432,6.45,105,148,127,153,288,315,282,"-0.239","0.239",,,,7,4,0,0,0,1,2,28.6,0,0,"1.13","1.53","0.38","-0.13","88.9",201,0,0,0,6.13,-1,-0.19,3.13,0.286,0,"1.327777778",,,"-1.327777778",,,,,22.2,,,,,,,
18,694383,"Moore, Grayson",31,58.1,1,0.5,1,1.5,0.824,,,2,2,104.9,17,1966,92.8,93.43,1,5,13,0.6000000000000085,6.62,102,151,114,151,297,327,306,"-1.678","1.678",,,,6,2,1,1,0,0,0,0,4,66.7,"1.37","1.27","0.14","-0.07","99.3",282,100,50,16.666666666666664,6.21,-0.87,-0.3,3.03,1,1,"9.322222222",,,"-9.322222222",,,,,20,,,,,,,
18,670391,"Anderson, Ben",45,40,0.667,1,0.5,1.667,0.979,,,2,3,103.3,17.3,2068,92.6,93.16,2,9,9,0.7000000000000028,6.61,106,151,118,148,300,320,297,"-2.109","2.109",,,,3,3,1,0,0,1,0,0,0,0,"1.42","1.23","0.77","0.38","95.5",257,100,0,0,5.93,-1.27,0,3.04,0.667,0,"11.716666667",,,"-11.716666667",,,,,22.2,,,,,,,
18,701519,"Adams, Travis",50,36,0,0,0,0,0,,,0,4,82.1,10.7,2455,94.9,94.48,4,11,7,-0.4000000000000057,6.09,117,148,126,149,299,324,280,"1.374","-1.374",,,,4,3,0,0,0,0,1,25,0,0,"1.21","1.32","0.35","0.2","90.0",160,33.33333333333333,0,0,5.94,-2,0.13,2.99,0,0,"-7.633333333",,,"7.633333333",,,,,36.4,,,,,,,
18,689379,"Anderson, Aidan",95,18.9,0,0,,0,0.364,,,0,1,,,2183,90.6,90.03,2,7,11,-0.5999999999999943,5.92,105,144,120,148,303,324,313,"-0.101","0.101",,,,2,0,0,0,0,0,1,50,0,0,"2.11","0.67","0.91","0.46","88.7",160,,,,4.59,-2.32,0.7,2.82,0.5,,"0.561111111",,,"-0.561111111",,,,,28.6,,,,,,,
18,677976,"Dobnak, Randy",184,9.8,0.571,0,0.571,0.571,0.508,,,4,7,92.6,2,2115,93.6,92.33,0,14,4,-1.2000000000000028,5.57,116,145,114,147,295,327,299,"-1.251","1.251",,,,7,7,4,0,0,0,0,0,0,0,"1.91","0.69","1.1","-0.73","92.0",179,42.857142857142854,0,0,5.72,-1.79,-0.04,2.84,0.571,0,"6.95",,,"-6.95",,,,,0,,,,,,,
18,702465,"Long, Ryan",31,58.1,0.333,0,0.5,0.333,0.457,,,1,3,88.6,25,2495,95.9,96.33,4,11,7,0.3999999999999915,6.78,113,149,123,147,279,313,279,"-0.343","0.343",,,,5,2,1,0,0,0,1,20,2,40,"0.83","1.67","0.56","0.22","88.4",176,0,0,0,6.27,-0.98,0.17,2.77,0.6,0,"1.905555556",,,"-1.905555556",,,,,36.4,,,,,,,
18,702795,"Loutos, Ryan",61,29.5,0.667,0.667,0.6,1.333,0.848,,,4,6,96.3,-1,1926,95.4,95.55,2,11,7,0.09999999999999432,6.27,113,142,116,152,292,320,300,"-2.994","2.994",,,,6,6,2,1,0,1,0,0,0,0,"1.39","1.1","0.8","-0.73","95.2",141,50,16.666666666666664,16.666666666666664,6.33,-2.45,0.17,2.32,0.667,1,"16.633333333",,,"-16.633333333",,,,,18.2,,,,,,,
18,806188,"Gibson, Cade",180,10,0,0,0,0,0.174,,,0,3,87.9,42.3,2379,91.8,91.49,0,6,12,-0.29999999999999716,5.91,117,150,130,149,288,315,290,"0.096","-0.096",,,,4,3,0,0,0,0,0,0,1,25,"1.63","1.07","0.77","-0.47","92.1",144,66.66666666666666,0,0,5.85,2.23,0.19,3.68,0.25,0,"-0.533333333",,,"0.533333333",,,,,0,,,,,,,
18,699062,"Ramirez, Kelvin",51,35.3,0,0,0,0,0.558,,,0,1,101.5,-2,2069,95.8,95.54,1,5,13,-0.29999999999999716,6.1,114,150,117,147,301,323,294,"-0.363","0.363",,,,5,1,0,0,0,0,0,0,4,80,"1.3","1.18","0.02","0","93.9",191,100,0,0,6.58,-0.36,0.49,2.47,0.8,0,"2.016666667",,,"-2.016666667",,,,,20,,,,,,,
18,681007,"Cushing, Jack",47,38.3,0.333,1,,1.333,0.683,,,1,3,101.6,31,2382,91.4,90.94,1,8,10,-0.5,6.06,111,147,115,147,282,332,285,"-0.805","0.805",,,,3,1,0,0,0,1,2,66.7,0,0,"1.38","1.36","0.5","-0.38","92.7",199,100,100,33.33333333333333,5.8,-1.89,0.35,2.2,0.333,1,"4.472222222",,,"-4.472222222",,,,,12.5,,,,,,,
18,669169,"Heasley, Jonathan",47,38.3,0.4,0.6,0.333,1,0.606,,,2,5,95.9,-2.5,1986,92.4,92.29,2,8,10,-0.10000000000000853,6.27,112,143,114,145,286,313,295,"-0.987","0.987",,,,6,4,1,0,0,1,1,16.7,1,16.7,"1.31","1.36","0.56","-0.09","93.2",167,50,25,16.666666666666664,6.05,-1.17,-0.04,2.6,0.5,1,"5.483333333",,,"-5.483333333",,,,,25,,,,,,,
18,687879,"Quiñones, Luis",39,46.2,0,0,0,0,0,,,0,4,85.4,19.8,2322,91.9,91.78,5,10,8,-0.10000000000000853,6.32,110,148,120,144,281,325,285,"1.584","-1.584",,,,4,4,0,0,0,0,0,0,0,0,"1.17","1.54","0.04","0.05","89.1",162,0,0,0,6.03,-1.3,0.21,2.09,0,0,"-8.8",,,"8.8",,,,,50,,,,,,,
18,801555,"Martinez, Izaak",30,60,0,0,0,0,0,,,0,4,92.6,14.3,2159,88.8,89.07,2,7,11,0.29999999999999716,6.43,109,150,121,147,299,321,297,"1.185","-1.185",,,,4,4,0,0,0,0,0,0,0,0,"1.3","1.59","0.36","-0.11","94.2",138,75,0,0,5.59,0.39,-0.32,2.48,0,0,"-6.583333333",,,"6.583333333",,,,,28.6,,,,,,,
18,663855,"Hicks, Jordan",156,11.5,0,0,0,0,0.14,,,0,4,86.2,-23,2009,98.2,97.83,1,4,14,-0.4000000000000057,6.07,114,147,113,149,290,325,305,"0.65","-0.65",,,,5,2,0,0,0,0,2,40,1,20,"1.51","0.85","1.09","-0.73","88.5",99,0,0,0,5.88,-1.82,0.25,3.17,0.2,0,"-3.611111111",,,"3.611111111",,,,,25,,,,,,,
18,701207,"Colleran Jr., Dennis",46,39.1,0,0,0,0,0,,,0,5,85.2,32,2285,98.2,98.18,5,10,8,0,6.42,117,151,125,147,293,321,297,"1.701","-1.701",,,,5,4,0,0,0,0,1,20,0,0,"1.4","0.97","1.05","0.61","91.0",187,25,0,0,5.33,-1.99,0.34,2.56,0,0,"-9.45",,,"9.45",,,,,50,,,,,,,
18,682981,"Diamond, Derek",56,32.1,0.333,0,0.5,0.333,0.297,,,1,3,105.5,-7,2357,94.9,95.43,4,9,9,0.5,6.94,95,144,113,148,286,314,294,"-0.355","0.355",,,,3,2,1,0,0,0,1,33.3,0,0,"1.27","1.29","0.59","0.13","95.0",147,100,0,0,5.66,-2.6,0.16,2.71,0.333,0,"1.972222222",,,"-1.972222222",,,,,44.4,,,,,,,
18,809933,"Brooks, Steven",35,51.4,0.5,1.5,0,2,0.861,,,1,2,99.2,46.5,2233,94.4,95.03,2,5,13,0.5999999999999943,6.72,109,145,118,147,288,314,301,"-1.05","1.05",,,,4,2,0,0,0,1,0,0,2,50,"1.36","1.2","0.7","-0.13","95.4",279,100,0,0,5.75,-2.32,-0.71,3.24,0.75,0,"5.833333333",,,"-5.833333333",,,,,40,,,,,,,
18,695740,"Romano, Jimmy",29,62.1,0.4,0.2,0.5,0.6,0.43,,,2,5,88.3,-15.3,2227,92.2,91.89,2,8,10,-0.29999999999999716,6.04,99,145,113,143,301,331,305,"-0.24","0.24",,,,5,4,1,1,0,0,1,20,0,0,"1.44","1.23","0.4","0.22","92.8",131,50,0,0,6.08,-1.98,-0.09,2.89,0.4,0,"1.333333333",,,"-1.333333333",,,,,25,,,,,,,
18,676785,"Conley, Bryce",38,47.4,0,0,0,0,0.349,,,0,2,76.3,47,2414,94,94.19,1,7,11,0.20000000000000284,6.34,102,143,112,143,281,305,273,"0.384","-0.384",,,,4,1,0,0,0,0,1,25,2,50,"1.29","1.29","0.5","0","88.5",229,0,0,0,5.33,-2.82,0.35,2.53,0.5,0,"-2.133333333",,,"2.133333333",,,,,14.3,,,,,,,
18,703725,"Gastelum, Luis",53,34,0,0,0,0,0.116,,,0,5,84,37.5,2446,94.1,94.95,1,10,8,0.8000000000000114,6.72,113,149,117,150,300,311,282,"0.913","-0.913",,,,6,4,0,0,0,0,1,16.7,1,16.7,"1.35","1.23","1","-0.05","89.2",235,25,0,0,5.44,-1.64,-0.01,2.09,0.167,0,"-5.072222222",,,"5.072222222",,,,,10,,,,,,,
18,455119,"Martin, Chris",92,19.6,0.25,0.25,0.333,0.5,0.392,,,1,4,103.8,12.7,2172,93.8,94,1,6,12,0.20000000000000284,6.48,110,140,115,148,299,318,307,"-0.639","0.639",,,,5,3,0,1,0,0,1,20,1,20,"1.28","1.32","0.75","-0.55","98.5",226,100,0,0,6.29,-2.69,-0.69,2.66,0.4,0,"3.55",,,"-3.55",,,,,16.7,,,,,,,
18,825756,"Cannon, Will",37,48.6,0.2,0.6,0,0.8,0.458,,,1,5,94.2,21.3,2243,92.7,92.67,1,7,11,0,6.36,117,148,111,146,302,324,310,"-0.493","0.493",,,,6,4,0,0,0,1,1,16.7,1,16.7,"1.24","1.42","0.66","-0.25","91.8",145,25,25,16.666666666666664,6.19,-1.42,0.14,1.73,0.333,1,"2.738888889",,,"-2.738888889",,,,,14.3,,,,,,,
18,674674,"Sikkema, T.J.",107,16.8,0.286,0,0.333,0.286,0.254,,,2,7,93.1,16.3,1985,89.7,90.41,1,12,6,0.7000000000000028,6.61,112,149,120,146,290,314,292,"0.271","-0.271",,,,7,6,2,0,0,0,1,14.3,0,0,"1.69","1.13","0.59","-0.54","93.3",143,50,0,0,5.49,2.68,-0.02,2.7,0.286,0,"-1.505555556",,,"1.505555556",,,,,8.3,,,,,,,
18,701388,"Cijntje, Jurrangelo",36,50,0,0,0,0,0.349,,,0,1,88.9,46,2293,95.7,95.22,3,10,8,-0.5,6.13,113,147,117,151,293,324,301,"0.249","-0.249",,,,2,1,0,0,0,0,0,0,1,50,"1.19","1.31","0.59","-0.31","88.2",223,0,0,0,5.38,-1.66,-0.58,2.7,0.5,0,"-1.383333333",,,"1.383333333",,,,,30,,,,,,,
17,663969,"Phillips, Tyler",140,12.1,0.667,0.333,0.667,1,0.712,,,2,3,97.9,27,2261,96.6,96.91,0,6,11,0.30000000000001137,6.26,116,147,123,153,281,315,297,"-1.441","1.441",,,,4,3,1,1,0,0,0,0,1,25,"1.39","1.04","0.73","-0.61","92.9",259,100,33.33333333333333,25,6.19,-1,-0.04,3.27,0.75,1,"8.476470588",,,"-8.476470588",,,,,0,,,,,,,
17,804922,"Vogel, Tyler",31,54.8,0.2,0,0.333,0.2,0.265,,,1,5,83,33,2261,94.7,94.91,2,6,11,0.20000000000000284,6.5,98,149,115,149,299,327,316,"0.024","-0.024",,,,6,3,1,0,0,0,2,33.3,1,16.7,"1.34","1.21","0.7","-0.2","92.0",208,33.33333333333333,0,0,5.64,-1.39,0.13,2.37,0.333,0,"-0.141176471",,,"0.141176471",,,,,33.3,,,,,,,
17,815348,"Bateman, Boston",46,37,0.2,0.6,0,0.8,0.458,,,1,5,100,16.4,2249,95.7,95.41,0,6,11,-0.29999999999999716,6.17,117,148,126,150,307,317,290,"-2.168","2.168",,,,6,5,0,0,0,1,0,0,1,16.7,"1.47","1.02","0.58","-0.05","98.0",271,100,20,16.666666666666664,6.27,2.32,0.17,2.74,0.333,1,"12.752941176",,,"-12.752941176",,,,,0,,,,,,,
17,656222,"Beeks, Jalen",35,48.6,0.25,0.75,0,1,0.549,,,1,4,88.7,21,2244,93.2,93.48,1,7,10,0.29999999999999716,6.49,114,151,122,149,305,322,308,"-0.305","0.305",,,,5,4,0,0,0,1,0,0,1,20,"1.33","1.3","0.53","-0.42","93.1",185,50,0,0,5.83,1.18,-0.03,3.12,0.4,0,"1.794117647",,,"-1.794117647",,,,,14.3,,,,,,,
17,656620,"Klobosits, Gabe",34,50,0,0,0,0,0.174,,,0,3,83.3,22.5,2100,95.8,96.58,3,6,11,0.7999999999999972,6.76,116,150,118,151,290,327,290,"0.559","-0.559",,,,4,2,0,0,0,0,1,25,1,25,"1.39","1.1","0.65","0.04","90.0",225,0,0,0,6.68,-1.77,0.25,2.59,0.25,0,"-3.288235294",,,"3.288235294",,,,,50,,,,,,,
17,669434,"Emanuels, Stevie",23,73.9,0,0,,0,0.349,,,0,1,,,2325,94.2,94.29,1,2,15,0.09999999999999432,6.47,115,152,116,149,296,319,293,"0.097","-0.097",,,,2,0,0,0,0,0,1,50,1,50,"1.12","1.46","0.63","0.29","88.0",246,,,,6.39,-1.83,0.47,2.38,0.5,,"-0.570588235",,,"0.570588235",,,,,50,,,,,,,
17,667463,"King, John",129,13.2,0,0,0,0,0,,,0,2,98.2,8.5,2064,91.5,91.01,1,8,9,-0.5,5.91,111,151,126,148,286,314,282,"-0.003","0.003",,,,2,2,0,0,0,0,0,0,0,0,"1.85","0.87","0.56","-0.35","90.9",186,50,50,50,5.55,2.08,0.1,3.3,0,1,"0.017647059",,,"-0.017647059",,,,,12.5,,,,,,,
17,800469,"Rivera, Bryan",46,37,0.333,0,0.5,0.333,0.457,,,1,3,103.7,3,2295,94.3,93.71,3,10,7,-0.5999999999999943,5.85,116,146,128,152,283,323,302,"-0.213","0.213",,,,5,2,1,0,0,0,1,20,2,40,"1.3","1.26","0.74","-0.65","92.5",158,100,0,0,5.77,-1.81,-0.15,2.52,0.6,0,"1.252941176",,,"-1.252941176",,,,,30,,,,,,,
17,680951,"Nikhazy, Doug",73,23.3,0.5,0.5,0.5,1,0.659,,,2,4,97.1,20,1911,90.8,91.96,1,6,11,1.2000000000000028,7.1,106,141,115,136,301,321,294,"-1.146","1.146",,,,7,4,0,2,0,0,0,0,3,42.9,"1.63","1.14","0.72","-0.61","95.2",225,75,25,14.285714285714285,5.58,2.59,0.49,2.56,0.714,1,"6.741176471",,,"-6.741176471",,,,,16.7,,,,,,,
17,663681,"Bayless, Jarod",81,21,0.333,1,0,1.333,0.694,,,1,3,105.2,17,2078,89.6,90.13,3,12,5,0.5,6.81,114,145,120,149,294,311,290,"-0.961","0.961",,,,4,2,0,0,0,1,1,25,0,0,"2.03","0.83","1.17","0.01","96.0",220,100,50,25,4.33,-3.16,-0.1,2.89,0.5,1,"5.652941176",,,"-5.652941176",,,,,25,,,,,,,
17,688776,"Lancaster, Jackson",31,54.8,0.5,0,0.5,0.5,0.529,,,1,2,84.5,-2.5,2098,91,90.88,1,9,8,-0.09999999999999432,6.25,97,150,118,145,282,295,290,"-0.739","0.739",,,,3,2,1,0,0,0,0,0,1,33.3,"1.39","1.37","0.35","-0.28","88.7",132,0,0,0,6.17,0.5,-0.58,1.86,0.667,0,"4.347058824",,,"-4.347058824",,,,,11.1,,,,,,,
17,605288,"Houser, Adrian",187,9.1,0.25,0.75,0,1,0.512,,,2,8,93,10.3,2236,95.8,96.36,6,14,3,0.6000000000000085,6.63,113,151,123,150,319,339,300,"-1.948","1.948",,,,8,4,0,0,0,2,4,50,0,0,"1.26","1.22","0.71","-0.01","92.7",204,75,50,25,5.97,-1.43,0.23,2.9,0.25,2,"11.458823529",,,"-11.458823529",,,,,42.9,,,,,,,
17,681168,"Curvelo, Luis",132,12.9,0.8,1,1,1.8,1.084,,,4,5,92.6,14,2274,95.8,95.55,2,9,8,-0.20000000000000284,6.22,117,148,116,152,299,319,304,"-4.825","4.825",,,,5,4,2,0,1,1,1,20,0,0,"1.39","1.1","1","-0.71","95.2",223,50,25,20,6.02,-3.08,-0.27,2.75,0.8,1,"28.382352941",,,"-28.382352941",,,,,22.2,,,,,,,
17,805321,"Kuncl, Trevor",49,34.7,0,0,0,0,0,,,0,2,91,14,2329,94,93.41,1,7,10,-0.5999999999999943,5.68,118,149,116,151,293,320,299,"0.441","-0.441",,,,2,2,0,0,0,0,0,0,0,0,"1.45","1.1","0.29","-0.2","91.4",178,50,0,0,5.56,-2.39,-0.33,2.99,0,0,"-2.594117647",,,"2.594117647",,,,,14.3,,,,,,,
17,657612,"Hill, Tim",106,16,0.333,0.333,0.5,0.667,0.49,,,1,3,96.1,18.5,2117,88.8,88.44,1,4,13,-0.3999999999999915,6.34,108,152,125,149,288,315,274,"-0.874","0.874",,,,4,2,0,1,0,0,1,25,1,25,"2.71","0.21","1.46","-1.12","95.1",209,100,0,0,3.32,3.73,0.2,3.46,0.5,0,"5.141176471",,,"-5.141176471",,,,,25,,,,,,,
17,687312,"Hughes, Gabriel",56,30.4,0.2,0,0.333,0.2,0.178,,,1,5,92.4,24.3,2151,93.4,94.38,3,9,8,1,6.83,110,148,122,152,308,311,292,"0.87","-0.87",,,,5,3,1,0,0,0,2,40,0,0,"1.63","0.97","0.11","0.04","90.2",212,33.33333333333333,0,0,5.58,-2.48,0.02,2.99,0.2,0,"-5.117647059",,,"5.117647059",,,,,33.3,,,,,,,
17,694341,"Beck, Brendan",47,36.2,0.667,1,1,1.667,0.909,,,2,3,94.4,26.5,2228,91.2,90.97,3,8,9,-0.20000000000000284,6.4,,,,,,,,"-1.567","1.567",,,,4,2,1,0,0,1,1,25,1,25,"1.14","1.63","0.34","0.05","91.3",201,50,50,25,6.35,-2.41,0.1,2.89,0.75,1,"9.217647059",,,"-9.217647059",,,,,37.5,,,,,,,
17,680253,"Bischoff, Kyle",28,60.7,0,0,0,0,0.349,,,0,1,82.4,26,2310,97,97.28,1,4,13,0.29999999999999716,6.48,,,,,,,,"0.226","-0.226",,,,2,1,0,0,0,0,0,0,1,50,"1.17","1.25","0.62","0.18","88.0",188,0,0,0,5.53,-1.55,0.51,2.15,0.5,0,"-1.329411765",,,"1.329411765",,,,,25,,,,,,,
17,686678,"Solesky, Chase",137,12.4,0.4,0,1,0.4,0.356,,,2,5,77.1,14,2091,93.7,94.77,2,7,10,1.0999999999999943,6.91,113,147,124,150,281,325,294,"-0.205","0.205",,,,5,2,2,0,0,0,3,60,0,0,"1.29","1.3","0.42","-0.28","88.0",146,0,0,0,5.89,-1.16,0.38,2.91,0.4,0,"1.205882353",,,"-1.205882353",,,,,28.6,,,,,,,
17,806046,"Clemmey, Alex",50,34,0,0,0,0,0.14,,,0,4,91.4,55,2345,92.6,92.84,2,9,8,0.20000000000000284,6.46,117,153,139,156,307,319,294,"1.486","-1.486",,,,5,3,0,0,0,0,1,20,1,20,"1.43","1.23","0.33","-0.3","92.5",183,33.33333333333333,0,0,5.98,1.99,-0.59,2.86,0.2,0,"-8.741176471",,,"8.741176471",,,,,22.2,,,,,,,
17,828494,"Achen, Cohen",46,37,1,0,1,1,0.89,,,2,2,90,5,2606,92.9,92.19,2,5,12,-0.7000000000000028,5.99,108,144,108,147,277,298,281,"-0.95","0.95",,,,2,2,2,0,0,0,0,0,0,0,"1.52","1.14","0.43","-0.31","95.1",97,50,0,0,5.41,-1.3,-0.07,3.09,1,0,"5.588235294",,,"-5.588235294",,,,,40,,,,,,,
17,694551,"Combs, Aaron",41,41.5,0,0,0,0,0.233,,,0,4,94.2,43.5,2345,93.4,92.28,3,9,8,-1.1000000000000085,5.86,107,150,115,144,286,313,278,"0.656","-0.656",,,,6,2,0,0,0,0,2,33.3,2,33.3,"1.27","1.36","0.81","0.17","90.1",246,50,0,0,5.39,-0.7,0.56,3,0.333,0,"-3.858823529",,,"3.858823529",,,,,33.3,,,,,,,
17,691765,"Baumeister, Jackson",43,39.5,0.5,0.75,0.333,1.25,0.734,,,2,4,93.9,24,2214,93.1,94.56,1,8,9,1.5,7.15,119,147,125,151,293,327,295,"-2.302","2.302",,,,4,4,1,0,0,1,0,0,0,0,"1.24","1.4","0.71","-0.24","95.7",144,25,25,25,5.47,-1.91,-0.18,3.08,0.5,1,"13.541176471",,,"-13.541176471",,,,,12.5,,,,,,,
17,605441,"Ríos, Yacksel",49,34.7,0.5,0.25,1,0.75,0.538,,,2,4,102.6,18,2101,97.3,97.55,4,8,9,0.29999999999999716,6.42,114,153,119,148,298,324,292,"-0.913","0.913",,,,4,2,1,1,0,0,2,50,0,0,"1.18","1.23","0.6","0.36","97.8",302,100,50,25,5.59,-1.67,-0.29,2.96,0.5,1,"5.370588235",,,"-5.370588235",,,,,50,,,,,,,
17,686588,"Abeyta, Blane",53,32.1,0,0,0,0,0.1,,,0,6,95.1,25.3,2059,92,92.95,2,8,9,1,6.84,106,149,130,150,296,322,284,"1.091","-1.091",,,,7,4,0,0,0,0,2,28.6,1,14.3,"1.57","1.12","0.54","0.08","96.9",101,50,0,0,5.52,-3.03,-0.44,2.63,0.143,0,"-6.417647059",,,"6.417647059",,,,,25,,,,,,,
16,800125,"Perez, Fernando",43,37.2,0.375,0.625,0.333,1,0.571,,,3,8,94.1,2.7,2252,90.3,90.16,1,9,7,-0.09999999999999432,6.22,112,148,123,145,281,326,294,"-2.098","2.098",,,,8,7,0,2,0,1,1,12.5,0,0,"1.51","1.29","0.67","0.04","95.8",197,57.14285714285714,0,0,5.91,-1.87,0.06,2.62,0.375,0,"13.1125",,,"-13.1125",,,,,11.1,,,,,,,
16,689225,"Brieske, Beau",36,44.4,0,0,0,0,0.116,,,0,5,85.9,45,2439,95.2,94.13,3,11,5,-1.1000000000000085,5.64,113,150,122,149,285,319,281,"1.124","-1.124",,,,6,3,0,0,0,0,2,33.3,1,16.7,"1.07","1.44","0.54","0.09","88.3",237,0,0,0,6.36,-1.1,-0.24,2.81,0.167,0,"-7.025",,,"7.025",,,,,27.3,,,,,,,
16,677020,"Walker, Josh",51,31.4,0,0,0,0,0.465,,,0,1,88.5,-21,2222,91.1,92.42,0,4,12,1.3000000000000114,7.02,108,147,118,146,289,314,288,"-1.011","1.011",,,,3,1,0,0,0,0,0,0,2,66.7,"1.34","1.41","0.11","-0.05","88.2",127,0,0,0,6.34,2.47,0.43,4.18,0.667,0,"6.31875",,,"-6.31875",,,,,0,,,,,,,
16,688214,"Jennings, Ryan",31,51.6,0,0,0,0,0.465,,,0,1,94.1,-4,2167,93.2,92.5,1,2,14,-0.7000000000000028,6.09,107,137,113,136,295,323,286,"-0.241","0.241",,,,3,1,0,0,0,0,0,0,2,66.7,"1.58","1.07","1.17","-0.11","91.0",19,0,0,0,5.43,-2.21,-0.36,2.57,0.667,0,"1.50625",,,"-1.50625",,,,,50,,,,,,,
16,691893,"Cabrera, Jean",73,21.9,0.333,0,0.333,0.333,0.297,,,1,3,91.9,49,2387,93.7,94.12,0,7,9,0.3999999999999915,6.47,106,149,120,149,291,312,275,"0.052","-0.052",,,,3,3,1,0,0,0,0,0,0,0,"1.36","1.23","0.89","0.11","90.4",181,33.33333333333333,0,0,5.62,-0.46,-0.07,3.04,0.333,0,"-0.325",,,"0.325",,,,,0,,,,,,,
16,691786,"Morales, Michael",51,31.4,0,0,0,0,0.285,,,0,3,89,11.3,1982,91.2,91.38,1,5,11,0.20000000000000284,6.34,116,149,114,151,299,324,306,"-0.031","0.031",,,,5,3,0,0,0,0,0,0,1,20,"1.58","1.16","0.47","-0.19","92.4",212,33.33333333333333,0,0,6.02,-0.45,-0.36,3.13,0.4,0,"0.19375",,,"-0.19375",,,,,20,,,,,,,
16,674175,"Roth, Houston",27,59.3,0.6,0.8,0.5,1.4,0.816,,,3,5,91.9,28.2,2225,90.4,90.68,0,5,11,0.29999999999999716,6.57,103,141,117,133,301,330,304,"-1.644","1.644",,,,6,5,1,1,0,1,0,0,1,16.7,"1.16","1.64","0.15","0.01","96.0",226,40,20,16.666666666666664,6.27,-0.58,-0.43,2.42,0.667,1,"10.275",,,"-10.275",,,,,0,,,,,,,
16,681916,"Smith, Dylan",33,48.5,0,0,0,0,0,,,0,5,80.9,56.7,2447,94.2,94.26,5,10,6,0.09999999999999432,6.43,110,147,119,150,280,324,294,"1.406","-1.406",,,,5,3,0,0,0,0,2,40,0,0,"1","1.58","0.61","-0.17","91.0",227,33.33333333333333,33.33333333333333,20,6.21,-1.62,-0.12,2.31,0,1,"-8.7875",,,"8.7875",,,,,50,,,,,,,
16,680891,"Neely, Jack",59,27.1,0,0,0,0,0.233,,,0,2,102.9,-33,2146,93.7,94.71,2,11,5,1.1000000000000085,6.82,111,147,116,152,285,328,301,"0.49","-0.49",,,,3,1,0,0,0,0,1,33.3,1,33.3,"1.22","1.37","0.52","-0.21","90.4",196,100,0,0,6.16,-1.5,-0.05,2.54,0.333,0,"-3.0625",,,"3.0625",,,,,18.2,,,,,,,
16,691172,"Zulueta, Yosver",123,13,0,0,0,0,0.14,,,0,4,93.8,-8.7,2099,96.3,96.16,3,9,7,-0.09999999999999432,6.23,112,147,112,149,300,322,297,"0.95","-0.95",,,,5,3,0,0,0,0,1,20,1,20,"1.58","0.88","1.18","-0.64","92.3",139,33.33333333333333,0,0,5.65,-1.53,0.27,2.99,0.2,0,"-5.9375",,,"5.9375",,,,,33.3,,,,,,,
16,669711,"Weissert, Greg",47,34,0,0,0,0,0,,,0,5,94.5,5.7,2236,93.8,92.81,3,8,8,-1,5.7,113,150,127,151,279,318,302,"1.058","-1.058",,,,5,3,0,0,0,0,2,40,0,0,"1.61","0.98","0.83","-0.2","91.9",235,66.66666666666666,33.33333333333333,20,5.41,-3.29,-0.33,3.09,0,1,"-6.6125",,,"6.6125",,,,,37.5,,,,,,,
16,679702,"Harper, Daniel",41,39,0.25,0,0.5,0.25,0.317,,,1,4,85.1,37,2376,94.2,92.82,2,8,8,-1.4000000000000057,5.66,100,150,116,151,289,323,297,"0.161","-0.161",,,,5,2,1,0,0,0,2,40,1,20,"1.3","1.29","0.88","-0.09","89.9",168,0,0,0,5.78,-1.92,-0.81,2.72,0.4,0,"-1.00625",,,"1.00625",,,,,25,,,,,,,
16,686934,"McFarlane, Alex",50,32,0.25,0,0.333,0.25,0.222,,,1,4,89,27.7,2517,97.4,97.47,2,9,7,0.09999999999999432,6.22,118,145,119,152,271,306,283,"0.56","-0.56",,,,4,3,1,0,0,0,1,25,0,0,"1.27","1.13","0.53","-0.44","91.7",170,66.66666666666666,0,0,5.43,-2.16,0.27,2.37,0.25,0,"-3.5",,,"3.5",,,,,22.2,,,,,,,
16,703360,"Nova, Jose",24,66.7,0,0,0,0,0.233,,,0,2,99.7,10,2123,94.5,94.1,2,8,8,-0.4000000000000057,6.07,104,142,114,150,295,312,303,"0.063","-0.063",,,,3,1,0,0,0,0,1,33.3,1,33.3,"1.25","1.3","0.44","0.13","90.7",216,100,0,0,5.95,-1.33,-0.53,3.07,0.333,0,"-0.39375",,,"0.39375",,,,,25,,,,,,,
16,663893,"Little, Brendon",100,16,0.25,0,0.5,0.25,0.222,,,1,4,64,-28,2249,96.9,96.62,2,8,8,-0.30000000000001137,6.01,106,147,120,145,286,322,286,"-0.396","0.396",,,,4,2,1,0,0,0,2,50,0,0,"1.3","1.12","0.57","-0.14","88.0",107,0,0,0,6.37,1.88,-0.54,2.47,0.25,0,"2.475",,,"-2.475",,,,,25,,,,,,,
16,664192,"Lucchesi, Joey",42,38.1,0.143,0,0.2,0.143,0.127,,,1,7,82.1,21.8,2192,92,91.84,1,8,8,-0.20000000000000284,6.22,106,151,121,149,313,343,301,"1.095","-1.095",,,,7,5,1,0,0,0,2,28.6,0,0,"1.55","1.15","0.66","-0.39","90.7",184,20,0,0,5.74,2.49,0.01,2.53,0.143,0,"-6.84375",,,"6.84375",,,,,12.5,,,,,,,
15,669721,"Daniel, Davis",67,22.4,0,0,0,0,0,,,0,3,89.8,37,2185,92.8,93.79,3,7,8,1,6.87,116,145,114,143,303,327,298,"1.186","-1.186",,,,3,1,0,0,0,0,2,66.7,0,0,"1.53","1.12","0.92","0.21","88.4",146,0,0,0,5.21,-1.58,-0.02,2.86,0,0,"-7.906666667",,,"7.906666667",,,,,42.9,,,,,,,
15,814527,"Copen, Patrick",40,37.5,0.667,0.333,0.667,1,0.717,,,2,3,84.2,28.7,2398,96.8,96.37,1,11,4,-0.3999999999999915,6.05,106,138,108,137,294,323,292,"-0.549","0.549",,,,3,3,1,1,0,0,0,0,0,0,"1.36","1.08","0.25","0.24","90.1",223,33.33333333333333,0,0,6.37,-1.93,0.67,2.75,0.667,0,"3.66",,,"-3.66",,,,,9.1,,,,,,,
15,687606,"Schultz, Paxton",54,27.8,0.125,0.125,0.167,0.25,0.158,,,1,8,95.8,13.5,2289,93.3,92.39,2,12,3,-0.8999999999999915,5.96,109,150,125,150,297,314,289,"1.235","-1.235",,,,8,6,0,1,0,0,2,25,0,0,"1.24","1.4","0.73","0.22","93.8",204,50,33.33333333333333,25,5.9,-2.4,0.16,2.68,0.125,2,"-8.233333333",,,"8.233333333",,,,,16.7,,,,,,,
15,687166,"Pope, Austin",68,22.1,0.333,1,0,1.333,0.687,,,1,3,89.5,22.3,2326,93.2,93.55,0,4,11,0.3999999999999915,6.57,120,149,127,151,298,328,292,"-1.194","1.194",,,,4,3,0,0,0,1,0,0,1,25,"1.23","1.4","0.23","-0.11","96.0",203,66.66666666666666,33.33333333333333,25,6.09,-1.15,0.02,2.7,0.5,1,"7.96",,,"-7.96",,,,,0,,,,,,,
15,657611,"Hill, Cam",41,36.6,0,0,0,0,0,,,0,2,87.2,29.5,2392,92.2,92.03,2,8,7,-0.20000000000000284,6.32,110,148,119,148,286,305,286,"0.714","-0.714",,,,2,2,0,0,0,0,0,0,0,0,"1.25","1.45","0.11","-0.08","90.7",198,50,50,50,6.25,-1.48,0.35,3.48,0,1,"-4.76",,,"4.76",,,,,25,,,,,,,
15,802419,"Harrington, Thomas",74,20.3,0.25,0.5,0.333,0.75,0.399,,,1,4,96,30.7,2289,92.8,92.94,1,6,9,0.10000000000000853,6.56,117,147,129,151,277,333,302,"-0.381","0.381",,,,4,3,0,0,1,0,1,25,0,0,"1.32","1.34","0.84","-0.84","93.8",174,66.66666666666666,33.33333333333333,25,5.55,-1.55,-0.36,2.61,0.25,1,"2.54",,,"-2.54",,,,,16.7,,,,,,,
15,688328,"Adler, Eric",27,55.6,,,,,0.698,,,0,0,,,2290,95.5,94.49,1,1,14,-1,5.72,106,144,112,144,297,328,293,"-0.677","0.677",,,,1,0,0,0,0,0,0,0,1,100,"1.53","0.97","0.35","0.28",,,,,,5.89,-2.19,0.01,2.51,1,,"4.513333333",,,"-4.513333333",,,,,100,,,,,,,
15,656546,"Hoffman, Jeff",31,48.4,0,0,0,0,0,,,0,6,84.7,30,2485,96.4,96.79,4,8,7,0.3999999999999915,6.55,121,150,119,150,291,323,293,"1.35","-1.35",,,,6,4,0,0,0,0,2,33.3,0,0,"1.11","1.36","0.97","-0.49","90.8",178,25,0,0,5.74,-2.72,-0.11,2.85,0,0,"-9",,,"9",,,,,50,,,,,,,
15,669062,"Miller, Erik",47,31.9,0.2,0,0.2,0.2,0.178,,,1,5,98.8,7.8,2252,96.8,97.13,2,8,7,0.29999999999999716,6.62,105,149,122,151,306,331,296,"0.362","-0.362",,,,5,5,1,0,0,0,0,0,0,0,"1.25","1.2","0.8","-0.07","97.0",198,80,20,20,6.56,1.37,-0.5,3.02,0.2,1,"-2.413333333",,,"2.413333333",,,,,25,,,,,,,
15,682077,"Mosser, Gabe",173,8.7,0.4,0.2,0.5,0.6,0.475,,,2,5,78.1,17.3,2389,90.2,90.59,1,6,9,0.3999999999999915,6.53,116,145,119,149,283,316,288,"-0.829","0.829",,,,6,4,1,1,0,0,1,16.7,1,16.7,"1.53","1.28","0.57","-0.33","90.0",162,0,0,0,5.9,-2.56,-0.08,3.27,0.5,0,"5.526666667",,,"-5.526666667",,,,,16.7,,,,,,,
15,678738,"Sanchez, Juan",114,13.2,0,0,,0,0.349,,,0,1,,,2235,94,92.94,1,3,12,-1.0999999999999943,5.69,104,146,115,145,309,337,299,"-0.508","0.508",,,,2,0,0,0,0,0,1,50,1,50,"1.49","1.1","0.83","-0.74","88.0",236,,,,5.81,1.7,0.17,3.17,0.5,,"3.386666667",,,"-3.386666667",,,,,33.3,,,,,,,
15,695761,"Huggins, Kenya",33,45.5,0,0,0,0,0,,,0,4,93.2,-6.3,2068,95.3,97.15,0,6,9,1.9000000000000057,7.17,104,148,120,150,296,318,294,"1.148","-1.148",,,,4,3,0,0,0,0,1,25,0,0,"1.29","1.2","0.42","-0.08","93.0",200,66.66666666666666,33.33333333333333,25,6.43,-1.6,-0.23,2.56,0,1,"-7.653333333",,,"7.653333333",,,,,0,,,,,,,
15,805661,"Farone, Greg",21,71.4,0.2,0.2,0.25,0.4,0.252,,,1,5,88.3,15.8,2316,92.7,92.87,2,7,8,0.20000000000000284,6.43,116,151,116,153,307,334,296,"0.379","-0.379",,,,5,4,0,1,0,0,1,20,0,0,"1.53","1.13","-0.01","-0.02","91.4",183,25,0,0,6.44,0.74,-0.38,2.47,0.2,0,"-2.526666667",,,"2.526666667",,,,,28.6,,,,,,,
15,641755,"Kinley, Tyler",82,18.3,0.5,0.5,0.4,1,0.646,,,3,6,86.3,32,2313,94,92.99,0,8,7,-1,5.51,114,150,122,149,300,321,295,"-1.56","1.56",,,,7,6,2,0,0,1,0,0,1,14.3,"1.21","1.36","0.25","0.04","92.0",199,33.33333333333333,0,0,6.6,-0.68,0.1,2.99,0.571,0,"10.4",,,"-10.4",,,,,0,,,,,,,
15,813865,"Leach, Hudson",44,34.1,0.333,0,0.5,0.333,0.297,,,1,3,93,37,2405,96,95.95,2,8,7,-0.09999999999999432,6.22,96,144,120,150,293,324,296,"-0.428","0.428",,,,3,2,1,0,0,0,1,33.3,0,0,"1.26","1.22","0.57","-0.26","90.2",280,0,0,0,5.7,-1.88,0.39,2.31,0.333,0,"2.853333333",,,"-2.853333333",,,,,25,,,,,,,
15,687075,"Sproat, Brandon",209,7.2,0.5,0,1,0.5,0.445,,,2,4,86.2,9,2000,97.5,97.79,2,6,9,0.29999999999999716,6.33,112,149,119,149,291,311,296,"-0.938","0.938",,,,4,2,2,0,0,0,2,50,0,0,"1.34","1.05","0.55","-0.03","91.1",115,50,0,0,5.56,-2.04,0.3,2.76,0.5,0,"6.253333333",,,"-6.253333333",,,,,33.3,,,,,,,
15,694978,"Vespi, Ben",33,45.5,0.25,0,0.333,0.25,0.317,,,1,4,89.8,3.7,2203,93.9,93.97,1,6,9,0.09999999999999432,6.58,101,141,116,139,293,310,281,"-0.283","0.283",,,,5,3,1,0,0,0,1,20,1,20,"1.1","1.51","0.39","0.2","89.3",168,0,0,0,5.86,-1.86,0.36,2.51,0.4,0,"1.886666667",,,"-1.886666667",,,,,16.7,,,,,,,
15,676026,"Powell, Holden",48,31.3,0.5,1.5,0,2,0.915,,,1,2,99.3,36,2228,94,93.08,1,4,11,-0.9000000000000057,5.63,109,145,116,150,292,314,288,"-1.798","1.798",,,,3,2,0,0,0,1,0,0,1,33.3,"1.48","1.1","0.86","-0.86","95.5",285,50,50,33.33333333333333,5.42,-1.99,-0.46,2.42,0.667,1,"11.986666667",,,"-11.986666667",,,,,25,,,,,,,
15,691795,"Selvidge, Brock",40,37.5,0,0,0,0,0,,,0,4,89.1,-22,2638,95.4,95.19,3,7,8,-0.20000000000000284,6.07,118,147,118,151,290,307,270,"0.135","-0.135",,,,4,1,0,0,0,0,3,75,0,0,"1.12","1.37","0.09","0","88.3",145,0,0,0,6.07,0.53,-0.48,2.5,0,0,"-0.9",,,"0.9",,,,,42.9,,,,,,,
15,821970,"Martinez, Xavier",37,40.5,0,0,0,0,0.174,,,0,2,99.3,38.3,1982,90.2,90.26,1,6,9,0.09999999999999432,6.23,106,147,120,147,307,317,291,"0.762","-0.762",,,,4,3,0,0,0,0,0,0,1,25,"1.77","1.02","0.82","0.34","94.8",267,66.66666666666666,0,0,5.23,-1.19,-0.47,2.75,0.25,0,"-5.08",,,"5.08",,,,,16.7,,,,,,,
15,703440,"Howard, Dylan",31,48.4,0,0,0,0,0.174,,,0,3,94,-10,2175,93.8,93.07,1,4,11,-0.7000000000000028,6.21,97,147,119,150,301,315,287,"0.582","-0.582",,,,4,1,0,0,0,0,2,50,1,25,"1.25","1.37","1","-0.17","90.0",139,0,0,0,5.96,-1.62,0.49,2.61,0.25,0,"-3.88",,,"3.88",,,,,25,,,,,,,
15,676702,"Stratton, Hunter",51,29.4,0,0,0,0,0.364,,,0,1,85.1,-47,2498,95,95.19,1,4,11,0.20000000000000284,6.43,116,147,127,151,313,327,302,"-0.384","0.384",,,,2,1,0,0,0,0,0,0,0,0,"1.23","1.3","0.32","-0.2","91.2",178,0,0,0,6.1,-2.43,0,2.8,0.5,0,"2.56",,,"-2.56",,,,,25,,,,,,,
15,672335,"Pérez, Cionel",80,18.8,0,0,0,0,0,,,0,5,93.3,15.5,2101,95.5,94.85,1,8,7,-0.5999999999999943,5.78,109,151,118,149,298,323,292,"1.606","-1.606",,,,5,4,0,0,0,0,1,20,0,0,"1.41","1.08","0.55","-0.4","92.2",120,25,0,0,5.53,1.4,0.11,2.79,0,0,"-10.706666667",,,"10.706666667",,,,,12.5,,,,,,,
15,669145,"Zimmermann, Bruce",77,19.5,0.8,0.4,0.8,1.2,0.86,,,4,5,95.6,20.8,2483,90.6,90.27,0,10,5,-0.29999999999999716,5.97,106,151,119,148,293,309,277,"-1.845","1.845",,,,5,5,2,2,0,0,0,0,0,0,"1.64","1.13","0.53","-0.53","96.9",218,60,20,20,6.06,1.06,-0.17,2.48,0.8,1,"12.3",,,"-12.3",,,,,0,,,,,,,
15,682645,"Rosario, Jerming",73,20.5,0.5,0,0.5,0.5,0.445,,,1,2,66.5,10,2396,95.3,95.41,1,7,8,0.10000000000000853,6.35,119,150,119,148,297,324,296,"-0.575","0.575",,,,2,2,1,0,0,0,0,0,0,0,"1.32","1.19","0.32","-0.08","89.4",191,0,0,0,5.79,-2.81,0.34,2.48,0.5,0,"3.833333333",,,"-3.833333333",,,,,14.3,,,,,,,
15,804249,"Kuehner, Tate",48,31.3,0.2,0,0.5,0.2,0.178,,,1,5,101.4,19,2277,95.2,95.12,2,6,9,-0.10000000000000853,6.05,104,149,129,148,302,310,296,"0.479","-0.479",,,,5,2,1,0,0,0,3,60,0,0,"1.39","1.11","0.84","-0.03","94.7",215,100,0,0,5.27,1.55,-0.25,3.01,0.2,0,"-3.193333333",,,"3.193333333",,,,,33.3,,,,,,,
15,687856,"Bash, Andrew",46,32.6,0.5,0.5,0.5,1,0.63,,,1,2,77.6,-0.5,2333,94.8,94.49,4,10,5,-0.29999999999999716,6.3,112,144,111,146,291,329,299,"-0.006","0.006",,,,2,2,0,1,0,0,0,0,0,0,"1.14","1.42","0.4","-0.33","90.3",155,0,0,0,5.66,-2.18,0.05,2.97,0.5,0,"0.04",,,"-0.04",,,,,40,,,,,,,
15,801317,"Makarewich, Alex",18,83.3,0,0,0,0,0.523,,,0,1,64.7,-2,2276,98.3,98.49,0,2,13,0.20000000000000284,6.59,117,147,111,147,288,325,294,"-1.543","1.543",,,,4,1,0,0,0,0,0,0,3,75,"1.01","1.37","0.65","-0.12","91.1",17,0,0,0,5.48,-2.19,0.14,2.75,0.75,0,"10.286666667",,,"-10.286666667",,,,,0,,,,,,,
15,657571,"Ferguson, Caleb",44,34.1,0.5,0,0.667,0.5,0.529,,,2,4,72,9.3,2203,92.2,92.53,1,5,10,0.29999999999999716,6.37,110,142,110,146,296,311,292,"-0.744","0.744",,,,6,3,2,0,0,0,1,16.7,2,33.3,"1.6","1.08","0.09","0.02","88.0",125,0,0,0,5.86,2.34,-0.41,3.24,0.667,0,"4.96",,,"-4.96",,,,,20,,,,,,,
15,663765,"Woodford, Jake",115,13,0,0,0,0,0,,,0,2,80.8,47,2160,94.2,94.43,4,10,5,0.20000000000000284,6.45,117,147,130,153,295,334,296,"0.714","-0.714",,,,2,2,0,0,0,0,0,0,0,0,"1.49","1.08","0.68","-0.57","90.4",143,50,0,0,5.07,-2.09,-0.22,2.81,0,0,"-4.76",,,"4.76",,,,,40,,,,,,,
15,676428,"Hurter, Brant",103,14.6,0.286,0,0.4,0.286,0.254,,,2,7,96.5,22,2091,91.4,91.21,2,9,6,-0.20000000000000284,6.08,101,152,121,146,296,328,288,"0.048","-0.048",,,,7,5,2,0,0,0,2,28.6,0,0,"1.89","0.82","0.35","-0.35","94.6",150,60,0,0,6.09,3.51,0.63,3.06,0.286,0,"-0.32",,,"0.32",,,,,22.2,,,,,,,
15,807792,"Gongora, Sebastian",45,33.3,0,0,0,0,0.349,,,0,1,78.6,-24,2139,95.7,95.67,1,3,12,0,6.39,103,147,117,145,292,304,283,"-0.149","0.149",,,,2,1,0,0,0,0,0,0,1,50,"1.17","1.33","0.59","-0.22","88.0",108,0,0,0,5.97,2,-0.08,2.69,0.5,0,"0.993333333",,,"-0.993333333",,,,,33.3,,,,,,,
15,696508,"Baker, Alec",33,45.5,0.5,0.25,0.5,0.75,0.576,,,2,4,101.9,18.8,2274,93.1,93.97,1,8,7,0.9000000000000057,6.79,111,151,119,151,294,327,293,"-0.802","0.802",,,,5,4,1,1,0,0,0,0,0,0,"1.4","1.23","0.49","-0.06","96.0",197,100,25,20,5.61,-2.57,-0.07,2.62,0.6,1,"5.346666667",,,"-5.346666667",,,,,12.5,,,,,,,
15,615698,"Quantrill, Cal",91,16.5,0.5,0.167,0.6,0.667,0.507,,,3,6,96.9,1.8,2044,93.6,93.7,1,8,7,0.10000000000000853,6.37,116,150,117,150,303,323,307,"-1.023","1.023",,,,6,5,2,1,0,0,1,16.7,0,0,"1.23","1.38","0.78","-0.05","97.6",181,80,20,16.666666666666664,6.31,-1.07,-0.11,2.88,0.5,1,"6.82",,,"-6.82",,,,,12.5,,,,,,,
15,665871,"Assad, Javier",116,12.9,0.4,0,1,0.4,0.356,,,2,5,87.2,12,2183,93.9,94.1,3,8,7,0.19999999999998863,6.39,106,147,113,146,305,321,301,"0.176","-0.176",,,,5,2,2,0,0,0,3,60,0,0,"1.25","1.33","0.48","-0.04","90.6",170,50,0,0,5.88,-1.74,0.39,2.66,0.4,0,"-1.173333333",,,"1.173333333",,,,,37.5,,,,,,,
15,802087,"Arias, Frankeli",35,42.9,0.667,1,0.5,1.667,0.909,,,2,3,97.3,23,2334,92.2,91.85,2,8,7,-0.4000000000000057,6.26,110,139,111,140,287,316,288,"-1.264","1.264",,,,4,3,1,0,0,1,0,0,1,25,"1.18","1.52","0.65","-0.21","92.6",203,66.66666666666666,0,0,6,1.18,-0.52,2.57,0.75,0,"8.426666667",,,"-8.426666667",,,,,25,,,,,,,
15,686951,"Nielson, Cy",30,50,0,0,0,0,0.14,,,0,4,88.7,47.5,2533,90.7,90.45,1,6,9,-0.20000000000000284,5.92,112,152,125,148,280,314,296,"1.034","-1.034",,,,5,4,0,0,0,0,0,0,1,20,"1.42","1.33","0.06","0.12","89.2",127,0,0,0,5.93,2.99,-0.08,2.66,0.2,0,"-6.893333333",,,"6.893333333",,,,,16.7,,,,,,,
15,670766,"McCaughan, Darren",82,18.3,0,0,0,0,0.349,,,0,2,105,36,2284,88.3,88.71,1,4,11,0.4000000000000057,6.25,118,145,120,149,295,325,303,"-0.234","0.234",,,,4,1,0,0,0,0,1,25,2,50,"1.91","0.99","0.13","-0.07","93.7",215,100,100,25,5.44,-1.88,-0.66,3.06,0.5,1,"1.56",,,"-1.56",,,,,25,,,,,,,
15,701856,"Halligan, Patrick",38,39.5,1,1,1,2,1.261,,,2,2,102.9,9,1953,94,93.57,0,8,7,-0.4000000000000057,5.96,121,149,124,148,281,307,304,"-1.553","1.553",,,,2,2,0,2,0,0,0,0,0,0,"1.13","1.44","0.39","-0.32","92.7",189,100,0,0,7.06,-1.07,0.74,2.97,1,0,"10.353333333",,,"-10.353333333",,,,,0,,,,,,,
14,809840,"Ashman, Micah",24,58.3,0.8,0.2,0.8,1,0.786,,,4,5,93.6,12.4,2064,92,91.03,2,8,6,-1,6.16,,,,,,,,"-0.994","0.994",,,,5,5,3,1,0,0,0,0,0,0,"1.28","1.46","0.61","0.1","94.2",180,60,0,0,6.17,1.77,0.03,2.19,0.8,0,"7.1",,,"-7.1",,,,,25,,,,,,,
14,808986,"Hebbert, Duque",22,63.6,0.333,0,0.333,0.333,0.297,,,1,3,88.8,56.7,2129,89.9,88.15,3,8,6,-1.8000000000000114,5.49,106,140,115,141,292,332,297,"-0.552","0.552",,,,3,3,1,0,0,0,0,0,0,0,"1.58","1.27","0.92","0.92","90.1",207,33.33333333333333,0,0,5.64,-2.12,-0.03,3.04,0.333,0,"3.942857143",,,"-3.942857143",,,,,37.5,,,,,,,
14,686651,"Stoudt, Levi",23,60.9,0,0,0,0,0,,,0,4,93.4,24.3,2129,95.6,95.81,4,9,5,0.20000000000000284,6.56,100,150,118,142,295,311,283,"1.415","-1.415",,,,4,3,0,0,0,0,1,25,0,0,"1.07","1.44","0.55","0.25","91.6",163,33.33333333333333,0,0,6.03,-0.48,0.43,2.32,0,0,"-10.107142857",,,"10.107142857",,,,,44.4,,,,,,,
14,687280,"Gilbert, Geoffrey",44,31.8,0.4,0.2,0.4,0.6,0.43,,,2,5,80.3,14.6,2051,90.6,90.75,1,10,4,0.20000000000000284,6.39,104,151,121,145,295,317,276,"0.125","-0.125",,,,5,5,1,1,0,0,0,0,0,0,"1.32","1.45","0.67","0.32","93.6",188,20,20,20,5.62,0.81,-0.66,2.59,0.4,1,"-0.892857143",,,"0.892857143",,,,,10,,,,,,,
14,801700,"DeVos, Nolan",42,33.3,0,0,0,0,0,,,0,2,65.9,-49,2555,92.8,93.02,1,5,9,0.20000000000000284,6.41,109,151,120,149,295,318,298,"0.619","-0.619",,,,2,2,0,0,0,0,0,0,0,0,"1.1","1.55","-0.02","0","88.0",114,0,0,0,5.73,-1.12,-0.04,2.59,0,0,"-4.421428571",,,"4.421428571",,,,,20,,,,,,,
14,809459,"Austin, Morris",23,60.9,0.5,0.5,0.5,1,0.664,,,1,2,86.3,-22.5,1978,94.9,95.44,0,4,10,0.5,6.49,105,140,115,143,290,317,286,"-1.051","1.051",,,,4,2,0,1,0,0,0,0,2,50,"1.32","1.2","0.39","0.11","93.4",184,50,50,25,5.72,-1.2,0.72,2.73,0.75,1,"7.507142857",,,"-7.507142857",,,,,0,,,,,,,
14,665665,"Sanmartin, Reiver",34,41.2,0,0,0,0,0,,,0,2,50.5,-75,2296,93.1,92.9,1,5,9,-0.19999999999998863,6.21,109,153,123,150,306,328,295,"0.342","-0.342",,,,2,1,0,0,0,0,1,50,0,0,"1.73","0.91","1.06","-1.06","88.0",147,0,0,0,5.47,2.9,-0.25,2.89,0,0,"-2.442857143",,,"2.442857143",,,,,20,,,,,,,
14,699944,"Caple, Brooks",40,35,0.25,0.5,0.25,0.75,0.399,,,1,4,86.1,16,2360,94.8,95.69,0,7,7,0.9000000000000057,6.68,107,151,116,151,296,323,298,"-0.173","0.173",,,,4,4,0,0,1,0,0,0,0,0,"1.18","1.35","0.39","0.05","90.9",173,25,0,0,6,-1.7,-0.12,2.92,0.25,0,"1.235714286",,,"-1.235714286",,,,,0,,,,,,,
14,701370,"Ortiz, JeanPierre",24,58.3,0,0,,0,0.349,,,0,1,,,1968,94.9,96.25,0,4,10,1.3999999999999915,7.04,101,146,124,147,294,312,291,"0.087","-0.087",,,,2,0,0,0,0,0,1,50,1,50,"1.35","1.18","0.38","-0.06","98.8",138,,,,5.57,-1.31,0.68,2.42,0.5,,"-0.621428571",,,"0.621428571",,,,,0,,,,,,,
14,695347,"Gregory, Hunter",25,56,0.5,0,1,0.5,0.539,,,1,2,109,8,2349,93.1,92.11,1,7,7,-1,5.94,100,147,115,143,299,330,279,"-0.505","0.505",,,,3,1,1,0,0,0,1,33.3,0,0,"1.15","1.51","0.51","0.51","93.4",190,100,0,0,5.75,-1.61,0.11,2.87,0.667,0,"3.607142857",,,"-3.607142857",,,,,14.3,,,,,,,
14,657514,"Bernardino, Brennan",105,13.3,0.25,0.75,0,1,0.549,,,1,4,95.5,9,2196,90.8,89.83,3,6,8,-1,5.61,109,142,115,139,301,322,296,"-0.326","0.326",,,,5,2,0,0,0,1,2,40,1,20,"1.9","0.85","0.96","-0.59","93.0",205,50,50,20,5.2,2.88,0.11,3.23,0.4,1,"2.328571429",,,"-2.328571429",,,,,50,,,,,,,
14,808833,"Afthim, Brady",23,60.9,0.25,0.75,0,1,0.512,,,1,4,96.7,31.3,2300,94,93.58,0,10,4,-0.4000000000000057,5.86,116,147,120,153,272,315,311,"-0.311","0.311",,,,4,4,0,0,0,1,0,0,0,0,"1.32","1.24","0.63","-0.63","91.9",187,25,25,25,5.67,-2.42,-0.27,2.47,0.25,1,"2.221428571",,,"-2.221428571",,,,,0,,,,,,,
14,813266,"White, Mitch",21,66.7,0.333,1,0,1.333,0.687,,,1,3,88.7,9.7,2216,96.1,95.5,0,5,9,-0.5999999999999943,6.15,122,148,112,154,305,346,311,"-2.497","2.497",,,,4,3,0,0,0,1,0,0,1,25,"1.31","1.17","0.67","-0.67","91.8",203,33.33333333333333,33.33333333333333,25,6.12,-1.55,-0.57,2.02,0.5,1,"17.835714286",,,"-17.835714286",,,,,0,,,,,,,
14,689608,"Powell, Walker",24,58.3,0.333,0.333,0.5,0.667,0.49,,,1,3,99.7,14,2221,91.9,92.14,2,6,8,0.19999999999998863,6.32,100,145,113,148,288,313,301,"-0.564","0.564",,,,4,2,0,1,0,0,1,25,1,25,"1.74","0.95","0.33","-0.23","98.4",110,50,0,0,6.18,-2.26,-0.06,2.67,0.5,0,"4.028571429",,,"-4.028571429",,,,,33.3,,,,,,,
14,690667,"Dombroski, Trey",31,45.2,0.75,1.5,0.5,2.25,1.247,,,3,4,97.8,37,2268,90.1,90.28,0,9,5,0.20000000000000284,6.21,105,148,121,149,287,321,272,"-3.288","3.288",,,,4,4,1,0,0,2,0,0,0,0,"1.38","1.42","0.35","-0.22","93.6",172,75,50,50,6.46,0.89,-0.18,3.02,0.75,2,"23.485714286",,,"-23.485714286",,,,,0,,,,,,,
14,686747,"La Sorsa, Joe",74,18.9,0,0,0,0,0,,,0,3,83.2,32,2158,92.8,92.62,1,10,4,-0.20000000000000284,6.45,99,141,111,140,286,316,287,"0.736","-0.736",,,,3,2,0,0,0,0,1,33.3,0,0,"1.54","1.13","1.06","-0.91","89.2",207,50,0,0,5.47,3.04,0.42,3.23,0,0,"-5.257142857",,,"5.257142857",,,,,10,,,,,,,
14,695445,"Lee, Chase",81,17.3,0,0,0,0,0,,,0,6,76.4,15.3,2497,90.5,90.06,3,9,5,-0.4000000000000057,5.94,107,147,124,148,287,328,292,"1.411","-1.411",,,,6,3,0,0,0,0,3,50,0,0,"2.36","0.41","0.52","-0.15","89.8",184,33.33333333333333,0,0,4.03,-2.76,-0.04,2.86,0,0,"-10.078571429",,,"10.078571429",,,,,33.3,,,,,,,
14,824620,"Hardin, Tyson",37,37.8,0.167,0,0.2,0.167,0.148,,,1,6,96.1,3.6,2392,95.2,95.8,0,6,8,0.5999999999999943,6.45,115,148,121,152,297,312,292,"0.732","-0.732",,,,6,5,1,0,0,0,1,16.7,0,0,"1.5","1","0.8","-0.07","94.8",125,60,0,0,5.03,-1.72,0.19,2.47,0.167,0,"-5.228571429",,,"5.228571429",,,,,0,,,,,,,
14,690967,"Carlson, Max",59,23.7,0.5,0,0.5,0.5,0.571,,,1,2,95.9,9,2094,91.4,92.32,0,5,9,0.8999999999999915,6.92,108,148,122,147,276,314,296,"-0.337","0.337",,,,4,2,1,0,0,0,0,0,2,50,"1.4","1.33","0.8","-0.02","91.1",175,50,0,0,5.81,-1.81,-0.51,3.23,0.75,0,"2.407142857",,,"-2.407142857",,,,,0,,,,,,,
14,687424,"Maldonado, Anthony",76,18.4,0.25,0,0.2,0.25,0.265,,,1,4,88.4,17.8,2291,91.7,90.1,2,11,3,-1.6000000000000085,5.58,118,142,125,146,294,322,296,"0.388","-0.388",,,,6,5,1,0,0,0,0,0,1,16.7,"1.5","1.23","1.34","-0.83","89.7",145,20,0,0,6.06,-1.88,-0.25,2.73,0.333,0,"-2.771428571",,,"2.771428571",,,,,18.2,,,,,,,
14,682982,"Espino, Daniel",25,56,0,0,0,0,0,,,0,4,97.8,13,2430,96.5,97.01,2,7,7,0.5,6.64,121,149,116,150,295,317,299,"1.139","-1.139",,,,4,2,0,0,0,0,2,50,0,0,"1.09","1.37","0.74","0.04","97.3",189,50,0,0,5.89,-1.78,0.19,2.4,0,0,"-8.135714286",,,"8.135714286",,,,,28.6,,,,,,,
14,669920,"Alexander, Jason",108,13,0,0,0,0,0,,,0,2,105.9,-6,2217,90.2,90.29,1,9,5,0.09999999999999432,6.41,109,148,123,150,301,317,286,"0.464","-0.464",,,,2,1,0,0,0,0,1,50,0,0,"1.78","1.03","1.03","-0.49","90.6",150,100,0,0,5.73,-1.49,0.38,3.24,0,0,"-3.314285714",,,"3.314285714",,,,,11.1,,,,,,,
14,669449,"Palisch, Jake",42,33.3,0,0,0,0,0,,,0,3,100.6,-0.3,2079,90.2,89.31,0,8,6,-0.9000000000000057,5.74,96,148,119,146,296,323,293,"1.138","-1.138",,,,3,3,0,0,0,0,0,0,0,0,"1.84","0.96","0.62","-0.55","93.4",124,66.66666666666666,0,0,6.2,2.84,-0.26,2.66,0,0,"-8.128571429",,,"8.128571429",,,,,0,,,,,,,
14,686599,"Brnovich, Kyle",24,58.3,0.25,0.75,0,1,0.512,,,1,4,88.2,41,2411,93.1,93.41,2,8,6,0.30000000000001137,6.82,110,149,124,146,284,302,285,"-1.758","1.758",,,,4,4,0,0,0,1,0,0,0,0,"1.09","1.58","0.83","0.12","91.2",173,25,25,25,6.16,-2.26,-0.01,1.91,0.25,1,"12.557142857",,,"-12.557142857",,,,,25,,,,,,,
13,828594,"Watson, Michael",45,28.9,0,0,,0,0.465,,,0,1,,,2095,92,92.73,2,2,11,0.7000000000000028,6.76,108,149,116,148,282,313,276,"0.137","-0.137",,,,3,0,0,0,0,0,1,33.3,2,66.7,"1.45","1.24","0.57","-0.43",,,,,,4.96,2.2,0.84,3.18,0.667,,"-1.053846154",,,"1.053846154",,,,,100,,,,,,,
13,692369,"Davila, José",33,39.4,0.667,1.333,1,2,1.002,,,2,3,101.3,27,2189,94.2,94.42,0,4,9,0.20000000000000284,6.58,109,148,112,150,284,306,278,"-2.47","2.47",,,,4,2,0,1,0,1,1,25,1,25,"1.51","1.07","1.09","0.3","94.6",241,100,100,50,6.47,-1.24,-0.08,2.33,0.75,2,"19",,,"-19",,,,,0,,,,,,,
13,702297,"Skipper, Carson",19,68.4,0.25,0.25,0.333,0.5,0.315,,,1,4,101.3,31.7,1795,88.4,88.82,2,7,6,0.3999999999999915,6.47,108,150,121,149,299,310,303,"0.137","-0.137",,,,4,3,0,1,0,0,1,25,0,0,"1.41","1.5","0.01","-0.03","99.9",242,66.66666666666666,66.66666666666666,50,6.92,-0.19,-0.42,2.66,0.25,2,"-1.053846154",,,"1.053846154",,,,,28.6,,,,,,,
13,700842,"Rivera, Eduardo",17,76.5,0.333,0,0.333,0.333,0.297,,,1,3,88.3,22.3,2175,94.2,94.95,2,7,6,0.7999999999999972,6.65,105,151,124,151,291,320,293,"0.402","-0.402",,,,3,3,1,0,0,0,0,0,0,0,"1.2","1.36","0.23","0","91.8",174,66.66666666666666,0,0,6.5,1.46,0.09,2.78,0.333,0,"-3.092307692",,,"3.092307692",,,,,28.6,,,,,,,
13,807968,"Matoma, David",36,36.1,0,0,,0,0.419,,,0,2,,,1990,95.8,94.52,3,4,9,-1.2999999999999972,5.74,115,149,114,148,286,315,284,"-0.053","0.053",,,,5,0,0,0,0,0,2,40,3,60,"1.42","1.09","0.55","0.06","88.0",172,,,,5.73,-1.74,0.57,3.26,0.6,,"0.407692308",,,"-0.407692308",,,,,75,,,,,,,
13,694297,"Pfaadt, Brandon",118,11,0.167,0.167,0.167,0.333,0.21,,,1,6,93.6,20.7,2435,92.9,93.33,0,7,6,0.3999999999999915,6.52,112,148,122,150,306,327,300,"0.259","-0.259",,,,6,6,0,1,0,0,0,0,0,0,"1.4","1.24","0.55","-0.03","96.7",138,50,16.666666666666664,16.666666666666664,5.68,-2.4,-0.08,2.91,0.167,1,"-1.992307692",,,"1.992307692",,,,,0,,,,,,,
13,674265,"Abel, Kevin",29,44.8,0,0,0,0,0.349,,,0,1,90.4,37,2340,94.4,94.77,0,5,8,0.3999999999999915,6.45,107,145,120,145,303,318,279,"0.023","-0.023",,,,2,1,0,0,0,0,0,0,1,50,"1.11","1.44","0.65","0.19","88.5",242,0,0,0,5.96,-1.46,0.13,2.96,0.5,0,"-0.176923077",,,"0.176923077",,,,,0,,,,,,,
13,666129,"Garrett, Braxton",60,21.7,0,0,0,0,0.174,,,0,3,74.2,9,2363,92.5,93.58,1,5,8,1.0999999999999943,6.69,107,149,124,147,289,319,283,"0.747","-0.747",,,,4,3,0,0,0,0,0,0,1,25,"1.48","1.16","0.26","-0.19","88.0",131,0,0,0,5.81,2.39,-0.44,2.14,0.25,0,"-5.746153846",,,"5.746153846",,,,,20,,,,,,,
13,682445,"Gonzalez, Domingo",60,21.7,0.2,0,0.25,0.2,0.178,,,1,5,96.1,11,2250,94.3,93.82,1,7,6,-0.5,6,118,146,122,150,295,323,299,"-0.364","0.364",,,,5,4,1,0,0,0,1,20,0,0,"1.68","0.89","1.09","-0.61","94.4",208,50,0,0,4.73,-1.98,0.51,2.75,0.2,0,"2.8",,,"-2.8",,,,,14.3,,,,,,,
13,679922,"Duran, Carlos",51,25.5,0.25,0,1,0.25,0.381,,,1,4,111,7,2228,96.3,96.47,0,2,11,0.20000000000000284,6.39,111,149,114,145,293,320,300,"-0.542","0.542",,,,6,1,1,0,0,0,3,50,2,33.3,"1.5","0.96","0.91","0.23","99.5",187,100,0,0,5.76,-2.11,0.11,1.72,0.5,0,"4.169230769",,,"-4.169230769",,,,,0,,,,,,,
13,592454,"Kahnle, Tommy",40,32.5,0.333,1,0,1.333,0.683,,,1,3,99.4,27,2227,94.1,94.55,2,6,7,0.5,6.53,118,148,121,151,290,327,297,"-0.928","0.928",,,,3,2,0,0,0,1,1,33.3,0,0,"1.17","1.4","0.57","-0.29","93.7",296,100,50,33.33333333333333,5.91,-1.65,-0.03,2.96,0.333,1,"7.138461538",,,"-7.138461538",,,,,33.3,,,,,,,
13,518585,"Cruz, Fernando",59,22,0.25,0.25,0.333,0.5,0.392,,,1,4,95.9,22,2202,92.9,93.6,0,6,7,0.6999999999999886,6.85,115,148,125,150,291,310,282,"-0.179","0.179",,,,5,3,0,1,0,0,1,20,1,20,"1.21","1.45","0.38","0.05","94.1",285,66.66666666666666,33.33333333333333,20,5.88,-2.29,0.21,2.25,0.4,1,"1.376923077",,,"-1.376923077",,,,,0,,,,,,,
13,676050,"Naughton, Packy",81,16,0,0,0,0,0,,,0,3,74,26,2006,92.8,92.53,3,6,7,-0.29999999999999716,6.21,109,150,117,149,290,320,289,"0.543","-0.543",,,,3,1,0,0,0,0,2,66.7,0,0,"1.29","1.36","0.59","-0.25","88.0",194,0,0,0,5.79,2.36,0.04,2.86,0,0,"-4.176923077",,,"4.176923077",,,,,50,,,,,,,
13,804539,"Bowen, Darren",37,35.1,1,2,1,3,1.176,,,2,2,99.7,23.5,2524,92.3,92.22,1,6,7,-0.09999999999999432,6.51,103,137,117,143,311,335,293,"-3.475","3.475",,,,4,2,0,1,0,1,0,0,2,50,"1.24","1.46","0.72","0.39","92.7",240,100,0,0,5.85,-2.08,-0.47,2.39,1,0,"26.730769231",,,"-26.730769231",,,,,16.7,,,,,,,
13,694537,"Austin, Channing",33,39.4,0,0,0,0,0,,,0,2,79.5,51,2603,94.9,94.65,2,6,7,-0.20000000000000284,6.58,120,150,119,150,279,295,275,"0.629","-0.629",,,,2,2,0,0,0,0,0,0,0,0,"0.87","1.7","0.8","0.26","89.2",202,0,0,0,6.42,-1.57,0.37,2.66,0,0,"-4.838461538",,,"4.838461538",,,,,33.3,,,,,,,
13,668881,"Greene, Hunter",37,35.1,1,0.667,1,1.667,1.018,,,3,3,103.8,9.3,2408,99.6,100.51,1,6,7,0.9000000000000057,6.81,108,145,111,147,290,311,295,"-2.48","2.48",,,,4,3,2,0,1,0,0,0,1,25,"0.77","1.53","0.51","0","97.5",231,100,33.33333333333333,25,6.26,-1.75,-0.19,3.32,1,1,"19.076923077",,,"-19.076923077",,,,,16.7,,,,,,,
13,669724,"Hanifee, Brenan",85,15.3,0.25,0,0.333,0.25,0.222,,,1,4,96.1,16.7,2006,94.9,94.27,0,5,8,-0.6000000000000085,6.01,106,144,121,145,289,323,292,"-0.026","0.026",,,,4,3,1,0,0,0,1,25,0,0,"1.73","0.81","0.97","-0.03","94.3",145,33.33333333333333,0,0,5.61,-2.62,0.2,2.8,0.25,0,"0.2",,,"-0.2",,,,,0,,,,,,,
13,681895,"Sisk, Evan",116,11.2,0.667,0.333,0.667,1,0.717,,,2,3,91.4,19,2071,91.9,92.45,1,4,9,0.5999999999999943,6.83,107,149,114,150,284,306,266,"-1.173","1.173",,,,3,3,1,1,0,0,0,0,0,0,"1.57","1.15","0.61","-0.57","91.4",136,33.33333333333333,0,0,5.35,3.56,0.62,3.31,0.667,0,"9.023076923",,,"-9.023076923",,,,,25,,,,,,,
13,674022,"Ruffcorn, Jason",34,38.2,0,0,0,0,0,,,0,2,84.1,29,2253,93.2,91.98,3,7,6,-1.2000000000000028,5.75,106,148,116,145,303,327,292,"0.972","-0.972",,,,2,2,0,0,0,0,0,0,0,0,"1.41","1.23","0.97","0.01","91.3",164,50,0,0,5.89,-3.1,0.25,2.99,0,0,"-7.476923077",,,"7.476923077",,,,,42.9,,,,,,,
13,687145,"Justice, Evan",21,61.9,0.25,0,0.333,0.25,0.222,,,1,4,97.2,7.7,2313,94.8,94.15,1,5,8,-0.5999999999999943,5.98,118,145,119,150,307,327,296,"0.566","-0.566",,,,4,3,1,0,0,0,1,25,0,0,"1.48","1.07","0.85","0.35","96.4",209,66.66666666666666,0,0,5,2.29,-0.47,2.67,0.25,0,"-4.353846154",,,"4.353846154",,,,,20,,,,,,,
13,700675,"Kingsbury, Jimmy",86,15.1,0,0,,0,0,,,0,1,,,2203,90.5,90.13,2,5,8,-0.4000000000000057,5.98,104,146,121,149,293,324,303,"0.026","-0.026",,,,1,0,0,0,0,0,1,100,0,0,"1.8","0.98","0.49","-0.39","96.1",211,,,,5.13,-0.77,-0.53,2.99,0,,"-0.2",,,"0.2",,,,,40,,,,,,,
13,527048,"Pérez, Martín",185,7,0,0,,0,0.475,,,0,1,,,2058,90.9,90.78,1,1,12,-0.10000000000000853,6.19,104,150,122,147,302,321,290,"-0.413","0.413",,,,3,0,0,0,0,0,1,33.3,1,33.3,"1.45","1.3","0.82","-0.71",,,,,,5.76,0.93,-0.91,2.58,0.667,,"3.176923077",,,"-3.176923077",,,,,100,,,,,,,
13,686811,"Rustad, Carter",36,36.1,0.667,1,0.5,1.667,0.867,,,2,3,97.5,14.7,2168,93.8,94.14,0,3,10,0.29999999999999716,6.72,105,147,116,147,297,302,290,"-1.495","1.495",,,,5,3,1,0,0,1,0,0,2,40,"1.19","1.43","0.64","-0.27","102.3",249,66.66666666666666,33.33333333333333,20,5.87,-3.03,-0.38,2.32,0.8,1,"11.5",,,"-11.5",,,,,0,,,,,,,
13,701808,"Morse, Cody",66,19.7,0,0,0,0,0,,,0,4,82.8,30.5,2397,93.6,94.38,2,8,5,0.8000000000000114,6.75,111,148,115,144,300,328,296,"0.88","-0.88",,,,4,2,0,0,0,0,2,50,0,0,"1.64","0.96","0.6","-0.4","88.0",212,0,0,0,5.31,3.46,-0.5,2.76,0,0,"-6.769230769",,,"6.769230769",,,,,25,,,,,,,
13,815048,"Trentadue, Josh",18,72.2,0,0,0,0,0.349,,,0,1,83.8,6,2151,94.6,95.06,1,3,10,0.5,6.55,106,150,117,148,294,313,301,"0.015","-0.015",,,,2,1,0,0,0,0,0,0,1,50,"1.38","1.16","0.83","-0.31","88.0",141,0,0,0,5.42,2.48,0.27,2.31,0.5,0,"-0.115384615",,,"0.115384615",,,,,33.3,,,,,,,
13,808952,"Seppings, Jack",41,31.7,1,0,1,1,0.794,,,1,1,76.4,17,2000,93.6,93.65,2,7,6,0.10000000000000853,6.43,115,147,118,150,293,319,288,"-0.599","0.599",,,,2,1,1,0,0,0,0,0,1,50,"1.39","1.22","0.73","-0.31","88.0",162,0,0,0,5.87,-2.7,0.38,2.65,1,0,"4.607692308",,,"-4.607692308",,,,,28.6,,,,,,,
13,809229,"DeBerry, Jaron",28,46.4,0,0,0,0,0.349,,,0,1,95.4,18,2385,92.3,93.88,0,5,8,1.6000000000000085,6.93,99,147,113,151,300,318,287,"0.154","-0.154",,,,2,1,0,0,0,0,0,0,1,50,"1.88","0.77","0.07","0","89.5",214,100,0,0,5.3,-2.34,0.09,2.1,0.5,0,"-1.184615385",,,"1.184615385",,,,,0,,,,,,,
13,802680,"Bradt, Tyler",18,72.2,,,,,0.698,,,0,0,,,2411,95.8,94.62,1,2,11,-1.2000000000000028,5.7,109,151,121,149,293,316,289,"-0.475","0.475",,,,3,0,0,0,0,0,0,0,3,100,"1.11","1.38","0.77","0.38","91.4",261,,,,5.56,-1.56,0.6,1.3,1,,"3.653846154",,,"-3.653846154",,,,,50,,,,,,,
13,678394,"Bello, Brayan",215,6,0.5,0.5,1,1,0.63,,,1,2,104.8,19,1969,94.1,94.32,2,8,5,0.20000000000000284,6.31,114,146,130,151,285,317,303,"-0.76","0.76",,,,2,1,0,1,0,0,1,50,0,0,"1.58","0.98","0.51","-0.34","90.8",223,100,100,50,5.85,-1.4,-0.12,3.51,0.5,1,"5.846153846",,,"-5.846153846",,,,,25,,,,,,,
13,696275,"Petit, RJ",58,22.4,0.25,0,0.25,0.25,0.317,,,1,4,74.9,-10.8,2224,95.3,95.73,0,4,9,0.4000000000000057,6.69,107,145,113,149,297,322,295,"-0.369","0.369",,,,5,4,1,0,0,0,0,0,1,20,"1.39","1.13","0.89","-0.16","88.0",63,0,0,0,6.26,-1.48,0.6,2.6,0.4,0,"2.838461538",,,"-2.838461538",,,,,0,,,,,,,
13,642048,"Saucedo, Tayler",120,10.8,0,0,0,0,0.174,,,0,3,84.4,48,2341,91.9,92.61,3,9,4,0.6999999999999886,6.65,105,149,119,148,301,318,297,"0.575","-0.575",,,,4,1,0,0,0,0,2,50,1,25,"1.6","1.09","0.76","-0.25","88.0",210,0,0,0,5.64,2.21,0.08,2.7,0.25,0,"-4.423076923",,,"4.423076923",,,,,33.3,,,,,,,
13,666301,"Diaz, Indigo",28,46.4,0,0,,0,0,,,0,1,,,2381,94.6,95.4,5,9,4,0.8000000000000114,6.75,116,148,119,150,306,334,311,"0.447","-0.447",,,,1,0,0,0,0,0,1,100,0,0,"1.34","1.21","0.87","-0.5","88.0",190,,,,5.72,-1.62,0.14,2.98,0,,"-3.438461538",,,"3.438461538",,,,,55.6,,,,,,,
12,692013,"Baez, Henry",21,57.1,0,0,0,0,0.364,,,0,1,103.9,-4,1886,94.4,94.86,1,6,6,0.5,6.32,107,147,119,150,280,305,266,"-0.225","0.225",,,,2,1,0,0,0,0,0,0,0,0,"1.53","1.01","0.92","-0.16","91.2",149,100,0,0,5.9,-1.88,-0.42,2.45,0.5,0,"1.875",,,"-1.875",,,,,16.7,,,,,,,
12,695946,"Flores, Junior",17,70.6,0.25,0,0.25,0.25,0.317,,,1,4,92.7,15.5,2185,96.9,96.4,1,6,6,-0.5,6.17,125,148,123,152,294,317,296,"0.233","-0.233",,,,5,4,1,0,0,0,0,0,1,20,"1.07","1.37","0.21","-0.13","95.8",185,75,0,0,6.21,-2,-0.51,2.39,0.4,0,"-1.941666667",,,"1.941666667",,,,,16.7,,,,,,,
12,625510,"Mejia, Erick",18,66.7,0.5,0,0.5,0.5,0.529,,,1,2,93.3,-6.5,2475,95,93.76,0,4,8,-1.2000000000000028,5.63,112,150,106,147,281,334,302,"-0.638","0.638",,,,3,2,1,0,0,0,0,0,1,33.3,"1.1","1.43","0.54","-0.25","90.6",145,50,0,0,6.08,-2.19,0.15,3.08,0.667,0,"5.316666667",,,"-5.316666667",,,,,0,,,,,,,
12,804541,"Gill Hill, Gary",49,24.5,0,0,,0,0,,,0,1,,,2283,94,93.88,2,5,7,0,6.32,120,148,114,147,303,321,294,"0.173","-0.173",,,,1,0,0,0,0,0,1,100,0,0,"1.58","1.01","0.78","-0.33","91.4",240,,,,5.45,-1.98,0.11,2.63,0,,"-1.441666667",,,"1.441666667",,,,,40,,,,,,,
12,687798,"Robertson, Nick",36,33.3,0,0,0,0,0.174,,,0,2,87,26.5,1934,95.1,96.33,2,4,8,1.2000000000000028,7,115,149,120,149,295,318,289,"0.351","-0.351",,,,4,2,0,0,0,0,1,25,1,25,"1.22","1.3","0.67","0.23","88.0",115,0,0,0,6.13,-0.83,0.75,2.73,0.25,0,"-2.925",,,"2.925",,,,,50,,,,,,,
12,807281,"Gregory-Alford, Trey",29,41.4,0.5,0.5,0.667,1,0.63,,,2,4,92.1,24.3,2196,97.6,97.4,1,8,4,-0.19999999999998863,6.11,122,150,112,151,288,304,294,"-0.776","0.776",,,,4,3,0,2,0,0,1,25,0,0,"1.57","0.82","0.86","-0.43","95.2",203,33.33333333333333,33.33333333333333,25,5.86,-2.15,0.13,2.53,0.5,1,"6.466666667",,,"-6.466666667",,,,,12.5,,,,,,,
12,805871,"Hurtado, Joel",36,33.3,0.5,0.5,0.333,1,0.531,,,1,2,101.4,24.7,2351,96.4,95.6,2,5,7,-0.8000000000000114,5.81,95,138,104,145,297,321,317,"-0.751","0.751",,,,5,3,0,1,0,0,0,0,2,40,"1.38","1.07","0.23","-0.11","101.4",348,66.66666666666666,66.66666666666666,40,6.05,-1.53,0.31,3.05,0.6,2,"6.258333333",,,"-6.258333333",,,,,40,,,,,,,
12,666123,"Bergner, Austin",23,52.2,0.5,0.5,0.5,1,0.63,,,1,2,100.1,8.5,2168,91.1,91.81,1,5,7,0.7000000000000028,6.83,119,150,117,149,305,322,317,"-0.442","0.442",,,,2,2,0,1,0,0,0,0,0,0,"1.34","1.42","0.62","-0.2","94.1",202,50,50,50,6.18,-2.32,-0.27,2.51,0.5,1,"3.683333333",,,"-3.683333333",,,,,20,,,,,,,
12,687295,"Hamilton, Xander",21,57.1,0,0,0,0,0,,,0,2,91.2,-3.5,2408,91.8,91.42,1,7,5,-0.29999999999999716,6.23,,,,,,,,"0.595","-0.595",,,,2,2,0,0,0,0,0,0,0,0,"2.06","0.67","0.2","0.06","90.9",90,50,50,50,5.9,-1.49,0.62,1.86,0,1,"-4.958333333",,,"4.958333333",,,,,14.3,,,,,,,
12,593958,"Rodriguez, Eduardo",31,38.7,0.333,0,0.333,0.333,0.297,,,1,3,97.3,24,2303,93.1,93.21,0,6,6,0.10000000000000853,6.28,116,149,112,151,291,322,311,"0.467","-0.467",,,,3,3,1,0,0,0,0,0,0,0,"1.42","1.2","0.6","0.1","92.8",180,66.66666666666666,0,0,5.92,1.36,-0.04,2.42,0.333,0,"-3.891666667",,,"3.891666667",,,,,0,,,,,,,
12,676130,"Buttó, José",56,21.4,0.5,0,0.5,0.5,0.445,,,2,4,98.4,12.5,2419,94.2,93.99,1,8,4,-0.20000000000000284,6.1,112,150,120,151,307,322,302,"-0.178","0.178",,,,4,4,2,0,0,0,0,0,0,0,"1.26","1.3","0.37","0.05","94.3",121,75,0,0,5.48,-2.12,0.17,2.47,0.5,0,"1.483333333",,,"-1.483333333",,,,,12.5,,,,,,,
12,592769,"Snelten, D.J.",18,66.7,0.5,0,0.5,0.5,0.445,,,1,2,59.4,-62.5,1949,96,95.59,2,5,7,-0.4000000000000057,6.15,114,151,123,150,299,321,296,"0.345","-0.345",,,,2,2,1,0,0,0,0,0,0,0,"1.56","0.92","0.93","-0.18","88.0",1,0,0,0,6.46,1.68,-0.15,2.24,0.5,0,"-2.875",,,"2.875",,,,,40,,,,,,,
12,683177,"Southard, Jared",71,16.9,0,0,0,0,0.465,,,0,1,110.8,13,2281,95.8,95.94,2,5,7,0.10000000000000853,6.29,118,149,115,146,299,322,299,"0.076","-0.076",,,,3,1,0,0,0,0,0,0,2,66.7,"1.4","1.08","0.28","-0.2","95.6",190,100,100,33.33333333333333,5.91,-1.74,0.05,2.64,0.667,1,"-0.633333333",,,"0.633333333",,,,,40,,,,,,,
12,695680,"Langhorne, Miles",24,50,,,,,0.698,,,0,0,,,2284,93.4,94.18,1,1,11,0.7999999999999972,6.62,112,150,121,151,303,328,306,"-0.401","0.401",,,,2,0,0,0,0,0,0,0,2,100,"1.53","1.08","0.29","-0.14",,,,,,5.88,-0.55,-0.1,2.46,1,,"3.341666667",,,"-3.341666667",,,,,100,,,,,,,
12,829272,"Ogasawara, Shinnosuke",62,19.4,0,0,0,0,0,,,0,1,88.4,-3,2128,90.6,90.17,0,6,6,-0.3999999999999915,5.98,111,149,121,148,295,318,272,"0.428","-0.428",,,,1,1,0,0,0,0,0,0,0,0,"1.49","1.29","0.61","-0.35","88.1",203,0,0,0,5.57,1.51,0.16,2.5,0,0,"-3.566666667",,,"3.566666667",,,,,0,,,,,,,
12,664123,"Effross, Scott",60,20,0,0,0,0,0.349,,,0,1,102.9,34,2243,89.7,88.44,0,2,10,-1.2999999999999972,5.87,103,146,122,148,287,328,285,"-0.11","0.11",,,,2,1,0,0,0,0,0,0,1,50,"2.77","0.1","1.57","-1.06","96.5",335,100,100,50,4,-3.87,0.11,3.19,0.5,1,"0.916666667",,,"-0.916666667",,,,,0,,,,,,,
12,681306,"MacLeod, Christian",33,36.4,0,0,0,0,0.465,,,0,1,99.1,37,2458,89.7,89.42,1,3,9,-0.29999999999999716,6.17,98,142,122,147,296,330,290,"-0.441","0.441",,,,3,1,0,0,0,0,0,0,2,66.7,"1.4","1.44","0.28","-0.11","101.4",326,100,0,0,6.72,0.22,0.19,2.16,0.667,0,"3.675",,,"-3.675",,,,,33.3,,,,,,,
12,805723,"Lyons, Jared",29,41.4,1,0.5,1,1.5,1.075,,,2,2,108,-1,2317,93.4,93.82,1,4,8,0.3999999999999915,6.62,109,149,117,147,302,314,277,"-1.057","1.057",,,,2,2,1,1,0,0,0,0,0,0,"1.25","1.37","0.53","0.25","101.3",150,100,0,0,5.79,-1.26,0.15,2.56,1,0,"8.808333333",,,"-8.808333333",,,,,25,,,,,,,
12,669285,"Hammer, Dan",17,70.6,0,0,0,0,0.233,,,0,2,91.1,3,2238,97,97.56,2,4,8,0.5999999999999943,6.63,114,150,120,148,293,308,275,"0.188","-0.188",,,,3,1,0,0,0,0,1,33.3,1,33.3,"1.03","1.39","0.2","0.18","89.6",134,0,0,0,5.68,-0.75,0.36,2.91,0.333,0,"-1.566666667",,,"1.566666667",,,,,50,,,,,,,
12,684725,"Messinger, Zach",47,25.5,0.333,0.667,0.25,1,0.552,,,2,6,104,10.2,2298,94.8,94.23,1,8,4,-0.5999999999999943,6.21,108,147,120,150,274,301,276,"-0.455","0.455",,,,6,5,0,1,0,1,1,16.7,0,0,"1.24","1.32","0.77","-0.65","99.4",194,100,20,16.666666666666664,6.03,-1.24,-0.16,2.93,0.333,1,"3.791666667",,,"-3.791666667",,,,,12.5,,,,,,,
12,628709,"Gómez, Ofreidy",46,26.1,0.2,0,0.2,0.2,0.178,,,1,5,87.1,35.4,2265,96.4,97.03,0,7,5,0.5999999999999943,6.77,117,150,119,150,296,320,282,"0.452","-0.452",,,,5,5,1,0,0,0,0,0,0,0,"1.15","1.31","0.9","0.28","91.6",214,20,0,0,5.86,-0.98,0.07,2.79,0.2,0,"-3.766666667",,,"3.766666667",,,,,0,,,,,,,
12,621107,"Eflin, Zach",110,10.9,0,0,0,0,0,,,0,4,97.1,-4,2199,93,93.08,1,7,5,0.09999999999999432,6.35,122,150,113,151,292,315,282,"0.979","-0.979",,,,4,3,0,0,0,0,1,25,0,0,"1.62","1.03","0.83","-0.21","92.6",151,66.66666666666666,0,0,5.69,-2.09,-0.51,2.72,0,0,"-8.158333333",,,"8.158333333",,,,,14.3,,,,,,,
12,695327,"Heid, Dylan",26,46.2,0,0,0,0,0,,,0,1,96.4,57,2267,93.1,93.96,0,1,11,0.9000000000000057,6.91,109,146,125,147,289,321,289,"0.013","-0.013",,,,1,1,0,0,0,0,0,0,0,0,"1.08","1.56","0.65","-0.42","96.4",,100,0,0,5.92,-0.19,-0.52,2.29,0,0,"-0.108333333",,,"0.108333333",,,,,0,,,,,,,
12,688609,"Parks, Hunter",27,44.4,0.333,1,0,1.333,0.687,,,1,3,103.3,22,2148,97.4,98.63,1,4,8,1.1999999999999886,7.14,109,149,125,148,315,343,302,"-1.342","1.342",,,,4,2,0,0,0,1,1,25,1,25,"1.28","1.14","0.69","0.35","101.1",340,100,100,25,5.54,-1.82,0.6,2.42,0.5,1,"11.183333333",,,"-11.183333333",,,,,25,,,,,,,
12,671111,"Peralta, Sammy",106,11.3,0.2,0.2,0.2,0.4,0.332,,,1,5,84.1,-4,2236,88.8,89.02,0,6,6,0.20000000000000284,6.36,105,146,120,144,293,314,291,"-0.808","0.808",,,,6,5,0,1,0,0,0,0,0,0,"2.28","0.61","0.72","-0.55","93.5",46,40,0,0,4.68,3.1,-0.35,3.06,0.333,0,"6.733333333",,,"-6.733333333",,,,,0,,,,,,,
12,800395,"Cruz, Nicolas",22,54.5,0,0,0,0,0,,,0,2,77.4,46,2062,94.3,94.37,2,7,5,0.10000000000000853,6.48,101,149,122,148,288,331,291,"0.503","-0.503",,,,2,1,0,0,0,0,1,50,0,0,"1.33","1.25","0.66","-0.35","93.4",200,0,0,0,5.76,-1.01,0.67,2.74,0,0,"-4.191666667",,,"4.191666667",,,,,28.6,,,,,,,
12,836071,"Shunck, RJ",32,37.5,,,0,,0.465,,,0,0,96.1,36,2351,90.4,,2,5,7,,,121,148,132,152,276,322,277,"-0.411","0.411",,,,3,1,0,0,0,0,0,0,2,66.7,"1.53","1.25","0.62","0.06","90.7",258,100,0,0,5.08,1.88,0.32,2.95,0.667,0,"3.425",,,"-3.425",,,,,40,,,,,,,
12,683155,"Estes, Joey",43,27.9,0,0,0,0,0,,,0,4,91.2,29,2459,92.7,92.24,1,6,6,-0.5,6.19,103,152,119,150,290,326,297,"1.029","-1.029",,,,4,4,0,0,0,0,0,0,0,0,"1.13","1.54","0.66","0.19","93.0",168,50,0,0,5.85,-1.65,0.22,2.83,0,0,"-8.575",,,"8.575",,,,,16.7,,,,,,,
12,805427,"Sommers, Drew",63,19,0,0,,0,0.349,,,0,1,,,2049,93.9,95.22,3,4,8,1.2999999999999972,7.11,106,153,121,147,299,324,296,"-0.103","0.103",,,,2,0,0,0,0,0,1,50,1,50,"1.75","0.84","1.06","-1.06","88.0",132,,,,4.79,2.98,-0.35,2.84,0.5,,"0.858333333",,,"-0.858333333",,,,,75,,,,,,,
12,690462,"Castro, Ricky",22,54.5,0,0,0,0,0.349,,,0,2,107.3,21,2356,94.9,93.95,2,7,5,-0.9000000000000057,6.13,116,150,127,149,297,328,268,"0.209","-0.209",,,,4,1,0,0,0,0,1,25,2,50,"1.05","1.52","0.59","0.17","92.8",247,100,100,25,6.04,-1.42,0.24,2.03,0.5,1,"-1.741666667",,,"1.741666667",,,,,28.6,,,,,,,
12,703615,"Cabrera, Jose",25,48,0,0,0,0,0.233,,,0,4,89.2,46,2356,94.1,94.19,0,3,9,0.10000000000000853,6.48,104,146,118,150,304,321,309,"0.475","-0.475",,,,6,3,0,0,0,0,1,16.7,2,33.3,"1.37","1.22","0.85","-0.58","90.8",290,0,0,0,5.87,-1.9,0.06,2.88,0.333,0,"-3.958333333",,,"3.958333333",,,,,0,,,,,,,
12,605177,"Chafin, Andrew",102,11.8,,,,,,,,,,,,1953,85.7,85.94,1,3,9,0.20000000000000284,6.53,118,146,117,149,290,320,284,"-0.029","0.029",,,,,,,,,,,,,,"1.86","1.26","0.73","0.53","88.0",145,,,,6.55,1.83,-0.43,2.48,,,"0.241666667",,,"-0.241666667",,,,,33.3,,,,,,,
12,689546,"Davila, Nick",92,13,1,1,1,2,0.979,,,1,1,101.6,8,2079,95,94.66,1,6,6,-0.29999999999999716,6.17,115,150,121,148,283,318,296,"-0.653","0.653",,,,2,1,0,1,0,0,0,0,1,50,"1.46","1.07","0.93","0.24","91.4",122,100,0,0,6.03,-1.28,0.22,2.96,1,0,"5.441666667",,,"-5.441666667",,,,,16.7,,,,,,,
11,685377,"Tamarez, Misael",40,27.5,0.4,0.6,0.5,1,0.588,,,2,5,100.9,35,2245,95.9,95.21,2,9,2,-0.7000000000000028,5.97,112,152,127,149,276,327,296,"-0.958","0.958",,,,5,3,1,0,0,1,2,40,0,0,"1.23","1.26","0.8","0.52","98.2",257,66.66666666666666,33.33333333333333,20,6.25,-1.05,0.17,2.58,0.4,1,"8.709090909",,,"-8.709090909",,,,,22.2,,,,,,,
11,800811,"Kroeger, Jacob",53,20.8,0.4,0.6,0.333,1,0.588,,,2,5,76.1,30.8,2036,89.8,89.79,0,6,5,0,6.42,113,152,124,148,306,327,293,"-0.876","0.876",,,,5,4,1,0,0,1,1,20,0,0,"1.25","1.61","0.69","-0.69","91.9",71,25,0,0,5.54,2.68,0.22,2.87,0.4,0,"7.963636364",,,"-7.963636364",,,,,0,,,,,,,
11,699552,"Beckel, Brandon",18,61.1,0.25,0,0.25,0.25,0.222,,,1,4,90.7,-2.5,1868,91.7,91.94,3,9,2,0.20000000000000284,6.56,111,150,115,149,288,310,278,"0.233","-0.233",,,,4,4,1,0,0,0,0,0,0,0,"1.51","1.22","0.87","0.55","94.8",147,75,0,0,6.1,-1.18,0.13,2.96,0.25,0,"-2.118181818",,,"2.118181818",,,,,33.3,,,,,,,
11,672380,"Jimenez, Marco",33,33.3,0.25,0.25,1,0.5,0.392,,,1,4,98.3,9,2513,97.7,98.06,2,4,7,0.3999999999999915,6.53,119,149,124,150,292,319,283,"-0.269","0.269",,,,5,1,0,1,0,0,3,60,1,20,"1.2","1.19","0.93","0.17","93.1",169,100,0,0,5.7,-1.6,0.37,2.51,0.4,0,"2.445454545",,,"-2.445454545",,,,,50,,,,,,,
11,684665,"Murphy, Luke",25,44,0.5,0,1,0.5,0.539,,,1,2,99.4,2,2210,94.4,94.43,0,5,6,0,6.33,96,149,120,147,299,320,304,"-0.265","0.265",,,,3,1,1,0,0,0,1,33.3,0,0,"1.43","1.13","0.94","-0.12","91.7",195,100,0,0,6.03,-1.89,-0.45,3.24,0.667,0,"2.409090909",,,"-2.409090909",,,,,0,,,,,,,
11,682144,"Sandridge, Jayvien",35,31.4,0.429,0.143,0.5,0.571,0.471,,,3,7,91,9.3,2271,94,96.14,1,7,4,2.0999999999999943,7.2,103,152,111,146,296,321,298,"-0.94","0.94",,,,8,6,2,1,0,0,1,12.5,0,0,"1.39","1.18","0.73","-0.22","93.8",141,33.33333333333333,16.666666666666664,12.5,5.79,1.75,0.22,2.32,0.5,1,"8.545454545",,,"-8.545454545",,,,,14.3,,,,,,,
11,700247,"Pena Jr., Jose",22,50,0.5,0,1,0.5,0.529,,,1,2,101,11,2178,94.2,94.51,0,3,8,0.29999999999999716,6.61,114,149,116,147,282,317,283,"-0.435","0.435",,,,3,1,1,0,0,0,1,33.3,1,33.3,"1.07","1.51","0.71","-0.37","94.5",232,100,0,0,6.14,-1.17,0.34,1.74,0.667,0,"3.954545455",,,"-3.954545455",,,,,0,,,,,,,
11,664948,"Misiewicz, Anthony",87,12.6,0,0,0,0,0,,,0,2,94.6,-16,2056,90.3,89.81,0,3,8,-0.5,6.01,113,149,118,148,304,316,294,"0.203","-0.203",,,,2,2,0,0,0,0,0,0,0,0,"1.64","1.16","0.61","-0.36","95.0",62,50,0,0,6.19,0.59,0.13,3.62,0,0,"-1.845454545",,,"1.845454545",,,,,0,,,,,,,
11,592826,"Velasquez, Vince",38,28.9,0,0,0,0,0,,,0,2,73,-1.5,2428,92.8,93.07,0,2,9,0.29999999999999716,6.44,102,149,112,146,296,324,296,"0.378","-0.378",,,,2,2,0,0,0,0,0,0,0,0,"1.16","1.49","0.12","0.02","88.4",155,0,0,0,5.67,-1.88,-0.26,2.88,0,0,"-3.436363636",,,"3.436363636",,,,,0,,,,,,,
11,622780,"Perdomo, Angel",18,61.1,,,,,0.698,,,0,0,,,2375,90.5,91.72,1,1,10,1.2000000000000028,6.68,100,146,115,143,312,334,298,"-0.466","0.466",,,,2,0,0,0,0,0,0,0,2,100,"1.48","1.27","0.03","-0.03",,,,,,6.29,2.05,-0.24,2.25,1,,"4.236363636",,,"-4.236363636",,,,,100,,,,,,,
11,701213,"Brand, Jonathan",37,29.7,0.5,0,0.5,0.5,0.529,,,2,4,88,28.8,2268,92.4,92.53,0,4,7,0.09999999999999432,6.11,105,145,113,149,301,319,300,"-0.759","0.759",,,,6,4,2,0,0,0,0,0,2,33.3,"1.48","1.16","0.71","0.23","95.6",234,25,0,0,5.02,-1.34,-0.08,2.56,0.667,0,"6.9",,,"-6.9",,,,,0,,,,,,,
11,683098,"Osmond, Bryce",18,61.1,0.333,0,1,0.333,0.297,,,1,3,75.5,34,2162,95.7,96.05,3,6,5,0.3999999999999915,6.53,108,149,125,151,291,317,302,"0.331","-0.331",,,,3,1,1,0,0,0,2,66.7,0,0,"1.07","1.42","0.66","-0.66","88.0",235,0,0,0,5.95,-1.87,0.03,2.95,0.333,0,"-3.009090909",,,"3.009090909",,,,,50,,,,,,,
11,676012,"Ogando, Gerald",33,33.3,0,0,0,0,0,,,0,1,86.5,33,2377,97.5,98.84,1,4,7,1.2999999999999972,7.04,99,140,114,145,290,310,290,"0.454","-0.454",,,,2,2,0,0,0,0,0,0,0,0,"1.11","1.29","0.35","0.01","88.0",272,0,0,0,5.58,-2.16,-0.32,2.09,0,0,"-4.127272727",,,"4.127272727",,,,,25,,,,,,,
11,830242,"Hilker, Michael",27,40.7,0.5,0,0.5,0.5,0.529,,,1,2,99.1,30.5,2005,90.4,90.72,0,2,9,0.29999999999999716,6.68,119,149,119,152,292,322,279,"-0.384","0.384",,,,3,2,1,0,0,0,0,0,1,33.3,"1.26","1.55","0.42","-0.06","99.1",241,100,0,0,5.94,-1.9,-0.3,2.35,0.667,0,"3.490909091",,,"-3.490909091",,,,,0,,,,,,,
11,800317,"Salazar, Braian",26,42.3,0,0,0,0,0.233,,,0,2,81.1,8,2278,93,93.42,0,5,6,0.4000000000000057,6.6,104,149,125,149,291,315,294,"0.021","-0.021",,,,3,2,0,0,0,0,0,0,1,33.3,"1.52","1.12","0.16","-0.04","92.2",191,50,0,0,5.21,3.08,-0.55,2.57,0.333,0,"-0.190909091",,,"0.190909091",,,,,0,,,,,,,
11,656887,"Reid-Foley, Sean",28,39.3,0,0,,0,0.349,,,0,1,,,2048,93.2,94.6,1,1,10,1.3999999999999915,7.21,114,149,131,150,294,328,292,"-0.293","0.293",,,,2,0,0,0,0,0,1,50,1,50,"1.31","1.32","0.56","-0.07",,,,,,5.45,-1.6,0.51,2.89,0.5,,"2.663636364",,,"-2.663636364",,,,,100,,,,,,,
11,815501,"Meccage, Bryce",25,44,0.5,0,0.5,0.5,0.445,,,1,2,81.2,18,2274,94.8,95.75,0,7,4,0.9000000000000057,6.48,112,146,118,148,302,320,300,"-0.439","0.439",,,,2,2,1,0,0,0,0,0,0,0,"1.4","1.12","0.3","-0.24","88.0",155,0,0,0,6.11,-1.27,0.08,3.08,0.5,0,"3.990909091",,,"-3.990909091",,,,,0,,,,,,,
11,686745,"Peek, Zach",20,55,0,0,0,0,0,,,0,4,86.6,44,2593,93.1,93.49,1,7,4,0.4000000000000057,6.57,121,148,118,151,266,301,280,"1.185","-1.185",,,,4,2,0,0,0,0,2,50,0,0,"1.02","1.61","0.55","-0.25","89.6",237,50,0,0,6.08,-1.25,0.05,3.09,0,0,"-10.772727273",,,"10.772727273",,,,,14.3,,,,,,,
11,820888,"Chapman, Emmanuel",19,57.9,,,,,0.698,,,0,0,,,2227,95,95.1,0,1,10,0.09999999999999432,6.52,103,139,114,148,263,307,309,"-0.404","0.404",,,,2,0,0,0,0,0,0,0,2,100,"1.33","1.21","1.05","-0.39","88.0",206,,,,6.24,-1.96,-0.83,2.66,1,,"3.672727273",,,"-3.672727273",,,,,0,,,,,,,
11,596001,"Junis, Jakob",82,13.4,0,0,0,0,0,,,0,3,80.1,-3.5,2074,91.9,91.52,1,4,7,-0.4000000000000057,5.92,119,147,118,153,304,322,306,"0.937","-0.937",,,,3,2,0,0,0,0,1,33.3,0,0,"1.6","1.08","0.35","-0.32","92.8",137,50,0,0,5.6,-1.79,0.1,2.42,0,0,"-8.518181818",,,"8.518181818",,,,,25,,,,,,,
11,681117,"Taylor, Evan",61,18,0.333,0,0.333,0.333,0.297,,,1,3,81.7,21.3,2290,92.1,92.2,1,5,6,0.10000000000000853,6.32,104,152,114,145,302,320,290,"0.172","-0.172",,,,3,3,1,0,0,0,0,0,0,0,"1.94","0.75","0.89","-0.89","90.1",93,33.33333333333333,0,0,4.95,3.51,0.09,2.62,0.333,0,"-1.563636364",,,"1.563636364",,,,,20,,,,,,,
11,702877,"Polanco, Bryan",20,55,0,0,0,0,0.349,,,0,2,51.1,-59,2269,93.3,92.07,1,4,7,-1.2000000000000028,5.76,107,144,119,147,301,324,298,"0.041","-0.041",,,,4,1,0,0,0,0,1,25,2,50,"1.28","1.36","0.84","0.53","88.0",158,0,0,0,5.55,-2.65,0.01,2.24,0.5,0,"-0.372727273",,,"0.372727273",,,,,25,,,,,,,
11,687102,"Carver, Ross",16,68.8,0.333,0,0.333,0.333,0.397,,,1,3,89.8,20.3,2229,93.9,93.5,0,4,7,-0.4000000000000057,6.13,109,148,117,147,295,333,307,"-0.034","0.034",,,,4,3,1,0,0,0,0,0,1,25,"1.38","1.21","1.01","-0.07","93.2",163,33.33333333333333,0,0,5.23,-2.5,-0.24,2.86,0.5,0,"0.309090909",,,"-0.309090909",,,,,0,,,,,,,
11,660787,"De los Santos, Yerry",98,11.2,0.333,0,0.333,0.333,0.297,,,1,3,79.6,5,2032,94.2,94.25,1,7,4,0,6.28,118,147,124,152,281,320,296,"0.086","-0.086",,,,3,3,1,0,0,0,0,0,0,0,"1.56","1.01","1.19","-1.19","89.0",138,0,0,0,5.84,-2.67,-0.18,2.57,0.333,0,"-0.781818182",,,"0.781818182",,,,,14.3,,,,,,,
11,663568,"Kolek, Stephen",36,30.6,0,0,,0,0.349,,,0,1,,,2193,95.6,95.54,0,2,9,-0.09999999999999432,6.27,,,,,,,,"0.004","-0.004",,,,2,0,0,0,0,0,1,50,1,50,"1.4","1.1","0.63","-0.52","88.0",137,,,,5.4,-1.92,-0.18,2.5,0.5,,"-0.036363636",,,"0.036363636",,,,,0,,,,,,,
11,664199,"Clarke, Taylor",122,9,0,0,0,0,0.174,,,0,3,93.7,38,2313,94.4,94.05,1,6,5,-0.4000000000000057,6.05,123,148,121,153,300,327,311,"0.659","-0.659",,,,4,3,0,0,0,0,0,0,1,25,"1.26","1.29","0.55","-0.38","95.0",261,66.66666666666666,0,0,6.22,-0.98,0.35,2.79,0.25,0,"-5.990909091",,,"5.990909091",,,,,16.7,,,,,,,
11,642100,"Speier, Gabe",39,28.2,0.4,0.6,0.5,1,0.588,,,2,5,94.7,17,2237,95.5,94.61,2,7,4,-0.9000000000000057,5.86,110,150,122,146,300,319,295,"-2.201","2.201",,,,5,3,1,0,0,1,2,40,0,0,"1.26","1.24","0.71","-0.71","94.9",240,66.66666666666666,33.33333333333333,20,5.81,1.66,-0.29,2.66,0.4,1,"20.009090909",,,"-20.009090909",,,,,28.6,,,,,,,
11,826314,"Burns, Mason",17,64.7,0,0,0,0,0.523,,,0,1,98.7,19,2549,94.5,93.79,0,1,10,-0.7000000000000028,5.66,103,150,122,145,301,341,314,"-0.64","0.64",,,,4,1,0,0,0,0,0,0,3,75,"1.34","1.2","0.69","0.69","98.7",329,100,0,0,6.32,-2.84,0.65,2.42,0.75,0,"5.818181818",,,"-5.818181818",,,,,0,,,,,,,
11,676534,"Faucher, Calvin",73,15.1,0.333,0,0.5,0.333,0.397,,,1,3,91.7,21,2389,95.3,94.65,2,4,7,-0.5999999999999943,5.75,113,146,107,149,279,314,296,"-0.291","0.291",,,,4,2,1,0,0,0,1,25,1,25,"1.27","1.23","0.61","-0.41","91.6",208,0,0,0,5.68,-1.44,-0.17,2.4,0.5,0,"2.645454545",,,"-2.645454545",,,,,50,,,,,,,
11,804670,"Birchard, Ryan",14,78.6,0,0,0,0,0.233,,,0,2,98.6,27,2249,97,98.02,2,6,5,1,6.75,124,149,132,151,296,317,301,"0.367","-0.367",,,,3,1,0,0,0,0,1,33.3,1,33.3,"0.87","1.55","0.09","-0.01","91.6",252,100,100,33.33333333333333,6.41,-0.14,-0.56,2.71,0.333,1,"-3.336363636",,,"3.336363636",,,,,33.3,,,,,,,
11,608344,"Irvin, Cole",131,8.4,0.2,0,0.2,0.2,0.178,,,1,5,95.6,23.8,2005,90.7,91,0,9,2,0.29999999999999716,6.33,104,151,126,148,296,329,298,"0.366","-0.366",,,,5,5,1,0,0,0,0,0,0,0,"1.58","1.2","0.72","-0.19","96.0",204,60,0,0,6.17,1.31,-0.17,3.06,0.2,0,"-3.327272727",,,"3.327272727",,,,,0,,,,,,,
11,594798,"deGrom, Jacob",43,25.6,0.5,0,0.5,0.5,0.445,,,1,2,95.9,26,2405,97.4,98.02,0,6,5,0.5999999999999943,6.57,114,150,110,151,306,319,306,"0.105","-0.105",,,,2,2,1,0,0,0,0,0,0,0,"1","1.39","0.64","0.07","90.6",153,50,0,0,5.58,-1.5,0.11,3.02,0.5,0,"-0.954545455",,,"0.954545455",,,,,0,,,,,,,
11,682855,"Vargas, Luis",26,42.3,0.5,0,1,0.5,0.529,,,1,2,68.4,28,2264,94.9,94.26,2,6,5,-0.6000000000000085,6.05,115,149,126,151,297,321,288,"-0.433","0.433",,,,3,1,1,0,0,0,1,33.3,1,33.3,"1.21","1.33","0.68","0.01","88.0",165,0,0,0,5.78,-2.19,-0.59,3.12,0.667,0,"3.936363636",,,"-3.936363636",,,,,33.3,,,,,,,
11,695661,"McGuire, Logan",15,73.3,0.333,0,0.5,0.333,0.297,,,1,3,80.3,-1,2022,93.3,93.86,3,6,5,0.6000000000000085,6.63,114,150,108,151,308,328,302,"-0.152","0.152",,,,3,2,1,0,0,0,1,33.3,0,0,"1.35","1.27","0.57","-0.23","88.2",180,0,0,0,6.14,-1.75,-0.15,2.6,0.333,0,"1.381818182",,,"-1.381818182",,,,,50,,,,,,,
11,664346,"Guzman, Carlos",24,45.8,0,0,,0,0.465,,,0,1,,,2223,94.1,94.49,2,4,7,0.4000000000000057,6.82,,,,,,,,"-0.296","0.296",,,,3,0,0,0,0,0,1,33.3,2,66.7,"1.18","1.42","0.94","0.04","88.0",229,,,,5.47,-1.85,0.58,2.6,0.667,,"2.690909091",,,"-2.690909091",,,,,50,,,,,,,
11,701717,"Pence, Dalton",16,68.8,0.333,1,0,1.333,0.683,,,1,3,88.2,51.7,2196,91.8,92.81,1,7,4,1,6.7,116,153,119,148,300,317,297,"-0.754","0.754",,,,3,3,0,0,0,1,0,0,0,0,"1.15","1.54","0.33","-0.15","90.3",205,33.33333333333333,0,0,5.61,0.2,-0.11,2.88,0.333,0,"6.854545455",,,"-6.854545455",,,,,14.3,,,,,,,
11,694436,"Strickland, Samuel",22,50,0,0,0,0,0,,,0,4,95.9,5.3,1865,91.7,91.27,0,5,6,-0.4000000000000057,6.3,100,149,132,150,301,318,289,"1.225","-1.225",,,,4,4,0,0,0,0,0,0,0,0,"1.47","1.26","0.62","0.11","94.7",133,50,0,0,6.1,2.81,0.1,1.79,0,0,"-11.136363636",,,"11.136363636",,,,,0,,,,,,,
11,811310,"Belgrave, Nigel",118,9.3,0.5,0,1,0.5,0.445,,,1,2,98.4,30,2423,93.2,93.85,2,5,6,0.5999999999999943,6.25,110,144,116,143,292,303,298,"-0.532","0.532",,,,2,1,1,0,0,0,1,50,0,0,"1.63","0.99","0.51","0.12","93.2",316,100,100,50,5.78,-3.13,-0.42,2.69,0.5,1,"4.836363636",,,"-4.836363636",,,,,40,,,,,,,
11,804619,"Klein, John",24,45.8,0,0,0,0,0,,,0,4,96.2,13,2411,95.1,95.15,2,9,2,0.10000000000000853,6.7,,,,,,,,"1.34","-1.34",,,,4,4,0,0,0,0,0,0,0,0,"1.21","1.35","0.99","0.81","92.6",154,50,0,0,6.15,-1.56,0.12,2.61,0,0,"-12.181818182",,,"12.181818182",,,,,22.2,,,,,,,
11,703596,"Milbrandt, Karson",34,32.4,0,0,,0,0,,,0,2,,,2394,96.7,96.35,2,3,8,-0.29999999999999716,6.04,108,149,126,150,296,315,285,"0.391","-0.391",,,,2,0,0,0,0,0,2,100,0,0,"1.02","1.41","0.91","0.44","88.0",248,,,,5.91,-2.28,-0.26,3.23,0,,"-3.554545455",,,"3.554545455",,,,,66.7,,,,,,,
11,681896,"Hoopii-Tuionetoa, Anthony",47,23.4,0,0,0,0,0.465,,,0,2,79.5,42,2516,94.7,95.24,0,3,8,0.5,6.69,104,149,118,146,302,317,312,"-0.216","0.216",,,,6,1,0,0,0,0,1,16.7,4,66.7,"1.18","1.38","0.84","0.05","88.0",218,0,0,0,5.67,-1.5,0.08,2.89,0.667,0,"1.963636364",,,"-1.963636364",,,,,0,,,,,,,
11,702119,"Hayes, Hunter",36,30.6,0,0,0,0,0.465,,,0,1,96.8,47,2276,93.5,92.44,0,4,7,-1.0999999999999943,5.66,99,146,112,147,290,321,290,"0.03","-0.03",,,,3,1,0,0,0,0,0,0,2,66.7,"1.37","1.23","1.03","-0.22","90.2",240,100,0,0,6.19,-1.98,-0.13,2.9,0.667,0,"-0.272727273",,,"0.272727273",,,,,0,,,,,,,
11,702065,"Rozek, Aaron",63,17.5,0.5,0.25,0.5,0.75,0.538,,,2,4,98.6,-2.5,2252,89.7,88.82,0,8,3,-0.9000000000000057,5.86,108,150,125,149,291,316,276,"-1.273","1.273",,,,4,4,1,1,0,0,0,0,0,0,"1.89","0.96","0.9","-0.67","93.3",170,100,0,0,5.49,3.81,0.34,2.75,0.5,0,"11.572727273",,,"-11.572727273",,,,,0,,,,,,,
11,695560,"Kohn, Pico",15,73.3,0,0,,0,0,,,0,1,,,2274,91.3,91.48,1,4,7,0.20000000000000284,6.41,,,,,,,,"0.306","-0.306",,,,1,0,0,0,0,0,1,100,0,0,"1.57","1.17","0.48","0.19","88.0",103,,,,6.11,3.21,-0.35,2.13,0,,"-2.781818182",,,"2.781818182",,,,,25,,,,,,,
11,804522,"Sanchez, Wilmy",26,42.3,0,0,0,0,0,,,0,1,91.6,0,2347,94.3,94.39,3,6,5,0.10000000000000853,6.38,114,151,134,151,287,305,299,"0.431","-0.431",,,,1,1,0,0,0,0,0,0,0,0,"1.17","1.39","0.13","-0.02","89.8",86,0,0,0,5.86,-1.07,0.25,2.66,0,0,"-3.918181818",,,"3.918181818",,,,,50,,,,,,,
11,685125,"Chamberlain, Christian",21,52.4,,,,,0.698,,,0,0,,,2316,92.3,92.85,0,2,9,0.6000000000000085,6.43,106,152,123,144,292,308,279,"-0.669","0.669",,,,1,0,0,0,0,0,0,0,1,100,"1.24","1.41","0.64","-0.4","88.0",204,,,,5.09,2.11,0.42,3.94,1,,"6.081818182",,,"-6.081818182",,,,,0,,,,,,,
11,680970,"Pérez, Andrew",75,14.7,0.333,0,0.5,0.333,0.297,,,1,3,86.1,36,2080,93,93,2,5,6,0,6.29,113,148,126,146,297,315,293,"0.206","-0.206",,,,3,2,1,0,0,0,1,33.3,0,0,"1.44","1.2","0.67","-0.37","90.3",232,50,0,0,6.08,3.08,0.26,3.13,0.333,0,"-1.872727273",,,"1.872727273",,,,,40,,,,,,,
11,664076,"Cleavinger, Garrett",85,12.9,0,0,0,0,0,,,0,3,89.2,40,2450,95.3,95.1,1,3,8,-0.20000000000000284,6.16,106,151,121,147,299,320,288,"0.219","-0.219",,,,3,2,0,0,0,0,1,33.3,0,0,"1.2","1.31","0.66","-0.42","89.2",267,0,0,0,5.45,0.94,-0.36,2.89,0,0,"-1.990909091",,,"1.990909091",,,,,33.3,,,,,,,
10,641627,"Gott, Trevor",62,16.1,0.667,1.333,0.5,2,1.002,,,2,3,100.7,26,2089,94,93.62,0,4,6,-0.4000000000000057,6.01,119,148,121,151,281,324,292,"-1.735","1.735",,,,4,3,0,1,0,1,0,0,1,25,"1.44","1.14","0.75","-0.6","97.6",344,66.66666666666666,66.66666666666666,50,5.1,-3.01,-0.15,2.81,0.75,2,"17.35",,,"-17.35",,,,,0,,,,,,,
10,807485,"Garcia, Davian",22,45.5,0.5,0,1,0.5,0.445,,,1,2,100.3,13,2456,95.6,96.51,2,4,6,0.9000000000000057,6.98,108,152,119,148,290,326,299,"-0.018","0.018",,,,2,1,1,0,0,0,1,50,0,0,"0.93","1.58","0.49","0.37","94.2",262,100,0,0,5.73,-0.86,-0.19,2.04,0.5,0,"0.18",,,"-0.18",,,,,50,,,,,,,
10,674944,"Guenther, Sean",105,9.5,1,1,1,2,1.261,,,1,1,111.5,15,2201,92.1,91.65,0,3,7,-0.5,6.08,109,150,123,147,302,320,282,"-0.753","0.753",,,,1,1,0,1,0,0,0,0,0,0,"1.36","1.33","0.55","-0.55","95.8",181,100,100,100,6,2.54,-0.24,3.5,1,1,"7.53",,,"-7.53",,,,,0,,,,,,,
10,828705,"Gillis, Tanner",58,17.2,0.5,0,0.5,0.5,0.445,,,1,2,86.8,10,2135,92.7,93.81,0,3,7,1.0999999999999943,6.64,110,147,117,145,292,313,300,"-0.144","0.144",,,,2,2,1,0,0,0,0,0,0,0,"1.77","0.85","0.56","-0.04","92.7",177,50,0,0,5.44,-2.61,0.21,2.88,0.5,0,"1.44",,,"-1.44",,,,,0,,,,,,,
10,694360,"Way, Beck",56,17.9,,,,,0.698,,,0,0,,,2003,96.2,96.16,0,2,8,0,6.18,126,144,105,152,283,314,203,"-0.259","0.259",,,,1,0,0,0,0,0,0,0,1,100,"1.57","0.89","1.11","-0.34","88.0",165,,,,5.49,-1.98,0.43,2.33,1,,"2.59",,,"-2.59",,,,,0,,,,,,,
10,657508,"Baumann, Mike",21,47.6,0,0,0,0,0,,,0,2,83,50.5,2240,95.5,95.69,0,6,4,0.20000000000000284,6.59,,,,,,,,"0.645","-0.645",,,,2,2,0,0,0,0,0,0,0,0,"0.98","1.54","0.71","-0.16","89.6",201,50,0,0,5.96,-1.48,0.55,3.16,0,0,"-6.45",,,"6.45",,,,,0,,,,,,,
10,806258,"White, Thomas",28,35.7,0.667,0.667,1,1.333,0.84,,,2,3,102.6,15,2321,95.6,96.53,1,5,5,0.9000000000000057,6.69,106,131,107,125,314,324,286,"-1.328","1.328",,,,3,2,0,2,0,0,1,33.3,0,0,"1.23","1.25","0.63","0.03","95.3",175,100,0,0,5.64,2.46,-0.19,3.51,0.667,0,"13.28",,,"-13.28",,,,,20,,,,,,,
10,665878,"Lara, Janser",18,55.6,,,,,0.698,,,0,0,,,2519,93.3,94.04,0,3,7,0.7000000000000028,6.8,97,146,121,148,301,325,304,"-0.576","0.576",,,,2,0,0,0,0,0,0,0,2,100,"1.18","1.45","0.73","-0.16","88.6",259,,,,5.04,-1.93,0.19,2.89,1,,"5.76",,,"-5.76",,,,,0,,,,,,,
10,822472,"Picone, Domenic",21,47.6,1,0,1,1,0.794,,,1,1,74,25,2511,91.4,91,0,1,9,-0.4000000000000057,6.17,100,150,119,149,291,318,290,"-0.577","0.577",,,,2,1,1,0,0,0,0,0,1,50,"1.15","1.58","0.85","0.18","88.0",233,0,0,0,4.96,-1.31,0.17,2.46,1,0,"5.77",,,"-5.77",,,,,0,,,,,,,
10,693311,"Hence, Tink",41,24.4,1,2,1,3,1.655,,,2,2,104,17.5,2091,94.8,94.28,2,6,4,-0.5,5.95,112,148,113,146,286,320,280,"-2.172","2.172",,,,2,2,0,1,0,1,0,0,0,0,"1.29","1.25","0.57","0.1","101.9",287,100,50,50,5.78,-1.46,-0.1,2.48,1,1,"21.72",,,"-21.72",,,,,33.3,,,,,,,
10,663947,"Holton, Tyler",73,13.7,0.25,0.25,0.5,0.5,0.315,,,1,4,90.2,44,2138,91.5,91.47,0,3,7,0,6.38,105,150,124,150,291,333,289,"0.002","-0.002",,,,4,2,0,1,0,0,2,50,0,0,"1.42","1.32","0.55","-0.49","90.5",283,50,0,0,5.97,1.61,0.46,2.57,0.25,0,"-0.02",,,"0.02",,,,,0,,,,,,,
10,805149,"Delvecchio, Cody",18,55.6,0.5,0,1,0.5,0.445,,,1,2,104,-5,2216,95.6,94.12,1,6,4,-1.4000000000000057,5.53,102,150,123,151,294,317,297,"0.017","-0.017",,,,2,1,1,0,0,0,1,50,0,0,"1.23","1.27","0.47","-0.27","93.5",190,100,0,0,5.78,-1.27,-0.03,3.02,0.5,0,"-0.17",,,"0.17",,,,,16.7,,,,,,,
10,666619,"Santos, Gregory",80,12.5,0,0,0,0,0.182,,,0,3,95.8,-3.5,2454,99.6,99.75,1,6,4,0.10000000000000853,6.4,108,150,121,149,306,328,301,"0.506","-0.506",,,,4,2,0,0,0,0,1,25,0,0,"1.38","0.92","0.41","-0.04","94.9",131,50,0,0,6,-1.38,-0.23,2.35,0.25,0,"-5.06",,,"5.06",,,,,16.7,,,,,,,
10,686223,"Mancini, Joey",26,38.5,0,0,0,0,0.349,,,0,2,84.9,11,2216,93.7,92.75,1,4,6,-0.9000000000000057,5.93,121,149,107,151,297,326,297,"0.157","-0.157",,,,4,1,0,0,0,0,1,25,2,50,"1.23","1.39","0.62","-0.45","88.0",216,0,0,0,6.24,-2.04,0.12,3.13,0.5,0,"-1.57",,,"1.57",,,,,25,,,,,,,
10,692623,"Garcia, Leonard",26,38.5,,,,,,,,,,,,2234,92.6,92.9,1,3,7,0.30000000000001137,6.57,107,150,113,149,298,333,296,"0.024","-0.024",,,,,,,,,,,,,,"1.42","1.25","0.71","-0.32","88.0",135,,,,5.43,3.03,0.32,3.25,,,"-0.24",,,"0.24",,,,,33.3,,,,,,,
10,689149,"Dallas, Chad",38,26.3,0.25,0.75,,1,0.512,,,1,4,96.8,32,2328,93.5,94.13,5,8,2,0.5999999999999943,6.5,114,151,124,149,296,325,281,"-0.734","0.734",,,,4,1,0,0,0,1,3,75,0,0,"1.45","1.15","0.12","0.03","90.9",286,100,0,0,5.83,-1.18,0.15,2.95,0.25,0,"7.34",,,"-7.34",,,,,62.5,,,,,,,
10,688422,"Staine, Connor",30,33.3,0.5,0.25,0.5,0.75,0.538,,,2,4,97.8,31.3,2259,94.7,94.89,1,6,4,0.20000000000000284,6.41,115,150,117,148,295,311,295,"-0.705","0.705",,,,4,4,1,1,0,0,0,0,0,0,"1.23","1.31","0.75","0.58","96.0",175,75,0,0,5.95,-2.07,0.21,2.68,0.5,0,"7.05",,,"-7.05",,,,,16.7,,,,,,,
10,805379,"Porco, Robby",16,62.5,0.5,0,0.5,0.5,0.529,,,1,2,102.5,9.5,2081,96,97.52,0,3,7,1.5,7.21,120,147,123,149,303,321,297,"-0.155","0.155",,,,3,2,1,0,0,0,0,0,1,33.3,"1.32","1.16","0.6","-0.28","101.7",155,100,0,0,5.97,-0.9,-0.03,3.09,0.667,0,"1.55",,,"-1.55",,,,,0,,,,,,,
10,806288,"Raeth, Stefan",45,22.2,0.667,1.333,0.5,2,1.103,,,2,3,100.7,18,2187,92.2,91.97,1,5,5,-0.20000000000000284,6.19,104,143,117,142,291,312,295,"-2.698","2.698",,,,3,3,0,1,0,1,0,0,0,0,"1.42","1.27","0.53","0.16","97.6",243,100,66.66666666666666,66.66666666666666,5.94,-0.71,0.51,1.9,0.667,2,"26.98",,,"-26.98",,,,,20,,,,,,,
10,694677,"Baumgartner, Collin",12,83.3,0,0,0,0,0.349,,,0,1,74.6,77,2099,93.3,92.96,1,4,6,-0.29999999999999716,6.04,114,152,117,150,295,320,298,"0.124","-0.124",,,,2,1,0,0,0,0,0,0,1,50,"1.39","1.22","0.39","0.13","88.0",204,0,0,0,5.85,-2.02,0.64,2.43,0.5,0,"-1.24",,,"1.24",,,,,25,,,,,,,
10,824200,"Guardado, Jakob",16,62.5,0.667,0,1,0.667,0.593,,,2,3,87.6,22,2236,92.4,91.8,2,5,5,-0.6000000000000085,6.03,104,145,108,145,306,328,315,"-0.746","0.746",,,,3,2,2,0,0,0,1,33.3,0,0,"1.3","1.38","0.31","0.13","92.1",259,50,0,0,6.24,-0.67,0.44,2.36,0.667,0,"7.46",,,"-7.46",,,,,40,,,,,,,
10,686671,"Farr, Thomas",28,35.7,0.333,0.333,0.5,0.667,0.42,,,1,3,99.6,32.5,2157,92.8,92.25,1,7,3,-0.5,6.01,102,150,108,149,294,320,289,"-0.379","0.379",,,,3,2,0,1,0,0,1,33.3,0,0,"1.48","1.18","0.85","0.37","95.0",232,100,50,33.33333333333333,5.84,-1.8,-0.04,2.72,0.333,1,"3.79",,,"-3.79",,,,,14.3,,,,,,,
10,695256,"Mallitz, Josh",18,55.6,0.5,0.75,0.333,1.25,0.727,,,2,4,96.2,15.8,2312,93.8,93.72,1,6,4,-0.09999999999999432,6.13,115,150,126,150,298,311,292,"-1.171","1.171",,,,5,4,1,0,0,1,0,0,1,20,"1.26","1.32","0.44","0.16","98.8",219,75,25,20,6.49,-0.74,0.52,2.24,0.6,1,"11.71",,,"-11.71",,,,,16.7,,,,,,,
10,690997,"McLean, Nolan",56,17.9,0,0,0,0,0.349,,,0,1,52.7,-12,2392,96.8,96.42,0,2,8,-0.3999999999999915,6.26,117,152,124,149,288,321,292,"-0.317","0.317",,,,2,1,0,0,0,0,0,0,1,50,"1.27","1.19","1.12","0.26","88.0",9,0,0,0,5.38,-3.45,-0.86,3.38,0.5,0,"3.17",,,"-3.17",,,,,0,,,,,,,
10,687847,"Church, Marc",19,52.6,0.333,0.333,0.333,0.667,0.42,,,1,3,90.4,11,2135,96.5,97.59,1,5,5,1.0999999999999943,6.89,99,146,117,152,297,324,315,"-0.752","0.752",,,,4,3,0,1,0,0,0,0,0,0,"1.15","1.3","0.39","-0.37","96.5",156,25,25,25,6.42,-0.98,-0.15,2.59,0.333,1,"7.52",,,"-7.52",,,,,20,,,,,,,
10,822067,"Causey, A.J.",99,10.1,0,0,0,0,0,,,0,2,93.6,6.5,2334,89.6,88.11,1,6,4,-1.5,5.38,108,146,117,151,289,313,290,"0.393","-0.393",,,,2,2,0,0,0,0,0,0,0,0,"2.38","0.47","1.26","-1","92.1",167,50,0,0,4.58,-1.28,-0.31,3.25,0,0,"-3.93",,,"3.93",,,,,16.7,,,,,,,
10,690978,"Fulton, Dax",24,41.7,0,0,0,0,0.349,,,0,1,57.2,-77,2269,94.1,95.3,1,6,4,1.2000000000000028,6.73,105,150,119,148,286,316,272,"0.491","-0.491",,,,2,1,0,0,0,0,0,0,1,50,"1.69","0.86","-0.24","0.2","88.0",133,0,0,0,6.39,2.28,-0.09,2.87,0.5,0,"-4.91",,,"4.91",,,,,16.7,,,,,,,
10,806293,"Martin, Payton",38,26.3,0.5,0,0.5,0.5,0.445,,,1,2,91.8,0.5,2292,94.9,95.9,1,5,5,1,6.67,103,150,120,147,302,319,298,"-0.301","0.301",,,,2,2,1,0,0,0,0,0,0,0,"1.26","1.26","0.28","-0.05","92.6",96,50,0,0,5.92,-0.96,0.03,3.16,0.5,0,"3.01",,,"-3.01",,,,,20,,,,,,,
10,702273,"Schultz, Noah",58,17.2,0,0,0,0,0,,,0,2,106.7,39,2499,95.1,95.09,1,4,6,0,6.11,114,149,124,146,286,326,296,"0.342","-0.342",,,,2,1,0,0,0,0,1,50,0,0,"1.55","0.96","0.74","-0.27","104.7",356,100,100,50,5.86,1.85,0.36,3.4,0,1,"-3.42",,,"3.42",,,,,25,,,,,,,
10,669081,"Dashwood, Jack",22,45.5,0,0,0,0,0,,,0,1,98.7,40,2070,91,90.73,0,2,8,-0.29999999999999716,6.39,118,153,123,149,290,323,290,"0.318","-0.318",,,,1,1,0,0,0,0,0,0,0,0,"1.5","1.27","0.89","-0.53","93.4",267,100,0,0,6.43,1.42,-0.97,2.32,0,0,"-3.18",,,"3.18",,,,,0,,,,,,,
10,685329,"Peña, Carlos",52,19.2,0.4,0.2,0.5,0.6,0.43,,,2,5,106.2,8,2249,91.7,92.43,0,5,5,0.7000000000000028,6.78,110,145,116,142,290,308,280,"-0.209","0.209",,,,5,4,1,1,0,0,1,20,0,0,"1.3","1.42","0.65","-0.56","102.5",191,100,25,20,5.41,1.8,-0.04,2.41,0.4,1,"2.09",,,"-2.09",,,,,0,,,,,,,
10,686763,"Mayer, Gunner",16,62.5,0.5,1.5,0,2,0.915,,,1,2,82.4,43,2268,96,95.41,1,4,6,-0.5999999999999943,5.99,107,148,113,144,298,319,300,"-1.63","1.63",,,,3,2,0,0,0,1,0,0,1,33.3,"1.55","0.92","1.18","0.24","94.1",263,50,50,33.33333333333333,5.89,-1.55,-0.14,2.74,0.667,1,"16.3",,,"-16.3",,,,,25,,,,,,,
10,670241,"Vines, Darius",21,47.6,0.5,0.5,0.5,1,0.653,,,1,2,97.1,42.5,2223,90.3,89.6,0,3,7,-0.7000000000000028,6.08,120,149,131,150,302,321,296,"-0.364","0.364",,,,3,2,0,1,0,0,0,0,1,33.3,"1.28","1.54","0.5","0.02","94.3",181,50,0,0,6.27,-1.29,0.47,3.17,0.667,0,"3.64",,,"-3.64",,,,,0,,,,,,,
10,675989,"Bolton, Cody",27,37,0,0,0,0,0.465,,,0,1,77.8,-32,2363,92.7,92.28,0,2,8,-0.4000000000000057,5.97,101,143,111,139,301,337,311,"-0.022","0.022",,,,3,1,0,0,0,0,0,0,2,66.7,"1.3","1.35","0.3","0.09","88.0",126,0,0,0,6.03,-1.94,0.52,1.42,0.667,0,"0.22",,,"-0.22",,,,,0,,,,,,,
10,685396,"Peterson, Nate",14,71.4,0,0,0,0,0.233,,,0,2,97.2,23.5,2389,91.7,90.97,1,3,7,-0.7000000000000028,5.89,98,151,118,148,294,336,308,"0.426","-0.426",,,,3,2,0,0,0,0,0,0,1,33.3,"1.32","1.39","0.31","-0.31","97.2",132,50,0,0,5.82,1.63,-0.34,2.4,0.333,0,"-4.26",,,"4.26",,,,,33.3,,,,,,,
10,641907,"Murphy, Patrick",37,27,0,0,0,0,0,,,0,1,104.7,-17,2169,93.6,93.41,0,4,6,-0.19999999999998863,6.16,104,147,121,150,298,320,304,"0.208","-0.208",,,,1,1,0,0,0,0,0,0,0,0,"1.36","1.24","0.52","0","92.4",196,100,0,0,6.36,-2.31,0.52,2.33,0,0,"-2.08",,,"2.08",,,,,0,,,,,,,
10,687087,"Prosecky, Michael",22,45.5,0,0,0,0,0.465,,,0,1,104.3,-6,2288,92.7,93.33,0,4,6,0.5999999999999943,6.31,104,144,115,147,304,318,278,"-0.129","0.129",,,,3,1,0,0,0,0,0,0,2,66.7,"1.47","1.15","0.43","0.08","93.4",83,100,0,0,6.02,1.2,-0.21,2.7,0.667,0,"1.29",,,"-1.29",,,,,0,,,,,,,
10,679712,"Lockhart, Lael",28,35.7,0,0,0,0,0.174,,,0,2,77.6,19.5,2166,91.1,92.35,3,6,4,1.2000000000000028,6.97,114,151,120,147,297,322,291,"-0.221","0.221",,,,4,2,0,0,0,0,1,25,1,25,"1.53","1.22","0.53","-0.53","88.0",175,0,0,0,5.38,1.11,0.74,2.3,0.25,0,"2.21",,,"-2.21",,,,,50,,,,,,,
10,642397,"Soto, Gregory",62,16.1,0.333,1,0,1.333,0.683,,,1,3,100.7,3.5,2230,96.8,96.97,1,7,3,0.20000000000000284,6.44,115,150,119,151,282,319,292,"-0.624","0.624",,,,3,2,0,0,0,1,1,33.3,0,0,"1.32","1.13","1.18","-0.01","92.2",109,100,50,33.33333333333333,5.74,2.38,0.54,2.62,0.333,1,"6.24",,,"-6.24",,,,,14.3,,,,,,,
10,681884,"Carpenter, D.J.",14,71.4,0,0,0,0,0,,,0,2,99.5,-9,2046,96.6,97.05,0,4,6,0.5,6.49,107,150,118,149,287,316,287,"0.352","-0.352",,,,2,2,0,0,0,0,0,0,0,0,"1.01","1.43","0.4","-0.04","93.8",127,100,0,0,6.99,-0.97,0.61,1.9,0,0,"-3.52",,,"3.52",,,,,0,,,,,,,
10,669416,"Enlow, Blayne",76,13.2,1,0,1,1,0.762,,,1,1,106.9,14,2398,95.3,95.56,2,4,6,0.29999999999999716,6.52,112,150,124,151,301,328,296,"-0.59","0.59",,,,3,1,1,0,0,0,0,0,2,66.7,"1.21","1.3","0.29","-0.14","97.4",256,100,0,0,5.86,-2.24,-0.09,3.22,1,0,"5.9",,,"-5.9",,,,,50,,,,,,,
9,814837,"Cravey, Jacob",24,37.5,,,,,0.698,,,0,0,,,2223,92.5,92.28,1,2,7,-0.20000000000000284,6.41,100,144,123,147,289,310,285,"-0.579","0.579",,,,1,0,0,0,0,0,0,0,1,100,"1.19","1.5","0.62","-0.4","93.3",189,,,,6.42,-1.24,-0.5,2.89,1,,"6.433333333",,,"-6.433333333",,,,,50,,,,,,,
9,683100,"Netz, Dawson",21,42.9,0.333,0,0.25,0.333,0.222,,,1,3,84.4,32.5,2246,92.7,92.07,1,6,3,-0.6000000000000085,5.87,107,148,108,148,298,324,311,"0.08","-0.08",,,,4,4,1,0,0,0,0,0,0,0,"1.51","1.14","0.23","-0.12","91.5",189,25,0,0,5.69,-2.25,0.74,2.48,0.25,0,"-0.888888889",,,"0.888888889",,,,,16.7,,,,,,,
9,674681,"Plassmeyer, Michael",82,11,0,0,0,0,0,,,0,2,93.1,39,2328,89,88.72,1,6,3,-0.29999999999999716,6.02,97,146,119,143,289,322,297,"0.367","-0.367",,,,2,2,0,0,0,0,0,0,0,0,"1.62","1.25","0.84","-0.46","90.5",243,50,0,0,5.28,3.32,0.11,3.45,0,0,"-4.077777778",,,"4.077777778",,,,,16.7,,,,,,,
9,815292,"Martinez-Gomez, Luis",17,52.9,0.25,0,0.333,0.25,0.222,,,1,4,98.5,10,2372,95,94.89,0,4,5,-0.09999999999999432,6.33,125,148,106,153,310,328,307,"0.567","-0.567",,,,4,3,1,0,0,0,1,25,0,0,"1.41","1.12","1.12","-1.12","95.9",205,33.33333333333333,0,0,5.46,-2.91,0.16,2.05,0.25,0,"-6.3",,,"6.3",,,,,0,,,,,,,
9,805774,"Louis, Gregori",17,52.9,0.333,0,0.333,0.333,0.297,,,1,3,90.2,-14,2182,92.6,91.68,1,6,3,-0.8999999999999915,5.93,105,146,117,149,279,303,288,"-0.023","0.023",,,,3,3,1,0,0,0,0,0,0,0,"1.28","1.4","0.86","0.53","93.1",58,50,0,0,6.4,0.99,0.45,2.45,0.333,0,"0.255555556",,,"-0.255555556",,,,,16.7,,,,,,,
9,694660,"Cohen, Harrison",54,16.7,0,0,0,0,0,,,0,2,91.7,54,2331,93.8,92.13,0,5,4,-1.7000000000000028,5.34,110,147,122,151,285,312,275,"-0.463","0.463",,,,2,2,0,0,0,0,0,0,0,0,"1.25","1.35","0.45","-0.05","89.8",240,0,0,0,5.61,-1.16,0.35,2.41,0,0,"5.144444444",,,"-5.144444444",,,,,0,,,,,,,
9,680897,"Nastrini, Nick",14,64.3,0,0,0,0,0.349,,,0,2,91.7,28,2295,92,93.1,0,2,7,1.0999999999999943,6.73,108,150,121,147,308,322,293,"0.066","-0.066",,,,4,2,0,0,0,0,0,0,2,50,"1.39","1.28","0.06","-0.01","91.8",114,50,0,0,6.01,-2.04,-0.06,1.66,0.5,0,"-0.733333333",,,"0.733333333",,,,,0,,,,,,,
9,686762,"Roberts, Austin",26,34.6,0,0,0,0,0.349,,,0,1,96.2,49,2409,92.5,92.39,2,5,4,-0.09999999999999432,6.21,114,153,120,147,303,316,290,"0.053","-0.053",,,,2,1,0,0,0,0,0,0,1,50,"1.44","1.23","0.9","0.54","90.7",255,100,0,0,5.61,-2.41,0.44,2.57,0.5,0,"-0.588888889",,,"0.588888889",,,,,40,,,,,,,
9,681084,"Andrews, Tanner",36,25,0,0,0,0,0,,,0,3,88.1,43.7,2048,93.5,92.81,1,6,3,-0.7000000000000028,6.11,112,151,121,150,302,312,280,"0.331","-0.331",,,,3,3,0,0,0,0,0,0,0,0,"1.23","1.4","0.73","0.14","89.8",212,0,0,0,6.54,-1.98,0.22,2.65,0,0,"-3.677777778",,,"3.677777778",,,,,16.7,,,,,,,
9,827610,"Cain, Brandon",28,32.1,0,0,0,0,0.364,,,0,1,77.8,74,2320,94.6,94.86,0,2,7,0.30000000000001137,6.41,113,149,111,146,292,312,261,"-0.32","0.32",,,,2,1,0,0,0,0,0,0,0,0,"1.27","1.27","0.64","0.36","88.0",181,0,0,0,5.73,-1.16,-0.87,2.37,0.5,0,"3.555555556",,,"-3.555555556",,,,,0,,,,,,,
9,701329,"Rujano, Luis",15,60,0.5,0,0.5,0.5,0.445,,,1,2,92.5,7.5,2358,95.1,95.41,0,3,6,0.30000000000001137,6.39,108,150,104,147,292,322,297,"-0.233","0.233",,,,2,2,1,0,0,0,0,0,0,0,"1.23","1.29","0.26","-0.16","96.7",202,50,0,0,5.99,-1.79,-0.21,2.23,0.5,0,"2.588888889",,,"-2.588888889",,,,,0,,,,,,,
9,641871,"Middleton, Keynan",37,24.3,0.5,0,0.5,0.5,0.445,,,1,2,69.1,52.5,2344,93.1,93.72,0,3,6,0.6000000000000085,6.59,104,151,121,148,301,323,288,"-0.397","0.397",,,,2,2,1,0,0,0,0,0,0,0,"1.29","1.33","0.4","0.18","88.0",110,0,0,0,5.89,-1.21,0.71,2.98,0.5,0,"4.411111111",,,"-4.411111111",,,,,0,,,,,,,
9,682754,"Mendez, Teofilo",24,37.5,0.667,0.667,0.667,1.333,0.84,,,2,3,100.1,1,2278,93.3,93.8,0,6,3,0.5,6.54,117,148,112,150,294,323,306,"-0.97","0.97",,,,3,3,0,2,0,0,0,0,0,0,"1.47","1.14","0.69","-0.69","94.0",148,100,33.33333333333333,33.33333333333333,5.54,-0.53,-0.15,2.99,0.667,1,"10.777777778",,,"-10.777777778",,,,,0,,,,,,,
9,689147,"Kerkering, Orion",16,56.3,0.5,0,0.5,0.5,0.445,,,1,2,101.9,0,2263,95.7,95.32,2,7,2,-0.4000000000000057,6.1,114,148,126,150,280,304,285,"0.011","-0.011",,,,2,2,1,0,0,0,0,0,0,0,"1.19","1.31","0.84","-0.06","93.5",143,100,0,0,6.08,-1.27,0.07,2.52,0.5,0,"-0.122222222",,,"0.122222222",,,,,28.6,,,,,,,
9,694346,"Gibson, Trey",134,6.7,0.5,1.5,0,2,1.024,,,1,2,102.6,12,1954,92.8,94.37,0,3,6,1.6000000000000085,7.08,117,147,116,151,272,300,279,"-1.53","1.53",,,,2,2,0,0,0,1,0,0,0,0,"1.48","1.15","0.83","-0.83","102.6",223,100,50,50,5.77,-2.88,-0.5,1.96,0.5,1,"17",,,"-17",,,,,0,,,,,,,
9,808970,"Go, Woo-Suk",18,50,0.8,1.2,0.667,2,1.175,,,4,5,98.5,22,2245,93.6,93.24,1,6,3,-0.3999999999999915,6.18,118,150,118,152,295,325,281,"-2.808","2.808",,,,5,5,2,0,0,2,0,0,0,0,"1.29","1.32","0.42","-0.03","101.2",266,80,20,20,5.14,-1.72,-0.31,2.38,0.8,1,"31.2",,,"-31.2",,,,,16.7,,,,,,,
9,668761,"Peluse, Colin",24,37.5,0.5,0.5,0.5,1,0.63,,,1,2,93.2,15,2293,91.7,90.47,0,2,7,-1.2000000000000028,5.8,110,152,115,145,292,324,296,"-0.674","0.674",,,,2,2,0,1,0,0,0,0,0,0,"1.11","1.63","0.56","0.14","96.0",244,50,50,50,6.15,-2.25,-0.2,2.13,0.5,1,"7.488888889",,,"-7.488888889",,,,,0,,,,,,,
9,672629,"Carrillo, Gerardo",83,10.8,,,,,,,,,,,,2176,96.5,96.74,1,4,5,0.20000000000000284,6.47,122,147,120,152,303,328,298,"-0.152","0.152",,,,,,,,,,,,,,"1.33","1.12","0.83","-0.37","94.2",244,,,,5.53,-2.64,-0.26,2.73,,,"1.688888889",,,"-1.688888889",,,,,25,,,,,,,
9,656986,"Sousa, Bennett",45,20,,,,,0.698,,,0,0,,,2124,93.7,93.58,0,5,4,-0.10000000000000853,6.22,113,153,121,148,306,322,281,"0.185","-0.185",,,,1,0,0,0,0,0,0,0,1,100,"1.28","1.31","0.23","-0.23","90.8",262,,,,6.41,0.83,-0.3,3.06,1,,"-2.055555556",,,"2.055555556",,,,,0,,,,,,,
9,699223,"Aquino, Patricio",23,39.1,0.333,0.333,0.333,0.667,0.49,,,1,3,93.6,9.3,2178,92.6,92.2,0,5,4,-0.3999999999999915,5.94,112,148,118,150,309,313,302,"-0.361","0.361",,,,4,3,0,1,0,0,0,0,1,25,"1.52","1.13","0.64","-0.33","91.3",173,33.33333333333333,33.33333333333333,25,5.66,-2.03,-0.67,3.09,0.5,1,"4.011111111",,,"-4.011111111",,,,,0,,,,,,,
9,663901,"Flynn, Michael",12,75,,,,,0.708,,,0,0,,,2063,91.9,91.68,0,1,8,-0.20000000000000284,6.12,118,150,119,150,281,315,296,"-0.558","0.558",,,,3,0,0,0,0,0,0,0,2,66.7,"1.62","1.07","0.75","-0.49","88.0",177,,,,5.59,-1.4,-0.72,3.15,1,,"6.2",,,"-6.2",,,,,0,,,,,,,
9,663903,"Singer, Brady",292,3.1,,,,,,,,,,,,2417,90.6,91.57,0,2,7,1,6.67,117,150,118,151,282,319,291,"-0.214","0.214",,,,,,,,,,,,,,"1.7","1.06","0.5","-0.09","88.0",254,,,,5.4,-1.24,0.33,3.65,,,"2.377777778",,,"-2.377777778",,,,,0,,,,,,,
9,671600,"Deese, Jaycob",26,34.6,1,0,1,1,0.762,,,1,1,61.1,-85,2336,92.8,91.79,0,3,6,-1,5.69,120,145,121,148,277,319,297,"-1.244","1.244",,,,3,1,1,0,0,0,0,0,2,66.7,"1.89","0.77","0.01","-0.02","96.0",7,0,0,0,5.47,-1.54,1.03,2.31,1,0,"13.822222222",,,"-13.822222222",,,,,0,,,,,,,
9,676390,"Mace, Tommy",42,21.4,0,0,0,0,0.233,,,0,2,102.8,-13,2149,94.3,95.66,1,3,6,1.4000000000000057,6.89,115,150,114,147,304,324,305,"0.149","-0.149",,,,3,1,0,0,0,0,1,33.3,1,33.3,"1.49","1.06","0.65","0.01","95.4",106,100,0,0,5.69,-2.23,-0.32,2.73,0.333,0,"-1.655555556",,,"1.655555556",,,,,33.3,,,,,,,
9,607481,"Bummer, Aaron",69,13,0,0,0,0,0.243,,,0,2,78.1,-17,2123,90.9,91.42,2,4,5,0.5,6.61,110,152,122,147,315,325,291,"0.147","-0.147",,,,3,1,0,0,0,0,1,33.3,0,0,"1.82","0.93","0.7","-0.56","88.0",127,0,0,0,5.02,1.94,0.04,3.41,0.333,0,"-1.633333333",,,"1.633333333",,,,,50,,,,,,,
9,642239,"Zastryzny, Rob",26,34.6,0.5,0,0.5,0.5,0.445,,,1,2,94,-5,2480,90.8,91.37,0,5,4,0.6000000000000085,6.44,112,149,110,149,295,319,307,"-0.045","0.045",,,,2,2,1,0,0,0,0,0,0,0,"1.68","1.07","0.12","0.07","93.1",135,50,0,0,5.55,2.05,-0.41,2.58,0.5,0,"0.5",,,"-0.5",,,,,0,,,,,,,
9,622256,"Weigel, Patrick",52,17.3,0.5,0.75,0.5,1.25,0.734,,,2,4,99.1,19.3,2243,93.3,93.42,0,5,4,0.10000000000000853,6.4,112,150,115,149,300,313,277,"-0.609","0.609",,,,4,3,1,0,0,1,1,25,0,0,"1.7","0.92","0.51","-0.04","94.6",258,66.66666666666666,33.33333333333333,25,5.66,-2.85,0.29,2.19,0.5,1,"6.766666667",,,"-6.766666667",,,,,0,,,,,,,
9,688519,"Whiting, Sam",17,52.9,0,0,0,0,0.465,,,0,1,68.4,-38,2071,92.5,92.34,1,4,5,-0.20000000000000284,6.18,102,152,124,150,302,336,300,"-0.106","0.106",,,,3,1,0,0,0,0,0,0,2,66.7,"1.26","1.4","0.05","0.05","88.0",94,0,0,0,6.21,-1.34,0.21,2.19,0.667,0,"1.177777778",,,"-1.177777778",,,,,25,,,,,,,
9,605335,"Leibrandt, Brandon",25,36,0.25,0,0.25,0.25,0.222,,,1,4,98.1,4.5,2141,89.5,89.48,1,7,2,0,6.39,110,150,124,146,317,347,297,"0.257","-0.257",,,,4,4,1,0,0,0,0,0,0,0,"1.44","1.42","0.45","-0.06","94.7",164,75,0,0,6.32,1.48,0.31,2.48,0.25,0,"-2.855555556",,,"2.855555556",,,,,14.3,,,,,,,
9,680734,"Luckham, Kyle",41,22,0,0,0,0,0,,,0,2,100.3,27,2239,94,93.67,3,6,3,-0.29999999999999716,6.18,119,143,114,143,292,316,302,"0.606","-0.606",,,,2,1,0,0,0,0,1,50,0,0,"1.2","1.39","0.38","-0.38","94.2",222,100,100,50,5.93,-0.99,0.05,2.87,0,1,"-6.733333333",,,"6.733333333",,,,,50,,,,,,,
9,666974,"Cano, Yennier",107,8.4,0,0,0,0,0,,,0,5,81.1,15.8,2159,95,94.44,1,6,3,-0.5999999999999943,5.97,117,148,118,149,289,309,283,"1.376","-1.376",,,,5,4,0,0,0,0,1,20,0,0,"1.88","0.65","1.06","0.34","90.2",89,25,0,0,5.43,-2.38,0.18,2.73,0,0,"-15.288888889",,,"15.288888889",,,,,16.7,,,,,,,
9,800212,"Peña, Francis",71,12.7,0,0,0,0,0,,,0,1,105.2,7,1910,92.8,95.33,2,5,4,2.5,7.49,111,150,124,149,297,325,294,"0.614","-0.614",,,,1,1,0,0,0,0,0,0,0,0,"1.96","0.66","0.61","0.4","93.7",235,100,0,0,5.51,-0.45,0.2,2.42,0,0,"-6.822222222",,,"6.822222222",,,,,40,,,,,,,
9,691908,"Velasquez, Giussepe",18,50,0,0,,0,0,,,0,1,,,2228,92.5,92.84,2,5,4,0.29999999999999716,6.38,104,152,112,145,277,323,284,"0.399","-0.399",,,,1,0,0,0,0,0,1,100,0,0,"1.73","0.92","0.1","0.15","92.8",137,,,,5.6,-2.28,0.68,2.67,0,,"-4.433333333",,,"4.433333333",,,,,40,,,,,,,
9,621199,"Bowman, Matt",125,7.2,0.333,0,0.333,0.333,0.297,,,1,3,84.5,-11.7,2131,91.5,92.3,1,6,3,0.7999999999999972,6.72,110,141,119,143,282,311,286,"-0.017","0.017",,,,3,3,1,0,0,0,0,0,0,0,"1.56","1.16","0.58","-0.23","88.9",129,0,0,0,6.11,-3.16,-0.25,3.14,0.333,0,"0.188888889",,,"-0.188888889",,,,,16.7,,,,,,,
8,643377,"Jax, Griffin",64,12.5,0.5,0,0.5,0.5,0.445,,,1,2,95.4,11.5,2433,96,95.96,0,5,3,0,6.34,103,141,111,143,287,313,298,"-0.156","0.156",,,,2,2,1,0,0,0,0,0,0,0,"1.31","1.17","0.79","0.1","91.7",183,50,0,0,5.42,-0.85,-0.42,2.49,0.5,0,"1.95",,,"-1.95",,,,,0,,,,,,,
8,592836,"Walker, Taijuan",89,9,0,0,0,0,0,,,0,1,101.1,39,2101,91.2,90.65,1,3,5,-0.5,5.95,118,141,99,143,283,314,289,"0.431","-0.431",,,,1,1,0,0,0,0,0,0,0,0,"1.25","1.49","0.84","-0.64","95.8",255,100,0,0,6.6,-1.6,-0.28,2.52,0,0,"-5.3875",,,"5.3875",,,,,33.3,,,,,,,
8,657240,"Merryweather, Julian",13,61.5,0,0,,0,0,,,0,1,,,2290,96.3,96.51,0,1,7,0.20000000000000284,6.71,100,144,126,146,309,334,291,"0.224","-0.224",,,,1,0,0,0,0,0,1,100,0,0,"1.04","1.45","0.83","0.83","108.6",318,,,,6.15,-1.41,0.21,1.78,0,,"-2.8",,,"2.8",,,,,0,,,,,,,
8,672582,"Zerpa, Angel",41,19.5,0,0,0,0,0,,,0,2,83.2,-2.5,1989,94.2,93,0,3,5,-1.2000000000000028,5.46,102,151,121,150,303,322,294,"0.376","-0.376",,,,2,2,0,0,0,0,0,0,0,0,"1.73","0.83","0.7","-0.5","90.2",151,0,0,0,5.34,2.67,-0.42,3.31,0,0,"-4.7",,,"4.7",,,,,0,,,,,,,
8,803285,"Bremner, Tyler",22,36.4,,,,,0.698,,,0,0,,,2166,98,97.5,1,2,6,-0.4000000000000057,6.16,97,144,103,145,297,333,299,"-0.373","0.373",,,,1,0,0,0,0,0,0,0,1,100,"1.15","1.24","0.69","-0.51","88.0",228,,,,5.89,-1.98,1.33,2.26,1,,"4.6625",,,"-4.6625",,,,,50,,,,,,,
8,806652,"Edwards, Jacob",16,50,0.333,0,0.333,0.333,0.297,,,1,3,76.6,-21,2086,90.8,90.06,1,6,2,-0.7000000000000028,5.69,108,150,120,145,287,327,303,"0.182","-0.182",,,,3,3,1,0,0,0,0,0,0,0,"1.93","0.82","0.08","-0.08","88.3",136,0,0,0,5.63,1.84,0.21,2.48,0.333,0,"-2.275",,,"2.275",,,,,16.7,,,,,,,
8,679928,"McKendry, Evan",44,18.2,0.5,1.5,0,2,0.926,,,1,2,98.3,33.5,2022,91.1,90.88,2,5,3,-0.19999999999998863,6.33,110,147,119,149,283,321,287,"-0.832","0.832",,,,3,2,0,0,0,1,0,0,0,0,"1.54","1.23","0.99","-0.54","95.7",212,50,50,33.33333333333333,5.3,-2.27,0.27,3.22,0.667,1,"10.4",,,"-10.4",,,,,40,,,,,,,
8,806585,"Dallas, Jack",51,15.7,0.667,1.667,0.5,2.333,1.093,,,2,3,100.3,30.3,2467,93.9,93.58,0,5,3,-0.20000000000000284,6.1,108,135,102,134,277,316,278,"-2.152","2.152",,,,4,3,0,0,1,1,0,0,0,0,"1.31","1.27","0.49","-0.32","95.4",299,66.66666666666666,66.66666666666666,50,5.49,-3.12,0.38,2.4,0.75,2,"26.9",,,"-26.9",,,,,0,,,,,,,
8,543056,"Coulombe, Danny",40,20,0,0,,0,0,,,0,1,,,2440,90.2,89.3,1,2,6,-0.9000000000000057,5.79,101,149,113,142,272,301,282,"0.024","-0.024",,,,1,0,0,0,0,0,1,100,0,0,"1.44","1.36","-0.08","0.08","88.0",2,,,,6.2,-0.39,-0.1,2.67,0,,"-0.3",,,"0.3",,,,,50,,,,,,,
8,810897,"Beilenson, Charlie",48,16.7,0.333,0,0.5,0.333,0.297,,,1,3,91.8,16,2151,93,92.34,1,6,2,-0.7000000000000028,5.76,112,146,115,149,293,319,300,"0.286","-0.286",,,,3,2,1,0,0,0,1,33.3,0,0,"1.51","1.11","0.24","-0.03","90.8",239,50,0,0,5.89,-1.82,-0.16,3.03,0.333,0,"-3.575",,,"3.575",,,,,16.7,,,,,,,
8,671726,"Grissom Jr., Marquis",29,27.6,0,0,0,0,0.182,,,0,3,96.7,-16.7,2162,93.2,92.88,0,4,4,-0.29999999999999716,6.05,118,150,113,149,282,318,291,"0.533","-0.533",,,,4,3,0,0,0,0,0,0,0,0,"1.26","1.36","1","-0.02","97.2",96,66.66666666666666,0,0,5.88,-1.98,-0.31,2.67,0.25,0,"-6.6625",,,"6.6625",,,,,0,,,,,,,
8,805266,"Bimbi, Jacob",30,26.7,,,,,0.698,,,0,0,,,2347,93.9,93.39,0,1,7,-0.5,6.09,100,148,121,145,296,312,287,"-0.382","0.382",,,,1,0,0,0,0,0,0,0,1,100,"1.59","1","0.58","-0.58","102.8",6,,,,5.49,2.26,0,3.18,1,,"4.775",,,"-4.775",,,,,0,,,,,,,
8,666748,"Neunborn, Mitch",18,44.4,1,0,1,1,0.89,,,1,1,70.3,32,2183,90.6,90.59,1,3,5,0,6.26,105,151,118,145,292,304,281,"-0.37","0.37",,,,1,1,1,0,0,0,0,0,0,0,"1.3","1.47","0.81","0.81","88.0",214,0,0,0,5.65,-1.47,-0.01,2.37,1,0,"4.625",,,"-4.625",,,,,33.3,,,,,,,
8,691384,"Perales, Luis",24,33.3,0,0,0,0,0,,,0,2,96.2,38.5,,99.6,99.31,0,2,6,-0.29999999999999716,6.15,122,147,117,150,289,322,308,"0.269","-0.269",,,,2,2,0,0,0,0,0,0,0,0,"0.79","1.51","0.62","-0.49","96.2",310,100,0,0,6.1,-0.81,0.74,2.58,0,0,"-3.3625",,,"3.3625",,,,,0,,,,,,,
8,682126,"Reifert, Evan",41,19.5,0.5,1.5,,2,1.024,,,1,2,103.4,24,2301,93.4,93.39,1,4,4,0,6.26,120,149,126,151,290,339,295,"-1.194","1.194",,,,2,1,0,0,0,1,1,50,0,0,"1.46","1.15","0.6","-0.4","93.1",273,100,100,50,5.89,-1.98,-0.37,3.21,0.5,1,"14.925",,,"-14.925",,,,,25,,,,,,,
8,677312,"Mills, Zane",54,14.8,0.333,0.333,0.333,0.667,0.42,,,1,3,82.4,21.7,2331,95.4,96.32,0,5,3,0.8999999999999915,6.81,119,150,119,150,282,331,307,"-0.294","0.294",,,,3,3,0,1,0,0,0,0,0,0,"1.23","1.27","0.67","-0.37","92.6",145,33.33333333333333,0,0,5.71,-2.39,0.34,3.11,0.333,0,"3.675",,,"-3.675",,,,,0,,,,,,,
8,679857,"Tavera, Carlos",30,26.7,0,0,0,0,0,,,0,1,56,56,2381,94.7,94.46,0,3,5,-0.20000000000000284,6.13,101,146,127,149,284,310,288,"0.21","-0.21",,,,1,1,0,0,0,0,0,0,0,0,"1.02","1.53","0.64","-0.04","88.0",179,0,0,0,5.93,-0.59,-0.72,2.52,0,0,"-2.625",,,"2.625",,,,,0,,,,,,,
8,822760,"Garcia, Sam",21,38.1,0,0,0,0,0,,,0,2,86.5,25,1957,91.7,92.91,1,5,3,1.2000000000000028,6.83,109,145,126,151,293,318,304,"0.513","-0.513",,,,2,2,0,0,0,0,0,0,0,0,"1.42","1.28","0.64","0.28","88.0",172,0,0,0,5.7,2.44,-0.18,3.12,0,0,"-6.4125",,,"6.4125",,,,,20,,,,,,,
8,681004,"Carey, Jack",15,53.3,0.333,0,0.333,0.333,0.397,,,1,3,85.9,-4,2068,91.4,91.94,0,4,4,0.6000000000000085,6.65,105,149,119,148,304,321,286,"0.149","-0.149",,,,4,3,1,0,0,0,0,0,1,25,"1.2","1.53","0.68","0.22","93.7",55,33.33333333333333,0,0,5.91,-2.17,0.23,2.13,0.5,0,"-1.8625",,,"1.8625",,,,,0,,,,,,,
8,808051,"Paredes, Wilkin",35,22.9,0,0,,0,0.349,,,0,1,,,2127,91.2,90.64,1,2,6,-0.6000000000000085,5.78,103,137,112,135,286,301,288,"-0.21","0.21",,,,2,0,0,0,0,0,1,50,1,50,"1.76","0.97","0.63","0.03","107.4",315,,,,6.1,1.36,-0.06,3.49,0.5,,"2.625",,,"-2.625",,,,,50,,,,,,,
8,676879,"Ashby, Aaron",148,5.4,0,0,0,0,0.349,,,0,1,91.3,29,2143,95.7,94.53,1,5,3,-1.2000000000000028,5.39,103,151,122,148,302,320,294,"0.014","-0.014",,,,2,1,0,0,0,0,0,0,1,50,"1.46","1.02","0.46","-0.23","93.1",173,0,0,0,6.6,0.44,-0.59,3.36,0.5,0,"-0.175",,,"0.175",,,,,20,,,,,,,
8,700322,"Key, Keythel",29,27.6,1,0.5,1,1.5,0.949,,,2,2,111.4,5.5,,93.8,94.11,1,5,3,0.29999999999999716,6.33,110,130,111,133,291,311,299,"-1.233","1.233",,,,3,2,1,1,0,0,0,0,1,33.3,"1.51","1.06","0.45","-0.12","103.6",174,100,50,33.33333333333333,5.22,-1.81,0.13,2.81,1,1,"15.4125",,,"-15.4125",,,,,20,,,,,,,
8,806064,"Echavarria, Steven",15,53.3,0,0,0,0,0,,,0,2,68.9,11,2079,98.1,97.87,3,6,2,-0.19999999999998863,6,122,148,125,153,293,325,298,"0.53","-0.53",,,,2,1,0,0,0,0,1,50,0,0,"1.16","1.2","0.49","-0.35","88.0",172,0,0,0,6.34,-2.22,0.03,2.89,0,0,"-6.625",,,"6.625",,,,,50,,,,,,,
8,814492,"Watson, Will",40,20,0,0,,0,0,,,0,2,,,2164,93.1,92.91,2,4,4,-0.19999999999998863,6.36,113,146,131,150,291,317,290,"0.274","-0.274",,,,2,0,0,0,0,0,2,100,0,0,"1.28","1.37","0.87","0.43","88.0",250,,,,4.99,-1.97,-0.05,2.45,0,,"-3.425",,,"3.425",,,,,50,,,,,,,
8,695534,"Petty, Chase",64,12.5,1,1,1,2,0.979,,,1,1,105.4,3,2253,97.1,96.85,0,4,4,-0.29999999999999716,6.25,116,148,124,149,292,315,296,"-0.822","0.822",,,,2,1,0,1,0,0,0,0,1,50,"1.42","1.01","1.17","-0.34","92.4",167,100,0,0,5.59,-1.82,0.17,2.7,1,0,"10.275",,,"-10.275",,,,,0,,,,,,,
8,804556,"Nett, Braden",16,50,0.5,0.25,0.667,0.75,0.538,,,2,4,96.9,18.3,2242,96.3,96.25,1,4,4,-0.09999999999999432,6.28,109,148,122,152,293,312,283,"-0.817","0.817",,,,4,3,1,1,0,0,1,25,0,0,"1.41","1.05","0.5","-0.31","96.9",279,66.66666666666666,33.33333333333333,25,5.75,-2.02,-0.26,3.12,0.5,1,"10.2125",,,"-10.2125",,,,,25,,,,,,,
8,657277,"Webb, Logan",150,5.3,0,0,0,0,0,,,0,4,82.5,-34.5,1985,91.5,92.14,1,4,4,0.6999999999999886,6.61,113,151,123,150,300,331,304,"0.725","-0.725",,,,4,2,0,0,0,0,2,50,0,0,"2.04","0.69","0.86","0.31","93.6",64,50,0,0,5.22,-1.78,-0.09,2.89,0,0,"-9.0625",,,"9.0625",,,,,25,,,,,,,
8,681256,"Mejia, Ian",29,27.6,0.5,0,0.333,0.5,0.397,,,1,2,92.6,33,2243,93.6,93.67,0,6,2,0.20000000000000284,6.47,119,148,109,152,299,328,295,"-0.18","0.18",,,,4,3,1,0,0,0,0,0,1,25,"1.32","1.29","0.49","-0.49","92.3",189,66.66666666666666,0,0,5.83,-1.42,0.6,2.36,0.5,0,"2.25",,,"-2.25",,,,,0,,,,,,,
7,692030,"Corniell, Jose",16,43.8,0,0,0,0,0.349,,,0,1,100.3,-2,2061,94.3,95.26,0,3,4,1,6.8,108,145,127,152,310,323,313,"-0.118","0.118",,,,2,1,0,0,0,0,0,0,1,50,"1.41","1.15","0.83","-0.59","93.5",210,100,0,0,5.73,-1.46,0.06,2.87,0.5,0,"1.685714286",,,"-1.685714286",,,,,0,,,,,,,
7,670234,"Shuman, Seth",20,35,0.5,0,1,0.5,0.445,,,1,2,93.6,11,2501,95.8,95.36,1,6,1,-0.3999999999999915,5.9,123,148,121,153,295,320,298,"-0.321","0.321",,,,2,1,1,0,0,0,1,50,0,0,"1.31","1.16","0.32","-0.32","89.4",189,0,0,0,5.68,-2.52,0.42,3.01,0.5,0,"4.585714286",,,"-4.585714286",,,,,16.7,,,,,,,
7,804530,"Dzierwa, Joseph",10,70,0,0,0,0,0,,,0,1,89.9,7,2252,94.1,94.64,1,2,5,0.5,6.53,112,147,119,148,289,306,284,"0.461","-0.461",,,,1,1,0,0,0,0,0,0,0,0,"1.4","1.18","1.16","-0.51","89.0",118,0,0,0,5.72,1.3,-0.75,2.52,0,0,"-6.585714286",,,"6.585714286",,,,,50,,,,,,,
7,641835,"Mayza, Tim",150,4.7,0,0,0,0,0,,,0,2,90.2,38,1933,93.6,94.46,1,4,3,0.9000000000000057,6.86,101,149,117,144,289,320,278,"0.384","-0.384",,,,2,2,0,0,0,0,0,0,0,0,"1.56","1.04","0.62","-0.62","93.9",284,50,50,50,6.06,1.84,-0.24,3.48,0,1,"-5.485714286",,,"5.485714286",,,,,25,,,,,,,
7,695063,"Beal, Noah",17,41.2,,,,,0.698,,,0,0,,,2204,92.1,92.09,1,3,4,0,6.29,107,150,127,148,282,317,275,"-0.215","0.215",,,,1,0,0,0,0,0,0,0,1,100,"1.24","1.45","0.54","-0.11","88.0",178,,,,6.3,-2.25,-0.26,3.26,1,,"3.071428571",,,"-3.071428571",,,,,33.3,,,,,,,
7,669436,"Heatherly, Jacob",11,63.6,0,0,0,0,0,,,0,2,82.5,-6,2078,95.2,95.87,0,1,6,0.7000000000000028,6.57,111,150,123,148,307,326,293,"0.536","-0.536",,,,2,1,0,0,0,0,1,50,0,0,"1.47","1.04","0.39","-0.39","88.0",24,0,0,0,5.69,2.08,-0.47,2.57,0,0,"-7.657142857",,,"7.657142857",,,,,0,,,,,,,
7,696148,"Burhenn, Garrett",30,23.3,1,0,1,1,0.89,,,2,2,92.4,19,2024,90.2,89.73,2,5,2,-0.5,6.2,120,147,126,151,296,326,298,"-0.985","0.985",,,,2,2,2,0,0,0,0,0,0,0,"1.58","1.25","0.84","-0.6","95.4",226,50,0,0,6.08,-1.96,-0.56,2.92,1,0,"14.071428571",,,"-14.071428571",,,,,40,,,,,,,
7,815045,"Cawyer, Zachary",12,58.3,0,0,0,0,0,,,0,2,77,-14,2259,95,95.37,1,4,3,0.4000000000000057,6.39,104,146,115,147,297,321,293,"0.557","-0.557",,,,2,2,0,0,0,0,0,0,0,0,"1.16","1.35","0.2","0","88.9",126,0,0,0,6.58,-0.97,0.25,1.93,0,0,"-7.957142857",,,"7.957142857",,,,,25,,,,,,,
7,702712,"Biven, Tucker",21,33.3,0.5,1.5,,2,1.024,,,1,2,103.3,33,2138,94.6,,3,5,2,,,126,146,123,150,279,325,288,"-0.702","0.702",,,,2,1,0,0,0,1,1,50,0,0,"1.54","1.01","0.52","-0.33","95.7",199,100,100,50,5.96,-2.07,-0.68,2.77,0.5,1,"10.028571429",,,"-10.028571429",,,,,60,,,,,,,
7,668831,"Stallings, Garrett",73,9.6,0.5,0,0.5,0.5,0.445,,,1,2,74.3,27.5,1934,92.5,93.27,0,4,3,0.7999999999999972,6.59,90,139,106,143,298,315,290,"-0.448","0.448",,,,2,2,1,0,0,0,0,0,0,0,"1.28","1.38","0.15","0","92.1",184,50,0,0,5.57,-0.64,0.72,2.88,0.5,0,"6.4",,,"-6.4",,,,,0,,,,,,,
7,684949,"Leigh, Zac",19,36.8,0,0,,0,0.349,,,0,1,,,2287,94.2,95.01,1,2,5,0.7999999999999972,6.74,113,147,118,145,298,327,304,"0.208","-0.208",,,,2,0,0,0,0,0,1,50,1,50,"1.7","0.88","0.01","-0.02","88.0",257,,,,5.42,-2.19,0.46,3.5,0.5,,"-2.971428571",,,"2.971428571",,,,,50,,,,,,,
7,677865,"Bruihl, Justin",150,4.7,0,0,0,0,0,,,0,2,,,2238,92,92.69,0,3,4,0.7000000000000028,6.7,112,149,118,148,288,316,284,"0.189","-0.189",,,,2,1,0,0,0,0,1,50,0,0,"1.79","0.9","0.59","-0.25","88.0",212,,,,5.08,3.13,-0.6,3.54,0,,"-2.7",,,"2.7",,,,,0,,,,,,,
7,807575,"Schuelke, Cam",51,13.7,,,,,0.698,,,0,0,,,2153,85.2,83.99,0,1,6,-1.2000000000000028,5.73,118,153,119,150,302,328,306,"-0.38","0.38",,,,3,0,0,0,0,0,0,0,3,100,"2.96","0.21","1.45","0.64","88.0",157,,,,3.55,-2.97,0.6,2.77,1,,"5.428571429",,,"-5.428571429",,,,,0,,,,,,,
7,665660,"Alvarado, Elvis",63,11.1,0,0,,0,0,,,0,1,,,2449,98.4,97.29,1,3,4,-1.1000000000000085,5.71,115,147,127,147,287,308,291,"0.209","-0.209",,,,1,0,0,0,0,0,1,100,0,0,"1.2","1.16","1.1","-0.82","88.0",5,,,,5.7,-2.58,-0.12,3.12,0,,"-2.985714286",,,"2.985714286",,,,,33.3,,,,,,,
7,592094,"Adam, Jason",21,33.3,0,0,0,0,0,,,0,2,89.1,30.5,2371,93.3,93.43,0,2,5,0.10000000000000853,6.46,113,153,126,150,298,320,300,"0.436","-0.436",,,,2,2,0,0,0,0,0,0,0,0,"1.33","1.29","0.81","0.34","94.9",105,50,0,0,6.33,-0.98,-0.04,2.63,0,0,"-6.228571429",,,"6.228571429",,,,,0,,,,,,,
7,689337,"Bowman, Kaleb",56,12.5,0,0,,0,0.349,,,0,1,,,2244,92.6,91.54,1,2,5,-1.0999999999999943,5.99,99,150,116,147,303,331,297,"0.125","-0.125",,,,2,0,0,0,0,0,1,50,1,50,"1.68","1.02","1.16","-0.09","88.0",259,,,,4.83,-3.22,-0.09,2.57,0.5,,"-1.785714286",,,"1.785714286",,,,,50,,,,,,,
7,804926,"Peterson, Austin",35,20,0.667,0,0.667,0.667,0.619,,,2,3,89.9,12.7,2316,93.1,94.17,1,4,3,1.1000000000000085,6.97,106,149,122,152,301,321,298,"-0.903","0.903",,,,4,3,2,0,0,0,0,0,1,25,"1.27","1.37","0.73","-0.53","95.9",173,66.66666666666666,0,0,5.73,-1.4,0.1,2.76,0.75,0,"12.9",,,"-12.9",,,,,25,,,,,,,
7,702352,"Bivens, Spencer",176,4,0,0,0,0,0,,,0,1,106.9,-5,1918,93.7,94.1,0,4,3,0.3999999999999915,6.53,102,147,122,149,301,327,299,"0.331","-0.331",,,,1,1,0,0,0,0,0,0,0,0,"1.64","0.95","0.64","-0.18","92.7",178,100,0,0,6.06,-2.09,-0.2,3.29,0,0,"-4.728571429",,,"4.728571429",,,,,0,,,,,,,
7,809109,"Angelo, Roman",34,20.6,1,0,1,1,0.89,,,1,1,102.4,13,2238,93.4,94.1,1,4,3,0.6999999999999886,6.56,97,143,98,138,293,316,305,"-0.43","0.43",,,,1,1,1,0,0,0,0,0,0,0,"1.6","0.99","0.76","-0.76","95.2",201,100,0,0,5.7,-1.66,0.45,2.77,1,0,"6.142857143",,,"-6.142857143",,,,,25,,,,,,,
7,687259,"Bell, Luke",25,28,0.5,1,0.333,1.5,0.827,,,2,4,89.7,30.8,2076,90.5,90.93,0,6,1,0.4000000000000057,6.43,108,142,122,144,292,329,299,"-1.059","1.059",,,,4,4,0,1,0,1,0,0,0,0,"1.49","1.28","0.13","0.02","92.3",269,50,25,25,5.82,-1.37,0.57,3.2,0.5,1,"15.128571429",,,"-15.128571429",,,,,0,,,,,,,
7,687916,"Jasiak, Jack",35,20,0.5,0,0.5,0.5,0.445,,,1,2,90,5.5,2126,93.1,93.5,1,5,2,0.4000000000000057,6.61,115,150,122,151,301,322,299,"0.007","-0.007",,,,2,2,1,0,0,0,0,0,0,0,"1.52","1.12","1.05","0.09","89.0",186,0,0,0,5.49,-1.56,0.15,2.85,0.5,0,"-0.1",,,"0.1",,,,,20,,,,,,,
7,700786,"Sears, Ben",79,8.9,0,0,,0,0,,,0,1,,,2217,94,94.16,1,4,3,0.20000000000000284,6.23,102,148,122,147,293,317,292,"0.22","-0.22",,,,1,0,0,0,0,0,1,100,0,0,"1.55","1.02","0.56","0.11","88.0",272,,,,5.68,-1.91,-0.57,2.92,0,,"-3.142857143",,,"3.142857143",,,,,25,,,,,,,
7,692589,"Juarez, Victor",26,26.9,,,,,,,,,,,,1987,92.8,91.6,2,2,5,-1.2000000000000028,5.67,125,149,125,151,292,318,295,"0.029","-0.029",,,,,,,,,,,,,,"1.49","1.17","0.74","-0.51",,,,,,6.07,-2.03,0.54,1.66,,,"-0.414285714",,,"0.414285714",,,,,100,,,,,,,
7,640470,"Alzolay, Adbert",30,23.3,0,0,0,0,0,,,0,1,84.9,49,2302,94.1,93.39,0,3,4,-0.6999999999999886,6.14,107,143,118,147,286,316,286,"0.41","-0.41",,,,1,1,0,0,0,0,0,0,0,0,"1.17","1.43","0.76","-0.58","88.0",212,0,0,0,6.12,-1.28,0.03,2.59,0,0,"-5.857142857",,,"5.857142857",,,,,0,,,,,,,
7,694738,"Roupp, Landen",243,2.9,0.5,0,0.5,0.5,0.445,,,1,2,70.6,-37,2154,93.7,93.69,0,4,3,0,6.3,106,146,117,149,302,327,301,"-0.428","0.428",,,,2,2,1,0,0,0,0,0,0,0,"1.78","0.81","1.07","-0.46","88.0",86,0,0,0,5.37,-1.75,0.23,3.62,0.5,0,"6.114285714",,,"-6.114285714",,,,,0,,,,,,,
7,802180,"Bourassa, Ryan",18,38.9,0,0,0,0,0,,,0,1,87.5,26,2343,91.1,91,1,4,3,-0.09999999999999432,6.47,104,150,126,150,295,319,295,"0.282","-0.282",,,,1,1,0,0,0,0,0,0,0,0,"1.14","1.63","0.24","0.1","88.0",233,0,0,0,6.43,-1.33,0.29,2.64,0,0,"-4.028571429",,,"4.028571429",,,,,25,,,,,,,
7,695065,"Costeiu, Ryan",40,17.5,0,0,0,0,0.233,,,0,2,,,2190,92.7,92.02,1,3,4,-0.7000000000000028,6.34,102,147,109,149,294,325,300,"0.34","-0.34",,,,3,1,0,0,0,0,1,33.3,1,33.3,"1.33","1.34","0.58","-0.26",,,,,,5.88,-0.8,0.27,1.27,0.333,,"-4.857142857",,,"4.857142857",,,,,33.3,,,,,,,
7,805783,"Nichols, Mason",9,77.8,0,0,0,0,0,,,0,2,100.3,36.5,2360,94.5,94.36,1,4,3,-0.09999999999999432,6.33,116,149,123,149,302,343,295,"0.634","-0.634",,,,2,2,0,0,0,0,0,0,0,0,"1.07","1.5","0.71","0.09","96.2",244,100,50,50,6.06,-1.17,0.34,2.63,0,1,"-9.057142857",,,"9.057142857",,,,,25,,,,,,,
7,678061,"Kerr, Ray",10,70,0,0,0,0,0,,,0,1,96.5,27,2184,93,93.14,1,2,5,0.09999999999999432,6.74,,,,,,,,"0.328","-0.328",,,,1,1,0,0,0,0,0,0,0,0,"1.35","1.32","0.71","0.12","92.2",321,100,0,0,5.64,2.54,0.43,2.66,0,0,"-4.685714286",,,"4.685714286",,,,,50,,,,,,,
7,687287,"Monteverde, Patrick",59,11.9,0.5,0,0.5,0.5,0.445,,,1,2,99.4,27,2050,89.6,89.36,1,6,1,-0.19999999999998863,6.16,112,148,129,149,289,321,271,"-0.222","0.222",,,,2,2,1,0,0,0,0,0,0,0,"1.49","1.35","0.85","0.12","91.8",230,50,0,0,5.95,1.22,-0.04,3.02,0.5,0,"3.171428571",,,"-3.171428571",,,,,16.7,,,,,,,
7,641656,"Hamilton, Ian",46,15.2,0.5,0,0.5,0.5,0.445,,,1,2,97,10,2223,92.1,90.57,0,3,4,-1.5,5.56,119,149,121,150,304,318,293,"-0.297","0.297",,,,2,2,1,0,0,0,0,0,0,0,"1.42","1.29","0.93","-0.15","100.5",110,50,0,0,5.93,-2.56,0.23,2.91,0.5,0,"4.242857143",,,"-4.242857143",,,,,0,,,,,,,
7,801453,"Stasio, Cole",21,33.3,0,0,0,0,0,,,0,1,84.4,30,2404,93,92.53,1,6,1,-0.5,6.2,107,149,121,151,306,327,305,"0.473","-0.473",,,,1,1,0,0,0,0,0,0,0,0,"1.23","1.42","0.59","-0.21","89.9",187,0,0,0,5.73,-3.34,-0.14,2.62,0,0,"-6.757142857",,,"6.757142857",,,,,16.7,,,,,,,
7,800049,"Mazur, Adam",42,16.7,0,0,0,0,0,,,0,2,95.5,22,2375,94,93.93,0,2,5,-0.09999999999999432,6.06,110,148,113,150,273,308,285,"0.325","-0.325",,,,2,2,0,0,0,0,0,0,0,0,"1.09","1.48","0.37","-0.18","95.5",250,50,0,0,6.2,-2.25,-0.1,3.5,0,0,"-4.642857143",,,"4.642857143",,,,,0,,,,,,,
7,805315,"Walsh, Michael",23,30.4,0.5,0.5,0.5,1,0.63,,,1,2,99.6,23.5,2438,94.7,93.81,0,5,2,-0.9000000000000057,5.57,119,149,129,151,272,319,295,"-0.257","0.257",,,,2,2,0,1,0,0,0,0,0,0,"1.89","0.64","0.34","-0.19","93.8",151,100,0,0,5.6,-1.61,0.13,2.5,0.5,0,"3.671428571",,,"-3.671428571",,,,,0,,,,,,,
7,694674,"Menendez, Antonio",48,14.6,0.5,1.5,0,2,1.024,,,1,2,84.5,42,2203,91.2,91.73,0,4,3,0.5,6.51,114,141,112,150,281,322,293,"-0.865","0.865",,,,2,2,0,0,0,1,0,0,0,0,"1.94","0.79","0.85","-0.85","93.9",238,50,50,50,4.53,-3.64,-0.03,2.86,0.5,1,"12.357142857",,,"-12.357142857",,,,,0,,,,,,,
7,690294,"Murphy, Shane",36,19.4,0,0,0,0,0,,,0,2,81.9,61,2221,89,88.94,1,3,4,-0.09999999999999432,6.31,109,147,116,149,291,325,302,"0.208","-0.208",,,,2,1,0,0,0,0,1,50,0,0,"1.4","1.48","0.52","-0.03","88.2",311,0,0,0,6.43,0.36,0.25,3.01,0,0,"-2.971428571",,,"2.971428571",,,,,33.3,,,,,,,
7,692262,"Gutierrez, Roque",12,58.3,0,0,0,0,0,,,0,2,87.5,-21,2265,92.5,91.93,2,5,2,-0.5999999999999943,5.94,96,150,126,149,293,330,291,"0.776","-0.776",,,,2,1,0,0,0,0,1,50,0,0,"1.21","1.45","0.39","-0.04","88.0",101,0,0,0,6.02,-1.99,-0.01,2.63,0,0,"-11.085714286",,,"11.085714286",,,,,40,,,,,,,
7,800723,"Michael, Trevin",32,21.9,,,,,0.698,,,0,0,,,2131,92.4,91.59,0,4,3,-0.8000000000000114,5.69,113,147,131,151,278,313,310,"-0.076","0.076",,,,1,0,0,0,0,0,0,0,1,100,"1.35","1.31","0.73","-0.49","88.2",230,,,,5.72,-2.03,-0.04,2.91,1,,"1.085714286",,,"-1.085714286",,,,,0,,,,,,,
7,687268,"Hunt, K.C.",19,36.8,0,0,0,0,0,,,0,1,109.5,16,2132,91.3,91.41,0,2,5,0.10000000000000853,6.31,101,148,117,149,306,326,286,"0.257","-0.257",,,,1,1,0,0,0,0,0,0,0,0,"1.51","1.22","0.42","0.2","109.5",296,100,100,100,5.84,-1.03,-0.35,3.98,0,1,"-3.671428571",,,"3.671428571",,,,,0,,,,,,,
7,676932,"Kaufman, Rylan",14,50,0,0,0,0,0.349,,,0,1,86.9,26,2239,92.8,92.97,0,1,6,0.20000000000000284,6.37,90,144,116,146,291,326,291,"0.155","-0.155",,,,2,1,0,0,0,0,0,0,1,50,"1.89","0.75","0.23","-0.03","88.0",303,0,0,0,5.35,2.17,-0.84,2.1,0.5,0,"-2.214285714",,,"2.214285714",,,,,0,,,,,,,
6,687330,"Kelly, Kevin",107,5.6,0,0,0,0,0,,,0,3,92.2,22,2157,91.8,93.17,2,5,1,1.4000000000000057,7.02,108,148,126,152,298,329,295,"0.613","-0.613",,,,3,1,0,0,0,0,2,66.7,0,0,"1.89","0.81","0.82","-0.58","92.0",190,0,0,0,4.11,-1.82,-0.16,3.18,0,0,"-10.216666667",,,"10.216666667",,,,,40,,,,,,,
6,680704,"Sandlin, Nick",43,14,,,0,,0,,,0,0,92.5,38,2354,91,91.53,1,4,2,0.5,6.47,97,139,105,143,301,325,298,"0.448","-0.448",,,,1,1,0,0,0,0,0,0,0,0,"1.82","0.92","0.93","-0.03","90.2",273,0,0,0,4.63,-2.91,-0.07,2.38,0,0,"-7.466666667",,,"7.466666667",,,,,25,,,,,,,
6,696522,"Juenger, Hayden",15,40,0.333,0,0.333,0.333,0.297,,,1,3,83.4,18.3,2345,94.7,94.42,0,3,3,-0.29999999999999716,6.2,99,149,124,144,295,324,296,"-0.015","0.015",,,,3,3,1,0,0,0,0,0,0,0,"1.2","1.36","0.84","0.84","92.9",132,33.33333333333333,0,0,5.55,-1.02,0.19,3.48,0.333,0,"0.25",,,"-0.25",,,,,0,,,,,,,
6,680397,"Benschoter, Sam",19,31.6,0,0,0,0,0,,,0,1,81.3,5,2237,92.3,93.55,0,4,2,1.2999999999999972,6.87,119,144,112,150,290,325,303,"0.531","-0.531",,,,1,1,0,0,0,0,0,0,0,0,"1.35","1.32","0.1","-0.1","91.8",41,0,0,0,5.98,-1.7,-0.12,2.99,0,0,"-8.85",,,"8.85",,,,,0,,,,,,,
6,682949,"Suarez, Christian",46,13,0.25,0,0.25,0.25,0.222,,,1,4,74.1,6.7,2231,92.1,91.32,0,5,1,-0.7999999999999972,5.75,115,152,119,144,303,330,288,"-0.047","0.047",,,,4,4,1,0,0,0,0,0,0,0,"1.62","1.07","0.54","-0.42","88.7",127,0,0,0,6.55,2.46,0.23,2.77,0.25,0,"0.783333333",,,"-0.783333333",,,,,0,,,,,,,
6,608723,"Voth, Austin",37,16.2,,,,,,,,,,,,2293,91.6,91.53,0,2,4,-0.09999999999999432,6.23,116,144,121,150,294,318,301,"0.144","-0.144",,,,,,,,,,,,,,"1.23","1.49","0.43","-0.43","88.0",172,,,,5.92,-2.3,-0.01,3.33,,,"-2.4",,,"2.4",,,,,0,,,,,,,
6,660853,"De Los Santos, Enyel",11,54.5,0,0,0,0,0,,,0,1,100.9,21,2147,92.3,91.95,1,4,2,-0.29999999999999716,6.2,98,142,123,149,277,326,305,"0.305","-0.305",,,,1,1,0,0,0,0,0,0,0,0,"1.62","1.07","0.89","-0.89","92.3",235,100,0,0,5.29,-2.21,-0.22,2.85,0,0,"-5.083333333",,,"5.083333333",,,,,25,,,,,,,
6,688445,"Walkinshaw, Jake",32,18.8,0,0,0,0,0.233,,,0,2,88.6,51,2007,95.6,96.35,0,2,4,0.7000000000000028,6.15,116,147,122,147,283,321,281,"0.197","-0.197",,,,3,2,0,0,0,0,0,0,1,33.3,"1.41","1.09","1.09","0.81","90.7",219,0,0,0,6.55,-1.7,0.4,2.47,0.333,0,"-3.283333333",,,"3.283333333",,,,,0,,,,,,,
6,682087,"Knowles, Antonio",81,7.4,0,0,0,0,0,,,0,3,99.2,-4,2316,93.2,93.13,1,2,4,-0.10000000000000853,6.2,122,148,117,149,291,319,294,"0.758","-0.758",,,,3,1,0,0,0,0,2,66.7,0,0,"1.46","1.16","0.61","-0.29","99.2",24,100,0,0,5.68,-2.07,-0.24,2.56,0,0,"-12.633333333",,,"12.633333333",,,,,50,,,,,,,
6,676275,"Beers, Blake",16,37.5,0,0,0,0,0,,,0,1,84.8,67,2030,93.9,94.27,0,2,4,0.3999999999999915,6.7,119,148,119,146,298,328,293,"0.197","-0.197",,,,1,1,0,0,0,0,0,0,0,0,"1.42","1.18","0.84","-0.84","88.0",195,0,0,0,5.75,-2.2,-0.48,3.46,0,0,"-3.283333333",,,"3.283333333",,,,,0,,,,,,,
6,681252,"Anderson, Jack",15,40,0,0,0,0,0,,,0,2,96.4,19.5,2143,92.7,93.02,1,3,3,0.29999999999999716,6.33,102,144,111,143,276,310,296,"0.592","-0.592",,,,2,2,0,0,0,0,0,0,0,0,"1.2","1.44","0.17","-0.12","96.4",320,50,0,0,6.37,-0.05,0.02,2.93,0,0,"-9.866666667",,,"9.866666667",,,,,33.3,,,,,,,
6,687202,"McLaughlin, Mark",16,37.5,,,,,,,,,,,,2091,93,93.32,0,3,3,0.29999999999999716,6.5,105,140,128,143,306,332,285,"0.147","-0.147",,,,,,,,,,,,,,"1.39","1.24","0.59","0.59","88.0",185,,,,6.39,-1.13,0.46,2.45,,,"-2.45",,,"2.45",,,,,0,,,,,,,
6,691027,"Witt, Tanner",15,40,0.25,0,0.333,0.25,0.222,,,1,4,84.4,17,,92.8,93.35,3,6,0,0.5,6.75,107,151,132,149,302,322,285,"0.551","-0.551",,,,4,3,1,0,0,0,1,25,0,0,"1.16","1.5","0.27","0.13","91.4",78,33.33333333333333,0,0,6.58,-1.74,0.25,2.74,0.25,0,"-9.183333333",,,"9.183333333",,,,,50,,,,,,,
6,668716,"Murdock, Noah",91,6.6,0,0,0,0,0.349,,,0,1,103,7,2041,94.5,94.98,0,3,3,0.5,6.53,109,144,118,150,290,310,287,"-0.158","0.158",,,,2,1,0,0,0,0,0,0,1,50,"1.76","0.79","1.04","-0.21","95.5",157,100,0,0,5.29,-2.11,-0.31,2.03,0.5,0,"2.633333333",,,"-2.633333333",,,,,0,,,,,,,
6,801737,"Martinez, Liomar",29,20.7,,,,,0.698,,,0,0,,,2283,96.1,96.1,0,1,5,0,6.52,102,151,123,148,287,318,282,"-0.244","0.244",,,,1,0,0,0,0,0,0,0,1,100,"1.1","1.39","0.79","0.79","88.0",209,,,,5.76,-2.62,1.27,1.77,1,,"4.066666667",,,"-4.066666667",,,,,0,,,,,,,
6,694820,"Roxby, Braxton",34,17.6,0,0,0,0,0,,,0,1,94,33,2266,95.6,96.1,1,2,4,0.5,6.67,96,145,117,146,295,327,302,"-0.102","0.102",,,,1,1,0,0,0,0,0,0,0,0,"1.29","1.22","0.52","-0.25","94.0",321,0,0,0,5.53,-1.95,-0.01,3.48,0,0,"1.7",,,"-1.7",,,,,50,,,,,,,
6,696059,"Simon, Johan",33,18.2,0,0,,0,0,,,0,1,,,2236,94.8,95,3,5,1,0.20000000000000284,6.33,108,143,117,141,295,333,287,"0.785","-0.785",,,,1,0,0,0,0,0,1,100,0,0,"1.66","0.88","0.34","-0.13","88.0",154,,,,5.85,2.52,-0.14,2.47,0,,"-13.083333333",,,"13.083333333",,,,,60,,,,,,,
6,682243,"Miller, Bryce",21,28.6,0.667,0.667,0.667,1.333,0.84,,,2,3,98.2,26.3,2234,97.3,96.7,0,4,2,-0.5999999999999943,6.08,120,149,113,145,298,325,307,"-1.072","1.072",,,,3,3,0,2,0,0,0,0,0,0,"0.89","1.53","0.42","0.02","98.3",315,66.66666666666666,33.33333333333333,33.33333333333333,6.11,-0.88,0.44,3.31,0.667,1,"17.866666667",,,"-17.866666667",,,,,0,,,,,,,
6,695871,"Broca, Jesús",48,12.5,0.5,0.5,0.5,1,0.63,,,1,2,91.7,32.5,2120,92.5,91.25,1,4,2,-1.2000000000000028,5.38,105,151,123,150,293,314,292,"-0.345","0.345",,,,2,2,0,1,0,0,0,0,0,0,"1.39","1.26","0.33","-0.23","90.4",307,0,0,0,5.56,1.37,0.13,2.82,0.5,0,"5.75",,,"-5.75",,,,,25,,,,,,,
6,476594,"Stock, Robert",40,15,0,0,,0,0,,,0,6,,,2404,96.5,95.98,6,6,0,-0.5,6.22,109,150,125,150,290,312,289,"1.489","-1.489",,,,6,0,0,0,0,0,6,100,0,0,"1.47","1.01","1.25","0.84",,,,,,4.78,-4.16,0.18,3.17,0,,"-24.816666667",,,"24.816666667",,,,,100,,,,,,,
6,694285,"Marsh, Chandler",12,50,,,,,,,,,,,,2164,93,91.82,1,2,4,-1.2000000000000028,6.08,99,144,121,144,294,316,281,"0.127","-0.127",,,,,,,,,,,,,,"1.17","1.48","0.83","0.33",,,,,,6.57,-1.75,-0.23,2.74,,,"-2.116666667",,,"2.116666667",,,,,50,,,,,,,
6,801221,"Garcia, Pedro",11,54.5,,,,,0.698,,,0,0,,,2001,88.7,88.38,1,1,5,-0.29999999999999716,6.23,120,148,113,143,313,323,300,"-0.095","0.095",,,,1,0,0,0,0,0,0,0,1,100,"1.52","1.39","0.45","-0.45",,,,,,6.14,-0.75,0.24,2.37,1,,"1.583333333",,,"-1.583333333",,,,,100,,,,,,,
6,685481,"Rodriguez, Moises",29,20.7,0,0,0,0,0,,,0,2,58.9,7.5,2075,96.8,96.37,0,2,4,-0.3999999999999915,6.05,111,148,138,151,294,324,298,"0.515","-0.515",,,,2,2,0,0,0,0,0,0,0,0,"1.57","0.87","1.12","-0.74","88.0",58,0,0,0,5.4,-2.81,-1.15,2.41,0,0,"-8.583333333",,,"8.583333333",,,,,0,,,,,,,
6,694813,"Stone, Gavin",15,40,,,,,,,,,,,,2252,94.9,95.65,0,1,5,0.6999999999999886,6.72,123,150,129,154,292,322,295,"0.032","-0.032",,,,,,,,,,,,,,"1.12","1.42","0.76","-0.76","88.0",234,,,,5.87,-2.11,-0.18,2.46,,,"-0.533333333",,,"0.533333333",,,,,0,,,,,,,
6,683008,"Short, Avery",16,37.5,1,1.5,1,2.5,1.469,,,2,2,100.4,15.5,2117,90.1,89.82,0,2,4,-0.29999999999999716,6.12,121,152,117,150,305,319,309,"-1.686","1.686",,,,2,2,1,0,0,1,0,0,0,0,"1.42","1.39","0.78","0.03","100.3",239,50,50,50,6.17,2.35,-0.02,3.27,1,1,"28.1",,,"-28.1",,,,,0,,,,,,,
6,702622,"Herring, Griffin",18,33.3,0.333,0,0.5,0.333,0.397,,,1,3,102.6,2,2052,87.9,88.82,1,3,3,0.8999999999999915,6.92,107,138,104,137,297,318,298,"-1.091","1.091",,,,4,2,1,0,0,0,1,25,1,25,"1.63","1.32","0.48","-0.14","102.6",68,100,0,0,6.12,1.05,-0.66,1.67,0.5,0,"18.183333333",,,"-18.183333333",,,,,33.3,,,,,,,
6,700310,"Figueredo, Dilan",24,25,,,,,0.698,,,0,0,,,2227,95.8,96.3,0,3,3,0.5,6.4,113,151,115,145,305,317,289,"-0.9","0.9",,,,1,0,0,0,0,0,0,0,1,100,"1.59","0.87","0.88","0.63","88.8",182,,,,5.37,-1.85,0.06,2.44,1,,"15",,,"-15",,,,,0,,,,,,,
5,815043,"Miller, Simon",32,15.6,0,0,0,0,0.349,,,0,1,102,16,2388,93.9,93.2,0,2,3,-0.7000000000000028,6.1,98,146,110,147,295,330,311,"0.175","-0.175",,,,2,1,0,0,0,0,0,0,1,50,"1.4","1.21","0.62","-0.12","100.1",286,100,0,0,6.01,-2.15,0.08,2.1,0.5,0,"-3.5",,,"3.5",,,,,0,,,,,,,
5,683681,"Gonzalez, Jose",14,35.7,0,0,0,0,0,,,0,1,76.2,7,2294,94.4,95.24,0,2,3,0.7999999999999972,6.8,126,149,113,152,288,322,308,"0.212","-0.212",,,,1,1,0,0,0,0,0,0,0,0,"1.31","1.25","0.56","-0.56","88.0",168,0,0,0,5.95,-2.57,-0.06,3.16,0,0,"-4.24",,,"4.24",,,,,0,,,,,,,
5,702300,"Lavallee, Johnathan",12,41.7,,,,,0.698,,,0,0,,,2525,95.2,96.32,0,2,3,1.0999999999999943,6.76,113,148,123,150,286,329,290,"-0.143","0.143",,,,1,0,0,0,0,0,0,0,1,100,"1.15","1.35","0.04","-0.03","88.0",151,,,,5.95,-1.18,0.15,1.72,1,,"2.86",,,"-2.86",,,,,0,,,,,,,
5,700719,"De Jesus, Dairon",23,21.7,,,,,,,,,,,,2245,90.7,91.16,1,1,4,0.5,6.26,102,152,118,146,296,308,287,"-0.185","0.185",,,,,,,,,,,,,,"1.69","1.05","0.44","0.18",,,,,,5.75,-1.3,-0.27,3,,,"3.7",,,"-3.7",,,,,100,,,,,,,
5,681458,"Sanchez, Yosber",11,45.5,,,,,,,,,,,,2066,94.9,93.92,0,3,2,-1,5.56,128,146,122,153,280,321,295,"0.022","-0.022",,,,,,,,,,,,,,"1.27","1.24","0.64","-0.64","88.0",216,,,,6.31,-0.86,-0.28,2.69,,,"-0.44",,,"0.44",,,,,0,,,,,,,
5,668766,"File, Dylan",15,33.3,,,,,,,,,,,,2397,93.9,93.48,0,3,2,-0.4000000000000057,6.5,115,148,128,150,292,326,294,"0.155","-0.155",,,,,,,,,,,,,,"1.17","1.46","0.76","-0.25","88.0",189,,,,5.88,-2.35,0.42,2.19,,,"-3.1",,,"3.1",,,,,0,,,,,,,
5,685719,"Sanchez, Fernando",17,29.4,,,,,,,,,,,,1910,90.2,90.36,0,2,3,0.20000000000000284,6.32,117,149,120,148,296,323,288,"-0.019","0.019",,,,,,,,,,,,,,"1.74","1.06","0.66","-0.2","88.0",111,,,,5.82,2.92,-0.18,3.7,,,"0.38",,,"-0.38",,,,,0,,,,,,,
5,814541,"Gallegos, Isaac",58,8.6,,,,,,,,,,,,2558,90,89.62,1,4,1,-0.4000000000000057,5.8,123,149,122,152,302,318,289,"0.139","-0.139",,,,,,,,,,,,,,"1.98","0.81","0","0","88.0",144,,,,5.81,-1.19,0.06,2.84,,,"-2.78",,,"2.78",,,,,25,,,,,,,
5,663399,"Waddell, Brandon",18,27.8,0,0,0,0,0,,,0,1,103.2,-4,2124,92,91.48,1,3,2,-0.5,6.02,,,,,,,,"0.37","-0.37",,,,1,1,0,0,0,0,0,0,0,0,"1.58","1.12","0.39","-0.39","95.6",129,100,0,0,6.25,2.24,0.36,3.13,0,0,"-7.4",,,"7.4",,,,,33.3,,,,,,,
5,681463,"Lloyd, Daniel",7,71.4,0.333,0.667,0.333,1,0.532,,,1,3,96.1,30,2226,91.5,91.7,0,4,1,0.20000000000000284,6.5,107,145,127,150,284,319,294,"-0.151","0.151",,,,3,3,0,0,1,0,0,0,0,0,"1.51","1.23","0.61","-0.61","94.1",323,33.33333333333333,33.33333333333333,33.33333333333333,5.17,-2.5,0.1,2.08,0.333,1,"3.02",,,"-3.02",,,,,0,,,,,,,
5,682175,"Jacques, Joe",85,5.9,0,0,0,0,0,,,0,1,89.8,23,2095,91.7,91.32,0,2,3,-0.4000000000000057,6.12,112,148,121,145,293,318,272,"0.147","-0.147",,,,1,1,0,0,0,0,0,0,0,0,"2.23","0.49","1.21","-1.21","95.4",324,0,0,0,4.61,2.81,0.2,2.14,0,0,"-2.94",,,"2.94",,,,,0,,,,,,,
5,804254,"Corbett, Kaleb",11,45.5,0,0,0,0,0,,,0,1,88.5,-17,2230,93.3,93.28,1,3,2,0,6.2,115,150,111,149,288,308,289,"0.266","-0.266",,,,1,1,0,0,0,0,0,0,0,0,"1.22","1.39","-0.06","0.01","88.3",110,0,0,0,6.17,-0.46,0.32,2.95,0,0,"-5.32",,,"5.32",,,,,33.3,,,,,,,
5,685321,"Bierman, Gabe",11,45.5,,,,,,,,,,,,2052,94.8,95.94,1,4,1,1.1000000000000085,6.8,123,148,121,148,269,309,275,"0.193","-0.193",,,,,,,,,,,,,,"1.32","1.2","0.84","-0.17","90.6",90,,,,5.46,-2.18,0.42,2.34,,,"-3.86",,,"3.86",,,,,25,,,,,,,
5,686228,"Burgos, Juan",60,8.3,1,1,1,2,1.261,,,2,2,99.4,23.5,2224,96.1,95.72,0,4,1,-0.3999999999999915,5.9,96,143,122,152,283,322,299,"-1.589","1.589",,,,2,2,0,2,0,0,0,0,0,0,"1.51","0.94","0.71","-0.71","96.0",213,100,0,0,5.38,-1.76,-0.25,2.31,1,0,"31.78",,,"-31.78",,,,,0,,,,,,,
5,471911,"Carrasco, Carlos",125,4,0,0,0,0,0,,,0,1,83.8,51,2274,91.6,91.13,0,1,4,-0.5,6.43,119,149,132,151,301,319,294,"0.16","-0.16",,,,1,1,0,0,0,0,0,0,0,0,"1.66","1.08","0.45","-0.23","88.0",255,0,0,0,5.93,-1.46,-0.2,3,0,0,"-3.2",,,"3.2",,,,,0,,,,,,,
5,622075,"Almonte, Yency",22,22.7,0,0,0,0,0,,,0,2,97,33,2178,92.5,92.6,1,3,2,0.09999999999999432,6.46,121,150,121,149,289,313,288,"0.327","-0.327",,,,2,1,0,0,0,0,1,50,0,0,"1.43","1.25","0.67","-0.45","97.0",376,100,0,0,5.97,-1.16,1.35,2.58,0,0,"-6.54",,,"6.54",,,,,33.3,,,,,,,
5,681212,"Schanaman, Shay",36,13.9,0,0,0,0,0,,,0,1,90.8,-16,1999,92.5,92.28,0,2,3,-0.20000000000000284,6.25,129,149,116,152,300,323,292,"0.411","-0.411",,,,1,1,0,0,0,0,0,0,0,0,"1.68","0.98","0.47","-0.47","89.4",113,0,0,0,5.68,-1.86,0.72,2.48,0,0,"-8.22",,,"8.22",,,,,0,,,,,,,
5,675502,"Austin, Kelly",8,62.5,0,0,0,0,0,,,0,1,57.4,-27,1983,89.8,89.5,1,4,1,-0.29999999999999716,5.96,118,149,135,152,286,324,286,"0.324","-0.324",,,,1,1,0,0,0,0,0,0,0,0,"1.38","1.44","0.33","-0.31","88.0",93,0,0,0,6.53,-0.25,-0.13,2.42,0,0,"-6.48",,,"6.48",,,,,25,,,,,,,
5,803143,"Keener, Seth",8,62.5,0,0,0,0,0.349,,,0,1,85.3,47,2061,94.8,95.62,0,1,4,0.7999999999999972,6.92,110,150,121,149,298,330,294,"-0.08","0.08",,,,2,1,0,0,0,0,0,0,1,50,"1.28","1.27","0.57","0.33","88.0",263,0,0,0,6.04,-2.82,-0.13,3.03,0.5,0,"1.6",,,"-1.6",,,,,0,,,,,,,
5,682260,"Metoyer, Brian",28,17.9,1,3,,4,2.048,,,1,1,93.4,25,2554,93.7,93.38,1,4,1,-0.29999999999999716,5.92,,,,,,,,"-1.142","1.142",,,,1,1,0,0,0,1,0,0,0,0,"1.58","1","0.1","0.03","91.1",205,0,0,0,5.24,-2.81,0.32,2.46,1,0,"22.84",,,"-22.84",,,,,25,,,,,,,
5,800423,"Petri, Jorger",9,55.6,,,,,0.698,,,0,0,,,2258,92.1,91.34,0,1,4,-0.7999999999999972,5.7,111,151,111,147,297,321,277,"-0.321","0.321",,,,1,0,0,0,0,0,0,0,1,100,"1.51","1.17","0.69","-0.49","88.0",23,,,,6.12,1.13,-0.06,1.56,1,,"6.42",,,"-6.42",,,,,0,,,,,,,
5,670062,"Garcia, Julian",40,12.5,1,1,1,2,1.261,,,2,2,89.7,7.5,2698,93.2,93.8,0,4,1,0.5999999999999943,6.44,113,146,111,153,296,318,299,"-1.406","1.406",,,,2,2,0,2,0,0,0,0,0,0,"1.14","1.47","-0.19","0.19","91.8",117,50,0,0,6.19,-1.2,0.25,2.66,1,0,"28.12",,,"-28.12",,,,,0,,,,,,,
5,656212,"Barnes, Charlie",35,14.3,0,0,,0,0,,,0,1,,,2173,91.4,89.9,1,2,3,-1.5,5.42,117,150,124,154,286,325,316,"0.304","-0.304",,,,1,0,0,0,0,0,1,100,0,0,"1.64","1.09","1.06","0.68","88.0",226,,,,5.77,1.77,-0.34,2.96,0,,"-6.08",,,"6.08",,,,,50,,,,,,,
5,676333,"Weatherly, Sam",11,45.5,0,0,0,0,0,,,0,1,94.3,28,2466,90.8,90.96,0,3,2,0.20000000000000284,6.1,121,146,116,149,294,305,292,"0.523","-0.523",,,,2,2,0,0,0,0,0,0,0,0,"1.62","1.11","-0.02","0.03","95.6",246,50,0,0,5.52,1.47,-0.71,2.93,0,0,"-10.46",,,"10.46",,,,,0,,,,,,,
5,534910,"Hahn, Jesse",119,4.2,,,,,,,,,,,,2394,93.6,94.04,0,1,4,0.4000000000000057,6.6,124,149,129,148,284,320,292,"0.181","-0.181",,,,,,,,,,,,,,"1.81","0.8","1.5","-1.5",,,,,,5.42,-2.63,0.4,2.51,,,"-3.62",,,"3.62",,,,,0,,,,,,,
5,702847,"Chirinos, Amilcar",9,55.6,0,0,0,0,0,,,0,2,69.9,56.5,2336,93.2,93.98,0,3,2,0.7999999999999972,6.84,108,148,120,153,275,313,289,"0.533","-0.533",,,,2,2,0,0,0,0,0,0,0,0,"1.24","1.39","0.36","-0.36","92.4",201,0,0,0,5.86,-0.71,0.81,2.64,0,0,"-10.66",,,"10.66",,,,,0,,,,,,,
5,806713,"Trabacchi, Nick",13,38.5,0.5,0,1,0.5,0.445,,,1,2,103.3,4,1997,92,91.5,0,1,4,-0.5,5.96,,,,,,,,"-0.06","0.06",,,,2,1,1,0,0,0,1,50,0,0,"1.28","1.41","0.3","0.09","103.3",88,100,0,0,5.9,-1.27,-0.58,3.25,0.5,0,"1.2",,,"-1.2",,,,,0,,,,,,,
5,702911,"Garnett, Tristan",20,25,0.5,1,0.5,1.5,0.797,,,1,2,100.7,-2.5,2033,90.4,88.64,0,3,2,-1.8000000000000114,5.36,112,151,118,148,285,314,281,"-0.532","0.532",,,,2,2,0,0,1,0,0,0,0,0,"1.47","1.33","0.19","-0.11","96.5",188,100,50,50,7.29,0.62,-0.35,2.21,0.5,1,"10.64",,,"-10.64",,,,,0,,,,,,,
5,698962,"Estrada, Ricardo",10,50,0,0,0,0,0,,,0,3,96.9,-24,2193,91.6,91.27,1,3,2,-0.29999999999999716,6.03,100,153,121,149,291,319,301,"0.916","-0.916",,,,3,2,0,0,0,0,1,33.3,0,0,"1.35","1.36","0.13","-0.13","96.8",6,50,0,0,5.6,0.79,-0.55,1.56,0,0,"-18.32",,,"18.32",,,,,33.3,,,,,,,
5,680880,"Holman, Grant",16,31.3,,,,,,,,,,,,2003,94.5,95.8,0,1,4,1.2999999999999972,7.02,115,154,124,147,317,323,302,"0.037","-0.037",,,,,,,,,,,,,,"1.13","1.43","0.57","0.57","88.0",204,,,,6.26,-1.98,-0.17,2.93,,,"-0.74",,,"0.74",,,,,0,,,,,,,
5,692024,"Carrillo, Alex",15,33.3,0,0,0,0,0.349,,,0,1,83.6,58,2330,97.9,95.96,0,3,2,-1.9000000000000057,5.26,108,147,131,151,280,326,285,"-0.032","0.032",,,,2,1,0,0,0,0,0,0,1,50,"1.34","1.05","0.93","-0.93","88.0",224,0,0,0,5.35,-1.37,-0.04,2.49,0.5,0,"0.64",,,"-0.64",,,,,0,,,,,,,
5,825932,"Zeigler, Draven",9,55.6,,,,,,,,,,,,2251,94.1,93.32,0,2,3,-0.7999999999999972,5.98,125,149,120,152,288,312,295,"0.045","-0.045",,,,,,,,,,,,,,"1.39","1.2","0.54","-0.54","88.0",203,,,,5.37,-1.7,0.79,2.61,,,"-0.9",,,"0.9",,,,,0,,,,,,,
5,699314,"Davalillo, David",33,15.2,1,0,1,1,0.89,,,1,1,87.5,8,2144,94.6,95.04,0,1,4,0.4000000000000057,6.34,109,147,125,151,304,326,309,"-0.439","0.439",,,,1,1,1,0,0,0,0,0,0,0,"1.67","0.86","0.89","-0.53","88.0",135,0,0,0,5.28,-1.59,-0.41,2.97,1,0,"8.78",,,"-8.78",,,,,0,,,,,,,
5,607200,"Fedde, Erick",131,3.8,0,0,,0,0,,,0,1,,,2067,93.9,94.74,1,1,4,0.7999999999999972,6.66,106,147,130,145,298,327,296,"0.004","-0.004",,,,1,0,0,0,0,0,1,100,0,0,"1.55","1.02","0.34","-0.05",,,,,,5.98,-1.22,0.94,3.16,0,,"-0.08",,,"0.08",,,,,100,,,,,,,
4,672277,"Carlson, Sam",97,4.1,0,0,0,0,0,,,0,2,83.9,9,2091,90.3,91.93,1,3,1,1.6000000000000085,7.2,104,149,121,143,299,321,297,"0.467","-0.467",,,,2,1,0,0,0,0,1,50,0,0,"1.7","1.1","1.22","0.63","88.0",166,0,0,0,5.28,-2.72,-0.85,2.9,0,0,"-11.675",,,"11.675",,,,,33.3,,,,,,,
4,814477,"Stofel, Luke",7,57.1,0,0,,0,0,,,0,1,,,2222,96.6,96.47,2,3,1,-0.09999999999999432,6.43,119,141,117,149,293,336,287,"0.374","-0.374",,,,1,0,0,0,0,0,1,100,0,0,"1.36","1.09","0.54","0.54","88.0",228,,,,5.67,-2.73,0.53,2.46,0,,"-9.35",,,"9.35",,,,,66.7,,,,,,,
4,666148,"Fellows, Drake",27,14.8,,,,,,,,,,,,2048,89.7,90.9,0,2,2,1.2000000000000028,6.83,120,149,118,152,286,310,270,"-0.018","0.018",,,,,,,,,,,,,,"1.71","1.1","0.62","-0.27","88.0",175,,,,5.74,-1.67,0.21,2.79,,,"0.45",,,"-0.45",,,,,0,,,,,,,
4,828475,"Dorchies, Ethan",18,22.2,1,0,1,1,0.89,,,1,1,88.3,16,2214,94.7,96,0,1,3,1.2999999999999972,6.95,119,148,112,149,299,321,295,"-0.541","0.541",,,,1,1,1,0,0,0,0,0,0,0,"1.36","1.17","0.31","-0.31","88.3",238,0,0,0,5.89,-1.72,0.17,2.7,1,0,"13.525",,,"-13.525",,,,,0,,,,,,,
4,650893,"Cabrera, Génesis",98,4.1,1,3,,4,2.048,,,1,1,107,21,2196,94.8,93.83,1,2,2,-1,5.8,110,150,118,149,290,313,272,"-1.235","1.235",,,,1,1,0,0,0,1,0,0,0,0,"1.19","1.35","0.77","-0.45","107.0",394,100,100,100,6.19,0.36,0.59,2.69,1,1,"30.875",,,"-30.875",,,,,50,,,,,,,
4,683720,"Jimenez, Edwin",25,16,0.5,0,0.5,0.5,0.445,,,1,2,98.2,17.5,2171,92.4,92.45,0,2,2,0.09999999999999432,6.2,103,143,111,150,284,305,294,"-0.279","0.279",,,,2,2,1,0,0,0,0,0,0,0,"1.38","1.28","0.75","-0.45","98.2",245,50,0,0,6.49,-1.04,-0.14,1.99,0.5,0,"6.975",,,"-6.975",,,,,0,,,,,,,
4,687317,"Flesland III, Stu",18,22.2,0,0,0,0,0,,,0,1,81,-1,2213,92.1,90.92,0,3,1,-1.1999999999999886,5.63,110,149,106,144,292,324,303,"0.286","-0.286",,,,1,1,0,0,0,0,0,0,0,0,"1.71","0.98","0.61","-0.61","88.0",125,0,0,0,6.24,3.54,0.23,2.64,0,0,"-7.15",,,"7.15",,,,,0,,,,,,,
4,701951,"Mercedes, Abel",20,20,0,0,,0,0,,,0,1,,,2206,99,99.88,0,0,4,0.9000000000000057,6.63,100,154,118,144,299,342,302,"0.08","-0.08",,,,1,0,0,0,0,0,1,100,0,0,"1.23","1.09","0.28","0.28",,,,,,6.36,-1.06,0.69,3.05,0,,"-2",,,"2",,,,,,,,,,,,
4,687721,"Weston, Cameron",80,5,0,0,,0,0.349,,,0,1,,,2251,92.8,92.35,1,2,2,-0.3999999999999915,6.03,116,148,120,151,309,335,300,"0.053","-0.053",,,,2,0,0,0,0,0,1,50,1,50,"1.78","0.87","1.11","-0.65","88.0",242,,,,4.79,-1.24,0.91,2.9,0.5,,"-1.325",,,"1.325",,,,,50,,,,,,,
4,683014,"Guasch, Richard",11,36.4,,,,,,,,,,,,2155,91.8,91.78,0,2,2,0,6.2,117,148,123,148,293,316,288,"0.049","-0.049",,,,,,,,,,,,,,"1.62","1.08","0.04","-0.01","90.0",223,,,,5.88,-2.71,0.61,3.28,,,"-1.225",,,"1.225",,,,,0,,,,,,,
4,678868,"Yean, Eddy",19,21.1,0,0,0,0,0,,,0,1,79,-42,2251,97.5,98.2,0,1,3,0.7000000000000028,6.38,119,149,121,150,284,324,268,"0.094","-0.094",,,,1,1,0,0,0,0,0,0,0,0,"1.32","1.05","0.78","-0.1","88.0",3,0,0,0,5.43,-1.64,0.92,2.85,0,0,"-2.35",,,"2.35",,,,,0,,,,,,,
4,805958,"Kelley, Jackson",34,11.8,0,0,,0,0,,,0,1,,,2317,84.7,83.7,2,2,2,-1,5.72,129,147,124,152,277,316,299,"0.176","-0.176",,,,1,0,0,0,0,0,1,100,0,0,"2.7","0.49","0.55","-0.55",,,,,,3.14,-4.14,-0.17,3.82,0,,"-4.4",,,"4.4",,,,,100,,,,,,,
4,822483,"Matson, Sean",5,80,0,0,0,0,0,,,0,1,109.7,13,1890,91.3,91.95,0,2,2,0.7000000000000028,6.6,87,148,138,153,309,320,302,"0.376","-0.376",,,,1,1,0,0,0,0,0,0,0,0,"1.63","1.1","0.53","-0.53","98.8",274,100,0,0,5.75,-1.67,-0.87,3.48,0,0,"-9.4",,,"9.4",,,,,0,,,,,,,
4,681041,"Perez, Marcelo",13,30.8,0,0,0,0,0,,,0,1,96.8,-10,2288,92.6,92.03,0,1,3,-0.5999999999999943,5.88,106,143,115,148,295,315,294,"0.213","-0.213",,,,1,1,0,0,0,0,0,0,0,0,"1.67","0.98","0.24","0.12","96.8",14,100,0,0,5.78,-2.12,0.77,2.03,0,0,"-5.325",,,"5.325",,,,,0,,,,,,,
4,806583,"Perez, Adonys",37,10.8,0,0,,0,0,,,0,1,,,2109,91.8,90.67,1,2,2,-1.0999999999999943,5.45,108,152,114,149,291,317,300,"0.22","-0.22",,,,1,0,0,0,0,0,1,100,0,0,"2.18","0.51","0.51","-0.21",,,,,,5.94,1.31,-0.39,2.49,0,,"-5.5",,,"5.5",,,,,50,,,,,,,
4,621237,"Alvarado, José",148,2.7,,,,,,,,,,,,1974,97.7,98.02,0,1,3,0.29999999999999716,6.67,115,149,124,148,288,303,269,"-0.152","0.152",,,,,,,,,,,,,,"1.16","1.25","0.56","-0.56","88.0",198,,,,6.49,1.65,-0.28,3.69,,,"3.8",,,"-3.8",,,,,0,,,,,,,
4,828603,"Berrier, Logan",12,33.3,,,,,,,,,,,,2049,93.4,93.28,0,1,3,-0.10000000000000853,6.4,127,146,97,153,292,333,298,"-0.166","0.166",,,,,,,,,,,,,,"1.73","0.9","1.09","-1.09","88.0",240,,,,5.08,-2.66,0.87,2.4,,,"4.15",,,"-4.15",,,,,0,,,,,,,
4,701549,"Nowlin, Jaylen",28,14.3,0,0,0,0,0,,,0,1,91.9,80,2304,91.8,91.75,0,1,3,0,6.5,110,151,116,142,285,317,283,"0.205","-0.205",,,,1,1,0,0,0,0,0,0,0,0,"1.23","1.5","0.59","-0.34","91.9",37,0,0,0,6.17,1.63,-0.63,3.19,0,0,"-5.125",,,"5.125",,,,,0,,,,,,,
4,669067,"Webb, Ryan",77,5.2,0,0,,0,0,,,0,1,,,2165,93.3,93.82,1,1,3,0.5,6.42,112,144,120,141,303,326,298,"0.138","-0.138",,,,1,0,0,0,0,0,1,100,0,0,"1.34","1.26","0.63","0.02",,,,,,5.98,1.51,0.73,3.51,0,,"-3.45",,,"3.45",,,,,100,,,,,,,
4,683769,"Gaddis, Hunter",11,36.4,0,0,0,0,0,,,0,2,92.3,77,2235,94.6,96,1,3,1,1.4000000000000057,7.15,,,,,,,,"0.776","-0.776",,,,2,1,0,0,0,0,1,50,0,0,"1.23","1.33","0.42","-0.19","90.1",54,0,0,0,6.15,-2.65,0.31,2.78,0,0,"-19.4",,,"19.4",,,,,33.3,,,,,,,
4,802609,"Bertrand, John Michael",26,15.4,,,,,0.698,,,0,0,,,1865,92,91.75,0,0,4,-0.20000000000000284,6.03,109,149,116,152,309,329,299,"-0.167","0.167",,,,1,0,0,0,0,0,0,0,1,100,"2.1","0.59","0.76","0.05",,,,,,5.96,2.13,0.69,3.65,1,,"4.175",,,"-4.175",,,,,,,,,,,,
4,813866,"Zaffiro, Cole",13,30.8,0,0,,0,0,,,0,1,,,2159,93.6,93.92,0,1,3,0.4000000000000057,6.5,,,,,,,,"0.536","-0.536",,,,1,0,0,0,0,0,1,100,0,0,"1.22","1.39","0.63","-0.37","88.0",222,,,,5.89,-0.99,-0.43,2.5,0,,"-13.4",,,"13.4",,,,,0,,,,,,,
4,694559,"Jones, Nick",11,36.4,,,,,0.698,,,0,0,,,2285,88.2,88.47,0,1,3,0.29999999999999716,6.5,112,144,105,147,301,329,309,"-0.123","0.123",,,,1,0,0,0,0,0,0,0,1,100,"1.94","1","-0.04","-0.01","88.0",263,,,,5.61,1.74,-0.34,2.85,1,,"3.075",,,"-3.075",,,,,0,,,,,,,
4,691721,"Kelley, Jared",22,18.2,,,,,,,,,,,,2133,93.4,94.6,1,3,1,1.1999999999999886,7.03,120,147,110,150,290,320,297,"0.162","-0.162",,,,,,,,,,,,,,"1.4","1.21","0.74","-0.74","88.0",227,,,,6.17,-1.34,0.02,3.09,,,"-4.05",,,"4.05",,,,,33.3,,,,,,,
4,815549,"Sloan, Ryan",12,33.3,0,0,0,0,0,,,0,2,87.8,36,2363,98.2,99.25,1,3,1,1.0999999999999943,6.85,121,150,126,148,298,325,301,"0.454","-0.454",,,,2,1,0,0,0,0,1,50,0,0,"1.09","1.27","0.36","0.09","91.9",304,0,0,0,5.77,-1.43,0.25,2.71,0,0,"-11.35",,,"11.35",,,,,33.3,,,,,,,
4,682989,"Mederos, Victor",98,4.1,1,0,1,1,0.794,,,1,1,103.7,3,2489,97.2,97.38,0,3,1,0.20000000000000284,6.4,123,148,124,150,300,326,301,"-0.588","0.588",,,,2,1,1,0,0,0,0,0,1,50,"1.33","1.08","1.04","-0.37","95.8",100,100,0,0,5.55,-2.97,-0.4,2.65,1,0,"14.7",,,"-14.7",,,,,0,,,,,,,
4,699703,"Teran, Saul",12,33.3,0,0,0,0,0.349,,,0,1,93.5,19,2132,94.7,94.9,0,1,3,0.20000000000000284,6.3,101,138,117,148,288,318,268,"0.133","-0.133",,,,2,1,0,0,0,0,0,0,1,50,"1.33","1.21","0.39","-0.39","93.5",304,0,0,0,5.37,-0.96,-0.5,2.1,0.5,0,"-3.325",,,"3.325",,,,,0,,,,,,,
4,801725,"De León, Luis",34,11.8,,,,,,,,,,,,2330,97.1,96.38,0,1,3,-0.6999999999999886,5.72,120,149,125,151,310,325,291,"-0.203","0.203",,,,,,,,,,,,,,"1.58","0.83","0.95","-0.03","95.9",321,,,,6.36,1.92,0.56,3.53,,,"5.075",,,"-5.075",,,,,0,,,,,,,
4,813609,"Lumpkin, Reese",47,8.5,0.5,1.5,,2,1.024,,,1,2,110.8,21,2187,93.5,93.87,1,2,2,0.4000000000000057,6.55,103,144,122,149,294,317,313,"-0.763","0.763",,,,2,1,0,0,0,1,1,50,0,0,"1.74","0.89","0.98","-0.7","110.8",,100,100,50,5.43,-2.29,0.63,2.45,0.5,1,"19.075",,,"-19.075",,,,,50,,,,,,,
4,814810,"Bickerstaff, Calvin",14,28.6,1,0,1,1,0.89,,,1,1,88.2,21,2054,91.6,91.85,0,4,0,0.20000000000000284,6.5,111,148,120,146,277,318,293,"-0.737","0.737",,,,1,1,1,0,0,0,0,0,0,0,"1.48","1.24","0.56","-0.32","91.4",165,0,0,0,6.33,-1.36,0.63,1.9,1,0,"18.425",,,"-18.425",,,,,0,,,,,,,
4,650960,"Duarte, Daniel",22,18.2,0,0,,0,0,,,0,1,,,2369,95.3,94.5,0,0,4,-0.7999999999999972,5.97,122,148,131,151,279,320,289,"0.17","-0.17",,,,1,0,0,0,0,0,1,100,0,0,"1.13","1.39","0.68","-0.68",,,,,,5.91,-1.14,-0.45,2.6,0,,"-4.25",,,"4.25",,,,,,,,,,,,
4,669459,"Nelson, Kyle",16,25,0,0,0,0,0,,,0,1,82.8,11,2154,89.9,89.6,0,1,3,-0.30000000000001137,6.22,103,145,116,147,278,323,294,"0.329","-0.329",,,,1,1,0,0,0,0,0,0,0,0,"1.4","1.44","0.55","-0.16","88.0",138,0,0,0,5.82,0.67,-0.92,2.4,0,0,"-8.225",,,"8.225",,,,,0,,,,,,,
4,694761,"Vail, Tommy",6,66.7,0,0,0,0,0.349,,,0,1,88.5,46,2149,91.6,91.05,0,1,3,-0.5999999999999943,5.93,93,149,115,149,308,327,296,"0.078","-0.078",,,,2,1,0,0,0,0,0,0,1,50,"1.32","1.4","0.5","-0.24","88.5",293,0,0,0,5.86,0.87,0.66,2.89,0.5,0,"-1.95",,,"1.95",,,,,0,,,,,,,
4,827620,"Shirk, Jake",15,26.7,0,0,0,0,0,,,0,1,95.2,1,2124,92.3,91.45,2,3,1,-0.7999999999999972,5.75,124,147,118,151,293,325,301,"0.297","-0.297",,,,1,1,0,0,0,0,0,0,0,0,"1.79","0.89","0.81","-0.81","95.2",57,100,0,0,5.56,-2.17,0.6,2.13,0,0,"-7.425",,,"7.425",,,,,66.7,,,,,,,
4,807718,"Driver, Jay",57,7,1,1,1,2,1.261,,,1,1,107.1,17,2390,91.7,92.4,0,1,3,0.7000000000000028,6.7,115,139,111,140,298,322,302,"-0.913","0.913",,,,1,1,0,1,0,0,0,0,0,0,"1.92","0.79","0.43","0","107.1",321,100,100,100,4.3,-3.6,-0.92,2.67,1,1,"22.825",,,"-22.825",,,,,0,,,,,,,
4,678013,"Torres Jr., Lenny",9,44.4,1,0,1,1,0.89,,,1,1,103,10,2350,97.4,97.05,1,2,2,-0.4000000000000057,6.28,101,149,117,148,289,318,289,"-0.359","0.359",,,,1,1,1,0,0,0,0,0,0,0,"1.16","1.26","0.81","0.81","103.0",211,100,0,0,5.55,-1.54,0.24,2.64,1,0,"8.975",,,"-8.975",,,,,50,,,,,,,
4,668941,"Romero, JoJo",87,4.6,0,0,0,0,0,,,0,2,85.7,10.5,2378,93.2,91.52,0,2,2,-1.7000000000000028,5.28,117,150,122,150,293,316,281,"0.35","-0.35",,,,2,2,0,0,0,0,0,0,0,0,"1.4","1.22","0.76","-0.41","88.0",144,0,0,0,5.59,1.73,-0.25,3.09,0,0,"-8.75",,,"8.75",,,,,0,,,,,,,
4,664991,"Wolfram, Grant",87,4.6,0,0,0,0,0,,,0,1,97.4,37,2214,95.2,95.03,1,3,1,-0.20000000000000284,6.25,111,154,122,147,293,313,282,"0.635","-0.635",,,,1,1,0,0,0,0,0,0,0,0,"1.39","1.14","0.58","-0.58","92.7",172,100,0,0,6.25,2.25,0.25,2.78,0,0,"-15.875",,,"15.875",,,,,33.3,,,,,,,
4,664141,"Brubaker, JT",185,2.2,0,0,,0,0,,,0,1,,,2098,92.9,91.55,1,3,1,-1.3000000000000114,5.47,107,150,122,154,293,323,310,"0.205","-0.205",,,,1,0,0,0,0,0,1,100,0,0,"1.45","1.19","0.57","-0.57","88.0",161,,,,6.44,-2.27,0.24,3.97,0,,"-5.125",,,"5.125",,,,,33.3,,,,,,,
4,702418,"Reynoso, Juan",10,40,0,0,,0,0,,,0,1,,,2199,96.1,96.57,0,2,2,0.5,6.55,113,131,110,133,260,285,284,"0.181","-0.181",,,,1,0,0,0,0,0,1,100,0,0,"1.02","1.45","0.5","-0.5","88.0",222,,,,5.68,-0.51,0.23,2.1,0,,"-4.525",,,"4.525",,,,,0,,,,,,,
4,700380,"Loeschorn, Joshua",45,8.9,1,1,1,2,0.979,,,1,1,102.1,33,2283,90.8,91.55,0,2,2,0.7000000000000028,7.1,118,151,129,151,293,309,260,"-0.853","0.853",,,,2,1,0,1,0,0,0,0,1,50,"1.5","1.3","0.75","-0.11","95.1",298,100,100,50,5.26,-1.54,0.12,1.94,1,1,"21.325",,,"-21.325",,,,,0,,,,,,,
4,827526,"Kisting, Jacob",13,30.8,0,0,0,0,0,,,0,2,72.9,-50,2285,92.3,91.63,0,2,2,-0.7000000000000028,6.15,115,154,120,148,293,335,292,"0.531","-0.531",,,,2,2,0,0,0,0,0,0,0,0,"1.34","1.37","0.76","0.76","88.0",4,0,0,0,5.79,-2.27,0.46,2.57,0,0,"-13.275",,,"13.275",,,,,0,,,,,,,
4,687864,"Vanderhei, Ryan",22,18.2,,,,,,,,,,,,2375,96.4,96.67,1,2,2,0.4000000000000057,6.3,122,148,122,155,284,328,313,"-0.126","0.126",,,,,,,,,,,,,,"1.34","1.1","0.65","-0.65","88.0",203,,,,6,-0.74,0.88,3.22,,,"3.15",,,"-3.15",,,,,50,,,,,,,
4,686643,"Dalquist, Andrew",6,66.7,0,0,0,0,0,,,0,1,90.3,-33,2162,94.1,94.2,1,3,1,0.10000000000000853,6.2,127,146,136,153,293,309,299,"0.404","-0.404",,,,1,1,0,0,0,0,0,0,0,0,"1.2","1.36","0.41","-0.41","89.2",100,0,0,0,6.05,-1.07,0.59,2.49,0,0,"-10.1",,,"10.1",,,,,33.3,,,,,,,
4,679057,"Green, Mason",27,14.8,,,,,,,,,,,,2002,90.9,91.8,2,2,2,0.8999999999999915,6.68,113,140,111,147,271,314,168,"0.046","-0.046",,,,,,,,,,,,,,"1.86","0.88","0.83","0.04",,,,,,5.17,2.12,0.12,2.46,,,"-1.15",,,"1.15",,,,,100,,,,,,,
4,811309,"Letson, Bishop",13,30.8,0,0,0,0,0,,,0,3,91.2,25,2526,96.7,99.15,1,2,2,2.3999999999999915,7.45,121,151,129,149,294,315,293,"0.734","-0.734",,,,3,1,0,0,0,0,2,66.7,0,0,"1.1","1.31","0.94","-0.14","91.2",319,0,0,0,5.59,-1.47,-0.45,3.23,0,0,"-18.35",,,"18.35",,,,,50,,,,,,,
3,687439,"Johnson, Colton",38,7.9,0,0,,0,0,,,0,1,,,2142,89.9,90.47,0,1,2,0.5999999999999943,6.5,116,147,116,148,304,322,290,"0.14","-0.14",,,,1,0,0,0,0,0,1,100,0,0,"1.48","1.34","0.54","-0.15","88.0",234,,,,6.23,1.02,-0.24,2.85,0,,"-4.666666667",,,"4.666666667",,,,,0,,,,,,,
3,801367,"Jachec, Matt",23,13,,,,,,,,,,,,2274,93.9,94.07,1,3,0,0.19999999999998863,6.3,117,152,124,150,296,314,285,"0.062","-0.062",,,,,,,,,,,,,,"1.31","1.27","0.73","0.3","88.0",249,,,,5.83,-2.28,0.24,3.16,,,"-2.066666667",,,"2.066666667",,,,,33.3,,,,,,,
3,802953,"Fields, Colin",10,30,,,,,0.698,,,0,0,,,2419,90,90.27,0,1,2,0.29999999999999716,6.33,125,149,120,151,278,318,281,"-0.139","0.139",,,,1,0,0,0,0,0,0,0,1,100,"1.38","1.43","0.29","-0.12","88.0",226,,,,5.4,-1.72,0.11,2.95,1,,"4.633333333",,,"-4.633333333",,,,,0,,,,,,,
3,814482,"Stumbo, Peyton",8,37.5,0,0,0,0,0,,,0,1,94.4,-11,2354,93.6,93.37,1,2,1,-0.19999999999998863,6.13,117,149,131,149,270,310,291,"0.271","-0.271",,,,1,1,0,0,0,0,0,0,0,0,"1.23","1.37","0.6","-0.24","94.4",12,0,0,0,5.73,-1.43,0.22,1.78,0,0,"-9.033333333",,,"9.033333333",,,,,50,,,,,,,
3,693176,"Joseph, Elison",24,12.5,,,,,0.698,,,0,0,,,2357,92.8,92.4,0,0,3,-0.3999999999999915,6.5,111,146,113,148,297,327,292,"-0.133","0.133",,,,1,0,0,0,0,0,0,0,1,100,"1.23","1.46","0.31","-0.17",,,,,,5.56,-2.14,1.38,3.77,1,,"4.433333333",,,"-4.433333333",,,,,,,,,,,,
3,805257,"Choate, Jack",3,100,0,0,0,0,0,,,0,2,83.5,63,2331,88.3,89.25,0,2,1,1,7.27,103,153,129,148,318,333,295,"0.533","-0.533",,,,2,2,0,0,0,0,0,0,0,0,"1.91","1.02","0.42","-0.42","93.1",36,50,0,0,5.61,2.19,-1.04,2.2,0,0,"-17.766666667",,,"17.766666667",,,,,0,,,,,,,
3,805684,"Gomez, Cristofer",8,37.5,0,0,0,0,0,,,0,1,95.7,59,2253,93.8,95.17,0,3,0,1.4000000000000057,7.17,112,151,129,147,299,306,268,"0.358","-0.358",,,,1,1,0,0,0,0,0,0,0,0,"1.13","1.46","0.53","0.53","90.6",196,100,0,0,5.58,-1.24,-0.24,2.6,0,0,"-11.933333333",,,"11.933333333",,,,,0,,,,,,,
3,675296,"Merda, Hayden",12,25,,,,,,,,,,,,2224,96.3,95.47,0,1,2,-0.7999999999999972,5.9,120,147,109,152,294,329,294,"0.067","-0.067",,,,,,,,,,,,,,"1.17","1.3","0.92","-0.92","88.0",211,,,,6.06,-1.39,-0.3,2.77,,,"-2.233333333",,,"2.233333333",,,,,0,,,,,,,
3,690736,"McGough, Trey",16,18.8,,,,,,,,,,,,2228,91,90.97,0,0,3,0,6.33,105,144,122,141,303,315,283,"-0.206","0.206",,,,,,,,,,,,,,"1.19","1.57","0.44","-0.44",,,,,,5.85,1.4,0.05,3.07,,,"6.866666667",,,"-6.866666667",,,,,,,,,,,,
3,690921,"Dallas, Micah",11,27.3,,,,,,,,,,,,1999,89.5,89.37,0,0,3,-0.09999999999999432,5.8,88,154,120,143,287,302,267,"-0.086","0.086",,,,,,,,,,,,,,"1.72","1.08","0.47","0.47",,,,,,6.46,-0.55,0.19,3.11,,,"2.866666667",,,"-2.866666667",,,,,,,,,,,,
3,699071,"Romero, Christian",14,21.4,1,1.333,1,2.333,1.4,,,3,3,75.1,-22,2380,95.2,94.93,0,3,0,-0.29999999999999716,6.23,119,152,121,151,310,318,286,"-2.2","2.2",,,,3,3,1,1,0,1,0,0,0,0,"1.42","1.11","1.03","0.38","93.7",177,50,50,33.33333333333333,5.84,-1.92,-0.05,2.66,1,1,"73.333333333",,,"-73.333333333",,,,,0,,,,,,,
3,692179,"Ireland, Thomas",13,23.1,,,,,,,,,,,,2189,89.6,88.6,0,0,3,-1,5.83,100,150,120,148,299,316,285,"-0.016","0.016",,,,,,,,,,,,,,"1.79","1.06","1.19","-0.49",,,,,,5.46,1.45,-0.84,3,,,"0.533333333",,,"-0.533333333",,,,,,,,,,,,
3,810840,"Blum, Josh",17,17.6,,,,,0.698,,,0,0,,,2123,93.8,93.53,0,0,3,-0.29999999999999716,6.3,117,153,121,146,289,317,283,"-0.301","0.301",,,,1,0,0,0,0,0,0,0,1,100,"1.12","1.49","0.76","0.76",,,,,,6.01,-1.7,0.93,3.01,1,,"10.033333333",,,"-10.033333333",,,,,,,,,,,,
3,808052,"Moreno, Johan",6,50,,,,,,,,0,0,,,2312,95.2,94.2,1,1,2,-1,5.9,87,147,121,140,307,318,295,"0.286","-0.286",,,,0,0,0,0,0,0,0,,0,,"1.07","1.46","0.54","0.1",,,,,,6.32,-1.29,0.36,3.5,,,"-9.533333333",,,"9.533333333",,,,,100,,,,,,,
3,687535,"Simmons, Dylan",14,21.4,,,,,,,,,,,,1984,94.3,94.3,1,1,2,0,6.03,87,140,105,143,269,319,287,"0.042","-0.042",,,,,,,,,,,,,,"1.38","1.16","0.57","-0.57",,,,,,6.59,0.02,-0.2,3.77,,,"-1.4",,,"1.4",,,,,100,,,,,,,
3,669622,"Bender, Anthony",67,4.5,,,,,,,,,,,,2301,96.3,95.03,0,2,1,-1.2999999999999972,5.6,107,148,110,147,292,314,285,"0.101","-0.101",,,,,,,,,,,,,,"1.44","1.02","1.09","0.37","88.0",152,,,,5.9,-1.77,-0.16,2.55,,,"-3.366666667",,,"3.366666667",,,,,0,,,,,,,
3,678973,"Huizi, Eiker",16,18.8,,,,,,,,,,,,2195,94.4,94.8,0,0,3,0.3999999999999915,6.33,118,148,115,152,278,312,285,"0.047","-0.047",,,,,,,,,,,,,,"1.59","0.95","0.71","-0.16",,,,,,5.79,-1.56,0.86,2.06,,,"-1.566666667",,,"1.566666667",,,,,,,,,,,,
3,700400,"Ager, Matt",7,42.9,0,0,0,0,0,,,0,1,107.3,-23,2275,93.7,94.5,0,1,2,0.7999999999999972,6.7,114,151,128,149,294,326,297,"0.218","-0.218",,,,1,1,0,0,0,0,0,0,0,0,"1.21","1.39","0.57","0.16","107.3",6,100,0,0,6.27,-1.95,0.18,3.62,0,0,"-7.266666667",,,"7.266666667",,,,,0,,,,,,,
3,700072,"Rivera, Yaqui",35,8.6,1,1,1,2,1.261,,,1,1,112.1,10,2132,95.6,94.93,0,1,2,-0.6999999999999886,5.83,122,147,120,153,310,310,306,"-0.717","0.717",,,,1,1,0,1,0,0,0,0,0,0,"1.43","1.06","0.95","-0.95","112.1",189,100,0,0,5.22,-1.32,0.03,2.08,1,0,"23.9",,,"-23.9",,,,,0,,,,,,,
3,824667,"Puk, Owen",30,10,1,0,1,1,0.89,,,1,1,99.3,-4,2189,91.5,91.93,0,1,2,0.4000000000000057,6.5,97,151,118,149,284,324,299,"-0.464","0.464",,,,1,1,1,0,0,0,0,0,0,0,"2.08","0.64","0.39","0.23","99.3",24,100,0,0,5.78,-2.02,0.53,2.99,1,0,"15.466666667",,,"-15.466666667",,,,,0,,,,,,,
3,828499,"Kilander, Griffin",21,14.3,0,0,0,0,0,,,0,1,91.6,44,2097,90.8,91.47,1,2,1,0.7000000000000028,6.87,116,149,124,148,280,310,291,"0.385","-0.385",,,,1,1,0,0,0,0,0,0,0,0,"1.52","1.26","0.81","0.25","91.6",288,0,0,0,5.47,-3.21,-0.2,2.7,0,0,"-12.833333333",,,"12.833333333",,,,,50,,,,,,,
3,805299,"Garcia, Brandyn",153,2,0,0,0,0,0,,,0,2,58.4,63,2246,95,93.6,0,1,2,-1.4000000000000057,5.27,112,150,120,147,309,332,297,"0.219","-0.219",,,,2,1,0,0,0,0,1,50,0,0,"1.85","0.66","0.61","-0.61","88.0",120,0,0,0,5.39,1.92,0.06,3.19,0,0,"-7.3",,,"7.3",,,,,0,,,,,,,
3,695294,"McCollum, Tommy",5,60,0,0,0,0,0,,,0,1,86,1,2126,94.2,95.87,0,1,2,1.7000000000000028,7.23,88,140,115,139,308,337,300,"0.349","-0.349",,,,1,1,0,0,0,0,0,0,0,0,"1.22","1.35","0.74","0.74","88.0",54,0,0,0,5.98,-1.34,-0.41,3.73,0,0,"-11.633333333",,,"11.633333333",,,,,0,,,,,,,
3,695465,"Kindreich, Larson",4,75,,,,,,,,,,,,1625,90.8,90.33,0,1,2,-0.5,6.13,96,149,118,147,313,330,303,"-0.015","0.015",,,,,,,,,,,,,,"1.39","1.39","0.53","-0.53","88.0",3,,,,5.69,2.89,0.39,2.76,,,"0.5",,,"-0.5",,,,,0,,,,,,,
3,680212,"Larkin, Conor",16,18.8,0,0,0,0,0,,,0,1,83.2,28,2613,90.1,89.63,0,1,2,-0.5,5.9,112,148,128,153,300,330,295,"0.227","-0.227",,,,1,1,0,0,0,0,0,0,0,0,"1.99","0.81","0.21","-0.21","88.0",311,0,0,0,4.97,-1.83,-1.14,3.17,0,0,"-7.566666667",,,"7.566666667",,,,,0,,,,,,,
3,682825,"Mey, Luis",175,1.7,,,,,,,,,,,,1918,97.3,98.33,1,1,2,1,6.77,99,150,123,151,296,337,292,"-0.045","0.045",,,,,,,,,,,,,,"2.13","0.27","1.36","0.61",,,,,,5.63,-2.29,-1.13,2.14,,,"1.5",,,"-1.5",,,,,100,,,,,,,
3,679489,"LaPorte, Tyler",54,5.6,,,,,,,,,,,,2468,95.7,94.57,0,0,3,-1.1000000000000085,5.57,101,132,116,139,296,318,296,"-0.053","0.053",,,,,,,,,,,,,,"1.38","1.1","0.65","-0.65",,,,,,5.8,-2.23,0.24,3.22,,,"1.766666667",,,"-1.766666667",,,,,,,,,,,,
3,827500,"Dryden, Hunter",3,100,0,0,0,0,0,,,0,1,76.8,3,2087,95.8,96.43,0,2,1,0.6000000000000085,6.47,119,150,116,154,307,334,307,"0.247","-0.247",,,,1,1,0,0,0,0,0,0,0,0,"1.2","1.27","-0.1","0.1","88.0",153,0,0,0,5.93,-0.53,0.67,2.59,0,0,"-8.233333333",,,"8.233333333",,,,,0,,,,,,,
3,692176,"Takacs, Noah",3,100,0,0,0,0,0,,,0,1,86.3,43,2301,92.9,92.67,0,1,2,-0.20000000000000284,6.43,127,145,99,151,293,323,293,"0.259","-0.259",,,,1,1,0,0,0,0,0,0,0,0,"1.26","1.42","0.68","-0.68","88.0",315,0,0,0,5.81,-2.3,0.14,2.16,0,0,"-8.633333333",,,"8.633333333",,,,,0,,,,,,,
3,696270,"Johnson, Ryan",341,0.9,1,0,1,1,0.89,,,1,1,104.6,13,2337,94.5,94.57,0,2,1,0.09999999999999432,6.23,114,146,105,153,294,321,295,"-0.332","0.332",,,,1,1,1,0,0,0,0,0,0,0,"1.58","0.96","0.48","-0.48","104.6",241,100,0,0,5.96,-2.59,0.79,2.06,1,0,"11.066666667",,,"-11.066666667",,,,,0,,,,,,,
3,623437,"Topa, Justin",144,2.1,,,,,,,,,,,,2274,95.3,94.3,0,0,3,-1,5.7,,,,,,,,"-0.062","0.062",,,,,,,,,,,,,,"1.63","0.88","1.17","1.17",,,,,,5.18,-2.45,0.6,2.45,,,"2.066666667",,,"-2.066666667",,,,,,,,,,,,
3,695771,"Kmatz, Jacob",4,75,0,0,0,0,0,,,0,1,100.3,-4,2163,94.3,94.37,0,1,2,0.10000000000000853,6.2,100,153,117,147,300,311,281,"0.318","-0.318",,,,1,1,0,0,0,0,0,0,0,0,"1.15","1.4","0.42","0.42","100.3",19,100,0,0,6.58,-0.82,0.02,2.36,0,0,"-10.6",,,"10.6",,,,,0,,,,,,,
3,681475,"Albright, Luke",10,30,0,0,,0,0,,,0,1,,,1934,91.6,93.23,0,1,2,1.6000000000000085,7.1,120,152,121,149,293,316,297,"0.232","-0.232",,,,1,0,0,0,0,0,1,100,0,0,"1.13","1.57","0.25","0.01","88.0",238,,,,6.23,-0.52,0.98,2.27,0,,"-7.733333333",,,"7.733333333",,,,,0,,,,,,,
3,656008,"Zabala, Aneurys",28,10.7,0.5,1.5,0,2,1.024,,,1,2,,,2296,94.3,93.75,0,2,1,-0.5,6.1,114,145,125,151,305,327,312,"-0.5","0.5",,,,2,2,0,0,0,1,0,0,0,0,"1.39","1.18","0.73","-0.73",,,,,,5.73,-2.54,-0.52,2.45,0.5,,"16.666666667",,,"-16.666666667",,,,,0,,,,,,,
3,686608,"Wallace, Jacob",21,14.3,1,0,1,1,0.89,,,1,1,99.1,16,2364,92.4,91.5,0,1,2,-0.9000000000000057,6.23,108,148,127,149,308,326,297,"-0.577","0.577",,,,1,1,1,0,0,0,0,0,0,0,"1.73","0.99","1.18","0.82","99.1",238,100,0,0,5.7,-2.24,-1.14,1.9,1,0,"19.233333333",,,"-19.233333333",,,,,0,,,,,,,
2,809950,"Hawkins, Dakota",5,40,1,3,,4,2.048,,,1,1,99.4,36,2448,91.9,92.35,0,1,1,0.3999999999999915,6.45,88,146,121,145,307,320,307,"-1.569","1.569",,,,1,1,0,0,0,1,0,0,0,0,"1.23","1.46","0.16","0.16","99.4",358,100,0,0,5.79,-1.2,0.21,1.57,1,0,"78.45",,,"-78.45",,,,,0,,,,,,,
2,689450,"Taggart, Luke",6,33.3,0,0,,0,0,,,0,1,,,2085,92.7,93.2,0,1,1,0.5,6.55,116,153,118,146,284,319,276,"0.28","-0.28",,,,1,0,0,0,0,0,1,100,0,0,"1.2","1.45","0.87","0.87","88.0",42,,,,6.03,-1.86,-0.95,2.21,0,,"-14",,,"14",,,,,0,,,,,,,
2,621112,"Blackburn, Paul",228,0.9,,,,,,,,,,,,2114,92.7,93,0,0,2,0.29999999999999716,6.4,,,,,,,,"-0.077","0.077",,,,,,,,,,,,,,"1.59","1.05","0.63","0.08",,,,,,5.91,-2.13,-0.48,2.45,,,"3.85",,,"-3.85",,,,,,,,,,,,
2,686754,"Jensen, Ryan",8,25,,,,,,,,,,,,2220,97.1,96.6,0,0,2,-0.5,6.25,113,154,119,149,313,325,291,"-0.111","0.111",,,,,,,,,,,,,,"1.15","1.29","0.52","0.52",,,,,,5.53,-0.82,1.36,2.04,,,"5.55",,,"-5.55",,,,,,,,,,,,
2,680604,"Castaño, Blas",86,2.3,0,0,0,0,0,,,0,1,82.5,-16,1859,94.2,92.65,0,1,1,-1.5,5.2,108,142,104,145,295,323,310,"0.135","-0.135",,,,1,1,0,0,0,0,0,0,0,0,"1.49","1.07","0.95","-0.95","88.0",8,0,0,0,4.99,-2.17,0.36,1.99,0,0,"-6.75",,,"6.75",,,,,0,,,,,,,
2,829524,"Jessee, Chase",35,5.7,,,,,,,,,,,,2237,93,93.45,0,1,1,0.5,6.5,123,150,121,151,287,312,307,"0.097","-0.097",,,,,,,,,,,,,,"1.31","1.32","0.62","0.03","88.0",201,,,,5.11,2.08,-0.29,2,,,"-4.85",,,"4.85",,,,,0,,,,,,,
2,676254,"Walker, Ryan",80,2.5,0,0,,0,0,,,0,1,,,2662,94.8,94.65,0,1,1,-0.09999999999999432,6.05,117,151,120,153,296,322,299,"0.232","-0.232",,,,1,0,0,0,0,0,1,100,0,0,"2.15","0.38","0.99","0.41","88.0",2,,,,4.81,-3.52,0.56,2.61,0,,"-11.6",,,"11.6",,,,,0,,,,,,,
2,694381,"McLoughlin, Trey",3,66.7,0,0,0,0,0,,,0,2,98,10.5,2059,91.2,90.6,0,2,0,-0.6000000000000085,6.55,116,143,119,148,292,307,312,"0.635","-0.635",,,,2,2,0,0,0,0,0,0,0,0,"1.31","1.43","0.67","-0.23","98.0",11,50,50,50,5.91,-0.81,0.49,3.1,0,1,"-31.75",,,"31.75",,,,,0,,,,,,,
2,687168,"Spears, Brayden",9,22.2,,,,,,,,,,,,1925,92.9,94.2,0,0,2,1.4000000000000057,6.95,105,149,115,152,293,331,304,"0.001","-0.001",,,,,,,,,,,,,,"1.94","0.69","0.4","0.09",,,,,,5.52,-3.04,0.53,2.23,,,"-0.05",,,"0.05",,,,,,,,,,,,
2,694573,"Crowell, Wyatt",33,6.1,,,,,,,,,,,,2157,90.3,89.6,0,2,0,-0.7000000000000028,5.8,114,147,117,149,305,334,292,"0.037","-0.037",,,,,,,,,,,,,,"2.15","0.65","0.28","-0.28","88.0",1,,,,5.44,2.3,0.08,2.51,,,"-1.85",,,"1.85",,,,,0,,,,,,,
2,804973,"Rodriguez, Manuel",41,4.9,,,,,,,,,,,,2745,89.5,89.9,0,0,2,0.4000000000000057,6.2,114,144,111,151,290,298,294,"0.13","-0.13",,,,,,,,,,,,,,"1.38","1.44","0.28","-0.12",,,,,,5.58,-2.08,0.11,2.7,,,"-6.5",,,"6.5",,,,,,,,,,,,
2,801754,"Palermo, Davison",18,11.1,,,,,,,,,,,,2283,93.8,93.1,0,1,1,-0.7000000000000028,6.2,125,149,122,152,284,338,299,"-0.055","0.055",,,,,,,,,,,,,,"1.18","1.44","0.93","-0.93","88.0",233,,,,5.51,-3.26,-1.16,3.12,,,"2.75",,,"-2.75",,,,,0,,,,,,,
2,805060,"Rojas, Yenrri",16,12.5,0,0,,0,0,,,0,1,,,2047,93.8,94.2,0,1,1,0.4000000000000057,6.4,123,151,111,154,287,322,304,"0.333","-0.333",,,,1,0,0,0,0,0,1,100,0,0,"1.58","1","0.58","-0.58","88.0",275,,,,5.36,-1.86,-0.29,2.17,0,,"-16.65",,,"16.65",,,,,0,,,,,,,
2,694335,"Svanson, Matt",114,1.8,1,0,1,1,0.89,,,1,1,101.2,11,2098,95.4,95.55,0,2,0,0.20000000000000284,6.25,103,149,120,153,281,313,295,"-0.454","0.454",,,,1,1,1,0,0,0,0,0,0,0,"1.62","0.88","0.65","-0.65","94.6",178,100,0,0,5.69,-1.86,-0.04,2.87,1,0,"22.7",,,"-22.7",,,,,0,,,,,,,
2,804546,"Brewer, Hoss",19,10.5,,,,,,,,,,,,2463,91.9,91.05,1,1,1,-0.9000000000000057,5.8,120,151,123,149,285,318,280,"0.014","-0.014",,,,,,,,,,,,,,"1.63","1.08","0.87","0.26",,,,,,6.05,-1.66,1.78,3.32,,,"-0.7",,,"0.7",,,,,100,,,,,,,
2,823909,"Clark, Derek",19,10.5,0,0,0,0,0,,,0,1,91,49,2057,90.6,89.95,1,2,0,-0.6999999999999886,6.15,100,147,123,148,295,323,307,"0.268","-0.268",,,,1,1,0,0,0,0,0,0,0,0,"1.45","1.35","0.75","-0.01","91.0",260,0,0,0,5.2,1.98,0.42,2.83,0,0,"-13.4",,,"13.4",,,,,50,,,,,,,
2,688548,"Tellache, Nico",25,8,1,0,1,1,0.89,,,1,1,103.9,3,2101,90.2,90.9,0,1,1,0.7000000000000028,6.75,103,151,124,151,291,304,290,"-0.693","0.693",,,,1,1,1,0,0,0,0,0,0,0,"1.84","0.97","0.92","0.26","103.9",99,100,0,0,5.36,2.6,0.28,3.48,1,0,"34.65",,,"-34.65",,,,,0,,,,,,,
2,641672,"Hatch, Thomas",74,2.7,,,,,,,,,,,,2481,94.5,94.45,0,0,2,0,6.25,105,142,101,153,291,319,300,"0.082","-0.082",,,,,,,,,,,,,,"1.09","1.46","0.68","-0.68",,,,,,5.77,-1.51,0.15,1.87,,,"-4.1",,,"4.1",,,,,,,,,,,,
2,805892,"Altermatt, Nick",7,28.6,0,0,,0,0,,,0,1,,,2198,95,93.85,1,1,1,-1.2000000000000028,5.65,118,148,140,151,300,327,309,"0.18","-0.18",,,,1,0,0,0,0,0,1,100,0,0,"1.26","1.27","0.58","-0.58",,,,,,5.9,-0.32,-0.52,4.01,0,,"-9",,,"9",,,,,100,,,,,,,
2,701686,"Larsen, Kyle",17,11.8,0,0,,0,0,,,0,1,,,2330,93.1,93.7,1,1,1,0.6000000000000085,6.85,,,,,,,,"0.092","-0.092",,,,1,0,0,0,0,0,1,100,0,0,"1.45","1.21","0.16","0.13",,,,,,5.43,-1.28,0.77,3.26,0,,"-4.6",,,"4.6",,,,,100,,,,,,,
2,688753,"Gates, Evan",9,22.2,,,,,,,,,,,,2278,93.1,93.2,0,2,0,0.10000000000000853,6.45,110,153,128,148,297,316,295,"0.061","-0.061",,,,,,,,,,,,,,"1.09","1.55","-0.05","-0.05","88.0",230,,,,6.27,-1.59,0.34,2.75,,,"-3.05",,,"3.05",,,,,0,,,,,,,
2,685829,"Machuca, Irvin",11,18.2,1,3,,4,2.048,,,1,1,114.1,22,2278,94.6,94.45,0,1,1,-0.19999999999998863,6.15,118,148,118,138,295,316,285,"-1.059","1.059",,,,1,1,0,0,0,1,0,0,0,0,"1.19","1.35","0.79","0.79","114.1",388,100,100,100,5.61,-1.77,-0.28,3.5,1,1,"52.95",,,"-52.95",,,,,0,,,,,,,
2,595897,"Burdi, Nick",27,7.4,,,,,,,,,,,,2264,95.3,93.8,0,0,2,-1.5,5.7,117,147,124,131,299,323,295,"-0.061","0.061",,,,,,,,,,,,,,"1.57","0.97","1.09","1.09",,,,,,5.31,-2.09,-0.31,2.03,,,"3.05",,,"-3.05",,,,,,,,,,,,
2,680770,"Huff, Chance",26,7.7,,,,,,,,0,0,,,2092,94.4,93.15,0,1,1,-1.2000000000000028,5.8,120,146,94,147,285,336,305,"-0.512","0.512",,,,1,0,0,0,0,0,0,0,0,0,"1.47","1.12","0.58","-0.58",,215,0,,,5.71,-3.08,-0.23,1.91,,,"25.6",,,"-25.6",,,,,0,,,,,,,
1,682858,"Barbosa, Gabriel",9,11.1,0,0,0,0,0,,,0,1,79.8,50,2036,92.4,91.6,0,1,0,-0.8000000000000114,5.9,113,148,120,148,284,300,286,"0.259","-0.259",,,,1,1,0,0,0,0,0,0,0,0,"1.74","0.93","0.51","-0.51","88.0",228,0,0,0,6.12,-2.72,-0.35,2.8,0,0,"-25.9",,,"25.9",,,,,0,,,,,,,
1,822488,"Kirn, Griffin",2,50,,,,,,,,,,,,2251,91.1,90.6,0,0,1,-0.5,6,109,155,124,148,297,326,292,"0.043","-0.043",,,,,,,,,,,,,,"1.72","1.03","0.53","-0.53",,,,,,5.38,3.35,-0.43,2.34,,,"-4.3",,,"4.3",,,,,,,,,,,,
1,822636,"Reynolds, Cole",15,6.7,1,3,,4,2.048,,,1,1,117.3,30,2186,92.8,92.3,0,1,0,-0.5,6,114,154,123,149,305,333,301,"-1.541","1.541",,,,1,1,0,0,0,1,0,0,0,0,"1.8","0.85","0.63","-0.63","117.3",424,100,100,100,5.57,2.89,-0.83,2.35,1,1,"154.1",,,"-154.1",,,,,0,,,,,,,
1,800686,"Carlson, Parker",32,3.1,,,,,,,,,,,,2305,94,93.8,0,1,0,-0.20000000000000284,6.2,87,147,115,146,289,313,285,"0.04","-0.04",,,,,,,,,,,,,,"1.4","1.18","0.31","0.31","88.0",245,,,,5.51,-1.25,0.76,2.6,,,"-4",,,"4",,,,,0,,,,,,,
1,670970,"Morejon, Adrian",130,0.8,0,0,,0,0,,,0,1,,,2265,97.9,98.4,1,1,0,0.5,6.3,104,152,122,148,306,321,274,"0.218","-0.218",,,,1,0,0,0,0,0,1,100,0,0,"1.37","0.98","0.47","-0.47",,,,,,6.09,2.59,0.6,2.64,0,,"-21.8",,,"21.8",,,,,100,,,,,,,
1,692646,"Rodriguez, Pedro",5,20,,,,,,,,,,,,2410,92.7,92.1,0,0,1,-0.6000000000000085,6,,,,,,,,"-0.018","0.018",,,,,,,,,,,,,,"1.53","1.12","0.69","0.69",,,,,,4.94,1.46,-1.14,2.07,,,"1.8",,,"-1.8",,,,,,,,,,,,
1,691012,"Santos II, Alex",2,50,0,0,0,0,0,,,0,1,70.8,35,2244,94,95,0,1,0,1,7,88,103,91,114,261,273,242,"0.209","-0.209",,,,1,1,0,0,0,0,0,0,0,0,"1.12","1.47","0.38","-0.38","88.0",220,0,0,0,5.5,-1.55,0.76,1.85,0,0,"-20.9",,,"20.9",,,,,0,,,,,,,
1,682044,"Boyle, Sean",39,2.6,1,3,,4,2.048,,,1,1,108.7,29,2280,89.1,89.4,0,1,0,0.30000000000001137,6.5,129,148,127,154,295,339,316,"-1.541","1.541",,,,1,1,0,0,0,1,0,0,0,0,"1.96","0.92","0.57","-0.57","108.7",447,100,100,100,5.09,-3.37,-0.72,2.62,1,1,"154.1",,,"-154.1",,,,,0,,,,,,,
1,677957,"Neeck, Brandon",86,1.2,0,0,0,0,0,,,0,1,99.4,3,2353,94.1,95.5,0,1,0,1.4000000000000057,7.2,113,152,123,149,293,310,284,"0.154","-0.154",,,,1,1,0,0,0,0,0,0,0,0,"1.08","1.5","0.73","-0.73","99.4",79,100,0,0,5.62,2.26,0.73,2.53,0,0,"-15.4",,,"15.4",,,,,0,,,,,,,
1,672841,"Vargas, Carlos",133,0.8,,,,,,,,,,,,1968,97.2,97.7,0,0,1,0.5,6.6,124,149,98,143,296,322,299,"-0.032","0.032",,,,,,,,,,,,,,"1.43","0.99","0.83","-0.83",,,,,,5.96,-2.46,-0.13,3.71,,,"3.2",,,"-3.2",,,,,,,,,,,,
1,694372,"Seminaris, Adam",14,7.1,,,,,,,,,,,,2067,90.4,91.3,0,1,0,0.8999999999999915,6.4,107,154,118,149,292,297,271,"0","0",,,,,,,,,,,,,,"1.61","1.14","0.9","-0.9","88.0",291,,,,5.79,0.95,0.81,3.32,,,"0",,,"0",,,,,0,,,,,,,
1,823748,"Hodges, Garrett",25,4,,,,,,,,,,,,2207,92.8,93.6,0,1,0,0.7999999999999972,6.6,87,143,120,151,302,340,308,"0.067","-0.067",,,,,,,,,,,,,,"1.6","1.03","0.72","0.72","88.0",93,,,,5.21,-2.48,0.16,2.19,,,"-6.7",,,"6.7",,,,,0,,,,,,,
1,694773,"Johnston, Reid",4,25,,,,,,,,,,,,2167,91.8,92.1,0,0,1,0.29999999999999716,6.6,116,151,126,147,299,322,294,"0.037","-0.037",,,,,,,,,,,,,,"1.43","1.29","0.52","0.52",,,,,,5.71,-1.94,0.48,2.62,,,"-3.7",,,"3.7",,,,,,,,,,,,
1,666374,"Brash, Matt",73,1.4,,,,,,,,,,,,2252,95,95.8,0,1,0,0.7999999999999972,6.5,127,144,123,151,284,314,291,"0","0",,,,,,,,,,,,,,"1.19","1.31","0.67","-0.67","88.0",214,,,,5.53,-2.47,-0.06,3.75,,,"0",,,"0",,,,,0,,,,,,,
1,646242,"Díaz, Jhonathan",38,2.6,,,,,,,,,,,,2079,88.5,88.2,0,0,1,-0.29999999999999716,6,117,152,123,147,317,323,333,"-0.083","0.083",,,,,,,,,,,,,,"1.82","1.08","0.58","-0.58",,,,,,5.87,2.94,0.25,4.39,,,"8.3",,,"-8.3",,,,,,,,,,,,
1,675919,"Raquet, Nick",44,2.3,0,0,0,0,0,,,0,1,100.7,25,2137,92.5,93.7,0,1,0,1.2000000000000028,6.6,88,148,120,143,300,332,313,"0.294","-0.294",,,,1,1,0,0,0,0,0,0,0,0,"1.4","1.23","0.6","-0.6","100.7",400,100,100,100,5.88,1.18,0,1.87,0,1,"-29.4",,,"29.4",,,,,0,,,,,,,
1,681810,"Warren, Austin",84,1.2,,,,,,,,,,,,2425,94.7,94.8,0,0,1,0.09999999999999432,6.4,120,146,122,152,292,321,288,"0.057","-0.057",,,,,,,,,,,,,,"1.49","1.06","1.04","-1.04",,,,,,4.96,-2.32,0.86,2.65,,,"-5.7",,,"5.7",,,,,,,,,,,,
1,676666,"Turner, Matt",77,1.3,,,,,0.698,,,0,0,,,1973,92.3,91.9,0,0,1,-0.3999999999999915,6,,,,,,,,"-0.114","0.114",,,,1,0,0,0,0,0,0,0,1,100,"1.77","0.9","0.9","0.9",,,,,,5.49,3.16,0.39,3.9,1,,"11.4",,,"-11.4",,,,,,,,,,,,
1,573009,"Mantiply, Joe",51,2,0,0,0,0,0,,,0,1,83.2,40,2150,89.2,88.3,0,1,0,-0.9000000000000057,6,116,153,122,145,307,326,284,"0.309","-0.309",,,,1,1,0,0,0,0,0,0,0,0,"2.25","0.64","1.18","-1.18","88.0",291,0,0,0,5.4,3.13,0.17,1.9,0,0,"-30.9",,,"30.9",,,,,0,,,,,,,
1,621366,"Borucki, Ryan",67,1.5,1,0,1,1,0.89,,,1,1,57.5,-61,2290,91.1,90.7,0,1,0,-0.3999999999999915,6.1,107,153,122,143,303,329,285,"-0.295","0.295",,,,1,1,1,0,0,0,0,0,0,0,"1.72","1.03","0.82","-0.82","88.0",1,0,0,0,5.79,1.05,0.18,2.51,1,0,"29.5",,,"-29.5",,,,,0,,,,,,,
1,800260,"Flores, Anthony",3,33.3,,,,,,,,,,,,2130,89.6,89.8,0,0,1,0.20000000000000284,5.8,114,152,124,147,291,295,288,"0.043","-0.043",,,,,,,,,,,,,,"2.14","0.64","0.49","-0.49",,,,,,5.09,1.93,0.4,1.65,,,"-4.3",,,"4.3",,,,,,,,,,,,
1,701828,"Lunsford-Shenkman, Wyatt",13,7.7,,,,,,,,,,,,2223,90.8,89.8,0,0,1,-1,5.5,113,140,114,139,295,323,302,"0.042","-0.042",,,,,,,,,,,,,,"1.84","0.91","0.62","0.62",,,,,,6.08,-1.19,0.58,1.88,,,"-4.2",,,"4.2",,,,,,,,,,,,
1,643511,"Rogers, Tyler",104,1,,,,,,,,,,,,2079,82.8,82.4,0,1,0,-0.3999999999999915,6.3,127,151,121,152,280,323,290,"0","0",,,,,,,,,,,,,,"3.37","-0.01","0.93","-0.93","88.0",178,,,,1.62,-4.16,0.24,2.68,,,"0",,,"0",,,,,0,,,,,,,
1,676454,"Cellucci, Brendan",20,5,,,,,,,,,,,,2367,92.8,94,0,0,1,1.2000000000000028,6.8,124,149,121,154,268,318,284,"-0.044","0.044",,,,,,,,,,,,,,"1.36","1.27","0.01","0.01",,,,,,5.69,1.85,0.15,3.36,,,"4.4",,,"-4.4",,,,,,,,,,,,
1,692454,"Aldonis, Pablo",1,100,0,0,0,0,0,,,0,1,103.5,-1,2284,92.4,92,0,1,0,-0.4000000000000057,6.1,88,150,129,150,279,310,266,"0.274","-0.274",,,,1,1,0,0,0,0,0,0,0,0,"1.4","1.27","0.3","-0.3","103.5",43,100,0,0,5.59,1.55,-0.27,2.28,0,0,"-27.4",,,"27.4",,,,,0,,,,,,,
1,811229,"Mejias, Ubert",2,50,0,0,0,0,0,,,0,1,76.1,-11,1755,91.8,91.3,0,1,0,-0.5,6.1,108,154,125,150,310,333,294,"0.296","-0.296",,,,1,1,0,0,0,0,0,0,0,0,"1.66","1.05","0.64","0.64","88.0",10,0,0,0,6.3,-1.47,0.19,2.18,0,0,"-29.6",,,"29.6",,,,,0,,,,,,,
1,806272,"Petty, Zane",1,100,0,0,0,0,0,,,0,1,103,-1,2177,93.8,93.5,0,1,0,-0.29999999999999716,6.2,88,149,115,151,294,333,302,"0.274","-0.274",,,,1,1,0,0,0,0,0,0,0,0,"1.2","1.4","0.56","-0.56","103.0",41,100,0,0,6.07,-1.2,-0.04,1.71,0,0,"-27.4",,,"27.4",,,,,0,,,,,,,
1,832307,"Kartsonas, Jack",12,8.3,,,,,,,,,,,,2017,95.5,96.8,0,1,0,1.2999999999999972,7.1,88,142,94,147,292,322,285,"0.055","-0.055",,,,,,,,,,,,,,"1.2","1.3","0.88","-0.88","88.0",258,,,,5.61,-1.61,-0.38,3.13,,,"-5.5",,,"5.5",,,,,0,,,,,,,
1,692447,"Magdaleno, Bryan",7,14.3,,,,,,,,,,,,2089,91.5,91.9,0,0,1,0.4000000000000057,6.3,126,147,94,154,292,317,306,"-0.014","0.014",,,,,,,,,,,,,,"1.59","1.12","0.73","0.73",,,,,,5.33,2.29,0.73,3.92,,,"1.4",,,"-1.4",,,,,,,,,,,,
1,681977,"Smith, Jake",27,3.7,,,,,0.698,,,0,0,,,2350,93.7,91.8,0,0,1,-1.9000000000000057,5.3,118,151,127,148,293,310,289,"-0.197","0.197",,,,1,0,0,0,0,0,0,0,1,100,"1.28","1.33","0.73","0.73",,,,,,5.65,-3.31,1.04,1.05,1,,"19.7",,,"-19.7",,,,,,,,,,,,
1,703106,"Velez, Ricardo",4,25,1,0,1,1,0.89,,,1,1,98.8,21,2372,92.5,92.3,0,1,0,-0.20000000000000284,6.1,88,142,125,151,303,312,303,"-0.408","0.408",,,,1,1,1,0,0,0,0,0,0,0,"1.5","1.15","0.78","-0.78","98.8",282,100,0,0,5.7,-1.75,-0.69,3.04,1,0,"40.8",,,"-40.8",,,,,0,,,,,,,
1,691711,"Ramírez, Jawilme",2,50,,,,,,,,,,,,2262,91.2,90.5,0,0,1,-0.7000000000000028,6.2,105,154,121,146,308,333,297,"-0.026","0.026",,,,,,,,,,,,,,"1.54","1.22","0.98","0.98",,,,,,6.39,-2.14,-1.38,2.25,,,"2.6",,,"-2.6",,,,,,,,,,,,
1,830485,"Buchanan, Trent",19,5.3,0,0,0,0,0,,,0,1,83.5,71,2257,93.8,93.5,0,1,0,-0.29999999999999716,6.1,119,154,128,150,323,316,290,"0.312","-0.312",,,,1,1,0,0,0,0,0,0,0,0,"1.6","1","0.56","0.56","88.0",128,0,0,0,4.95,-2.38,0.36,2.78,0,0,"-31.2",,,"31.2",,,,,0,,,,,,,
1,552640,"Kittredge, Andrew",23,4.3,,,,,,,,,,,,2197,91.8,,0,1,0,,6.5,116,149,121,142,294,313,292,"0","0",,,,,,,,,,,,,,"1.16","1.56","0.5","0.5","99.3",,,,,5.95,-1.6,-0.02,3.49,,,"0",,,"0",,,,,0,,,,,,,
1,668719,"Yovan, Kenyon",11,9.1,,,,,,,,,,,,2278,93,93.2,1,1,0,0.20000000000000284,6.4,120,146,94,153,293,332,317,"0.033","-0.033",,,,,,,,,,,,,,"1.37","1.26","0.61","-0.61",,,,,,5.73,-3.29,-0.09,3.56,,,"-3.3",,,"3.3",,,,,100,,,,,,,
1,669441,"Champlain, Chandler",1,100,0,0,0,0,0,,,0,1,94.7,10,2242,91.9,90.9,0,1,0,-1,5.9,124,146,125,148,286,317,293,"0.283","-0.283",,,,1,1,0,0,0,0,0,0,0,0,"1.19","1.53","0.54","-0.54","94.7",157,0,0,0,6.16,-0.84,0.6,1.47,0,0,"-28.3",,,"28.3",,,,,0,,,,,,,
1,807723,"Johnson, Bjorn",24,4.2,,,,,0.698,,,0,0,,,2304,91,89.8,0,0,1,-1.2000000000000028,5.7,87,151,122,147,294,311,285,"-0.131","0.131",,,,1,0,0,0,0,0,0,0,1,100,"1.29","1.48","0.73","-0.73",,,,,,6.49,-0.22,-1.64,2.43,1,,"13.1",,,"-13.1",,,,,,,,,,,,
1,687195,"Garland, Jake",20,5,,,,,,,,,,,,2229,92,92.2,0,1,0,0.20000000000000284,6.4,111,153,124,149,285,307,289,"0","0",,,,,,,,,,,,,,"1.61","1.09","0.07","0.07","88.0",175,,,,5.9,-1.83,0.75,3.44,,,"0",,,"0",,,,,0,,,,,,,
1,660825,"Bazardo, Eduard",42,2.4,,,,,,,,,,,,2161,95.4,94.9,0,0,1,-0.5,5.9,91,99,90,109,300,330,308,"-0.031","0.031",,,,,,,,,,,,,,"1.46","1.03","0.64","-0.64",,,,,,5.83,-1.83,1.05,2.85,,,"3.1",,,"-3.1",,,,,,,,,,,,