"pitches","player_id","player_name","total_pitches","pitch_percent","ba","iso","babip","slg","woba","xwoba","xba","hits","abs","launch_speed","launch_angle","spin_rate","velocity","effective_speed","whiffs","swings","takes","eff_min_vel","release_extension","pos3_int_start_distance","pos4_int_start_distance","pos5_int_start_distance","pos6_int_start_distance","pos7_int_start_distance","pos8_int_start_distance","pos9_int_start_distance","pitcher_run_exp","run_exp","bat_speed","swing_length","miss_distance","pa","bip","singles","doubles","triples","hrs","so","k_percent","bb","bb_percent","api_break_z_with_gravity","api_break_z_induced","api_break_x_arm","api_break_x_batter_in","hyper_speed","bbdist","hardhit_percent","barrels_per_bbe_percent","barrels_per_pa_percent","release_pos_z","release_pos_x","plate_x","plate_z","obp","barrels_total","batter_run_value_per_100","xobp","xslg","pitcher_run_value_per_100","xbadiff","xobpdiff","xslgdiff","wobadiff","swing_miss_percent","arm_angle","attack_angle","attack_direction","swing_path_tilt","rate_ideal_attack_angle","intercept_ball_minus_batter_pos_x_inches","intercept_ball_minus_batter_pos_y_inches"
152,663903,"Singer, Brady",292,52.1,0.258,0.129,0.333,0.387,0.336,,,8,31,89.2,5.9,2270,91.6,92.5,5,62,90,0.9000000000000057,6.82,112,148,111,148,289,320,290,"0.723","-0.723",,,,36,24,4,4,0,0,7,19.4,5,13.9,"1.97","0.75","1.27","0.16","91.1",163,41.66666666666667,4.166666666666666,2.7777777777777777,5.29,-1.29,0.01,2.56,0.361,1,"-0.475657895",,,"0.475657895",,,,,8.1,,,,,,,
124,650633,"King, Michael",338,36.7,0.333,0.222,0.35,0.556,0.393,,,9,27,93.7,-1.4,2313,92.8,91.64,6,48,76,-1.2000000000000028,5.83,111,149,121,148,294,322,293,"-2.78","2.78",,,,28,22,7,0,0,2,5,17.9,1,3.6,"2.28","0.39","1.33","0.16","94.0",103,54.54545454545454,9.090909090909092,7.142857142857142,5.45,-2.91,0.08,2.47,0.357,2,"2.241935484",,,"-2.241935484",,,,,12.5,,,,,,,
121,605135,"Bassitt, Chris",285,42.5,0.214,0.107,0.25,0.321,0.276,,,6,28,86.9,-2.5,2080,91,91.11,2,50,71,0.09999999999999432,6.33,112,149,121,147,280,312,287,"2.61","-2.61",,,,31,24,3,3,0,0,4,12.9,2,6.5,"2.19","0.56","1.36","0.25","92.6",120,41.66666666666667,8.333333333333332,6.451612903225806,5.47,-1.66,0,2.29,0.29,2,"-2.157024793",,,"2.157024793",,,,,4,,,,,,,
117,669372,"Ginn, J.T.",268,43.7,0.36,0.08,0.529,0.44,0.419,,,9,25,94.6,-1.2,1921,93.9,94.39,5,48,69,0.5,6.61,106,149,117,146,300,322,292,"-1.483","1.483",,,,31,17,7,2,0,0,8,25.8,4,12.9,"2.23","0.37","1.2","0.41","93.4",105,58.82352941176471,5.88235294117647,3.225806451612903,5.57,-1.19,-0.15,2.31,0.484,1,"1.267521368",,,"-1.267521368",,,,,10.4,,,,,,,
115,682825,"Mey, Luis",175,65.7,0.393,0.25,0.455,0.643,0.482,,,11,28,93.9,0.3,2202,97.4,97.94,6,51,64,0.5,6.64,107,146,116,145,299,326,298,"-3.086","3.086",,,,33,23,6,4,0,1,5,15.2,5,15.2,"1.92","0.49","1.14","0.19","94.4",136,52.17391304347826,8.695652173913043,6.0606060606060606,5.72,-2.15,0.05,2.13,0.485,2,"2.683478261",,,"-2.683478261",,,,,11.8,,,,,,,
109,664285,"Valdez, Framber",236,46.2,0.242,0.061,0.25,0.303,0.252,,,8,33,92.2,2.2,2116,93.9,92.47,10,56,53,-1.4000000000000057,5.58,111,148,113,145,290,323,284,"2.713","-2.713",,,,34,32,6,2,0,0,1,2.9,1,2.9,"2.12","0.48","1.22","-0.21","93.9",127,56.25,3.125,2.941176470588235,6.17,0.87,0.03,2.39,0.265,1,"-2.488990826",,,"2.488990826",,,,,17.9,,,,,,,
106,694738,"Roupp, Landen",243,43.6,0.235,0.118,0.308,0.353,0.352,,,4,17,90.5,19.2,2024,93.8,93.82,7,35,71,0,6.21,108,149,115,147,303,329,300,"0.922","-0.922",,,,22,13,3,0,1,0,4,18.2,5,22.7,"2.31","0.27","1.38","0.37","92.1",193,53.84615384615385,7.6923076923076925,4.545454545454546,5.22,-1.77,-0.17,2.58,0.409,1,"-0.869811321",,,"0.869811321",,,,,20,,,,,,,
105,686790,"McDonald, Trevor",182,57.7,0.276,0.276,0.273,0.552,0.395,,,8,29,89.7,-8.6,2268,94.2,94.64,8,53,52,0.3999999999999915,6.62,110,151,117,150,314,334,297,"0.118","-0.118",,,,33,24,4,2,0,2,5,15.2,2,6.1,"2.44","0.13","1.26","0.19","91.5",95,29.166666666666668,12.5,9.090909090909092,5.29,-2.05,-0.07,2.2,0.364,3,"-0.112380952",,,"0.112380952",,,,,15.1,,,,,,,
104,666157,"Lodolo, Nick",246,42.3,0.31,0.138,0.4,0.448,0.363,,,9,29,91.8,1.5,2318,94,93.38,7,46,58,-0.5999999999999943,6.04,112,149,114,149,289,327,295,"0.286","-0.286",,,,32,21,7,1,0,1,8,25,3,9.4,"2.2","0.39","1.48","0.33","93.0",158,52.38095238095239,4.761904761904762,3.125,5.41,3.8,-0.11,2.29,0.375,1,"-0.275",,,"0.275",,,,,15.2,,,,,,,
102,664141,"Brubaker, JT",185,55.1,0.188,0.25,0.143,0.438,0.395,,,3,16,92.8,10.9,2210,93.2,92.05,3,38,64,-1.2000000000000028,5.61,110,150,120,149,302,331,303,"-1.783","1.783",,,,23,15,1,1,0,1,1,4.3,7,30.4,"1.82","0.8","1.27","0.27","92.8",151,46.666666666666664,6.666666666666667,4.3478260869565215,6.37,-2.35,0.06,2.77,0.435,1,"1.748039216",,,"-1.748039216",,,,,7.9,,,,,,,
101,805299,"Garcia, Brandyn",153,66,0.273,0.182,0.3,0.455,0.453,,,3,11,97,-11.5,2272,95.6,93.57,8,29,72,-2,5.23,107,144,115,143,300,325,301,"-2.556","2.556",,,,20,10,1,2,0,0,2,10,6,30,"2.46","0.04","1.23","-0.27","94.8",117,80,10,5,5.51,1.88,-0.07,2.58,0.55,1,"2.530693069",,,"-2.530693069",,,,,27.6,,,,,,,
101,700712,"Ureña, Walbert",275,36.7,0.333,0.143,0.412,0.476,0.38,,,7,21,87.6,-12.2,2167,98.6,98.17,17,47,54,-0.3999999999999915,6,106,149,115,148,302,322,301,"-0.363","0.363",,,,23,17,4,3,0,0,4,17.4,2,8.7,"1.92","0.43","1.28","0.54","93.0",88,35.294117647058826,0,0,6.43,-1.31,-0.33,2.02,0.391,0,"0.359405941",,,"-0.359405941",,,,,36.2,,,,,,,
97,696270,"Johnson, Ryan",341,28.4,0.346,0.077,0.375,0.423,0.374,,,9,26,93.9,-6.5,2179,94,94.12,5,47,50,0.09999999999999432,6.27,110,148,116,149,299,326,294,"-0.084","0.084",,,,29,24,7,2,0,0,2,6.9,3,10.3,"2.12","0.45","1.07","0.13","94.7",116,54.166666666666664,8.333333333333332,6.896551724137931,5.95,-2.85,-0.23,2.51,0.414,2,"0.086597938",,,"-0.086597938",,,,,10.6,,,,,,,
97,686799,"Kochanowicz, Jack",268,36.2,0.269,0.154,0.304,0.423,0.35,,,7,26,87.2,-3,2155,96.6,96.9,10,49,48,0.30000000000001137,6.3,111,150,118,149,305,324,299,"-0.411","0.411",,,,30,23,3,4,0,0,3,10,4,13.3,"1.98","0.45","1.08","0.36","91.7",123,33.33333333333333,4.761904761904762,3.3333333333333335,6.38,-1.42,-0.07,2.34,0.367,1,"0.42371134",,,"-0.42371134",,,,,20.4,,,,,,,
96,605288,"Houser, Adrian",187,51.3,0.269,0.231,0.273,0.5,0.376,,,7,26,94.3,-4.8,2160,94.7,95.3,4,42,54,0.5999999999999943,6.66,109,151,119,149,313,340,299,"-0.791","0.791",,,,30,23,3,3,0,1,3,10,4,13.3,"1.94","0.61","1.31","0.51","94.3",111,47.82608695652174,4.3478260869565215,3.3333333333333335,5.78,-1.54,0.12,2.23,0.367,1,"0.823958333",,,"-0.823958333",,,,,9.5,,,,,,,
88,695076,"Lowder, Rhett",252,34.9,0.345,0.138,0.476,0.483,0.39,,,10,29,91.9,6,2279,93.2,93.03,2,40,48,-0.20000000000000284,6.22,104,145,115,146,291,315,296,"-2.467","2.467",,,,32,21,6,4,0,0,8,25,3,9.4,"2.07","0.56","1.46","0.51","94.6",169,55.00000000000001,10,6.25,5.63,-2.49,0,2.29,0.406,2,"2.803409091",,,"-2.803409091",,,,,5,,,,,,,
88,641835,"Mayza, Tim",150,58.7,0.35,0.2,0.462,0.55,0.416,,,7,20,91.4,1.1,2016,93.6,94.46,13,39,49,0.9000000000000057,6.83,108,149,118,146,288,313,281,"-1.557","1.557",,,,22,14,5,1,0,1,6,27.3,2,9.1,"1.83","0.78","1.3","-0.66","92.3",160,64.28571428571429,7.142857142857142,4.545454545454546,6.22,1.72,0.05,2.12,0.409,1,"1.769318182",,,"-1.769318182",,,,,33.3,,,,,,,
88,621237,"Alvarado, José",148,59.5,0.15,0.3,0.071,0.45,0.307,,,3,20,89.1,0,2077,98.3,99.05,7,41,47,0.7000000000000028,6.72,112,148,120,149,285,307,283,"1.34","-1.34",,,,23,16,1,0,0,2,4,17.4,3,13,"1.37","0.99","1.23","-0.33","92.4",137,56.25,6.25,4.3478260869565215,6.47,1.59,-0.2,2.51,0.261,1,"-1.522727273",,,"1.522727273",,,,,17.1,,,,,,,
87,678394,"Bello, Brayan",215,40.5,0.308,0.038,0.444,0.346,0.288,,,8,26,89,4.1,1984,94.3,94.43,13,43,44,0.10000000000000853,6.36,114,149,122,150,291,316,294,"1.188","-1.188",,,,26,18,7,1,0,0,8,30.8,0,0,"1.91","0.66","1.25","0.02","93.0",126,44.44444444444444,11.11111111111111,7.6923076923076925,5.87,-1.36,-0.01,2.32,0.308,2,"-1.365517241",,,"1.365517241",,,,,30.2,,,,,,,
84,689266,"Dodd, Dylan",154,54.5,0.231,0.231,0.222,0.462,0.323,,,3,13,97.6,2,2116,94,94.03,13,39,45,0,6.34,109,149,128,150,303,322,296,"0.791","-0.791",,,,14,10,2,0,0,1,3,21.4,1,7.1,"1.33","1.25","1.03","0.34","92.4",162,60,10,7.142857142857142,5.99,2.56,0,3.09,0.286,1,"-0.941666667",,,"0.941666667",,,,,33.3,,,,,,,
83,678606,"Ferrer, José A.",145,57.2,0.4,0.4,0.455,0.8,0.529,,,6,15,93.8,5.1,2095,96.7,96.17,9,44,39,-0.5,6.04,114,145,117,145,294,321,295,"-1.31","1.31",,,,17,12,2,3,0,1,3,17.6,2,11.8,"1.92","0.52","1.42","0.08","92.1",163,41.66666666666667,0,0,5.92,2.96,0.02,2.4,0.471,0,"1.578313253",,,"-1.578313253",,,,,20.5,,,,,,,
83,801403,"Dollander, Chase",292,28.4,0.364,0.136,0.348,0.5,0.397,,,8,22,88,-0.7,2399,97.9,97.73,5,39,44,-0.20000000000000284,6.25,112,148,114,147,293,315,294,"-0.916","0.916",,,,26,23,5,3,0,0,0,0,3,11.5,"1.84","0.54","1.47","0.59","93.3",125,56.52173913043478,8.695652173913043,7.6923076923076925,5.1,-1.96,-0.12,2.34,0.423,2,"1.103614458",,,"-1.103614458",,,,,12.8,,,,,,,
81,657044,"Thompson, Ryan",171,47.4,0.294,0.176,0.294,0.471,0.345,,,5,17,95.4,-4.4,1961,88.6,88.78,7,37,44,0.20000000000000284,6.64,114,148,118,149,300,320,300,"0.854","-0.854",,,,18,17,3,1,1,0,0,0,1,5.6,"3.55","-0.62","0.96","0.28","95.6",100,70.58823529411765,11.76470588235294,11.11111111111111,3.64,-3.9,-0.33,2,0.333,2,"-1.054320988",,,"1.054320988",,,,,18.9,,,,,,,
80,670970,"Morejon, Adrian",130,61.5,0.222,0,0.364,0.222,0.224,,,4,18,93.2,-11.3,2353,99.2,98.72,11,43,37,-0.5,6.18,106,149,124,149,295,326,294,"1.882","-1.882",,,,19,11,4,0,0,0,7,36.8,1,5.3,"1.45","0.88","1.2","-0.48","92.2",173,45.45454545454545,9.090909090909092,5.263157894736842,6.11,2.29,0.11,2.76,0.263,1,"-2.3525",,,"2.3525",,,,,25.6,,,,,,,
79,605280,"Holmes, Clay",182,43.4,0.053,0,0.056,0.053,0.137,,,1,19,93.6,-2.9,2147,94,92.95,6,36,43,-1,5.75,109,149,122,147,295,321,280,"3.266","-3.266",,,,22,18,1,0,0,0,1,4.5,2,9.1,"2.41","0.18","1.4","0.3","93.2",119,58.82352941176471,0,0,6.37,-1.22,-0.25,2.19,0.182,0,"-4.134177215",,,"4.134177215",,,,,16.7,,,,,,,
78,669270,"Kuhnel, Joel",185,42.2,0.273,0.182,0.294,0.455,0.344,,,6,22,87.3,-13.2,2225,95.9,96.89,12,44,34,1,6.82,109,147,114,147,294,320,294,"-1.908","1.908",,,,24,18,4,1,0,1,4,16.7,2,8.3,"1.95","0.53","1.19","0.04","93.6",123,50,11.11111111111111,8.333333333333332,6.2,-1.33,-0.18,2.08,0.333,2,"2.446153846",,,"-2.446153846",,,,,27.3,,,,,,,
78,693821,"Elder, Bryce",218,35.8,0.238,0,0.357,0.238,0.254,,,5,21,91.5,-3.6,2098,91.2,90.79,4,29,49,-0.4000000000000057,6.23,112,148,122,146,302,320,294,"1.905","-1.905",,,,23,14,5,0,0,0,7,30.4,2,8.7,"2.11","0.65","1.23","0.43","93.6",102,50,0,0,6.33,-1.54,0.01,2.05,0.304,0,"-2.442307692",,,"2.442307692",,,,,13.8,,,,,,,
76,702352,"Bivens, Spencer",176,43.2,0.304,0.043,0.333,0.348,0.309,,,7,23,90.5,-3.8,1855,94,94.21,5,36,40,0.20000000000000284,6.41,108,149,119,148,304,327,301,"0.626","-0.626",,,,26,21,6,1,0,0,3,11.5,1,3.8,"2.24","0.33","1.18","0.34","93.7",102,47.61904761904761,4.761904761904762,3.8461538461538463,5.95,-2.43,-0.42,2.52,0.346,1,"-0.823684211",,,"0.823684211",,,,,13.9,,,,,,,
76,571927,"Matz, Steven",158,48.1,0.222,0.056,0.25,0.278,0.266,,,4,18,95.6,0.8,2217,93.9,93.94,3,31,45,0,6.43,108,149,118,148,290,319,289,"2.151","-2.151",,,,20,16,3,1,0,0,2,10,2,10,"1.65","0.95","1.27","-0.11","92.8",157,56.25,6.25,5,5.86,2.48,-0.39,2.68,0.3,1,"-2.830263158",,,"2.830263158",,,,,9.7,,,,,,,
75,676879,"Ashby, Aaron",148,50.7,0.167,0,0.2,0.167,0.333,,,2,12,95.5,4.3,2068,95.7,94.38,1,22,53,-1.2999999999999972,5.39,105,149,117,148,298,319,293,"0.359","-0.359",,,,18,10,2,0,0,0,2,11.1,5,27.8,"1.81","0.67","1.15","-0.26","92.4",179,50,0,0,6.57,0.47,-0.02,2.8,0.444,0,"-0.478666667",,,"0.478666667",,,,,4.5,,,,,,,
74,806960,"Morales, Luis",365,20.3,0.188,0,0.2,0.188,0.238,,,3,16,87.1,1.6,2494,97.1,96.68,2,35,39,-0.3999999999999915,6.05,103,147,112,145,306,324,293,"1.74","-1.74",,,,20,15,3,0,0,0,2,10,3,15,"1.37","1.05","1.12","1","94.1",147,60,6.666666666666667,5,5.8,-1.66,-0.16,2.13,0.3,1,"-2.351351351",,,"2.351351351",,,,,5.7,,,,,,,
74,621112,"Blackburn, Paul",228,32.5,0.208,0.083,0.217,0.292,0.234,,,5,24,87,7.7,2045,93.4,93.32,4,39,35,-0.10000000000000853,6.26,106,151,118,149,293,313,278,"2.651","-2.651",,,,25,23,4,0,1,0,1,4,1,4,"1.77","0.84","1.04","0.82","91.1",133,27.27272727272727,9.090909090909092,8,5.93,-2.13,-0.25,2.16,0.24,2,"-3.582432432",,,"3.582432432",,,,,10.3,,,,,,,
74,666201,"Manoah, Alek",307,24.1,0.5,0.278,0.643,0.778,0.575,,,9,18,92.5,13,2170,90.6,91.77,4,29,45,1.2000000000000028,7.01,106,146,117,144,300,320,297,"-4.482","4.482",,,,22,14,4,5,0,0,4,18.2,4,18.2,"1.73","1.05","1.04","0.68","96.4",124,64.28571428571429,14.285714285714285,9.090909090909092,6.09,-2.21,0.19,2.08,0.591,2,"6.056756757",,,"-6.056756757",,,,,13.8,,,,,,,
73,679775,"Backhus, Kyle",105,69.5,0.222,0.111,0.286,0.333,0.263,,,4,18,94.7,5.9,2138,91,91.79,7,30,43,0.7999999999999972,6.93,112,149,120,148,285,308,283,"1.715","-1.715",,,,19,14,2,2,0,0,4,21.1,1,5.3,"2.65","0.12","1.6","-0.63","95.8",170,71.42857142857143,7.142857142857142,5.263157894736842,4.27,2.96,-0.13,2.46,0.263,1,"-2.349315068",,,"2.349315068",,,,,23.3,,,,,,,
73,594580,"Moll, Sam",180,40.6,0.167,0.083,0.182,0.25,0.352,,,2,12,92,9.5,2353,91.1,88.48,4,29,44,-2.5999999999999943,4.65,111,149,120,149,295,327,297,"1.384","-1.384",,,,18,11,1,1,0,0,1,5.6,6,33.3,"2.97","-0.22","1.26","0.07","94.8",121,54.54545454545454,0,0,5.03,2.11,0.48,2.34,0.444,0,"-1.895890411",,,"1.895890411",,,,,13.8,,,,,,,
72,643511,"Rogers, Tyler",104,69.2,0.286,0.143,0.313,0.429,0.328,,,6,21,81.2,-15.9,2010,82.8,82.12,8,33,39,-0.7000000000000028,6.17,111,148,119,148,304,320,286,"0.127","-0.127",,,,22,17,5,0,0,1,4,18.2,0,0,"4.42","-1.05","0.32","-0.02","91.7",98,35.294117647058826,5.88235294117647,4.545454545454546,1.58,-3.92,-0.14,2.1,0.318,1,"-0.176388889",,,"0.176388889",,,,,24.2,,,,,,,
70,656605,"Keller, Mitch",285,24.6,0.154,0,0.167,0.154,0.137,,,2,13,82.7,-7.6,2249,92.3,92.86,5,32,38,0.6000000000000085,6.59,109,150,118,149,290,312,286,"1.886","-1.886",,,,13,12,2,0,0,0,1,7.7,0,0,"2.27","0.4","0.97","0.45","90.8",85,33.33333333333333,0,0,5.81,-2.07,-0.12,2.14,0.154,0,"-2.694285714",,,"2.694285714",,,,,15.6,,,,,,,
70,656849,"Peterson, David",197,35.5,0.222,0.056,0.235,0.278,0.266,,,4,18,94.2,-18.8,2055,90.9,92.57,6,38,32,1.6999999999999886,7.14,106,146,116,147,289,316,286,"0.626","-0.626",,,,20,17,3,1,0,0,1,5,2,10,"2.18","0.56","0.73","0.01","94.6",73,64.70588235294117,0,0,6.13,2.26,0.06,2.22,0.3,0,"-0.894285714",,,"0.894285714",,,,,15.8,,,,,,,
70,608718,"Suter, Brent",208,33.7,0.421,0.211,0.467,0.632,0.476,,,8,19,84.3,15.8,2044,87.9,89.82,4,30,40,1.8999999999999915,7.49,112,149,116,148,296,322,298,"-1.527","1.527",,,,24,16,6,1,0,1,4,16.7,4,16.7,"1.86","1.09","0.94","0.07","90.1",156,18.75,6.25,4.166666666666666,6.17,3.2,0.2,2.43,0.5,1,"2.181428571",,,"-2.181428571",,,,,13.3,,,,,,,
69,527048,"Pérez, Martín",185,37.3,0.286,0,0.333,0.286,0.276,,,6,21,89.8,1,1961,90.2,89.98,2,35,34,-0.20000000000000284,6.14,118,150,123,149,299,322,291,"1.354","-1.354",,,,22,18,6,0,0,0,3,13.6,0,0,"2.01","0.8","1.35","0","93.9",98,44.44444444444444,5.555555555555555,4.545454545454546,5.72,1.05,-0.05,2.29,0.318,1,"-1.962318841",,,"1.962318841",,,,,5.7,,,,,,,
69,677976,"Dobnak, Randy",184,37.5,0.5,0.278,0.563,0.778,0.557,,,9,18,97.6,6.6,1900,92.1,91.04,1,33,36,-1.0999999999999943,5.59,112,148,115,145,301,327,297,"-2.217","2.217",,,,19,16,4,5,0,0,2,10.5,0,0,"2.58","0.1","1.25","0.5","95.1",132,68.75,25,21.052631578947366,5.64,-1.87,-0.03,1.98,0.526,4,"3.213043478",,,"-3.213043478",,,,,3,,,,,,,
68,657649,"Koenig, Jared",134,50.7,0.313,0,0.5,0.313,0.325,,,5,16,95.4,14.9,2357,93.8,93.42,5,24,44,-0.3999999999999915,6.17,109,151,118,150,298,314,295,"0.872","-0.872",,,,18,10,5,0,0,0,6,33.3,2,11.1,"1.7","0.9","1.15","-0.4","93.1",154,50,0,0,6.17,2.19,0.08,2.47,0.389,0,"-1.282352941",,,"1.282352941",,,,,20.8,,,,,,,
68,687075,"Sproat, Brandon",209,32.5,0.167,0,0.222,0.167,0.227,,,2,12,89.8,-8.1,1991,96.9,97.11,5,30,38,0.19999999999998863,6.38,110,149,115,148,300,319,296,"1.442","-1.442",,,,14,9,2,0,0,0,3,21.4,2,14.3,"1.93","0.49","1.27","0.54","91.9",104,44.44444444444444,11.11111111111111,7.142857142857142,5.5,-2.26,-0.01,2.33,0.286,1,"-2.120588235",,,"2.120588235",,,,,16.7,,,,,,,
68,680694,"Bradish, Kyle",222,30.6,0.238,0.048,0.278,0.286,0.27,,,5,21,87.1,-2.3,2122,94.6,94.45,6,32,36,-0.19999999999998863,6.4,107,149,120,145,292,315,287,"1.219","-1.219",,,,23,18,4,1,0,0,3,13,2,8.7,"1.43","1.14","0.92","0.39","93.4",113,44.44444444444444,0,0,6.37,-1.08,-0.03,2.72,0.304,0,"-1.792647059",,,"1.792647059",,,,,18.8,,,,,,,
67,666200,"Luzardo, Jesús",270,24.8,0.294,0.176,0.267,0.471,0.35,,,5,17,89.1,-16.6,2203,95.1,93.58,4,34,33,-1.5,5.49,109,145,115,146,277,304,280,"1.433","-1.433",,,,18,16,4,0,0,1,1,5.6,1,5.6,"1.99","0.54","1.51","0.02","92.1",75,46.666666666666664,6.666666666666667,5.555555555555555,5.83,2.48,0.24,1.99,0.333,1,"-2.13880597",,,"2.13880597",,,,,11.8,,,,,,,
65,656794,"Newcomb, Sean",266,24.4,0.211,0,0.222,0.211,0.257,,,4,19,91,3.8,2241,91.9,90.71,3,32,33,-1.2000000000000028,5.58,109,145,116,146,298,330,302,"1.394","-1.394",,,,22,18,4,0,0,0,1,4.5,3,13.6,"2.29","0.41","1.33","0.23","93.3",124,44.44444444444444,5.555555555555555,4.545454545454546,5.94,2.59,0.1,2.08,0.318,1,"-2.144615385",,,"2.144615385",,,,,9.4,,,,,,,
65,647315,"Pop, Zach",137,47.4,0.188,0.063,0.273,0.25,0.22,,,3,16,93.5,-0.5,2203,96.4,96.5,7,34,31,0.09999999999999432,6.41,110,149,117,147,284,309,284,"2.418","-2.418",,,,17,11,2,1,0,0,5,29.4,1,5.9,"1.74","0.72","1.41","0.33","92.4",168,54.54545454545454,9.090909090909092,5.88235294117647,5.85,-1.88,-0.12,2.14,0.235,1,"-3.72",,,"3.72",,,,,20.6,,,,,,,
64,641743,"Kay, Anthony",347,18.4,0.385,0.231,0.5,0.615,0.466,,,5,13,93.2,0.3,2226,95.1,94.38,7,26,38,-0.6999999999999886,5.87,109,149,118,147,299,331,305,"-1.675","1.675",,,,15,10,2,3,0,0,3,20,1,6.7,"2.07","0.46","1.24","-0.01","93.8",153,60,10,6.666666666666667,5.73,2.03,0.36,2.4,0.467,1,"2.6171875",,,"-2.6171875",,,,,26.9,,,,,,,
64,663855,"Hicks, Jordan",156,41,0.412,0.059,0.583,0.471,0.388,,,7,17,93.4,-5.3,1789,98.9,98.74,7,29,35,-0.20000000000000284,6.11,112,149,119,148,297,327,300,"0.402","-0.402",,,,17,12,6,1,0,0,5,29.4,0,0,"1.75","0.58","1.28","0.1","94.8",139,58.333333333333336,0,0,5.91,-1.79,0.01,2.38,0.412,0,"-0.628125",,,"0.628125",,,,,24.1,,,,,,,
63,681517,"Leahy, Kyle",280,22.5,0.059,0,0.091,0.059,0.088,,,1,17,82.3,-0.6,2157,93.4,95.28,5,28,35,1.8999999999999915,7.25,110,149,118,144,290,315,281,"3.799","-3.799",,,,18,11,1,0,0,0,6,33.3,1,5.6,"1.61","0.99","1.08","0.88","91.7",166,27.27272727272727,0,0,5.62,-1.77,0.08,2.59,0.111,0,"-6.03015873",,,"6.03015873",,,,,17.9,,,,,,,
63,642546,"Hernández, Jonathan",155,40.6,0.333,0.333,0.3,0.667,0.478,,,4,12,96.9,-2.5,2215,96,95.89,2,24,39,-0.09999999999999432,6.38,108,148,116,144,290,317,285,"-1.524","1.524",,,,15,11,2,1,0,1,1,6.7,3,20,"2.04","0.45","1.41","0.61","94.6",103,63.63636363636363,9.090909090909092,6.666666666666667,5.52,-2.7,-0.28,1.93,0.467,1,"2.419047619",,,"-2.419047619",,,,,8.3,,,,,,,
63,640454,"Krook, Matt",111,56.8,0.364,0,0.5,0.364,0.381,,,4,11,87.2,16.5,2049,89.2,88.53,7,29,34,-0.7000000000000028,5.84,109,147,117,145,298,320,294,"0.036","-0.036",,,,13,8,4,0,0,0,3,23.1,2,15.4,"2.45","0.42","1.34","-0.36","91.3",98,37.5,0,0,6.26,1.58,0.37,1.99,0.462,0,"-0.057142857",,,"0.057142857",,,,,24.1,,,,,,,
62,680689,"Richardson, Lyon",154,40.3,0.375,0,0.375,0.375,0.374,,,6,16,91.2,-2.2,2250,95.7,94.6,1,24,38,-1.1000000000000085,5.77,106,148,116,145,306,330,294,"-0.694","0.694",,,,18,16,6,0,0,0,0,0,2,11.1,"1.75","0.75","1.41","0.69","93.2",102,56.25,0,0,5.51,-1.45,0.24,2.03,0.444,0,"1.119354839",,,"-1.119354839",,,,,4.2,,,,,,,
62,672841,"Vargas, Carlos",133,46.6,0.308,0.077,0.333,0.385,0.33,,,4,13,77.2,15.2,2034,97.8,98.4,4,27,35,0.6000000000000085,6.7,110,146,118,146,295,319,289,"0.879","-0.879",,,,14,12,3,1,0,0,1,7.1,1,7.1,"1.79","0.6","1.27","0.37","89.7",121,16.666666666666664,0,0,5.93,-2.57,-0.13,2.32,0.357,0,"-1.417741935",,,"1.417741935",,,,,14.8,,,,,,,
62,678024,"Vasil, Mike",178,34.8,0.125,0.063,0.167,0.188,0.268,,,2,16,79.3,4.1,2104,94.3,94.04,5,23,39,-0.29999999999999716,6.17,104,147,120,144,297,332,298,"0.965","-0.965",,,,21,12,1,1,0,0,4,19,5,23.8,"2.1","0.47","1.08","0.41","89.8",133,16.666666666666664,0,0,5.94,-1.56,-0.16,2.69,0.333,0,"-1.556451613",,,"1.556451613",,,,,21.7,,,,,,,
61,701542,"Warren, Will",344,17.7,0.111,0,0.133,0.111,0.13,,,2,18,91.4,-11.2,2394,93.7,93.6,4,25,36,-0.10000000000000853,6.5,108,151,123,150,293,323,287,"2.879","-2.879",,,,19,15,2,0,0,0,3,15.8,1,5.3,"2.15","0.47","1.38","0.85","93.8",100,46.666666666666664,6.666666666666667,5.263157894736842,5.6,-3.37,-0.03,2.17,0.158,1,"-4.719672131",,,"4.719672131",,,,,16,,,,,,,
60,608379,"Wacha, Michael",284,21.1,0.167,0,0.222,0.167,0.227,,,2,12,97,-3.6,2066,92.8,93.44,1,28,32,0.6000000000000085,6.68,110,150,122,147,299,318,291,"1.31","-1.31",,,,14,9,2,0,0,0,3,21.4,2,14.3,"1.37","1.28","0.99","0.65","92.8",143,77.77777777777779,0,0,6.48,-1.9,-0.02,2.29,0.286,0,"-2.183333333",,,"2.183333333",,,,,3.6,,,,,,,
60,700241,"McGreevy, Michael",280,21.4,0.133,0.067,0.167,0.2,0.18,,,2,15,85.1,0.2,2189,89.6,90.19,4,30,30,0.6000000000000085,6.62,105,151,116,145,295,318,288,"3.024","-3.024",,,,16,12,1,1,0,0,3,18.8,0,0,"2.36","0.48","0.96","0.75","90.5",138,33.33333333333333,8.333333333333332,6.25,5.8,-2.2,0,2.53,0.188,1,"-5.04",,,"5.04",,,,,13.3,,,,,,,
60,534910,"Hahn, Jesse",119,50.4,0.364,0.182,0.4,0.545,0.438,,,4,11,88.8,-20.6,2281,94,94.26,4,26,34,0.29999999999999716,6.56,107,146,122,147,294,325,290,"-0.729","0.729",,,,13,10,2,2,0,0,1,7.7,2,15.4,"2.61","-0.02","1.49","0.13","92.5",148,40,0,0,5.37,-2.62,-0.03,2.43,0.462,0,"1.215",,,"-1.215",,,,,15.4,,,,,,,
60,693313,"Seymour, Carson",198,30.3,0.214,0.143,0.25,0.357,0.346,,,3,14,81.3,-4,2177,96,96.01,6,31,29,0,6.46,110,150,119,150,305,328,301,"0.643","-0.643",,,,18,12,1,2,0,0,2,11.1,3,16.7,"1.9","0.58","1.17","0.1","91.5",89,16.666666666666664,0,0,6.03,-1.14,-0.2,2.21,0.389,0,"-1.071666667",,,"1.071666667",,,,,19.4,,,,,,,
59,686613,"Brown, Hunter",216,27.3,0.2,0,0.286,0.2,0.265,,,2,10,80.7,-1.4,2155,96.3,97.12,6,27,32,0.7999999999999972,6.78,111,150,118,149,292,320,290,"2.306","-2.306",,,,12,7,2,0,0,0,3,25,2,16.7,"1.45","1.02","1.22","0.39","89.7",148,42.857142857142854,0,0,6.04,-1.93,-0.33,2.63,0.333,0,"-3.908474576",,,"3.908474576",,,,,22.2,,,,,,,
59,699134,"Rodriguez, Bradgley",173,34.1,0.1,0,0.143,0.1,0.294,,,1,10,85.7,12.6,2212,98.9,98.63,1,20,39,-0.30000000000001137,6.12,112,149,120,149,299,324,294,"0.594","-0.594",,,,15,7,1,0,0,0,3,20,4,26.7,"1.29","1.04","1.05","0.37","90.4",180,14.285714285714285,0,0,6.2,-0.35,-0.13,2.73,0.4,0,"-1.006779661",,,"1.006779661",,,,,5,,,,,,,
58,607259,"Martinez, Nick",262,22.1,0.538,0.231,0.545,0.769,0.568,,,7,13,98,11.1,2194,91.9,91.2,1,25,33,-0.7000000000000028,5.95,105,148,118,145,310,318,289,"-2.557","2.557",,,,13,12,6,0,0,1,1,7.7,0,0,"1.68","1.03","1.13","0.53","94.7",108,58.333333333333336,8.333333333333332,7.6923076923076925,6.2,-1.75,-0.21,2.6,0.538,1,"4.40862069",,,"-4.40862069",,,,,4,,,,,,,
58,543243,"Gray, Sonny",238,24.4,0.2,0.1,0.333,0.3,0.262,,,2,10,83.3,-8.8,2268,92.1,92.48,4,22,36,0.4000000000000057,6.55,108,150,120,146,286,311,293,"0.95","-0.95",,,,11,6,1,1,0,0,4,36.4,0,0,"2.07","0.62","0.88","0.6","90.4",128,33.33333333333333,0,0,5.61,-0.76,0.15,2.35,0.273,0,"-1.637931034",,,"1.637931034",,,,,18.2,,,,,,,
57,678576,"Ramos, Wilkin",120,47.5,0.4,0.2,0.417,0.6,0.449,,,6,15,95.4,11.1,2053,94.7,96.61,3,25,32,1.8999999999999915,7.5,107,148,118,149,308,337,298,"-2.422","2.422",,,,16,13,5,0,0,1,2,12.5,1,6.3,"2.38","0.17","1.41","-0.24","94.4",186,61.53846153846154,23.076923076923077,18.75,5.18,-2.68,-0.3,2.34,0.438,3,"4.249122807",,,"-4.249122807",,,,,12,,,,,,,
57,676106,"Hancock, Emerson",252,22.6,0.417,0.083,0.5,0.5,0.401,,,5,12,85.3,-4.1,2317,95.4,94.95,4,27,30,-0.5,6.11,106,148,116,144,300,324,298,"-0.571","0.571",,,,12,10,4,1,0,0,2,16.7,0,0,"2.32","0.19","1.42","1.18","90.9",129,40,0,0,5.26,-2.89,0.05,2.43,0.417,0,"1.001754386",,,"-1.001754386",,,,,14.8,,,,,,,
56,623437,"Topa, Justin",144,38.9,0.5,0.5,0.667,1,0.655,,,5,10,89.6,-4,2168,94.4,93.44,2,19,37,-1,5.75,110,148,120,145,288,312,281,"-3.013","3.013",,,,14,7,2,2,0,1,3,21.4,3,21.4,"2.45","0.11","1.45","0.95","91.0",148,42.857142857142854,14.285714285714285,7.142857142857142,5.11,-2.44,-0.04,2.31,0.643,1,"5.380357143",,,"-5.380357143",,,,,10.5,,,,,,,
56,622491,"Castillo, Luis",271,20.7,0.308,0.231,0.25,0.538,0.386,,,4,13,94.2,9.5,2090,95.1,93.53,8,33,23,-1.5999999999999943,5.29,107,147,117,142,297,325,296,"-0.028","0.028",,,,14,13,3,0,0,1,0,0,1,7.1,"2.06","0.46","1.35","0.95","94.9",152,76.92307692307693,15.384615384615385,14.285714285714285,5.39,-2.12,-0.08,2.67,0.357,2,"0.05",,,"-0.05",,,,,24.2,,,,,,,
56,681867,"Criswell, Cooper",247,22.7,0.4,0.133,0.429,0.533,0.423,,,6,15,91.2,-6.6,2075,90.6,91.07,4,34,22,0.5,6.7,111,147,116,146,304,326,302,"0.122","-0.122",,,,16,14,4,2,0,0,1,6.3,1,6.3,"2.91","-0.12","1.31","0.28","93.2",128,57.14285714285714,7.142857142857142,6.25,4.9,-1.85,0.13,2.44,0.438,1,"-0.217857143",,,"0.217857143",,,,,11.8,,,,,,,
56,665622,"Medina, Luis",152,36.8,0.143,0,0.182,0.143,0.298,,,2,14,92.5,-0.4,2446,97.8,97.53,2,18,38,-0.29999999999999716,6.18,103,151,117,148,295,323,292,"0.961","-0.961",,,,20,11,2,0,0,0,3,15,6,30,"1.48","0.91","1.23","0.84","94.6",82,45.45454545454545,0,0,6.18,-1.32,-0.13,2.2,0.4,0,"-1.716071429",,,"1.716071429",,,,,11.1,,,,,,,
56,676962,"Brown, Ben",216,25.9,0.222,0,0.286,0.222,0.359,,,2,9,85.4,7.5,2140,97.3,97.71,7,25,31,0.4000000000000057,6.56,108,153,121,148,302,328,298,"0.161","-0.161",,,,13,7,2,0,0,0,2,15.4,1,7.7,"1.35","1.06","1.09","1.09","91.0",117,33.33333333333333,0,0,6.4,-1.48,-0.34,2.49,0.462,0,"-0.2875",,,"0.2875",,,,,28,,,,,,,
55,686678,"Solesky, Chase",137,40.1,0.3,0,0.333,0.3,0.366,,,3,10,75.7,-12.6,1944,93,93.99,3,26,29,1,6.83,104,150,120,147,288,317,286,"-0.363","0.363",,,,13,9,3,0,0,0,1,7.7,3,23.1,"1.89","0.75","1.15","0.71","90.3",121,25,0,0,5.76,-1.28,-0.11,2.94,0.462,0,"0.66",,,"-0.66",,,,,11.5,,,,,,,
55,679693,"Coleman, Carson",93,59.1,0.3,0.3,0.4,0.6,0.472,,,3,10,90.1,-1.2,2296,94.3,93.76,6,25,30,-0.5,6.1,109,149,122,151,287,304,286,"-1.772","1.772",,,,14,6,2,0,0,1,4,28.6,4,28.6,"1.69","0.88","1.56","-0.29","90.0",179,33.33333333333333,16.666666666666664,7.142857142857142,5.22,-2.17,-0.34,2.49,0.5,1,"3.221818182",,,"-3.221818182",,,,,24,,,,,,,
54,677960,"Weathers, Ryan",330,16.4,0.4,0.067,0.462,0.467,0.4,,,6,15,90.6,-13.8,2317,96.3,95.34,3,26,28,-1,5.83,113,146,118,151,290,325,292,"-0.25","0.25",,,,16,13,5,1,0,0,2,12.5,1,6.3,"1.74","0.73","1.49","1.08","94.8",113,58.333333333333336,8.333333333333332,6.25,5.46,2.85,0.08,2.25,0.438,1,"0.462962963",,,"-0.462962963",,,,,11.5,,,,,,,
54,645261,"Alcantara, Sandy",227,23.8,0.167,0,0.2,0.167,0.137,,,2,12,90.3,5.6,2267,96.6,96.16,4,29,25,-0.3999999999999915,6.04,115,147,126,148,282,311,276,"2.207","-2.207",,,,13,10,2,0,0,0,3,23.1,0,0,"1.71","0.74","1.33","0.06","91.3",146,20,0,0,6.13,-1.86,0.14,2.19,0.154,0,"-4.087037037",,,"4.087037037",,,,,13.8,,,,,,,
54,677865,"Bruihl, Justin",150,36,0.25,0,0.3,0.25,0.29,,,3,12,91,-2.8,2133,89.8,90.17,3,19,35,0.4000000000000057,6.7,108,147,111,147,286,320,283,"0.214","-0.214",,,,14,10,3,0,0,0,2,14.3,2,14.3,"2.76","0.08","1.34","-0.06","91.5",71,30,0,0,4.85,3.35,0.2,2.35,0.357,0,"-0.396296296",,,"0.396296296",,,,,15.8,,,,,,,
54,814804,"Rogers, Grant",116,46.6,0.357,0,0.357,0.357,0.278,,,5,14,90.6,9.8,2013,92.7,93.04,3,30,24,0.29999999999999716,6.49,111,148,124,146,304,331,294,"-0.209","0.209",,,,16,14,5,0,0,0,2,12.5,0,0,"2.33","0.32","1.43","-0.14","91.6",176,35.714285714285715,0,0,5.65,-0.83,0.04,2.5,0.313,0,"0.387037037",,,"-0.387037037",,,,,10,,,,,,,
54,663795,"Hagenman, Justin",136,39.7,0.2,0.067,0.333,0.267,0.261,,,3,15,82.7,24.8,2129,91.4,91.12,7,22,32,-0.30000000000001137,6.19,108,150,124,149,297,319,277,"0.604","-0.604",,,,17,9,2,1,0,0,6,35.3,2,11.8,"1.56","1.18","1.16","0.06","90.6",171,22.22222222222222,11.11111111111111,5.88235294117647,5.2,-3.18,-0.02,2.52,0.294,1,"-1.118518519",,,"1.118518519",,,,,31.8,,,,,,,
53,677958,"Rocker, Kumar",185,28.6,0.455,0,0.5,0.455,0.467,,,5,11,97.2,-8.9,2091,95.9,96.83,6,25,28,0.8999999999999915,6.75,111,149,115,149,302,320,305,"-0.707","0.707",,,,14,10,5,0,0,0,1,7.1,3,21.4,"2.01","0.46","1.22","0.45","94.3",149,50,0,0,5.65,-2.45,0.01,2.24,0.571,0,"1.333962264",,,"-1.333962264",,,,,24,,,,,,,
53,605177,"Chafin, Andrew",102,52,0.273,0,0.3,0.273,0.313,,,3,11,89.3,8.3,1955,85.7,85.96,6,22,31,0.29999999999999716,6.49,111,141,117,144,288,317,275,"0.617","-0.617",,,,13,10,3,0,0,0,1,7.7,2,15.4,"1.99","1.12","1.21","-0.41","91.8",143,40,0,0,6.57,1.87,0.78,2.11,0.385,0,"-1.164150943",,,"1.164150943",,,,,27.3,,,,,,,
53,669387,"Mlodzinski, Carmen",201,26.4,0.333,0,0.353,0.333,0.296,,,6,18,89.3,1.5,2065,94.7,94.67,2,26,27,0,6.49,108,149,114,148,286,314,285,"0.873","-0.873",,,,18,17,6,0,0,0,1,5.6,0,0,"1.77","0.79","1.36","0.86","92.3",138,29.411764705882355,0,0,5.39,-1.55,0.25,2.16,0.333,0,"-1.647169811",,,"1.647169811",,,,,7.7,,,,,,,
53,623474,"Herget, Jimmy",186,28.5,0.357,0.214,0.308,0.571,0.42,,,5,14,92.3,5.5,2359,90.9,88.73,2,20,33,-2.200000000000003,5.01,108,152,120,149,297,323,295,"-0.242","0.242",,,,15,14,4,0,0,1,0,0,1,6.7,"2.72","0.04","1.38","0.83","94.6",123,50,7.142857142857142,6.666666666666667,5.01,-2.43,0.19,2.25,0.4,1,"0.456603774",,,"-0.456603774",,,,,10,,,,,,,
52,669923,"Kirby, George",233,22.3,0.25,0,0.278,0.25,0.284,,,5,20,93.5,-10.2,2275,97.2,97.55,4,30,22,0.29999999999999716,6.51,107,145,118,143,294,318,302,"1.897","-1.897",,,,23,18,5,0,0,0,2,8.7,3,13,"1.71","0.71","1.25","0.72","96.0",129,61.111111111111114,0,0,5.89,-1.57,0.11,2.5,0.348,0,"-3.648076923",,,"3.648076923",,,,,13.3,,,,,,,
51,594835,"Gonzales, Marco",285,17.9,0.5,0.6,0.444,1.1,0.676,,,5,10,90.1,14.5,2006,89.7,89.73,4,23,28,0,6.35,110,148,117,148,299,322,297,"-2.829","2.829",,,,12,10,1,3,0,1,0,0,2,16.7,"1.99","0.84","1.16","-0.25","92.1",174,50,20,16.666666666666664,5.49,2.14,0.12,2.7,0.583,2,"5.547058824",,,"-5.547058824",,,,,17.4,,,,,,,
51,663372,"Feltner, Ryan",292,17.5,0.273,0.091,0.375,0.364,0.341,,,3,11,94.5,4.2,2411,94.8,94.67,3,19,32,-0.09999999999999432,6.41,106,150,118,145,300,320,295,"0.481","-0.481",,,,13,8,2,1,0,0,3,23.1,2,15.4,"1.86","0.7","0.98","0.78","92.6",171,62.5,0,0,5.54,-1.38,0,2.38,0.385,0,"-0.943137255",,,"0.943137255",,,,,15.8,,,,,,,
50,668834,"McGee, Easton",152,32.9,0.462,0.385,0.556,0.846,0.566,,,6,13,97.7,15.3,2345,92.8,93.34,6,24,26,0.5,6.66,107,151,118,149,300,322,297,"-1.53","1.53",,,,14,10,3,2,0,1,3,21.4,1,7.1,"2.01","0.64","1.36","0.75","94.3",210,70,10,7.142857142857142,5.75,-1.3,-0.08,2.46,0.5,1,"3.06",,,"-3.06",,,,,25,,,,,,,
50,664875,"Lawrence, Justin",126,39.7,0.444,0.111,0.444,0.556,0.484,,,4,9,98.2,-2.9,2339,94.7,94.19,4,20,30,-0.5,6.32,112,147,118,149,291,322,291,"-1.196","1.196",,,,11,9,3,1,0,0,0,0,2,18.2,"2.52","0.06","1.4","-0.26","95.4",134,77.77777777777779,0,0,4.24,-2.83,-0.02,2.11,0.545,0,"2.392",,,"-2.392",,,,,20,,,,,,,
50,657265,"Strzelecki, Peter",123,40.7,0.143,0.071,0.167,0.214,0.19,,,2,14,92.6,19.5,2275,92.1,92.63,5,26,24,0.5,6.63,114,150,119,148,299,319,296,"2.504","-2.504",,,,15,12,1,1,0,0,2,13.3,1,6.7,"2.61","0.08","1.28","0.48","93.9",135,50,8.333333333333332,6.666666666666667,4.82,-2.25,-0.35,2.3,0.2,1,"-5.008",,,"5.008",,,,,19.2,,,,,,,
50,657612,"Hill, Tim",106,47.2,0.308,0.231,0.333,0.538,0.362,,,4,13,96.6,-6.5,2053,87.7,87.62,5,29,21,-0.10000000000000853,6.48,113,152,126,151,285,317,279,"0.353","-0.353",,,,13,10,3,0,0,1,3,23.1,0,0,"3.46","-0.47","1.25","-0.32","93.6",154,80,10,7.6923076923076925,3.01,3.9,0.2,2.39,0.308,1,"-0.706",,,"0.706",,,,,17.2,,,,,,,
50,607067,"Rea, Colin",339,14.7,0.118,0.176,0.083,0.294,0.173,,,2,17,89,2.5,2099,93,93.61,6,32,18,0.5999999999999943,6.74,108,151,122,149,304,332,299,"2.574","-2.574",,,,17,13,1,0,0,1,4,23.5,0,0,"1.85","0.8","1.09","0.66","92.7",150,30.76923076923077,15.384615384615385,11.76470588235294,5.54,-1.55,0.12,2.27,0.118,2,"-5.148",,,"5.148",,,,,18.8,,,,,,,
49,650893,"Cabrera, Génesis",98,50,0.091,0,0.091,0.091,0.176,,,1,11,85.2,0,2218,94.2,93.46,7,24,25,-0.7000000000000028,5.8,108,147,118,145,280,304,284,"2.398","-2.398",,,,13,11,1,0,0,0,0,0,2,15.4,"1.58","0.99","1.38","0.07","91.3",70,45.45454545454545,0,0,6.09,0.63,0.55,2.23,0.231,0,"-4.893877551",,,"4.893877551",,,,,29.2,,,,,,,
49,641302,"Alexander, Tyler",167,29.3,0.167,0.167,0.167,0.333,0.247,,,2,12,84.1,9.8,2088,90.9,90.79,3,21,28,-0.10000000000000853,6.19,116,145,111,148,299,318,300,"1.109","-1.109",,,,13,12,0,2,0,0,0,0,1,7.7,"1.95","0.81","1.31","0.81","90.3",139,16.666666666666664,0,0,5.57,2.52,-0.04,2.49,0.231,0,"-2.263265306",,,"2.263265306",,,,,14.3,,,,,,,
49,547179,"Lorenzen, Michael",190,25.8,0.25,0,0.25,0.25,0.352,,,2,8,86.9,-16.6,2143,92.8,92.05,7,20,29,-0.7000000000000028,5.8,112,151,117,147,300,325,293,"-0.603","0.603",,,,11,8,2,0,0,0,0,0,3,27.3,"2.16","0.49","1.28","0.5","91.5",81,25,0,0,5.58,-2.21,0.16,2.24,0.455,0,"1.230612245",,,"-1.230612245",,,,,35,,,,,,,
49,681347,"Burrows, Mike",280,17.5,0.3,0,0.333,0.3,0.267,,,3,10,85.5,-0.3,2089,94.3,94.38,3,19,30,0.10000000000000853,6.41,108,152,121,148,304,320,296,"1.378","-1.378",,,,10,9,3,0,0,0,1,10,0,0,"1.58","1","1.23","1.13","91.6",132,37.5,0,0,5.88,-2.66,0.14,2.53,0.3,0,"-2.812244898",,,"2.812244898",,,,,15.8,,,,,,,
49,596271,"Lawrence, Casey",219,22.4,0.692,0.462,0.667,1.154,0.783,,,9,13,83.7,10.2,2110,88.9,88.22,1,24,25,-0.7000000000000028,5.88,109,147,119,145,298,321,301,"-5.174","5.174",,,,14,13,5,3,0,1,0,0,1,7.1,"2.6","0.29","1.3","0.61","91.4",122,38.46153846153847,7.6923076923076925,7.142857142857142,5.24,-2.59,-0.27,2.33,0.714,1,"10.559183673",,,"-10.559183673",,,,,4.2,,,,,,,
49,624522,"Thompson, Keegan",203,24.1,0.462,0.154,0.462,0.615,0.449,,,6,13,95.9,16.8,2443,91.5,90.79,4,28,21,-0.7000000000000028,5.88,110,151,116,148,291,311,292,"-0.18","0.18",,,,15,13,5,0,1,0,1,6.7,1,6.7,"1.83","0.9","1.11","0.46","95.0",162,61.53846153846154,0,0,5.86,-1.63,-0.31,2.26,0.467,0,"0.367346939",,,"-0.367346939",,,,,14.3,,,,,,,
49,669724,"Hanifee, Brenan",85,57.6,0.429,0.357,0.5,0.786,0.526,,,6,14,90.3,0.8,2020,94.2,93.6,11,28,21,-0.6000000000000085,6.07,103,146,117,143,295,325,290,"-1.387","1.387",,,,15,11,4,0,1,1,3,20,1,6.7,"2.36","0.23","1.38","1.04","93.8",130,45.45454545454545,27.27272727272727,20,5.58,-2.69,-0.02,1.89,0.467,3,"2.830612245",,,"-2.830612245",,,,,39.3,,,,,,,
49,606996,"Hart, Kyle",203,24.1,0.067,0.067,0.083,0.133,0.084,,,1,15,82.7,-8.8,2099,92.5,92.2,4,22,27,-0.29999999999999716,6.29,110,147,118,148,299,324,292,"2.969","-2.969",,,,15,12,0,1,0,0,3,20,0,0,"2.05","0.63","1.28","-0.31","90.6",99,25,0,0,5.69,2.58,-0.09,2.25,0.067,0,"-6.059183673",,,"6.059183673",,,,,18.2,,,,,,,
49,677955,"Hill, Jaden",175,28,0.5,0.167,0.6,0.667,0.554,,,3,6,100.1,16.8,2294,98,97.23,4,21,28,-0.7999999999999972,5.83,110,150,118,147,298,318,297,"-0.438","0.438",,,,8,5,2,1,0,0,1,12.5,2,25,"1.61","0.76","1.35","0.56","92.2",188,80,20,12.5,5.79,-1.21,0.06,2.76,0.625,1,"0.893877551",,,"-0.893877551",,,,,19,,,,,,,
48,688107,"Gasser, Robert",205,23.4,0.364,0.273,0.4,0.636,0.447,,,4,11,89,0.3,2076,92.9,93.62,2,16,32,0.6999999999999886,6.71,110,147,113,147,289,314,299,"-1.875","1.875",,,,12,10,1,3,0,0,1,8.3,1,8.3,"2.05","0.59","1.11","0","94.6",157,50,20,16.666666666666664,5.13,2.29,-0.41,2.18,0.417,2,"3.90625",,,"-3.90625",,,,,12.5,,,,,,,
48,683522,"Arias, Michael",71,67.6,0.6,0.2,0.857,0.8,0.62,,,6,10,90,13.1,2242,96.2,95.15,7,25,23,-1,5.84,107,150,121,150,283,317,282,"-3.307","3.307",,,,12,7,5,0,1,0,3,25,2,16.7,"1.72","0.76","1.31","0.81","90.9",200,42.857142857142854,14.285714285714285,8.333333333333332,4.81,-2.52,0.07,2.73,0.667,1,"6.889583333",,,"-6.889583333",,,,,28,,,,,,,
48,676596,"Fleming, Josh",121,39.7,0.267,0.2,0.3,0.467,0.359,,,4,15,97.4,5.9,1740,88.8,88.39,8,27,21,-0.3999999999999915,6.23,113,149,118,145,295,324,289,"0.869","-0.869",,,,17,11,3,0,0,1,4,23.5,2,11.8,"2.71","0.2","1.52","-0.08","94.5",135,54.54545454545454,9.090909090909092,5.88235294117647,5.44,3.09,0.43,2.11,0.353,1,"-1.810416667",,,"1.810416667",,,,,29.6,,,,,,,
48,694477,"Patrick, Chad",263,18.3,0.286,0.571,0.2,0.857,0.526,,,2,7,93.6,13,2096,94,93.75,3,18,30,-0.20000000000000284,6.06,111,148,121,148,300,317,300,"-1.312","1.312",,,,9,6,0,1,0,1,1,11.1,1,11.1,"1.68","0.89","1.15","0.38","92.5",222,50,16.666666666666664,11.11111111111111,5.69,-0.86,0.22,2.58,0.444,1,"2.733333333",,,"-2.733333333",,,,,16.7,,,,,,,
48,663436,"Martin, Davis",254,18.9,0.25,0.333,0.2,0.583,0.437,,,3,12,86.8,7,2386,92.8,93.15,0,19,29,0.29999999999999716,6.47,106,149,120,144,303,328,298,"-0.635","0.635",,,,16,11,1,1,0,1,1,6.3,4,25,"1.83","0.81","1.08","0.79","92.6",155,54.54545454545454,18.181818181818183,12.5,5.96,-2.05,0.09,2.23,0.438,2,"1.322916667",,,"-1.322916667",,,,,0,,,,,,,
48,687330,"Kelly, Kevin",107,44.9,0.273,0.364,0.2,0.636,0.43,,,3,11,96,4.5,2065,90.4,91.18,2,21,27,0.7999999999999972,6.91,109,147,119,148,296,326,292,"-0.737","0.737",,,,13,11,1,1,0,1,0,0,2,15.4,"3.03","-0.23","1.28","-0.13","94.0",151,72.72727272727273,9.090909090909092,7.6923076923076925,3.93,-1.68,-0.14,2.2,0.385,1,"1.535416667",,,"-1.535416667",,,,,9.5,,,,,,,
48,680232,"Wolf, Jackson",178,27,0.4,0,0.4,0.4,0.413,,,4,10,87.2,-0.7,2079,90.3,91.59,4,21,27,1.2999999999999972,7.16,112,150,122,148,296,321,294,"-0.759","0.759",,,,12,10,4,0,0,0,0,0,2,16.7,"2.24","0.56","1.32","-0.43","90.2",119,20,0,0,5.27,3.39,0.29,2.06,0.5,0,"1.58125",,,"-1.58125",,,,,19,,,,,,,
48,677952,"Ashcraft, Braxton",204,23.5,0.167,0,0.167,0.167,0.148,,,1,6,97.6,7.4,2324,96.1,96.02,4,18,30,-0.09999999999999432,6.39,108,149,119,148,288,315,284,"1.135","-1.135",,,,6,6,1,0,0,0,0,0,0,0,"1.85","0.63","1.3","0.99","94.9",95,60,0,0,6.12,-1.1,-0.14,2.26,0.167,0,"-2.364583333",,,"2.364583333",,,,,22.2,,,,,,,
48,660787,"De los Santos, Yerry",98,49,0.294,0.059,0.333,0.353,0.306,,,5,17,85.3,15.3,2073,94.5,94.74,4,26,22,0.20000000000000284,6.34,110,149,122,150,289,323,291,"0.816","-0.816",,,,18,15,4,1,0,0,2,11.1,1,5.6,"1.94","0.6","1.4","0.14","93.1",156,46.666666666666664,6.666666666666667,5.555555555555555,5.82,-2.57,-0.22,2.44,0.333,1,"-1.7",,,"1.7",,,,,15.4,,,,,,,
48,694335,"Svanson, Matt",114,42.1,0,0,0,0,0,,,0,9,91.4,21.2,2183,95,95.44,4,20,28,0.4000000000000057,6.43,103,148,118,146,283,311,282,"2.939","-2.939",,,,9,6,0,0,0,0,3,33.3,0,0,"1.82","0.7","1.27","0.42","89.8",152,16.666666666666664,16.666666666666664,11.11111111111111,5.7,-1.82,-0.22,2.64,0,1,"-6.122916667",,,"6.122916667",,,,,20,,,,,,,
48,663554,"Mize, Casey",337,14.2,0.3,0,0.3,0.3,0.369,,,3,10,78.6,5.7,2298,93.9,94.82,3,23,25,0.8999999999999915,6.85,107,147,121,145,291,321,282,"0.044","-0.044",,,,13,10,3,0,0,0,0,0,2,15.4,"1.42","1.17","1.12","1.12","89.7",143,10,0,0,5.89,-2.02,-0.47,2.35,0.462,0,"-0.091666667",,,"0.091666667",,,,,13,,,,,,,
47,696147,"Bachman, Sam",153,30.7,0.333,0,0.5,0.333,0.401,,,2,6,85.3,-7.3,2345,98,98,5,20,27,0,6.16,106,145,113,146,300,322,298,"-0.824","0.824",,,,8,4,2,0,0,0,2,25,1,12.5,"1.63","0.73","1.33","-0.04","90.0",192,25,0,0,5.46,-1.53,0.22,2.83,0.5,0,"1.753191489",,,"-1.753191489",,,,,25,,,,,,,
47,642048,"Saucedo, Tayler",120,39.2,0.214,0,0.273,0.214,0.254,,,3,14,86.2,-1.4,2238,91.3,91.95,4,22,25,0.7000000000000028,6.59,110,150,114,149,298,320,300,"0.873","-0.873",,,,16,11,3,0,0,0,3,18.8,2,12.5,"2.38","0.36","1.42","-0.15","90.6",91,27.27272727272727,0,0,5.6,2.23,0.57,2.33,0.313,0,"-1.857446809",,,"1.857446809",,,,,18.2,,,,,,,
47,676428,"Hurter, Brant",103,45.6,0.133,0.2,0.083,0.333,0.227,,,2,15,84.3,6.8,2051,91.9,91.12,3,19,28,-0.8000000000000114,6,116,149,121,150,283,322,293,"2.493","-2.493",,,,16,13,1,0,0,1,2,12.5,1,6.3,"2.52","0.2","1.36","0.46","94.2",144,38.46153846153847,15.384615384615385,12.5,6,3.48,0.25,2.44,0.188,2,"-5.304255319",,,"5.304255319",,,,,15.8,,,,,,,
47,814783,"Anderson, Casey",100,47,0.2,0,0.25,0.2,0.265,,,2,10,98.2,-6.4,2036,93.9,94.27,2,20,27,0.3999999999999915,6.64,111,145,120,145,302,325,302,"0.309","-0.309",,,,12,8,2,0,0,0,2,16.7,2,16.7,"2.33","0.27","1.25","0.08","93.2",106,62.5,0,0,5.36,-1.96,0.17,2.47,0.333,0,"-0.657446809",,,"0.657446809",,,,,10,,,,,,,
47,595014,"Treinen, Blake",149,31.5,0.625,0.25,0.625,0.875,0.622,,,5,8,103.5,8.9,2272,95.1,93.68,2,18,29,-1.3999999999999915,5.6,110,150,115,148,297,323,296,"-2.331","2.331",,,,14,8,3,2,0,0,1,7.1,4,28.6,"2.14","0.39","1.41","0.46","97.1",167,87.5,0,0,6.31,-2.89,-0.01,2.33,0.714,0,"4.959574468",,,"-4.959574468",,,,,11.1,,,,,,,
46,685464,"Winquest, Cade",177,26,0.333,0.333,0.25,0.667,0.452,,,3,9,89,5.8,2455,95.1,95.87,2,20,26,0.8000000000000114,6.8,98,148,116,145,292,333,291,"-0.158","0.158",,,,10,9,2,0,0,1,0,0,1,10,"1.85","0.67","1.14","1.08","90.9",133,33.33333333333333,11.11111111111111,10,5.14,-1.07,0.05,2.29,0.4,1,"0.343478261",,,"-0.343478261",,,,,10,,,,,,,
46,656876,"Rasmussen, Drew",214,21.5,0.385,0.462,0.333,0.846,0.553,,,5,13,92.4,2.7,2364,94.1,94.6,1,26,20,0.5,6.55,107,152,118,145,289,320,285,"-3.183","3.183",,,,16,11,3,0,0,2,2,12.5,3,18.8,"1.6","0.97","1.2","0.97","92.5",115,54.54545454545454,18.181818181818183,12.5,5.85,-1.85,-0.31,2.11,0.5,2,"6.919565217",,,"-6.919565217",,,,,3.8,,,,,,,
46,694346,"Gibson, Trey",134,34.3,0.143,0,0.154,0.143,0.165,,,2,14,97,-6.8,1910,92,93.64,3,22,24,1.5999999999999943,7.05,111,150,120,146,284,318,283,"2.299","-2.299",,,,15,13,2,0,0,0,1,6.7,1,6.7,"2.09","0.58","1.24","0.76","95.4",95,58.333333333333336,0,0,5.71,-2.89,-0.47,2.37,0.2,0,"-4.997826087",,,"4.997826087",,,,,13.6,,,,,,,
46,666974,"Cano, Yennier",107,43,0.462,0.231,0.5,0.692,0.499,,,6,13,90.6,2.5,2008,94.8,93.9,4,25,21,-0.8999999999999915,5.93,109,148,119,146,292,309,284,"-2.714","2.714",,,,13,11,5,0,0,1,2,15.4,0,0,"2.78","-0.23","1.26","0.78","92.3",118,36.36363636363637,18.181818181818183,15.384615384615385,5.52,-2.38,-0.33,2.25,0.462,2,"5.9",,,"-5.9",,,,,16,,,,,,,
46,650911,"Sánchez, Cristopher",82,56.1,0.154,0,0.2,0.154,0.137,,,2,13,86.6,-18.4,2193,95,95.7,5,20,26,0.7000000000000028,6.79,105,146,116,147,285,300,283,"1.762","-1.762",,,,13,10,2,0,0,0,3,23.1,0,0,"2.07","0.46","1.53","-0.28","92.2",79,40,0,0,6.03,2.02,-0.11,2.09,0.154,0,"-3.830434783",,,"3.830434783",,,,,25,,,,,,,
46,674944,"Guenther, Sean",105,43.8,0.214,0,0.273,0.214,0.254,,,3,14,87.2,6.9,2111,90.2,90.13,5,23,23,-0.10000000000000853,6.19,111,149,125,149,287,311,276,"1.616","-1.616",,,,16,11,3,0,0,0,3,18.8,2,12.5,"2.45","0.34","1.28","-0.12","92.0",88,30,0,0,5.7,2.85,-0.15,2.21,0.313,0,"-3.513043478",,,"3.513043478",,,,,21.7,,,,,,,
46,682175,"Jacques, Joe",85,54.1,0.364,0,0.4,0.364,0.404,,,4,11,88.1,-7.4,1967,91.5,90.77,2,16,30,-0.7000000000000028,6.05,113,144,118,146,282,314,292,"-0.403","0.403",,,,14,10,4,0,0,0,1,7.1,3,21.4,"2.97","-0.23","1.29","0.1","93.4",107,50,0,0,4.48,3.07,-0.16,1.87,0.5,0,"0.876086957",,,"-0.876086957",,,,,12.5,,,,,,,
46,699151,"Paez, Jedixson",205,22.4,0.417,0.333,0.455,0.75,0.507,,,5,12,88.8,3.5,2277,91.1,91.92,3,25,21,0.8000000000000114,6.74,108,148,121,148,301,330,297,"-0.924","0.924",,,,13,11,2,2,1,0,1,7.7,1,7.7,"2.22","0.53","1.21","0.67","92.5",108,40,0,0,5.87,-3.04,-0.28,2.54,0.462,0,"2.008695652",,,"-2.008695652",,,,,12,,,,,,,
46,669060,"Wilson, Bryse",148,31.1,0.333,0,0.375,0.333,0.397,,,3,9,88.1,3.4,2040,91.7,92.07,3,21,25,0.3999999999999915,6.48,107,149,116,145,284,304,280,"0.226","-0.226",,,,12,8,3,0,0,0,1,8.3,3,25,"1.89","0.82","1.29","0.63","91.4",129,37.5,0,0,6,-2.81,-0.34,2.43,0.5,0,"-0.491304348",,,"0.491304348",,,,,14.3,,,,,,,
46,667755,"Soriano, José",207,22.2,0.357,0.143,0.385,0.5,0.37,,,5,14,92.6,7,1973,98.2,98.79,3,27,19,0.5999999999999943,6.66,110,149,118,149,304,328,303,"-0.35","0.35",,,,14,13,3,2,0,0,1,7.1,0,0,"1.97","0.39","1.13","0.21","94.5",180,61.53846153846154,15.384615384615385,14.285714285714285,6.01,-2.09,-0.42,2.35,0.357,2,"0.760869565",,,"-0.760869565",,,,,11.1,,,,,,,
46,681895,"Sisk, Evan",116,39.7,0,0,0,0,0.262,,,0,5,88.9,-1,1989,90.9,91.1,7,18,28,0.19999999999998863,6.82,112,150,112,150,277,314,276,"0.77","-0.77",,,,8,5,0,0,0,0,0,0,3,37.5,"2.24","0.56","1.48","0.77","90.6",125,40,0,0,5.18,3.59,0.14,2.47,0.375,0,"-1.673913043",,,"1.673913043",,,,,38.9,,,,,,,
45,685005,"Roa, Christian",140,32.1,0.2,0,0.222,0.2,0.178,,,2,10,92.4,14.8,2036,95.6,95.82,2,20,25,0.20000000000000284,6.29,107,152,121,148,296,320,280,"2.386","-2.386",,,,10,9,2,0,0,0,1,10,0,0,"1.65","0.84","1.28","1.05","91.8",201,33.33333333333333,22.22222222222222,20,6.3,-2.01,-0.13,2.51,0.2,2,"-5.302222222",,,"5.302222222",,,,,10,,,,,,,
45,665795,"Cabrera, Edward",293,15.4,0.2,0.2,0.222,0.4,0.248,,,2,10,95.2,2.2,2192,97.2,97.32,2,19,26,0.09999999999999432,6.26,111,150,119,150,298,334,305,"1.113","-1.113",,,,10,9,1,0,1,0,1,10,0,0,"1.64","0.77","1.25","0.35","95.5",98,66.66666666666666,0,0,5.99,-1.16,0.03,2.6,0.2,0,"-2.473333333",,,"2.473333333",,,,,10.5,,,,,,,
45,664991,"Wolfram, Grant",87,51.7,0.143,0.143,0.167,0.286,0.245,,,1,7,90.8,1.2,2212,95.6,95.34,7,22,23,-0.29999999999999716,6.28,113,150,122,149,287,312,287,"0.838","-0.838",,,,8,6,0,1,0,0,1,12.5,1,12.5,"1.5","1","1.19","-0.07","90.3",167,40,20,12.5,6.18,2.14,0.02,2.29,0.25,1,"-1.862222222",,,"1.862222222",,,,,31.8,,,,,,,
45,656924,"Ryan, Ryder",186,24.2,0.455,0.364,0.4,0.818,0.567,,,5,11,90.1,5.3,2287,93.8,93.83,4,22,23,0,6.34,110,151,121,149,303,326,293,"-2.505","2.505",,,,13,11,3,1,0,1,0,0,2,15.4,"2.1","0.5","1.41","0.65","95.2",127,36.36363636363637,9.090909090909092,7.6923076923076925,5.36,-1.33,0.14,2.25,0.538,1,"5.566666667",,,"-5.566666667",,,,,18.2,,,,,,,
44,693686,"Miles, Spencer",186,23.7,0.182,0.091,0.2,0.273,0.273,,,2,11,89.1,-10.9,2185,95.6,96.22,2,25,19,0.6000000000000085,6.73,113,147,122,145,295,320,286,"1.851","-1.851",,,,13,10,1,1,0,0,1,7.7,2,15.4,"1.9","0.6","1.42","0.71","91.6",160,50,0,0,5.97,-1.35,0.09,2.82,0.308,0,"-4.206818182",,,"4.206818182",,,,,8,,,,,,,
44,607200,"Fedde, Erick",131,33.6,0.308,0,0.308,0.308,0.284,,,4,13,86.2,22.6,1984,93.9,94.72,3,28,16,0.7999999999999972,6.64,106,147,122,144,299,327,296,"0.77","-0.77",,,,15,13,4,0,0,0,1,6.7,1,6.7,"1.88","0.69","0.82","0.14","91.6",181,38.46153846153847,0,0,5.88,-1.34,0.19,2.46,0.333,0,"-1.75",,,"1.75",,,,,10.7,,,,,,,
44,642152,"Trivino III, Lou",180,24.4,0.467,0.133,0.467,0.6,0.464,,,7,15,87.9,5.7,2044,95.1,95.05,1,25,19,-0.09999999999999432,6.33,106,147,116,144,288,314,284,"-1.25","1.25",,,,15,15,5,2,0,0,0,0,0,0,"1.65","0.87","1.32","0.72","91.6",154,33.33333333333333,0,0,6.15,-1.26,-0.14,2.16,0.467,0,"2.840909091",,,"-2.840909091",,,,,4,,,,,,,
44,621244,"Berríos, José",164,26.8,0.2,0.067,0.231,0.267,0.289,,,3,15,91.5,11.8,2025,92,91.94,2,25,19,-0.09999999999999432,6.36,111,146,117,147,298,327,296,"0.935","-0.935",,,,18,13,2,1,0,0,2,11.1,1,5.6,"1.9","0.8","1.35","-0.15","92.0",116,46.15384615384615,0,0,5.69,-2.88,-0.16,2.43,0.333,0,"-2.125",,,"2.125",,,,,8,,,,,,,
43,681892,"Funderburk, Kody",158,27.2,0.3,0.3,0.375,0.6,0.374,,,3,10,81.1,-7.6,2342,92.4,93.15,8,22,21,0.6999999999999886,6.9,110,150,120,150,294,314,276,"-0.351","0.351",,,,10,8,1,1,1,0,2,20,0,0,"2.05","0.63","1.36","0.1","91.6",122,37.5,0,0,5.77,2.42,-0.01,2.77,0.3,0,"0.81627907",,,"-0.81627907",,,,,36.4,,,,,,,
43,605452,"Ross, Joe",123,35,0.2,0,0.25,0.2,0.265,,,2,10,90.2,-1.9,2033,95.3,95.6,3,17,26,0.29999999999999716,6.53,114,148,118,147,309,324,294,"0.055","-0.055",,,,12,8,2,0,0,0,2,16.7,2,16.7,"1.77","0.75","1.17","0.83","92.6",146,50,0,0,5.79,-1.94,-0.13,2.45,0.333,0,"-0.127906977",,,"0.127906977",,,,,17.6,,,,,,,
43,676254,"Walker, Ryan",80,53.8,0.273,0.091,0.375,0.364,0.314,,,3,11,93.5,9.8,2331,95.1,94.6,4,18,25,-0.5,6.1,117,150,117,151,302,328,300,"0.617","-0.617",,,,12,8,2,1,0,0,3,25,0,0,"2.35","0.18","1.37","-0.24","93.6",156,50,0,0,4.8,-3.62,0.07,2.37,0.333,0,"-1.434883721",,,"1.434883721",,,,,22.2,,,,,,,
43,670059,"Holderman, Colin",150,28.7,0.333,0.111,0.429,0.444,0.403,,,3,9,85.6,16.6,2325,97.9,97.85,2,18,25,-0.10000000000000853,6.36,110,148,120,145,296,323,298,"0.111","-0.111",,,,11,7,2,1,0,0,2,18.2,2,18.2,"1.57","0.81","1.33","0.67","90.9",151,14.285714285714285,0,0,5.93,-2.47,-0.09,1.94,0.455,0,"-0.258139535",,,"0.258139535",,,,,11.1,,,,,,,
43,670245,"Watson, Ryan",202,21.3,0.167,0,0.167,0.167,0.335,,,1,6,82.3,-6.2,2160,92.8,94.07,2,16,27,1.2999999999999972,7.05,104,148,120,144,293,312,285,"0.257","-0.257",,,,9,6,1,0,0,0,0,0,2,22.2,"1.99","0.65","1.41","0.97","89.1",147,0,0,0,5.55,-1.07,-0.45,2.01,0.444,0,"-0.597674419",,,"0.597674419",,,,,12.5,,,,,,,
43,656457,"Gilbert, Tyler",111,38.7,0.2,0.3,0.125,0.5,0.293,,,2,10,89.3,-1.7,2057,89.7,89.45,4,23,20,-0.20000000000000284,6.11,113,141,114,139,291,327,297,"0.842","-0.842",,,,10,9,1,0,0,1,1,10,0,0,"2.49","0.34","1.34","0.31","91.4",131,33.33333333333333,11.11111111111111,10,4.91,3.53,0.32,2.37,0.2,1,"-1.958139535",,,"1.958139535",,,,,17.4,,,,,,,
43,608344,"Irvin, Cole",131,32.8,0.333,0,0.4,0.333,0.354,,,2,6,95.9,-4,1993,88,88.1,2,10,33,0.09999999999999432,6.25,110,151,122,149,294,326,293,"-0.054","0.054",,,,7,5,2,0,0,0,1,14.3,1,14.3,"2.13","0.81","1.21","-0.28","93.5",144,60,0,0,6.13,1.41,0.6,2.48,0.429,0,"0.125581395",,,"-0.125581395",,,,,20,,,,,,,
43,641540,"Dunning, Dane",121,35.5,0.5,0.667,0.5,1.167,0.69,,,3,6,81.3,3.8,2064,88.7,89.58,5,20,23,0.8999999999999915,6.88,107,143,114,140,303,326,298,"-2.124","2.124",,,,9,6,0,2,1,0,0,0,3,33.3,"2.02","0.88","1.21","0.62","91.1",173,33.33333333333333,16.666666666666664,11.11111111111111,5.85,-1.99,0.08,2.74,0.667,1,"4.939534884",,,"-4.939534884",,,,,25,,,,,,,
43,671106,"Allen, Logan",236,18.2,0.556,0.111,0.625,0.667,0.576,,,5,9,90,10.4,1915,89.2,88.96,2,21,22,-0.20000000000000284,6.21,108,145,124,146,296,322,299,"-0.897","0.897",,,,12,8,4,1,0,0,1,8.3,3,25,"2.09","0.78","1.07","0.08","92.5",155,50,0,0,5.28,2.41,0.27,2.56,0.667,0,"2.086046512",,,"-2.086046512",,,,,9.5,,,,,,,
43,686563,"Cannon, Jonathan",203,21.2,0.364,0.273,0.429,0.636,0.472,,,4,11,90.2,10.5,2145,94.3,93.97,2,16,27,-0.29999999999999716,6.19,106,147,126,144,311,332,298,"-2.913","2.913",,,,13,8,3,0,0,1,3,23.1,1,7.7,"1.88","0.69","1.32","0.74","92.0",164,50,12.5,7.6923076923076925,5.92,-2.21,0.54,2.04,0.462,1,"6.774418605",,,"-6.774418605",,,,,12.5,,,,,,,
43,642528,"Loáisiga, Jonathan",136,31.6,0.3,0.1,0.3,0.4,0.369,,,3,10,92.8,6.6,2275,97,97.32,2,29,14,0.29999999999999716,6.4,109,149,116,149,299,322,301,"0.527","-0.527",,,,12,10,2,1,0,0,0,0,2,16.7,"1.72","0.7","1.35","0.78","91.8",143,40,10,8.333333333333332,5.49,-2.34,-0.38,2.22,0.417,1,"-1.225581395",,,"1.225581395",,,,,6.9,,,,,,,
43,656234,"Bird, Jake",167,25.7,0.4,0,0.4,0.4,0.413,,,2,5,97.8,-7,2264,94.8,93.73,4,17,26,-1.0999999999999943,5.79,108,148,123,147,288,315,282,"0.272","-0.272",,,,6,5,2,0,0,0,0,0,1,16.7,"2.32","0.23","1.32","0.81","92.1",112,80,0,0,5.22,-3.08,-0.08,2.45,0.5,0,"-0.63255814",,,"0.63255814",,,,,23.5,,,,,,,
42,660761,"Suarez, José",242,17.4,0.067,0,0.067,0.067,0.099,,,1,15,92.5,10.1,2180,91.5,90.73,1,19,23,-0.7999999999999972,5.92,115,150,125,148,295,324,291,"3.657","-3.657",,,,16,15,1,0,0,0,0,0,1,6.3,"1.71","1.02","1.25","-0.28","93.9",117,50,0,0,5.8,1.16,0.18,2.32,0.125,0,"-8.707142857",,,"8.707142857",,,,,5.3,,,,,,,
42,663623,"Irvin, Jake",204,20.6,0.182,0.091,0.222,0.273,0.303,,,2,11,95.5,-8.6,2311,91.4,92.5,0,16,26,1.0999999999999943,7.09,110,152,124,148,297,323,298,"1.058","-1.058",,,,14,9,1,1,0,0,2,14.3,3,21.4,"2.14","0.61","1.28","1.01","93.3",73,55.55555555555556,11.11111111111111,7.142857142857142,5.38,-2.1,0.06,2.23,0.357,1,"-2.519047619",,,"2.519047619",,,,,0,,,,,,,
42,701000,"Och, Ryan",63,66.7,0.333,0.222,0.333,0.556,0.459,,,3,9,94.7,24.6,2132,90.4,89.36,1,13,29,-1,5.77,110,149,122,149,289,323,295,"-1.017","1.017",,,,12,9,1,2,0,0,0,0,3,25,"1.71","1.09","1.08","-0.36","96.0",221,55.55555555555556,0,0,5.3,2.33,-0.37,2.61,0.5,0,"2.421428571",,,"-2.421428571",,,,,7.7,,,,,,,
42,657277,"Webb, Logan",150,28,0.182,0.273,0.143,0.455,0.305,,,2,11,97,-1.6,1909,91.3,91.9,2,17,25,0.6000000000000085,6.67,106,151,119,148,303,328,303,"0.476","-0.476",,,,12,8,1,0,0,1,3,25,0,0,"2.48","0.27","1.32","0.81","93.6",128,62.5,12.5,8.333333333333332,5.1,-1.86,0.03,2.42,0.25,1,"-1.133333333",,,"1.133333333",,,,,11.8,,,,,,,
42,669920,"Alexander, Jason",108,38.9,0.222,0,0.25,0.222,0.248,,,2,9,91.7,5.4,1982,89.2,89.46,2,16,26,0.29999999999999716,6.41,109,150,119,148,301,319,283,"1.509","-1.509",,,,10,8,2,0,0,0,1,10,1,10,"2.74","0.12","1.37","0.56","93.4",128,62.5,25,20,5.46,-1.72,-0.24,2.17,0.3,2,"-3.592857143",,,"3.592857143",,,,,12.5,,,,,,,
42,471911,"Carrasco, Carlos",125,33.6,0.364,0.455,0.375,0.818,0.512,,,4,11,93,7.7,2123,90.3,90.57,8,25,17,0.29999999999999716,6.64,112,152,126,147,308,325,293,"-1.694","1.694",,,,12,9,2,0,1,1,2,16.7,0,0,"2.41","0.4","1.2","0.74","94.5",128,55.55555555555556,11.11111111111111,8.333333333333332,5.91,-1.61,-0.18,2.07,0.417,1,"4.033333333",,,"-4.033333333",,,,,32,,,,,,,
42,665871,"Assad, Javier",116,36.2,0.273,0,0.429,0.273,0.28,,,3,11,94.9,-7.3,1971,93.9,94.16,6,21,21,0.29999999999999716,6.41,106,149,113,146,307,324,299,"-0.287","0.287",,,,13,7,3,0,0,0,4,30.8,1,7.7,"1.55","1.03","1.1","0.68","94.0",112,50,0,0,5.96,-1.63,0.11,2.41,0.333,0,"0.683333333",,,"-0.683333333",,,,,28.6,,,,,,,
41,663969,"Phillips, Tyler",140,29.3,0.357,0.071,0.357,0.429,0.406,,,5,14,95.6,0.2,2115,95.8,95.91,1,19,22,0.10000000000000853,6.35,109,148,122,147,285,316,293,"-0.655","0.655",,,,17,14,4,1,0,0,0,0,3,17.6,"1.79","0.7","1.32","0.44","96.4",122,53.84615384615385,0,0,6.06,-1.06,0.31,1.76,0.471,0,"1.597560976",,,"-1.597560976",,,,,5.3,,,,,,,
41,669373,"Skubal, Tarik",209,19.6,0.273,0.364,0.333,0.636,0.381,,,3,11,85.1,9.7,2235,96.3,96.3,2,16,25,0,6.33,112,147,119,146,285,320,282,"-0.512","0.512",,,,11,7,1,1,0,1,4,36.4,0,0,"1.4","1.07","1.09","-0.09","91.8",161,28.57142857142857,14.285714285714285,9.090909090909092,6.33,1.78,-0.43,2.21,0.273,1,"1.248780488",,,"-1.248780488",,,,,12.5,,,,,,,
41,691172,"Zulueta, Yosver",123,33.3,0.429,0.143,0.75,0.571,0.493,,,3,7,91.9,11.5,2133,96.4,96.32,6,17,24,-0.10000000000000853,6.3,109,148,117,144,303,318,290,"-0.284","0.284",,,,9,4,2,1,0,0,3,33.3,2,22.2,"1.93","0.53","1.41","0.93","92.0",105,50,0,0,5.59,-1.62,0.26,2.67,0.556,0,"0.692682927",,,"-0.692682927",,,,,35.3,,,,,,,
41,682077,"Mosser, Gabe",173,23.7,0.385,0,0.455,0.385,0.342,,,5,13,93.1,-8.1,2295,90.9,91.53,5,20,21,0.5999999999999943,6.65,110,146,119,148,296,321,294,"0.128","-0.128",,,,13,11,5,0,0,0,2,15.4,0,0,"2.11","0.65","1.22","-0.03","97.2",139,63.63636363636363,0,0,5.81,-2.66,-0.18,2.31,0.385,0,"-0.312195122",,,"0.312195122",,,,,25,,,,,,,
41,678738,"Sanchez, Juan",114,36,0.2,0,0.333,0.2,0.326,,,1,5,87.7,15.7,2216,94.1,93.09,2,14,27,-1,5.77,105,145,115,148,306,336,304,"0.614","-0.614",,,,7,3,1,0,0,0,2,28.6,2,28.6,"1.72","0.86","1.24","0.12","89.6",204,33.33333333333333,0,0,5.69,1.72,0.08,2.47,0.429,0,"-1.497560976",,,"1.497560976",,,,,14.3,,,,,,,
40,608566,"Márquez, Germán",288,13.9,0.333,0.333,0.375,0.667,0.447,,,4,12,94.2,3.1,2196,94,92.19,3,21,19,-1.7999999999999972,5.19,113,149,118,147,300,326,297,"-2.404","2.404",,,,13,9,2,1,0,1,3,23.1,0,0,"1.67","0.91","1.24","0.95","92.8",132,55.55555555555556,11.11111111111111,7.6923076923076925,6.09,-1.29,-0.13,2.26,0.385,1,"6.01",,,"-6.01",,,,,14.3,,,,,,,
40,665660,"Alvarado, Elvis",63,63.5,0.2,0,0.222,0.2,0.265,,,2,10,96.1,10.1,2432,97.7,96.63,3,22,18,-1.1000000000000085,5.71,108,148,122,147,296,315,292,"1.181","-1.181",,,,12,9,2,0,0,0,1,8.3,2,16.7,"1.62","0.77","1.4","0.29","93.0",124,55.55555555555556,0,0,5.59,-2.6,-0.15,2.17,0.333,0,"-2.9525",,,"2.9525",,,,,13.6,,,,,,,
40,822627,"Shaw, Evan",53,75.5,0,0,0,0,0.465,,,0,2,61.5,58,2428,90.7,90.12,1,10,30,-0.6000000000000085,6.03,109,148,119,147,303,330,294,"-0.681","0.681",,,,6,1,0,0,0,0,1,16.7,4,66.7,"2.36","0.42","0.43","-0.07","92.3",114,0,0,0,5.94,3.02,-0.2,2.68,0.667,0,"1.7025",,,"-1.7025",,,,,10,,,,,,,
40,681190,"Vásquez, Randy",276,14.5,0.333,0,0.385,0.333,0.296,,,5,15,91.3,8.5,2377,95.7,94.96,3,24,16,-0.7000000000000028,5.88,111,151,120,148,304,324,295,"0.728","-0.728",,,,15,13,5,0,0,0,2,13.3,0,0,"1.6","0.89","1.22","0.92","95.3",197,53.84615384615385,7.6923076923076925,6.666666666666667,6.05,-1.98,0.08,2.64,0.333,1,"-1.82",,,"1.82",,,,,12.5,,,,,,,
40,669160,"May, Dustin",184,21.7,0.222,0,0.222,0.222,0.198,,,2,9,93.5,-15.6,2277,96.7,96.97,3,22,18,0.29999999999999716,6.65,102,152,117,146,292,325,290,"0.579","-0.579",,,,9,9,2,0,0,0,0,0,0,0,"1.96","0.5","1.38","1.11","97.1",22,77.77777777777779,0,0,5.37,-2.25,-0.04,1.93,0.222,0,"-1.4475",,,"1.4475",,,,,13.6,,,,,,,
40,676617,"O'Brien, Riley",88,45.5,0.25,0,0.333,0.25,0.317,,,2,8,86.3,7.7,2238,97.5,98.28,6,23,17,0.7999999999999972,6.71,112,148,115,148,289,317,284,"0.888","-0.888",,,,10,6,2,0,0,0,2,20,2,20,"1.91","0.49","1.4","-0.04","90.8",143,33.33333333333333,0,0,5.72,-1.66,0.06,2.13,0.4,0,"-2.22",,,"2.22",,,,,26.1,,,,,,,
40,573124,"Rogers, Taylor",130,30.8,0.167,0.167,0.25,0.333,0.405,,,1,6,84.1,-19.8,2065,89.7,88.33,2,13,27,-1.4000000000000057,5.56,117,149,118,151,284,318,279,"-0.29","0.29",,,,10,4,0,1,0,0,2,20,4,40,"2.17","0.68","1.38","0","91.1",157,25,0,0,5.7,1.95,-0.32,2.81,0.5,0,"0.725",,,"-0.725",,,,,15.4,,,,,,,
40,650644,"Civale, Aaron",216,18.5,0.5,0.5,0.667,1,0.631,,,5,10,95.9,13.6,2332,91.2,90.03,3,15,25,-1.2000000000000028,5.55,112,152,119,148,301,323,295,"-2.174","2.174",,,,10,7,3,0,1,1,3,30,0,0,"1.68","1.05","1.12","0.49","94.5",152,57.14285714285714,14.285714285714285,10,6.01,-0.64,0.31,2.75,0.5,1,"5.435",,,"-5.435",,,,,20,,,,,,,
39,688297,"Roycroft, Chris",118,33.1,0.444,0.111,0.667,0.556,0.463,,,4,9,96.5,-4.6,2120,95,95.8,4,19,20,0.7999999999999972,6.71,107,150,118,145,292,319,288,"-0.798","0.798",,,,10,6,3,1,0,0,3,30,1,10,"2.28","0.25","1.34","0.99","91.4",124,60,20,10,5.3,-1.75,-0.3,2.13,0.5,1,"2.046153846",,,"-2.046153846",,,,,21.1,,,,,,,
39,676440,"Bibee, Tanner",351,11.1,0.538,0.385,0.545,0.923,0.625,,,7,13,94.6,11,2190,93.4,93.96,4,24,15,0.5999999999999943,6.62,107,152,118,144,299,328,294,"-3.464","3.464",,,,13,12,4,2,0,1,1,7.7,0,0,"1.64","0.98","1.05","0.87","94.0",205,50,25,23.076923076923077,6.49,-2.18,-0.16,2.57,0.538,3,"8.882051282",,,"-8.882051282",,,,,16.7,,,,,,,
39,669467,"Pallante, Andre",203,19.2,0.167,0,0.222,0.167,0.193,,,2,12,75.4,14.6,2010,93.9,94.63,6,24,15,0.6999999999999886,6.43,102,152,117,145,291,320,285,"1.798","-1.798",,,,13,9,2,0,0,0,3,23.1,0,0,"1.27","1.3","0.91","0.91","90.0",181,0,0,0,6.09,-1.53,-0.67,2.46,0.231,0,"-4.61025641",,,"4.61025641",,,,,25,,,,,,,
39,663567,"Lambert, Peter",211,18.5,0.333,0,0.333,0.333,0.337,,,3,9,91.6,0,2195,94.7,94.43,2,18,21,-0.29999999999999716,6.12,111,150,121,147,298,323,286,"0.338","-0.338",,,,10,9,3,0,0,0,0,0,1,10,"1.47","1.07","1.2","1.14","91.6",128,22.22222222222222,0,0,5.96,-1.07,-0.08,2.24,0.4,0,"-0.866666667",,,"0.866666667",,,,,11.1,,,,,,,
39,690440,"Hanner, Bradley",154,25.3,0.556,0.222,0.5,0.778,0.549,,,5,9,89.4,11.6,2397,92.9,92.92,2,17,22,0,6.32,106,152,121,149,292,311,281,"-1.33","1.33",,,,12,10,3,2,0,0,0,0,2,16.7,"1.95","0.69","1.25","0.95","93.3",189,40,0,0,5.28,-2.04,-0.29,2.3,0.583,0,"3.41025641",,,"-3.41025641",,,,,11.8,,,,,,,
39,682989,"Mederos, Victor",98,39.8,0.4,0,0.4,0.4,0.413,,,4,10,95,22.8,2308,95.7,95.98,1,17,22,0.29999999999999716,6.37,109,149,113,149,299,328,294,"-0.873","0.873",,,,12,10,4,0,0,0,0,0,2,16.7,"1.89","0.6","1.41","0.09","94.5",230,60,10,8.333333333333332,5.39,-3.13,-0.4,2.26,0.5,1,"2.238461538",,,"-2.238461538",,,,,5.9,,,,,,,
39,689433,"Edington, Derrick",56,69.6,0.364,0.273,0.375,0.636,0.428,,,4,11,84,14.1,1973,96.3,94.99,7,21,18,-1.2999999999999972,5.64,109,149,118,142,299,322,290,"-1.206","1.206",,,,11,9,3,0,0,1,2,18.2,0,0,"1.77","0.7","1.38","0.64","90.0",176,22.22222222222222,11.11111111111111,9.090909090909092,6.21,-1.4,-0.05,2.35,0.364,1,"3.092307692",,,"-3.092307692",,,,,33.3,,,,,,,
39,668716,"Murdock, Noah",91,42.9,0.125,0,0.143,0.125,0.271,,,1,8,82.7,19.9,1942,94.6,94.84,1,12,27,0.20000000000000284,6.48,107,147,119,148,289,308,285,"0.94","-0.94",,,,11,7,1,0,0,0,1,9.1,3,27.3,"2.17","0.39","1.31","0.34","91.4",125,42.857142857142854,0,0,5.25,-2.04,-0.13,1.95,0.364,0,"-2.41025641",,,"2.41025641",,,,,8.3,,,,,,,
39,688158,"Morgan, David",112,34.8,0.286,0,0.308,0.286,0.286,,,4,14,87.7,-8.4,2057,96.5,95.69,2,19,20,-0.7999999999999972,5.85,109,152,121,147,297,317,294,"0.357","-0.357",,,,15,13,4,0,0,0,1,6.7,0,0,"1.91","0.54","1.31","1.31","94.1",96,41.66666666666667,0,0,5.24,-2.22,-0.58,2.22,0.333,0,"-0.915384615",,,"0.915384615",,,,,10.5,,,,,,,
38,681343,"Smith, Shane",222,17.1,0,0,0,0,0.386,,,0,5,106.5,-20,2049,95.3,96.19,2,12,26,0.9000000000000057,6.81,117,147,116,147,295,326,313,"-0.311","0.311",,,,11,2,0,0,0,0,3,27.3,4,36.4,"1.68","0.83","1.12","0.07","90.3",148,100,0,0,5.83,-1.92,0.29,2.29,0.545,0,"0.818421053",,,"-0.818421053",,,,,16.7,,,,,,,
38,695418,"Lord, Brad",199,19.1,0.167,0,0.182,0.167,0.26,,,2,12,80.7,-11.3,2278,94.3,92.76,1,20,18,-1.5,5.36,103,149,123,146,297,323,288,"1.473","-1.473",,,,15,11,2,0,0,0,1,6.7,2,13.3,"2.15","0.41","1.53","1.45","91.0",100,36.36363636363637,0,0,5.45,-2.65,-0.56,2.44,0.333,0,"-3.876315789",,,"3.876315789",,,,,5,,,,,,,
38,692243,"Woods, Jaden",62,61.3,0,0,0,0,0.279,,,0,3,86.5,38,2228,93.7,94.21,2,14,24,0.5,6.92,104,148,115,148,289,315,290,"0.651","-0.651",,,,5,1,0,0,0,0,2,40,2,40,"1.31","1.32","1.1","-0.46","88.0",211,0,0,0,5.32,2.54,-0.24,2.68,0.4,0,"-1.713157895",,,"1.713157895",,,,,14.3,,,,,,,
38,676979,"Crochet, Garrett",224,17,0.267,0,0.286,0.267,0.266,,,4,15,86.3,-9,2318,95.1,95.89,0,19,19,0.8000000000000114,6.7,112,148,121,149,277,312,300,"1.113","-1.113",,,,16,14,4,0,0,0,1,6.3,1,6.3,"1.92","0.6","1.21","0.16","92.5",74,30.76923076923077,0,0,6.07,2.43,0.39,2.55,0.313,0,"-2.928947368",,,"2.928947368",,,,,0,,,,,,,
37,669084,"Hall, DL",158,23.4,0.6,0.2,0.75,0.8,0.623,,,3,5,93.2,0,1936,94.1,95.23,2,14,23,1.1000000000000085,6.97,114,149,121,148,296,318,298,"-0.907","0.907",,,,6,4,2,1,0,0,1,16.7,1,16.7,"1.75","0.83","1.11","-0.14","91.6",170,25,25,16.666666666666664,5.53,2.53,0,1.99,0.667,1,"2.451351351",,,"-2.451351351",,,,,14.3,,,,,,,
37,681168,"Curvelo, Luis",132,28,0.125,0,0.167,0.125,0.111,,,1,8,80.2,20.2,2273,95.1,94.97,5,18,19,-0.09999999999999432,6.24,106,151,119,147,305,318,298,"1.431","-1.431",,,,8,6,1,0,0,0,2,25,0,0,"1.32","1.21","1.12","1.12","90.2",167,33.33333333333333,16.666666666666664,12.5,5.72,-3.29,-0.37,2.24,0.125,1,"-3.867567568",,,"3.867567568",,,,,27.8,,,,,,,
37,605130,"Barlow, Scott",133,27.8,0.333,0.167,0.5,0.5,0.475,,,2,6,94.2,14.3,2124,89.1,89.65,6,17,20,0.6000000000000085,6.73,111,148,115,147,301,324,292,"-0.673","0.673",,,,9,4,1,1,0,0,2,22.2,2,22.2,"2.35","0.53","1.13","0.38","95.3",138,50,0,0,5.15,-2.34,-0.04,2.06,0.556,0,"1.818918919",,,"-1.818918919",,,,,35.3,,,,,,,
37,666619,"Santos, Gregory",80,46.3,0.143,0.143,0.143,0.286,0.295,,,1,7,83.4,-1.6,2326,99.5,99.35,4,13,24,-0.20000000000000284,6.44,108,151,120,149,302,323,298,"-1.079","1.079",,,,9,7,0,1,0,0,0,0,2,22.2,"1.84","0.48","1.16","0.52","90.0",94,14.285714285714285,14.285714285714285,11.11111111111111,5.96,-1.55,-1.11,2.21,0.333,1,"2.916216216",,,"-2.916216216",,,,,30.8,,,,,,,
37,804663,"Cleveland, Tyler",96,38.5,0.333,0,0.4,0.333,0.482,,,2,6,87.9,17.4,2128,85.2,83.76,5,14,23,-1.4000000000000057,5.61,107,140,113,142,294,322,300,"-1.208","1.208",,,,11,5,2,0,0,0,1,9.1,4,36.4,"2.98","0.19","1.31","0.04","92.5",192,40,0,0,3,-4.68,-0.31,2.63,0.636,0,"3.264864865",,,"-3.264864865",,,,,35.7,,,,,,,
37,571948,"Milner, Hoby",119,31.1,0.364,0.273,0.375,0.636,0.428,,,4,11,93.2,-2.9,1895,87.1,87.82,3,17,20,0.7000000000000028,6.79,110,151,115,150,298,326,295,"-0.293","0.293",,,,11,9,3,0,0,1,2,18.2,0,0,"2.89","0.12","1.42","-0.51","93.7",119,44.44444444444444,11.11111111111111,9.090909090909092,4.34,4.26,0.43,1.88,0.364,1,"0.791891892",,,"-0.791891892",,,,,17.6,,,,,,,
37,665152,"Kremer, Dean",169,21.9,0.4,0.2,0.667,0.6,0.506,,,2,5,102.6,32.7,2195,91.7,91.3,2,18,19,-0.4000000000000057,6.17,104,143,116,143,294,315,289,"-0.808","0.808",,,,7,3,1,1,0,0,2,28.6,2,28.6,"1.65","1.07","1.21","0.51","90.7",203,66.66666666666666,0,0,5.79,-2.27,-0.31,2.6,0.571,0,"2.183783784",,,"-2.183783784",,,,,11.1,,,,,,,
37,800048,"Messick, Parker",314,11.8,0.077,0,0.077,0.077,0.068,,,1,13,86.6,1.6,2048,91.8,92.09,4,21,16,0.29999999999999716,6.35,113,147,116,149,289,322,300,"3.228","-3.228",,,,13,13,1,0,0,0,0,0,0,0,"1.93","0.76","1.09","0.56","92.9",112,30.76923076923077,0,0,5.5,1.2,0.28,2.41,0.077,0,"-8.724324324",,,"8.724324324",,,,,19,,,,,,,
36,693433,"Woo, Bryan",199,18.1,0.182,0,0.25,0.182,0.162,,,2,11,92.2,-5.6,2234,95.4,95.63,1,18,18,0.19999999999998863,6.43,110,144,115,143,302,325,298,"1.331","-1.331",,,,11,8,2,0,0,0,3,27.3,0,0,"2.1","0.41","1.29","0.75","92.4",137,37.5,0,0,5.05,-1.69,0.14,2.68,0.182,0,"-3.697222222",,,"3.697222222",,,,,5.6,,,,,,,
36,669432,"Rogers, Trevor",209,17.2,0.077,0,0.111,0.077,0.068,,,1,13,89.9,-5.4,2328,92.2,92.57,1,15,21,0.3999999999999915,6.64,114,150,126,149,286,320,286,"2.753","-2.753",,,,13,9,1,0,0,0,4,30.8,0,0,"1.94","0.76","1.39","0.68","94.1",91,62.5,12.5,7.6923076923076925,5.88,1.91,-0.14,2.24,0.077,1,"-7.647222222",,,"7.647222222",,,,,6.7,,,,,,,
36,641585,"France, J.P.",189,19,0.167,0,0.2,0.167,0.227,,,1,6,98.1,11.4,2394,91.9,91.98,5,21,15,0.09999999999999432,6.21,111,153,119,150,301,316,270,"1.298","-1.298",,,,7,5,1,0,0,0,1,14.3,1,14.3,"1.79","0.89","1.05","1.05","93.2",156,80,0,0,5.45,-1.61,0.04,2.46,0.286,0,"-3.605555556",,,"3.605555556",,,,,23.8,,,,,,,
36,658551,"Fernández, Junior",82,43.9,0.4,0.2,0.4,0.6,0.474,,,4,10,92.5,0.2,2191,97.7,98.58,3,16,20,0.8999999999999915,6.67,109,146,119,145,292,315,303,"-0.964","0.964",,,,12,10,2,2,0,0,0,0,2,16.7,"1.45","0.93","1.14","0.38","97.9",108,60,10,8.333333333333332,5.9,-1.33,-0.16,1.83,0.5,1,"2.677777778",,,"-2.677777778",,,,,18.8,,,,,,,
36,682227,"Williamson, Brandon",247,14.6,0,0,0,0,0,,,0,10,89.1,12.3,2093,94.4,93.58,4,25,11,-0.8000000000000114,5.77,114,150,112,149,296,324,298,"3.108","-3.108",,,,10,9,0,0,0,0,1,10,0,0,"1.52","1.04","1.16","-0.29","90.7",185,44.44444444444444,0,0,6.58,0.89,0.13,2.74,0,0,"-8.633333333",,,"8.633333333",,,,,16,,,,,,,
36,691946,"Klassen, George",260,13.8,0.429,0,0.5,0.429,0.479,,,3,7,92.8,22.7,2278,97.5,97.29,3,18,18,-0.20000000000000284,6.23,109,149,117,148,305,324,290,"-0.65","0.65",,,,10,6,3,0,0,0,1,10,2,20,"1.19","1.21","1.08","0.39","93.7",214,66.66666666666666,0,0,5.62,-3.06,-0.14,2.69,0.6,0,"1.805555556",,,"-1.805555556",,,,,16.7,,,,,,,
36,592791,"Taillon, Jameson",267,13.5,0.5,0.333,0.6,0.833,0.581,,,3,6,91.2,9.4,2172,91.3,92.63,0,9,27,1.2999999999999972,6.96,106,152,118,148,301,329,298,"-1.696","1.696",,,,7,5,2,0,1,0,1,14.3,1,14.3,"1.56","1.17","0.92","0.87","94.7",186,60,0,0,6.01,-1.19,0.01,2.05,0.571,0,"4.711111111",,,"-4.711111111",,,,,0,,,,,,,
36,701643,"Hartwig, Grant",111,32.4,0.444,0.778,0.286,1.222,0.697,,,4,9,87.4,11.3,2104,92.8,92.28,2,16,20,-0.5,6.14,111,145,127,150,296,323,283,"-3.252","3.252",,,,11,9,1,1,0,2,0,0,1,9.1,"2.23","0.44","1.55","-0.37","93.0",164,44.44444444444444,22.22222222222222,18.181818181818183,5.3,-2.61,-0.12,2.53,0.545,2,"9.033333333",,,"-9.033333333",,,,,12.5,,,,,,,
35,593974,"Peralta, Wandy",77,45.5,0,0,0,0,0.282,,,0,6,86.9,-12.4,2098,95.8,94.51,2,14,21,-1.2999999999999972,5.53,118,150,118,151,288,320,295,"0.917","-0.917",,,,10,5,0,0,0,0,1,10,3,30,"1.67","0.82","1.24","-0.06","90.2",109,20,0,0,6.41,0.19,-0.05,2.5,0.4,0,"-2.62",,,"2.62",,,,,14.3,,,,,,,
35,663765,"Woodford, Jake",115,30.4,0,0,0,0,0,,,0,11,87.3,4.6,2081,94.1,94.09,3,17,18,0,6.45,107,150,122,146,299,325,290,"3.015","-3.015",,,,11,9,0,0,0,0,2,18.2,0,0,"2.06","0.53","1.27","0.69","90.3",128,25,0,0,5.08,-1.9,-0.25,2.34,0,0,"-8.614285714",,,"8.614285714",,,,,17.6,,,,,,,
35,519242,"Sale, Chris",293,11.9,0.25,0.125,0.25,0.375,0.269,,,2,8,81.5,-31.1,2206,93.7,94.48,3,18,17,0.7999999999999972,6.71,114,147,113,149,301,320,296,"0.929","-0.929",,,,8,8,1,1,0,0,0,0,0,0,"2.3","0.29","1.53","0.78","91.0",73,25,0,0,4.84,3.09,0.75,2.31,0.25,0,"-2.654285714",,,"2.654285714",,,,,16.7,,,,,,,
35,668943,"Miller, Ryan",81,43.2,0.2,0.2,0.2,0.4,0.373,,,1,5,93.2,7.2,2004,91.9,91.41,4,17,18,-0.5,6.06,115,149,121,151,292,317,293,"0.121","-0.121",,,,9,5,0,1,0,0,1,11.1,3,33.3,"1.83","0.87","0.94","-0.37","93.6",178,60,20,11.11111111111111,4.49,-2.11,0.05,2.53,0.444,1,"-0.345714286",,,"0.345714286",,,,,23.5,,,,,,,
35,624133,"Suarez, Ranger",147,23.8,0.5,0.1,0.625,0.6,0.504,,,5,10,90.1,9,1984,89.7,89.19,2,21,14,-0.5,6.09,105,147,127,147,288,312,293,"-1.573","1.573",,,,11,8,4,1,0,0,2,18.2,0,0,"2.27","0.57","1.21","-0.04","91.5",144,62.5,0,0,5.94,2.2,0.6,2.31,0.545,0,"4.494285714",,,"-4.494285714",,,,,9.5,,,,,,,
35,668909,"Williams, Gavin",282,12.4,0.214,0,0.25,0.214,0.191,,,3,14,89.8,-2.8,2067,95.3,96.38,1,21,14,1.1000000000000085,6.9,110,149,120,144,297,322,291,"2.459","-2.459",,,,14,12,3,0,0,0,2,14.3,0,0,"1.79","0.72","1.24","0.96","94.0",116,33.33333333333333,0,0,5.84,-2.98,0.03,2.2,0.214,0,"-7.025714286",,,"7.025714286",,,,,4.8,,,,,,,
34,813349,"Early, Connelly",254,13.4,0.2,0.2,0.2,0.4,0.384,,,1,5,84.4,8.4,2169,93.1,93.61,6,13,21,0.5,6.61,115,147,127,151,290,307,293,"-0.449","0.449",,,,7,5,0,1,0,0,0,0,1,14.3,"1.97","0.66","1.39","0.83","95.4",99,40,0,0,5.43,2.71,0.35,2.32,0.429,0,"1.320588235",,,"-1.320588235",,,,,46.2,,,,,,,
34,666155,"King, Chuck",137,24.8,0.222,0,0.4,0.222,0.198,,,2,9,91.4,4.2,2049,96.6,96.47,3,14,20,-0.09999999999999432,6.26,115,152,121,148,291,313,282,"1.622","-1.622",,,,9,5,2,0,0,0,4,44.4,0,0,"1.47","0.98","1.19","0.21","92.9",153,60,0,0,6.04,-2.76,-0.2,2.16,0.222,0,"-4.770588235",,,"4.770588235",,,,,21.4,,,,,,,
34,643410,"Leiter Jr., Mark",124,27.4,0.5,0,0.5,0.5,0.445,,,4,8,94.1,12.4,1996,92.5,92.97,2,17,17,0.5,6.51,107,146,113,150,298,320,296,"0.246","-0.246",,,,8,8,4,0,0,0,0,0,0,0,"1.74","0.92","1.13","0.03","91.5",119,50,0,0,5.67,-1.25,-0.29,2.33,0.5,0,"-0.723529412",,,"0.723529412",,,,,11.8,,,,,,,
34,657514,"Bernardino, Brennan",105,32.4,0.333,0.333,0.333,0.667,0.489,,,1,3,93.4,-5.7,2193,89.6,88.39,5,15,19,-1.1999999999999886,5.56,114,148,117,151,300,321,297,"0.358","-0.358",,,,4,3,0,1,0,0,0,0,1,25,"2.41","0.43","1.15","0.18","91.4",205,66.66666666666666,33.33333333333333,25,5.18,2.85,0.27,2.36,0.5,1,"-1.052941176",,,"1.052941176",,,,,33.3,,,,,,,
34,695034,"Morris, Kade",100,34,0.2,0.1,0.25,0.3,0.295,,,2,10,90.6,-7.7,2000,93.9,94.05,2,16,18,0.09999999999999432,6.26,105,146,118,148,294,319,284,"0.158","-0.158",,,,12,8,1,1,0,0,2,16.7,2,16.7,"2.25","0.33","1.32","0.31","95.2",98,50,12.5,8.333333333333332,4.81,-2.25,-0.04,1.93,0.333,1,"-0.464705882",,,"0.464705882",,,,,12.5,,,,,,,
34,663767,"Shugart, Chase",174,19.5,0.125,0,0.25,0.125,0.111,,,1,8,85.7,5,2033,92.6,92.57,2,10,24,0,6.36,110,149,120,146,288,316,286,"1.317","-1.317",,,,8,4,1,0,0,0,4,50,0,0,"1.86","0.81","1.39","0.77","90.2",109,0,0,0,5.37,-1.95,-0.06,2.24,0.125,0,"-3.873529412",,,"3.873529412",,,,,20,,,,,,,
34,668941,"Romero, JoJo",87,39.1,0.25,0,0.286,0.25,0.321,,,2,8,85.9,-29.6,2199,93.5,91.8,6,17,17,-1.7000000000000028,5.39,110,148,109,148,285,317,281,"0.269","-0.269",,,,10,7,2,0,0,0,1,10,1,10,"2.37","0.25","1.43","-0.14","93.5",39,28.57142857142857,0,0,5.39,1.96,0.25,2.29,0.4,0,"-0.791176471",,,"0.791176471",,,,,35.3,,,,,,,
33,674370,"Bido, Osvaldo",97,34,0.083,0,0.125,0.083,0.163,,,1,12,85.2,7.9,2283,95.2,94.93,2,16,17,-0.29999999999999716,6.25,105,151,121,149,293,319,287,"0.884","-0.884",,,,14,8,1,0,0,0,4,28.6,2,14.3,"1.82","0.71","1.32","1.02","92.7",89,37.5,0,0,5.68,-2.06,-0.11,2.41,0.214,0,"-2.678787879",,,"2.678787879",,,,,12.5,,,,,,,
33,670810,"Gillaspie, Logan",237,13.9,0.1,0,0.111,0.1,0.144,,,1,10,95.6,5.6,2098,94.6,94.65,1,17,16,0,6.31,111,149,121,147,304,325,289,"2.311","-2.311",,,,11,9,1,0,0,0,1,9.1,1,9.1,"1.58","0.97","1.2","1.2","94.1",173,55.55555555555556,0,0,5.94,-1.03,-0.28,2.44,0.182,0,"-7.003030303",,,"7.003030303",,,,,5.9,,,,,,,
33,683004,"Leiter, Jack",246,13.4,0.143,0.143,0.167,0.286,0.18,,,1,7,99.2,9.7,2342,96.6,97.79,5,20,13,1.2000000000000028,6.97,104,150,121,147,305,328,307,"0.863","-0.863",,,,7,6,0,1,0,0,1,14.3,0,0,"1.31","1.14","1.18","1.11","95.2",170,83.33333333333334,16.666666666666664,14.285714285714285,5.6,-0.93,-0.5,2.62,0.143,1,"-2.615151515",,,"2.615151515",,,,,25,,,,,,,
33,680729,"McDaniels, Garrett",69,47.8,0.5,0.4,0.444,0.9,0.597,,,5,10,94,5.3,2283,93.3,92.47,0,14,19,-0.7999999999999972,5.88,108,148,117,147,296,324,300,"-1.449","1.449",,,,10,10,3,1,0,1,0,0,0,0,"2.15","0.48","1.15","-0.5","96.2",190,70,20,20,6.16,1.5,0.32,2.12,0.5,2,"4.390909091",,,"-4.390909091",,,,,0,,,,,,,
33,663893,"Little, Brendon",100,33,0.143,0,0.167,0.143,0.254,,,1,7,83,7.8,1991,94.9,94.01,6,15,18,-0.9000000000000057,5.88,106,147,120,147,292,323,289,"1.27","-1.27",,,,9,6,1,0,0,0,1,11.1,2,22.2,"2.46","0.08","1.09","0","91.0",150,33.33333333333333,0,0,6.14,2.14,-0.31,1.74,0.333,0,"-3.848484848",,,"3.848484848",,,,,40,,,,,,,
33,690953,"Abel, Mick",329,10,0.154,0.154,0.154,0.308,0.191,,,2,13,83.6,-2,2412,95.1,95.8,3,21,12,0.7000000000000028,6.8,113,151,124,147,285,319,280,"1.68","-1.68",,,,13,13,1,0,1,0,0,0,0,0,"1.67","0.86","1.11","1.03","92.2",80,33.33333333333333,0,0,5.55,-1.67,-0.48,2.4,0.154,0,"-5.090909091",,,"5.090909091",,,,,14.3,,,,,,,
32,500779,"Quintana, Jose",144,22.2,0.143,0,0.25,0.143,0.198,,,1,7,75.1,-37.3,2027,90.8,90.97,1,7,25,0.20000000000000284,6.4,117,149,115,148,293,321,285,"0.635","-0.635",,,,8,4,1,0,0,0,3,37.5,1,12.5,"1.79","0.98","0.97","-0.28","93.7",112,50,0,0,5.79,2.3,-0.16,2.41,0.25,0,"-1.984375",,,"1.984375",,,,,14.3,,,,,,,
32,676775,"Winn, Keaton",101,31.7,0.273,0.273,0.2,0.545,0.401,,,3,11,82.7,-14.3,2235,96.8,96.81,0,16,16,0,6.16,105,151,119,148,309,333,299,"0.106","-0.106",,,,13,11,2,0,0,1,0,0,2,15.4,"1.88","0.54","1.1","0.86","92.4",52,36.36363636363637,9.090909090909092,7.6923076923076925,6.17,-1.48,-0.21,2.36,0.385,1,"-0.33125",,,"0.33125",,,,,0,,,,,,,
32,822067,"Causey, A.J.",99,32.3,0.333,0.111,0.333,0.444,0.374,,,3,9,82,18.9,2326,89.8,88.84,2,14,18,-1,5.61,108,148,115,144,292,311,285,"-0.373","0.373",,,,10,9,2,1,0,0,0,0,1,10,"2.84","-0.02","1.49","0.48","91.6",200,22.22222222222222,0,0,4.66,-1.19,-0.73,2.4,0.4,0,"1.165625",,,"-1.165625",,,,,14.3,,,,,,,
32,658648,"Avila, Pedro",118,27.1,0.3,0,0.3,0.3,0.306,,,3,10,92.2,1.9,2286,91.9,91.62,2,17,15,-0.30000000000001137,6.17,111,149,117,147,294,315,297,"0.628","-0.628",,,,11,10,3,0,0,0,0,0,1,9.1,"1.96","0.74","1.1","-0.23","94.9",102,50,0,0,5.87,-1.04,-0.38,2.46,0.364,0,"-1.9625",,,"1.9625",,,,,11.8,,,,,,,
32,693855,"Seymour, Ian",196,16.3,0.286,0,0.4,0.286,0.356,,,2,7,89.6,16.8,2034,90.5,90.17,1,12,20,-0.29999999999999716,6.1,106,146,119,148,290,321,290,"-0.192","0.192",,,,9,5,2,0,0,0,2,22.2,1,11.1,"1.7","1.08","1.14","0.29","93.6",142,60,20,11.11111111111111,5.98,1.44,0.38,2.5,0.444,1,"0.6",,,"-0.6",,,,,8.3,,,,,,,
32,666171,"Zeferjahn, Ryan",192,16.7,0.2,0,0.2,0.2,0.331,,,1,5,92,7.3,1827,94.7,95.36,0,13,19,0.7000000000000028,6.56,108,151,116,147,301,321,292,"-0.149","0.149",,,,7,5,1,0,0,0,0,0,1,14.3,"1.82","0.72","1.02","0.9","90.7",62,50,0,0,5.68,-1.9,-0.08,2.13,0.429,0,"0.465625",,,"-0.465625",,,,,0,,,,,,,
32,677957,"Neeck, Brandon",86,37.2,0,0,0,0,0,,,0,5,76.9,58,2372,93.2,94.15,5,15,17,0.8999999999999915,7.02,108,150,114,146,291,314,279,"1.474","-1.474",,,,5,2,0,0,0,0,3,60,0,0,"1.28","1.36","0.85","-0.29","88.0",197,0,0,0,5.6,2.38,0.01,2.59,0,0,"-4.60625",,,"4.60625",,,,,33.3,,,,,,,
32,682995,"Barco, Hunter",226,14.2,0.333,0.167,0.333,0.5,0.407,,,2,6,84.4,-6.8,2041,93.2,92.59,2,11,21,-0.6000000000000085,6.05,112,142,119,144,283,311,291,"-0.587","0.587",,,,7,6,1,1,0,0,0,0,1,14.3,"1.92","0.72","1.45","0.73","91.3",99,33.33333333333333,0,0,5.34,3.31,0.59,2.39,0.429,0,"1.834375",,,"-1.834375",,,,,18.2,,,,,,,
32,605242,"Fulmer, Michael",180,17.8,0,0,,0,0.199,,,0,5,,,2295,91,91.43,4,10,22,0.4000000000000057,6.65,111,150,120,150,300,327,305,"0.237","-0.237",,,,7,0,0,0,0,0,5,71.4,2,28.6,"1.85","0.92","0.84","0.11","91.9",202,,,,5.89,-2.54,0.46,2.82,0.286,,"-0.740625",,,"0.740625",,,,,40,,,,,,,
31,694370,"Wells, Levi",209,14.8,0.2,0,0.2,0.2,0.326,,,1,5,84.1,13.2,2292,94.5,93.86,4,16,15,-0.5999999999999943,6.17,108,145,117,144,299,318,295,"0.386","-0.386",,,,7,5,1,0,0,0,0,0,2,28.6,"1.67","0.91","1.36","0.67","90.7",99,40,0,0,5.64,-2.06,-0.46,1.88,0.429,0,"-1.24516129",,,"1.24516129",,,,,25,,,,,,,
31,800212,"Peña, Francis",71,43.7,0,0,0,0,0.116,,,0,5,91.9,26.7,1938,93.9,96.15,3,12,19,2.1999999999999886,7.46,119,149,121,150,297,323,300,"0.671","-0.671",,,,6,3,0,0,0,0,2,33.3,1,16.7,"2.05","0.52","0.96","0.15","89.7",197,33.33333333333333,0,0,5.47,-0.52,-0.04,2.18,0.167,0,"-2.164516129",,,"2.164516129",,,,,25,,,,,,,
31,677961,"Wilcox, Cole",133,23.3,0,0,0,0,0.174,,,0,3,93.1,22,2014,97.3,97.18,4,15,16,-0.09999999999999432,6.27,111,148,118,145,296,322,297,"1.058","-1.058",,,,4,3,0,0,0,0,0,0,1,25,"1.87","0.55","1.43","1.04","89.5",171,33.33333333333333,0,0,5.77,-2.28,0.12,2.49,0.25,0,"-3.412903226",,,"3.412903226",,,,,26.7,,,,,,,
31,681432,"Little, Luke",81,38.3,0.273,0.182,0.3,0.455,0.306,,,3,11,96.6,-3.5,2315,96.4,98.35,4,15,16,1.8999999999999915,7.36,108,148,116,147,295,327,299,"-0.263","0.263",,,,11,10,2,0,1,0,1,9.1,0,0,"2.09","0.36","0.92","-0.33","96.8",111,60,0,0,5.51,3.38,0.35,2.06,0.273,0,"0.848387097",,,"-0.848387097",,,,,26.7,,,,,,,
31,592717,"Sanchez, Aaron",152,20.4,0.429,0,0.429,0.429,0.421,,,3,7,85.2,3.6,2079,91.9,93.85,2,11,20,1.8999999999999915,7.17,106,149,119,148,295,317,296,"-0.659","0.659",,,,8,7,3,0,0,0,0,0,1,12.5,"2","0.67","1.2","0.65","91.9",93,28.57142857142857,0,0,5.51,-1.44,-0.23,2.13,0.5,0,"2.125806452",,,"-2.125806452",,,,,18.2,,,,,,,
31,657022,"Supak, Trey",157,19.7,0.25,0.125,0.25,0.375,0.269,,,2,8,91.8,22.8,2195,91.3,91.99,2,14,17,0.7000000000000028,6.76,104,152,117,148,309,317,304,"0.841","-0.841",,,,8,8,1,1,0,0,0,0,0,0,"1.88","0.86","1.2","1.05","93.0",184,50,12.5,12.5,5.95,-0.98,-0.24,2.67,0.25,1,"-2.712903226",,,"2.712903226",,,,,14.3,,,,,,,
30,690986,"Harrison, Kyle",267,11.2,0.6,1.4,0.333,2,1.008,,,3,5,89.4,9.8,2240,94.4,94.78,3,16,14,0.3999999999999915,6.5,112,147,117,150,288,312,293,"-2.488","2.488",,,,6,5,0,1,0,2,0,0,1,16.7,"1.65","0.91","1.32","0.94","91.5",159,40,40,33.33333333333333,5.05,2.09,0.31,2.37,0.667,2,"8.293333333",,,"-8.293333333",,,,,18.8,,,,,,,
30,621199,"Bowman, Matt",125,24,0,0,0,0,0,,,0,3,80.6,11.3,2087,91.6,92.34,0,13,17,0.7000000000000028,6.77,98,139,113,137,287,310,285,"0.951","-0.951",,,,3,3,0,0,0,0,0,0,0,0,"2.13","0.59","1.35","0.54","89.2",151,0,0,0,5.93,-3.43,-0.4,2.64,0,0,"-3.17",,,"3.17",,,,,0,,,,,,,
30,608331,"Fried, Max",223,13.5,0.5,0,0.5,0.5,0.495,,,2,4,85.2,-18.8,1982,92.4,92.58,1,11,19,0.19999999999998863,6.23,106,145,124,147,295,321,274,"-0.942","0.942",,,,5,4,2,0,0,0,0,0,1,20,"2.34","0.31","0.8","0.01","90.5",65,25,0,0,5.9,1.28,0.46,2.01,0.6,0,"3.14",,,"-3.14",,,,,9.1,,,,,,,
30,695445,"Lee, Chase",81,37,0.286,0,0.286,0.286,0.31,,,2,7,96.1,4.4,2350,90.1,89.61,0,13,17,-0.5,5.99,103,150,126,148,290,331,292,"0.752","-0.752",,,,8,7,2,0,0,0,0,0,1,12.5,"2.91","-0.1","0.92","0.19","94.0",140,71.42857142857143,0,0,4.04,-2.77,-0.17,1.99,0.375,0,"-2.506666667",,,"2.506666667",,,,,0,,,,,,,
30,670167,"Schreiber, John",145,20.7,0.2,0,0.2,0.2,0.326,,,1,5,89.4,-0.2,2169,92.1,92.59,4,12,18,0.5,6.7,108,151,115,146,305,321,272,"-0.009","0.009",,,,7,5,1,0,0,0,0,0,2,28.6,"2.82","-0.12","1.28","1.28","95.1",84,60,0,0,4.47,-2.96,-0.44,1.9,0.429,0,"0.03",,,"-0.03",,,,,33.3,,,,,,,
30,671111,"Peralta, Sammy",106,28.3,0.5,0.375,0.667,0.875,0.579,,,4,8,87.3,-14.8,2206,89.1,89.58,2,13,17,0.5,6.54,107,150,120,149,297,318,297,"-1.412","1.412",,,,8,6,2,1,1,0,2,25,0,0,"2.51","0.36","1.23","-0.41","94.3",126,50,0,0,4.96,2.84,-0.13,2.28,0.5,0,"4.706666667",,,"-4.706666667",,,,,15.4,,,,,,,
30,676666,"Turner, Matt",77,39,0.5,0.167,0.5,0.667,0.534,,,3,6,89.4,-7,2058,92.1,91.49,1,9,21,-0.5999999999999943,6.1,117,148,127,151,286,313,287,"-0.765","0.765",,,,7,6,2,1,0,0,0,0,1,14.3,"2.63","0.07","1.41","0.18","92.1",99,50,0,0,5.2,3.31,0.55,2.05,0.571,0,"2.55",,,"-2.55",,,,,11.1,,,,,,,
30,687924,"Aguiar, Julian",110,27.3,0.4,0.2,0.5,0.6,0.43,,,2,5,81.8,14.3,2062,94.1,93.67,1,13,17,-0.3999999999999915,6.03,108,150,116,148,294,325,291,"-0.349","0.349",,,,5,4,1,1,0,0,1,20,0,0,"1.91","0.66","1.43","0.57","89.7",119,50,0,0,5.58,-2.22,-0.48,2.34,0.4,0,"1.163333333",,,"-1.163333333",,,,,7.7,,,,,,,
30,607192,"Glasnow, Tyler",259,11.6,0.25,0,0.25,0.25,0.317,,,1,4,69.4,-18.5,2482,96,98.32,1,6,24,2.299999999999997,7.62,105,151,116,148,300,326,296,"-0.111","0.111",,,,5,4,1,0,0,0,0,0,1,20,"1.25","1.23","0.88","0.66","88.0",66,0,0,0,6.12,-1.29,0.17,1.96,0.4,0,"0.37",,,"-0.37",,,,,16.7,,,,,,,
30,665645,"Castro, Kervin",141,21.3,0.429,0,0.429,0.429,0.425,,,3,7,77.1,15.1,2157,94.3,94.67,2,12,18,0.4000000000000057,6.61,103,151,119,147,295,311,279,"-0.397","0.397",,,,8,7,3,0,0,0,0,0,0,0,"1.2","1.37","0.88","0.88","92.3",132,28.57142857142857,0,0,5.86,-1,-0.6,2.8,0.5,0,"1.323333333",,,"-1.323333333",,,,,16.7,,,,,,,
30,694297,"Pfaadt, Brandon",118,25.4,0.2,0,0.2,0.2,0.265,,,1,5,96.4,-14.8,2290,93.2,93.61,3,13,17,0.3999999999999915,6.52,111,151,115,148,306,325,301,"0.732","-0.732",,,,6,5,1,0,0,0,0,0,1,16.7,"2.03","0.6","1.33","1.13","95.1",57,40,0,0,5.67,-2.35,-0.06,2.09,0.333,0,"-2.44",,,"2.44",,,,,23.1,,,,,,,
30,678906,"Teng, Kai-Wei",161,18.6,0.143,0,0.143,0.143,0.254,,,1,7,95.9,1.7,2358,94,93.62,2,11,19,-0.4000000000000057,6.04,109,151,119,148,298,315,279,"1.003","-1.003",,,,9,7,1,0,0,0,0,0,2,22.2,"2.07","0.51","1.39","1.3","94.9",127,57.14285714285714,0,0,5.52,-2.05,0.27,2.36,0.333,0,"-3.343333333",,,"3.343333333",,,,,18.2,,,,,,,
30,663562,"Davis, Noah",213,14.1,0.429,0.571,0.4,1,0.611,,,3,7,101.9,1,2088,93.3,92.01,1,9,21,-1.2999999999999972,5.65,104,152,120,147,294,320,286,"-1.426","1.426",,,,8,6,1,1,0,1,1,12.5,1,12.5,"2.07","0.56","1.22","1.13","98.5",163,100,16.666666666666664,12.5,5.73,-2.08,0.45,1.73,0.5,1,"4.753333333",,,"-4.753333333",,,,,11.1,,,,,,,
30,694795,"Ekness, Josh",171,17.5,0.2,0,0.25,0.2,0.178,,,1,5,78.3,-24,2268,97,97.52,4,17,13,0.5999999999999943,6.59,111,147,121,146,293,310,285,"1.049","-1.049",,,,5,4,1,0,0,0,1,20,0,0,"2.02","0.41","1.26","1","89.9",74,25,0,0,5.31,-3.06,-0.16,1.95,0.2,0,"-3.496666667",,,"3.496666667",,,,,23.5,,,,,,,
29,670766,"McCaughan, Darren",82,35.4,0.25,0.375,0.333,0.625,0.367,,,2,8,94.2,5,2120,90.1,90.41,6,15,14,0.30000000000001137,6.37,114,147,120,146,304,325,299,"0.428","-0.428",,,,8,4,1,0,0,1,4,50,0,0,"2.13","0.67","1.26","0.13","98.3",130,75,25,12.5,5.47,-1.85,-0.6,2.62,0.25,1,"-1.475862069",,,"1.475862069",,,,,40,,,,,,,
29,700786,"Sears, Ben",79,36.7,0.444,0.333,0.571,0.778,0.519,,,4,9,98.3,18.9,2228,94.1,93.9,3,15,14,-0.19999999999998863,6.17,109,148,115,147,291,314,293,"-0.805","0.805",,,,9,7,1,3,0,0,2,22.2,0,0,"1.82","0.76","1.16","0.18","94.6",168,71.42857142857143,14.285714285714285,11.11111111111111,5.52,-2.07,-0.08,2.84,0.444,1,"2.775862069",,,"-2.775862069",,,,,20,,,,,,,
29,664199,"Clarke, Taylor",122,23.8,0.5,0.5,0.5,1,0.642,,,4,8,101.2,8.3,2261,94.7,94.44,4,14,15,-0.29999999999999716,6.04,110,151,121,148,303,327,307,"-2.326","2.326",,,,9,7,2,1,0,1,1,11.1,1,11.1,"1.64","0.89","1.11","0.98","100.7",163,85.71428571428571,28.57142857142857,22.22222222222222,6.17,-0.92,-0.16,2.06,0.556,2,"8.020689655",,,"-8.020689655",,,,,28.6,,,,,,,
29,593576,"Neris, Héctor",122,23.8,0.364,0.364,0.3,0.727,0.482,,,4,11,79.2,17.6,2250,91.4,91.08,0,15,14,-0.30000000000001137,6.1,106,146,114,145,299,322,293,"-0.626","0.626",,,,12,11,2,1,0,1,0,0,1,8.3,"1.79","0.94","1.31","0.66","91.2",127,18.181818181818183,9.090909090909092,8.333333333333332,5.83,-1.6,-0.25,2.09,0.417,1,"2.15862069",,,"-2.15862069",,,,,0,,,,,,,
29,669461,"Liberatore, Matthew",209,13.9,0.2,0,0.2,0.2,0.265,,,1,5,96.4,12.6,2079,94.1,94.23,5,13,16,0.10000000000000853,6.31,108,147,117,149,285,317,286,"0.7","-0.7",,,,6,5,1,0,0,0,0,0,1,16.7,"1.45","1.12","0.95","0.28","94.1",210,80,20,16.666666666666664,6.58,0.32,0.14,2.55,0.333,1,"-2.413793103",,,"2.413793103",,,,,38.5,,,,,,,
29,694973,"Skenes, Paul",118,24.6,0.2,0.2,0.333,0.4,0.252,,,1,5,102.1,-9,2236,96.3,96.61,4,14,15,0.29999999999999716,6.65,115,148,120,148,300,316,296,"0.425","-0.425",,,,5,3,0,1,0,0,2,40,0,0,"1.82","0.66","1.44","0.35","94.7",165,66.66666666666666,33.33333333333333,20,5.62,-2.73,-0.08,2.22,0.2,1,"-1.465517241",,,"1.465517241",,,,,28.6,,,,,,,
28,702275,"Ritchie, JR",173,16.2,0.333,0,0.333,0.333,0.405,,,1,3,92.3,5,2290,94.4,94.6,1,12,16,0.19999999999998863,6.33,108,151,122,147,308,327,290,"0.101","-0.101",,,,4,3,1,0,0,0,0,0,0,0,"2.1","0.45","1.29","1.29","91.1",153,66.66666666666666,0,0,5.44,-2.18,-0.42,2.3,0.5,0,"-0.360714286",,,"0.360714286",,,,,8.3,,,,,,,
28,607625,"Lugo, Seth",154,18.2,0.2,0.4,0.143,0.6,0.392,,,2,10,97.1,14.9,2289,92,91.58,0,11,17,-0.4000000000000057,6.09,111,149,129,150,296,321,296,"-1.569","1.569",,,,12,8,0,1,0,1,2,16.7,2,16.7,"1.91","0.79","1.41","0.3","97.1",239,75,25,16.666666666666664,5.34,-1.75,0.28,2.21,0.333,2,"5.603571429",,,"-5.603571429",,,,,0,,,,,,,
28,687762,"Wehunt, Blake",61,45.9,0.4,0,0.4,0.4,0.413,,,2,5,98.7,14.4,2371,96,96.58,3,12,16,0.5999999999999943,6.72,103,146,123,150,288,318,301,"0.277","-0.277",,,,6,5,2,0,0,0,0,0,1,16.7,"1.44","1.04","1.11","-0.39","93.9",170,80,0,0,5.26,-2.29,0.28,2.56,0.5,0,"-0.989285714",,,"0.989285714",,,,,25,,,,,,,
28,672487,"Olivárez, Helcris",139,20.1,0,0,0,0,0.279,,,0,3,87.7,-20.3,2056,97.9,98.08,2,9,19,0.19999999999998863,6.49,112,147,115,146,285,310,290,"0.639","-0.639",,,,5,3,0,0,0,0,0,0,2,40,"1.59","0.8","1.22","-0.02","91.6",134,33.33333333333333,0,0,5.81,2.41,-0.04,1.96,0.4,0,"-2.282142857",,,"2.282142857",,,,,22.2,,,,,,,
28,621107,"Eflin, Zach",110,25.5,0.125,0.125,0.25,0.25,0.217,,,1,8,91.9,-19.3,2127,92.3,92.18,1,10,18,-0.09999999999999432,6.4,120,150,123,151,293,319,285,"0.691","-0.691",,,,9,4,0,1,0,0,4,44.4,1,11.1,"2.42","0.27","1.4","-0.19","91.2",62,50,0,0,5.67,-2.08,0.06,2.04,0.222,0,"-2.467857143",,,"2.467857143",,,,,10,,,,,,,
28,542888,"Armstrong, Shawn",110,25.5,0.4,0.2,0.5,0.6,0.506,,,2,5,95.3,9,2117,93.6,94.07,3,10,18,0.5,6.51,109,153,123,145,299,327,291,"-1.096","1.096",,,,7,4,1,1,0,0,1,14.3,2,28.6,"1.7","0.9","1.14","1.14","95.0",215,50,25,14.285714285714285,5.88,-1.52,0.4,2.32,0.571,1,"3.914285714",,,"-3.914285714",,,,,30,,,,,,,
28,663465,"Allard, Kolby",201,13.9,0.222,0,0.25,0.222,0.294,,,2,9,89.6,8.3,2019,90.7,90.61,2,13,15,-0.10000000000000853,6.22,116,145,113,150,297,322,292,"0.073","-0.073",,,,11,8,2,0,0,0,1,9.1,0,0,"1.7","1.07","1.08","1.08","92.5",117,57.14285714285714,0,0,5.42,2.16,0.31,2.58,0.364,0,"-0.260714286",,,"0.260714286",,,,,15.4,,,,,,,
28,607455,"Banda, Anthony",123,22.8,0,0,0,0,0.523,,,0,1,87.6,23,2096,93.9,93.78,1,8,20,-0.10000000000000853,6.34,109,145,122,150,287,320,280,"-0.367","0.367",,,,4,1,0,0,0,0,0,0,3,75,"1.69","0.91","1.31","0.56","88.0",220,0,0,0,5.55,2.53,-0.32,2.14,0.75,0,"1.310714286",,,"-1.310714286",,,,,12.5,,,,,,,
28,571945,"Mikolas, Miles",188,14.9,0.4,0,0.4,0.4,0.413,,,2,5,93.6,-3.6,2107,91.8,91.5,1,12,16,-0.29999999999999716,6.07,106,144,120,146,295,327,300,"-0.623","0.623",,,,6,5,2,0,0,0,0,0,1,16.7,"1.81","0.89","1.33","0.15","92.2",114,40,20,16.666666666666664,6.42,-1.52,0.14,2.59,0.5,1,"2.225",,,"-2.225",,,,,8.3,,,,,,,
28,472610,"García, Luis",55,50.9,0.125,0,0.125,0.125,0.176,,,1,8,94,11.7,2207,94.6,94.91,0,14,14,0.30000000000001137,6.5,117,151,121,150,298,316,291,"1.561","-1.561",,,,9,8,1,0,0,0,0,0,1,11.1,"1.58","0.97","1.12","0.26","93.4",203,57.14285714285714,14.285714285714285,11.11111111111111,6.34,-1.79,0.11,2,0.222,1,"-5.575",,,"5.575",,,,,0,,,,,,,
28,701764,"Day, Cam",104,26.9,0.4,0,0.4,0.4,0.356,,,2,5,87,-16.8,1999,97.3,96.85,1,14,14,-0.3999999999999915,5.96,108,153,118,147,303,329,288,"0.703","-0.703",,,,5,5,2,0,0,0,0,0,0,0,"2","0.4","1.28","1.28","93.8",102,60,0,0,5.53,-2.18,0.08,1.98,0.4,0,"-2.510714286",,,"2.510714286",,,,,7.1,,,,,,,
28,688692,"Simpson, Jared",39,71.8,0,0,0,0,0.243,,,0,2,102.4,3,2385,94,93.4,4,8,20,-0.5999999999999943,6.2,115,150,114,146,287,335,294,"0.318","-0.318",,,,3,1,0,0,0,0,1,33.3,0,0,"1.37","1.23","0.98","0.18","92.8",161,100,0,0,5.61,3.26,-0.12,3.01,0.333,0,"-1.135714286",,,"1.135714286",,,,,50,,,,,,,
28,801517,"Giesting, Spencer",123,22.8,0.5,1,0.5,1.5,0.788,,,2,4,101.4,16,2264,91,92.06,6,14,14,1.0999999999999943,7,111,146,116,148,297,322,302,"-1.496","1.496",,,,6,3,0,1,0,1,1,16.7,1,16.7,"2.08","0.68","1.09","0.37","94.2",187,100,33.33333333333333,16.666666666666664,5.21,2.82,0.59,2.3,0.667,1,"5.342857143",,,"-5.342857143",,,,,42.9,,,,,,,
27,669067,"Webb, Ryan",77,35.1,0.5,0.167,0.75,0.667,0.506,,,3,6,92.8,8.3,2065,90.9,91.06,4,14,13,0.19999999999998863,6.35,117,146,117,143,300,323,302,"-0.278","0.278",,,,6,4,2,1,0,0,2,33.3,0,0,"1.84","0.92","1.23","0.53","92.0",126,50,0,0,5.95,1.34,0.36,2.28,0.5,0,"1.02962963",,,"-1.02962963",,,,,28.6,,,,,,,
27,677944,"Cecconi, Slade",259,10.4,0.714,0.429,0.667,1.143,0.8,,,5,7,82.9,7.9,2334,95.1,95.48,1,14,13,0.4000000000000057,6.5,110,149,125,144,301,323,293,"-3.233","3.233",,,,7,7,4,0,0,1,0,0,0,0,"1.67","0.85","1.3","1","91.8",164,42.857142857142854,14.285714285714285,14.285714285714285,5.81,-2.19,-0.18,2.45,0.714,1,"11.974074074",,,"-11.974074074",,,,,7.1,,,,,,,
27,669704,"Strowd, Kade",176,15.3,0.25,0.375,0.167,0.625,0.367,,,2,8,97.2,5.9,2239,95.5,95.3,2,13,14,-0.20000000000000284,6.16,110,150,117,147,307,326,301,"0.426","-0.426",,,,8,7,1,0,0,1,1,12.5,0,0,"1.67","0.83","1.01","0.95","93.8",128,71.42857142857143,14.285714285714285,12.5,5.74,-1.41,0.3,2.14,0.25,1,"-1.577777778",,,"1.577777778",,,,,15.4,,,,,,,
27,547973,"Chapman, Aroldis",114,23.7,0.125,0,0.333,0.125,0.176,,,1,8,99.4,7.3,2415,97.9,99.27,6,16,11,1.3999999999999915,7.07,106,148,125,147,277,309,295,"1.774","-1.774",,,,9,3,1,0,0,0,5,55.6,1,11.1,"1","1.38","0.89","-0.23","92.3",165,66.66666666666666,0,0,6.41,0.31,0.06,2.42,0.222,0,"-6.57037037",,,"6.57037037",,,,,37.5,,,,,,,
27,656638,"Lange, Alex",150,18,0.25,0,0.25,0.25,0.317,,,1,4,92,2.3,2113,95.2,95.26,1,6,21,0.09999999999999432,6.4,104,147,118,145,299,314,292,"-1.28","1.28",,,,5,4,1,0,0,0,0,0,1,20,"1.88","0.64","1.25","1.05","97.1",112,75,0,0,5.81,-2.15,0.15,1.4,0.4,0,"4.740740741",,,"-4.740740741",,,,,16.7,,,,,,,
27,676917,"Cavalli, Cade",186,14.5,0,0,0,0,0,,,0,6,81.4,-12.2,2190,96.1,96.33,2,16,11,0.20000000000000284,6.43,103,146,120,144,297,331,296,"1.945","-1.945",,,,6,6,0,0,0,0,0,0,0,0,"1.79","0.68","1.13","1","91.4",106,33.33333333333333,0,0,6.07,-2.84,-0.36,2.42,0,0,"-7.203703704",,,"7.203703704",,,,,12.5,,,,,,,
27,647336,"Soroka, Michael",230,11.7,0.6,0,0.6,0.6,0.581,,,3,5,99.3,-12.2,2346,94.2,93.45,0,11,16,-0.7999999999999972,5.98,111,149,112,148,303,327,302,"-0.78","0.78",,,,7,5,3,0,0,0,0,0,2,28.6,"2.09","0.49","1.37","0.76","95.7",125,80,0,0,5.53,-2.7,0.17,2.5,0.714,0,"2.888888889",,,"-2.888888889",,,,,0,,,,,,,
27,667463,"King, John",129,20.9,0,0,0,0,0.212,,,0,7,85.6,-23.5,2156,91.8,91.17,6,13,14,-0.5999999999999943,5.89,114,146,117,150,282,313,284,"1.466","-1.466",,,,10,4,0,0,0,0,3,30,2,20,"2.61","0.09","1.1","0.16","88.7",5,0,0,0,5.46,2.06,0.42,2.28,0.3,0,"-5.42962963",,,"5.42962963",,,,,46.2,,,,,,,
27,668873,"Kilian, Caleb",135,20,0.2,0,0.2,0.2,0.178,,,1,5,88.3,15.3,2331,96.6,97.31,3,15,12,0.7000000000000028,6.7,107,151,118,149,315,334,296,"0.849","-0.849",,,,5,5,1,0,0,0,0,0,0,0,"1.55","0.89","1.15","0.82","92.0",59,50,0,0,5.89,-2.34,-0.29,2.05,0.2,0,"-3.144444444",,,"3.144444444",,,,,20,,,,,,,
27,657746,"Ryan, Joe",175,15.4,0.222,0,0.222,0.222,0.198,,,2,9,97.6,3.9,2052,91.5,91.92,0,13,14,0.4000000000000057,6.58,114,150,119,150,292,324,284,"1.01","-1.01",,,,9,9,2,0,0,0,0,0,0,0,"1.98","0.74","1.34","0.93","95.5",153,77.77777777777779,22.22222222222222,22.22222222222222,4.91,-2.42,0.01,2.25,0.222,2,"-3.740740741",,,"3.740740741",,,,,0,,,,,,,
27,660825,"Bazardo, Eduard",42,64.3,0.143,0,0.167,0.143,0.198,,,1,7,91.4,9.5,2157,94.6,94.03,2,14,13,-0.5999999999999943,5.9,110,145,118,144,304,327,300,"0.832","-0.832",,,,8,6,1,0,0,0,1,12.5,1,12.5,"1.82","0.72","1.25","0.48","90.9",168,33.33333333333333,0,0,5.89,-1.73,0.01,2.71,0.25,0,"-3.081481481",,,"3.081481481",,,,,14.3,,,,,,,
27,664076,"Cleavinger, Garrett",85,31.8,0.2,0,0.2,0.2,0.373,,,1,5,90.4,0.4,2444,94.5,93.91,1,11,16,-0.5999999999999943,6.1,104,149,118,148,297,318,293,"0.512","-0.512",,,,8,5,1,0,0,0,0,0,3,37.5,"1.77","0.8","1.37","0.01","91.0",221,20,0,0,5.21,1.2,-0.06,2.56,0.5,0,"-1.896296296",,,"1.896296296",,,,,9.1,,,,,,,
27,822416,"Adams, Cooper",56,48.2,0,0,0,0,0.178,,,0,6,84,-8.7,2075,95.4,94.64,2,11,16,-0.8000000000000114,5.96,113,150,122,149,296,318,291,"0.976","-0.976",,,,8,3,0,0,0,0,3,37.5,1,12.5,"1.79","0.72","1.26","0.3","89.2",164,33.33333333333333,0,0,5.47,-2.16,0.06,2.37,0.25,0,"-3.614814815",,,"3.614814815",,,,,18.2,,,,,,,
27,683618,"Henriquez, Edgardo",115,23.5,0,0,0,0,0.104,,,0,6,84.5,7.7,2303,99.4,99.56,2,14,13,0.19999999999998863,6.44,109,152,122,148,308,325,291,"1.405","-1.405",,,,7,6,0,0,0,0,0,0,0,0,"1.37","0.94","1.28","1.2","93.9",106,33.33333333333333,0,0,5.98,-2.11,-0.41,2.64,0.143,0,"-5.203703704",,,"5.203703704",,,,,14.3,,,,,,,
26,686701,"Bergert, Ryan",210,12.4,0.4,0.2,0.4,0.6,0.48,,,2,5,90.1,-0.4,2297,93.6,93.64,2,12,14,0,6.28,107,150,124,148,303,327,295,"-0.386","0.386",,,,6,5,1,1,0,0,0,0,0,0,"1.6","1","1.23","1.09","93.0",184,40,0,0,5.68,-2.05,-0.3,2.24,0.5,0,"1.484615385",,,"-1.484615385",,,,,16.7,,,,,,,
26,687273,"Mathews, Quinn",203,12.8,0.2,0,0.333,0.2,0.331,,,1,5,71.2,-6.3,2134,94.2,94.53,2,11,15,0.29999999999999716,6.44,107,144,105,150,282,318,283,"0.553","-0.553",,,,7,3,1,0,0,0,2,28.6,1,14.3,"1.37","1.19","1","1","88.8",120,0,0,0,5.54,1.27,0.14,3.08,0.429,0,"-2.126923077",,,"2.126923077",,,,,18.2,,,,,,,
26,680732,"Burke, Sean",269,9.7,0.5,0,1,0.5,0.445,,,2,4,104.8,0,2346,94.8,95.86,2,12,14,1.1000000000000085,6.85,105,151,122,146,305,326,300,"-0.013","0.013",,,,4,2,2,0,0,0,2,50,0,0,"1.28","1.25","1.02","0.94","93.6",67,100,0,0,6.26,-2.21,0,2.44,0.5,0,"0.05",,,"-0.05",,,,,16.7,,,,,,,
26,669310,"Van Eyk, CJ",159,16.4,0.25,0.25,0.333,0.5,0.398,,,1,4,89.9,-4,1876,92,92.1,3,11,15,0.09999999999999432,6.31,109,146,119,143,301,325,280,"-0.575","0.575",,,,5,3,0,1,0,0,1,20,0,0,"2.04","0.65","1.27","1.01","92.5",114,33.33333333333333,0,0,5.32,-1.75,-0.8,2.43,0.4,0,"2.211538462",,,"-2.211538462",,,,,27.3,,,,,,,
26,661527,"Martinez, Seth",145,17.9,0.286,0.429,0.286,0.714,0.407,,,2,7,89.3,8.6,2081,89.8,90.92,3,11,15,1.1000000000000085,6.8,104,148,121,141,288,312,285,"-0.075","0.075",,,,7,7,0,1,1,0,0,0,0,0,"2.75","0.06","1.08","1.08","93.7",140,57.14285714285714,0,0,4.55,-2.31,-0.49,2.06,0.286,0,"0.288461538",,,"-0.288461538",,,,,27.3,,,,,,,
26,680604,"Castaño, Blas",86,30.2,0.429,0.143,0.429,0.571,0.493,,,3,7,99.4,5.3,2075,94.1,92.2,2,10,16,-1.8999999999999915,5.22,112,148,120,143,303,320,295,"-1.24","1.24",,,,9,7,2,1,0,0,0,0,2,22.2,"2.19","0.4","1.27","1.16","100.7",131,71.42857142857143,0,0,5.06,-1.97,-0.55,2.13,0.556,0,"4.769230769",,,"-4.769230769",,,,,20,,,,,,,
26,621111,"Buehler, Walker",271,9.6,0.5,0,0.6,0.5,0.485,,,3,6,93.1,2.8,2073,92.4,92.59,2,13,13,0.19999999999998863,6.38,107,150,127,147,300,326,301,"-0.743","0.743",,,,7,5,3,0,0,0,1,14.3,0,0,"1.76","0.91","1.16","0.78","96.0",66,40,0,0,5.49,-1.26,-0.08,2.22,0.571,0,"2.857692308",,,"-2.857692308",,,,,15.4,,,,,,,
26,669438,"Englert, Mason",124,21,0.143,0,0.143,0.143,0.127,,,1,7,88.6,14.7,2216,92.6,92.5,1,10,16,-0.09999999999999432,6.28,105,150,118,147,293,313,286,"1.444","-1.444",,,,7,7,1,0,0,0,0,0,0,0,"1.62","1.04","1.13","0.4","93.3",206,42.857142857142854,14.285714285714285,14.285714285714285,6.15,-1.39,0.01,2.39,0.143,1,"-5.553846154",,,"5.553846154",,,,,10,,,,,,,
26,682842,"Uribe, Abner",60,43.3,0.167,0,0.167,0.167,0.148,,,1,6,96.2,-6.8,2228,97.5,97.78,0,13,13,0.29999999999999716,6.4,109,148,117,150,291,317,298,"0.391","-0.391",,,,6,6,1,0,0,0,0,0,0,0,"1.75","0.65","1.23","-0.06","92.7",108,83.33333333333334,0,0,5.95,-1.42,-0.14,2.17,0.167,0,"-1.503846154",,,"1.503846154",,,,,0,,,,,,,
26,682087,"Knowles, Antonio",81,32.1,0.333,0.333,0.333,0.667,0.531,,,1,3,97.3,-8,2366,92.5,92.16,1,9,17,-0.29999999999999716,6.16,109,152,117,147,300,323,291,"-0.704","0.704",,,,5,3,0,1,0,0,0,0,2,40,"1.95","0.72","1.25","0.82","93.7",97,66.66666666666666,0,0,5.68,-2.09,-0.09,2.18,0.6,0,"2.707692308",,,"-2.707692308",,,,,11.1,,,,,,,
25,697812,"Rock, Joe",94,26.6,0,0,0,0,0.174,,,0,3,88.7,18.3,2425,92,91.76,1,6,19,-0.20000000000000284,6.43,108,147,113,147,290,328,293,"0.361","-0.361",,,,4,3,0,0,0,0,0,0,1,25,"1.89","0.83","1.34","0.02","88.7",124,0,0,0,5.98,2.21,-0.32,2.07,0.25,0,"-1.444",,,"1.444",,,,,16.7,,,,,,,
25,802372,"Green, Griffin",50,50,0.5,0,0.5,0.5,0.529,,,3,6,98.6,5.2,2095,93.4,93.19,0,8,17,-0.20000000000000284,6.22,106,145,116,150,275,318,310,"-1.765","1.765",,,,9,6,3,0,0,0,0,0,3,33.3,"2.34","0.28","1.25","-0.87","97.3",130,66.66666666666666,0,0,5.32,-2.26,-0.75,2.18,0.667,0,"7.06",,,"-7.06",,,,,0,,,,,,,
25,656271,"Burke, Brock",158,15.8,0.375,0.25,0.375,0.625,0.421,,,3,8,78,0.4,2273,93.4,94.32,0,12,13,0.8999999999999915,6.71,110,140,116,145,286,323,297,"-0.687","0.687",,,,8,8,2,0,1,0,0,0,0,0,"1.67","0.93","1.12","1.12","90.1",81,14.285714285714285,0,0,6.45,1.91,0.43,2.98,0.375,0,"2.748",,,"-2.748",,,,,0,,,,,,,
25,681982,"Anderson, Grant",111,22.5,0,0,0,0,0.178,,,0,6,88.9,23.6,1956,91.8,92.15,3,11,14,0.29999999999999716,6.56,107,149,119,148,298,321,293,"1.374","-1.374",,,,8,5,0,0,0,0,1,12.5,1,12.5,"2.54","0.17","1.39","0.85","92.4",138,20,0,0,4.51,-2.17,-0.38,2.5,0.25,0,"-5.496",,,"5.496",,,,,27.3,,,,,,,
25,806337,"Whorff, Jarret",38,65.8,0.25,0.25,0.333,0.5,0.391,,,1,4,87.4,24.7,2222,95,94.99,2,15,10,0,6.49,113,146,121,145,288,319,271,"-0.007","0.007",,,,5,3,0,1,0,0,1,20,1,20,"1.36","1.19","0.63","0.21","90.7",194,33.33333333333333,0,0,5.78,-1.39,0.16,2.47,0.4,0,"0.028",,,"-0.028",,,,,13.3,,,,,,,
25,702193,"Morris, Andrew",160,15.6,0.4,0,0.4,0.4,0.413,,,2,5,99.5,0.8,1907,94.5,94.47,1,11,14,0,6.17,103,143,115,139,302,316,272,"-0.875","0.875",,,,7,5,2,0,0,0,0,0,1,14.3,"1.23","1.32","0.9","0.81","93.8",162,66.66666666666666,0,0,6.59,-1.43,-0.05,2.72,0.5,0,"3.5",,,"-3.5",,,,,9.1,,,,,,,
24,682610,"Muñoz, Roddery",165,14.5,0.667,0.111,0.75,0.778,0.634,,,6,9,90.2,-4.6,2305,94.9,94.36,3,13,11,-0.5,6.04,109,143,113,141,299,323,296,"-2.08","2.08",,,,9,8,5,1,0,0,1,11.1,0,0,"2","0.54","1.27","0.4","97.6",121,50,0,0,5.61,-1.84,-0.33,2.25,0.667,0,"8.666666667",,,"-8.666666667",,,,,23.1,,,,,,,
24,695534,"Petty, Chase",64,37.5,0.167,0,0.167,0.167,0.148,,,1,6,93.5,18.8,2101,95.6,95.7,1,16,8,0.10000000000000853,6.28,103,147,121,147,292,314,290,"1.183","-1.183",,,,6,6,1,0,0,0,0,0,0,0,"1.61","0.88","1.27","0.42","93.1",151,50,0,0,5.47,-1.89,-0.32,2.41,0.167,0,"-4.929166667",,,"4.929166667",,,,,6.3,,,,,,,
24,667297,"Nance, Tommy",94,25.5,0.857,0.429,0.857,1.286,0.916,,,6,7,99,4.4,2281,93.9,93.89,1,11,13,0,6.17,107,146,121,147,293,331,295,"-3.574","3.574",,,,7,7,4,1,1,0,0,0,0,0,"1.79","0.79","1.28","-0.38","96.4",171,71.42857142857143,0,0,6.3,-1.13,-0.29,2.39,0.857,0,"14.891666667",,,"-14.891666667",,,,,9.1,,,,,,,
24,660271,"Ohtani, Shohei",147,16.3,0.333,0,0.4,0.333,0.358,,,2,6,81.5,12.8,2122,95.3,96.07,4,12,12,0.7999999999999972,6.71,105,153,120,147,300,316,299,"0.179","-0.179",,,,7,5,2,0,0,0,1,14.3,0,0,"2.01","0.5","1.19","1.11","89.3",138,20,0,0,5.58,-2.02,-0.45,1.85,0.429,0,"-0.745833333",,,"0.745833333",,,,,33.3,,,,,,,
24,543135,"Eovaldi, Nathan",257,9.3,0.182,0,0.2,0.182,0.162,,,2,11,80.4,-11.6,2098,94.1,94.94,1,15,9,0.8000000000000114,6.75,100,150,116,146,309,316,302,"1.856","-1.856",,,,11,10,2,0,0,0,1,9.1,0,0,"1.75","0.82","1.31","1.31","92.5",101,33.33333333333333,0,0,5.61,-2.24,-0.12,2.49,0.182,0,"-7.733333333",,,"7.733333333",,,,,6.7,,,,,,,
24,700675,"Kingsbury, Jimmy",86,27.9,0.5,0,0.4,0.5,0.356,,,2,4,87.9,-6,2106,90.8,90.22,0,10,14,-0.5999999999999943,5.99,112,144,116,140,296,318,292,"0.264","-0.264",,,,5,5,2,0,0,0,0,0,0,0,"2.66","0.11","1.31","0.99","89.6",149,25,0,0,4.89,-0.93,-0.05,2.18,0.4,0,"-1.1",,,"1.1",,,,,0,,,,,,,
24,682769,"Castellano, Eiberson",137,17.5,0.25,0.125,0.25,0.375,0.32,,,2,8,89.5,4.8,2396,95,95,1,12,12,0,6.4,106,148,113,143,302,318,291,"0.29","-0.29",,,,9,8,1,1,0,0,0,0,0,0,"1.79","0.75","1.24","0.93","92.5",159,50,12.5,11.11111111111111,5.81,-1.63,-0.24,2.14,0.333,1,"-1.208333333",,,"1.208333333",,,,,8.3,,,,,,,
24,813609,"Lumpkin, Reese",47,51.1,0.5,0,0.5,0.5,0.529,,,1,2,98,-22.5,2053,92.5,92.53,2,8,16,0,6.44,106,148,118,144,297,322,299,"0.059","-0.059",,,,3,2,1,0,0,0,0,0,1,33.3,"2.38","0.29","1.32","0.75","91.5",101,50,0,0,5.29,-2.4,0.21,2.63,0.667,0,"-0.245833333",,,"0.245833333",,,,,25,,,,,,,
24,683177,"Southard, Jared",71,33.8,0.375,0.25,0.5,0.625,0.426,,,3,8,91.9,-15.2,2120,96.3,96.31,1,12,12,0,6.28,110,149,115,147,301,323,301,"-0.974","0.974",,,,8,6,1,2,0,0,2,25,0,0,"2.03","0.42","1.18","0.68","92.2",156,33.33333333333333,16.666666666666664,12.5,5.84,-1.74,-0.14,2.22,0.375,1,"4.058333333",,,"-4.058333333",,,,,8.3,,,,,,,
24,670912,"Oviedo, Johan",260,9.2,0,0,0,0,0.087,,,0,7,78.2,-11.5,2208,93.4,94.93,3,14,10,1.5,7.2,100,147,120,142,280,307,298,"1.942","-1.942",,,,8,6,0,0,0,0,1,12.5,1,12.5,"2.05","0.57","0.87","0.84","90.0",90,16.666666666666664,0,0,5.34,-3.15,-0.23,1.94,0.125,0,"-8.091666667",,,"8.091666667",,,,,21.4,,,,,,,
24,676477,"Whitlock, Garrett",41,58.5,0.125,0,0.167,0.125,0.111,,,1,8,89.7,13,2123,94,95.48,3,11,13,1.5,7.22,115,151,124,150,282,310,303,"1.297","-1.297",,,,8,6,1,0,0,0,2,25,0,0,"1.29","1.3","1.05","-0.16","92.1",161,16.666666666666664,0,0,6.01,-1.07,0.2,2.75,0.125,0,"-5.404166667",,,"5.404166667",,,,,27.3,,,,,,,
24,641656,"Hamilton, Ian",46,52.2,0.25,0,0.25,0.25,0.317,,,1,4,92.9,8.8,2153,91.1,89.35,1,15,9,-1.6999999999999886,5.52,109,147,120,148,305,323,294,"0.241","-0.241",,,,5,4,1,0,0,0,0,0,1,20,"1.87","0.91","1.57","0.66","92.1",123,50,0,0,5.82,-2.63,-0.31,2.55,0.4,0,"-1.004166667",,,"1.004166667",,,,,6.7,,,,,,,
24,681810,"Warren, Austin",84,28.6,0,0,0,0,0.14,,,0,4,86.9,-15,2231,94.4,94.39,0,9,15,0,6.42,109,148,120,148,291,318,283,"0.751","-0.751",,,,5,3,0,0,0,0,1,20,1,20,"1.99","0.58","1.51","0.49","89.4",136,0,0,0,4.87,-2.48,0.56,2.09,0.2,0,"-3.129166667",,,"3.129166667",,,,,0,,,,,,,
23,687721,"Weston, Cameron",80,28.7,0,0,0,0,0.174,,,0,3,105.5,0.3,2127,91.6,91.24,1,7,16,-0.3999999999999915,6.04,119,148,120,149,309,325,294,"0.778","-0.778",,,,4,3,0,0,0,0,0,0,1,25,"2.31","0.41","1.49","-0.48","97.2",152,100,33.33333333333333,25,4.94,-1.24,0.09,2.63,0.25,1,"-3.382608696",,,"3.382608696",,,,,14.3,,,,,,,
23,693739,"Alberto, Alexander",136,16.9,0.333,0,0.333,0.333,0.296,,,1,3,84.4,-17.3,2287,97.2,98.66,2,9,14,1.5,6.93,107,146,116,145,295,329,297,"-0.325","0.325",,,,3,3,1,0,0,0,0,0,0,0,"1.97","0.43","0.92","0.32","89.3",65,33.33333333333333,0,0,5.79,-2.11,0.11,1.76,0.333,0,"1.413043478",,,"-1.413043478",,,,,22.2,,,,,,,
23,666374,"Brash, Matt",73,31.5,0,0,0,0,0.174,,,0,6,90.8,9.8,2155,96,96.19,0,6,17,0.20000000000000284,6.43,110,145,118,149,294,318,295,"0.397","-0.397",,,,8,6,0,0,0,0,0,0,2,25,"1.83","0.65","1.34","-0.29","94.2",166,33.33333333333333,0,0,5.59,-2.25,-0.13,3.51,0.25,0,"-1.726086957",,,"1.726086957",,,,,0,,,,,,,
23,621121,"McCullers Jr., Lance",118,19.5,0.4,0.6,0.25,1,0.619,,,2,5,89.4,2.2,2085,92.7,92.13,2,9,14,-0.6000000000000085,6.12,107,151,116,148,297,321,286,"-1.193","1.193",,,,7,5,1,0,0,1,0,0,2,28.6,"2.08","0.59","1.31","1.11","94.6",148,40,20,14.285714285714285,5.38,-1.21,-0.04,2.01,0.571,1,"5.186956522",,,"-5.186956522",,,,,22.2,,,,,,,
23,679489,"LaPorte, Tyler",54,42.6,0.286,0.571,0.25,0.857,0.472,,,2,7,97.6,10,2275,94.3,93.4,3,14,9,-0.8999999999999915,5.72,114,150,119,150,300,320,294,"-0.219","0.219",,,,7,5,0,1,0,1,2,28.6,0,0,"1.99","0.57","1.09","0.4","97.9",247,60,20,14.285714285714285,5.75,-2.31,0.27,2.2,0.286,1,"0.952173913",,,"-0.952173913",,,,,21.4,,,,,,,
23,680742,"Bowlan, Jonathan",126,18.3,0,0,0,0,0.087,,,0,7,85,19.4,2142,96.3,96.76,2,12,11,0.5,6.51,110,148,118,147,288,309,281,"2.196","-2.196",,,,8,5,0,0,0,0,2,25,1,12.5,"1.34","1.11","1.14","0.75","92.4",178,60,0,0,6.33,-2.55,-0.38,2.54,0.125,0,"-9.547826087",,,"9.547826087",,,,,16.7,,,,,,,
23,685329,"Peña, Carlos",52,44.2,0.2,0,0.333,0.2,0.178,,,1,5,93.7,30.3,2141,91.4,91.75,1,10,13,0.3999999999999915,6.57,110,148,116,152,282,330,288,"1.023","-1.023",,,,5,3,1,0,0,0,2,40,0,0,"1.57","1.17","1.06","0.67","91.9",165,66.66666666666666,0,0,5.28,2.1,0.34,2.54,0.2,0,"-4.447826087",,,"4.447826087",,,,,10,,,,,,,
23,811139,"Santana, Sandro",36,63.9,0,0,0,0,0.465,,,0,1,105.7,0,2433,95.2,93.62,2,7,16,-1.6000000000000085,5.52,106,148,128,152,301,330,292,"-0.406","0.406",,,,3,1,0,0,0,0,0,0,2,66.7,"1.46","1.07","1","0.4","92.3",137,100,0,0,4.91,3.01,-0.07,2.32,0.667,0,"1.765217391",,,"-1.765217391",,,,,28.6,,,,,,,
23,621366,"Borucki, Ryan",67,34.3,0.167,0,0.167,0.167,0.148,,,1,6,92.4,13.2,2193,94.2,94.25,2,11,12,0.09999999999999432,6.29,111,149,118,148,300,329,299,"1.045","-1.045",,,,6,6,1,0,0,0,0,0,0,0,"1.9","0.67","1.41","-0.38","92.8",121,33.33333333333333,0,0,5.9,1.28,0.41,2.53,0.167,0,"-4.543478261",,,"4.543478261",,,,,18.2,,,,,,,
23,623211,"Brazobán, Huascar",45,51.1,0.2,0,0.25,0.2,0.265,,,1,5,80.6,3.8,2295,95.4,94.44,2,10,13,-1,5.86,112,150,119,148,291,318,272,"0.812","-0.812",,,,6,4,1,0,0,0,1,16.7,1,16.7,"1.92","0.59","1.47","1.06","89.9",72,0,0,0,5.87,-1.61,-0.15,2.14,0.333,0,"-3.530434783",,,"3.530434783",,,,,20,,,,,,,
23,807744,"Cummings, Ty",40,57.5,0.5,0,0.5,0.5,0.481,,,3,6,94.9,-1,2292,94.6,93.14,1,9,14,-1.5,5.57,103,148,119,144,304,334,290,"-0.337","0.337",,,,7,6,3,0,0,0,0,0,1,14.3,"1.94","0.62","1.36","0.06","94.8",101,50,0,0,5.33,-1.48,-0.36,2.54,0.571,0,"1.465217391",,,"-1.465217391",,,,,11.1,,,,,,,
23,691014,"Savino, Nate",41,56.1,0.556,0,0.714,0.556,0.514,,,5,9,93.3,-1.1,1766,91.3,91.6,1,12,11,0.29999999999999716,6.39,110,150,122,149,302,325,306,"-1.273","1.273",,,,10,7,5,0,0,0,2,20,1,10,"2.12","0.61","1.13","0.12","95.5",121,42.857142857142854,0,0,5.98,1.47,-0.07,2.27,0.6,0,"5.534782609",,,"-5.534782609",,,,,8.3,,,,,,,
23,622608,"Senzatela, Antonio",107,21.5,0,0,0,0,0.174,,,0,3,102.2,-1.3,2193,95.4,95.3,2,9,14,-0.10000000000000853,6.1,111,153,120,149,309,320,301,"1.019","-1.019",,,,4,3,0,0,0,0,0,0,1,25,"1.94","0.56","1.02","0.94","95.5",119,66.66666666666666,0,0,5.98,-2.26,0.06,2.2,0.25,0,"-4.430434783",,,"4.430434783",,,,,22.2,,,,,,,
23,682120,"Herrin, Tim",144,16,0.333,0,0.4,0.333,0.296,,,2,6,80.3,-25.8,2270,93.3,93.28,2,13,10,0,6.39,119,148,119,151,301,323,299,"0.523","-0.523",,,,6,5,2,0,0,0,1,16.7,0,0,"1.99","0.64","1.15","0.94","88.4",69,0,0,0,5.86,2.09,0.24,2.03,0.333,0,"-2.273913043",,,"2.273913043",,,,,15.4,,,,,,,
23,663738,"Lynch IV, Daniel",162,14.2,0,0,0,0,0.233,,,0,2,93.2,6,2186,94,93.85,2,8,15,-0.20000000000000284,6.23,120,147,130,151,296,320,301,"0.444","-0.444",,,,3,1,0,0,0,0,1,33.3,1,33.3,"1.69","0.89","1.25","1.25","90.8",36,0,0,0,6.07,1.69,0.29,2.04,0.333,0,"-1.930434783",,,"1.930434783",,,,,25,,,,,,,
23,663362,"Waldron, Matt",115,20,0.2,0,0.333,0.2,0.265,,,1,5,84.8,1.3,2069,92.9,93.2,1,7,16,0.29999999999999716,6.54,101,150,124,148,298,320,294,"0.692","-0.692",,,,6,3,1,0,0,0,2,33.3,1,16.7,"1.8","0.84","1.22","0.56","88.0",140,0,0,0,5.65,-0.95,0.28,2.4,0.333,0,"-3.008695652",,,"3.008695652",,,,,14.3,,,,,,,
23,672277,"Carlson, Sam",97,23.7,0.4,0,0.5,0.4,0.356,,,2,5,82.3,5,2164,90.6,92.05,2,8,15,1.5,7.19,108,150,120,148,298,322,299,"-1.149","1.149",,,,5,4,2,0,0,0,1,20,0,0,"1.78","1.02","1.22","0.34","89.1",110,0,0,0,5.21,-2.77,0.13,2.62,0.4,0,"4.995652174",,,"-4.995652174",,,,,25,,,,,,,
22,573009,"Mantiply, Joe",51,43.1,0.5,0.75,0.333,1.25,0.726,,,2,4,99.3,-3.3,2147,88.3,87.83,0,9,13,-0.5,6.11,103,144,122,145,289,322,288,"-1.842","1.842",,,,5,4,1,0,0,1,0,0,1,20,"2.65","0.29","1.53","0.06","94.5",76,75,25,20,5.37,3.14,0.31,2.22,0.6,1,"8.372727273",,,"-8.372727273",,,,,0,,,,,,,
22,621016,"Cuas, Jose",153,14.4,0.5,0.75,0.333,1.25,0.718,,,2,4,97.8,-2.2,2406,91.8,91.7,0,6,16,-0.09999999999999432,6.38,105,150,121,145,296,318,296,"-1.533","1.533",,,,7,4,1,0,0,1,0,0,3,42.9,"2.58","0.14","1.36","1.25","95.0",126,75,25,14.285714285714285,4.04,-4.18,-0.55,2.11,0.714,1,"6.968181818",,,"-6.968181818",,,,,0,,,,,,,
22,806188,"Gibson, Cade",180,12.2,0.333,0,0.333,0.333,0.397,,,1,3,100.1,-6.3,2355,91.6,90.99,1,9,13,-0.5999999999999943,5.95,109,145,117,148,284,317,295,"0.501","-0.501",,,,4,3,1,0,0,0,0,0,1,25,"2.2","0.52","1.16","0.54","95.7",169,100,0,0,5.78,2.31,0.06,2.37,0.5,0,"-2.277272727",,,"2.277272727",,,,,11.1,,,,,,,
22,682044,"Boyle, Sean",39,56.4,0,0,0,0,0.1,,,0,6,82.1,8.8,2267,89.8,89.89,1,9,13,0.10000000000000853,6.55,117,148,122,152,286,319,305,"1.491","-1.491",,,,7,5,0,0,0,0,1,14.3,1,14.3,"2.65","0.2","1.34","-0.42","93.0",63,40,0,0,5.24,-3.02,0.03,2,0.143,0,"-6.777272727",,,"6.777272727",,,,,11.1,,,,,,,
22,676130,"Buttó, José",56,39.3,0,0,0,0,0,,,0,4,92.6,27.4,2249,94,93.89,0,10,12,-0.09999999999999432,6.13,106,150,116,148,305,321,302,"1.474","-1.474",,,,5,5,0,0,0,0,0,0,0,0,"1.62","0.95","1.2","0.39","96.8",194,80,0,0,5.55,-2.09,0.05,2.17,0,0,"-6.7",,,"6.7",,,,,0,,,,,,,
22,701240,"Routzahn, Ethan",47,46.8,0.667,0.5,0.5,1.167,0.676,,,4,6,89,12.1,2008,91.6,91.59,0,12,10,0,6.28,112,150,118,149,302,321,290,"-2.649","2.649",,,,8,7,3,0,0,1,0,0,1,12.5,"2.97","-0.25","1.22","0.3","91.4",145,42.857142857142854,28.57142857142857,25,4.44,-2.51,-0.33,2.36,0.625,2,"12.040909091",,,"-12.040909091",,,,,0,,,,,,,
22,696263,"Thornton, Tyler",61,36.1,0,0,,0,0.233,,,0,2,,,2351,94.4,94.54,5,7,15,0.09999999999999432,6.59,107,141,117,137,305,319,298,"0.216","-0.216",,,,3,0,0,0,0,0,2,66.7,1,33.3,"1.37","1.21","1.06","0.63","88.0",119,,,,4.71,-1.56,0.23,2.59,0.333,,"-0.981818182",,,"0.981818182",,,,,71.4,,,,,,,
22,676510,"Hoffman, Nolan",111,19.8,0.2,0.2,0.2,0.4,0.252,,,1,5,93,-6.8,2369,93.9,93.82,0,8,14,-0.10000000000000853,6.39,108,153,119,147,285,318,284,"0.38","-0.38",,,,5,5,0,1,0,0,0,0,0,0,"2.4","0.2","1.63","1.04","94.2",118,60,0,0,4.13,-2.32,-0.01,2.03,0.2,0,"-1.727272727",,,"1.727272727",,,,,0,,,,,,,
22,702065,"Rozek, Aaron",63,34.9,0.333,0,0.333,0.333,0.296,,,2,6,88.7,-18,2139,89,87.87,1,13,9,-1.0999999999999943,5.82,114,150,121,151,289,311,279,"0.355","-0.355",,,,6,6,2,0,0,0,0,0,0,0,"2.73","0.18","1.43","-0.06","91.4",39,33.33333333333333,0,0,5.35,3.94,0.07,2.13,0.333,0,"-1.613636364",,,"1.613636364",,,,,7.7,,,,,,,
22,801139,"Tolle, Payton",155,14.2,0.5,0.25,1,0.75,0.576,,,2,4,83.2,21.5,2270,96.1,98.15,2,12,10,2.1000000000000085,7.55,109,141,117,144,274,309,295,"-0.811","0.811",,,,5,2,1,1,0,0,2,40,0,0,"1.6","0.88","1.33","1.33","89.3",79,50,0,0,5.61,2.58,0.6,2.2,0.6,0,"3.686363636",,,"-3.686363636",,,,,16.7,,,,,,,
22,807718,"Driver, Jay",57,38.6,0.25,0,0.25,0.25,0.222,,,1,4,88,-10.8,2355,91.8,92.29,2,13,9,0.5,6.62,111,139,126,143,293,318,297,"0.53","-0.53",,,,4,4,1,0,0,0,0,0,0,0,"2.15","0.56","0.86","-0.33","92.0",153,50,25,25,4.26,-3.4,-0.47,2.55,0.25,1,"-2.409090909",,,"2.409090909",,,,,15.4,,,,,,,
22,670990,"Ramírez, Yohan",115,19.1,0.111,0,0.111,0.111,0.099,,,1,9,80.1,-23.9,2247,96.6,97.12,5,16,6,0.5,6.77,113,153,122,150,294,315,281,"2.095","-2.095",,,,9,9,1,0,0,0,0,0,0,0,"1.91","0.55","1.46","1.46","91.0",56,11.11111111111111,0,0,5.08,-3.1,-0.34,2.23,0.111,0,"-9.522727273",,,"9.522727273",,,,,31.3,,,,,,,
22,664123,"Effross, Scott",60,36.7,0.286,0.143,0.286,0.429,0.394,,,2,7,85.9,4,2259,89.9,88.96,0,9,13,-0.9000000000000057,5.86,110,149,122,145,288,323,281,"-0.519","0.519",,,,9,7,1,1,0,0,0,0,2,22.2,"3.03","-0.19","1.57","1.16","93.8",102,42.857142857142854,14.285714285714285,11.11111111111111,4.01,-4.03,-0.12,2.58,0.444,1,"2.359090909",,,"-2.359090909",,,,,0,,,,,,,
22,676571,"Poulin, PJ",110,20,0.25,0,0.5,0.25,0.426,,,1,4,99.6,17,2125,89.7,89.5,1,4,18,-0.20000000000000284,6.37,113,149,123,152,291,317,297,"-0.165","0.165",,,,7,2,1,0,0,0,2,28.6,3,42.9,"2.7","0.15","1.41","1.31","99.6",220,100,0,0,4.36,2.27,-0.01,1.81,0.571,0,"0.75",,,"-0.75",,,,,25,,,,,,,
22,688642,"Agnos, Zach",142,15.5,0.455,0.273,0.444,0.727,0.467,,,5,11,83,13.8,2246,94,93.52,2,15,7,-0.5,6.02,101,151,116,146,301,317,299,"-2.502","2.502",,,,12,10,4,0,0,1,2,16.7,0,0,"1.8","0.78","1.26","1.26","92.8",150,30,10,8.333333333333332,5.78,-1.76,-0.75,2.37,0.417,1,"11.372727273",,,"-11.372727273",,,,,13.3,,,,,,,
21,687765,"Spence, Mitch",108,19.4,0.5,0.25,0.667,0.75,0.601,,,2,4,101.9,12,2330,94.1,93.35,0,4,17,-0.7999999999999972,5.9,108,150,125,146,299,319,294,"-1.778","1.778",,,,6,3,1,1,0,0,1,16.7,0,0,"1.94","0.63","1.08","0.52","98.4",205,100,0,0,5.99,-2.29,-1.15,2.17,0.667,0,"8.466666667",,,"-8.466666667",,,,,0,,,,,,,
21,656302,"Cease, Dylan",170,12.4,0,0,0,0,0,,,0,6,73.1,-19.5,2358,96.6,96.84,2,9,12,0.20000000000000284,6.37,107,149,122,148,321,324,292,"0.284","-0.284",,,,6,4,0,0,0,0,2,33.3,0,0,"1.34","1.1","0.94","0.14","89.8",54,0,0,0,6.31,-1.55,0.18,2.5,0,0,"-1.352380952",,,"1.352380952",,,,,22.2,,,,,,,
21,693645,"Schlittler, Cam",147,14.3,0.2,0,0.25,0.2,0.265,,,1,5,75.3,-42.8,2237,98.1,98.51,1,9,12,0.4000000000000057,6.58,119,151,123,150,283,325,291,"-0.106","0.106",,,,6,4,1,0,0,0,1,16.7,1,16.7,"1.43","0.94","1.14","0.26","88.0",91,0,0,0,6.34,-1.58,-0.27,2.2,0.333,0,"0.504761905",,,"-0.504761905",,,,,11.1,,,,,,,
21,814541,"Gallegos, Isaac",58,36.2,0.6,0.4,0.6,1,0.684,,,3,5,91,10.8,2422,92.1,91.39,4,12,9,-0.6999999999999886,5.87,111,144,121,144,305,317,292,"-1.472","1.472",,,,6,5,1,2,0,0,0,0,1,16.7,"2.02","0.67","1.38","1.02","95.1",131,40,0,0,5.79,-1.29,-0.25,1.85,0.667,0,"7.00952381",,,"-7.00952381",,,,,33.3,,,,,,,
21,646241,"De Jesus, Enmanuel",134,15.7,0.167,0,0.2,0.167,0.148,,,1,6,96.5,12.6,2311,93.4,92.65,6,14,7,-0.7000000000000028,5.88,113,149,117,147,288,318,292,"1.354","-1.354",,,,6,5,1,0,0,0,1,16.7,0,0,"1.53","1.09","1.16","0.07","96.1",185,60,20,16.666666666666664,6.06,2.74,0.18,2.27,0.167,1,"-6.447619048",,,"6.447619048",,,,,42.9,,,,,,,
21,814291,"Wosinski, Jacob",30,70,,,,,0.698,,,0,0,,,2061,93.7,94.68,1,10,11,1,7,115,143,119,144,295,318,287,"-0.413","0.413",,,,2,0,0,0,0,0,0,0,2,100,"1.63","0.98","1.14","-0.28","89.2",83,,,,5.49,-1.2,-0.27,2.03,1,,"1.966666667",,,"-1.966666667",,,,,10,,,,,,,
21,621381,"Strahm, Matt",123,17.1,0.167,0,0.167,0.167,0.227,,,1,6,93.2,6,2504,91.3,90.78,0,8,13,-0.5,6.11,111,146,116,151,294,318,297,"0.698","-0.698",,,,7,6,1,0,0,0,0,0,1,14.3,"1.72","1.03","1.36","1.12","96.1",75,50,0,0,5.22,3.11,0.17,2.25,0.286,0,"-3.323809524",,,"3.323809524",,,,,0,,,,,,,
21,663978,"Paddack, Chris",200,10.5,0,0,0,0,0.081,,,0,8,88.7,9.5,2062,93.1,94.16,0,16,5,1.1000000000000085,6.85,101,148,118,142,298,317,280,"1.776","-1.776",,,,9,8,0,0,0,0,0,0,0,0,"1.43","1.19","1.13","1.13","92.0",115,50,0,0,6.1,-2.19,-0.66,2.88,0.111,0,"-8.457142857",,,"8.457142857",,,,,0,,,,,,,
21,664129,"Hartlieb, Geoff",108,19.4,0.333,0,0.333,0.333,0.405,,,1,3,91.2,-2.7,2357,93.9,93.73,2,8,13,-0.20000000000000284,6.11,104,152,118,147,301,317,287,"-0.761","0.761",,,,4,3,1,0,0,0,0,0,0,0,"1.95","0.63","1.24","1.11","91.1",77,33.33333333333333,0,0,6.1,-2.7,-0.26,2.03,0.5,0,"3.623809524",,,"-3.623809524",,,,,25,,,,,,,
21,680744,"Madden, Ty",81,25.9,0,0,0,0,0,,,0,4,95.3,25,2270,92.2,91.48,1,7,14,-0.7000000000000028,5.87,99,147,118,145,283,320,294,"0.781","-0.781",,,,4,3,0,0,0,0,1,25,0,0,"1.73","0.96","1.27","0.8","92.1",123,66.66666666666666,0,0,6.1,-1.26,-0.05,2.45,0,0,"-3.719047619",,,"3.719047619",,,,,14.3,,,,,,,
21,669684,"Murphy, Chris",176,11.9,0.167,0.5,0,0.667,0.341,,,1,6,87.6,-5.5,2258,92.9,92.9,1,12,9,0,6.3,106,143,115,150,293,331,301,"0.651","-0.651",,,,6,6,0,0,0,1,0,0,0,0,"1.7","0.94","1.08","0.9","91.3",130,33.33333333333333,16.666666666666664,16.666666666666664,5.46,1.87,0.05,2.22,0.167,1,"-3.1",,,"3.1",,,,,8.3,,,,,,,
21,663681,"Bayless, Jarod",81,25.9,0.5,0,0.6,0.5,0.508,,,3,6,84.9,21.2,2055,90.7,91.35,2,7,14,0.7000000000000028,6.74,106,147,116,147,293,310,285,"-1.074","1.074",,,,8,5,3,0,0,0,1,12.5,2,25,"2.43","0.35","1.32","0.94","97.9",189,60,20,12.5,4.29,-3.12,-0.23,2.53,0.625,1,"5.114285714",,,"-5.114285714",,,,,28.6,,,,,,,
20,663559,"Falter, Bailey",148,13.5,0.6,0.2,0.75,0.8,0.608,,,3,5,81.4,20.5,2027,92.9,94.78,1,11,9,1.8999999999999915,7.23,118,149,126,151,292,314,293,"-1.239","1.239",,,,5,4,2,1,0,0,1,20,0,0,"1.2","1.43","0.58","0.18","92.1",174,50,25,20,5.75,1.54,0.01,3.16,0.6,1,"6.195",,,"-6.195",,,,,9.1,,,,,,,
20,689379,"Anderson, Aidan",95,21.1,0.2,0,0.25,0.2,0.265,,,1,5,93.6,21.8,2168,90.1,89.12,2,9,11,-1,5.78,110,151,122,148,303,319,305,"0.668","-0.668",,,,6,4,1,0,0,0,1,16.7,1,16.7,"2.72","0.09","1.29","1.01","92.3",184,50,0,0,4.5,-2.38,-0.12,2.21,0.333,0,"-3.34",,,"3.34",,,,,22.2,,,,,,,
20,674681,"Plassmeyer, Michael",82,24.4,0.429,0,0.6,0.429,0.381,,,3,7,89.1,3.8,2218,88.7,88.69,2,8,12,0,6.2,106,143,115,144,288,323,301,"0.075","-0.075",,,,7,5,3,0,0,0,2,28.6,0,0,"2.34","0.55","1.21","0.27","92.5",184,20,0,0,5.21,3.4,-0.24,1.98,0.429,0,"-0.375",,,"0.375",,,,,25,,,,,,,
20,608334,"Fulmer, Carson",86,23.3,0.25,0.375,0.167,0.625,0.367,,,2,8,87.5,26.3,2169,90.2,89.23,0,11,9,-1,6.06,115,152,120,150,284,310,284,"-1.372","1.372",,,,8,7,1,0,0,1,1,12.5,0,0,"2.19","0.65","1.18","0.65","92.5",187,28.57142857142857,14.285714285714285,12.5,5.69,-2.28,-0.11,2.48,0.25,1,"6.86",,,"-6.86",,,,,0,,,,,,,
20,689337,"Bowman, Kaleb",56,35.7,0.143,0.143,0.167,0.286,0.18,,,1,7,91.9,5.3,2183,91.5,91.04,1,11,9,-0.5,6.06,113,149,119,148,306,327,291,"-0.096","0.096",,,,7,6,0,1,0,0,1,14.3,0,0,"2.07","0.66","1.29","0.84","93.1",180,50,0,0,4.67,-3.21,-0.37,2.72,0.143,0,"0.48",,,"-0.48",,,,,9.1,,,,,,,
20,700413,"Uberstine, Tyler",138,14.5,0.6,0.8,0.4,1.4,0.699,,,3,5,97.6,21.7,2213,92.4,92.08,0,8,12,-0.30000000000001137,6.21,108,149,121,148,305,315,279,"-4.075","4.075",,,,7,6,1,1,0,1,0,0,1,14.3,"2","0.69","1.46","1.31","96.6",193,83.33333333333334,16.666666666666664,14.285714285714285,5.14,-1.67,-0.11,2.09,0.571,1,"20.375",,,"-20.375",,,,,0,,,,,,,
20,678022,"Perkins, Jack",182,11,0,0,0,0,0.279,,,0,3,97.1,-15.5,2171,95.1,94.9,2,9,11,-0.19999999999998863,6.19,105,151,118,145,292,307,287,"0.739","-0.739",,,,5,2,0,0,0,0,1,20,2,40,"1.75","0.77","1.26","1.14","91.6",158,50,0,0,5.53,-1.81,-0.04,2.23,0.4,0,"-3.695",,,"3.695",,,,,22.2,,,,,,,
20,676050,"Naughton, Packy",81,24.7,0.333,0.5,0.2,0.833,0.489,,,2,6,94.7,-4.2,1903,92.3,92.11,2,11,9,-0.20000000000000284,6.2,110,149,117,148,288,319,286,"-0.727","0.727",,,,6,6,1,0,0,1,0,0,0,0,"1.74","0.94","1.27","-0.26","94.4",110,66.66666666666666,16.666666666666664,16.666666666666664,5.72,2.41,0.33,2.4,0.333,1,"3.635",,,"-3.635",,,,,18.2,,,,,,,
20,680970,"Pérez, Andrew",75,26.7,0.286,0.143,0.333,0.429,0.356,,,2,7,89.6,16,1993,92.5,92.43,1,10,10,-0.09999999999999432,6.36,116,150,126,148,294,315,296,"-0.096","0.096",,,,8,6,1,1,0,0,1,12.5,1,12.5,"1.88","0.8","1.31","-0.11","91.5",158,16.666666666666664,0,0,6.02,3.05,0.44,2.53,0.375,0,"0.48",,,"-0.48",,,,,10,,,,,,,
20,702130,"Watson, Danny",40,50,0.25,0,0.333,0.25,0.222,,,1,4,91.3,12.7,2211,91.7,91.28,3,12,8,-0.4000000000000057,6.09,109,152,121,150,288,310,271,"0.128","-0.128",,,,4,3,1,0,0,0,1,25,0,0,"1.83","0.89","0.47","0.18","89.3",201,0,0,0,4.76,-3.55,-0.76,2.98,0.25,0,"-0.64",,,"0.64",,,,,25,,,,,,,
20,811310,"Belgrave, Nigel",118,16.9,0,0,0,0,0.182,,,0,2,88.6,17,2387,93.4,93.39,1,6,14,0,6.33,101,144,113,137,279,300,282,"0.334","-0.334",,,,4,3,0,0,0,0,0,0,0,0,"1.97","0.66","1.05","0.68","90.4",192,33.33333333333333,0,0,5.71,-3.12,0.17,2.23,0.25,0,"-1.67",,,"1.67",,,,,16.7,,,,,,,
20,676680,"Cosgrove, Tom",109,18.3,0,0,0,0,0.182,,,0,3,90.6,17.7,2440,89.3,88.2,2,10,10,-1.0999999999999943,5.66,110,148,121,148,295,320,293,"0.531","-0.531",,,,4,3,0,0,0,0,0,0,0,0,"2.4","0.47","1","0.23","91.0",156,66.66666666666666,0,0,5.12,2.65,0.88,2.9,0.25,0,"-2.655",,,"2.655",,,,,20,,,,,,,
20,592836,"Walker, Taijuan",89,22.5,0.429,0.143,0.6,0.571,0.434,,,3,7,82,11.2,1972,91.5,91.05,2,10,10,-0.5,5.91,108,143,118,145,284,310,285,"-0.409","0.409",,,,7,5,2,1,0,0,2,28.6,0,0,"1.66","1.05","1.27","0.39","91.6",138,40,0,0,6.62,-1.57,0.05,2.4,0.429,0,"2.045",,,"-2.045",,,,,20,,,,,,,
20,673662,"Ortiz, Robinson",107,18.7,0.5,0,0.5,0.5,0.445,,,1,2,84.3,-2.5,2215,94.1,92.81,1,6,14,-1.2999999999999972,5.59,113,143,118,144,291,319,301,"-0.163","0.163",,,,2,2,1,0,0,0,0,0,0,0,"1.89","0.69","1.39","-0.05","89.3",13,0,0,0,5.67,2.36,0.99,2.42,0.5,0,"0.815",,,"-0.815",,,,,16.7,,,,,,,
19,681293,"Arrighetti, Spencer",150,12.7,0.333,0,0.333,0.333,0.397,,,1,3,74.4,10.7,2332,92.9,94.95,2,8,11,2.0999999999999943,7.35,106,150,118,147,300,322,286,"-0.293","0.293",,,,4,3,1,0,0,0,0,0,1,25,"1.73","0.9","1.37","1.37","91.0",57,33.33333333333333,0,0,4.85,-1.7,0.25,1.97,0.5,0,"1.542105263",,,"-1.542105263",,,,,25,,,,,,,
19,660896,"Alcala, Jorge",145,13.1,0.333,0,0.333,0.333,0.254,,,2,6,85.3,2.2,2184,94.1,93.04,1,14,5,-1.0999999999999943,5.67,107,143,115,137,296,324,286,"-0.03","0.03",,,,7,6,2,0,0,0,1,14.3,0,0,"1.65","0.93","1.21","0.73","90.4",104,33.33333333333333,16.666666666666664,14.285714285714285,6.61,-1.29,-0.22,2.55,0.286,1,"0.157894737",,,"-0.157894737",,,,,7.1,,,,,,,
19,681799,"Roberts, Ethan",91,20.9,0,0,0,0,0.174,,,0,3,91.1,15,2470,94.6,94.37,0,6,13,-0.19999999999998863,6.32,112,154,119,150,303,330,299,"0.395","-0.395",,,,4,3,0,0,0,0,0,0,1,25,"1.8","0.76","1.1","1.1","92.1",125,66.66666666666666,0,0,5.14,-1.48,-0.42,1.84,0.25,0,"-2.078947368",,,"2.078947368",,,,,0,,,,,,,
19,808963,"Sasaki, Roki",218,8.7,0,0,0,0,0.233,,,0,4,90.6,36.3,2133,96.9,98.06,0,6,13,1.1999999999999886,6.93,110,152,123,147,299,311,293,"0.393","-0.393",,,,6,3,0,0,0,0,1,16.7,2,33.3,"1.41","1.02","1.01","0.74","89.6",186,0,0,0,6.24,-2.12,-0.93,2.16,0.333,0,"-2.068421053",,,"2.068421053",,,,,0,,,,,,,
19,692229,"Rey, Carlos",27,70.4,0,0,0,0,0.349,,,0,2,84.5,-37,2123,93.3,94.21,4,7,12,0.9000000000000057,7.02,117,148,116,147,311,332,306,"0.133","-0.133",,,,4,1,0,0,0,0,1,25,2,50,"1.71","0.92","1.12","-0.38","88.0",133,0,0,0,4.77,3.9,-0.08,3.09,0.5,0,"-0.7",,,"0.7",,,,,57.1,,,,,,,
19,805427,"Sommers, Drew",63,30.2,0,0,,0,0.349,,,0,1,,,1919,93.8,95.41,4,5,14,1.6000000000000085,7.26,96,149,125,150,298,326,294,"-0.174","0.174",,,,2,0,0,0,0,0,1,50,1,50,"2.18","0.41","1.37","-0.33","88.0",228,,,,4.68,2.96,0.61,2.73,0.5,,"0.915789474",,,"-0.915789474",,,,,80,,,,,,,
19,663455,"Pilkington, Konnor",117,16.2,0.2,0,0.25,0.2,0.178,,,1,5,87,-17.5,2144,90.6,90.64,2,10,9,0,6.42,113,148,112,151,283,318,290,"0.265","-0.265",,,,5,4,1,0,0,0,1,20,0,0,"1.99","0.8","1.28","0.95","89.2",91,0,0,0,5.6,3.01,0.22,2.56,0.2,0,"-1.394736842",,,"1.394736842",,,,,20,,,,,,,
19,695684,"Rodríguez, Elmer",95,20,0.75,0.25,0.75,1,0.747,,,3,4,102.6,-6.5,1810,95.1,95.44,1,8,11,0.30000000000001137,6.49,105,151,126,148,286,320,278,"-1.778","1.778",,,,5,4,2,1,0,0,0,0,1,20,"2.07","0.45","1.39","1.26","96.4",84,75,0,0,5.59,-2.69,0.2,2.35,0.8,0,"9.357894737",,,"-9.357894737",,,,,12.5,,,,,,,
19,691799,"Taylor, Grant",159,11.9,0.167,0,0.2,0.167,0.148,,,1,6,92.8,-14.6,2101,99.1,100.77,3,10,9,1.7000000000000028,7.11,107,145,116,142,299,326,291,"0.788","-0.788",,,,6,5,1,0,0,0,1,16.7,0,0,"1.32","1","0.96","0.85","92.4",96,40,0,0,5.75,-0.75,-0.35,2.36,0.167,0,"-4.147368421",,,"4.147368421",,,,,30,,,,,,,
19,681520,"Kelly, Antoine",167,11.4,0,0,0,0,0,,,0,4,84.4,-2.8,2147,96.2,96.76,1,7,12,0.5999999999999943,6.63,116,149,120,150,294,323,297,"1.031","-1.031",,,,4,4,0,0,0,0,0,0,0,0,"1.73","0.74","1.06","0.84","89.5",100,25,0,0,5.75,1.65,0.47,1.93,0,0,"-5.426315789",,,"5.426315789",,,,,14.3,,,,,,,
19,686753,"Jameson, Drey",101,18.8,0.286,0,0.286,0.286,0.254,,,2,7,91.8,14.7,2222,96.1,95.01,1,11,8,-1.0999999999999943,5.56,110,149,118,145,301,323,303,"0.342","-0.342",,,,7,7,2,0,0,0,0,0,0,0,"1.58","0.88","1.18","0.81","93.7",143,42.857142857142854,0,0,5.71,-2.23,-0.28,2.77,0.286,0,"-1.8",,,"1.8",,,,,9.1,,,,,,,
19,687473,"Gusto, Ryan",161,11.8,0.25,0,0.25,0.25,0.317,,,1,4,95.1,3.5,2144,92.9,93.25,1,8,11,0.29999999999999716,6.41,109,152,124,147,296,319,281,"0.557","-0.557",,,,5,4,1,0,0,0,0,0,1,20,"1.79","0.85","1.31","1.31","92.8",92,50,0,0,5.94,-2.12,-0.56,1.99,0.4,0,"-2.931578947",,,"2.931578947",,,,,12.5,,,,,,,
19,802419,"Harrington, Thomas",74,25.7,0.143,0.429,0,0.571,0.292,,,1,7,83.9,28.7,2177,91.8,92.07,0,11,8,0.29999999999999716,6.45,111,147,118,146,269,315,297,"-0.676","0.676",,,,7,7,0,0,0,1,0,0,0,0,"1.73","0.98","1.24","0.3","90.3",103,14.285714285714285,14.285714285714285,14.285714285714285,5.57,-1.54,-0.35,2.18,0.143,1,"3.557894737",,,"-3.557894737",,,,,0,,,,,,,
19,808967,"Yamamoto, Yoshinobu",151,12.6,0.2,0,0.333,0.2,0.178,,,1,5,99.6,6.3,2274,94.9,95.19,2,10,9,0.29999999999999716,6.45,107,150,117,146,310,324,291,"0.954","-0.954",,,,5,3,1,0,0,0,2,40,0,0,"1.42","1.1","0.96","0.85","95.0",60,66.66666666666666,0,0,5.61,-1.76,-0.36,2.06,0.2,0,"-5.021052632",,,"5.021052632",,,,,20,,,,,,,
19,672629,"Carrillo, Gerardo",83,22.9,0.25,0.75,0,1,0.511,,,1,4,97.7,3.5,2114,96.7,96.95,1,11,8,0.29999999999999716,6.47,116,150,121,149,296,326,295,"-0.203","0.203",,,,4,4,0,0,0,1,0,0,0,0,"1.82","0.62","1.35","0.94","93.6",112,50,25,25,5.49,-2.71,-0.02,1.95,0.25,1,"1.068421053",,,"-1.068421053",,,,,9.1,,,,,,,
19,663992,"Lovelady, Richard",100,19,0.25,0,0.333,0.25,0.381,,,1,4,74.5,-15,2205,91.4,92.69,1,6,13,1.2999999999999972,7.24,107,148,111,149,296,315,300,"0.269","-0.269",,,,6,3,1,0,0,0,1,16.7,2,33.3,"2.36","0.39","1.17","0.02","92.0",167,33.33333333333333,0,0,5.29,2.35,0.44,2.25,0.5,0,"-1.415789474",,,"1.415789474",,,,,16.7,,,,,,,
19,686751,"Johnson, Seth",147,12.9,0.143,0,0.143,0.143,0.198,,,1,7,71.5,-0.6,2219,96.2,96.45,2,11,8,0.29999999999999716,6.4,104,150,117,146,289,304,275,"0.365","-0.365",,,,8,7,1,0,0,0,0,0,1,12.5,"1.67","0.79","1.22","1.22","89.9",64,28.57142857142857,0,0,5.5,-1.19,-0.61,2.17,0.25,0,"-1.921052632",,,"1.921052632",,,,,18.2,,,,,,,
18,668390,"Winn, Cole",135,13.3,0.333,0,0.333,0.333,0.296,,,1,3,96.8,-15,2303,94.1,94.97,0,3,15,0.9000000000000057,6.89,108,146,115,141,303,314,302,"0.111","-0.111",,,,3,3,1,0,0,0,0,0,0,0,"1.76","0.82","1.17","1.04","96.8",11,33.33333333333333,0,0,5.35,-1.89,0.14,1.88,0.333,0,"-0.616666667",,,"0.616666667",,,,,0,,,,,,,
18,666661,"Morillo, Juan",139,12.9,0.333,0,0.333,0.333,0.296,,,1,3,72,-42.3,2149,98.6,98.42,0,6,12,-0.19999999999998863,6.22,116,151,122,149,305,328,298,"0.064","-0.064",,,,3,3,1,0,0,0,0,0,0,0,"1.34","1","1.22","1.22","89.5",74,33.33333333333333,0,0,5.84,-1.77,-0.79,2.39,0.333,0,"-0.355555556",,,"0.355555556",,,,,0,,,,,,,
18,681854,"Van Scoyoc, Connor",37,48.6,0,0,0,0,0.349,,,0,2,89.6,-26,2165,91.6,90.73,3,7,11,-0.7999999999999972,5.73,115,149,121,149,296,320,281,"0.301","-0.301",,,,4,1,0,0,0,0,1,25,2,50,"2.56","0.16","0.86","0.51","88.5",82,0,0,0,5.92,-1.51,-0.32,2.05,0.5,0,"-1.672222222",,,"1.672222222",,,,,42.9,,,,,,,
18,682445,"Gonzalez, Domingo",60,30,0.25,0,0.25,0.25,0.317,,,1,4,104.1,2,2253,93.5,93.06,1,7,11,-0.4000000000000057,5.98,103,140,111,141,299,320,295,"0.381","-0.381",,,,5,4,1,0,0,0,0,0,1,20,"2.18","0.42","1.41","0.66","98.7",148,75,0,0,4.76,-1.99,-0.31,2.12,0.4,0,"-2.116666667",,,"2.116666667",,,,,14.3,,,,,,,
18,672335,"Pérez, Cionel",80,22.5,0,0,0,0,0,,,0,5,90.6,7.5,2163,95.6,94.79,3,7,11,-0.7999999999999972,5.81,112,146,118,151,295,325,303,"1.383","-1.383",,,,5,4,0,0,0,0,1,20,0,0,"1.79","0.7","0.95","0.81","94.1",148,50,0,0,5.54,1.33,0.24,2.11,0,0,"-7.683333333",,,"7.683333333",,,,,42.9,,,,,,,
18,641927,"Ober, Bailey",217,8.3,0.25,0.125,0.25,0.375,0.269,,,2,8,87.2,21,2084,89.5,90.96,0,11,7,1.5,7.12,106,152,119,145,280,314,286,"0.769","-0.769",,,,8,8,1,1,0,0,0,0,0,0,"1.99","0.85","1.13","1.13","92.1",119,37.5,0,0,5.97,-1.61,-0.23,2.52,0.25,0,"-4.272222222",,,"4.272222222",,,,,0,,,,,,,
18,814366,"Feeney, Cade",37,48.6,0.6,1,0.667,1.6,0.905,,,3,5,97.6,25,2317,92.5,92.4,3,11,7,-0.09999999999999432,6.22,98,150,121,146,288,312,275,"-3.092","3.092",,,,5,4,1,0,1,1,1,20,0,0,"1.6","1.07","1.29","0.69","93.3",236,50,25,20,5.02,-1.35,-0.01,2.83,0.6,1,"17.177777778",,,"-17.177777778",,,,,27.3,,,,,,,
18,694360,"Way, Beck",56,32.1,0.25,0.25,0.333,0.5,0.315,,,1,4,64.8,9.3,2031,95.5,95.31,3,9,9,-0.20000000000000284,6.13,109,149,120,147,297,317,266,"0.083","-0.083",,,,4,3,0,1,0,0,1,25,0,0,"1.98","0.52","1.44","0.96","88.8",146,0,0,0,5.51,-1.91,-0.16,2.2,0.25,0,"-0.461111111",,,"0.461111111",,,,,33.3,,,,,,,
18,686560,"Collyer, Gavin",157,11.5,0,0,0,0,0.233,,,0,1,78.1,32.5,2429,96.9,96.37,3,9,9,-0.5,6.11,104,150,120,147,303,319,301,"0.232","-0.232",,,,3,2,0,0,0,0,0,0,1,33.3,"2.26","0.18","1.3","1.3","94.5",177,0,0,0,5.05,-4.04,-0.57,2.87,0.333,0,"-1.288888889",,,"1.288888889",,,,,33.3,,,,,,,
18,622663,"Severino, Luis",113,15.9,0.143,0,0.25,0.143,0.198,,,1,7,82,-7.3,2117,96.1,96.44,1,7,11,0.30000000000001137,6.47,100,146,120,146,306,336,294,"0.869","-0.869",,,,8,4,1,0,0,0,3,37.5,1,12.5,"1.49","0.98","1.13","0.39","88.0",130,0,0,0,5.88,-2.06,0.25,2.6,0.25,0,"-4.827777778",,,"4.827777778",,,,,14.3,,,,,,,
18,642397,"Soto, Gregory",62,29,0.5,0,0.5,0.5,0.445,,,2,4,81.3,18.5,2208,96.2,96.25,1,7,11,0.09999999999999432,6.45,111,153,117,149,294,321,291,"-0.317","0.317",,,,4,4,2,0,0,0,0,0,0,0,"1.68","0.79","1.53","-0.64","91.5",130,25,0,0,5.7,2.56,0.17,2.59,0.5,0,"1.761111111",,,"-1.761111111",,,,,14.3,,,,,,,
18,681806,"Wantz, Andrew",105,17.1,0,0,0,0,0,,,0,3,87.6,53,2271,92.6,92.01,0,8,10,-0.5999999999999943,6.16,104,148,121,148,299,314,289,"1.036","-1.036",,,,3,1,0,0,0,0,2,66.7,0,0,"1.91","0.77","1.18","0.55","88.0",166,0,0,0,6.01,-1.87,0.1,2.7,0,0,"-5.755555556",,,"5.755555556",,,,,0,,,,,,,
18,668678,"Gallen, Zac",185,9.7,0.2,0,0.333,0.2,0.178,,,1,5,97.2,2.3,2168,94,94.29,3,11,7,0.29999999999999716,6.48,108,149,115,146,309,325,308,"0.678","-0.678",,,,5,3,1,0,0,0,2,40,0,0,"1.42","1.17","0.75","0.54","91.6",181,66.66666666666666,0,0,6.09,-2.59,-0.53,2.41,0.2,0,"-3.766666667",,,"3.766666667",,,,,27.3,,,,,,,
18,696131,"Black, Mason",124,14.5,0,0,0,0,0.349,,,0,1,98,-8,2054,94.5,95.18,0,4,14,0.7000000000000028,6.62,112,150,121,148,293,313,298,"-0.131","0.131",,,,2,1,0,0,0,0,0,0,1,50,"1.8","0.74","1.32","0.85","90.5",105,100,0,0,5.28,-2.1,-0.7,2.29,0.5,0,"0.727777778",,,"-0.727777778",,,,,0,,,,,,,
18,669020,"Rolison, Ryan",119,15.1,0,0,0,0,0,,,0,4,86.4,-3.5,2311,94.1,94.16,2,9,9,0.10000000000000853,6.46,118,149,114,154,294,332,303,"1.398","-1.398",,,,4,2,0,0,0,0,2,50,0,0,"1.8","0.79","1","1","89.8",161,50,0,0,5.88,2.06,0.18,3.01,0,0,"-7.766666667",,,"7.766666667",,,,,22.2,,,,,,,
18,691893,"Cabrera, Jean",73,24.7,0,0,0,0,0,,,0,5,85.2,-3.4,2406,93.6,93.85,0,11,7,0.20000000000000284,6.46,97,147,117,147,294,315,279,"1.043","-1.043",,,,5,5,0,0,0,0,0,0,0,0,"1.81","0.79","1.47","-0.06","90.8",159,0,0,0,5.56,-0.52,-0.56,2.04,0,0,"-5.794444444",,,"5.794444444",,,,,0,,,,,,,
18,605400,"Nola, Aaron",110,16.4,0,0,0,0,0.116,,,0,5,93.9,28,2213,90.5,91.01,2,8,10,0.5,6.78,110,149,126,147,297,315,285,"1.158","-1.158",,,,6,4,0,0,0,0,1,16.7,1,16.7,"1.97","0.83","1.4","0.51","91.9",188,50,0,0,4.95,-1.73,0.44,2.51,0.167,0,"-6.433333333",,,"6.433333333",,,,,25,,,,,,,
18,641312,"Anderson, Shaun",227,7.9,0,0,0,0,0,,,0,5,82.7,20,2381,92.9,93.78,1,10,8,0.8999999999999915,6.81,108,150,114,147,300,321,293,"1.533","-1.533",,,,5,5,0,0,0,0,0,0,0,0,"1.54","1.1","0.6","0.49","94.7",93,40,0,0,6.19,-1.72,-0.23,2.62,0,0,"-8.516666667",,,"8.516666667",,,,,10,,,,,,,
18,680723,"Rom, Drew",108,16.7,0.333,1,0,1.333,0.682,,,1,3,93.5,1.3,2237,91.6,90.4,3,7,11,-1.1999999999999886,5.56,118,149,119,152,295,324,294,"-1.986","1.986",,,,3,3,0,0,0,1,0,0,0,0,"1.86","0.85","0.89","0.19","94.6",150,66.66666666666666,0,0,5.9,1.42,0.35,2.42,0.333,0,"11.033333333",,,"-11.033333333",,,,,42.9,,,,,,,
17,687377,"Ribalta, Orlando",107,15.9,0.25,0,0.25,0.25,0.324,,,1,4,65.2,-8.8,2505,96.2,96.08,1,7,10,-0.10000000000000853,6.37,105,152,118,148,290,319,287,"0.384","-0.384",,,,5,4,1,0,0,0,0,0,0,0,"1.33","1.14","1.18","1.18","88.0",42,0,0,0,6.48,-1.73,-0.65,2.41,0.4,0,"-2.258823529",,,"2.258823529",,,,,14.3,,,,,,,
17,622088,"Antone, Tejay",161,10.6,0,0,0,0,0,,,0,2,75.1,-7,2467,93.8,93.74,1,5,12,-0.09999999999999432,6.18,99,148,118,144,301,335,296,"0.114","-0.114",,,,2,2,0,0,0,0,0,0,0,0,"2.15","0.43","1.2","1.05","91.6",22,0,0,0,5.72,-1.99,-0.31,2.21,0,0,"-0.670588235",,,"0.670588235",,,,,20,,,,,,,
17,679922,"Duran, Carlos",51,33.3,1,0.5,1,1.5,1.074,,,2,2,100.8,16,2346,96.1,96.36,1,7,10,0.30000000000001137,6.49,120,147,112,148,293,322,298,"-0.84","0.84",,,,2,2,1,1,0,0,0,0,0,0,"1.79","0.69","1.39","-0.43","93.1",163,100,0,0,5.72,-2.24,0.24,1.65,1,0,"4.941176471",,,"-4.941176471",,,,,14.3,,,,,,,
17,685299,"Gordon, Tanner",146,11.6,0.25,0,0.25,0.25,0.222,,,1,4,95.4,2.8,2098,91.4,90.99,0,8,9,-0.4000000000000057,6.15,109,152,120,148,301,325,303,"0.183","-0.183",,,,4,4,1,0,0,0,0,0,0,0,"1.44","1.3","0.93","0.72","92.2",129,50,0,0,6.37,-2.73,-0.31,1.8,0.25,0,"-1.076470588",,,"1.076470588",,,,,0,,,,,,,
17,811307,"Wenninger, Jack",131,13,1,1,1,2,0.885,,,1,1,97.1,-10,2095,94.7,94.32,2,7,10,-0.4000000000000057,6.05,108,145,116,144,292,310,279,"-0.626","0.626",,,,3,1,0,1,0,0,0,0,2,66.7,"1.61","0.93","1.27","0.66","89.8",153,100,0,0,6.38,-1.97,0.26,1.69,1,0,"3.682352941",,,"-3.682352941",,,,,28.6,,,,,,,
17,802408,"Mautz, Brycen",148,11.5,1,1,1,2,0.885,,,1,1,103.6,25,2286,93.3,93.02,2,6,11,-0.29999999999999716,6.15,114,144,108,150,279,317,273,"-1.363","1.363",,,,3,1,0,1,0,0,0,0,2,66.7,"2.19","0.43","1.44","1.44","93.2",243,100,100,33.33333333333333,5.32,3.13,0,2.26,1,1,"8.017647059",,,"-8.017647059",,,,,33.3,,,,,,,
17,675919,"Raquet, Nick",44,38.6,0.4,0,0.4,0.4,0.413,,,2,5,90.8,11.8,2065,91.3,92.15,2,11,6,0.7999999999999972,6.58,96,146,112,145,287,317,276,"-0.047","0.047",,,,6,5,2,0,0,0,0,0,1,16.7,"1.97","0.75","0.97","-0.4","91.6",139,60,0,0,5.94,1.33,0.28,1.9,0.5,0,"0.276470588",,,"-0.276470588",,,,,18.2,,,,,,,
17,696275,"Petit, RJ",58,29.3,0.2,0.2,0.25,0.4,0.326,,,1,5,100.5,1,2186,94.6,94.81,2,7,10,0.20000000000000284,6.51,107,146,113,150,294,318,290,"0.507","-0.507",,,,6,4,0,1,0,0,1,16.7,1,16.7,"2.08","0.48","1.43","-0.09","98.0",154,100,0,0,6.16,-1.7,-0.08,2.29,0.333,0,"-2.982352941",,,"2.982352941",,,,,28.6,,,,,,,
17,681896,"Hoopii-Tuionetoa, Anthony",47,36.2,0,0,0,0,0,,,0,3,96.9,39,2516,94.4,94.93,2,8,9,0.5,6.64,110,148,117,150,309,321,307,"0.923","-0.923",,,,3,2,0,0,0,0,1,33.3,0,0,"1.37","1.2","0.98","-0.62","91.0",281,50,0,0,5.58,-1.56,0.08,2.99,0,0,"-5.429411765",,,"5.429411765",,,,,25,,,,,,,
17,642232,"Yarbrough, Ryan",133,12.8,0.714,0,0.714,0.714,0.635,,,5,7,87.5,7.4,1834,86.6,86.17,0,12,5,-0.3999999999999915,6.01,115,148,130,152,286,325,286,"-2.397","2.397",,,,7,7,5,0,0,0,0,0,0,0,"2.37","0.67","1.43","1.11","91.6",172,42.857142857142854,0,0,5.54,2.9,0.53,2.49,0.714,0,"14.1",,,"-14.1",,,,,0,,,,,,,
17,813766,"Hales, Skylar",90,18.9,0.5,0,0.5,0.5,0.445,,,1,2,93.6,5.5,2260,93.6,93.62,2,6,11,0,6.43,110,151,119,146,291,314,271,"-0.203","0.203",,,,2,2,1,0,0,0,0,0,0,0,"1.86","0.76","1.2","1.02","91.7",151,0,0,0,5.36,-3.03,0.17,1.94,0.5,0,"1.194117647",,,"-1.194117647",,,,,33.3,,,,,,,
17,679883,"Avila, Luinder",70,24.3,0,0,,0,0,,,0,1,,,2318,96.5,97.12,7,13,4,0.5999999999999943,6.68,113,151,127,150,295,312,296,"0.74","-0.74",,,,1,0,0,0,0,0,1,100,0,0,"1.56","0.89","1.05","0.57","91.2",172,,,,6.2,-1.77,-0.55,2.7,0,,"-4.352941176",,,"4.352941176",,,,,53.8,,,,,,,
17,672582,"Zerpa, Angel",41,41.5,0,0,0,0,0,,,0,5,89.4,-5.7,2045,95,93.77,1,10,7,-1.2000000000000028,5.56,104,148,119,151,284,319,291,"1.612","-1.612",,,,5,3,0,0,0,0,2,40,0,0,"2.25","0.28","1.31","-0.09","90.9",175,33.33333333333333,0,0,5.27,2.78,0.22,2.59,0,0,"-9.482352941",,,"9.482352941",,,,,10,,,,,,,
17,621053,"Ferguson, Tyler",103,16.5,0.333,0,0.5,0.333,0.397,,,1,3,84.7,-8.5,2126,93.9,93.57,3,7,10,-0.30000000000001137,6.11,101,147,114,141,306,310,290,"-0.163","0.163",,,,4,2,1,0,0,0,1,25,1,25,"2.07","0.52","1.35","1.35","88.4",65,0,0,0,5.71,-3.33,-0.37,2.12,0.5,0,"0.958823529",,,"-0.958823529",,,,,42.9,,,,,,,
16,663460,"Bubic, Kris",194,8.2,0.5,0,0.5,0.5,0.445,,,1,2,90.7,-15,2065,91.8,92.62,0,10,6,0.7999999999999972,6.57,112,146,114,149,288,322,304,"0.032","-0.032",,,,2,2,1,0,0,0,0,0,0,0,"2.12","0.57","0.93","0.69","89.3",82,50,0,0,5.7,2.01,0.25,2.42,0.5,0,"-0.2",,,"0.2",,,,,0,,,,,,,
16,685481,"Rodriguez, Moises",29,55.2,0,0,0,0,0,,,0,3,81.2,5,2014,96.3,95.92,1,5,11,-0.3999999999999915,6.07,110,152,123,148,294,322,289,"0.794","-0.794",,,,3,2,0,0,0,0,1,33.3,0,0,"2.17","0.29","1.56","1.43","88.0",145,0,0,0,5.36,-2.84,-0.53,2.65,0,0,"-4.9625",,,"4.9625",,,,,20,,,,,,,
16,800485,"Torres, Wande",24,66.7,0.333,0.333,0.5,0.667,0.489,,,1,3,90.1,-3.5,2436,95.9,95.57,4,7,9,-0.30000000000001137,6.34,112,149,114,148,295,298,287,"-0.022","0.022",,,,4,2,0,1,0,0,1,25,1,25,"1.89","0.62","1.2","0.11","94.3",125,50,0,0,5.94,1.86,-0.28,2.22,0.5,0,"0.1375",,,"-0.1375",,,,,57.1,,,,,,,
16,691008,"Rajcic, Max",106,15.1,0.5,0,0.5,0.5,0.445,,,1,2,95.1,24,2183,94.3,94.56,2,6,10,0.29999999999999716,6.43,109,151,120,144,292,313,284,"-0.019","0.019",,,,2,2,1,0,0,0,0,0,0,0,"1.57","1","1.16","1.16","91.5",213,50,0,0,5.87,-1.31,-0.18,2.36,0.5,0,"0.11875",,,"-0.11875",,,,,33.3,,,,,,,
16,701565,"Schultz, Connor",109,14.7,0.5,1,0.333,1.5,0.826,,,2,4,99.6,3,1995,90.7,91.25,1,10,6,0.5,6.63,109,151,119,148,310,327,298,"-0.885","0.885",,,,4,4,0,1,0,1,0,0,0,0,"2.07","0.69","1.16","1.16","98.8",99,75,25,25,6.04,-1.29,-0.15,1.86,0.5,1,"5.53125",,,"-5.53125",,,,,10,,,,,,,
16,687589,"Hamel, Dom",86,18.6,0.833,0,0.833,0.833,0.735,,,5,6,89.4,4.2,2162,91.7,92.21,1,8,8,0.5,6.61,101,142,112,138,297,320,291,"-1.854","1.854",,,,7,6,5,0,0,0,0,0,1,14.3,"1.68","1.03","1.18","1.18","91.0",89,16.666666666666664,0,0,5.84,-1.75,-0.3,2.48,0.857,0,"11.5875",,,"-11.5875",,,,,12.5,,,,,,,
16,664192,"Lucchesi, Joey",42,38.1,0.5,0.25,0.5,0.75,0.537,,,2,4,94.6,11.8,2107,91.8,91.68,0,8,8,-0.09999999999999432,6.24,112,149,113,149,315,343,301,"-0.115","0.115",,,,4,4,1,1,0,0,0,0,0,0,"1.85","0.86","1.15","-0.1","91.8",158,25,0,0,5.7,2.52,0.47,2.07,0.5,0,"0.71875",,,"-0.71875",,,,,0,,,,,,,
16,701808,"Morse, Cody",66,24.2,0.5,0,0.5,0.5,0.529,,,1,2,95.2,-3.5,2299,94,94.64,2,6,10,0.5999999999999943,6.73,117,151,114,148,298,325,296,"-0.525","0.525",,,,3,2,1,0,0,0,0,0,1,33.3,"1.93","0.65","0.96","0.07","92.8",126,50,0,0,5.2,3.63,-0.34,2.22,0.667,0,"3.28125",,,"-3.28125",,,,,33.3,,,,,,,
16,678368,"Bellozo, Valente",256,6.3,0,0,0,0,0.091,,,0,7,86.1,4,2096,88.7,88.22,1,8,8,-0.5,5.85,108,151,121,148,298,319,301,"0.863","-0.863",,,,8,7,0,0,0,0,0,0,0,0,"2.15","0.73","1","0.78","92.9",71,14.285714285714285,0,0,5.85,-1.13,-0.61,2.21,0.125,0,"-5.39375",,,"5.39375",,,,,12.5,,,,,,,
16,687857,"Ryan, Sam",29,55.2,1,0,0.5,1,0.529,,,1,1,93.2,24,2285,94.9,94.06,3,8,8,-0.8000000000000114,6.21,120,144,115,152,279,318,280,"-0.119","0.119",,,,3,2,1,0,0,0,0,0,1,33.3,"1.16","1.41","1.13","-0.74","90.1",189,50,0,0,5.89,-1.85,0.14,2.19,0.667,0,"0.74375",,,"-0.74375",,,,,37.5,,,,,,,
16,681151,"Murray, Jayden",118,13.6,0.333,0,0.333,0.333,0.296,,,1,3,59.9,16,2204,94.2,93.89,0,5,11,-0.29999999999999716,6.07,112,152,120,148,305,325,289,"0.543","-0.543",,,,3,3,1,0,0,0,0,0,0,0,"1.97","0.6","1.47","1.28","91.3",148,0,0,0,5.66,-2.12,-0.22,2.47,0.333,0,"-3.39375",,,"3.39375",,,,,0,,,,,,,
16,643377,"Jax, Griffin",64,25,0.333,0.333,1,0.667,0.489,,,1,3,107,22,2322,95.9,95.66,3,5,11,-0.20000000000000284,6.43,96,143,112,137,306,307,287,"-0.471","0.471",,,,4,1,0,1,0,0,2,50,1,25,"1.75","0.75","1.22","1.22","107.0",369,100,100,25,5.4,-0.84,-0.36,1.85,0.5,1,"2.94375",,,"-2.94375",,,,,60,,,,,,,
16,677161,"Kelly, Zack",131,12.2,0,0,0,0,0,,,0,2,87.6,-16,2159,95.1,96.41,0,5,11,1.3000000000000114,7.17,103,151,123,147,284,311,296,"0.795","-0.795",,,,2,2,0,0,0,0,0,0,0,0,"1.56","0.98","1.29","1","90.4",100,50,0,0,5.68,-3.06,-0.34,1.84,0,0,"-4.96875",,,"4.96875",,,,,0,,,,,,,
16,605441,"Ríos, Yacksel",49,32.7,0.333,0,0.333,0.333,0.296,,,2,6,86.3,-12.7,2200,97.9,98.22,2,12,4,0.29999999999999716,6.47,105,152,118,148,296,325,291,"0.476","-0.476",,,,6,6,2,0,0,0,0,0,0,0,"1.36","1.01","1.12","0.65","90.7",106,33.33333333333333,0,0,5.49,-1.74,-0.42,2.46,0.333,0,"-2.975",,,"2.975",,,,,16.7,,,,,,,
16,666277,"Soriano, George",113,14.2,0.6,0,0.6,0.6,0.534,,,3,5,71.6,-2.6,2273,96,96.27,1,10,6,0.29999999999999716,6.37,103,147,118,142,293,315,283,"-0.57","0.57",,,,5,5,3,0,0,0,0,0,0,0,"1.75","0.72","1.31","1.03","90.1",95,0,0,0,5.59,-2.68,-0.47,2.39,0.6,0,"3.5625",,,"-3.5625",,,,,10,,,,,,,
16,672782,"Gómez, Yoendrys",166,9.6,0,0,0,0,0.243,,,0,2,79.1,11.5,2259,94.3,94.31,0,5,11,0,6.62,96,151,120,148,301,296,277,"0.272","-0.272",,,,3,2,0,0,0,0,0,0,0,0,"1.7","0.9","1.31","1.16","88.0",148,0,0,0,5.38,-1.7,-0.36,2.22,0.333,0,"-1.7",,,"1.7",,,,,0,,,,,,,
16,690990,"Horton, Cade",226,7.1,0,0,0,0,0,,,0,5,92.9,1,2302,95.4,95.27,1,10,6,-0.10000000000000853,6.18,109,153,118,150,303,335,299,"1.445","-1.445",,,,5,5,0,0,0,0,0,0,0,0,"1.46","1.04","0.85","0.85","96.8",116,40,0,0,5.91,-2.08,-0.58,2.25,0,0,"-9.03125",,,"9.03125",,,,,10,,,,,,,
16,669622,"Bender, Anthony",67,23.9,0.667,0,0.667,0.667,0.593,,,2,3,95.5,1.7,2238,96.3,95.13,0,6,10,-1.2000000000000028,5.59,114,151,124,149,284,314,285,"-0.487","0.487",,,,3,3,2,0,0,0,0,0,0,0,"2.12","0.34","1.51","0.78","93.9",140,66.66666666666666,0,0,5.93,-1.81,-0.3,3.07,0.667,0,"3.04375",,,"-3.04375",,,,,0,,,,,,,
16,690916,"Fitts, Richard",178,9,0.5,0,1,0.5,0.445,,,1,2,70,28,2309,95.9,96.61,2,5,11,0.6999999999999886,6.66,106,152,118,146,299,329,296,"-0.017","0.017",,,,2,1,1,0,0,0,1,50,0,0,"1.33","1.14","1.04","0.97","95.6",149,0,0,0,5.97,-2.05,-0.21,2.76,0.5,0,"0.10625",,,"-0.10625",,,,,40,,,,,,,
16,695871,"Broca, Jesús",48,33.3,0,0,0,0,0,,,0,4,88,-7,2041,92.4,90.89,3,7,9,-1.5,5.31,106,147,117,150,294,310,293,"0.906","-0.906",,,,4,3,0,0,0,0,1,25,0,0,"1.86","0.8","1.25","-0.16","93.6",101,33.33333333333333,0,0,5.42,1.62,0.06,2.23,0,0,"-5.6625",,,"5.6625",,,,,42.9,,,,,,,
15,605154,"Brebbia, John",133,11.3,0,0,0,0,0.146,,,0,3,100,-8.5,2179,92.4,92.55,1,4,11,0.19999999999998863,6.41,110,147,117,143,300,318,299,"0.197","-0.197",,,,5,2,0,0,0,0,2,40,0,0,"1.61","1.07","1.07","0.76","96.0",122,50,0,0,5.75,-1.96,-0.27,1.91,0.2,0,"-1.313333333",,,"1.313333333",,,,,25,,,,,,,
15,663947,"Holton, Tyler",73,20.5,0.25,0,0.333,0.25,0.222,,,2,8,88.1,-1.3,2052,90.8,90.95,1,9,6,0.20000000000000284,6.34,113,147,117,151,284,323,300,"0.614","-0.614",,,,8,6,2,0,0,0,2,25,0,0,"1.99","0.77","1.22","0.93","92.0",129,16.666666666666664,0,0,5.89,1.8,0.31,2.27,0.25,0,"-4.093333333",,,"4.093333333",,,,,11.1,,,,,,,
15,656550,"Holmes, Grant",269,5.6,0,0,0,0,0,,,0,3,96.1,26,2268,93.5,92.77,0,7,8,-0.7000000000000028,6.03,108,151,124,146,313,322,287,"1.004","-1.004",,,,3,3,0,0,0,0,0,0,0,0,"1.93","0.69","1.2","1.2","99.3",66,66.66666666666666,0,0,5.88,-2.35,-0.35,2.1,0,0,"-6.693333333",,,"6.693333333",,,,,0,,,,,,,
15,668831,"Stallings, Garrett",73,20.5,0.5,0,0.6,0.5,0.445,,,3,6,94,9,1848,92.4,93.11,1,7,8,0.6999999999999886,6.58,110,148,119,148,302,314,291,"-0.513","0.513",,,,6,5,3,0,0,0,1,16.7,0,0,"1.73","0.93","1.06","0.94","97.0",163,60,0,0,5.45,-0.89,-0.23,2.51,0.5,0,"3.42",,,"-3.42",,,,,14.3,,,,,,,
15,595897,"Burdi, Nick",27,55.6,0.333,0.167,0.333,0.5,0.407,,,2,6,86.8,-2.5,2037,93.3,92.23,0,10,5,-1.0999999999999943,5.79,113,147,124,146,294,319,291,"0.066","-0.066",,,,7,6,1,1,0,0,0,0,1,14.3,"2.65","-0.01","1.41","0.68","90.0",134,16.666666666666664,0,0,5.31,-2.11,-0.05,2.02,0.429,0,"-0.44",,,"0.44",,,,,0,,,,,,,
15,695835,"Núñez, Edwin",26,57.7,1,0.5,1,1.5,0.949,,,2,2,95.6,-22,2209,95.8,95.89,1,4,11,0.10000000000000853,6.23,119,149,118,150,300,324,298,"-1.26","1.26",,,,3,2,1,1,0,0,0,0,1,33.3,"1.73","0.74","1.3","-0.23","98.7",41,50,0,0,5.69,-2.44,0.48,1.83,1,0,"8.4",,,"-8.4",,,,,25,,,,,,,
15,686857,"Gonzalez, James",60,25,1,1,1,2,0.885,,,1,1,77.2,0,2119,91.5,91.68,1,4,11,0.20000000000000284,6.37,107,148,118,149,288,319,290,"-1.171","1.171",,,,3,1,0,1,0,0,0,0,2,66.7,"1.72","1.01","1.01","0.02","88.0",157,0,0,0,5.91,1.6,0.03,2.31,1,0,"7.806666667",,,"-7.806666667",,,,,25,,,,,,,
15,656686,"Martin, Corbin",139,10.8,0.333,0.333,0.333,0.667,0.489,,,1,3,101.6,4.7,2368,94.7,95.17,1,9,6,0.5,6.49,107,153,119,149,304,329,300,"-0.159","0.159",,,,4,3,0,1,0,0,0,0,1,25,"1.49","1.04","0.9","0.9","95.0",196,100,0,0,5.82,-1.27,-0.56,2.6,0.5,0,"1.06",,,"-1.06",,,,,11.1,,,,,,,
15,674841,"Alvarez, Andrew",127,11.8,0.5,0,0.5,0.5,0.571,,,1,2,105.6,-2,2238,91.9,91.59,1,3,12,-0.30000000000001137,6.36,104,144,116,145,292,326,296,"-0.847","0.847",,,,4,2,1,0,0,0,0,0,2,50,"2.14","0.58","0.87","-0.28","105.6",152,100,0,0,6.14,1.53,0.23,2.4,0.75,0,"5.646666667",,,"-5.646666667",,,,,33.3,,,,,,,
15,678020,"Halvorsen, Seth",149,10.1,0,0,,0,0.465,,,0,1,,,2012,97.7,98.7,1,1,14,1,6.89,110,151,120,146,295,311,279,"-0.288","0.288",,,,3,0,0,0,0,0,1,33.3,2,66.7,"1.7","0.69","1.19","0.85",,,,,,5.92,-2.28,0.49,2.29,0.667,,"1.92",,,"-1.92",,,,,100,,,,,,,
15,687040,"Diederich, Sayer",26,57.7,0.5,0.5,0.5,1,0.643,,,2,4,92,38,2380,89.9,89.23,0,9,6,-0.7000000000000028,6.13,112,149,124,147,300,314,278,"-0.702","0.702",,,,5,4,0,2,0,0,0,0,1,20,"2.16","0.69","0.91","-0.51","92.2",158,50,0,0,5.4,1.08,-0.13,2.67,0.6,0,"4.68",,,"-4.68",,,,,0,,,,,,,
15,676664,"Sears, JP",199,7.5,0,0,0,0,0.146,,,0,4,91.8,-7,1891,91.4,91.13,1,10,5,-0.30000000000001137,6.16,114,147,120,151,283,327,304,"1.02","-1.02",,,,5,4,0,0,0,0,0,0,0,0,"1.92","0.81","1.16","0.89","91.4",87,50,0,0,5.2,1.13,0.49,2.07,0.2,0,"-6.8",,,"6.8",,,,,10,,,,,,,
15,518489,"Brasier, Ryan",113,13.3,0.5,0,0.5,0.5,0.445,,,2,4,95.6,3,2191,93.1,94.18,2,7,8,1.1000000000000085,6.82,101,150,116,147,303,318,298,"0.035","-0.035",,,,4,4,2,0,0,0,0,0,0,0,"1.66","0.96","1.06","1.06","94.1",180,50,0,0,5.6,-1.56,0.31,2.34,0.5,0,"-0.233333333",,,"0.233333333",,,,,28.6,,,,,,,
15,812521,"Glassey, Joe",37,40.5,0.5,0.5,0.5,1,0.652,,,1,2,96.1,32.5,2335,94.9,95.54,0,6,9,0.5999999999999943,6.77,108,149,118,149,278,299,276,"-0.793","0.793",,,,3,2,0,1,0,0,0,0,1,33.3,"1.25","1.29","1.1","0.19","91.5",201,50,0,0,5.51,-1.74,0.38,2.77,0.667,0,"5.286666667",,,"-5.286666667",,,,,0,,,,,,,
15,607481,"Bummer, Aaron",69,21.7,0,0,0,0,0,,,0,3,95.8,-11.5,1890,89.9,90.4,2,6,9,0.5,6.65,122,149,123,152,308,328,299,"1.009","-1.009",,,,3,2,0,0,0,0,1,33.3,0,0,"2.76","0.06","1.19","0.56","92.7",176,50,50,33.33333333333333,5,1.9,-0.33,2.29,0,1,"-6.726666667",,,"6.726666667",,,,,33.3,,,,,,,
15,701552,"Granillo, Andre",137,10.9,0.333,0,0.333,0.333,0.296,,,1,3,84,2.3,2256,94,93.27,0,6,9,-0.7000000000000028,5.83,111,150,126,153,298,319,287,"0.263","-0.263",,,,3,3,1,0,0,0,0,0,0,0,"1.68","0.89","1.15","1.15","90.1",186,33.33333333333333,0,0,6.5,-1.1,-0.55,2.37,0.333,0,"-1.753333333",,,"1.753333333",,,,,0,,,,,,,
15,656755,"Montes de Oca, Bryce",64,23.4,0,0,0,0,0.465,,,0,1,102.7,-11,2166,97.2,96.48,1,5,10,-0.7000000000000028,5.91,104,127,105,126,292,308,293,"-0.238","0.238",,,,3,1,0,0,0,0,0,0,2,66.7,"1.86","0.56","1.46","-0.26","91.7",166,100,0,0,5.67,-1.7,-1.15,2.63,0.667,0,"1.586666667",,,"-1.586666667",,,,,20,,,,,,,
15,596001,"Junis, Jakob",82,18.3,0.4,0,0.4,0.4,0.413,,,2,5,92,-5,2096,90.7,90.11,1,8,7,-0.6000000000000085,5.97,113,150,122,150,309,321,304,"0.234","-0.234",,,,6,5,2,0,0,0,0,0,1,16.7,"2.26","0.51","1.2","0.07","96.6",74,40,0,0,5.56,-1.83,-0.08,2.18,0.5,0,"-1.56",,,"1.56",,,,,12.5,,,,,,,
15,660600,"Paredes, Enoli",59,25.4,1,0,1,1,0.762,,,1,1,96.7,14,2356,92.1,91.41,2,6,9,-0.6999999999999886,6.11,110,146,119,146,284,308,290,"-0.708","0.708",,,,3,1,1,0,0,0,0,0,2,66.7,"1.69","1.03","0.92","-0.16","90.2",150,100,0,0,5.45,-2.12,-0.44,2.13,1,0,"4.72",,,"-4.72",,,,,33.3,,,,,,,
15,668338,"Miller, Tyson",126,11.9,0.25,0,0.333,0.25,0.222,,,1,4,93.3,-1,2090,89.1,90.17,2,6,9,1.1000000000000085,7.08,100,135,105,131,292,327,295,"0.493","-0.493",,,,4,3,1,0,0,0,1,25,0,0,"2.67","0.21","1.15","0.66","91.5",137,50,0,0,4.49,-3.9,-0.83,2.46,0.25,0,"-3.286666667",,,"3.286666667",,,,,33.3,,,,,,,
15,676012,"Ogando, Gerald",33,45.5,0.333,0,0.333,0.333,0.405,,,1,3,73.2,23,2448,96.6,97.46,2,8,7,0.9000000000000057,7.07,97,142,115,144,292,303,284,"-0.277","0.277",,,,4,3,1,0,0,0,0,0,0,0,"1.79","0.68","1.31","0.49","88.0",149,0,0,0,5.07,-2.49,-0.92,2.19,0.5,0,"1.846666667",,,"-1.846666667",,,,,25,,,,,,,
15,686747,"La Sorsa, Joe",74,20.3,0.5,0,0.333,0.5,0.469,,,1,2,72.8,24.7,2038,90.3,90.35,1,6,9,0,6.35,112,146,122,148,279,324,293,"-0.689","0.689",,,,5,3,1,0,0,0,0,0,0,0,"2.23","0.57","1.51","0.38","88.1",166,0,0,0,5.49,3.21,1.1,2.46,0.6,0,"4.593333333",,,"-4.593333333",,,,,16.7,,,,,,,
15,669062,"Miller, Erik",47,31.9,0.333,0,0.5,0.333,0.296,,,1,3,86.7,-33.5,2338,96.6,96.93,5,9,6,0.30000000000001137,6.6,101,143,106,150,299,334,296,"0.226","-0.226",,,,3,2,1,0,0,0,1,33.3,0,0,"1.67","0.79","1.4","1.19","93.1",4,50,0,0,6.51,1.31,0.03,2.49,0.333,0,"-1.506666667",,,"1.506666667",,,,,55.6,,,,,,,
15,656186,"Altavilla, Dan",87,17.2,0.5,0,0.5,0.5,0.529,,,1,2,85.2,19,2221,96.3,95.75,0,7,8,-0.5999999999999943,5.93,99,149,120,145,280,305,280,"-0.274","0.274",,,,3,2,1,0,0,0,0,0,1,33.3,"1.74","0.72","1.34","1.34","88.5",183,0,0,0,5.29,-2.18,-0.29,2.45,0.667,0,"1.826666667",,,"-1.826666667",,,,,0,,,,,,,
15,668674,"Erceg, Lucas",96,15.6,0,0,0,0,0.174,,,0,3,76.2,16,1888,96.4,97.03,2,8,7,0.5999999999999943,6.51,107,144,114,139,296,315,273,"0.455","-0.455",,,,4,3,0,0,0,0,0,0,1,25,"1.56","0.88","1.19","1.02","88.0",121,0,0,0,6.01,-1.6,-0.39,2.17,0.25,0,"-3.033333333",,,"3.033333333",,,,,25,,,,,,,
15,686228,"Burgos, Juan",60,25,0.667,0,1,0.667,0.619,,,2,3,90.4,-24,2302,95.8,95.19,1,6,9,-0.5999999999999943,5.95,110,148,115,149,285,313,304,"-0.793","0.793",,,,4,2,2,0,0,0,1,25,1,25,"2.04","0.45","1.3","-0.57","96.4",113,50,0,0,5.37,-1.38,-0.31,2.05,0.75,0,"5.286666667",,,"-5.286666667",,,,,16.7,,,,,,,
15,669145,"Zimmermann, Bruce",77,19.5,0,0,0,0,0,,,0,2,96.3,-17.5,2374,90.8,90.27,2,5,10,-0.5,5.94,114,151,117,149,296,318,281,"0.503","-0.503",,,,2,2,0,0,0,0,0,0,0,0,"2.22","0.54","1.31","-0.4","93.5",98,100,0,0,5.96,1.22,0.6,2.43,0,0,"-3.353333333",,,"3.353333333",,,,,40,,,,,,,
15,814280,"Tomkins, Landon",22,68.2,0,0,0,0,0,,,0,3,100.6,-12.5,2059,93.7,94.18,0,5,10,0.5,6.29,98,149,122,145,279,310,289,"0.867","-0.867",,,,3,2,0,0,0,0,1,33.3,0,0,"2.54","0.03","0.83","0.5","94.3",69,50,0,0,5.54,-2.33,-0.71,2.4,0,0,"-5.78",,,"5.78",,,,,0,,,,,,,
15,682645,"Rosario, Jerming",73,20.5,0.25,0,0.25,0.25,0.391,,,1,4,90.8,30.3,2235,94.3,94.49,1,8,7,0.20000000000000284,6.31,110,153,117,147,303,324,293,"-0.318","0.318",,,,6,4,1,0,0,0,0,0,0,0,"1.89","0.67","1.1","1.1","91.3",177,25,0,0,5.86,-2.77,-0.7,2.25,0.5,0,"2.12",,,"-2.12",,,,,12.5,,,,,,,
15,690997,"McLean, Nolan",56,26.8,0,0,0,0,0,,,0,3,101.4,-22,2223,96.3,96.13,1,6,9,-0.20000000000000284,6.37,108,150,117,149,292,319,291,"1.277","-1.277",,,,3,1,0,0,0,0,2,66.7,0,0,"2.03","0.45","1.62","0.73","91.6",94,100,0,0,5.33,-3.71,-0.1,2.43,0,0,"-8.513333333",,,"8.513333333",,,,,16.7,,,,,,,
15,684725,"Messinger, Zach",47,31.9,1,0,1,1,0.849,,,3,3,98.8,0,2228,95.7,95.25,1,7,8,-0.4000000000000057,6.2,109,152,125,149,284,308,273,"-1.269","1.269",,,,4,3,3,0,0,0,0,0,0,0,"1.59","0.91","1.26","0.75","95.4",80,66.66666666666666,0,0,6.03,-1.27,-0.84,2.69,1,0,"8.46",,,"-8.46",,,,,14.3,,,,,,,
15,621383,"Banks, Tanner",98,15.3,0,0,0,0,0,,,0,3,87.4,10.3,1977,90.2,88.99,0,5,10,-1.2000000000000028,5.53,122,148,118,151,286,308,287,"0.491","-0.491",,,,3,3,0,0,0,0,0,0,0,0,"2.05","0.75","1.24","0.55","94.6",111,33.33333333333333,0,0,6.56,2.52,0.51,1.93,0,0,"-3.273333333",,,"3.273333333",,,,,0,,,,,,,
14,687396,"Headrick, Brent",135,10.4,0.333,0,0.5,0.333,0.296,,,1,3,51.3,22,2392,93,93.74,3,7,7,0.7000000000000028,6.89,120,149,114,154,269,314,278,"0.373","-0.373",,,,3,2,1,0,0,0,1,33.3,0,0,"1.47","1.18","1.29","1.29","88.0",5,0,0,0,6.38,1.6,0.41,2.09,0.333,0,"-2.664285714",,,"2.664285714",,,,,42.9,,,,,,,
14,815084,"Simon, Ben",56,25,0,0,0,0,0.349,,,0,2,70.1,69,2338,96.2,96.07,0,1,13,-0.10000000000000853,6.47,121,148,125,151,287,314,293,"0.016","-0.016",,,,4,1,0,0,0,0,1,25,2,50,"1.14","1.35","1.06","0.02","88.0",128,0,0,0,5.55,-1.83,0.83,2.4,0.5,0,"-0.114285714",,,"0.114285714",,,,,0,,,,,,,
14,677312,"Mills, Zane",54,25.9,0.429,0.429,0.4,0.857,0.546,,,3,7,92.7,0.7,1910,92.4,93.04,1,8,6,0.5999999999999943,6.61,115,152,121,151,292,334,301,"-2.234","2.234",,,,7,6,2,0,0,1,1,14.3,0,0,"2.36","0.31","1.12","0.4","95.5",124,66.66666666666666,16.666666666666664,14.285714285714285,5.62,-2.53,-0.34,1.97,0.429,1,"15.957142857",,,"-15.957142857",,,,,12.5,,,,,,,
14,828705,"Gillis, Tanner",58,24.1,1,1,1,2,0.885,,,1,1,99.4,28,2199,92.5,93.16,2,8,6,0.7000000000000028,6.63,98,149,120,145,294,315,302,"-1.2","1.2",,,,3,1,0,1,0,0,0,0,2,66.7,"2.08","0.59","1.04","0.49","94.9",143,100,100,33.33333333333333,5.36,-2.7,-0.12,2.12,1,1,"8.571428571",,,"-8.571428571",,,,,25,,,,,,,
14,684007,"Imanaga, Shota",299,4.7,0.2,0,0.25,0.2,0.178,,,1,5,93.2,3.5,2486,90.6,90.26,4,9,5,-0.29999999999999716,6.08,110,149,113,152,294,329,308,"0.836","-0.836",,,,5,4,1,0,0,0,1,20,0,0,"1.94","0.83","1.31","0.55","95.5",153,25,0,0,5.38,2.01,0.39,2.21,0.2,0,"-5.971428571",,,"5.971428571",,,,,44.4,,,,,,,
14,641672,"Hatch, Thomas",74,18.9,0.2,0.6,0,0.8,0.457,,,1,5,86.9,-6,2292,94.3,94.24,0,5,9,-0.09999999999999432,6.14,111,148,124,148,302,329,299,"-0.728","0.728",,,,6,4,0,0,0,1,1,16.7,1,16.7,"1.89","0.66","1.2","0.54","93.5",133,50,25,16.666666666666664,5.72,-1.44,-1.05,2.5,0.333,1,"5.2",,,"-5.2",,,,,0,,,,,,,
14,641627,"Gott, Trevor",62,22.6,0,0,0,0,0,,,0,3,88.4,-15,2013,94.3,93.49,0,3,11,-0.7999999999999972,5.99,108,150,117,148,293,323,291,"0.511","-0.511",,,,3,3,0,0,0,0,0,0,0,0,"1.89","0.69","1.38","1.01","91.4",11,33.33333333333333,0,0,5.09,-2.97,0.15,2.07,0,0,"-3.65",,,"3.65",,,,,0,,,,,,,
14,663158,"Suarez, Robert",94,14.9,0.5,0,0.5,0.5,0.445,,,1,2,104.9,11,2360,96.8,97.35,2,7,7,0.6000000000000085,6.79,107,151,122,148,311,319,291,"-0.122","0.122",,,,2,2,1,0,0,0,0,0,0,0,"1.17","1.28","1.03","1.03","94.7",167,100,50,50,6.15,-1.49,-0.45,2.08,0.5,1,"0.871428571",,,"-0.871428571",,,,,28.6,,,,,,,
14,656240,"Blewett, Scott",112,12.5,0.25,0,0.25,0.25,0.317,,,1,4,89.3,9.3,2093,95.2,96.86,0,5,9,1.7000000000000028,7.06,109,153,121,148,296,317,296,"0.342","-0.342",,,,5,4,1,0,0,0,0,0,1,20,"1.36","1.14","1.05","1.05","95.8",27,75,0,0,6.18,-1.61,-0.26,2.34,0.4,0,"-2.442857143",,,"2.442857143",,,,,0,,,,,,,
14,666129,"Garrett, Braxton",60,23.3,0,0,0,0,0.14,,,0,4,81.7,-19.7,2227,92.1,92.9,1,7,7,0.8000000000000114,6.69,105,144,109,149,282,315,288,"0.811","-0.811",,,,5,3,0,0,0,0,1,20,1,20,"2.06","0.62","1.17","0.67","89.1",52,0,0,0,5.8,2.51,0.23,1.72,0.2,0,"-5.792857143",,,"5.792857143",,,,,14.3,,,,,,,
14,676881,"Schoenle, Garrett",28,50,0.5,0,0.5,0.5,0.529,,,1,2,92.9,35.5,2017,92.1,92.33,0,5,9,0.20000000000000284,6.29,104,145,106,144,289,324,311,"-0.812","0.812",,,,3,2,1,0,0,0,0,0,1,33.3,"1.51","1.17","0.63","0.1","93.5",152,50,0,0,5.75,2.02,0.74,2.88,0.667,0,"5.8",,,"-5.8",,,,,0,,,,,,,
14,808051,"Paredes, Wilkin",35,40,1,0,1,1,0.746,,,1,1,87,15,2205,92,91.37,0,3,11,-0.5,5.92,111,140,113,142,288,302,297,"-1.512","1.512",,,,4,1,1,0,0,0,0,0,3,75,"1.83","0.86","1.11","0.44","88.0",90,0,0,0,6.03,1.36,-0.32,2.11,1,0,"10.8",,,"-10.8",,,,,0,,,,,,,
14,801219,"Morillo, Alfred",46,30.4,0.75,0.25,0.75,1,0.76,,,3,4,98.4,4.5,2143,95.6,95.36,0,5,9,-0.19999999999998863,6.11,109,144,115,143,307,328,304,"-1.68","1.68",,,,4,4,2,1,0,0,0,0,0,0,"1.59","0.9","1.11","0.43","98.8",174,75,0,0,5.98,-1.71,-0.69,3.13,0.75,0,"12",,,"-12",,,,,0,,,,,,,
14,668984,"Legumina, Casey",133,10.5,0.333,0.333,0.333,0.667,0.42,,,1,3,97,23.7,2332,93.9,94.39,1,5,9,0.6000000000000085,6.6,103,150,117,145,302,325,294,"0.05","-0.05",,,,3,3,0,1,0,0,0,0,0,0,"1.84","0.75","1.36","1.17","94.7",215,33.33333333333333,0,0,4.87,-1.89,0.09,1.85,0.333,0,"-0.357142857",,,"0.357142857",,,,,20,,,,,,,
14,689017,"Knack, Landon",116,12.1,0.25,0,0.25,0.25,0.222,,,1,4,91.9,-7.5,2280,92.5,91.87,1,8,6,-0.5999999999999943,5.92,112,150,120,145,298,320,294,"0.258","-0.258",,,,4,4,1,0,0,0,0,0,0,0,"1.42","1.25","1.02","1.02","93.5",55,50,0,0,6.01,-1.12,-0.5,2.79,0.25,0,"-1.842857143",,,"1.842857143",,,,,12.5,,,,,,,
14,676684,"Vest, Will",90,15.6,0.667,0,0.667,0.667,0.593,,,2,3,75.9,13.3,2098,94.3,94.3,1,5,9,0,6.24,109,151,123,147,294,327,286,"-0.721","0.721",,,,3,3,2,0,0,0,0,0,0,0,"1.6","0.96","1.15","1.15","88.0",72,0,0,0,5.84,-1.91,-0.78,2.25,0.667,0,"5.15",,,"-5.15",,,,,20,,,,,,,
14,804541,"Gill Hill, Gary",49,28.6,0.167,0.167,0.2,0.333,0.21,,,1,6,100.6,-15.3,2162,93.5,93.15,2,8,6,-0.20000000000000284,6.28,110,149,120,148,303,309,293,"0.215","-0.215",,,,6,5,0,1,0,0,1,16.7,0,0,"2.25","0.38","1.15","0.23","98.3",76,75,25,16.666666666666664,5.36,-2.03,0.17,2.43,0.167,1,"-1.535714286",,,"1.535714286",,,,,25,,,,,,,
14,664299,"Javier, Cristian",178,7.9,0,0,0,0,0.357,,,0,2,96.7,38,2265,92.1,91.03,0,4,10,-1.0999999999999943,5.87,104,150,120,148,308,326,297,"0.405","-0.405",,,,4,2,0,0,0,0,0,0,1,25,"1.49","1.22","1.09","0.93","92.3",194,50,0,0,5.43,-1.58,-0.15,2.59,0.5,0,"-2.892857143",,,"2.892857143",,,,,0,,,,,,,
14,702752,"Pintaro, Jonathan",88,15.9,0.25,0,0.25,0.25,0.222,,,1,4,83.7,-6,2175,93.5,93.8,0,8,6,0.29999999999999716,6.47,113,151,123,148,286,311,279,"0.798","-0.798",,,,4,4,1,0,0,0,0,0,0,0,"2.51","0.1","1.3","0.85","88.0",54,0,0,0,4.93,-3.61,-0.5,2.45,0.25,0,"-5.7",,,"5.7",,,,,0,,,,,,,
14,670090,"Mills, Wyatt",86,16.3,1,0,1,1,0.782,,,1,1,53.7,38,1900,89.6,90.4,1,7,7,0.8000000000000114,6.96,105,150,115,146,302,324,293,"-0.753","0.753",,,,3,1,1,0,0,0,0,0,0,0,"2.65","0.21","1.16","1.16","88.0",117,0,0,0,3.66,-3.45,-0.31,2.19,1,0,"5.378571429",,,"-5.378571429",,,,,14.3,,,,,,,
14,829524,"Jessee, Chase",35,40,0.25,0.25,0.25,0.5,0.391,,,1,4,81.2,4.2,2163,93.5,93.48,0,4,10,0,6.37,114,150,124,149,294,309,300,"-0.408","0.408",,,,5,4,0,1,0,0,0,0,1,20,"1.49","1.13","0.87","-0.39","95.6",116,50,0,0,5.13,2.04,-0.36,2.2,0.4,0,"2.914285714",,,"-2.914285714",,,,,0,,,,,,,
14,700072,"Rivera, Yaqui",35,40,0.25,0.25,0.5,0.5,0.391,,,1,4,102.8,17.5,1848,93.6,93.21,0,3,11,-0.3999999999999915,5.99,104,140,115,140,296,310,281,"-0.241","0.241",,,,5,2,0,1,0,0,2,40,1,20,"2.25","0.34","1.41","1.41","97.8",269,100,50,20,5.16,-1.25,-0.11,2.35,0.4,1,"1.721428571",,,"-1.721428571",,,,,0,,,,,,,
14,681003,"Walling, Andrew",125,11.2,1,1,1,2,0.906,,,1,1,108,19,2057,93.6,93.76,0,3,11,0.20000000000000284,6.47,117,148,117,149,271,309,287,"-1.189","1.189",,,,3,1,0,1,0,0,0,0,0,0,"1.98","0.64","0.93","0.83","94.7",217,100,100,33.33333333333333,5.59,3.13,0.58,2.23,1,1,"8.492857143",,,"-8.492857143",,,,,0,,,,,,,
13,681869,"Dubin, Shawn",108,12,0,0,0,0,0,,,0,3,94,-22.3,2145,93.7,94.01,0,4,9,0.29999999999999716,6.42,103,144,122,142,301,321,300,"-0.081","0.081",,,,3,3,0,0,0,0,0,0,0,0,"1.93","0.67","1.28","1.1","95.0",80,33.33333333333333,0,0,5.7,-1.91,-0.01,1.96,0,0,"0.623076923",,,"-0.623076923",,,,,0,,,,,,,
13,601713,"Pivetta, Nick",208,6.3,0.4,0.6,0.333,1,0.587,,,2,5,89.4,-14.5,2246,93.6,94.65,0,5,8,1.1000000000000085,6.82,106,144,119,143,298,327,293,"-1.517","1.517",,,,5,4,1,0,0,1,1,20,0,0,"1.22","1.37","0.83","0.27","97.7",132,75,25,20,6.65,-0.93,-0.36,2.27,0.4,1,"11.669230769",,,"-11.669230769",,,,,0,,,,,,,
13,687312,"Hughes, Gabriel",56,23.2,0,0,0,0,0,,,0,2,96,16.5,1984,93.4,94.19,1,6,7,0.7999999999999972,6.84,107,150,119,150,310,310,287,"-0.296","0.296",,,,2,2,0,0,0,0,0,0,0,0,"1.73","0.89","0.96","0.57","91.5",144,50,0,0,5.57,-2.55,-0.49,2.15,0,0,"2.276923077",,,"-2.276923077",,,,,16.7,,,,,,,
13,800723,"Michael, Trevin",32,40.6,0.333,0,0.333,0.333,0.296,,,1,3,93.4,30.3,1951,91.8,91.4,0,5,8,-0.3999999999999915,5.75,98,149,124,150,283,316,300,"-0.255","0.255",,,,3,3,1,0,0,0,0,0,0,0,"1.84","0.84","1.14","0.04","92.0",219,33.33333333333333,0,0,5.73,-2.08,0.14,2.64,0.333,0,"1.961538462",,,"-1.961538462",,,,,0,,,,,,,
13,672282,"Detmers, Reid",228,5.7,0,0,0,0,0,,,0,3,78.8,22,2098,93.6,93.64,0,3,10,0,6.28,113,148,116,150,291,318,303,"0.544","-0.544",,,,3,2,0,0,0,0,1,33.3,0,0,"1.34","1.26","1","0.55","90.2",209,0,0,0,6.11,1.67,0.33,2.72,0,0,"-4.184615385",,,"4.184615385",,,,,0,,,,,,,
13,669947,"Scholtens, Jesse",78,16.7,0.667,0,0.667,0.667,0.593,,,2,3,78.2,20.3,2201,92.8,93.34,1,8,5,0.5,6.63,107,148,116,142,293,310,289,"-0.086","0.086",,,,3,3,2,0,0,0,0,0,0,0,"1.65","1","1.09","0.82","88.2",184,0,0,0,5.85,-1.04,0.04,2.52,0.667,0,"0.661538462",,,"-0.661538462",,,,,12.5,,,,,,,
13,807723,"Johnson, Bjorn",24,54.2,0.5,0,0.5,0.5,0.529,,,1,2,100.5,37.5,2294,90.7,89.38,0,4,9,-1.2999999999999972,5.76,103,150,117,147,296,312,285,"-0.551","0.551",,,,3,2,1,0,0,0,0,0,1,33.3,"1.53","1.27","0.94","-0.6","98.1",235,50,0,0,6.37,-0.18,-0.4,2.16,0.667,0,"4.238461538",,,"-4.238461538",,,,,0,,,,,,,
13,455119,"Martin, Chris",92,14.1,0,0,0,0,0,,,0,3,76.8,-2.3,2170,93,93.46,0,6,7,0.5,6.54,101,151,121,147,308,321,302,"0.727","-0.727",,,,3,3,0,0,0,0,0,0,0,0,"1.77","0.86","1.13","1.13","88.0",106,0,0,0,6.11,-2.91,-0.82,2.71,0,0,"-5.592307692",,,"5.592307692",,,,,0,,,,,,,
13,677020,"Walker, Josh",51,25.5,0.333,0,0.333,0.333,0.457,,,1,3,93.9,-6,2168,91.4,92.97,1,4,9,1.5999999999999943,7.21,116,148,119,146,286,313,285,"-0.49","0.49",,,,5,3,1,0,0,0,0,0,2,40,"1.89","0.84","1.03","-0.04","93.9",56,33.33333333333333,0,0,6.26,2.57,0.34,3.67,0.6,0,"3.769230769",,,"-3.769230769",,,,,25,,,,,,,
13,700322,"Key, Keythel",29,44.8,0.333,0,0.333,0.333,0.397,,,1,3,84.9,-8,,93.8,93.55,0,5,8,-0.29999999999999716,6.29,107,135,114,136,291,312,297,"-0.001","0.001",,,,4,3,1,0,0,0,0,0,1,25,"2.33","0.28","1.2","-0.01","88.0",74,0,0,0,5.2,-1.76,-0.25,1.76,0.5,0,"0.007692308",,,"-0.007692308",,,,,0,,,,,,,
13,805673,"Matthews, Zebby",200,6.5,0.333,0,0.333,0.333,0.296,,,1,3,85.3,-18,2087,94.5,94.78,1,7,6,0.29999999999999716,6.46,112,153,123,149,292,318,287,"0.104","-0.104",,,,3,3,1,0,0,0,0,0,0,0,"1.6","0.95","1.2","1.2","89.7",57,33.33333333333333,0,0,5.91,-1.89,-0.06,2.06,0.333,0,"-0.8",,,"0.8",,,,,14.3,,,,,,,
13,664353,"Urquidy, José",154,8.4,0.143,0,0.143,0.143,0.127,,,1,7,79.7,-7,2122,92.7,91.6,0,9,4,-1.1000000000000085,5.72,108,151,124,150,293,310,294,"0.662","-0.662",,,,7,7,1,0,0,0,0,0,0,0,"1.59","1.07","1.05","0.89","91.2",43,28.57142857142857,0,0,5.98,-1.72,-0.41,2.46,0.143,0,"-5.092307692",,,"5.092307692",,,,,0,,,,,,,
13,685126,"Eisert, Brandon",142,9.2,0,0,0,0,0.233,,,0,2,91.2,25,1979,88.5,89.58,2,6,7,1.0999999999999943,6.98,120,147,114,153,286,322,300,"0.266","-0.266",,,,3,2,0,0,0,0,0,0,1,33.3,"2.24","0.67","1.12","1.12","91.4",251,50,0,0,4.91,4.17,0.23,1.97,0.333,0,"-2.046153846",,,"2.046153846",,,,,33.3,,,,,,,
13,680767,"Vodnik, Victor",110,11.8,1,0.5,0.667,1.5,0.716,,,2,2,100.2,11.3,2238,97.8,98.48,0,6,7,0.7000000000000028,6.59,102,149,116,144,303,320,285,"-0.815","0.815",,,,3,3,1,1,0,0,0,0,0,0,"1.48","0.9","1.09","0.7","94.1",173,100,0,0,5.59,-1.89,0.14,1.65,0.667,0,"6.269230769",,,"-6.269230769",,,,,0,,,,,,,
13,628708,"Marte, Yunior",114,11.4,0.5,1.5,0,2,1.022,,,1,2,99.2,31.5,2441,96.6,95.82,1,7,6,-0.7999999999999972,5.82,104,152,124,147,300,334,298,"-0.898","0.898",,,,2,2,0,0,0,1,0,0,0,0,"1.55","0.89","1.36","1.36","97.4",80,50,0,0,5.73,-1.58,-0.19,1.86,0.5,0,"6.907692308",,,"-6.907692308",,,,,14.3,,,,,,,
13,608372,"Sugano, Tomoyuki",117,11.1,0.667,1.333,0.5,2,1.101,,,2,3,103,6.7,2302,92.3,91.85,2,7,6,-0.5,6.18,114,152,111,149,296,318,290,"-2.608","2.608",,,,3,3,0,1,0,1,0,0,0,0,"1.74","0.96","1.09","0.66","97.7",254,100,66.66666666666666,66.66666666666666,5.96,-2.6,0.1,2.36,0.667,2,"20.061538462",,,"-20.061538462",,,,,28.6,,,,,,,
13,595881,"Beede, Tyler",88,14.8,0,0,0,0,0,,,0,3,93.2,-13.3,2006,92.3,92.75,1,7,6,0.5,6.37,107,152,117,147,303,327,303,"0.912","-0.912",,,,3,3,0,0,0,0,0,0,0,0,"2.04","0.63","1.14","0.83","91.1",128,33.33333333333333,0,0,5.36,-1.6,-0.22,2.56,0,0,"-7.015384615",,,"7.015384615",,,,,14.3,,,,,,,
13,670871,"Zuñiga, Guillo",77,16.9,1,0.4,1,1.4,1.03,,,5,5,92.8,15.4,2301,97.5,97.17,2,7,6,-0.29999999999999716,6.16,104,142,115,137,295,309,295,"-2.656","2.656",,,,5,5,4,0,1,0,0,0,0,0,"1.82","0.58","1.45","0.39","95.0",246,40,0,0,5.83,-2.14,-0.68,2.18,1,0,"20.430769231",,,"-20.430769231",,,,,28.6,,,,,,,
13,700380,"Loeschorn, Joshua",45,28.9,,,,,0.698,,,0,0,,,2193,91.1,92.08,1,4,9,1,7.16,104,149,119,147,292,312,271,"-0.417","0.417",,,,2,0,0,0,0,0,0,0,2,100,"1.82","0.95","1.27","0.47","88.7",61,,,,5.23,-1.47,-0.32,1.71,1,,"3.207692308",,,"-3.207692308",,,,,25,,,,,,,
13,674674,"Sikkema, T.J.",107,12.1,0.25,0,0.333,0.25,0.222,,,1,4,94.3,-12.7,2020,89.2,89.7,1,6,7,0.5,6.58,114,144,119,152,284,315,294,"0.31","-0.31",,,,4,3,1,0,0,0,1,25,0,0,"2.32","0.54","1.31","1.1","92.5",121,33.33333333333333,0,0,5.37,2.83,0.85,2.51,0.25,0,"-2.384615385",,,"2.384615385",,,,,16.7,,,,,,,
13,806583,"Perez, Adonys",37,35.1,0,0,,0,0,,,0,1,,,2064,93.1,91.62,0,5,8,-1.5,5.45,115,151,118,149,285,315,296,"0.201","-0.201",,,,1,0,0,0,0,0,1,100,0,0,"2.2","0.44","1.16","0.32","89.4",161,,,,5.85,1.44,0.09,2.46,0,,"-1.546153846",,,"1.546153846",,,,,0,,,,,,,
13,690382,"Darrell-Hicks, Michael",68,19.1,0.25,0.25,0.25,0.5,0.315,,,1,4,88.1,6,2330,93.6,93.71,0,5,8,0.10000000000000853,6.43,103,147,118,145,289,313,282,"-0.785","0.785",,,,4,4,0,1,0,0,0,0,0,0,"2.05","0.56","1.26","0.65","94.8",104,50,0,0,5.73,-1.61,-0.38,1.94,0.25,0,"6.038461538",,,"-6.038461538",,,,,0,,,,,,,
13,800125,"Perez, Fernando",43,30.2,0,0,0,0,0.233,,,0,2,97.4,1.5,2128,88.2,88.22,0,3,10,0,6.22,113,150,119,144,284,327,296,"0.194","-0.194",,,,3,2,0,0,0,0,0,0,1,33.3,"2.51","0.41","1.24","0.67","95.4",120,50,0,0,5.9,-1.92,-0.85,1.99,0.333,0,"-1.492307692",,,"1.492307692",,,,,0,,,,,,,
13,691548,"Muñoz, Rolddy",26,50,0,0,0,0,0.465,,,0,1,96.1,-49,2078,94,93.55,1,4,9,-0.4000000000000057,5.97,109,151,127,151,324,310,287,"-0.158","0.158",,,,3,1,0,0,0,0,0,0,2,66.7,"1.97","0.6","1.49","0.08","95.2",143,100,0,0,5.88,-2.19,0.05,1.96,0.667,0,"1.215384615",,,"-1.215384615",,,,,25,,,,,,,
13,805291,"Reilly, Vince",92,14.1,1,0,1,1,0.889,,,1,1,105.5,-18,2099,96.8,97.28,2,9,4,0.5,6.54,111,152,114,149,296,329,298,"-0.349","0.349",,,,1,1,1,0,0,0,0,0,0,0,"1.71","0.72","1.07","1.07","92.6",93,100,0,0,5.37,-1.72,-0.35,2.52,1,0,"2.684615385",,,"-2.684615385",,,,,22.2,,,,,,,
13,663485,"Sands, Cole",119,10.9,0.143,0,0.167,0.143,0.127,,,1,7,82.6,-3.2,2195,93.5,92.54,0,8,5,-1,5.82,105,142,114,139,294,319,275,"1.459","-1.459",,,,7,6,1,0,0,0,1,14.3,0,0,"1.95","0.66","1.36","1.36","91.3",70,33.33333333333333,0,0,5.7,-2.37,-0.06,2.1,0.143,0,"-11.223076923",,,"11.223076923",,,,,0,,,,,,,
13,670036,"Festa, Matt",89,14.6,0,0,0,0,0,,,0,3,86.1,-28,2340,92.2,92.46,3,7,6,0.29999999999999716,6.49,112,151,121,145,295,317,293,"0.69","-0.69",,,,3,2,0,0,0,0,1,33.3,0,0,"1.91","0.78","0.88","0.88","88.0",142,0,0,0,5.12,-2.07,-0.32,2.47,0,0,"-5.307692308",,,"5.307692308",,,,,42.9,,,,,,,
12,605540,"Woodruff, Brandon",94,12.8,0.5,0,0.5,0.5,0.445,,,1,2,96.7,-7,2258,92.3,92.67,0,7,5,0.4000000000000057,6.43,118,152,120,149,295,332,305,"0.057","-0.057",,,,2,2,1,0,0,0,0,0,0,0,"1.62","1.05","1.04","0.34","90.9",101,50,0,0,6.09,-1.39,0.11,2.25,0.5,0,"-0.475",,,"0.475",,,,,0,,,,,,,
12,694918,"Tidwell, Blade",147,8.2,0.5,0,1,0.5,0.571,,,1,2,111.2,6,2079,95.6,96.01,0,2,10,0.4000000000000057,6.52,107,150,118,148,307,333,310,"-0.782","0.782",,,,4,1,1,0,0,0,1,25,2,50,"1.48","1.01","1.1","0.55","99.6",162,100,0,0,6.19,-1.6,-0.27,2.67,0.75,0,"6.516666667",,,"-6.516666667",,,,,0,,,,,,,
12,548384,"Raley, Brooks",53,22.6,0.5,0,0.5,0.5,0.445,,,1,2,90.9,23,2335,90.2,89.2,0,4,8,-1,5.84,113,149,131,151,292,315,281,"-0.296","0.296",,,,2,2,1,0,0,0,0,0,0,0,"2.43","0.39","1.16","0.21","90.0",196,50,0,0,5.63,2.95,-0.29,1.93,0.5,0,"2.466666667",,,"-2.466666667",,,,,0,,,,,,,
12,813865,"Leach, Hudson",44,27.3,0.333,0,0.333,0.333,0.296,,,1,3,91.6,-20,2425,95.4,95.41,0,6,6,0,6.24,114,153,121,148,304,331,286,"0.249","-0.249",,,,3,3,1,0,0,0,0,0,0,0,"1.73","0.77","1.16","1.16","92.8",8,33.33333333333333,0,0,5.65,-1.91,0.08,1.59,0.333,0,"-2.075",,,"2.075",,,,,0,,,,,,,
12,702153,"Fitzpatrick, Brian",91,13.2,0.25,0,0.25,0.25,0.222,,,1,4,89.1,-5.8,2389,94.4,94.97,0,6,6,0.5999999999999943,6.53,118,149,119,150,294,309,297,"0.668","-0.668",,,,4,4,1,0,0,0,0,0,0,0,"1.83","0.72","1.44","0.93","94.7",67,75,0,0,5.9,1.18,0.12,2.52,0.25,0,"-5.566666667",,,"5.566666667",,,,,0,,,,,,,
12,815143,"Vogatsky, Joe",27,44.4,,,,,0.698,,,0,0,,,2184,93,91.28,0,2,10,-1.7000000000000028,5.46,109,145,117,147,278,314,287,"-0.54","0.54",,,,2,0,0,0,0,0,0,0,2,100,"1.6","1.05","1.14","-0.04","88.0",156,,,,5.19,-2.6,0.3,3.46,1,,"4.5",,,"-4.5",,,,,0,,,,,,,
12,685112,"McCambley, Zach",132,9.1,0,0,0,0,0,,,0,1,104,4,2439,93.4,92.8,0,4,8,-0.6000000000000085,5.96,108,146,114,143,288,305,279,"0.227","-0.227",,,,1,1,0,0,0,0,0,0,0,0,"1.79","0.83","0.92","0.59","93.3",211,100,0,0,5.86,-1.27,0.46,1.61,0,0,"-1.891666667",,,"1.891666667",,,,,0,,,,,,,
12,700249,"Povich, Cade",153,7.8,0,0,0,0,0.174,,,0,3,78.8,-26,2224,91.6,91.5,0,5,7,-0.09999999999999432,6.33,113,148,123,147,286,313,295,"0.236","-0.236",,,,4,2,0,0,0,0,1,25,1,25,"1.76","0.97","1.13","0.42","88.0",68,0,0,0,6.07,0.97,0.66,2.25,0.25,0,"-1.966666667",,,"1.966666667",,,,,0,,,,,,,
12,696070,"Rojas, Kendry",109,11,0.667,1,0.5,1.667,0.978,,,2,3,84.6,-9.3,1955,94.9,95.47,0,4,8,0.5999999999999943,6.66,111,144,121,150,285,320,286,"-1.717","1.717",,,,3,3,1,0,0,1,0,0,0,0,"1.61","0.92","1.26","0.48","91.8",136,33.33333333333333,33.33333333333333,33.33333333333333,5.94,1.71,0.74,2.1,0.667,1,"14.308333333",,,"-14.308333333",,,,,0,,,,,,,
12,702273,"Schultz, Noah",58,20.7,0.5,0,0.5,0.5,0.445,,,1,2,94.5,1,2495,94.6,94.38,1,5,7,-0.19999999999998863,6.13,100,145,118,142,290,325,299,"-0.118","0.118",,,,2,2,1,0,0,0,0,0,0,0,"1.94","0.61","1.4","-1.19","92.7",189,50,0,0,5.87,1.76,0.21,2.41,0.5,0,"0.983333333",,,"-0.983333333",,,,,20,,,,,,,
12,693176,"Joseph, Elison",24,50,0.333,0,0.333,0.333,0.296,,,1,3,85.2,19.7,2237,94.1,94.04,1,5,7,-0.09999999999999432,6.75,116,147,114,149,296,327,293,"-0.169","0.169",,,,3,3,1,0,0,0,0,0,0,0,"1.55","1.07","1.61","-0.2","90.7",124,0,0,0,5.34,-2.3,0.22,2.47,0.333,0,"1.408333333",,,"-1.408333333",,,,,20,,,,,,,
12,690939,"Noland, Connor",105,11.4,0.5,0,1,0.5,0.445,,,1,2,106,3,2135,91.5,92.22,1,5,7,0.7000000000000028,6.49,110,138,110,142,293,325,301,"-0.206","0.206",,,,2,1,1,0,0,0,1,50,0,0,"2.07","0.63","0.81","0.71","99.0",98,100,0,0,6.28,-2.08,-0.36,2.49,0.5,0,"1.716666667",,,"-1.716666667",,,,,20,,,,,,,
12,607536,"Freeland, Kyle",140,8.6,0,0,0,0,0,,,0,4,82.1,-0.8,2246,92.4,92.82,0,7,5,0.3999999999999915,6.45,114,139,110,151,294,320,203,"0.927","-0.927",,,,4,4,0,0,0,0,0,0,0,0,"2.03","0.63","1.19","0.78","88.0",111,0,0,0,5.84,2.75,0.55,2.2,0,0,"-7.725",,,"7.725",,,,,0,,,,,,,
12,672456,"Montero, Keider",70,17.1,0.5,0,0.333,0.5,0.296,,,1,2,87.5,34,2220,96.7,96.54,0,5,7,-0.20000000000000284,6.42,96,129,109,124,296,327,284,"0.088","-0.088",,,,3,3,1,0,0,0,0,0,0,0,"1.42","1.04","1.18","1.18","94.1",209,0,0,0,5.82,-1.94,-0.02,1.92,0.333,0,"-0.733333333",,,"0.733333333",,,,,0,,,,,,,
12,683155,"Estes, Joey",43,27.9,0.5,0,0.5,0.5,0.445,,,2,4,77.4,25.3,2309,92.1,91.82,1,8,4,-0.20000000000000284,6.21,100,153,122,146,292,329,294,"0.157","-0.157",,,,4,4,2,0,0,0,0,0,0,0,"1.5","1.2","1.16","0.96","89.9",110,0,0,0,5.87,-1.59,-0.51,2.89,0.5,0,"-1.308333333",,,"1.308333333",,,,,12.5,,,,,,,
12,701719,"Samaniego, Tyler",73,16.4,0,0,,0,0,,,0,1,,,2214,93.3,94.03,0,3,9,0.7000000000000028,6.92,102,144,114,148,282,300,293,"0.288","-0.288",,,,1,0,0,0,0,0,1,100,0,0,"2.01","0.63","1.43","0.76","88.0",251,,,,5.52,1.92,0.38,2.33,0,,"-2.4",,,"2.4",,,,,0,,,,,,,
12,606965,"Devenski, Chris",80,15,0.333,0,0.333,0.333,0.296,,,1,3,100.7,-15,2285,93.3,92.69,0,6,6,-0.5999999999999943,6.11,95,144,118,146,269,291,274,"0.265","-0.265",,,,3,3,1,0,0,0,0,0,0,0,"1.62","1.01","1.29","1.29","95.6",51,66.66666666666666,0,0,6.13,-0.31,-0.38,2.2,0.333,0,"-2.208333333",,,"2.208333333",,,,,0,,,,,,,
12,622256,"Weigel, Patrick",52,23.1,0.5,0,0.5,0.5,0.529,,,1,2,90.6,6,2260,93.1,92.9,0,5,7,-0.19999999999998863,6.36,113,151,115,149,298,313,273,"-0.582","0.582",,,,3,2,1,0,0,0,0,0,1,33.3,"2.34","0.31","0.98","0.14","90.4",96,50,0,0,5.56,-2.9,0.28,2.46,0.667,0,"4.85",,,"-4.85",,,,,0,,,,,,,
12,696059,"Simon, Johan",33,36.4,1,0,1,1,0.825,,,2,2,97.1,-2,2059,94.3,94.28,0,3,9,0,6.52,110,150,114,149,296,328,282,"-1.524","1.524",,,,3,2,2,0,0,0,0,0,1,33.3,"1.83","0.76","0.84","-0.02","94.0",155,50,0,0,5.83,2.43,-0.34,1.81,1,0,"12.7",,,"-12.7",,,,,0,,,,,,,
12,695378,"Sinclair, Jack",34,35.3,0.5,0,1,0.5,0.445,,,1,2,82.9,4,2081,97,97.03,1,6,6,0,6.45,118,148,131,152,296,327,300,"-0.319","0.319",,,,2,1,1,0,0,0,1,50,0,0,"1.61","0.82","1.16","-0.71","89.1",208,0,0,0,5.2,-2,-0.62,2.18,0.5,0,"2.658333333",,,"-2.658333333",,,,,16.7,,,,,,,
12,681212,"Schanaman, Shay",36,33.3,0.5,0.5,0.5,1,0.63,,,1,2,89.8,7.5,2015,92.3,91.67,1,7,5,-0.5999999999999943,6.18,121,152,126,150,299,314,286,"-0.367","0.367",,,,2,2,0,1,0,0,0,0,0,0,"2.08","0.63","1.23","0.38","89.5",84,50,0,0,5.64,-1.87,0.02,2.51,0.5,0,"3.058333333",,,"-3.058333333",,,,,14.3,,,,,,,
12,641745,"Keller, Brad",55,21.8,0.5,0.25,0.5,0.75,0.537,,,2,4,81.6,2.5,2260,96.7,95.98,1,7,5,-0.7000000000000028,6.04,114,151,119,148,292,307,283,"-0.649","0.649",,,,4,4,1,1,0,0,0,0,0,0,"1.41","1.04","1.19","1.19","91.0",58,25,0,0,6.31,-1.32,-0.82,2.42,0.5,0,"5.408333333",,,"-5.408333333",,,,,14.3,,,,,,,
12,804577,"VanScoter, Reid",40,30,0,0,0,0,0.243,,,0,2,90,-3,2233,93.6,93.6,3,6,6,0,6.24,108,148,124,150,283,322,298,"0.258","-0.258",,,,3,1,0,0,0,0,1,33.3,0,0,"2.37","0.23","1.35","0.19","92.5",184,0,0,0,5.28,2.17,0.14,2.84,0.333,0,"-2.15",,,"2.15",,,,,50,,,,,,,
12,804249,"Kuehner, Tate",48,25,0.333,0,0.333,0.333,0.296,,,1,3,87.9,-4.7,2120,94.3,94.2,1,7,5,-0.09999999999999432,6.08,109,150,124,148,302,309,292,"0.396","-0.396",,,,3,3,1,0,0,0,0,0,0,0,"2.11","0.44","1.31","-0.42","93.2",97,33.33333333333333,0,0,5.15,1.61,-0.07,2.26,0.333,0,"-3.3",,,"3.3",,,,,14.3,,,,,,,
12,622694,"Hernández, Elieser",82,14.6,0.333,0.333,0.333,0.667,0.42,,,1,3,87.3,27,2304,92.9,92.83,0,5,7,-0.10000000000000853,6.52,121,150,136,151,296,320,293,"-0.22","0.22",,,,3,3,0,1,0,0,0,0,0,0,"1.35","1.32","0.95","-0.3","91.5",194,33.33333333333333,0,0,5.17,-2.05,0.21,2.51,0.333,0,"1.833333333",,,"-1.833333333",,,,,0,,,,,,,
12,681217,"Silseth, Chase",191,6.3,0.6,0.2,0.6,0.8,0.608,,,3,5,98.2,6.2,2272,93.8,93.22,0,5,7,-0.5999999999999943,5.77,98,148,114,149,302,327,309,"-1.149","1.149",,,,5,5,2,1,0,0,0,0,0,0,"1.81","0.76","1.07","0.36","98.2",178,60,20,20,5.91,-1.9,-0.35,2.47,0.6,1,"9.575",,,"-9.575",,,,,0,,,,,,,
11,682052,"Lopez, Jacob",166,6.6,0,0,,0,0,,,0,1,,,2028,89.9,90.9,2,4,7,1,6.99,110,148,117,147,293,328,295,"0.538","-0.538",,,,1,0,0,0,0,0,1,100,0,0,"2.16","0.67","1.32","0.32","88.0",68,,,,5.3,3.51,0.11,2.38,0,,"-4.890909091",,,"4.890909091",,,,,50,,,,,,,
11,678868,"Yean, Eddy",19,57.9,0.5,0.5,1,1,0.652,,,1,2,97.7,1,2317,97.6,98.35,4,5,6,0.7000000000000028,6.35,108,149,117,147,286,322,271,"-0.563","0.563",,,,3,1,0,1,0,0,1,33.3,1,33.3,"1.77","0.59","1.27","0.79","97.7",53,100,0,0,5.42,-1.67,-0.55,2.83,0.667,0,"5.118181818",,,"-5.118181818",,,,,80,,,,,,,
11,552640,"Kittredge, Andrew",23,47.8,,,,,0.698,,,0,0,,,2210,91.8,91.75,0,1,10,-0.09999999999999432,6.62,101,143,121,142,292,314,289,"-0.234","0.234",,,,1,0,0,0,0,0,0,0,1,100,"1.69","1.05","1.41","0.9","104.0",17,,,,5.73,-1.64,0.56,1.62,1,,"2.127272727",,,"-2.127272727",,,,,0,,,,,,,
11,828594,"Watson, Michael",45,24.4,0.333,0.333,0.5,0.667,0.489,,,1,3,96.7,15,2029,92.7,93.44,2,4,7,0.7000000000000028,6.87,110,149,116,149,283,313,283,"-0.43","0.43",,,,4,2,0,1,0,0,1,25,1,25,"1.5","1.15","0.82","-0.42","97.1",274,50,50,25,4.93,2.22,0.07,2.51,0.5,1,"3.909090909",,,"-3.909090909",,,,,50,,,,,,,
11,823748,"Hodges, Garrett",25,44,0.333,0,0.5,0.333,0.296,,,1,3,77.1,-45,2096,92.8,93.98,1,4,7,1.2000000000000028,6.87,115,149,116,149,295,326,306,"0.196","-0.196",,,,3,2,1,0,0,0,1,33.3,0,0,"2.06","0.58","0.8","-0.4","88.6",83,0,0,0,4.99,-2.49,0.48,1.95,0.333,0,"-1.781818182",,,"1.781818182",,,,,25,,,,,,,
11,683352,"Bratt, Mitch",137,8,0.5,0,0.5,0.5,0.445,,,1,2,96.7,-8.5,2132,89.8,88.91,0,4,7,-0.8999999999999915,5.91,112,146,117,150,290,320,309,"-0.53","0.53",,,,2,2,1,0,0,0,0,0,0,0,"2.22","0.62","1.31","1.31","92.3",84,50,0,0,5.39,2.71,0.17,2.3,0.5,0,"4.818181818",,,"-4.818181818",,,,,0,,,,,,,
11,642100,"Speier, Gabe",39,28.2,0.333,0,0.333,0.333,0.296,,,1,3,68.2,-10.7,2073,95.1,94.42,1,4,7,-0.6999999999999886,5.86,113,148,121,146,292,321,295,"0.21","-0.21",,,,3,3,1,0,0,0,0,0,0,0,"1.74","0.78","1.21","-0.96","91.2",77,33.33333333333333,0,0,5.84,1.7,0.06,2.81,0.333,0,"-1.909090909",,,"1.909090909",,,,,25,,,,,,,
11,641962,"Pelham, CD",55,20,0.333,0,0.333,0.333,0.397,,,1,3,89.4,7.3,2084,94.6,96.43,2,7,4,1.8000000000000114,7.22,104,138,108,142,282,319,295,"0.039","-0.039",,,,4,3,1,0,0,0,0,0,1,25,"1.95","0.59","1.07","0.85","92.0",183,33.33333333333333,0,0,5.67,2.16,0.53,1.99,0.5,0,"-0.354545455",,,"0.354545455",,,,,28.6,,,,,,,
11,689296,"Nunez, Anthony",61,18,0.333,0,0.333,0.333,0.296,,,1,3,90.9,-11,2171,95.8,95.92,0,4,7,0.10000000000000853,6.56,113,149,120,146,285,312,287,"0.127","-0.127",,,,3,3,1,0,0,0,0,0,0,0,"1.71","0.79","1.36","1.12","91.4",95,33.33333333333333,33.33333333333333,33.33333333333333,5.74,-1.04,-0.38,1.92,0.333,1,"-1.154545455",,,"1.154545455",,,,,0,,,,,,,
11,657571,"Ferguson, Caleb",44,25,1,0,1,1,0.794,,,1,1,94.7,-44,2212,93.1,93.28,0,3,8,0.20000000000000284,6.31,115,145,105,147,286,310,298,"-0.96","0.96",,,,2,1,1,0,0,0,0,0,1,50,"1.91","0.71","1","0.32","90.2",122,0,0,0,5.86,2.4,0.64,3.24,1,0,"8.727272727",,,"-8.727272727",,,,,0,,,,,,,
11,693311,"Hence, Tink",41,26.8,0.667,0,0.667,0.667,0.593,,,2,3,60.8,-14.3,2014,95.4,95.11,2,7,4,-0.30000000000001137,5.99,118,151,117,148,288,322,283,"-0.453","0.453",,,,3,3,2,0,0,0,0,0,0,0,"1.54","0.95","1.28","0.6","89.8",99,0,0,0,5.77,-1.36,-0.72,2.7,0.667,0,"4.118181818",,,"-4.118181818",,,,,28.6,,,,,,,
11,803833,"Baumann, Garrett",71,15.5,0,0,0,0,0,,,0,1,104.4,16,2194,93.3,94.09,0,3,8,0.7999999999999972,7.07,113,151,123,146,299,328,292,"0.214","-0.214",,,,1,1,0,0,0,0,0,0,0,0,"1.59","1.07","1.55","1.23","96.2",265,100,0,0,6.31,-1.6,0.17,1.9,0,0,"-1.945454545",,,"1.945454545",,,,,0,,,,,,,
11,518876,"Kelly, Merrill",124,8.9,0.75,0,0.75,0.75,0.667,,,3,4,88,2.8,2200,90.9,90.05,1,8,3,-0.9000000000000057,5.82,105,148,117,149,298,321,293,"-0.67","0.67",,,,4,4,3,0,0,0,0,0,0,0,"2.09","0.67","1.3","0.59","97.6",107,50,0,0,5.53,-1.85,-0.35,2.24,0.75,0,"6.090909091",,,"-6.090909091",,,,,12.5,,,,,,,
11,628452,"Iglesias, Raisel",87,12.6,0.333,1,0,1.333,0.682,,,1,3,83.1,3,2252,93.9,93.75,1,4,7,-0.20000000000000284,6.09,118,150,125,148,308,320,292,"-0.741","0.741",,,,3,3,0,0,0,1,0,0,0,0,"1.8","0.78","1.29","0.58","93.8",161,33.33333333333333,33.33333333333333,33.33333333333333,5.64,-1.94,-0.49,1.94,0.333,1,"6.736363636",,,"-6.736363636",,,,,25,,,,,,,
11,640455,"Manaea, Sean",141,7.8,1,0,1,1,0.889,,,1,1,74.7,15,1855,87.8,88.83,1,3,8,1,6.92,114,151,123,151,281,318,278,"-0.471","0.471",,,,1,1,1,0,0,0,0,0,0,0,"2.57","0.39","1.53","-0.14","88.0",141,0,0,0,5.17,3.11,0.12,2.1,1,0,"4.281818182",,,"-4.281818182",,,,,33.3,,,,,,,
11,687905,"Floyd, Taylor",25,44,0,0,0,0,0.349,,,0,1,93.1,-20,2369,88.4,89.08,0,8,3,0.6999999999999886,6.61,113,151,108,149,289,328,304,"0.346","-0.346",,,,2,1,0,0,0,0,0,0,1,50,"2.77","0.14","0.55","0.34","88.8",167,0,0,0,4.09,-2.75,0.06,2.65,0.5,0,"-3.145454545",,,"3.145454545",,,,,0,,,,,,,
11,701121,"VanWey, Logan",156,7.1,0,0,0,0,0,,,0,1,105.6,20,2178,91.3,91.62,1,3,8,0.29999999999999716,6.64,105,144,115,138,300,318,288,"0.424","-0.424",,,,1,1,0,0,0,0,0,0,0,0,"2.32","0.42","1.21","1.21","96.8",266,100,100,100,4.93,-2.75,-0.34,2.98,0,1,"-3.854545455",,,"3.854545455",,,,,33.3,,,,,,,
11,702578,"McCoy, Kyle",21,52.4,0.5,0.5,1,1,0.63,,,1,2,113.1,19,1721,95.7,96.03,2,5,6,0.29999999999999716,6.54,115,150,118,148,288,327,280,"-0.424","0.424",,,,2,1,0,1,0,0,1,50,0,0,"1.84","0.66","0.84","-0.53","100.5",279,100,100,50,5.89,2.47,0.23,2.8,0.5,1,"3.854545455",,,"-3.854545455",,,,,40,,,,,,,
11,800811,"Kroeger, Jacob",53,20.8,0.6,0.2,0.75,0.8,0.623,,,3,5,97.5,15,1977,91.7,92.08,0,4,7,0.3999999999999915,6.68,111,151,117,148,300,322,289,"-1.525","1.525",,,,6,4,2,1,0,0,1,16.7,1,16.7,"1.58","1.15","0.88","-0.72","97.5",257,66.66666666666666,0,0,5.53,2.84,0.23,2.88,0.667,0,"13.863636364",,,"-13.863636364",,,,,0,,,,,,,
11,683232,"Mears, Nick",154,7.1,0,0,0,0,0.14,,,0,4,90.8,-23.3,2114,93.9,94.15,1,7,4,0.29999999999999716,6.37,110,150,125,146,301,322,289,"0.645","-0.645",,,,5,3,0,0,0,0,1,20,1,20,"1.54","1.04","1.14","1.14","91.5",38,33.33333333333333,0,0,6.26,-1.95,-0.79,2.36,0.2,0,"-5.863636364",,,"5.863636364",,,,,14.3,,,,,,,
11,659389,"Loewen, Carter",24,45.8,0.5,0,1,0.5,0.495,,,2,4,95.4,-0.5,2354,94.3,94.23,0,3,8,-0.09999999999999432,6.26,110,147,121,146,295,303,284,"-0.813","0.813",,,,5,2,2,0,0,0,2,40,1,20,"1.43","1.13","1.26","0.35","92.9",124,50,0,0,6.19,-0.45,0.54,2.31,0.6,0,"7.390909091",,,"-7.390909091",,,,,0,,,,,,,
11,687864,"Vanderhei, Ryan",22,50,0,0,0,0,0,,,0,3,97.8,-23.7,2151,95.4,95.9,0,6,5,0.5,6.38,106,149,117,149,286,326,307,"1.241","-1.241",,,,3,3,0,0,0,0,0,0,0,0,"1.98","0.51","1.28","0.12","93.9",5,66.66666666666666,0,0,5.98,-0.83,-0.14,2.33,0,0,"-11.281818182",,,"11.281818182",,,,,0,,,,,,,
11,669721,"Daniel, Davis",67,16.4,,,,,,,,,,,,2125,92.7,93.62,1,1,10,0.8999999999999915,6.9,107,152,123,147,309,332,285,"0.098","-0.098",,,,,,,,,,,,,,"1.64","1.02","1.2","1.2",,,,,,5.22,-1.71,-0.2,2.03,,,"-0.890909091",,,"0.890909091",,,,,100,,,,,,,
11,671305,"Otañez, Michel",51,21.6,0.5,1.5,0,2,1.022,,,1,2,89.2,11.5,2090,96.5,96.24,1,4,7,-0.29999999999999716,6.12,101,151,117,147,300,316,309,"-1.003","1.003",,,,2,2,0,0,0,1,0,0,0,0,"1.47","0.98","1.18","1.18","92.8",201,50,50,50,5.84,-2.15,-0.22,2.15,0.5,1,"9.118181818",,,"-9.118181818",,,,,25,,,,,,,
11,682999,"Childers, Will",63,17.5,0,0,0,0,0,,,0,2,92,-4.5,2268,95.7,96.03,0,3,8,0.29999999999999716,6.35,110,151,121,147,300,315,291,"0.712","-0.712",,,,2,2,0,0,0,0,0,0,0,0,"1.39","1.09","0.85","0.74","92.2",137,50,0,0,6.58,-0.9,0.33,2.37,0,0,"-6.472727273",,,"6.472727273",,,,,0,,,,,,,
11,676742,"Sanders, Cam",112,9.8,0,0,0,0,0.243,,,0,2,98,1,2260,95.1,94.42,1,3,8,-0.6999999999999886,6.04,111,154,122,150,290,323,285,"-0.046","0.046",,,,3,2,0,0,0,0,0,0,0,0,"2.13","0.41","1.19","1.19","98.0",168,100,0,0,5.96,-3.25,-0.47,2.27,0.333,0,"0.418181818",,,"-0.418181818",,,,,33.3,,,,,,,
11,691721,"Kelley, Jared",22,50,0.5,0,1,0.5,0.529,,,1,2,105.5,-26,2073,93,94.39,0,5,6,1.4000000000000057,7.15,100,149,111,144,308,330,294,"-0.439","0.439",,,,3,1,1,0,0,0,1,33.3,1,33.3,"1.79","0.85","1.22","0.33","92.4",106,100,0,0,6.09,-1.56,0.02,2.24,0.667,0,"3.990909091",,,"-3.990909091",,,,,0,,,,,,,
10,686900,"Shawver, Evan",72,13.9,0.667,0,1,0.667,0.619,,,2,3,103.3,8,2267,92.9,92.49,2,7,3,-0.4000000000000057,5.84,115,146,115,151,288,318,265,"-0.963","0.963",,,,4,2,2,0,0,0,1,25,1,25,"1.7","0.92","1.14","0.69","95.6",137,100,0,0,5.43,1.04,0.05,2.59,0.75,0,"9.63",,,"-9.63",,,,,28.6,,,,,,,
10,676974,"Meyer, Max",98,10.2,0.5,0,0.5,0.5,0.445,,,1,2,82.1,40,2479,95,94.8,0,5,5,-0.20000000000000284,6.02,104,151,125,146,287,319,285,"-0.105","0.105",,,,2,2,1,0,0,0,0,0,0,0,"1.75","0.76","1.47","1.15","90.7",73,50,0,0,5.96,-1.22,-0.36,2.25,0.5,0,"1.05",,,"-1.05",,,,,0,,,,,,,
10,676467,"Gordon, Colton",90,11.1,1,0,1,1,0.889,,,1,1,90.7,-3,2078,89.9,91.05,1,4,6,1.0999999999999943,6.99,122,147,116,150,289,321,295,"-0.312","0.312",,,,1,1,1,0,0,0,0,0,0,0,"1.75","1.07","1.23","1.23","88.9",15,0,0,0,5.67,2.17,0.18,2.08,1,0,"3.12",,,"-3.12",,,,,25,,,,,,,
10,687033,"Lee, Zack",17,58.8,0.333,0,0.333,0.333,0.397,,,1,3,72,-10,2041,91,90.62,1,4,6,-0.4000000000000057,6.29,105,151,123,148,263,293,266,"-0.143","0.143",,,,4,3,1,0,0,0,0,0,1,25,"2.39","0.39","1.43","0.88","88.0",14,0,0,0,5.13,-2.75,0.63,2.11,0.5,0,"1.43",,,"-1.43",,,,,25,,,,,,,
10,800612,"Miller, Cole",18,55.6,1,0,1,1,0.794,,,1,1,102.6,16,2308,89.6,89.66,0,3,7,0.20000000000000284,6.54,102,139,110,145,291,318,296,"-0.701","0.701",,,,2,1,1,0,0,0,0,0,1,50,"1.84","1.03","1.24","-0.35","96.4",272,100,0,0,5.62,-2.61,-0.71,3.1,1,0,"7.01",,,"-7.01",,,,,0,,,,,,,
10,681007,"Cushing, Jack",47,21.3,0.333,0,0.333,0.333,0.397,,,1,3,60.5,-25.7,2155,90.7,90.34,0,5,5,-0.4000000000000057,6,101,146,120,145,289,329,274,"-0.214","0.214",,,,4,3,1,0,0,0,0,0,1,25,"2.07","0.7","1.28","0.73","88.0",35,0,0,0,5.81,-1.92,-0.59,2.26,0.5,0,"2.14",,,"-2.14",,,,,0,,,,,,,
10,805990,"Kipp, Grant",99,10.1,0,0,0,0,0,,,0,2,99.9,-10.5,2115,90.4,91.24,1,3,7,0.7999999999999972,6.81,112,151,117,150,298,327,303,"0.253","-0.253",,,,2,2,0,0,0,0,0,0,0,0,"2.28","0.5","0.97","0.49","99.9",13,100,0,0,5.8,-2.06,-0.5,2.34,0,0,"-2.53",,,"2.53",,,,,33.3,,,,,,,
10,811667,"Edmondson, Clay",12,83.3,0.5,0,0.5,0.5,0.529,,,1,2,99.5,-18,2270,90,88.12,0,5,5,-1.9000000000000057,5.25,126,151,114,151,290,315,297,"-0.576","0.576",,,,3,2,1,0,0,0,0,0,1,33.3,"3.19","-0.36","1.47","0.05","96.0",6,100,0,0,3.49,-3.14,0.15,2.19,0.667,0,"5.76",,,"-5.76",,,,,0,,,,,,,
10,681977,"Smith, Jake",27,37,0.333,0,0.333,0.333,0.397,,,1,3,93.2,38.7,2333,92.7,90.94,0,3,7,-1.7999999999999972,5.31,104,148,127,148,290,314,292,"-0.21","0.21",,,,4,3,1,0,0,0,0,0,1,25,"1.52","1.14","1.08","0.15","93.7",169,33.33333333333333,0,0,5.65,-3.37,0.06,1.77,0.5,0,"2.1",,,"-2.1",,,,,0,,,,,,,
10,804926,"Peterson, Austin",35,28.6,0,0,0,0,0,,,0,3,92.1,15.5,2151,92.8,94.06,1,4,6,1.2999999999999972,7.02,100,150,119,149,299,322,295,"0.729","-0.729",,,,3,2,0,0,0,0,1,33.3,0,0,"1.73","0.92","1.26","0.31","90.9",184,50,0,0,5.7,-1.47,0.05,2.62,0,0,"-7.29",,,"7.29",,,,,25,,,,,,,
10,687911,"King, Bryan",84,11.9,,,,,0.729,,,0,0,,,1928,90.9,91.62,1,2,8,0.6999999999999886,6.57,120,147,139,153,286,325,307,"-0.95","0.95",,,,2,0,0,0,0,0,0,0,0,0,"2.24","0.5","0.86","0.86","88.0",263,,,,5.42,2.74,0.43,2.36,1,,"9.5",,,"-9.5",,,,,50,,,,,,,
10,671600,"Deese, Jaycob",26,38.5,0.25,0,0.25,0.25,0.222,,,1,4,94,4.3,2090,92.9,91.81,0,7,3,-1.1000000000000085,5.75,106,149,117,147,282,318,292,"0.431","-0.431",,,,4,4,1,0,0,0,0,0,0,0,"2.32","0.33","1.14","0.49","94.1",124,50,0,0,5.47,-1.59,-0.27,2.12,0.25,0,"-4.31",,,"4.31",,,,,0,,,,,,,
10,671737,"Bradley, Taj",288,3.5,,,,,,,,,,,,1789,96.8,96.89,0,3,7,0.10000000000000853,6.37,109,152,123,147,288,322,278,"-0.207","0.207",,,,,,,,,,,,,,"1.03","1.4","0.71","0.6","88.0",104,,,,6.28,-1.01,-0.59,1.76,,,"2.07",,,"-2.07",,,,,0,,,,,,,
10,662253,"Muñoz, Andrés",80,12.5,0,0,0,0,0,,,0,1,106,-20,2199,97.6,97.82,1,4,6,0.20000000000000284,6.44,104,149,116,146,300,320,300,"0.393","-0.393",,,,1,1,0,0,0,0,0,0,0,0,"1.92","0.48","1.38","1.1","94.0",6,100,0,0,5.31,-3,-0.49,1.9,0,0,"-3.93",,,"3.93",,,,,25,,,,,,,
10,687195,"Garland, Jake",20,50,0,0,0,0,0.243,,,0,2,93.9,-2.5,2019,92.1,91.89,1,5,5,-0.19999999999998863,6.23,106,153,115,148,297,316,291,"0.45","-0.45",,,,3,2,0,0,0,0,0,0,0,0,"2.1","0.6","1.26","1.26","91.9",112,50,0,0,5.87,-1.8,0.09,2.37,0.333,0,"-4.5",,,"4.5",,,,,20,,,,,,,
10,676604,"Zuber, Tyler",154,6.5,0.333,0,0.333,0.333,0.296,,,1,3,94.4,6.3,2163,94,93.71,0,6,4,-0.29999999999999716,6.04,113,148,125,147,286,313,276,"-0.069","0.069",,,,3,3,1,0,0,0,0,0,0,0,"1.95","0.63","1.3","1.06","92.7",162,33.33333333333333,0,0,5.03,-2.22,-0.51,2.45,0.333,0,"0.69",,,"-0.69",,,,,0,,,,,,,
9,691725,"Painter, Andrew",166,5.4,0.2,0,0.2,0.2,0.178,,,1,5,78.2,-2,2203,95.4,95.92,0,6,3,0.5,6.43,104,148,124,147,292,311,280,"0.609","-0.609",,,,5,5,1,0,0,0,0,0,0,0,"1.36","1.13","0.84","0.84","88.9",55,0,0,0,6.6,-2.01,-0.63,2.29,0.2,0,"-6.766666667",,,"6.766666667",,,,,0,,,,,,,
9,681117,"Taylor, Evan",61,14.8,,,,,0.713,,,0,0,,,2231,92.3,91.91,1,1,8,-0.3999999999999915,6.16,109,148,117,152,290,324,301,"-0.842","0.842",,,,2,0,0,0,0,0,0,0,1,50,"2.39","0.31","1.22","0.1",,,,,,4.83,3.57,0.71,1.78,1,,"9.355555556",,,"-9.355555556",,,,,100,,,,,,,
9,683101,"Goss, JJ",90,10,0,0,0,0,0,,,0,1,58.1,51,1729,91.9,92.93,0,2,7,1,6.8,102,152,118,147,298,323,287,"0.114","-0.114",,,,1,1,0,0,0,0,0,0,0,0,"2.05","0.64","1.1","1.1","88.0",159,0,0,0,5.76,-0.87,-0.14,2.23,0,0,"-1.266666667",,,"1.266666667",,,,,0,,,,,,,
9,688548,"Tellache, Nico",25,36,1,0.5,1,1.5,1.074,,,2,2,90.9,20.5,2227,90.3,91.12,0,4,5,0.7999999999999972,6.84,106,136,119,148,284,313,301,"-1.01","1.01",,,,2,2,1,1,0,0,0,0,0,0,"2.45","0.36","1.26","1.26","91.8",164,50,0,0,5.19,2.64,-0.16,2.33,1,0,"11.222222222",,,"-11.222222222",,,,,0,,,,,,,
9,688445,"Walkinshaw, Jake",32,28.1,,,,,0.713,,,0,0,,,2003,95.7,95.37,0,0,9,-0.29999999999999716,6.07,118,145,124,149,282,322,282,"-0.533","0.533",,,,2,0,0,0,0,0,0,0,1,50,"1.65","0.84","1.2","0.26",,,,,,6.45,-1.77,0.14,2.47,1,,"5.922222222",,,"-5.922222222",,,,,,,,,,,,
9,806046,"Clemmey, Alex",50,18,0,0,0,0,0,,,0,3,89.9,11,2229,93.3,93.36,1,5,4,0.10000000000000853,6.48,124,150,129,152,308,323,310,"-0.079","0.079",,,,4,4,0,0,0,0,0,0,0,0,"2.18","0.45","1.02","-0.02","97.6",205,50,25,25,5.93,2.11,0.19,2.76,0,1,"0.877777778",,,"-0.877777778",,,,,20,,,,,,,
9,680212,"Larkin, Conor",16,56.3,1,0,1,1,0.794,,,1,1,112.3,5,2450,93.5,92.89,2,4,5,-0.5999999999999943,6.06,110,148,115,151,291,328,293,"-0.08","0.08",,,,2,1,1,0,0,0,0,0,1,50,"1.92","0.7","1.32","-0.71","100.2",214,100,0,0,5.02,-1.8,-0.72,2.43,1,0,"0.888888889",,,"-0.888888889",,,,,50,,,,,,,
9,687856,"Bash, Andrew",46,19.6,0.333,0,0.333,0.333,0.296,,,1,3,91.3,-12.3,2342,93.4,93.28,1,5,4,-0.10000000000000853,6.24,98,144,108,142,294,327,288,"0.129","-0.129",,,,3,3,1,0,0,0,0,0,0,0,"2","0.62","1.11","0.83","93.8",83,66.66666666666666,0,0,5.64,-2.28,-0.39,2.26,0.333,0,"-1.433333333",,,"1.433333333",,,,,20,,,,,,,
9,621074,"Rucker, Michael",110,8.2,1,0.333,1,1.333,1.013,,,3,3,88.8,20.7,2243,94.8,94.72,1,5,4,-0.09999999999999432,6.09,103,145,114,145,295,320,299,"-1.617","1.617",,,,3,3,2,1,0,0,0,0,0,0,"2.18","0.34","1.01","0.83","93.8",220,66.66666666666666,0,0,5.3,-2.19,-0.18,2.63,1,0,"17.966666667",,,"-17.966666667",,,,,20,,,,,,,
9,656427,"Flaherty, Jack",199,4.5,,,,,,,,,,,,2011,91.4,92.02,0,3,6,0.5999999999999943,6.78,114,148,118,142,298,325,285,"-0.13","0.13",,,,,,,,,,,,,,"2.04","0.7","1.22","1.22","92.7",84,,,,5.19,-2.55,-0.12,1.5,,,"1.444444444",,,"-1.444444444",,,,,0,,,,,,,
9,684320,"Rodríguez, Yariel",78,11.5,1,0,1,1,0.889,,,3,3,84.7,-14.7,2318,93.7,93.76,1,6,3,0.09999999999999432,6.27,110,144,116,144,281,313,295,"-1.338","1.338",,,,3,3,3,0,0,0,0,0,0,0,"1.58","1.01","1.28","-0.09","96.2",118,33.33333333333333,0,0,6,-1.62,-0.86,2.13,1,0,"14.866666667",,,"-14.866666667",,,,,16.7,,,,,,,
9,809109,"Angelo, Roman",34,26.5,0.8,0.4,0.8,1.2,0.86,,,4,5,93.8,10.2,2029,91.9,92.69,0,6,3,0.7999999999999972,6.56,102,134,110,131,298,320,294,"-1.925","1.925",,,,5,5,2,2,0,0,0,0,0,0,"2.18","0.5","1.36","0.77","94.3",192,60,0,0,5.83,-1.63,0.02,2.4,0.8,0,"21.388888889",,,"-21.388888889",,,,,0,,,,,,,
9,694573,"Crowell, Wyatt",33,27.3,0,0,0,0,0.233,,,0,2,85.1,-1,1867,90.3,89.34,0,2,7,-1,5.77,105,147,123,150,288,308,290,"0.195","-0.195",,,,3,2,0,0,0,0,0,0,1,33.3,"2.58","0.23","1.16","0.95","88.0",148,0,0,0,5.57,2.44,-0.93,1.95,0.333,0,"-2.166666667",,,"2.166666667",,,,,0,,,,,,,
9,680770,"Huff, Chance",26,34.6,0.5,1.5,0,2,1.022,,,1,2,103.9,2,2173,95.7,93.98,0,3,6,-1.7000000000000028,5.83,111,150,120,148,298,338,302,"-0.86","0.86",,,,2,2,0,0,0,1,0,0,0,0,"1.37","1.17","1","0.79","99.3",140,100,50,50,5.81,-2.9,-0.09,2.38,0.5,1,"9.555555556",,,"-9.555555556",,,,,0,,,,,,,
9,804267,"Thornton, Zac",116,7.8,0,0,0,0,0,,,0,1,85.4,-33,2194,91.2,90.72,0,1,8,-0.5,6.11,113,149,119,152,289,320,297,"-0.074","0.074",,,,1,1,0,0,0,0,0,0,0,0,"1.66","1.09","1.09","1.09","88.0",3,0,0,0,5.98,2.36,-0.39,2.68,0,0,"0.822222222",,,"-0.822222222",,,,,0,,,,,,,
9,656120,"Henriquez, Jean",53,17,0.5,0,0.5,0.5,0.445,,,1,2,85.4,-18.5,2212,94.5,94.52,0,3,6,0,6.36,103,148,116,146,303,304,282,"-0.257","0.257",,,,2,2,1,0,0,0,0,0,0,0,"2.58","-0.02","1.44","0.04","90.7",5,50,0,0,5,-3.04,-0.9,2.29,0.5,0,"2.855555556",,,"-2.855555556",,,,,0,,,,,,,
9,801829,"Allmer, Jay",19,47.4,0.5,0,0.5,0.5,0.445,,,1,2,89.9,28,1934,91.5,91.59,0,7,2,0.09999999999999432,6.36,111,149,128,151,272,307,299,"-0.104","0.104",,,,2,2,1,0,0,0,0,0,0,0,"2.32","0.4","1.46","-0.51","92.4",202,50,0,0,5.53,-1.74,-0.14,2.84,0.5,0,"1.155555556",,,"-1.155555556",,,,,0,,,,,,,
9,673540,"Senga, Kodai",151,6,0,0,0,0,0,,,0,2,87,38,2270,88.6,88.6,0,2,7,0,6.19,106,152,119,149,297,316,286,"0.417","-0.417",,,,2,1,0,0,0,0,1,50,0,0,"2.35","0.54","1.04","0.72","88.0",282,0,0,0,5.99,-1.98,-0.13,1.84,0,0,"-4.633333333",,,"4.633333333",,,,,0,,,,,,,
9,702795,"Loutos, Ryan",61,14.8,1,0,1,1,0.889,,,1,1,87.8,-1,1703,95.1,95.21,2,6,3,0.10000000000000853,6.37,103,148,120,145,302,320,284,"-0.083","0.083",,,,1,1,1,0,0,0,0,0,0,0,"1.8","0.72","1.25","1.25","88.8",60,0,0,0,6.2,-2.59,-0.67,1.88,1,0,"0.922222222",,,"-0.922222222",,,,,33.3,,,,,,,
9,802373,"Hurney, Jonah",17,52.9,0,0,0,0,0.349,,,0,2,89.4,-32,2537,89.5,88.62,0,2,7,-0.9000000000000057,5.62,96,141,120,149,282,315,308,"0.06","-0.06",,,,4,1,0,0,0,0,1,25,2,50,"2.32","0.51","0.93","-0.14","89.4",4,0,0,0,5.33,2.3,-1.07,2.05,0.5,0,"-0.666666667",,,"0.666666667",,,,,0,,,,,,,
9,689546,"Davila, Nick",92,9.8,0,0,0,0,0,,,0,2,99.3,35.5,2096,94.2,93.74,1,5,4,-0.5,6.06,111,152,123,146,290,327,295,"0.534","-0.534",,,,2,2,0,0,0,0,0,0,0,0,"2.13","0.45","1.34","1.34","93.6",214,50,50,50,5.78,-1.62,-0.25,2.76,0,1,"-5.933333333",,,"5.933333333",,,,,20,,,,,,,
9,808750,"Hintz, Casey",22,40.9,,,,,0.713,,,0,0,,,2096,91.9,90.07,0,0,9,-1.8000000000000114,5.47,103,141,98,144,299,321,307,"-1.015","1.015",,,,2,0,0,0,0,0,0,0,1,50,"2.53","0.19","0.76","0.14",,,,,,4.65,-3.78,0.05,2.6,1,,"11.277777778",,,"-11.277777778",,,,,,,,,,,,
9,685377,"Tamarez, Misael",40,22.5,1,0,1,1,0.794,,,1,1,85.7,23,2173,94.7,93.97,0,3,6,-0.7000000000000028,5.94,114,152,129,151,289,327,307,"-0.696","0.696",,,,2,1,1,0,0,0,0,0,1,50,"1.73","0.82","1.17","0.38","88.0",162,0,0,0,6.12,-1.21,0.13,1.86,1,0,"7.733333333",,,"-7.733333333",,,,,0,,,,,,,
9,686934,"McFarlane, Alex",50,18,0,0,0,0,0,,,0,3,81.1,-13.7,2573,98.2,98.26,1,6,3,0.09999999999999432,6.31,109,148,112,148,284,304,279,"0.725","-0.725",,,,3,3,0,0,0,0,0,0,0,0,"1.58","0.79","1.24","1.24","89.7",129,0,0,0,5.41,-2.05,-0.46,2.46,0,0,"-8.055555556",,,"8.055555556",,,,,16.7,,,,,,,
9,693312,"Nicolas, Kyle",56,16.1,0.333,0,0.333,0.333,0.296,,,1,3,86.2,-7.3,2126,95.7,96.23,1,6,3,0.5,6.88,,,,,,,,"0.312","-0.312",,,,3,3,1,0,0,0,0,0,0,0,"1.44","1.09","1.53","1.53","88.6",38,0,0,0,5.93,-1.85,-0.31,2.15,0.333,0,"-3.466666667",,,"3.466666667",,,,,16.7,,,,,,,
9,701364,"Arnold, Jamie",51,17.6,0.333,0,0.333,0.333,0.397,,,1,3,83.2,-1.3,1786,93.9,95.36,0,4,5,1.5,7.17,106,150,124,149,293,318,294,"-0.025","0.025",,,,4,3,1,0,0,0,0,0,1,25,"1.98","0.61","1.48","-0.22","90.6",145,33.33333333333333,0,0,4.94,2.74,0.11,1.81,0.5,0,"0.277777778",,,"-0.277777778",,,,,0,,,,,,,
9,696148,"Burhenn, Garrett",30,30,0,0,0,0,0,,,0,2,69.6,-13.5,1956,91.8,91.33,1,7,2,-0.5,6.17,120,147,129,151,298,324,302,"0.541","-0.541",,,,2,2,0,0,0,0,0,0,0,0,"1.81","0.91","1.12","-0.78","92.9",111,0,0,0,6.02,-1.98,0.24,2.92,0,0,"-6.011111111",,,"6.011111111",,,,,14.3,,,,,,,
9,690967,"Carlson, Max",59,15.3,0.667,0.333,0.667,1,0.716,,,2,3,84.1,39.7,2177,91.7,92.56,0,5,4,0.8999999999999915,6.86,105,139,118,137,268,304,300,"-1.405","1.405",,,,3,3,1,1,0,0,0,0,0,0,"1.39","1.33","1.03","-0.13","90.5",189,33.33333333333333,33.33333333333333,33.33333333333333,5.83,-1.78,0.01,3.37,0.667,1,"15.611111111",,,"-15.611111111",,,,,0,,,,,,,
9,701519,"Adams, Travis",50,18,0,0,0,0,0.243,,,0,2,93.6,-41,2289,94.3,93.72,0,1,8,-0.5999999999999943,6.1,102,150,120,147,297,331,279,"-0.08","0.08",,,,3,1,0,0,0,0,1,33.3,0,0,"2.1","0.48","1.22","1.22","93.6",2,0,0,0,5.83,-2.42,0.38,1.92,0.333,0,"0.888888889",,,"-0.888888889",,,,,0,,,,,,,
9,807281,"Gregory-Alford, Trey",29,31,0,0,0,0,0,,,0,1,87,-21,2163,97.2,96.87,0,3,6,-0.29999999999999716,6.1,113,154,113,149,304,307,291,"0.253","-0.253",,,,1,1,0,0,0,0,0,0,0,0,"1.85","0.56","1.18","0.94","88.0",4,0,0,0,5.84,-2.24,-0.58,2.12,0,0,"-2.811111111",,,"2.811111111",,,,,0,,,,,,,
9,656620,"Klobosits, Gabe",34,26.5,0,0,0,0,0,,,0,2,101.7,4,2042,96.6,98.06,3,5,4,1.5,6.84,113,152,121,148,300,323,288,"0.798","-0.798",,,,2,1,0,0,0,0,1,50,0,0,"1.58","0.84","0.87","0.87","94.9",158,100,0,0,6.58,-1.42,-0.01,2.36,0,0,"-8.866666667",,,"8.866666667",,,,,60,,,,,,,
9,695239,"Ahlstrom, Robby",64,14.1,0,0,0,0,0,,,0,1,82.9,-26,2055,94.1,94.12,0,1,8,0,6.29,105,145,120,151,300,322,302,"0.064","-0.064",,,,1,1,0,0,0,0,0,0,0,0,"1.65","0.93","1.25","0.97","88.0",4,0,0,0,6.05,2.27,-0.3,2.03,0,0,"-0.711111111",,,"0.711111111",,,,,0,,,,,,,
9,606303,"Payamps, Joel",92,9.8,0,0,0,0,0,,,0,1,105.1,2,2310,94.4,93.38,1,4,5,-1,5.92,108,150,123,149,305,326,291,"-0.19","0.19",,,,1,1,0,0,0,0,0,0,0,0,"1.89","0.69","1.09","0.81","93.7",158,100,0,0,5.71,-2.37,-0.37,2.56,0,0,"2.111111111",,,"-2.111111111",,,,,25,,,,,,,
9,668970,"Hollowell, Gavin",110,8.2,0,0,0,0,0,,,0,2,90.1,37,2516,95,94.88,2,5,4,-0.09999999999999432,6.36,113,152,118,150,300,332,295,"0.634","-0.634",,,,2,2,0,0,0,0,0,0,0,0,"2.27","0.27","1.57","1.57","92.8",30,50,0,0,5.15,-3.41,-0.73,2.52,0,0,"-7.044444444",,,"7.044444444",,,,,40,,,,,,,
8,445276,"Jansen, Kenley",61,13.1,0,0,,0,0,,,0,2,,,2333,92.2,93.19,1,2,6,1,6.94,126,148,131,152,283,321,297,"0.221","-0.221",,,,2,0,0,0,0,0,2,100,0,0,"1.09","1.59","0.58","-0.58","88.0",300,,,,6.58,-1.63,-0.53,3.2,0,,"-2.7625",,,"2.7625",,,,,50,,,,,,,
8,810897,"Beilenson, Charlie",48,16.7,1,0,1,1,0.889,,,3,3,97.1,5.3,1963,92.8,91.97,0,6,2,-0.7999999999999972,5.71,96,152,111,142,299,318,295,"-1.051","1.051",,,,3,3,3,0,0,0,0,0,0,0,"2","0.64","1.14","1.14","93.5",139,33.33333333333333,0,0,5.85,-1.9,-0.49,2.65,1,0,"13.1375",,,"-13.1375",,,,,0,,,,,,,
8,668968,"Crouse, Hans",19,42.1,1,1,1,2,1.274,,,3,3,88.6,23.3,2215,96,94.04,2,6,2,-2,5.47,106,148,123,143,286,322,279,"-1.788","1.788",,,,3,3,2,0,0,1,0,0,0,0,"1.44","1.07","1.34","0.68","90.5",284,33.33333333333333,0,0,5.94,-0.9,-0.11,1.93,1,0,"22.35",,,"-22.35",,,,,33.3,,,,,,,
8,673929,"Leasure, Jordan",131,6.1,,,,,0.698,,,0,0,,,2281,95.3,96.14,0,1,7,0.7999999999999972,6.83,97,140,108,132,300,328,297,"-0.248","0.248",,,,1,0,0,0,0,0,0,0,1,100,"1.05","1.46","0.81","0.81","88.0",107,,,,5.99,-0.97,-0.73,1.83,1,,"3.1",,,"-3.1",,,,,0,,,,,,,
8,802609,"Bertrand, John Michael",26,30.8,0,0,0,0,0,,,0,1,93,-30,1705,88.9,88.31,0,3,5,-0.6000000000000085,5.92,108,144,116,145,308,329,299,"0.319","-0.319",,,,1,1,0,0,0,0,0,0,0,0,"2.46","0.43","1.14","-0.29","90.5",4,0,0,0,5.74,2.4,0.24,2.64,0,0,"-3.9875",,,"3.9875",,,,,0,,,,,,,
8,699214,"Lopez, Leandro",81,9.9,,,,,0.729,,,0,0,,,2180,95.6,95.4,0,4,4,-0.19999999999998863,6,107,150,116,147,306,323,299,"-0.226","0.226",,,,1,0,0,0,0,0,0,0,0,0,"1.49","0.99","1.01","0.78","91.2",96,,,,6.44,-2.48,-0.26,2.55,1,,"2.825",,,"-2.825",,,,,0,,,,,,,
8,830485,"Buchanan, Trent",19,42.1,1,2,1,3,1.652,,,2,2,106.2,22,2382,93.7,93.3,0,2,6,-0.4000000000000057,6.1,119,152,132,152,312,317,291,"-3.107","3.107",,,,2,2,0,1,0,1,0,0,0,0,"1.6","1","1.04","0.31","100.1",328,100,100,100,4.95,-2.34,0.42,2.6,1,2,"38.8375",,,"-38.8375",,,,,0,,,,,,,
8,641793,"Littell, Zack",103,7.8,0.5,0,0.5,0.5,0.445,,,1,2,90.3,27.5,1968,90.1,90.06,0,3,5,0,6.11,106,148,124,150,286,319,290,"-0.483","0.483",,,,2,2,1,0,0,0,0,0,0,0,"1.69","1.1","1.04","0.52","92.0",233,50,0,0,6.04,-0.77,0.11,3.1,0.5,0,"6.0375",,,"-6.0375",,,,,0,,,,,,,
8,640470,"Alzolay, Adbert",30,26.7,0.667,0.333,0.667,1,0.716,,,2,3,103.2,22,2241,94,93.6,0,5,3,-0.30000000000001137,6.21,106,148,125,147,300,315,285,"-0.641","0.641",,,,3,3,1,1,0,0,0,0,0,0,"1.51","1.08","1.32","1.32","99.4",270,100,33.33333333333333,33.33333333333333,6.17,-1.29,-0.3,2.51,0.667,1,"8.0125",,,"-8.0125",,,,,0,,,,,,,
8,801367,"Jachec, Matt",23,34.8,0,0,0,0,0.349,,,0,1,104.7,18,2165,94.2,94.07,0,2,6,-0.10000000000000853,6.18,105,149,125,150,303,316,288,"-0.038","0.038",,,,2,1,0,0,0,0,0,0,1,50,"2.04","0.53","1.24","0.07","96.4",246,100,0,0,5.79,-2.24,0.13,3.06,0.5,0,"0.475",,,"-0.475",,,,,0,,,,,,,
8,689297,"Jessee, Brody",15,53.3,,,,,0.698,,,0,0,,,1938,96.3,95.81,1,2,6,-0.5,6.05,113,151,118,151,292,326,299,"-0.423","0.423",,,,2,0,0,0,0,0,0,0,2,100,"1.39","1.07","0.88","0.2","88.0",246,,,,6.22,-1.88,0.29,3.73,1,,"5.2875",,,"-5.2875",,,,,50,,,,,,,
8,547184,"Kelly, Michael",137,5.8,1,1,1,2,1.26,,,1,1,113.8,12,2161,93.9,92.8,1,2,6,-1.1000000000000085,5.72,107,150,113,147,303,317,294,"-0.402","0.402",,,,1,1,0,1,0,0,0,0,0,0,"1.98","0.61","1.3","0.98","113.8",242,100,100,100,5.94,-1.67,-0.77,2.06,1,1,"5.025",,,"-5.025",,,,,50,,,,,,,
8,666808,"Doval, Camilo",32,25,0,0,0,0,0,,,0,2,35,-78,2348,94.3,94.04,1,4,4,-0.29999999999999716,6.07,113,152,124,145,291,317,278,"0.551","-0.551",,,,2,1,0,0,0,0,1,50,0,0,"2.15","0.41","0.46","0.46","88.0",106,0,0,0,5.28,-1.73,-0.4,2.16,0,0,"-6.8875",,,"6.8875",,,,,25,,,,,,,
8,700933,"Cortez, Chris",25,32,0,0,,0,0.349,,,0,1,,,2195,98.2,96.92,1,2,6,-1.2999999999999972,5.98,98,140,111,135,304,327,287,"-0.56","0.56",,,,2,0,0,0,0,0,1,50,1,50,"1.76","0.63","1.32","1.32","88.0",1,,,,5.82,-1.79,0.45,0.76,0.5,,"7",,,"-7",,,,,50,,,,,,,
8,663782,"Corbett, Joe",64,12.5,0.5,1.5,0,2,1.022,,,1,2,102,1.5,2435,92.5,92.83,0,4,4,0.29999999999999716,6.6,105,144,111,143,297,297,293,"-2.389","2.389",,,,2,2,0,0,0,1,0,0,0,0,"1.68","0.98","0.83","0.18","95.0",151,100,50,50,5.39,-2.18,0.56,2.71,0.5,1,"29.8625",,,"-29.8625",,,,,0,,,,,,,
8,572143,"Smith, Burch",99,8.1,1,0,1,1,0.889,,,2,2,101.9,6.5,2178,92.5,93.11,0,3,5,0.5999999999999943,6.74,106,152,119,148,307,325,280,"-0.779","0.779",,,,2,2,2,0,0,0,0,0,0,0,"2.09","0.58","1.1","1.1","101.8",149,100,0,0,5.65,-2.49,-0.45,2.65,1,0,"9.7375",,,"-9.7375",,,,,0,,,,,,,
8,805871,"Hurtado, Joel",36,22.2,0,0,0,0,0,,,0,1,87.3,-1,2278,96.3,95,2,4,4,-1.2999999999999972,5.82,97,150,108,144,306,322,300,"0.301","-0.301",,,,1,1,0,0,0,0,0,0,0,0,"1.77","0.71","1.27","1.27","88.0",112,0,0,0,6.06,-1.62,-0.8,2.4,0,0,"-3.7625",,,"3.7625",,,,,50,,,,,,,
8,669358,"Baz, Shane",161,5,0,0,0,0,0,,,0,1,104.1,-2,2286,95.5,96.03,0,4,4,0.5,6.61,110,151,117,145,295,313,286,"0.376","-0.376",,,,1,1,0,0,0,0,0,0,0,0,"1.38","1.13","1.2","1.2","92.0",123,100,0,0,5.87,-1.39,-0.27,2.65,0,0,"-4.7",,,"4.7",,,,,0,,,,,,,
8,823793,"Loomis, Eric",46,17.4,0,0,0,0,0,,,0,1,105.1,-7,2275,93.4,93.32,1,4,4,-0.10000000000000853,6.28,114,153,121,147,302,328,298,"0.189","-0.189",,,,1,1,0,0,0,0,0,0,0,0,"2.14","0.48","1.44","1.44","93.7",75,100,0,0,4.56,-2.32,-0.12,1.91,0,0,"-2.3625",,,"2.3625",,,,,25,,,,,,,
8,694674,"Menendez, Antonio",48,16.7,0,0,0,0,0.349,,,0,1,95.4,-33,2112,90.1,89.83,0,1,7,-0.29999999999999716,6.17,110,151,111,149,301,327,298,"0.097","-0.097",,,,2,1,0,0,0,0,0,0,1,50,"3.2","-0.39","0.95","0.95","95.4",3,100,0,0,3.58,-4.34,-0.82,2.63,0.5,0,"-1.2125",,,"1.2125",,,,,0,,,,,,,
8,663568,"Kolek, Stephen",36,22.2,0.4,0.2,0.5,0.6,0.43,,,2,5,96.4,-24.8,2136,95.3,95.03,0,4,4,-0.29999999999999716,6.26,,,,,,,,"-0.137","0.137",,,,5,4,1,1,0,0,1,20,0,0,"2.39","0.13","1.25","-0.64","97.3",89,50,0,0,5.29,-1.93,0.02,2.13,0.4,0,"1.7125",,,"-1.7125",,,,,0,,,,,,,
8,681256,"Mejia, Ian",29,27.6,1,0,1,1,0.809,,,1,1,103.7,3,1763,90.3,90.5,0,3,5,0.20000000000000284,6.54,107,150,111,146,303,331,295,"-0.74","0.74",,,,2,1,1,0,0,0,0,0,0,0,"2.19","0.61","0.88","0.22","95.8",164,100,0,0,5.79,-1.48,-0.28,2.55,1,0,"9.25",,,"-9.25",,,,,0,,,,,,,
8,657697,"Nittoli, Vinny",49,16.3,0.5,0,0.5,0.5,0.445,,,1,2,90.9,-29.5,2469,91.8,92.38,0,3,5,0.6000000000000085,6.59,103,149,120,145,280,305,295,"-0.01","0.01",,,,2,2,1,0,0,0,0,0,0,0,"2.12","0.58","1.08","0.77","99.4",8,50,0,0,5.12,-2.42,-0.15,2.35,0.5,0,"0.125",,,"-0.125",,,,,0,,,,,,,
8,669711,"Weissert, Greg",47,17,0,0,0,0,0,,,0,2,94.8,-6.5,2135,93.5,92.2,0,6,2,-1.2999999999999972,5.66,108,151,128,149,280,323,302,"0.632","-0.632",,,,2,2,0,0,0,0,0,0,0,0,"2.29","0.33","1.43","0.39","94.9",98,50,0,0,5.23,-3.42,-0.42,2.4,0,0,"-7.9",,,"7.9",,,,,0,,,,,,,
8,687570,"Prielipp, Connor",122,6.6,0.5,1.5,0,2,1.022,,,1,2,88.4,16,2170,95.5,94.34,0,3,5,-1.2000000000000028,5.82,99,143,126,150,276,314,288,"-1.713","1.713",,,,2,2,0,0,0,1,0,0,0,0,"1.68","0.84","1.3","1.3","96.6",233,50,50,50,6.13,1.45,0.36,1.95,0.5,1,"21.4125",,,"-21.4125",,,,,0,,,,,,,
8,687280,"Gilbert, Geoffrey",44,18.2,,,0,,0,,,0,0,88.3,50,1996,89.9,90.16,0,2,6,0.29999999999999716,6.56,102,147,123,140,293,315,279,"0.206","-0.206",,,,1,1,0,0,0,0,0,0,0,0,"1.44","1.39","0.88","0.25","88.1",141,0,0,0,5.63,0.92,-0.25,1.85,0,0,"-2.575",,,"2.575",,,,,0,,,,,,,
8,703725,"Gastelum, Luis",53,15.1,,,,,,,,,,,,2305,93.1,93.86,0,1,7,0.8000000000000114,6.66,107,149,117,148,308,309,276,"-0.061","0.061",,,,,,,,,,,,,,"2.04","0.59","1.36","1.12",,,,,,5.33,-1.74,-0.37,2.17,,,"0.7625",,,"-0.7625",,,,,0,,,,,,,
8,814492,"Watson, Will",40,20,0,0,0,0,0,,,0,2,99.8,54.5,2068,92.3,92.21,1,4,4,-0.09999999999999432,6.38,112,149,130,150,292,315,288,"0.903","-0.903",,,,2,2,0,0,0,0,0,0,0,0,"1.48","1.2","0.73","0.55","95.9",54,50,50,50,5,-2,-0.19,2.9,0,1,"-11.2875",,,"11.2875",,,,,25,,,,,,,
8,681006,"Simpson, Josh",82,9.8,,,,,0.698,,,0,0,,,2163,92.8,91.9,1,1,7,-0.8999999999999915,5.63,104,138,112,145,293,316,301,"-0.301","0.301",,,,1,0,0,0,0,0,0,0,1,100,"2.3","0.34","1.08","1.08",,,,,,5.21,1.26,0.3,3.16,1,,"3.7625",,,"-3.7625",,,,,100,,,,,,,
8,687424,"Maldonado, Anthony",76,10.5,0.5,0.5,0.5,1,0.63,,,1,2,95.7,8,2279,91.3,89.96,0,3,5,-1.2999999999999972,5.6,105,153,120,147,314,330,294,"-0.552","0.552",,,,2,2,0,1,0,0,0,0,0,0,"1.8","0.93","1.46","1.46","93.1",128,50,0,0,6.05,-1.92,-0.08,1.71,0.5,0,"6.9",,,"-6.9",,,,,0,,,,,,,
7,687531,"Kempner, William",69,10.1,0,0,0,0,0,,,0,1,82.5,-29,2231,94,93.7,1,3,4,-0.29999999999999716,6.03,117,152,125,148,287,307,278,"0.394","-0.394",,,,1,1,0,0,0,0,0,0,0,0,"2.33","0.24","1.56","1.12","88.0",4,0,0,0,4.32,-2.73,-0.44,1.97,0,0,"-5.628571429",,,"5.628571429",,,,,33.3,,,,,,,
7,694551,"Combs, Aaron",41,17.1,,,,,,,,,,,,2281,92.7,91.97,0,0,7,-0.7000000000000028,5.89,108,149,116,145,287,312,277,"-0.109","0.109",,,,,,,,,,,,,,"1.58","1.08","1.01","0.1",,,,,,5.36,-0.72,0.61,2.68,,,"1.557142857",,,"-1.557142857",,,,,,,,,,,,
7,694363,"Shuster, Jared",80,8.8,0.5,0,1,0.5,0.445,,,1,2,91.5,8,1811,91.5,91.89,1,2,5,0.4000000000000057,6.49,114,147,111,146,298,325,293,"-0.479","0.479",,,,2,1,1,0,0,0,1,50,0,0,"2.26","0.46","0.99","0.78","91.5",151,0,0,0,5.39,1.64,0.19,2.1,0.5,0,"6.842857143",,,"-6.842857143",,,,,50,,,,,,,
7,700310,"Figueredo, Dilan",24,29.2,0.667,0,1,0.667,0.593,,,2,3,109.1,12,2279,95.4,95.74,0,3,4,0.29999999999999716,6.34,108,151,115,143,310,318,286,"-0.663","0.663",,,,3,2,2,0,0,0,1,33.3,0,0,"1.98","0.52","1.38","1.01","98.5",230,100,0,0,5.39,-1.89,-0.66,2.78,0.667,0,"9.471428571",,,"-9.471428571",,,,,0,,,,,,,
7,680891,"Neely, Jack",59,11.9,0,0,0,0,0.476,,,0,1,101.4,11,2079,93.7,94.4,1,3,4,0.7000000000000028,6.73,116,152,119,150,298,328,297,"-0.334","0.334",,,,3,1,0,0,0,0,0,0,1,33.3,"1.65","0.95","1.04","0.79","94.7",90,100,0,0,6.12,-1.49,-0.41,2.54,0.667,0,"4.771428571",,,"-4.771428571",,,,,33.3,,,,,,,
7,689441,"Crow, Coleman",89,7.9,1,3,,4,1.387,,,1,1,105.2,26,2545,91.5,91.8,0,3,4,0.29999999999999716,6.29,107,151,114,148,296,320,297,"-1.844","1.844",,,,2,1,0,0,0,1,0,0,0,0,"2.03","0.68","1.07","0.88","96.6",298,100,100,50,5.14,-1.49,0.09,2.57,1,1,"26.342857143",,,"-26.342857143",,,,,0,,,,,,,
7,831093,"Lanzendorfer, Matt",12,58.3,,,,,0.698,,,0,0,,,2171,92.7,92.6,0,0,7,-0.10000000000000853,6.27,114,153,122,146,305,312,291,"-0.429","0.429",,,,2,0,0,0,0,0,0,0,2,100,"1.36","1.29","0.99","-0.99",,,,,,5.58,2.55,-0.65,3.12,1,,"6.128571429",,,"-6.128571429",,,,,,,,,,,,
7,801505,"Thompson, Paxton",16,43.8,0,0,0,0,0.349,,,0,1,97.1,53,2317,92,92.29,0,1,6,0.29999999999999716,6.33,98,152,123,151,328,328,295,"0.221","-0.221",,,,2,1,0,0,0,0,0,0,1,50,"1.49","1.19","0.96","0.96","97.1",231,100,0,0,5.21,-2.02,0.53,3,0.5,0,"-3.157142857",,,"3.157142857",,,,,0,,,,,,,
7,699314,"Davalillo, David",33,21.2,0,0,0,0,0,,,0,1,72.9,-5,2091,93.2,93.47,0,2,5,0.29999999999999716,6.39,102,147,117,140,302,322,307,"0.075","-0.075",,,,1,1,0,0,0,0,0,0,0,0,"2.22","0.4","1.37","1.37","88.0",16,0,0,0,5.23,-1.74,-0.6,2.32,0,0,"-1.071428571",,,"1.071428571",,,,,0,,,,,,,
7,694341,"Beck, Brendan",47,14.9,0,0,0,0,0.146,,,0,4,76.3,28,2174,91.6,91.66,0,4,3,0.10000000000000853,6.39,,,,,,,,"0.582","-0.582",,,,5,4,0,0,0,0,0,0,0,0,"1.33","1.39","0.97","0.97","91.9",126,25,0,0,6.35,-2.53,-1.01,2.9,0.2,0,"-8.314285714",,,"8.314285714",,,,,0,,,,,,,
7,476594,"Stock, Robert",40,17.5,,,,,,,,,,,,2238,94.8,94.16,1,2,5,-0.5999999999999943,6.16,110,150,125,149,296,318,291,"0.209","-0.209",,,,,,,,,,,,,,"2.25","0.31","1.6","1.6","88.0",164,,,,4.79,-4.15,0.24,2.51,,,"-2.985714286",,,"2.985714286",,,,,50,,,,,,,
7,656492,"Griffin, Foster",123,5.7,0,0,0,0,0,,,0,3,61.8,23.3,2029,91.1,91.41,1,4,3,0.30000000000001137,6.43,119,147,111,152,281,312,283,"0.748","-0.748",,,,3,3,0,0,0,0,0,0,0,0,"1.94","0.8","1.23","1.23","88.0",150,0,0,0,5.67,2.69,0.63,2.03,0,0,"-10.685714286",,,"10.685714286",,,,,25,,,,,,,
7,701549,"Nowlin, Jaylen",28,25,0,0,0,0,0.174,,,0,3,92.7,5.5,2376,93.1,93.19,2,4,3,0.10000000000000853,6.56,117,149,118,144,283,315,286,"0.497","-0.497",,,,4,2,0,0,0,0,1,25,1,25,"1.05","1.6","0.8","-0.1","92.7",174,0,0,0,6.07,1.52,-0.41,1.81,0.25,0,"-7.1",,,"7.1",,,,,50,,,,,,,
7,594027,"Guerrero, Tyron",163,4.3,0.5,0,0.5,0.5,0.445,,,1,2,71.6,14.5,1955,98.4,99.71,0,5,2,1.2999999999999972,7,111,146,117,142,278,306,284,"-0.176","0.176",,,,2,2,1,0,0,0,0,0,0,0,"1.07","1.28","1.02","0.79","90.2",150,50,0,0,6.53,-1.68,-0.41,2.51,0.5,0,"2.514285714",,,"-2.514285714",,,,,0,,,,,,,
7,823909,"Clark, Derek",19,36.8,0,0,0,0,0.233,,,0,2,90.2,38,2133,90.5,89.96,0,3,4,-0.5,6.21,103,150,119,148,298,331,310,"0.291","-0.291",,,,3,2,0,0,0,0,0,0,1,33.3,"1.62","1.2","0.96","-0.09","90.4",270,50,0,0,5.21,2.07,-0.26,2.23,0.333,0,"-4.157142857",,,"4.157142857",,,,,0,,,,,,,
7,671212,"Boyle, Joe",217,3.2,,,,,,,,,,,,2435,97,97.11,0,1,6,0.09999999999999432,6.54,100,149,117,143,292,326,282,"-0.062","0.062",,,,,,,,,,,,,,"1.88","0.56","1.15","1.15","88.0",179,,,,5.61,-1.22,0.25,1.84,,,"0.885714286",,,"-0.885714286",,,,,0,,,,,,,
7,676390,"Mace, Tommy",42,16.7,0.25,0.25,0.25,0.5,0.315,,,1,4,83.9,-7.5,2049,93.9,95.07,0,5,2,1.1999999999999886,6.87,114,154,119,148,299,319,298,"0.192","-0.192",,,,4,4,0,1,0,0,0,0,0,0,"2","0.58","1.09","1.09","95.9",136,50,25,25,5.72,-2.2,-0.41,2.84,0.25,1,"-2.742857143",,,"2.742857143",,,,,0,,,,,,,
7,826942,"Sloan, Ethan",11,63.6,0,0,0,0,0,,,0,2,96.6,24.5,2173,90.6,89.81,0,2,5,-0.7999999999999972,5.96,111,152,124,147,296,335,297,"0.465","-0.465",,,,2,2,0,0,0,0,0,0,0,0,"1.65","1.15","0.86","-0.61","96.6",235,100,0,0,5.45,3.45,0.07,1.68,0,0,"-6.642857143",,,"6.642857143",,,,,0,,,,,,,
7,808839,"Quigley, Stephen",23,30.4,0,0,0,0,0,,,0,3,84.6,71.5,2312,92.9,92.21,1,3,4,-0.7000000000000028,5.77,106,147,127,149,284,325,305,"0.586","-0.586",,,,3,2,0,0,0,0,1,33.3,0,0,"1.62","1.01","1.15","-1.15","88.7",117,0,0,0,5.16,-1.05,-0.25,2.49,0,0,"-8.371428571",,,"8.371428571",,,,,33.3,,,,,,,
7,622554,"Domínguez, Seranthony",51,13.7,0,0,0,0,0,,,0,1,84.7,47,2187,96.9,96.81,0,3,4,-0.10000000000000853,6.21,101,139,111,135,294,322,298,"0.138","-0.138",,,,1,1,0,0,0,0,0,0,0,0,"1.64","0.79","1.24","0.57","95.8",171,0,0,0,5.45,-1.97,-0.56,2.1,0,0,"-1.971428571",,,"1.971428571",,,,,0,,,,,,,
7,615698,"Quantrill, Cal",91,7.7,,,,,,,,,,,,1905,92.8,92.97,1,4,3,0.20000000000000284,6.31,111,148,120,146,303,322,307,"0.141","-0.141",,,,,,,,,,,,,,"1.52","1.12","1.13","0.45","88.0",192,,,,6.3,-1.03,-0.54,2.5,,,"-2.014285714",,,"2.014285714",,,,,25,,,,,,,
7,672380,"Jimenez, Marco",33,21.2,1,0,1,1,0.889,,,1,1,81.7,9,2384,95.6,95.86,0,2,5,0.30000000000001137,6.54,108,150,121,148,296,315,282,"-0.572","0.572",,,,1,1,1,0,0,0,0,0,0,0,"1.67","0.84","1.46","1.46","88.0",171,0,0,0,5.65,-1.87,-0.05,3.06,1,0,"8.171428571",,,"-8.171428571",,,,,0,,,,,,,
7,676702,"Stratton, Hunter",51,13.7,1,1,1,2,1.26,,,1,1,86,6,2390,94.5,94.55,1,4,3,0.09999999999999432,6.52,110,150,117,147,309,328,294,"-0.507","0.507",,,,1,1,0,1,0,0,0,0,0,0,"1.68","0.9","1.39","1","88.0",104,0,0,0,6.04,-2.45,-0.65,1.6,1,0,"7.242857143",,,"-7.242857143",,,,,25,,,,,,,
7,686463,"Schultz, Thomas",15,46.7,0,0,,0,0,,,0,1,,,2212,94.4,95.4,1,4,3,1,6.83,113,148,111,149,306,322,297,"0.303","-0.303",,,,1,0,0,0,0,0,1,100,0,0,"1.29","1.27","1.02","0.51","88.0",179,,,,6.15,-1.42,0.35,2.69,0,,"-4.328571429",,,"4.328571429",,,,,25,,,,,,,
7,680736,"Wrobleski, Justin",196,3.6,0,0,0,0,0,,,0,3,89.9,2,2206,93.7,92.49,0,5,2,-1.2000000000000028,5.6,113,149,123,153,292,321,298,"1.107","-1.107",,,,3,3,0,0,0,0,0,0,0,0,"1.75","0.85","1.22","0.87","91.1",129,33.33333333333333,33.33333333333333,33.33333333333333,5.55,2.09,0.27,2.44,0,1,"-15.814285714",,,"15.814285714",,,,,0,,,,,,,
7,682144,"Sandridge, Jayvien",35,20,1,0,1,1,0.889,,,1,1,84.2,-4,2195,94.3,95.5,0,2,5,1.2000000000000028,6.93,111,148,115,149,290,323,301,"-0.623","0.623",,,,1,1,1,0,0,0,0,0,0,0,"1.71","0.86","1.25","-0.48","88.0",24,0,0,0,5.79,1.66,-0.25,1.88,1,0,"8.9",,,"-8.9",,,,,0,,,,,,,
7,628709,"Gómez, Ofreidy",46,15.2,,,,,0.698,,,0,0,,,2155,96.2,97.1,0,1,6,0.8999999999999915,6.8,111,150,123,150,295,320,274,"-0.062","0.062",,,,1,0,0,0,0,0,0,0,1,100,"1.49","0.97","1.34","1.34",,,,,,5.86,-0.98,-0.26,2.37,1,,"0.885714286",,,"-0.885714286",,,,,0,,,,,,,
7,669620,"Basso, Brady",86,8.1,0.333,0,0.333,0.333,0.397,,,1,3,90.7,-24,2207,94.4,94.67,1,5,2,0.29999999999999716,6.17,111,135,120,145,261,235,261,"-0.199","0.199",,,,4,3,1,0,0,0,0,0,1,25,"1.59","0.95","1.02","0.69","96.4",6,66.66666666666666,0,0,6.42,1.93,0.61,2.2,0.5,0,"2.842857143",,,"-2.842857143",,,,,20,,,,,,,
7,656986,"Sousa, Bennett",45,15.6,,,,,,,,,,,,2103,92.5,92.21,0,4,3,-0.29999999999999716,6.16,111,146,116,149,300,327,301,"0.136","-0.136",,,,,,,,,,,,,,"1.76","0.91","0.8","0.46","89.1",62,,,,6.37,1.05,0.53,2.54,,,"-1.942857143",,,"1.942857143",,,,,0,,,,,,,
7,669993,"Brito, Raul",52,13.5,0.5,0,0.5,0.5,0.529,,,1,2,97.4,-8,2199,94.1,94.74,0,3,4,0.6000000000000085,6.7,104,144,109,147,309,335,282,"-1.223","1.223",,,,3,2,1,0,0,0,0,0,1,33.3,"1.85","0.73","1.01","-0.08","94.2",58,50,0,0,5.5,-1.41,0.61,1.15,0.667,0,"17.471428571",,,"-17.471428571",,,,,0,,,,,,,
7,689690,"Jacob, Alek",76,9.2,0,0,0,0,0,,,0,1,87.5,0,2266,86.3,87.67,2,4,3,1.4000000000000057,7.24,113,150,117,147,299,320,297,"0.426","-0.426",,,,1,1,0,0,0,0,0,0,0,0,"2.59","0.48","1.49","0.19","88.0",80,0,0,0,3.96,-2.7,0.11,2.03,0,0,"-6.085714286",,,"6.085714286",,,,,50,,,,,,,
7,801754,"Palermo, Davison",18,38.9,0,0,0,0,0,,,0,1,101.2,-7,2267,93.3,92.77,0,4,3,-0.5,6.33,119,149,121,152,285,338,302,"0.261","-0.261",,,,1,1,0,0,0,0,0,0,0,0,"1.28","1.37","1.05","-1.05","91.3",135,100,0,0,5.55,-3.27,-0.41,3.11,0,0,"-3.728571429",,,"3.728571429",,,,,0,,,,,,,
7,815779,"Hillier, Cole",15,46.7,,,,,0.698,,,0,0,,,2256,91.7,91.29,0,2,5,-0.4000000000000057,6.01,112,148,119,151,294,328,302,"-0.077","0.077",,,,1,0,0,0,0,0,0,0,1,100,"1.81","0.9","0.9","0.37","89.1",272,,,,4.8,-2.86,-0.22,2.41,1,,"1.1",,,"-1.1",,,,,0,,,,,,,
7,801725,"De León, Luis",34,20.6,0,0,0,0,0,,,0,3,94.4,-17,2327,96.5,95.83,1,5,2,-0.7000000000000028,5.82,112,144,116,144,293,321,288,"0.877","-0.877",,,,3,3,0,0,0,0,0,0,0,0,"1.88","0.56","1.43","-0.22","98.2",51,66.66666666666666,0,0,6.29,1.95,0.56,2.53,0,0,"-12.528571429",,,"12.528571429",,,,,20,,,,,,,
7,656464,"Ginkel, Kevin",140,5,0,0,0,0,0,,,0,1,69,-15,2112,93.1,93.93,0,2,5,0.8000000000000114,6.76,106,149,112,145,312,331,304,"0.379","-0.379",,,,1,1,0,0,0,0,0,0,0,0,"1.79","0.84","1.16","1.16","88.0",20,0,0,0,6.49,-2.17,-0.59,2.35,0,0,"-5.414285714",,,"5.414285714",,,,,0,,,,,,,
7,684608,"Brian, Will",14,50,1,0,1,1,0.889,,,1,1,99.4,12,2162,92.8,92.43,0,3,4,-0.3999999999999915,6.07,100,149,126,150,291,326,297,"-0.477","0.477",,,,1,1,1,0,0,0,0,0,0,0,"1.34","1.31","0.42","-0.26","91.8",242,100,0,0,5.87,0.93,-0.08,2.63,1,0,"6.814285714",,,"-6.814285714",,,,,0,,,,,,,
7,676454,"Cellucci, Brendan",20,35,0,0,0,0,0,,,0,1,77.1,9,2043,92.9,94,0,3,4,1.0999999999999943,6.89,109,150,125,150,286,315,283,"0.376","-0.376",,,,1,1,0,0,0,0,0,0,0,0,"1.89","0.75","1","-0.14","88.0",46,0,0,0,5.66,1.78,0.57,2.2,0,0,"-5.371428571",,,"5.371428571",,,,,0,,,,,,,
6,666148,"Fellows, Drake",27,22.2,0,0,0,0,0.174,,,0,3,89.4,17,2031,89.6,90.35,0,4,2,0.7000000000000028,6.72,96,149,120,150,303,309,268,"0.607","-0.607",,,,4,3,0,0,0,0,0,0,1,25,"1.81","1.03","1.12","0.81","94.7",118,66.66666666666666,0,0,5.69,-1.67,-0.12,2.76,0.25,0,"-10.116666667",,,"10.116666667",,,,,0,,,,,,,
6,691602,"Cruz, Stiven",79,7.6,0,0,0,0,0,,,0,1,99.7,9,2165,90.6,89.92,1,3,3,-0.6999999999999886,5.63,102,152,120,146,303,319,295,"0.659","-0.659",,,,1,1,0,0,0,0,0,0,0,0,"2.17","0.58","1.32","1.32","95.1",78,100,0,0,5.64,-1.39,0.04,2.48,0,0,"-10.983333333",,,"10.983333333",,,,,33.3,,,,,,,
6,814489,"Wichrowski, Brett",47,12.8,0.5,0,1,0.5,0.529,,,1,2,104,11,2397,94.6,95.45,1,2,4,0.8000000000000114,6.68,111,148,129,152,290,307,293,"-0.214","0.214",,,,3,1,1,0,0,0,1,33.3,1,33.3,"2.02","0.52","0.96","-0.09","104.0",252,100,0,0,5.23,-1.88,-0.04,1.97,0.667,0,"3.566666667",,,"-3.566666667",,,,,50,,,,,,,
6,807968,"Matoma, David",36,16.7,0,0,0,0,0,,,0,1,47,34,1919,93.5,92.12,1,2,4,-1.3000000000000114,5.8,110,153,113,148,290,316,282,"0.142","-0.142",,,,1,1,0,0,0,0,0,0,0,0,"1.86","0.79","1.08","1.08","88.0",123,0,0,0,5.57,-1.86,-0.3,2.42,0,0,"-2.366666667",,,"2.366666667",,,,,50,,,,,,,
6,592826,"Velasquez, Vince",38,15.8,0.5,0,0.667,0.5,0.445,,,2,4,95.6,3.3,2214,92.8,93.38,2,5,1,0.6000000000000085,6.53,112,148,116,148,296,325,300,"-0.427","0.427",,,,4,3,2,0,0,0,1,25,0,0,"1.6","1.04","1.08","-0.28","95.9",121,66.66666666666666,0,0,5.59,-1.9,-0.6,2.47,0.5,0,"7.116666667",,,"-7.116666667",,,,,40,,,,,,,
6,686470,"Hawks, Ryan",10,60,0,0,0,0,0,,,0,1,95.7,-6,2123,92.6,93.4,0,3,3,0.8000000000000114,6.58,114,148,115,149,301,329,302,"0.244","-0.244",,,,1,1,0,0,0,0,0,0,0,0,"2.02","0.62","1.4","0.01","90.6",165,100,0,0,5.1,-2.33,0.95,2.65,0,0,"-4.066666667",,,"4.066666667",,,,,0,,,,,,,
6,593958,"Rodriguez, Eduardo",31,19.4,1,0,1,1,0.889,,,1,1,54.6,-59,2391,92.2,92.1,0,3,3,-0.10000000000000853,6.32,111,149,108,152,292,325,313,"-0.325","0.325",,,,1,1,1,0,0,0,0,0,0,0,"1.72","0.96","1.16","0.76","88.0",84,0,0,0,6,1.22,0.54,2.35,1,0,"5.416666667",,,"-5.416666667",,,,,0,,,,,,,
6,692589,"Juarez, Victor",26,23.1,0,0,0,0,0,,,0,3,99.2,8,1999,93.2,92.18,0,3,3,-1,5.75,120,151,119,149,303,316,298,"0.865","-0.865",,,,3,3,0,0,0,0,0,0,0,0,"1.57","1.06","1.16","0.12","99.2",155,66.66666666666666,0,0,6,-2,0.37,1.89,0,0,"-14.416666667",,,"14.416666667",,,,,0,,,,,,,
6,828499,"Kilander, Griffin",21,28.6,,,,,0.698,,,0,0,,,2161,91.7,92.78,0,0,6,1.0999999999999943,7.18,114,151,121,147,281,315,292,"-0.342","0.342",,,,1,0,0,0,0,0,0,0,1,100,"1.55","1.18","0.9","0.61",,,,,,5.51,-3.02,0.91,3.23,1,,"5.7",,,"-5.7",,,,,,,,,,,,
6,687439,"Johnson, Colton",38,15.8,0,0,0,0,0,,,0,1,98.7,-22,2188,90.5,91.1,0,2,4,0.5999999999999943,6.62,119,149,119,147,300,327,291,"0.233","-0.233",,,,1,1,0,0,0,0,0,0,0,0,"2.01","0.77","1.18","-0.38","93.4",103,100,0,0,6.26,1.01,0.38,2.27,0,0,"-3.883333333",,,"3.883333333",,,,,0,,,,,,,
6,682126,"Reifert, Evan",41,14.6,,,,,,,,,,,,2217,94,93.37,0,1,5,-0.5999999999999943,6.22,111,152,117,148,287,335,291,"0.031","-0.031",,,,,,,,,,,,,,"2.35","0.26","1.55","1.07","88.0",3,,,,5.67,-2.13,-0.34,2.15,,,"-0.516666667",,,"0.516666667",,,,,0,,,,,,,
6,823990,"Taylor, Zane",78,7.7,,,,,,,,,,,,1958,94.8,94.87,0,2,4,0.10000000000000853,6,114,145,112,147,280,314,296,"-0.118","0.118",,,,,,,,,,,,,,"1.59","0.92","0.79","-0.79","88.0",239,,,,5.33,-2.04,-0.22,3.16,,,"1.966666667",,,"-1.966666667",,,,,0,,,,,,,
6,680743,"Cusick, Ryan",63,9.5,,,,,,,,,,,,2056,95.3,95.68,0,3,3,0.4000000000000057,6.75,109,151,127,147,296,321,298,"0.296","-0.296",,,,,,,,,,,,,,"1.82","0.71","1.11","1.11","92.3",195,,,,6.06,-2.84,-0.09,2.45,,,"-4.933333333",,,"4.933333333",,,,,0,,,,,,,
6,675989,"Bolton, Cody",27,22.2,,,,,,,,,,,,2350,93.2,92.75,0,1,5,-0.4000000000000057,6.02,104,151,114,142,310,338,299,"-0.485","0.485",,,,,,,,,,,,,,"1.7","0.93","1.31","1.31",,,,,,5.86,-2,0.43,1.21,,,"8.083333333",,,"-8.083333333",,,,,0,,,,,,,
6,676568,"Vanasco, Ricky",158,3.8,0.667,1,0.5,1.667,0.978,,,2,3,98.3,25,2086,92.1,92.42,0,3,3,0.30000000000001137,6.63,104,151,123,147,301,324,277,"-1.664","1.664",,,,3,3,1,0,0,1,0,0,0,0,"1.76","0.94","1.07","1.07","98.5",274,66.66666666666666,33.33333333333333,33.33333333333333,5.76,-1.62,0.35,2.08,0.667,1,"27.733333333",,,"-27.733333333",,,,,0,,,,,,,
6,703440,"Howard, Dylan",31,19.4,0,0,0,0,0,,,0,1,79.5,40,2067,91.1,90.78,0,1,5,-0.29999999999999716,6.27,95,148,121,146,311,312,283,"0.187","-0.187",,,,1,1,0,0,0,0,0,0,0,0,"2.13","0.64","1.41","1.41","88.0",252,0,0,0,5.88,-1.6,0.7,2.29,0,0,"-3.116666667",,,"3.116666667",,,,,0,,,,,,,
6,686754,"Jensen, Ryan",8,75,0,0,0,0,0,,,0,2,100.8,-18.5,2178,95.8,96.03,1,4,2,0.20000000000000284,6.32,108,154,119,148,312,325,290,"0.643","-0.643",,,,2,2,0,0,0,0,0,0,0,0,"1.93","0.54","1.03","1.03","96.5",87,50,0,0,5.4,-0.85,0.31,2,0,0,"-10.716666667",,,"10.716666667",,,,,25,,,,,,,
6,668881,"Greene, Hunter",37,16.2,0.5,0,0.5,0.5,0.445,,,1,2,102.9,-4.5,2321,99.6,100.5,0,4,2,0.9000000000000057,6.83,95,145,118,146,297,312,289,"-0.057","0.057",,,,2,2,1,0,0,0,0,0,0,0,"0.98","1.32","0.95","0.95","95.5",198,100,0,0,6.15,-2.25,-0.4,3.14,0.5,0,"0.95",,,"-0.95",,,,,0,,,,,,,
6,823226,"Harris, Zach",17,35.3,1,0,1,1,0.889,,,1,1,77.4,-50,2136,95.2,94.83,0,2,4,-0.4000000000000057,6.22,98,150,115,151,297,304,295,"-0.766","0.766",,,,1,1,1,0,0,0,0,0,0,0,"2.09","0.44","1.55","-0.03","91.5",49,0,0,0,5.24,-2.92,-0.31,1.44,1,0,"12.766666667",,,"-12.766666667",,,,,0,,,,,,,
6,656945,"Scott, Tanner",125,4.8,0.75,0,1,0.75,0.667,,,3,4,93.3,-3.3,2338,96.3,96.2,1,4,2,-0.09999999999999432,6.2,101,150,119,148,297,321,294,"-1.092","1.092",,,,4,3,3,0,0,0,1,25,0,0,"1.93","0.52","1.18","-0.27","93.7",56,33.33333333333333,0,0,5.05,2.83,-0.21,2.28,0.75,0,"18.2",,,"-18.2",,,,,25,,,,,,,
6,805958,"Kelley, Jackson",34,17.6,0,0,0,0,0,,,0,1,91.6,23,2063,85.6,84.18,1,3,3,-1.3999999999999915,5.57,127,147,118,152,278,318,299,"0.319","-0.319",,,,1,1,0,0,0,0,0,0,0,0,"4.17","-1.04","0.82","-0.82","90.7",297,0,0,0,3.05,-4.22,-0.61,2.48,0,0,"-5.316666667",,,"5.316666667",,,,,33.3,,,,,,,
6,642376,"Yan, Jefry",17,35.3,0,0,0,0,0.243,,,0,2,80.1,-40,2440,94.2,93.75,0,2,4,-0.4000000000000057,6.22,109,150,129,152,288,315,291,"0.156","-0.156",,,,3,2,0,0,0,0,0,0,0,0,"1.88","0.71","1.07","0.05","94.1",8,50,0,0,5.65,2.08,-0.33,2.44,0.333,0,"-2.6",,,"2.6",,,,,0,,,,,,,
6,694820,"Roxby, Braxton",34,17.6,0,0,0,0,0,,,0,2,77.7,33.5,2235,93.7,93.8,0,2,4,0.20000000000000284,6.57,103,146,116,146,299,329,301,"0.653","-0.653",,,,2,2,0,0,0,0,0,0,0,0,"1.91","0.71","1.14","0.59","88.0",173,0,0,0,5.36,-2.16,0.42,2.41,0,0,"-10.883333333",,,"10.883333333",,,,,0,,,,,,,
6,822760,"Garcia, Sam",21,28.6,0,0,,0,0.349,,,0,1,,,2028,91.8,92.9,1,1,5,1.1000000000000085,6.77,113,147,122,151,293,319,304,"-0.041","0.041",,,,2,0,0,0,0,0,1,50,1,50,"1.43","1.26","0.84","0.32",,,,,,5.67,2.37,-0.19,2.57,0.5,,"0.683333333",,,"-0.683333333",,,,,100,,,,,,,
6,828603,"Berrier, Logan",12,50,0,0,0,0,0.349,,,0,1,103.4,-9,1944,92,91.58,1,3,3,-0.4000000000000057,6.32,128,146,100,153,289,336,307,"0.16","-0.16",,,,2,1,0,0,0,0,0,0,1,50,"2.77","-0.06","1.3","-1.3","99.1",11,100,0,0,4.99,-2.66,0.42,2.46,0.5,0,"-2.666666667",,,"2.666666667",,,,,33.3,,,,,,,
6,664208,"Maton, Phil",113,5.3,,,,,,,,,,,,2331,89.9,91.18,0,1,5,1.2999999999999972,6.95,115,150,114,152,290,328,303,"-0.09","0.09",,,,,,,,,,,,,,"2.28","0.53","1.15","0.01","88.0",197,,,,4.93,-1.58,0.27,2.24,,,"1.5",,,"-1.5",,,,,0,,,,,,,
6,688422,"Staine, Connor",30,20,0,0,0,0,0.233,,,0,2,100.2,18,2353,95.4,95.27,0,2,4,-0.10000000000000853,6.33,106,151,118,148,298,313,281,"0.258","-0.258",,,,3,2,0,0,0,0,0,0,1,33.3,"1.1","1.41","0.89","0.89","100.2",243,100,50,33.33333333333333,5.88,-2.04,0.61,3.37,0.333,1,"-4.3",,,"4.3",,,,,0,,,,,,,
6,676534,"Faucher, Calvin",73,8.2,0,0,0,0,0,,,0,2,72.4,1,2242,95.4,94.55,0,3,3,-0.9000000000000057,5.78,112,153,126,149,293,323,294,"0.76","-0.76",,,,2,2,0,0,0,0,0,0,0,0,"1.98","0.53","1.41","1.41","88.1",89,0,0,0,5.74,-1.23,-0.47,2.09,0,0,"-12.666666667",,,"12.666666667",,,,,0,,,,,,,
6,695026,"Wu-Yelland, Jeremy",83,7.2,,,,,0.713,,,0,0,,,2182,93,91.77,0,1,5,-1.2000000000000028,5.78,114,149,120,151,297,320,291,"-0.415","0.415",,,,2,0,0,0,0,0,0,0,1,50,"2.21","0.45","1.35","0.85","88.0",108,,,,5.48,2.88,0.32,2.07,1,,"6.916666667",,,"-6.916666667",,,,,0,,,,,,,
6,689981,"Ryan, River",137,4.4,,,,,,,,,,,,2178,95.2,96.02,0,0,6,0.7999999999999972,6.73,111,154,122,147,312,317,295,"-0.019","0.019",,,,,,,,,,,,,,"2.06","0.45","1.17","1.17",,,,,,5.47,-2.31,-0.13,2.23,,,"0.316666667",,,"-0.316666667",,,,,,,,,,,,
6,824667,"Puk, Owen",30,20,,,,,,,,,,,,2093,91.7,91.92,0,2,4,0.20000000000000284,6.6,107,152,120,148,283,321,298,"0.188","-0.188",,,,,,,,,,,,,,"2.04","0.69","0.99","0.99","88.0",54,,,,5.82,-1.92,0.07,1.77,,,"-3.133333333",,,"3.133333333",,,,,0,,,,,,,
6,694555,"Centala, Chase",23,26.1,1,0,1,1,0.889,,,1,1,102.2,-6,1928,91.2,91.98,0,3,3,0.7999999999999972,6.75,112,135,107,141,301,319,302,"-0.416","0.416",,,,1,1,1,0,0,0,0,0,0,0,"2.24","0.5","1.15","-0.85","92.7",98,100,0,0,4.97,-3.17,-0.51,2.88,1,0,"6.933333333",,,"-6.933333333",,,,,0,,,,,,,
6,656212,"Barnes, Charlie",35,17.1,,,,,,,,,,,,1974,90.7,89.32,1,1,5,-1.4000000000000057,5.45,105,154,110,151,293,324,300,"0.187","-0.187",,,,,,,,,,,,,,"2.23","0.55","1.49","-1.49",,,,,,5.71,1.77,0.37,2.33,,,"-3.116666667",,,"3.116666667",,,,,100,,,,,,,
6,592773,"Stanek, Ryne",56,10.7,0,0,0,0,0,,,0,2,93.1,-19.5,2196,96.2,95.67,1,5,1,-0.5,5.88,106,148,111,144,284,312,279,"0.776","-0.776",,,,2,2,0,0,0,0,0,0,0,0,"1.57","0.89","1.22","1.22","91.4",7,50,0,0,6.25,-1.02,0.23,2.28,0,0,"-12.933333333",,,"12.933333333",,,,,20,,,,,,,
6,800049,"Mazur, Adam",42,14.3,,,,,,,,,,,,2078,93.7,93.68,1,3,3,0,6.17,101,149,125,147,279,309,285,"-0.064","0.064",,,,,,,,,,,,,,"1.82","0.77","1.28","0.29","88.0",221,,,,6.16,-2.16,-0.15,2.01,,,"1.066666667",,,"-1.066666667",,,,,33.3,,,,,,,
6,608723,"Voth, Austin",37,16.2,0,0,0,0,0,,,0,2,86.6,-17,2254,91.1,91.2,0,5,1,0.10000000000000853,6.27,114,147,122,148,303,322,293,"-0.253","0.253",,,,2,2,0,0,0,0,0,0,0,0,"1.9","0.84","0.99","0.99","90.1",105,50,0,0,5.86,-2.31,-0.15,2.91,0,0,"4.216666667",,,"-4.216666667",,,,,0,,,,,,,
6,836071,"Shunck, RJ",32,18.8,1,2,1,3,1.145,,,1,1,101.7,23,2436,91.8,,1,3,3,,,118,152,126,150,277,324,277,"-0.979","0.979",,,,2,1,0,0,1,0,0,0,1,50,"1.48","1.23","0.89","-0.89","94.9",301,100,100,50,5.1,1.86,0.69,2.49,1,1,"16.316666667",,,"-16.316666667",,,,,33.3,,,,,,,
6,832307,"Kartsonas, Jack",12,50,,,0,,0,,,0,0,104.8,21,2032,95.6,97.02,0,2,4,1.4000000000000057,7.22,103,146,110,149,295,321,291,"0.245","-0.245",,,,1,1,0,0,0,0,0,0,0,0,"1.29","1.22","1.04","-0.01","96.4",304,100,100,100,5.61,-1.8,0.57,2.41,0,1,"-4.083333333",,,"4.083333333",,,,,0,,,,,,,
6,680933,"Suarez, Joander",47,12.8,0,0,0,0,0,,,0,2,95.8,10,2348,94.1,94.76,0,2,4,0.7000000000000028,6.52,113,150,125,150,287,322,290,"0.42","-0.42",,,,2,2,0,0,0,0,0,0,0,0,"1.64","0.93","1.19","0.39","95.8",4,50,0,0,5.65,-1.36,0.3,2.33,0,0,"-7",,,"7",,,,,0,,,,,,,
5,695505,"Burns, Chase",288,1.7,0,0,0,0,0,,,0,1,74.9,60,2329,97.2,97.08,1,3,2,-0.10000000000000853,6.36,102,147,106,151,276,300,286,"0.373","-0.373",,,,1,1,0,0,0,0,0,0,0,0,"0.96","1.47","0.73","-0.22","89.9",171,0,0,0,6.71,-1.09,0.34,2.61,0,0,"-7.46",,,"7.46",,,,,33.3,,,,,,,
5,808350,"Quezada, Joshua",7,71.4,0.667,0,0.667,0.667,0.593,,,2,3,99.7,-5,1969,92.8,93.3,0,3,2,0.5,6.68,98,134,105,127,283,311,289,"-0.578","0.578",,,,3,3,2,0,0,0,0,0,0,0,"1.84","0.81","1.3","0.77","99.7",97,100,0,0,5.64,-2.07,-0.31,2.59,0.667,0,"11.56",,,"-11.56",,,,,0,,,,,,,
5,670234,"Shuman, Seth",20,25,0,0,0,0,0,,,0,1,94.4,33,2515,95.2,94.66,1,3,2,-0.5,5.96,115,153,124,149,317,313,287,"0.392","-0.392",,,,1,1,0,0,0,0,0,0,0,0,"1.61","0.9","1.17","1.17","94.4",314,0,0,0,5.55,-2.61,0.02,2.57,0,0,"-7.84",,,"7.84",,,,,33.3,,,,,,,
5,686752,"Pepiot, Ryan",165,3,0,0,0,0,0,,,0,2,91.2,11,2477,93,93.1,2,4,1,0.09999999999999432,6.38,103,151,126,146,298,337,292,"0.584","-0.584",,,,2,1,0,0,0,0,1,50,0,0,"1.33","1.31","1.02","0.52","91.2",169,0,0,0,6.09,-1.2,-0.2,2.5,0,0,"-11.68",,,"11.68",,,,,50,,,,,,,
5,668470,"Danner, Hagen",142,3.5,0,0,0,0,0,,,0,1,89.2,33,1576,92.9,93.52,0,3,2,0.5999999999999943,6.56,105,137,112,141,288,316,295,"0.256","-0.256",,,,1,1,0,0,0,0,0,0,0,0,"1.9","0.74","1","-0.56","88.4",146,0,0,0,5.97,-1.07,0.33,2.17,0,0,"-5.12",,,"5.12",,,,,0,,,,,,,
5,703615,"Cabrera, Jose",25,20,0,0,0,0,0.364,,,0,1,75.5,-17,2167,93.4,93.88,0,2,3,0.5,6.48,117,149,117,148,314,322,304,"-0.078","0.078",,,,2,1,0,0,0,0,0,0,0,0,"1.99","0.61","1.25","1.25","88.0",48,0,0,0,5.75,-2,-0.53,2.42,0.5,0,"1.56",,,"-1.56",,,,,0,,,,,,,
5,801737,"Martinez, Liomar",29,17.2,0.333,0,0.333,0.333,0.296,,,1,3,92.1,14,2297,96.2,96.46,0,4,1,0.29999999999999716,6.66,114,146,116,147,280,318,283,"0.022","-0.022",,,,3,3,1,0,0,0,0,0,0,0,"1.17","1.31","1.16","-0.37","91.9",212,33.33333333333333,0,0,5.73,-2.68,0.3,2.52,0.333,0,"-0.44",,,"0.44",,,,,0,,,,,,,
5,685290,"Barrera, Diego",9,55.6,0,0,0,0,0,,,0,1,97.9,1,1924,85.2,85.34,0,4,1,0.09999999999999432,6.58,108,153,115,146,297,334,298,"0.407","-0.407",,,,1,1,0,0,0,0,0,0,0,0,"2.48","0.71","1.21","-0.71","90.5",105,100,0,0,4.64,2.99,0.24,2.48,0,0,"-8.14",,,"8.14",,,,,0,,,,,,,
5,663399,"Waddell, Brandon",18,27.8,0,0,0,0,0,,,0,2,90.7,76,2071,92.5,91.52,0,3,2,-1,6.06,,,,,,,,"0.519","-0.519",,,,2,2,0,0,0,0,0,0,0,0,"1.8","0.9","1.26","0.35","89.3",149,0,0,0,6.25,2.32,0.41,2.97,0,0,"-10.38",,,"10.38",,,,,0,,,,,,,
5,690736,"McGough, Trey",16,31.3,0,0,0,0,0.349,,,0,1,66.6,-13,2262,90.4,90.3,0,1,4,-0.10000000000000853,6.4,93,134,106,136,288,311,287,"0.171","-0.171",,,,2,1,0,0,0,0,0,0,1,50,"1.73","1.08","1.49","0.93","88.0",9,0,0,0,5.79,1.44,-0.1,1.78,0.5,0,"-3.42",,,"3.42",,,,,0,,,,,,,
5,805060,"Rojas, Yenrri",16,31.3,0,0,,0,0,,,0,1,,,2182,93.2,93.68,1,2,3,0.5,6.4,117,153,114,150,307,328,292,"0.431","-0.431",,,,1,0,0,0,0,0,1,100,0,0,"2","0.61","1.03","0.71","102.0",44,,,,5.32,-1.73,-0.17,3,0,,"-8.62",,,"8.62",,,,,50,,,,,,,
5,642701,"Santana, Dennis",69,7.2,0,0,0,0,0,,,0,1,86.5,19,2336,92.9,91.92,0,1,4,-1,6.02,101,148,116,147,293,316,285,"0.262","-0.262",,,,1,1,0,0,0,0,0,0,0,0,"1.86","0.81","1.34","1.34","88.0",270,0,0,0,5.65,-2.04,-0.09,2.12,0,0,"-5.24",,,"5.24",,,,,0,,,,,,,
5,678973,"Huizi, Eiker",16,31.3,,,,,,,,,,,,2184,93.6,93.46,1,2,3,-0.09999999999999432,6.42,105,150,119,150,280,316,282,"0.004","-0.004",,,,,,,,,,,,,,"2.31","0.32","1.13","0.59","88.0",50,,,,5.83,-1.45,0.36,1.61,,,"-0.08",,,"0.08",,,,,50,,,,,,,
5,689225,"Brieske, Beau",36,13.9,,,,,,,,,,,,2467,95.3,94.08,0,2,3,-1.2000000000000028,5.76,106,151,126,147,292,324,278,"0.073","-0.073",,,,,,,,,,,,,,"1.28","1.25","1.08","1.08","88.0",4,,,,6.33,-1.09,-0.4,1.42,,,"-1.46",,,"1.46",,,,,0,,,,,,,
5,686223,"Mancini, Joey",26,19.2,0,0,0,0,0,,,0,2,62.4,18,2209,93.4,92.64,0,2,3,-0.8000000000000114,5.88,90,151,117,145,305,330,299,"0.508","-0.508",,,,2,2,0,0,0,0,0,0,0,0,"1.93","0.69","1.4","1.4","88.0",112,0,0,0,6.24,-2.08,-0.89,3.53,0,0,"-10.16",,,"10.16",,,,,0,,,,,,,
5,702119,"Hayes, Hunter",36,13.9,0.667,1,0.5,1.667,0.978,,,2,3,103.7,11,2195,93,92.72,0,3,2,-0.29999999999999716,5.94,103,145,126,151,293,324,282,"-1.438","1.438",,,,3,3,1,0,0,1,0,0,0,0,"1.41","1.2","1.08","-0.08","103.7",199,100,33.33333333333333,33.33333333333333,6.05,-2.11,0.57,2.82,0.667,1,"28.76",,,"-28.76",,,,,0,,,,,,,
5,622075,"Almonte, Yency",22,22.7,0.667,0.333,0.667,1,0.716,,,2,3,80,22.7,2104,90.7,90.8,0,4,1,0.09999999999999432,6.4,109,154,120,146,301,313,281,"-0.944","0.944",,,,3,3,1,1,0,0,0,0,0,0,"2.11","0.66","1.43","1.43","93.1",156,33.33333333333333,33.33333333333333,33.33333333333333,5.99,-1.25,-0.66,2.73,0.667,1,"18.88",,,"-18.88",,,,,0,,,,,,,
5,669302,"Gilbert, Logan",196,2.6,,,,,,,,,,,,2059,92.4,94.62,0,0,5,2.1999999999999886,7.44,100,141,118,138,294,326,297,"0.029","-0.029",,,,,,,,,,,,,,"2.45","0.21","1.05","1.05",,,,,,6.19,-0.89,0.42,1.92,,,"-0.58",,,"0.58",,,,,,,,,,,,
5,695605,"Smith, Travis",27,18.5,,,,,,,,,,,,2151,92.5,93,0,1,4,0.5,6.2,114,149,112,141,298,290,295,"0.044","-0.044",,,,,,,,,,,,,,"2.15","0.48","0.66","0.01","88.0",273,,,,5.67,-1.96,0.02,2.24,,,"-0.88",,,"0.88",,,,,0,,,,,,,
5,686671,"Farr, Thomas",28,17.9,0,0,0,0,0,,,0,3,97,11.7,2186,92.7,92.36,0,4,1,-0.29999999999999716,6.06,104,151,122,151,282,315,290,"0.888","-0.888",,,,3,3,0,0,0,0,0,0,0,0,"1.6","1.05","1","-0.24","98.3",131,66.66666666666666,0,0,5.79,-1.98,-0.19,2.83,0,0,"-17.76",,,"17.76",,,,,0,,,,,,,
5,669022,"Gore, MacKenzie",251,2,0,0,0,0,0.243,,,0,2,93.2,-40.5,2133,96.1,97.24,0,3,2,1.1000000000000085,6.94,118,145,105,153,304,316,311,"0.188","-0.188",,,,3,2,0,0,0,0,0,0,0,0,"1.4","1.07","1.21","1.21","94.4",42,50,0,0,5.51,1.75,0.73,2.32,0.333,0,"-3.76",,,"3.76",,,,,0,,,,,,,
5,680704,"Sandlin, Nick",43,11.6,0,0,0,0,0.349,,,0,1,,,2187,91.4,91.96,1,3,2,0.5999999999999943,6.5,99,148,119,148,305,326,303,"0.223","-0.223",,,,2,1,0,0,0,0,0,0,1,50,"2.38","0.34","1.3","0.17","88.0",28,,,,4.68,-2.95,-0.43,2.14,0.5,,"-4.46",,,"4.46",,,,,33.3,,,,,,,
5,689149,"Dallas, Chad",38,13.2,1,0,1,1,0.889,,,1,1,76.4,15,2343,94.8,95,1,2,3,0.20000000000000284,6.44,113,153,122,149,283,334,301,"-0.3","0.3",,,,1,1,1,0,0,0,0,0,0,0,"1.44","1.1","0.91","0.91","88.0",194,0,0,0,5.7,-1.31,-0.35,2.41,1,0,"6",,,"-6",,,,,50,,,,,,,
5,664948,"Misiewicz, Anthony",87,5.7,0,0,0,0,0,,,0,1,92.1,-18,2133,90.4,89.94,1,3,2,-0.5,5.9,97,145,125,150,298,326,291,"0.332","-0.332",,,,1,1,0,0,0,0,0,0,0,0,"1.86","0.92","1.06","0.25","94.0",152,0,0,0,6.22,0.72,0.68,2.54,0,0,"-6.64",,,"6.64",,,,,33.3,,,,,,,
5,676026,"Powell, Holden",48,10.4,0,0,0,0,0.349,,,0,1,90.3,60,1885,93.4,92.52,0,2,3,-0.9000000000000057,5.62,92,146,114,136,309,317,290,"0.068","-0.068",,,,2,1,0,0,0,0,0,0,1,50,"2.16","0.45","1.29","1.29","89.2",222,0,0,0,5.33,-1.96,-0.22,1.81,0.5,0,"-1.36",,,"1.36",,,,,0,,,,,,,
5,689557,"Morehouse, Zane",43,11.6,,,,,0.729,,,0,0,,,1961,92.6,92.58,1,1,4,0,6.36,117,149,121,146,298,331,300,"-0.349","0.349",,,,1,0,0,0,0,0,0,0,0,0,"2.13","0.55","1","0.24",,,,,,5.55,-2.11,0.04,2.34,1,,"6.98",,,"-6.98",,,,,100,,,,,,,
5,821970,"Martinez, Xavier",37,13.5,,,,,,,,,,,,1962,90.8,91.04,0,2,3,0.20000000000000284,6.3,108,153,125,149,319,323,284,"-0.053","0.053",,,,,,,,,,,,,,"1.84","0.91","0.93","0.93","88.6",191,,,,5.13,-1.25,-0.68,2.55,,,"1.06",,,"-1.06",,,,,0,,,,,,,
5,543056,"Coulombe, Danny",40,12.5,0,0,0,0,0,,,0,1,105.9,-1,2287,89.9,89.22,0,2,3,-0.7000000000000028,5.88,103,146,110,146,272,306,293,"-0.559","0.559",,,,1,1,0,0,0,0,0,0,0,0,"1.69","1.14","0.91","-0.08","96.9",108,100,0,0,6.24,-0.43,-0.13,2.93,0,0,"11.18",,,"-11.18",,,,,0,,,,,,,
5,813676,"Romero, Ivran",72,6.9,,,,,,,,,,,,2144,91.4,91.34,0,0,5,-0.10000000000000853,6.24,107,149,120,144,300,324,273,"-0.225","0.225",,,,,,,,,,,,,,"2.52","0.21","0.9","0.37",,,,,,4.57,-3.08,-0.3,1.98,,,"4.5",,,"-4.5",,,,,,,,,,,,
5,695247,"Haynes, Jagger",52,9.6,,,,,,,,,,,,2124,92.3,91.5,0,2,3,-0.7999999999999972,6.02,126,147,115,154,285,317,304,"-0.014","0.014",,,,,,,,,,,,,,"1.62","1.09","1.26","1.26","88.0",55,,,,6.17,1.25,1.04,1.65,,,"0.28",,,"-0.28",,,,,0,,,,,,,
5,675296,"Merda, Hayden",12,41.7,,,0,,0,,,0,0,92.3,48,2115,95.9,95.12,0,2,3,-0.8000000000000114,5.92,109,146,110,150,294,330,298,"0.059","-0.059",,,,1,1,0,0,0,0,0,0,0,0,"1.35","1.14","0.99","-0.55","90.1",271,0,0,0,6.07,-1.35,-0.14,3.1,0,0,"-1.18",,,"1.18",,,,,0,,,,,,,
5,701828,"Lunsford-Shenkman, Wyatt",13,38.5,0,0,0,0,0,,,0,1,75.4,-2,2219,91,89.66,1,3,2,-1.2999999999999972,5.56,112,149,118,142,299,325,301,"0.253","-0.253",,,,1,1,0,0,0,0,0,0,0,0,"2.27","0.49","0.93","0.93","88.0",83,0,0,0,6,-1.03,-0.09,1.89,0,0,"-5.06",,,"5.06",,,,,33.3,,,,,,,
5,687941,"Gamboa, Alec",51,9.8,0,0,0,0,0.349,,,0,1,105.1,-13,2024,93.6,93.62,0,1,4,0,6.32,98,137,111,140,278,307,295,"0.084","-0.084",,,,2,1,0,0,0,0,0,0,1,50,"1.6","1.01","1.1","0.11","105.1",8,100,0,0,6.34,1.85,0.08,1.58,0.5,0,"-1.68",,,"1.68",,,,,0,,,,,,,
5,605463,"Scott, Tayler",56,8.9,0,0,0,0,0,,,0,1,91.6,41,2194,93.2,92.34,1,3,2,-0.9000000000000057,6.08,108,151,120,149,295,324,284,"0.323","-0.323",,,,1,1,0,0,0,0,0,0,0,0,"2.26","0.39","1.55","1.55","91.6",307,0,0,0,4.83,-3.6,-0.12,2.82,0,0,"-6.46",,,"6.46",,,,,33.3,,,,,,,
5,682260,"Metoyer, Brian",28,17.9,0,0,0,0,0,,,0,3,85.6,3,2223,94.4,93.16,0,3,2,-1.2000000000000028,5.82,124,149,125,151,282,296,276,"0.696","-0.696",,,,3,3,0,0,0,0,0,0,0,0,"2.16","0.43","1.19","0.69","93.5",86,33.33333333333333,0,0,5.43,-2.66,-0.63,2.84,0,0,"-13.92",,,"13.92",,,,,0,,,,,,,
4,696064,"Urbaez, Geison",13,30.8,1,0,1,1,0.889,,,1,1,100,2,2101,95.3,96.07,0,1,3,0.7999999999999972,6.47,115,154,118,148,308,308,281,"-0.664","0.664",,,,1,1,1,0,0,0,0,0,0,0,"1.67","0.8","1.38","1.38","100.0",79,100,0,0,6.21,-2.27,-0.02,1.95,1,0,"16.6",,,"-16.6",,,,,0,,,,,,,
4,687287,"Monteverde, Patrick",59,6.8,0,0,0,0,0,,,0,2,72.3,11.5,2010,87.9,88.08,0,4,0,0.19999999999998863,6.2,104,145,131,149,287,312,270,"-0.112","0.112",,,,2,2,0,0,0,0,0,0,0,0,"2.07","0.86","1.15","1.15","90.3",78,50,0,0,5.82,1.58,0.72,2.8,0,0,"2.8",,,"-2.8",,,,,0,,,,,,,
4,665665,"Sanmartin, Reiver",34,11.8,1,3,,4,2.045,,,1,1,102.8,27,2306,92.6,92.32,0,1,3,-0.29999999999999716,6.25,111,154,126,150,307,331,294,"-1.562","1.562",,,,1,1,0,0,0,1,0,0,0,0,"2.33","0.34","1.39","-1.39","102.8",359,100,100,100,5.49,2.9,0.13,2.58,1,1,"39.05",,,"-39.05",,,,,0,,,,,,,
4,701328,"Ferris, Jackson",53,7.5,,,,,,,,,,,,2008,89.9,91.13,0,0,4,1.2999999999999972,7,108,151,117,151,298,326,293,"-0.138","0.138",,,,,,,,,,,,,,"2.25","0.57","1.14","-0.05",,,,,,5.22,2.17,0.27,0.99,,,"3.45",,,"-3.45",,,,,,,,,,,,
4,669445,"Laskey, Adam",201,2,1,0,1,1,0.889,,,1,1,96.6,1,1987,90.3,90.2,0,3,1,-0.09999999999999432,6.38,118,149,115,150,294,318,287,"-0.45","0.45",,,,1,1,1,0,0,0,0,0,0,0,"2.16","0.65","0.74","0.09","91.2",157,100,0,0,5.85,2.1,0.46,2.29,1,0,"11.25",,,"-11.25",,,,,0,,,,,,,
4,670391,"Anderson, Ben",45,8.9,0.5,0,1,0.5,0.445,,,1,2,106,6,1693,88.6,89.67,0,1,3,1.1000000000000085,6.78,105,148,124,143,294,320,291,"-0.335","0.335",,,,2,1,1,0,0,0,1,50,0,0,"2.09","0.8","1.09","0.62","106.0",125,100,0,0,5.91,-1.48,0.19,1.4,0.5,0,"8.375",,,"-8.375",,,,,0,,,,,,,
4,675660,"Drohan, Shane",218,1.8,,,,,,,,,,,,2209,92.8,92.25,1,1,3,-0.5,6.1,107,149,107,145,305,331,297,"-0.116","0.116",,,,,,,,,,,,,,"1.97","0.69","1.28","0.63","88.0",,,,,5.63,1.43,0.52,1.92,,,"2.9",,,"-2.9",,,,,100,,,,,,,
4,679057,"Green, Mason",27,14.8,1,2,1,3,1.593,,,1,1,95,23,2176,91.9,92.95,1,3,1,1.0999999999999943,6.75,116,151,116,148,302,307,280,"-0.855","0.855",,,,1,1,0,0,1,0,0,0,0,0,"1.8","0.89","0.88","-0.31","91.5",256,100,0,0,5.18,2.13,-0.28,2.81,1,0,"21.375",,,"-21.375",,,,,33.3,,,,,,,
4,700719,"De Jesus, Dairon",23,17.4,,,,,,,,,,,,2190,90.2,90.2,1,1,3,0,6.2,121,148,122,153,281,308,290,"-0.055","0.055",,,,,,,,,,,,,,"1.76","1.03","0.85","-0.85",,,,,,5.49,-1.5,-0.02,1.53,,,"1.375",,,"-1.375",,,,,100,,,,,,,
4,679712,"Lockhart, Lael",28,14.3,1,0,1,1,0.809,,,1,1,92.9,-25,2108,91,92.22,0,1,3,1.2000000000000028,6.95,125,146,129,151,284,318,299,"-0.815","0.815",,,,2,1,1,0,0,0,0,0,0,0,"2.05","0.7","1.22","1.22","92.9",5,0,0,0,5.24,1.37,0.55,2.54,1,0,"20.375",,,"-20.375",,,,,0,,,,,,,
4,646242,"Díaz, Jhonathan",38,10.5,0,0,0,0,0,,,0,1,73.6,-18,2411,89,88.95,0,2,2,0.09999999999999432,6.2,120,149,104,151,293,316,287,"0.304","-0.304",,,,1,1,0,0,0,0,0,0,0,0,"2.55","0.33","1.07","0.6","88.0",102,0,0,0,5.56,3.04,0.34,3.13,0,0,"-7.6",,,"7.6",,,,,0,,,,,,,
4,687849,"Kent, Zak",128,3.1,0,0,0,0,0,,,0,1,93.5,-2,2590,92.7,92.08,0,1,3,-0.6000000000000085,6,100,151,123,148,282,317,279,"-0.357","0.357",,,,1,1,0,0,0,0,0,0,0,0,"1.61","1.05","0.58","0.58","93.5",31,0,0,0,6.38,-1.19,-0.17,1.37,0,0,"8.925",,,"-8.925",,,,,0,,,,,,,
4,828475,"Dorchies, Ethan",18,22.2,0,0,0,0,0,,,0,1,98.3,-13,2043,95.4,96.67,0,3,1,1.2999999999999972,6.95,96,147,117,145,301,325,292,"0.395","-0.395",,,,1,1,0,0,0,0,0,0,0,0,"2.04","0.46","1.23","1.23","91.4",103,100,0,0,5.76,-1.87,-0.11,2.4,0,0,"-9.875",,,"9.875",,,,,0,,,,,,,
4,679702,"Harper, Daniel",41,9.8,,,,,0.729,,,0,0,,,2405,94,92.38,0,1,3,-1.5999999999999943,5.58,104,152,124,149,288,329,306,"-0.345","0.345",,,,1,0,0,0,0,0,0,0,0,0,"1.37","1.23","1.12","0.09",,,,,,5.71,-1.77,-0.74,2.94,1,,"8.625",,,"-8.625",,,,,0,,,,,,,
4,806585,"Dallas, Jack",51,7.8,0,0,0,0,0,,,0,1,68.6,-68,2320,93,93,0,3,1,0.09999999999999432,6.05,102,153,117,148,295,319,286,"0.363","-0.363",,,,1,1,0,0,0,0,0,0,0,0,"2.02","0.6","1.02","1.02","88.0",87,0,0,0,5.36,-3.07,-0.59,2.19,0,0,"-9.075",,,"9.075",,,,,0,,,,,,,
4,686654,"Adcock, Ty",72,5.6,,,,,,,,,,,,2065,94.3,93.95,2,2,2,-0.29999999999999716,6.15,110,152,119,149,302,321,291,"0.106","-0.106",,,,,,,,,,,,,,"1.69","0.88","1.16","1.16",,,,,,6.09,-1.19,0.29,2,,,"-2.65",,,"2.65",,,,,100,,,,,,,
4,682240,"Jones, Stephen",87,4.6,0,0,,0,0,,,0,1,,,2185,93.5,93.45,1,2,2,0,6.33,94,143,122,146,301,316,310,"0.471","-0.471",,,,1,0,0,0,0,0,1,100,0,0,"1.9","0.71","1.42","0.77","88.0",216,,,,5.77,-2.08,0.08,1.86,0,,"-11.775",,,"11.775",,,,,50,,,,,,,
4,702274,"Shores, Chase",11,36.4,,,,,,,,,,,,2260,98.2,98.68,0,0,4,0.5,6.57,114,152,119,147,306,326,311,"-0.025","0.025",,,,,,,,,,,,,,"1.49","0.88","0.95","0.52",,,,,,5.66,-2.26,-0.24,3.46,,,"0.625",,,"-0.625",,,,,,,,,,,,
4,804546,"Brewer, Hoss",19,21.1,0,0,0,0,0,,,0,1,89.9,-20,2282,90.4,89.53,0,1,3,-0.9000000000000057,5.78,116,151,122,146,279,308,274,"0.215","-0.215",,,,1,1,0,0,0,0,0,0,0,0,"2.36","0.43","1.06","1.06","89.9",6,0,0,0,5.84,-2.04,-0.03,3.04,0,0,"-5.375",,,"5.375",,,,,0,,,,,,,
4,668766,"File, Dylan",15,26.7,0.333,0,0.333,0.333,0.296,,,1,3,84.1,13.3,2372,92.8,92.85,0,3,1,0,6.55,115,150,128,149,290,326,296,"0.144","-0.144",,,,3,3,1,0,0,0,0,0,0,0,"1.58","1.09","1.05","0.03","93.7",205,33.33333333333333,0,0,5.85,-2.41,0.03,1.98,0.333,0,"-3.6",,,"3.6",,,,,0,,,,,,,
4,594798,"deGrom, Jacob",43,9.3,0,0,0,0,0,,,0,1,88.7,78,2256,96.8,97.58,0,3,1,0.7999999999999972,6.57,107,151,115,148,305,324,304,"0.45","-0.45",,,,1,1,0,0,0,0,0,0,0,0,"1.52","0.9","1.15","1.15","88.5",52,0,0,0,5.58,-1.46,-0.85,2.22,0,0,"-11.25",,,"11.25",,,,,0,,,,,,,
4,691765,"Baumeister, Jackson",43,9.3,0,0,0,0,0,,,0,1,97.5,54,2303,93.2,94.1,0,1,3,0.8999999999999915,7.1,121,146,135,151,295,328,300,"0.236","-0.236",,,,1,1,0,0,0,0,0,0,0,0,"1.29","1.36","1.02","-0.55","97.5",253,100,0,0,5.44,-1.85,0.38,2.84,0,0,"-5.9",,,"5.9",,,,,0,,,,,,,
4,699223,"Aquino, Patricio",23,17.4,0,0,0,0,0.349,,,0,1,90.9,34,2132,92.6,92.03,0,1,3,-0.5,5.93,103,146,118,147,313,312,300,"0.007","-0.007",,,,2,1,0,0,0,0,0,0,1,50,"1.9","0.76","1.31","0.67","90.9",360,0,0,0,5.56,-2.14,-1.4,2.2,0.5,0,"-0.175",,,"0.175",,,,,0,,,,,,,
4,822636,"Reynolds, Cole",15,26.7,0,0,0,0,0,,,0,1,109,-24,2195,92.9,92.5,1,3,1,-0.4000000000000057,6.05,120,152,120,152,304,335,308,"0.374","-0.374",,,,1,1,0,0,0,0,0,0,0,0,"2.26","0.39","1.35","0.05","98.5",103,100,0,0,5.41,2.85,0.6,2.54,0,0,"-9.35",,,"9.35",,,,,33.3,,,,,,,
4,687317,"Flesland III, Stu",18,22.2,1,0,1,1,0.889,,,1,1,108.9,-5,2143,93.2,92.2,1,3,1,-1,5.78,109,149,113,144,293,318,307,"-0.419","0.419",,,,1,1,1,0,0,0,0,0,0,0,"1.57","1.06","1.18","-1.18","98.5",84,100,0,0,6.24,3.53,0.05,1.89,1,0,"10.475",,,"-10.475",,,,,33.3,,,,,,,
4,518585,"Cruz, Fernando",59,6.8,0.5,0.5,0.5,1,0.63,,,1,2,98.5,3.5,2054,92.2,92.92,0,3,1,0.7000000000000028,6.88,107,149,120,148,302,319,278,"-0.179","0.179",,,,2,2,0,1,0,0,0,0,0,0,"1.64","1.06","1.13","1.13","95.0",91,100,0,0,5.87,-2.2,0.06,2.45,0.5,0,"4.475",,,"-4.475",,,,,0,,,,,,,
4,805214,"Lyon, Isaac",24,16.7,0,0,0,0,0,,,0,2,99,-10,2172,91.7,92.45,1,3,1,0.7999999999999972,6.4,111,153,114,148,280,313,277,"0.706","-0.706",,,,2,2,0,0,0,0,0,0,0,0,"2.68","0","1.45","0.74","99.0",15,100,0,0,4.5,-2.44,0.07,2.28,0,0,"-17.65",,,"17.65",,,,,33.3,,,,,,,
4,678163,"Magdic, Ryan",9,44.4,0,0,0,0,0.349,,,0,1,86.3,-42,1937,91,90.22,0,1,3,-0.7999999999999972,5.9,116,149,124,151,290,314,294,"0.138","-0.138",,,,2,1,0,0,0,0,0,0,1,50,"1.8","0.95","1.03","0.5","88.0",2,0,0,0,6.23,2.65,0.94,2.68,0.5,0,"-3.45",,,"3.45",,,,,0,,,,,,,
4,806293,"Martin, Payton",38,10.5,0,0,0,0,0,,,0,1,46.3,-36,1566,91,91.88,0,1,3,0.9000000000000057,6.53,115,148,122,149,296,317,295,"0.209","-0.209",,,,1,1,0,0,0,0,0,0,0,0,"2.26","0.47","0.93","-0.93","88.0",2,0,0,0,5.52,-1.29,-0.91,1.51,0,0,"-5.225",,,"5.225",,,,,0,,,,,,,
4,682981,"Diamond, Derek",56,7.1,1,0,1,1,0.889,,,1,1,73.6,22,2220,94.2,95.03,0,1,3,0.7999999999999972,7.07,91,139,115,136,288,317,293,"-0.401","0.401",,,,1,1,1,0,0,0,0,0,0,0,"1.89","0.71","1.4","1.4","88.0",225,0,0,0,5.5,-2.71,0.01,1.72,1,0,"10.025",,,"-10.025",,,,,0,,,,,,,
4,682949,"Suarez, Christian",46,8.7,,,,,0.698,,,0,0,,,2246,93.4,92.38,0,1,3,-1,5.83,114,148,121,148,294,325,289,"-0.185","0.185",,,,1,0,0,0,0,0,0,0,1,100,"1.75","0.88","1.04","1.04","88.0",50,,,,6.53,2.34,0.28,1.93,1,,"4.625",,,"-4.625",,,,,0,,,,,,,
4,663462,"Campbell, Isaiah",91,4.4,0,0,0,0,0,,,0,2,77.6,20.5,2396,93.9,93.97,0,2,2,0.09999999999999432,6.3,118,150,122,148,308,321,311,"0.457","-0.457",,,,2,2,0,0,0,0,0,0,0,0,"1.56","1.02","1.03","1.03","89.8",229,0,0,0,6.41,-1.47,0.01,2.24,0,0,"-11.425",,,"11.425",,,,,0,,,,,,,
4,671131,"Rutledge, Jackson",94,4.3,,,,,,,,,,,,,94.2,94.38,0,1,3,0.20000000000000284,6.33,101,145,108,141,292,322,309,"0.08","-0.08",,,,,,,,,,,,,,"1.52","1.05","1.28","1.28",,,,,,6.1,-1.47,0.59,2.25,,,"-2",,,"2",,,,,0,,,,,,,
4,671143,"Denholm, Trenton",68,5.9,1,1,1,2,0.994,,,1,1,111.2,11,2029,91.6,91.65,0,2,2,0.10000000000000853,6.28,107,149,121,143,303,326,295,"-1.149","1.149",,,,2,1,0,1,0,0,0,0,0,0,"1.64","1.07","1.1","1.1","111.2",295,100,0,0,5.42,-2.04,-0.62,2.27,1,0,"28.725",,,"-28.725",,,,,0,,,,,,,
4,666768,"Pilar, Anderson",92,4.3,1,0,1,1,0.889,,,1,1,90.5,15,2484,93.8,93.57,0,2,2,-0.20000000000000284,6.33,117,152,121,148,299,313,284,"-0.455","0.455",,,,1,1,1,0,0,0,0,0,0,0,"2","0.6","0.84","0.84","90.5",225,0,0,0,5.49,-2.15,0.46,2.55,1,0,"11.375",,,"-11.375",,,,,0,,,,,,,
4,815179,"Herberholz, Christian",9,44.4,0,0,0,0,0,,,0,1,104.6,18,2162,94.3,93.65,0,3,1,-0.5999999999999943,5.95,109,154,126,147,297,300,281,"0.311","-0.311",,,,1,1,0,0,0,0,0,0,0,0,"1.37","1.2","1.04","1.04","94.8",284,100,0,0,5.66,-1.21,0.42,2.36,0,0,"-7.775",,,"7.775",,,,,0,,,,,,,
4,803035,"Gowens, Riley",46,8.7,,,,,,,,,,,,2229,92.5,93.12,0,0,4,0.5999999999999943,6.7,112,147,119,150,290,327,290,"0.028","-0.028",,,,,,,,,,,,,,"1.64","1.03","0.91","-0.45",,,,,,5.57,-2.17,0.56,1.02,,,"-0.7",,,"0.7",,,,,,,,,,,,
4,684384,"Plymell, Chase",66,6.1,0,0,0,0,0,,,0,1,78.2,52,1889,89.9,89.63,0,2,2,-0.20000000000000284,6.13,117,138,106,140,297,323,300,"0.169","-0.169",,,,1,1,0,0,0,0,0,0,0,0,"1.75","1.07","1.03","-0.55","88.0",157,0,0,0,6.56,-1.3,-0.15,3.21,0,0,"-4.225",,,"4.225",,,,,0,,,,,,,
4,680734,"Luckham, Kyle",41,9.8,0.5,0,0.5,0.5,0.445,,,1,2,96.8,-4,2078,94.3,93.93,1,4,0,-0.3999999999999915,6.13,114,150,119,147,308,322,300,"0.018","-0.018",,,,2,2,1,0,0,0,0,0,0,0,"1.8","0.77","1.21","1.21","96.8",24,100,0,0,5.91,-0.94,-0.74,2.01,0.5,0,"-0.45",,,"0.45",,,,,25,,,,,,,
4,675450,"Cranton, Hunter",4,100,0,0,0,0,0,,,0,2,81.3,43,2314,97.6,97.95,2,4,0,0.4000000000000057,6.45,116,149,120,146,291,321,293,"0.526","-0.526",,,,2,1,0,0,0,0,1,50,0,0,"1.1","1.29","0.46","0.24","88.1",257,0,0,0,5.61,-2.19,0.13,2.93,0,0,"-13.15",,,"13.15",,,,,50,,,,,,,
4,806288,"Raeth, Stefan",45,8.9,1,3,,4,2.045,,,1,1,101.5,26,2228,90.9,90.72,0,3,1,-0.20000000000000284,6.28,91,149,119,147,297,319,297,"-1.432","1.432",,,,1,1,0,0,0,1,0,0,0,0,"1.84","0.93","1.08","1.08","96.2",261,100,100,100,5.92,-0.64,-0.17,2.01,1,1,"35.8",,,"-35.8",,,,,0,,,,,,,
4,641755,"Kinley, Tyler",82,4.9,,,,,,,,,,,,2326,94.3,93.03,0,1,3,-1.2999999999999972,5.63,114,152,121,146,305,322,293,"-0.126","0.126",,,,,,,,,,,,,,"1.53","1.04","1.2","1.2","88.0",196,,,,6.54,-0.8,-0.53,2.23,,,"3.15",,,"-3.15",,,,,0,,,,,,,
4,811598,"Olmedo, Kleiber",9,44.4,,,,,,,,,,,,2467,94.3,93.58,1,3,1,-0.7000000000000028,6.13,122,151,125,149,305,325,293,"0.201","-0.201",,,,,,,,,,,,,,"1.33","1.25","1.14","0","88.0",212,,,,5.96,-1.54,-0.11,2.95,,,"-5.025",,,"5.025",,,,,33.3,,,,,,,
4,687166,"Pope, Austin",68,5.9,,,,,,,,,,,,2311,92.4,93.07,0,1,3,0.6999999999999886,6.63,121,145,117,150,302,321,296,"-0.091","0.091",,,,,,,,,,,,,,"1.77","0.9","0.75","0.37","97.6",352,,,,6.04,-1.15,-0.03,2.31,,,"2.275",,,"-2.275",,,,,0,,,,,,,
4,686811,"Rustad, Carter",36,11.1,0,0,0,0,0.349,,,0,1,88,33,2275,93.4,93.78,0,2,2,0.3999999999999915,6.82,102,148,122,147,294,306,283,"-0.139","0.139",,,,2,1,0,0,0,0,0,0,1,50,"1.14","1.51","0.77","0.01","88.0",218,0,0,0,5.9,-3.07,-0.33,2.87,0.5,0,"3.475",,,"-3.475",,,,,0,,,,,,,
4,695229,"Minacci, Camden",59,6.8,0,0,,0,0,,,0,1,,,1824,93.1,94.27,1,1,3,1.2000000000000028,6.8,120,149,119,151,291,320,301,"0.219","-0.219",,,,1,0,0,0,0,0,1,100,0,0,"1.78","0.83","0.96","-0.49",,,,,,5.71,-1.08,0.2,2.48,0,,"-5.475",,,"5.475",,,,,100,,,,,,,
3,694207,"Mendoza, Brayan",9,33.3,,,,,,,,,,,,2159,91.1,90.23,0,0,3,-0.8999999999999915,6.1,114,137,117,140,281,318,287,"-0.048","0.048",,,,,,,,,,,,,,"2.23","0.55","1.12","1.12",,,,,,5.35,2.79,-0.44,2.71,,,"1.6",,,"-1.6",,,,,,,,,,,,
3,702036,"Rossi, Tony",6,50,0,0,,0,0,,,0,1,,,1921,94.9,95.57,1,2,1,0.6999999999999886,6.83,114,152,124,150,294,312,274,"0.343","-0.343",,,,1,0,0,0,0,0,1,100,0,0,"1.23","1.32","1.16","1.16","88.0",232,,,,5.72,-1.83,0.03,2.02,0,,"-11.433333333",,,"11.433333333",,,,,50,,,,,,,
3,701207,"Colleran Jr., Dennis",46,6.5,0,0,0,0,0,,,0,1,84.4,-46,2203,97,97.37,0,2,1,0.4000000000000057,6.33,121,148,135,148,281,316,299,"0.306","-0.306",,,,1,1,0,0,0,0,0,0,0,0,"2","0.41","1.29","-0.39","92.9",4,0,0,0,5.13,-2.2,0.15,2.44,0,0,"-10.2",,,"10.2",,,,,0,,,,,,,
3,519326,"Strickland, Hunter",66,4.5,0,0,0,0,0,,,0,1,106.4,-6,2002,90.2,89.17,0,1,2,-1,5.63,107,146,120,145,304,324,288,"0.234","-0.234",,,,1,1,0,0,0,0,0,0,0,0,"2.5","0.3","1.14","1.14","106.4",20,100,0,0,5.92,-2.99,-1.31,2.72,0,0,"-7.8",,,"7.8",,,,,0,,,,,,,
3,822652,"Mahlstedt, Lucas",19,15.8,0,0,0,0,0.349,,,0,1,87,-10,2253,90.6,90.7,0,1,2,0.10000000000000853,6.27,107,148,119,146,287,315,293,"0.142","-0.142",,,,2,1,0,0,0,0,0,0,1,50,"2.08","0.69","1.13","-0.41","88.0",14,0,0,0,4.34,-2.45,0.19,2.72,0.5,0,"-4.733333333",,,"4.733333333",,,,,0,,,,,,,
3,810102,"Veach, Chris",8,37.5,0,0,0,0,0,,,0,1,98.6,22,2219,94.2,93.27,0,1,2,-0.9000000000000057,5.8,115,148,118,151,293,326,291,"0.143","-0.143",,,,1,1,0,0,0,0,0,0,0,0,"1.35","1.23","1.29","-0.42","98.6",320,100,0,0,5.72,-1.13,0.13,3.19,0,0,"-4.766666667",,,"4.766666667",,,,,0,,,,,,,
3,700669,"Graceffo, Gordon",43,7,0,0,0,0,0,,,0,1,72.4,37,1997,97.2,97.33,0,1,2,0.09999999999999432,6.3,104,151,122,148,287,311,283,"0.139","-0.139",,,,1,1,0,0,0,0,0,0,0,0,"1.36","1.04","1.15","1.15","88.0",237,0,0,0,6.03,-1.67,-1.08,1.86,0,0,"-4.633333333",,,"4.633333333",,,,,0,,,,,,,
3,676502,"Phansalkar, Roman",5,60,0.5,0,0.5,0.5,0.445,,,1,2,92.5,21,2518,93.5,91.77,0,2,1,-1.7000000000000028,5.27,108,147,120,143,308,324,297,"-0.251","0.251",,,,2,2,1,0,0,0,0,0,0,0,"2.27","0.34","1.41","1.41","93.6",220,50,0,0,5.41,-1.93,-1.12,2.78,0.5,0,"8.366666667",,,"-8.366666667",,,,,0,,,,,,,
3,625510,"Mejia, Erick",18,16.7,0.333,0,0.333,0.333,0.296,,,1,3,67.5,17,1678,91.3,90.27,0,3,0,-1,5.77,102,126,97,119,285,329,281,"-0.174","0.174",,,,3,3,1,0,0,0,0,0,0,0,"2.33","0.42","1.26","0.4","88.0",132,0,0,0,6.1,-2.18,-0.62,2.52,0.333,0,"5.8",,,"-5.8",,,,,0,,,,,,,
3,701686,"Larsen, Kyle",17,17.6,,,,,0.698,,,0,0,,,2221,91,91.63,1,1,2,0.5999999999999943,6.77,,,,,,,,"-0.146","0.146",,,,1,0,0,0,0,0,0,0,1,100,"2.16","0.6","1.09","1.09",,,,,,5.39,-1.34,-0.28,2.92,1,,"4.866666667",,,"-4.866666667",,,,,100,,,,,,,
3,689608,"Powell, Walker",24,12.5,,,,,,,,,,,,1880,86.9,87.1,1,1,2,0.19999999999998863,6.37,117,146,121,148,290,319,302,"0.029","-0.029",,,,,,,,,,,,,,"2.78","0.25","1.3","-0.36",,,,,,6.07,-2.31,-0.67,1.19,,,"-0.966666667",,,"0.966666667",,,,,100,,,,,,,
3,694372,"Seminaris, Adam",14,21.4,,,,,,,,,,,,2009,90.6,90.97,1,2,1,0.4000000000000057,6.4,110,152,121,150,293,303,278,"0.166","-0.166",,,,,,,,,,,,,,"2.21","0.56","1.44","-0.4","88.0",3,,,,5.58,1.31,0,1.54,,,"-5.533333333",,,"5.533333333",,,,,50,,,,,,,
3,666214,"Wentz, Joey",84,3.6,0,0,0,0,0,,,0,2,95,49,2255,93.3,94.47,1,2,1,1.2000000000000028,7,122,145,117,151,291,311,293,"0.541","-0.541",,,,2,1,0,0,0,0,1,50,0,0,"1.18","1.44","0.61","0.61","95.0",283,100,0,0,6.38,0.77,0.07,2.39,0,0,"-18.033333333",,,"18.033333333",,,,,50,,,,,,,
3,592662,"Ray, Robbie",306,1,0,0,0,0,0,,,0,2,87.4,-10,2398,93.6,92.7,0,3,0,-0.8999999999999915,5.87,121,149,105,151,291,347,311,"0.657","-0.657",,,,2,2,0,0,0,0,0,0,0,0,"1.24","1.37","0.81","0.81","89.5",82,0,0,0,6.3,2.62,0.2,2.54,0,0,"-21.9",,,"21.9",,,,,0,,,,,,,
3,804556,"Nett, Braden",16,18.8,0,0,0,0,0,,,0,1,94.7,23,2214,97.2,97.2,0,2,1,0,6.33,103,151,117,148,310,308,258,"0.307","-0.307",,,,1,1,0,0,0,0,0,0,0,0,"1.53","0.88","1","1","96.1",328,0,0,0,5.7,-2.02,0.09,3.41,0,0,"-10.233333333",,,"10.233333333",,,,,0,,,,,,,
3,676092,"Snider, Collin",128,2.3,1,0,1,1,0.889,,,1,1,106.1,12,2510,93.7,93.2,0,2,1,-0.5,5.83,108,154,122,149,306,332,298,"-0.445","0.445",,,,1,1,1,0,0,0,0,0,0,0,"1.91","0.67","0.81","0.81","97.1",219,100,0,0,5.36,-2.89,-0.73,2.72,1,0,"14.833333333",,,"-14.833333333",,,,,0,,,,,,,
3,829272,"Ogasawara, Shinnosuke",62,4.8,0.5,1.5,0,2,1.022,,,1,2,99,22.5,1900,89.2,89.17,1,3,0,0,6.07,112,144,113,149,291,329,273,"-1.31","1.31",,,,2,2,0,0,0,1,0,0,0,0,"2.14","0.7","1.17","1.17","99.0",333,50,50,50,5.46,1.77,0.86,2.65,0.5,1,"43.666666667",,,"-43.666666667",,,,,33.3,,,,,,,
3,701488,"Phillips, Dylan",5,60,0,0,0,0,0,,,0,1,76,70,1715,90.3,89.63,0,1,2,-0.7000000000000028,5.8,109,152,121,150,314,315,313,"0.337","-0.337",,,,1,1,0,0,0,0,0,0,0,0,"1.67","1.12","1.09","-1.09","88.0",120,0,0,0,5.69,2.05,0.02,3.04,0,0,"-11.233333333",,,"11.233333333",,,,,0,,,,,,,
3,665959,"Mendoza, Abdiel",13,23.1,0,0,,0,0,,,0,1,,,2330,93.1,92.87,0,0,3,-0.19999999999998863,6.27,99,147,124,143,303,322,303,"0.211","-0.211",,,,1,0,0,0,0,0,1,100,0,0,"2.21","0.42","1.48","0.51",,,,,,5.09,-1.93,0.95,1.71,0,,"-7.033333333",,,"7.033333333",,,,,,,,,,,,
3,827526,"Kisting, Jacob",13,23.1,0,0,0,0,0,,,0,1,,-28,2182,92.2,91.27,0,1,2,-0.9000000000000057,6.17,115,154,120,148,294,335,291,"0.216","-0.216",,,,1,1,0,0,0,0,0,0,0,0,"1.36","1.36","1","1",,5,0,0,0,5.75,-2.26,0.46,2.58,0,0,"-7.2",,,"7.2",,,,,0,,,,,,,
3,692179,"Ireland, Thomas",13,23.1,,,,,0.698,,,0,0,,,2022,88,87.27,0,0,3,-0.7000000000000028,5.7,88,148,131,153,300,312,292,"-0.18","0.18",,,,1,0,0,0,0,0,0,0,1,100,"2.51","0.42","1.28","1.28",,,,,,5.26,1.66,-0.33,1.57,1,,"6",,,"-6",,,,,,,,,,,,
3,694298,"Dombkowski, Nick",108,2.8,,,,,,,,,,,,2070,89.9,89.3,0,1,2,-0.6000000000000085,6,93,147,117,145,284,324,285,"0.041","-0.041",,,,,,,,,,,,,,"1.37","1.47","1.32","-1.32","88.0",199,,,,6.13,1,0.53,2.17,,,"-1.366666667",,,"1.366666667",,,,,0,,,,,,,
3,828494,"Achen, Cohen",46,6.5,1,0.5,1,1.5,0.959,,,2,2,89.8,21,2388,92.3,91.67,0,2,1,-0.5999999999999943,6.07,108,134,113,134,277,302,284,"-1.629","1.629",,,,3,2,1,1,0,0,0,0,0,0,"1.9","0.79","1.48","1.48","94.9",308,50,50,33.33333333333333,5.46,-1.17,-0.96,2.95,1,1,"54.3",,,"-54.3",,,,,0,,,,,,,
3,800686,"Carlson, Parker",32,9.4,1,0,1,1,0.889,,,1,1,105.2,11,2017,92.3,92.2,0,1,2,-0.09999999999999432,6.1,109,147,115,147,282,311,284,"-0.549","0.549",,,,1,1,1,0,0,0,0,0,0,0,"2.26","0.42","1.11","0.51","105.2",238,100,0,0,5.41,-1.29,-0.22,1.38,1,0,"18.3",,,"-18.3",,,,,0,,,,,,,
3,699071,"Romero, Christian",14,21.4,,,,,,,,,,,,2302,95.8,95.6,0,1,2,-0.20000000000000284,6.33,116,154,122,150,318,319,280,"0.035","-0.035",,,,,,,,,,,,,,"1.82","0.68","1.31","1.31","88.0",233,,,,5.78,-1.62,-0.21,3.11,,,"-1.166666667",,,"1.166666667",,,,,0,,,,,,,
3,699530,"Citelli, Cade",3,100,0,0,0,0,0,,,0,1,90.1,48,2327,92,92.23,0,1,2,0.20000000000000284,6.53,115,150,108,150,277,309,291,"0.278","-0.278",,,,1,1,0,0,0,0,0,0,0,0,"1.42","1.28","1.19","1.19","90.1",275,0,0,0,5.71,-1.73,0.04,2.36,0,0,"-9.266666667",,,"9.266666667",,,,,0,,,,,,,
3,650960,"Duarte, Daniel",22,13.6,0.333,0,0.333,0.333,0.296,,,1,3,91.9,33.7,2197,94.6,93.9,0,3,0,-0.6999999999999886,5.93,114,152,124,149,311,317,279,"0.088","-0.088",,,,3,3,1,0,0,0,0,0,0,0,"1.6","0.95","1.28","1.28","95.3",244,33.33333333333333,0,0,5.64,-1.38,-0.18,1.93,0.333,0,"-2.933333333",,,"2.933333333",,,,,0,,,,,,,
3,809229,"DeBerry, Jaron",28,10.7,1,1,1,2,0.979,,,1,1,109.2,13,2336,91.2,92.43,0,2,1,1.2000000000000028,7.1,102,145,101,150,295,321,286,"-0.968","0.968",,,,2,1,0,1,0,0,0,0,1,50,"1.93","0.82","0.74","-0.74","98.6",140,100,0,0,5.2,-2.2,0.73,2.18,1,0,"32.266666667",,,"-32.266666667",,,,,0,,,,,,,
3,827293,"Vernon, Cade",5,60,0,0,0,0,0,,,0,1,102.3,13,1838,90.2,91.73,0,2,1,1.5,6.9,113,150,116,150,305,309,277,"0.229","-0.229",,,,1,1,0,0,0,0,0,0,0,0,"2.29","0.48","1.09","1.09","95.1",218,100,0,0,5.8,-1.27,0.01,2.91,0,0,"-7.633333333",,,"7.633333333",,,,,0,,,,,,,
3,824620,"Hardin, Tyson",37,8.1,,,,,,,,,,,,2352,94,94.53,1,1,2,0.5,6.5,85,147,115,149,300,318,290,"0.049","-0.049",,,,,,,,,,,,,,"2.06","0.51","1.33","1.33",,,,,,4.98,-1.91,-0.25,1.87,,,"-1.633333333",,,"1.633333333",,,,,100,,,,,,,
3,694989,"Sauer, Kelena",5,60,0,0,0,0,0,,,0,1,,,2285,92.4,92.1,0,1,2,-0.30000000000001137,6.43,109,153,124,143,297,328,287,"0.242","-0.242",,,,1,1,0,0,0,0,0,0,0,0,"2.3","0.4","0.99","0.99",,,,,,5.11,-3.36,0.09,1.6,0,,"-8.066666667",,,"8.066666667",,,,,0,,,,,,,
3,679928,"McKendry, Evan",44,6.8,1,1,1,2,1.26,,,1,1,102.6,23,2041,90.1,89.83,0,1,2,-0.29999999999999716,6.3,112,149,124,149,285,321,288,"-0.756","0.756",,,,1,1,0,1,0,0,0,0,0,0,"2.02","0.8","1.35","1.35","102.6",391,100,100,100,5.22,-2.38,-0.21,2.98,1,1,"25.2",,,"-25.2",,,,,0,,,,,,,
3,687064,"Young, Brandon",49,6.1,0,0,0,0,0,,,0,1,98.7,28,2040,91.7,91.9,1,2,1,0.20000000000000284,6.4,115,153,126,150,289,320,285,"0.346","-0.346",,,,1,1,0,0,0,0,0,0,0,0,"1.52","1.19","1.13","1.13","98.7",369,100,100,100,6.07,-0.97,-0.7,2.89,0,1,"-11.533333333",,,"11.533333333",,,,,50,,,,,,,
3,694805,"Carr, Kyle",66,4.5,,,,,,,,,,,,1863,94.7,94.23,0,1,2,-0.5,6.1,121,148,131,151,286,312,282,"0.027","-0.027",,,,,,,,,,,,,,"2.06","0.48","0.79","0.79",,,,,,5.64,2.07,0,1.85,,,"-0.9",,,"0.9",,,,,0,,,,,,,
3,681916,"Smith, Dylan",33,9.1,1,0,1,1,0.889,,,1,1,88.7,6,2197,92.9,93,1,2,1,0.09999999999999432,6.47,108,149,127,147,287,324,285,"-0.71","0.71",,,,1,1,1,0,0,0,0,0,0,0,"1.33","1.33","1.12","1.12","88.7",122,0,0,0,6.11,-1.72,-0.1,2.25,1,0,"23.666666667",,,"-23.666666667",,,,,50,,,,,,,
3,682855,"Vargas, Luis",26,11.5,,,,,,,,,,,,2296,95.1,94.7,0,1,2,-0.3999999999999915,6.13,110,147,117,150,299,320,284,"0.074","-0.074",,,,,,,,,,,,,,"1.39","1.14","0.94","0.24","88.0",267,,,,5.74,-2.2,0.1,2.65,,,"-2.466666667",,,"2.466666667",,,,,0,,,,,,,
3,805266,"Bimbi, Jacob",30,10,,,,,,,,,,,,2241,93.5,92.93,0,2,1,-0.5999999999999943,6.17,111,147,104,149,290,320,295,"0.008","-0.008",,,,,,,,,,,,,,"2.27","0.36","1.23","0.27","88.0",122,,,,5.42,2.38,1.14,2.56,,,"-0.266666667",,,"0.266666667",,,,,0,,,,,,,
3,663474,"McKenzie, Triston",155,1.9,,,,,,,,,,,,2330,95.5,95.87,0,0,3,0.4000000000000057,6.47,112,151,123,146,254,327,293,"-0.107","0.107",,,,,,,,,,,,,,"1.13","1.36","0.95","0.95",,,,,,6.41,-1.8,-0.72,1.48,,,"3.566666667",,,"-3.566666667",,,,,,,,,,,,
3,680397,"Benschoter, Sam",19,15.8,0,0,0,0,0,,,0,2,86,-4.5,2108,92.4,93.53,0,2,1,1.0999999999999943,6.83,112,150,115,147,298,322,290,"0.645","-0.645",,,,2,2,0,0,0,0,0,0,0,0,"1.91","0.75","1.21","0.42","90.4",48,0,0,0,5.46,-2.21,-0.77,3.13,0,0,"-21.5",,,"21.5",,,,,0,,,,,,,
3,683100,"Netz, Dawson",21,14.3,1,3,,4,2.045,,,1,1,98,29,1643,88.5,87.3,0,2,1,-1.2000000000000028,5.63,94,144,106,135,302,325,309,"-2.137","2.137",,,,1,1,0,0,0,1,0,0,0,0,"2.59","0.34","0.96","0.29","93.0",249,100,100,100,5.57,-2.52,-0.37,2.78,1,1,"71.233333333",,,"-71.233333333",,,,,0,,,,,,,
3,698962,"Estrada, Ricardo",10,30,,,,,,,,,,,,2162,91.4,91.2,0,1,2,-0.20000000000000284,6.05,103,154,120,149,286,309,296,"-0.094","0.094",,,,,,,,,,,,,,"1.46","1.27","1.01","-1.01",,,,,,5.58,0.74,-0.25,2.08,,,"3.133333333",,,"-3.133333333",,,,,0,,,,,,,
3,685829,"Machuca, Irvin",11,27.3,,,,,,,,,,,,2283,93.1,92.93,0,1,2,-0.19999999999998863,6.2,118,147,116,142,293,317,289,"-0.053","0.053",,,,,,,,,,,,,,"1.49","1.14","1.14","0.14","88.0",181,,,,5.65,-1.85,-0.38,3.23,,,"1.766666667",,,"-1.766666667",,,,,0,,,,,,,
3,692623,"Garcia, Leonard",26,11.5,0,0,,0,0,,,0,1,,,,92.6,92.67,1,2,1,0.10000000000000853,6.57,108,149,120,149,305,315,287,"0.241","-0.241",,,,1,0,0,0,0,0,1,100,0,0,"1.49","1.19","0.94","-0.94","88.0",227,,,,5.39,3,-0.14,2.19,0,,"-8.033333333",,,"8.033333333",,,,,50,,,,,,,
3,691945,"Baumler, Carter",132,2.3,0,0,0,0,0,,,0,1,50,-7,2407,94.2,94.2,0,2,1,0,6.4,105,152,119,147,301,320,299,"0.388","-0.388",,,,1,1,0,0,0,0,0,0,0,0,"1.54","1.04","1.16","1.16","89.1",9,0,0,0,5.39,-1.87,-0.83,2.07,0,0,"-12.933333333",,,"12.933333333",,,,,0,,,,,,,
3,687145,"Justice, Evan",21,14.3,,,,,,,,,,,,2348,94.5,93.83,0,0,3,-0.7000000000000028,5.93,119,145,116,150,304,323,296,"0.019","-0.019",,,,,,,,,,,,,,"2.18","0.38","1.46","0.46",,,,,,4.86,2.42,0.88,2.15,,,"-0.633333333",,,"0.633333333",,,,,,,,,,,,
3,822472,"Picone, Domenic",21,14.3,,,,,,,,,,,,2488,91.3,91.27,0,1,2,0,6.07,88,147,108,147,280,322,304,"0.006","-0.006",,,,,,,,,,,,,,"1.46","1.25","1.02","-1.02","104.8",2,,,,4.9,-1.37,0.2,1.74,,,"-0.2",,,"0.2",,,,,0,,,,,,,
3,681077,"Knorr, Michael",60,5,1,0,1,1,0.889,,,1,1,68,31,2225,94.4,94.93,0,2,1,0.5,6.87,103,150,115,146,302,318,293,"-0.463","0.463",,,,1,1,1,0,0,0,0,0,0,0,"1.57","1.01","1.3","1.3","88.0",116,0,0,0,5.73,-1.79,-0.35,2.26,1,0,"15.433333333",,,"-15.433333333",,,,,0,,,,,,,
3,669081,"Dashwood, Jack",22,13.6,0.5,1.5,0,2,1.022,,,1,2,95.9,30,2072,91.8,91.53,1,3,0,-0.29999999999999716,6.3,120,153,133,148,297,320,284,"-2.115","2.115",,,,2,2,0,0,0,1,0,0,0,0,"1.54","1.18","1","-0.23","95.9",340,50,50,50,6.4,1.43,0.5,2.84,0.5,1,"70.5",,,"-70.5",,,,,33.3,,,,,,,
3,686973,"Varland, Louis",80,3.8,0,0,0,0,0,,,0,1,54.3,37,2047,95.2,95.83,0,1,2,0.5999999999999943,6.8,115,153,123,145,335,325,288,"0.302","-0.302",,,,1,1,0,0,0,0,0,0,0,0,"1.63","0.9","1.36","1.36","88.0",151,0,0,0,5.38,-2.93,-0.59,1.95,0,0,"-10.066666667",,,"10.066666667",,,,,0,,,,,,,
3,687562,"Bennett, Jake",72,4.2,,,,,0.729,,,0,0,,,2003,93.4,94.17,0,0,3,0.7999999999999972,7.1,103,146,125,153,285,320,284,"-0.242","0.242",,,,1,0,0,0,0,0,0,0,0,0,"2.1","0.55","1.59","1.59",,,,,,5.66,2.72,0.67,2.91,1,,"8.066666667",,,"-8.066666667",,,,,,,,,,,,
3,703821,"Caba, Myles",76,3.9,,,,,,,,,,,,2458,91.9,92.27,0,0,3,0.3999999999999915,6.6,122,150,128,150,293,325,294,"-0.246","0.246",,,,,,,,,,,,,,"1.82","0.89","0.93","0.93",,,,,,5.46,1.75,0.28,1.72,,,"8.2",,,"-8.2",,,,,,,,,,,,
3,827620,"Shirk, Jake",15,20,,,,,,,,,,,,1934,90.8,90.23,0,0,3,-0.5999999999999943,5.97,104,149,119,147,301,314,285,"-0.001","0.001",,,,,,,,,,,,,,"2.6","0.17","1.31","1.31",,,,,,5.42,-2.47,-1.18,2.28,,,"0.033333333",,,"-0.033333333",,,,,,,,,,,,
3,641907,"Murphy, Patrick",37,8.1,0.333,0,0.333,0.333,0.296,,,1,3,98.5,-27,2085,93.5,93.33,0,3,0,-0.20000000000000284,6.1,103,150,118,147,300,322,298,"0.166","-0.166",,,,3,3,1,0,0,0,0,0,0,0,"1.73","0.87","1.14","1.14","101.4",113,33.33333333333333,33.33333333333333,33.33333333333333,6.39,-2.35,-0.15,2.57,0.333,1,"-5.533333333",,,"5.533333333",,,,,0,,,,,,,
2,681041,"Perez, Marcelo",13,15.4,,,,,,,,,,,,2307,92.5,92.25,1,1,1,-0.20000000000000284,5.85,113,143,121,146,299,317,291,"0.04","-0.04",,,,,,,,,,,,,,"2.05","0.58","1.03","1.03",,,,,,5.71,-2.1,-0.12,1.46,,,"-2",,,"2",,,,,100,,,,,,,
2,669449,"Palisch, Jake",42,4.8,,,,,0.698,,,0,0,,,2158,91.3,90.35,0,0,2,-1,5.85,119,149,119,151,291,324,295,"-0.326","0.326",,,,1,0,0,0,0,0,0,0,1,100,"2.06","0.69","1.22","0.18",,,,,,6.14,2.91,-0.13,1.81,1,,"16.3",,,"-16.3",,,,,,,,,,,,
2,699703,"Teran, Saul",12,16.7,1,3,,4,2.045,,,1,1,101.6,29,2010,94.5,94.6,0,1,1,0.09999999999999432,6.3,111,135,108,145,287,318,255,"-1.219","1.219",,,,1,1,0,0,0,1,0,0,0,0,"1.86","0.69","1.31","-1.31","101.6",383,100,100,100,5.37,-0.85,-1.18,2.66,1,1,"60.95",,,"-60.95",,,,,0,,,,,,,
2,685125,"Chamberlain, Christian",21,9.5,1,0,1,1,0.889,,,1,1,103.2,2,1593,88.8,89.6,0,1,1,0.7999999999999972,6.6,113,154,122,143,296,307,278,"-0.253","0.253",,,,1,1,1,0,0,0,0,0,0,0,"2.11","0.78","0.77","-0.77","103.2",72,100,0,0,5.02,2.25,-0.72,2.78,1,0,"12.65",,,"-12.65",,,,,0,,,,,,,
2,808952,"Seppings, Jack",41,4.9,,,,,,,,,,,,2045,92.9,93.1,0,0,2,0.19999999999998863,6.35,122,151,121,152,293,310,283,"-0.09","0.09",,,,,,,,,,,,,,"1.5","1.15","0.97","0.07",,,,,,5.67,-2.75,-0.85,3.75,,,"4.5",,,"-4.5",,,,,,,,,,,,
2,642770,"Guerra, Javy",55,3.6,,,,,,,,,,,,1529,89,89.15,0,1,1,0.29999999999999716,6.4,107,147,137,154,308,315,303,"-0.063","0.063",,,,,,,,,,,,,,"2.08","0.8","1.18","-1.18","88.0",2,,,,5.89,-1.67,0.77,0.78,,,"3.15",,,"-3.15",,,,,0,,,,,,,
2,806064,"Echavarria, Steven",15,13.3,,,,,,,,,,,,2031,89.4,89.4,0,1,1,0.10000000000000853,6.1,122,147,127,154,288,325,302,"0.079","-0.079",,,,,,,,,,,,,,"2.21","0.62","1.33","-1.33","88.0",95,,,,6.28,-2.32,-0.18,2.21,,,"-3.95",,,"3.95",,,,,0,,,,,,,
2,543037,"Cole, Gerrit",36,5.6,1,3,,4,2.045,,,1,1,104.1,27,2310,96.2,95.8,0,1,1,-0.4000000000000057,6.2,113,151,137,152,294,320,308,"-2.668","2.668",,,,1,1,0,0,0,1,0,0,0,0,"1.49","0.98","1.23","0.01","104.1",413,100,100,100,5.81,-2.43,0.24,1.19,1,1,"133.4",,,"-133.4",,,,,0,,,,,,,
2,805422,"Snead, Nate",7,28.6,0,0,0,0,0,,,0,2,69.7,38,2350,99.9,99.4,0,2,0,-0.5,6.3,109,154,107,147,307,321,297,"0.524","-0.524",,,,2,2,0,0,0,0,0,0,0,0,"1.2","1.09","1.08","1.08","89.0",130,0,0,0,5.74,-3.04,-0.38,2.77,0,0,"-26.2",,,"26.2",,,,,0,,,,,,,
2,683720,"Jimenez, Edwin",25,8,1,0,1,1,0.889,,,1,1,85.7,6,1998,91.2,91.75,0,1,1,0.5999999999999943,6.4,91,134,104,127,282,288,295,"-0.533","0.533",,,,1,1,1,0,0,0,0,0,0,0,"1.88","0.84","1.4","1.4","88.0",105,0,0,0,6.19,-1.35,0.19,1.58,1,0,"26.65",,,"-26.65",,,,,0,,,,,,,
2,434378,"Verlander, Justin",257,0.8,1,1.5,1,2.5,1.467,,,2,2,106.4,20,2227,92,91.1,0,2,0,-0.8000000000000114,5.8,87,152,126,147,299,323,307,"-1.721","1.721",,,,2,2,1,0,0,1,0,0,0,0,"1.6","1.1","0.93","0.93","106.4",334,100,50,50,7.06,-1.88,-0.06,2.51,1,1,"86.05",,,"-86.05",,,,,0,,,,,,,
2,686745,"Peek, Zach",20,10,,,,,,,,,,,,2435,93.8,94.35,0,1,1,0.5,6.6,101,151,114,146,289,309,275,"0.071","-0.071",,,,,,,,,,,,,,"1.47","1.12","1.07","1.07","88.0",108,,,,5.66,-1.55,0.3,2.32,,,"-3.55",,,"3.55",,,,,0,,,,,,,
2,698965,"Maldonado, Gerelmi",32,6.3,,,,,,,,,,,,2352,98.5,97.3,0,0,2,-1.2000000000000028,5.8,103,146,121,151,286,316,297,"0.007","-0.007",,,,,,,,,,,,,,"1.29","1.09","1.1","-1.1",,,,,,6.53,-1.21,-0.26,1.25,,,"-0.35",,,"0.35",,,,,,,,,,,,
2,682254,"Montgomery, Mason",140,1.4,,,,,,,,,,,,2942,99.2,99.7,1,1,1,0.5,6.85,,,,,,,,"0.018","-0.018",,,,,,,,,,,,,,"0.78","1.55","0.29","0.29",,,,,,5.79,1.01,-0.31,1.75,,,"-0.9",,,"0.9",,,,,100,,,,,,,
2,641816,"Mahle, Tyler",160,1.3,,,,,,,,,,,,2990,90.9,91.4,0,1,1,0.5,6.55,115,153,118,152,295,325,305,"0.034","-0.034",,,,,,,,,,,,,,"1.38","1.38","0.93","-0.14","88.2",212,,,,5.38,-1.75,0.52,2.19,,,"-1.7",,,"1.7",,,,,0,,,,,,,
2,681035,"Scott, Christian",103,1.9,0,0,0,0,0,,,0,1,83.6,78,2203,93.3,94.45,0,1,1,1.1000000000000085,6.85,112,147,128,148,293,314,278,"0.193","-0.193",,,,1,1,0,0,0,0,0,0,0,0,"1.75","0.85","1.33","1.33","88.0",54,0,0,0,5.3,-3.05,-0.97,2.43,0,0,"-9.65",,,"9.65",,,,,0,,,,,,,
2,814477,"Stofel, Luke",7,28.6,,,,,,,,,,,,2026,96.7,96.45,0,0,2,-0.20000000000000284,6.35,117,143,116,149,293,333,288,"-0.067","0.067",,,,,,,,,,,,,,"2.01","0.44","1.39","1.39",,,,,,5.55,-3.03,-1.57,3.12,,,"3.35",,,"-3.35",,,,,,,,,,,,
2,687223,"Palmquist, Carson",62,3.2,,,,,,,,,,,,2122,90.5,92.15,0,0,2,1.7999999999999972,7.5,98,154,122,146,305,315,297,"-0.162","0.162",,,,,,,,,,,,,,"2.21","0.6","1.49","-1.49",,,,,,4.97,3.19,0.84,2.5,,,"8.1",,,"-8.1",,,,,,,,,,,,
2,671969,"Tulloch, Adam",4,50,,,,,,,,,,,,2161,91,91.2,0,0,2,0.29999999999999716,6.4,123,148,126,152,295,339,308,"-0.092","0.092",,,,,,,,,,,,,,"1.64","1.1","0.9","0.9",,,,,,5.61,2,-1.39,2.67,,,"4.6",,,"-4.6",,,,,,,,,,,,
2,683627,"Molina, Anthony",69,2.9,,,,,,,,,,,,2021,96.2,95.8,0,0,2,-0.4000000000000057,6.2,116,152,121,148,302,321,290,"-0.12","0.12",,,,,,,,,,,,,,"1.48","1","0.78","0.78",,,,,,6.12,-1.79,-0.6,0.8,,,"6",,,"-6",,,,,,,,,,,,
2,702712,"Biven, Tucker",21,9.5,0,0,0,0,0.364,,,0,1,101.2,-18,2072,91.8,,0,1,1,,,117,149,118,151,298,314,279,"0.071","-0.071",,,,2,1,0,0,0,0,0,0,0,0,"2.39","0.31","1.09","1.09","101.2",5,100,0,0,5.76,-2.23,-1.68,2.41,0.5,0,"-3.55",,,"3.55",,,,,0,,,,,,,
2,800317,"Salazar, Braian",26,7.7,,,,,0.698,,,0,0,,,2329,92.2,92.8,0,0,2,0.5999999999999943,6.65,127,146,135,153,287,312,300,"-0.216","0.216",,,,1,0,0,0,0,0,0,0,1,100,"1.87","0.82","1.05","1.05",,,,,,5.24,3.08,-0.14,2.15,1,,"10.8",,,"-10.8",,,,,,,,,,,,
2,691196,"Hejka, Josh",5,40,,,,,,,,,,,,2554,84,83.05,0,1,1,-0.9000000000000057,5.8,128,148,119,154,285,308,306,"-0.005","0.005",,,,,,,,,,,,,,"2.56","0.68","0.65","-0.65","88.0",208,,,,2.9,-4.69,0.35,3.92,,,"0.25",,,"-0.25",,,,,0,,,,,,,
2,687168,"Spears, Brayden",9,22.2,0.5,0.5,1,1,0.63,,,1,2,108.2,19,2071,92.8,94.25,1,2,0,1.5,7.05,105,149,116,152,291,331,303,"-0.523","0.523",,,,2,1,0,1,0,0,1,50,0,0,"2.15","0.5","0.92","0.17","108.2",336,100,100,50,5.36,-3.3,-0.33,2.01,0.5,1,"26.15",,,"-26.15",,,,,50,,,,,,,
2,802087,"Arias, Frankeli",35,5.7,0,0,,0,0,,,0,1,,,2376,92.4,91.75,0,0,2,-0.6000000000000085,6.2,110,126,104,122,269,299,276,"0.194","-0.194",,,,1,0,0,0,0,0,1,100,0,0,"1.3","1.4","0.83","-0.07",,,,,,5.97,1.21,-0.74,2.6,0,,"-9.7",,,"9.7",,,,,,,,,,,,
2,689359,"Stanavich, Dale",55,3.6,,,,,,,,,,,,1995,92,90.9,0,1,1,-1.0999999999999943,5.9,123,149,134,151,285,316,286,"-0.022","0.022",,,,,,,,,,,,,,"1.62","1.08","1.11","0","88.0",180,,,,5.58,1.38,0.61,1.48,,,"1.1",,,"-1.1",,,,,0,,,,,,,
2,702021,"Dion, Will",89,2.2,,,,,,,,,,,,2314,90.1,90.35,0,1,1,0.20000000000000284,6.2,106,142,131,154,290,321,299,"0.133","-0.133",,,,,,,,,,,,,,"1.51","1.27","0.88","0.88",,,,,,5.71,2.14,0.57,1.63,,,"-6.65",,,"6.65",,,,,0,,,,,,,
2,605182,"Clevinger, Mike",288,0.7,,,,,,,,,,,,1884,93.4,93.95,0,1,1,0.6000000000000085,6.8,106,146,120,150,302,320,280,"-0.146","0.146",,,,,,,,,,,,,,"1.7","0.94","1.23","0.08","109.0",346,,,,5.47,-1.65,0.85,1.73,,,"7.3",,,"-7.3",,,,,0,,,,,,,
2,666168,"Thompson, Mason",47,4.3,,,,,,,,,,,,2124,94.8,95.5,0,0,2,0.7000000000000028,6.75,112,153,120,149,305,319,303,"-0.055","0.055",,,,,,,,,,,,,,"1.47","1.07","1.25","1.25",,,,,,5.89,-1.38,-1.76,2.9,,,"2.75",,,"-2.75",,,,,,,,,,,,
2,822498,"Easterly, Reid",35,5.7,0,0,0,0,0,,,0,1,92.7,45,1806,88.9,88.85,0,1,1,-0.10000000000000853,6.25,119,150,109,150,303,328,298,"0.334","-0.334",,,,1,1,0,0,0,0,0,0,0,0,"2.42","0.46","0.99","0.18","92.7",317,0,0,0,5.09,1.6,-0.29,2.58,0,0,"-16.7",,,"16.7",,,,,0,,,,,,,
2,692646,"Rodriguez, Pedro",5,40,,,,,0.729,,,0,0,,,2447,91.2,90.4,0,1,1,-0.7999999999999972,5.9,,,,,,,,"-0.08","0.08",,,,1,0,0,0,0,0,0,0,0,0,"1.66","1.09","1","1","88.0",284,,,,4.85,1.55,0.79,2.92,1,,"4",,,"-4",,,,,0,,,,,,,
2,686826,"Jarvis, Bryce",103,1.9,0,0,0,0,0,,,0,2,81.6,-17,2147,93.5,92.7,0,2,0,-0.7999999999999972,5.95,119,153,123,150,297,323,288,"0.519","-0.519",,,,2,2,0,0,0,0,0,0,0,0,"1.65","0.98","1.43","1.43","91.5",8,50,0,0,5.63,-1.94,-0.86,2.4,0,0,"-25.95",,,"25.95",,,,,0,,,,,,,
2,691774,"Carter, Irv",9,22.2,,,,,,,,,,,,2039,92.4,91.25,0,0,2,-1,5.8,114,153,124,145,299,343,291,"-0.106","0.106",,,,,,,,,,,,,,"2","0.7","0.75","0.75",,,,,,5.65,-1.24,-1.22,2.73,,,"5.3",,,"-5.3",,,,,,,,,,,,
2,700800,"Smith, Darien",32,6.3,,,,,,,,,,,,2208,92.4,91.45,0,1,1,-1,5.8,103,148,104,151,331,326,298,"0.023","-0.023",,,,,,,,,,,,,,"2.25","0.43","1.1","0.05","88.0",11,,,,5.91,-2.3,-0.02,2.42,,,"-1.15",,,"1.15",,,,,0,,,,,,,
2,809933,"Brooks, Steven",35,5.7,,,,,0.698,,,0,0,,,2218,93.7,94.65,0,0,2,1,6.8,123,149,127,150,263,298,298,"-0.373","0.373",,,,1,0,0,0,0,0,0,0,1,100,"1.41","1.18","0.9","-0.9",,,,,,5.71,-2.41,-0.36,2.59,1,,"18.65",,,"-18.65",,,,,,,,,,,,
2,682243,"Miller, Bryce",21,9.5,,,,,,,,,,,,2493,97.6,97.45,0,1,1,0,6.15,121,149,124,146,301,325,307,"-0.007","0.007",,,,,,,,,,,,,,"1.4","0.98","1.18","-0.03","88.0",5,,,,6.04,-1,0.39,2.95,,,"0.35",,,"-0.35",,,,,0,,,,,,,
2,694680,"Martin, Trevor",138,1.4,0,0,,0,0,,,0,1,,,2169,95,94.6,1,2,0,-0.4000000000000057,6.5,101,148,114,149,276,294,292,"0.333","-0.333",,,,1,0,0,0,0,0,1,100,0,0,"1.06","1.5","0.99","-0.05","88.0",189,,,,5.72,-1.52,-0.32,2.5,0,,"-16.65",,,"16.65",,,,,50,,,,,,,
2,827610,"Cain, Brandon",28,7.1,,,,,0.698,,,0,0,,,2362,93.4,93.5,0,0,2,0.09999999999999432,6.5,116,147,115,145,291,312,269,"-0.382","0.382",,,,2,0,0,0,0,0,0,0,2,100,"1.81","0.8","0.69","-0.05",,,,,,5.56,-1.19,1.56,2.4,1,,"19.1",,,"-19.1",,,,,,,,,,,,
1,676831,"Whitley, Kodi",106,0.9,,,,,,,,,,,,1363,94.6,94,0,0,1,-0.5999999999999943,6.3,,,,,,,,"-0.022","0.022",,,,,,,,,,,,,,"0.83","1.75","0.94","0.94",,,,,,6.39,-0.12,1.1,2.86,,,"2.2",,,"-2.2",,,,,,,,,,,,
1,820862,"Fermin, José",76,1.3,,,,,,,,,,,,386,94.7,94.9,0,0,1,0.20000000000000284,6.4,85,145,110,140,307,342,307,"0.042","-0.042",,,,,,,,,,,,,,"1.23","1.31","0.74","0.74",,,,,,6.19,-1.62,0.82,2.28,,,"-4.2",,,"4.2",,,,,,,,,,,,
1,688730,"Johnson, Marques",40,2.5,1,1,1,2,1.26,,,1,1,79.9,12,1713,92.3,93.8,0,1,0,1.5,6.8,122,148,117,149,290,329,327,"-0.885","0.885",,,,1,1,0,1,0,0,0,0,0,0,"1.95","0.69","0.92","-0.92","88.0",168,0,0,0,5.61,-0.95,-1.01,1.92,1,0,"88.5",,,"-88.5",,,,,0,,,,,,,
1,701329,"Rujano, Luis",15,6.7,,,,,,,,,,,,2046,94.1,94.2,0,0,1,0.10000000000000853,6.5,86,134,95,124,299,322,287,"-0.023","0.023",,,,,,,,,,,,,,"1.74","0.85","1.15","1.15",,,,,,5.72,-1.91,0.36,-0.76,,,"2.3",,,"-2.3",,,,,,,,,,,,
1,810840,"Blum, Josh",17,5.9,,,,,,,,,,,,2056,93,92.8,0,0,1,-0.20000000000000284,6.2,120,153,121,147,290,321,282,"-0.152","0.152",,,,,,,,,,,,,,"1.42","1.21","1.12","1.12",,,,,,6.02,-1.75,-1.56,2.78,,,"15.2",,,"-15.2",,,,,,,,,,,,
1,692024,"Carrillo, Alex",15,6.7,,,,,,,,,,,,2199,97.8,95.8,0,0,1,-2,5.3,86,152,117,145,305,319,291,"0.048","-0.048",,,,,,,,,,,,,,"2.04","0.36","1.52","1.52",,,,,,5.42,-1.37,0.33,1.77,,,"-4.8",,,"4.8",,,,,,,,,,,,
1,680951,"Nikhazy, Doug",73,1.4,,,,,,,,,,,,2019,90.9,92.4,0,0,1,1.5,7.1,87,119,98,130,314,323,290,"0.061","-0.061",,,,,,,,,,,,,,"1.87","0.88","1.01","1.01",,,,,,5.31,2.78,0.11,1.97,,,"-6.1",,,"6.1",,,,,,,,,,,,
1,650556,"Abreu, Bryan",116,0.9,,,,,,,,,,,,2149,95.2,95.7,0,0,1,0.5,6.5,117,155,122,147,304,335,293,"-0.038","0.038",,,,,,,,,,,,,,"1.5","1.01","1.38","1.38",,,,,,5.4,-2.74,-1.12,2.87,,,"3.8",,,"-3.8",,,,,,,,,,,,
1,813829,"Barnhart, Zane",36,2.8,,,,,,,,,,,,1599,89.2,89.8,0,0,1,0.5999999999999943,7,119,146,122,150,282,310,280,"-0.025","0.025",,,,,,,,,,,,,,"2.46","0.45","1.28","-1.28",,,,,,4.69,-2.09,0.37,0.09,,,"2.5",,,"-2.5",,,,,,,,,,,,
1,668719,"Yovan, Kenyon",11,9.1,,,,,,,,,,,,2276,89.8,89.1,0,0,1,-0.7000000000000028,5.9,109,154,120,148,310,342,309,"-0.025","0.025",,,,,,,,,,,,,,"2.08","0.76","0.85","0.85",,,,,,5.9,-3.38,-1.51,5.42,,,"2.5",,,"-2.5",,,,,,,,,,,,
1,702877,"Polanco, Bryan",20,5,,,,,,,,,,,,2263,92.9,92,0,0,1,-0.9000000000000057,5.9,112,143,118,145,304,321,306,"-0.055","0.055",,,,,,,,,,,,,,"1.78","0.87","1.58","1.58",,,,,,5.62,-2.69,-0.01,0.76,,,"5.5",,,"-5.5",,,,,,,,,,,,
1,689147,"Kerkering, Orion",16,6.3,,,,,,,,,,,,2274,95.2,94.8,0,0,1,-0.4000000000000057,6,111,151,127,148,286,306,280,"-0.025","0.025",,,,,,,,,,,,,,"1.44","1.07","1.26","1.26",,,,,,5.97,-1.44,0.09,3.52,,,"2.5",,,"-2.5",,,,,,,,,,,,
1,691251,"Lara, Andry",53,1.9,,,,,,,,,,,,,94.3,93.5,0,1,0,-0.7999999999999972,6.1,,,,,,,,"0.058","-0.058",,,,,,,,,,,,,,"1.73","0.86","1.31","1.31",,,,,,6.25,-1.69,0.04,3.06,,,"-5.8",,,"5.8",,,,,0,,,,,,,
1,671726,"Grissom Jr., Marquis",29,3.4,,,,,,,,,,,,2044,94.6,94.4,1,1,0,-0.19999999999998863,6,114,154,119,149,279,308,282,"0.043","-0.043",,,,,,,,,,,,,,"1.37","1.16","1.33","1.33",,,,,,6.01,-2.03,0.92,1.87,,,"-4.3",,,"4.3",,,,,100,,,,,,,
1,703360,"Nova, Jose",24,4.2,,,,,,,,,,,,2124,94.1,93.7,0,0,1,-0.3999999999999915,6,113,135,114,151,297,309,295,"0.076","-0.076",,,,,,,,,,,,,,"1.44","1.13","1.01","1.01",,,,,,5.93,-1.35,0.61,2.56,,,"-7.6",,,"7.6",,,,,,,,,,,,
1,800469,"Rivera, Bryan",46,2.2,,,,,,,,,,,,2223,93.4,92.7,0,1,0,-0.7000000000000028,5.8,86,145,117,148,289,327,307,"0.03","-0.03",,,,,,,,,,,,,,"1.39","1.21","0.98","-0.98","88.0",22,,,,5.72,-1.99,0.53,1.3,,,"-3",,,"3",,,,,0,,,,,,,
1,681315,"Whitaker, Logan",40,2.5,,,,,,,,,,,,1688,85.5,85,0,1,0,-0.5,6,,,,,,,,"0.03","-0.03",,,,,,,,,,,,,,"2.16","0.96","0.91","-0.91",,,,,,6.46,-1.44,-1.15,2.31,,,"-3",,,"3",,,,,0,,,,,,,
1,699008,"Kelly, Antwone",72,1.4,,,,,,,,,,,,1926,97.2,96.9,0,0,1,-0.29999999999999716,6.5,112,154,117,148,263,309,299,"-0.029","0.029",,,,,,,,,,,,,,"1.86","0.59","1.27","1.27",,,,,,5.79,-1.75,0.33,0.77,,,"2.9",,,"-2.9",,,,,,,,,,,,
1,675783,"Sikorski, Easton",1,100,0,0,0,0,0,,,0,1,89.4,-13,2124,92.2,91.1,0,1,0,-1.1000000000000085,5.5,107,147,115,146,303,336,284,"0.277","-0.277",,,,1,1,0,0,0,0,0,0,0,0,"1.59","1.08","1.12","1.12","89.4",9,0,0,0,5.86,-1.18,-0.22,2.41,0,0,"-27.7",,,"27.7",,,,,0,,,,,,,
1,820888,"Chapman, Emmanuel",19,5.3,,,,,,,,,,,,2201,93.9,94.1,1,1,0,0.19999999999998863,6.4,117,152,123,154,261,303,297,"0.051","-0.051",,,,,,,,,,,,,,"1.75","0.83","1.35","-1.35",,,,,,6.08,-2.1,-1.22,2.34,,,"-5.1",,,"5.1",,,,,100,,,,,,,
1,805379,"Porco, Robby",16,6.3,0,0,,0,0,,,0,1,,,1560,88.7,89.7,1,1,0,1,7,121,148,126,152,300,327,295,"0.181","-0.181",,,,1,0,0,0,0,0,1,100,0,0,"2.79","0.11","1.28","-1.28",,,,,,5.85,-1.02,-1,1.56,0,,"-18.1",,,"18.1",,,,,100,,,,,,,
1,686762,"Roberts, Austin",26,3.8,,,,,,,,,,,,2323,92.7,92.3,0,1,0,-0.4000000000000057,6.3,87,152,121,148,306,312,306,"0.051","-0.051",,,,,,,,,,,,,,"1.69","0.99","1.25","1.25",,,,,,5.66,-2.49,-0.18,2.52,,,"-5.1",,,"5.1",,,,,0,,,,,,,
1,686623,"Labriola, P.J.",45,2.2,,,,,,,,,,,,2049,91.2,91.7,0,0,1,0.5,6.6,121,149,116,142,278,311,311,"-0.034","0.034",,,,,,,,,,,,,,"1.79","0.95","0.88","0.88",,,,,,6.21,1.65,-1.1,2.66,,,"3.4",,,"-3.4",,,,,,,,,,,,
1,696508,"Baker, Alec",33,3,0,0,0,0,0,,,0,1,93.3,0,2268,93,93.9,0,1,0,0.9000000000000057,6.8,118,154,124,149,307,329,297,"0.277","-0.277",,,,1,1,0,0,0,0,0,0,0,0,"1.81","0.83","1.18","1.18","93.3",52,0,0,0,5.67,-2.51,-0.52,2.99,0,0,"-27.7",,,"27.7",,,,,0,,,,,,,
1,692030,"Corniell, Jose",16,6.3,0,0,0,0,0,,,0,1,99.5,-30,1803,93.5,94.5,0,1,0,1,6.8,87,149,116,141,315,324,309,"0.47","-0.47",,,,1,1,0,0,0,0,0,0,0,0,"2","0.59","1.32","1.32","99.5",4,100,0,0,5.76,-1.36,-0.33,2.08,0,0,"-47",,,"47",,,,,0,,,,,,,
1,833439,"Fosher, Peyton",6,16.7,,,,,,,,0,0,,,2346,93.4,92.3,0,0,1,-1.1000000000000085,6,114,152,121,146,283,324,273,,,,,,0,0,0,0,0,0,0,,0,,"1.23","1.42","1.02","1.02",,,,,,5.72,-3.5,-1.55,3.72,,,,,,,,,,,,,,,,,,
1,683409,"Chivilli, Angel",144,0.7,,,,,,,,,,,,2157,98,97.3,0,0,1,-0.7000000000000028,5.9,,,,,,,,"0.04","-0.04",,,,,,,,,,,,,,"1.54","0.83","1.39","1.39",,,,,,5.74,-1.65,-0.39,2.01,,,"-4",,,"4",,,,,,,,,,,,
1,804539,"Bowen, Darren",37,2.7,,,,,,,,,,,,2179,93.5,93.7,0,0,1,0.20000000000000284,6.5,112,147,132,149,307,329,293,"-0.033","0.033",,,,,,,,,,,,,,"1.35","1.27","0.91","0.91",,,,,,5.75,-2.04,0.27,4.72,,,"3.3",,,"-3.3",,,,,,,,,,,,
1,686873,"Zwack, Nick",82,1.2,0,0,0,0,0,,,0,1,89.1,-1,2226,94.8,94.6,0,1,0,-0.20000000000000284,6.3,112,153,118,151,304,332,291,"0.391","-0.391",,,,1,1,0,0,0,0,0,0,0,0,"1.18","1.36","0.85","-0.85","89.1",37,0,0,0,5.88,2.09,0.96,2.3,0,0,"-39.1",,,"39.1",,,,,0,,,,,,,
1,675848,"Mejia, Juan",64,1.6,,,,,,,,,,,,2385,95.5,94.9,0,0,1,-0.5999999999999943,6,127,146,121,155,312,319,305,"-0.043","0.043",,,,,,,,,,,,,,"1.91","0.59","0.94","-0.94",,,,,,6.06,-1.46,-0.84,2.7,,,"4.3",,,"-4.3",,,,,,,,,,,,
1,700400,"Ager, Matt",7,14.3,0,0,,0,0,,,0,1,,,2329,95.4,95.6,1,1,0,0.19999999999998863,6.5,123,148,134,151,289,325,293,"0.153","-0.153",,,,1,0,0,0,0,0,1,100,0,0,"1.22","1.29","0.99","-0.99",,,,,,6.07,-1.9,0.6,3.03,0,,"-15.3",,,"15.3",,,,,100,,,,,,,
1,815292,"Martinez-Gomez, Luis",17,5.9,0,0,0,0,0,,,0,1,61.1,28,2233,92.8,92.5,0,1,0,-0.29999999999999716,6.2,87,150,114,147,300,334,303,"0.274","-0.274",,,,1,1,0,0,0,0,0,0,0,0,"2.2","0.46","1.5","1.5","88.0",179,0,0,0,5.25,-3.1,-0.87,2.79,0,0,"-27.4",,,"27.4",,,,,0,,,,,,,
1,676083,"Junk, Janson",145,0.7,,,,,,,,,,,,2314,96.3,91.7,0,1,0,-4.599999999999994,7.1,,,,,,,,"0.067","-0.067",,,,,,,,,,,,,,"3.87","-1.08","-1.1","1.1","88.0",215,,,,4.88,-0.18,0.3,1.79,,,"-6.7",,,"6.7",,,,,0,,,,,,,
1,692013,"Baez, Henry",21,4.8,,,,,,,,,,,,2054,94.4,94.8,0,1,0,0.3999999999999915,6.4,100,148,117,150,272,293,278,"0","0",,,,,,,,,,,,,,"1.59","0.96","1.16","-1.16","88.0",249,,,,5.85,-1.81,-1.05,2.59,,,"0",,,"0",,,,,0,,,,,,,
1,683681,"Gonzalez, Jose",14,7.1,,,,,,,,,,,,1652,93.6,95.3,1,1,0,1.7000000000000028,7.3,109,153,114,147,303,328,297,"0.041","-0.041",,,,,,,,,,,,,,"2.33","0.28","0.85","0.85",,,,,,5.62,-2.67,-0.76,2.07,,,"-4.1",,,"4.1",,,,,100,,,,,,,
1,695294,"McCollum, Tommy",5,20,1,0,1,1,0.889,,,1,1,106.6,11,2030,94.1,95.7,0,1,0,1.6000000000000085,7.2,127,145,100,154,304,344,298,"-0.451","0.451",,,,1,1,1,0,0,0,0,0,0,0,"1.66","0.91","1.01","-1.01","106.6",188,100,0,0,5.96,-1.38,0.53,2.68,1,0,"45.1",,,"-45.1",,,,,0,,,,,,,
1,690921,"Dallas, Micah",11,9.1,0,0,0,0,0,,,0,1,100,40,2008,90.8,90.7,0,1,0,-0.09999999999999432,5.8,88,149,92,142,259,306,311,"0.287","-0.287",,,,1,1,0,0,0,0,0,0,0,0,"1.99","0.73","0.7","-0.7","100.0",335,100,0,0,6.43,-0.72,0,3.13,0,0,"-28.7",,,"28.7",,,,,0,,,,,,,
1,800395,"Cruz, Nicolas",22,4.5,,,,,,,,,,,,2132,94.3,94.7,0,0,1,0.4000000000000057,6.4,120,148,113,149,282,327,292,"-0.026","0.026",,,,,,,,,,,,,,"1.49","1.07","0.91","-0.91",,,,,,5.74,-1.16,0.42,4.25,,,"2.6",,,"-2.6",,,,,,,,,,,,
1,682858,"Barbosa, Gabriel",9,11.1,,,,,,,,,,,,1988,92.1,91.2,0,0,1,-0.8999999999999915,5.8,108,151,118,143,285,304,279,"0.041","-0.041",,,,,,,,,,,,,,"2.21","0.48","1.13","1.13",,,,,,6.12,-2.3,-0.05,2.35,,,"-4.1",,,"4.1",,,,,,,,,,,,
1,623433,"Anderson, Nick",178,0.6,0,0,0,0,0,,,0,1,97.1,42,2159,93.6,93.6,0,1,0,0,6.1,109,153,116,146,292,312,287,"0.262","-0.262",,,,1,1,0,0,0,0,0,0,0,0,"1.17","1.42","0.85","0.85","97.1",337,100,0,0,6.46,-0.72,-0.18,1.75,0,0,"-26.2",,,"26.2",,,,,0,,,,,,,
1,656546,"Hoffman, Jeff",31,3.2,,,,,,,,,,,,2226,95.5,96.2,0,1,0,0.7000000000000028,6.6,114,153,121,147,304,326,280,"0.061","-0.061",,,,,,,,,,,,,,"1.47","1.02","1.21","1.21","88.0",178,,,,5.77,-2.67,-0.67,3.24,,,"-6.1",,,"6.1",,,,,0,,,,,,,
1,695556,"Panzini, Shane",136,0.7,1,0,1,1,0.889,,,1,1,103.8,-9,1192,94.8,95.1,0,1,0,0.29999999999999716,6.4,97,111,93,103,291,322,291,"-0.511","0.511",,,,1,1,1,0,0,0,0,0,0,0,"1.26","1.27","0.42","0.42","103.8",18,100,0,0,6.17,-1.09,-0.06,2.85,1,0,"51.1",,,"-51.1",,,,,0,,,,,,,
1,682754,"Mendez, Teofilo",24,4.2,0,0,0,0,0,,,0,1,99.5,-19,2253,93.7,94.3,0,1,0,0.5999999999999943,6.6,118,153,125,150,318,334,324,"0.359","-0.359",,,,1,1,0,0,0,0,0,0,0,0,"2.25","0.35","1.27","1.27","99.5",7,100,0,0,5.49,-0.68,0.14,2.49,0,0,"-35.9",,,"35.9",,,,,0,,,,,,,
1,692447,"Magdaleno, Bryan",7,14.3,,,,,,,,,,,,2015,91.2,91.3,1,1,0,0.09999999999999432,6.5,126,147,92,153,294,318,306,"0.062","-0.062",,,,,,,,,,,,,,"2.11","0.65","1.33","1.33",,,,,,5.38,2.43,0.29,1.47,,,"-6.2",,,"6.2",,,,,100,,,,,,,
1,690294,"Murphy, Shane",36,2.8,,,,,,,,,,,,2080,88.6,89.2,0,0,1,0.6000000000000085,6.4,126,148,116,152,283,322,302,"-0.022","0.022",,,,,,,,,,,,,,"2.06","0.82","0.6","0.6",,,,,,6.35,0.22,-1.39,2.08,,,"2.2",,,"-2.2",,,,,,,,,,,,
1,680899,"Tolman, Erik",63,1.6,0,0,,0,0,,,0,1,,,2321,97,96.9,1,1,0,-0.09999999999999432,6.5,115,153,120,149,300,337,292,"0.164","-0.164",,,,1,0,0,0,0,0,1,100,0,0,"1.26","1.19","0.95","-0.95",,,,,,6.01,1.43,1.16,3.24,0,,"-16.4",,,"16.4",,,,,100,,,,,,,
1,695347,"Gregory, Hunter",25,4,0,0,0,0,0,,,0,1,89.1,75,2234,93.4,92,0,1,0,-1.4000000000000057,5.9,111,152,120,144,309,336,283,"0.391","-0.391",,,,1,1,0,0,0,0,0,0,0,0,"1.49","1.17","0.98","0.98","89.1",81,0,0,0,5.69,-1.63,-0.44,2.95,0,0,"-39.1",,,"39.1",,,,,0,,,,,,,
1,825932,"Zeigler, Draven",9,11.1,,,,,0.698,,,0,0,,,2253,93.4,93,0,0,1,-0.4000000000000057,6,126,148,123,152,279,313,294,"-0.181","0.181",,,,1,0,0,0,0,0,0,0,1,100,"1.84","0.76","1.07","-1.07",,,,,,5.32,-1.84,-1.47,1.89,1,,"18.1",,,"-18.1",,,,,,,,,,,,
1,813707,"Baldo, Merrick",1,100,0,0,0,0,0,,,0,1,104,-3,1848,94.4,95.3,0,1,0,0.8999999999999915,6.8,116,153,121,149,290,311,261,"0.248","-0.248",,,,1,1,0,0,0,0,0,0,0,0,"1.57","0.98","1.01","1.01","104.0",39,100,0,0,5.53,-2.26,0.03,2.91,0,0,"-24.8",,,"24.8",,,,,0,,,,,,,
1,683264,"Maier, Adam",13,7.7,0,0,0,0,0,,,0,1,91.4,75,2438,89.9,90.1,0,1,0,0.19999999999998863,6.1,120,153,115,147,295,305,287,"0.284","-0.284",,,,1,1,0,0,0,0,0,0,0,0,"1.88","0.9","0.79","0.79","91.4",66,0,0,0,5.45,-2.33,0.05,3.08,0,0,"-28.4",,,"28.4",,,,,0,,,,,,,
1,808222,"Flores, Jesus",3,33.3,,,,,,,,,,,,2221,88.7,89.1,0,0,1,0.3999999999999915,6.1,121,150,113,152,289,297,295,"0.043","-0.043",,,,,,,,,,,,,,"2.82","0.04","0.92","-0.92",,,,,,5.42,-2.69,-0.71,2.96,,,"-4.3",,,"4.3",,,,,,,,,,,,
1,690978,"Fulton, Dax",24,4.2,,,,,,,,,,,,2185,93.5,94.9,0,0,1,1.4000000000000057,6.8,119,146,128,152,275,306,286,"-0.1","0.1",,,,,,,,,,,,,,"1.88","0.7","0.26","0.26",,,,,,6.36,2.34,-0.87,2.91,,,"10",,,"-10",,,,,,,,,,,,
1,688781,"Banks, Brett",56,1.8,,,,,,,,,,,,2009,96.3,97.5,0,0,1,1.2000000000000028,6.6,126,143,130,150,280,316,281,"-0.028","0.028",,,,,,,,,,,,,,"1.35","1.07","0.97","-0.97",,,,,,5.87,-1.71,0.84,1.08,,,"2.8",,,"-2.8",,,,,,,,,,,,
1,695065,"Costeiu, Ryan",40,2.5,,,,,,,,,,,,,94.1,93.5,0,0,1,-0.5999999999999943,6.4,87,147,111,146,298,328,301,"-0.039","0.039",,,,,,,,,,,,,,"1.23","1.39","0.83","-0.83",,,,,,5.85,-0.76,1.65,-1.47,,,"3.9",,,"-3.9",,,,,,,,,,,,
1,678013,"Torres Jr., Lenny",9,11.1,,,,,,,,,,,,2380,97.3,96.7,1,1,0,-0.5999999999999943,6.3,114,149,124,148,289,317,288,"0.054","-0.054",,,,,,,,,,,,,,"1.31","1.13","1.12","1.12",,,,,,5.43,-1.76,0.05,3.18,,,"-5.4",,,"5.4",,,,,100,,,,,,,
1,804922,"Vogel, Tyler",31,3.2,1,0,1,1,0.889,,,1,1,93.8,11,,95.7,95.7,0,1,0,0,6.5,123,154,118,147,278,319,312,"-0.496","0.496",,,,1,1,1,0,0,0,0,0,0,0,"1.34","1.17","0.97","-0.97","93.8",156,0,0,0,5.74,-1.06,0.21,2.43,1,0,"49.6",,,"-49.6",,,,,0,,,,,,,
1,813266,"White, Mitch",21,4.8,,,,,,,,,,,,1624,92.1,91.7,0,0,1,-0.3999999999999915,6.2,122,149,131,154,294,342,312,"-0.048","0.048",,,,,,,,,,,,,,"2.36","0.35","1.05","-1.05",,,,,,5.88,-1.58,0.76,-1.19,,,"4.8",,,"-4.8",,,,,,,,,,,,
1,663542,"Hudson, Bryan",81,1.2,,,,,,,,,,,,2240,92.7,94.3,0,1,0,1.5999999999999943,7.2,121,153,125,148,293,319,281,"0","0",,,,,,,,,,,,,,"1.99","0.66","1.43","-1.43","88.0",34,,,,5.2,3.39,0.99,2.09,,,"0",,,"0",,,,,0,,,,,,,
1,694781,"Mercado, Logan",49,2,,,,,,,,,,,,1509,89.2,88.9,0,0,1,-0.29999999999999716,6.2,114,153,124,150,292,296,269,"-0.027","0.027",,,,,,,,,,,,,,"2.5","0.37","0.9","0.9",,,,,,5.62,-2.26,0.92,0.14,,,"2.7",,,"-2.7",,,,,,,,,,,,