"pitches","player_id","player_name","total_pitches","pitch_percent","ba","iso","babip","slg","woba","xwoba","xba","hits","abs","launch_speed","launch_angle","spin_rate","velocity","effective_speed","whiffs","swings","takes","eff_min_vel","release_extension","pos3_int_start_distance","pos4_int_start_distance","pos5_int_start_distance","pos6_int_start_distance","pos7_int_start_distance","pos8_int_start_distance","pos9_int_start_distance","pitcher_run_exp","run_exp","bat_speed","swing_length","miss_distance","pa","bip","singles","doubles","triples","hrs","so","k_percent","bb","bb_percent","api_break_z_with_gravity","api_break_z_induced","api_break_x_arm","api_break_x_batter_in","hyper_speed","bbdist","hardhit_percent","barrels_per_bbe_percent","barrels_per_pa_percent","release_pos_z","release_pos_x","plate_x","plate_z","obp","barrels_total","batter_run_value_per_100","xobp","xslg","pitcher_run_value_per_100","xbadiff","xobpdiff","xslgdiff","wobadiff","swing_miss_percent","arm_angle","attack_angle","attack_direction","swing_path_tilt","rate_ideal_attack_angle","intercept_ball_minus_batter_pos_x_inches","intercept_ball_minus_batter_pos_y_inches"
97,677960,"Weathers, Ryan",330,29.4,0.158,0.211,0.286,0.368,0.289,,,3,19,92.3,11.9,2660,84.7,83.86,19,39,58,-0.7999999999999972,5.82,108,147,123,149,294,323,287,"1.1","-1.1",,,,22,8,1,1,0,1,11,50,1,4.5,"3.1","0.09","-0.93","0.03","91.5",142,37.5,12.5,4.545454545454546,5.41,3.03,-0.62,1.75,0.273,1,"-1.134020619",,,"1.134020619",,,,,48.7,,,,,,,
95,806960,"Morales, Luis",365,26,0.167,0.056,0.375,0.222,0.244,,,3,18,93.8,17.5,2936,81.1,80.38,17,32,63,-0.6999999999999886,5.96,109,146,116,147,300,325,295,"0.168","-0.168",,,,21,8,2,1,0,0,10,47.6,3,14.3,"3.89","-0.4","-1.43","-0.47","93.0",164,25,0,0,5.78,-1.87,0.27,1.85,0.286,0,"-0.176842105",,,"0.176842105",,,,,53.1,,,,,,,
82,666200,"Luzardo, Jesús",270,30.4,0.143,0.143,0.5,0.286,0.177,,,2,14,75.3,4,2328,85.3,83.81,14,27,55,-1.5,5.32,109,146,119,146,279,303,278,"1.237","-1.237",,,,14,4,1,0,1,0,10,71.4,0,0,"3.03","0.11","-0.72","0.19","90.6",153,0,0,0,5.69,2.58,-0.17,1.89,0.143,0,"-1.508536585",,,"1.508536585",,,,,51.9,,,,,,,
80,683175,"Phillips, Connor",182,44,0.2,0.3,0.25,0.5,0.277,,,4,20,92.2,23.1,2382,85.4,84.99,17,39,41,-0.4000000000000057,5.87,113,149,118,147,295,325,298,"0.205","-0.205",,,,21,13,0,3,0,1,8,38.1,0,0,"3.16","-0.05","-1.31","-0.35","92.6",185,46.15384615384615,15.384615384615385,9.523809523809524,5.79,-1.8,0.32,1.66,0.19,2,"-0.25625",,,"0.25625",,,,,43.6,,,,,,,
79,701542,"Warren, Will",344,23,0.286,0.286,0.25,0.571,0.363,,,4,14,91.7,11.6,2993,84.3,84.04,10,34,45,-0.29999999999999716,6.32,113,150,124,151,291,325,288,"-0.025","0.025",,,,14,13,2,1,0,1,1,7.1,0,0,"3.1","0.13","-1.44","-0.24","91.9",159,38.46153846153847,15.384615384615385,14.285714285714285,5.67,-3.52,0.29,1.86,0.286,2,"0.03164557",,,"-0.03164557",,,,,29.4,,,,,,,
76,650633,"King, Michael",338,22.5,0.357,0.214,0.4,0.571,0.413,,,5,14,92.5,22.4,2815,81.2,80.36,11,32,44,-0.7999999999999972,5.86,113,150,123,149,298,324,294,"-2.718","2.718",,,,17,11,4,0,0,1,4,23.5,1,5.9,"3.51","-0.03","-1.2","-0.5","92.8",183,45.45454545454545,9.090909090909092,5.88235294117647,5.59,-2.82,0.19,1.94,0.412,1,"3.576315789",,,"-3.576315789",,,,,34.4,,,,,,,
71,668909,"Williams, Gavin",282,25.2,0.222,0.333,0.333,0.556,0.326,,,4,18,89.8,27.1,2281,86.1,86.85,23,35,36,0.8000000000000114,6.73,111,151,123,145,301,325,290,"-3.59","3.59",,,,18,8,2,0,0,2,10,55.6,0,0,"3.01","0.07","-0.81","-0.67","91.8",171,37.5,12.5,5.555555555555555,5.81,-3.09,0.81,1.73,0.222,1,"5.056338028",,,"-5.056338028",,,,,65.7,,,,,,,
68,656234,"Bird, Jake",167,40.7,0.158,0.053,0.333,0.211,0.187,,,3,19,82.5,-1.9,2798,83.9,82.9,13,35,33,-1,5.76,107,147,123,146,294,318,283,"2.112","-2.112",,,,20,9,2,1,0,0,10,50,1,5,"2.81","0.45","-1.34","-0.95","89.6",127,33.33333333333333,0,0,5.11,-3.15,0.26,2.25,0.2,0,"-3.105882353",,,"3.105882353",,,,,37.1,,,,,,,
68,671096,"Abbott, Andrew",362,18.8,0.294,0.353,0.375,0.647,0.39,,,5,17,93.1,34.2,2816,81.7,81.63,11,27,41,-0.10000000000000853,6.37,109,150,116,149,295,325,297,"-3.409","3.409",,,,21,10,3,0,0,2,9,42.9,1,4.8,"3.58","-0.15","-1.15","0.21","94.3",214,50,20,9.523809523809524,6.12,2.49,-0.59,1.23,0.333,2,"5.013235294",,,"-5.013235294",,,,,40.7,,,,,,,
67,696270,"Johnson, Ryan",341,19.6,0.167,0.083,0.25,0.25,0.179,,,2,12,77.5,15.5,2434,78.6,78.17,7,24,43,-0.3999999999999915,6.01,109,149,118,149,300,323,294,"0.241","-0.241",,,,12,8,1,1,0,0,4,33.3,0,0,"3.39","0.3","-0.98","-0.3","88.9",125,0,0,0,5.91,-2.96,0.61,2.2,0.167,0,"-0.359701493",,,"0.359701493",,,,,29.2,,,,,,,
64,669923,"Kirby, George",233,27.5,0.385,0.385,0.4,0.769,0.503,,,5,13,88.4,16.6,2447,87.1,87.12,5,22,42,0,6.44,108,145,116,143,294,318,303,"-1.986","1.986",,,,14,11,2,2,0,1,2,14.3,1,7.1,"3.35","-0.33","-0.81","-0.4","93.0",239,36.36363636363637,27.27272727272727,21.428571428571427,5.82,-1.68,0.45,1.68,0.429,3,"3.103125",,,"-3.103125",,,,,22.7,,,,,,,
60,623149,"Sewald, Paul",134,44.8,0.308,0.231,0.308,0.538,0.357,,,4,13,88.2,35.6,2482,82.4,82,7,29,31,-0.4000000000000057,6.16,110,149,120,148,302,324,298,"0.041","-0.041",,,,15,13,2,1,1,0,1,6.7,0,0,"2.95","0.43","-0.97","-0.35","91.1",182,15.384615384615385,7.6923076923076925,6.666666666666667,4.65,-3.6,0.17,2.09,0.333,1,"-0.068333333",,,"0.068333333",,,,,24.1,,,,,,,
58,677976,"Dobnak, Randy",184,31.5,0.2,0.067,0.273,0.267,0.264,,,3,15,90,8.2,2414,82.3,81.1,4,22,36,-1.2000000000000028,5.41,114,148,117,146,302,329,297,"0.874","-0.874",,,,17,11,2,1,0,0,4,23.5,0,0,"3.55","-0.19","-0.68","-0.12","92.9",105,45.45454545454545,9.090909090909092,5.88235294117647,5.6,-1.95,0.22,1.87,0.294,1,"-1.506896552",,,"1.506896552",,,,,18.2,,,,,,,
57,595014,"Treinen, Blake",149,38.3,0,0,0,0,0.174,,,0,9,75.9,17.3,2540,83.9,82.55,13,22,35,-1.4000000000000057,5.64,118,151,118,149,298,322,296,"0.792","-0.792",,,,12,3,0,0,0,0,6,50,3,25,"3.45","-0.18","-1.05","-0.34","89.7",84,0,0,0,6.31,-3.02,0.88,1.57,0.25,0,"-1.389473684",,,"1.389473684",,,,,59.1,,,,,,,
57,596271,"Lawrence, Casey",219,26,0.455,0.455,0.4,0.909,0.577,,,5,11,90.1,5.5,2654,79,78.11,7,23,34,-0.9000000000000057,5.82,113,148,118,147,301,322,303,"-1.835","1.835",,,,11,11,2,2,0,1,0,0,0,0,"3.36","0.31","-0.97","-0.27","96.7",204,54.54545454545454,9.090909090909092,9.090909090909092,5.11,-2.75,-0.13,2.06,0.455,1,"3.219298246",,,"-3.219298246",,,,,30.4,,,,,,,
57,656605,"Keller, Mitch",285,20,0.3,0.4,0.4,0.7,0.419,,,6,20,91.9,23.3,2552,82.3,82.28,10,36,21,0,6.42,110,148,120,148,287,311,284,"-1.607","1.607",,,,20,12,2,2,0,2,8,40,0,0,"3.27","0.11","-1.44","-0.36","92.5",169,50,16.666666666666664,10,5.66,-2.23,0.53,2.24,0.3,2,"2.819298246",,,"-2.819298246",,,,,27.8,,,,,,,
56,663855,"Hicks, Jordan",156,35.9,0,0,0,0,0.188,,,0,11,79.9,-24.8,2215,87.1,86.61,13,25,31,-0.5,6.01,115,148,118,149,296,322,299,"1.858","-1.858",,,,15,8,0,0,0,0,3,20,3,20,"2.93","0.08","-0.53","-0.09","88.9",45,12.5,0,0,5.64,-1.97,0.66,1.95,0.267,0,"-3.317857143",,,"3.317857143",,,,,52,,,,,,,
55,678906,"Teng, Kai-Wei",161,34.2,0.182,0.545,0,0.727,0.461,,,2,11,92.9,10.9,2694,84.5,83.96,11,21,34,-0.5,6.03,111,150,123,149,300,314,287,"-1.625","1.625",,,,15,7,0,0,0,2,4,26.7,3,20,"3.08","0.13","-1.13","-0.57","96.1",131,71.42857142857143,28.57142857142857,13.333333333333334,5.48,-2.1,0.67,2.12,0.4,2,"2.954545455",,,"-2.954545455",,,,,52.4,,,,,,,
55,670059,"Holderman, Colin",150,36.7,0.133,0,0.222,0.133,0.176,,,2,15,87.9,12.3,2531,84.6,84.5,15,30,25,-0.09999999999999432,6.27,109,149,121,146,294,323,296,"0.876","-0.876",,,,18,9,2,0,0,0,7,38.9,2,11.1,"2.77","0.42","-1.06","-0.31","91.2",153,33.33333333333333,11.11111111111111,5.555555555555555,5.78,-2.58,0.71,1.9,0.222,1,"-1.592727273",,,"1.592727273",,,,,50,,,,,,,
54,661527,"Martinez, Seth",145,37.2,0.375,0.25,0.417,0.625,0.429,,,6,16,90.5,16.7,2440,78.9,79.53,8,32,22,0.5999999999999943,6.76,108,147,122,146,283,310,289,"-1.461","1.461",,,,16,13,4,1,0,1,3,18.8,0,0,"2.99","0.68","-1.18","-0.23","94.1",131,53.84615384615385,15.384615384615385,12.5,4.6,-2.43,0.29,2.09,0.375,2,"2.705555556",,,"-2.705555556",,,,,25,,,,,,,
54,801739,"Lagrange, Carlos",262,20.6,0,0,0,0,0.238,,,0,4,58.2,-42.5,2601,83.3,82.3,3,8,46,-1,5.69,110,149,118,151,290,322,286,"0.925","-0.925",,,,6,2,0,0,0,0,2,33.3,1,16.7,"3","0.3","-1.28","0.22","88.1",47,0,0,0,6.31,-2.2,-0.08,2.84,0.333,0,"-1.712962963",,,"1.712962963",,,,,37.5,,,,,,,
54,676680,"Cosgrove, Tom",109,49.5,0.143,0.143,0.167,0.286,0.269,,,1,7,79.9,30.8,2774,75.4,74.01,4,14,40,-1.4000000000000057,5.5,113,149,123,149,295,318,289,"-0.41","0.41",,,,10,6,0,1,0,0,2,20,1,10,"4.14","-0.09","-1.73","0.16","89.9",164,16.666666666666664,0,0,5.16,2.82,0.12,2.32,0.3,0,"0.759259259",,,"-0.759259259",,,,,28.6,,,,,,,
54,676046,"McGarry, Griff",121,44.6,0.091,0,0.143,0.091,0.215,,,1,11,78.6,2.6,2920,82.8,82.92,7,18,36,0.10000000000000853,6.66,111,148,118,148,297,324,293,"0.923","-0.923",,,,14,7,1,0,0,0,4,28.6,2,14.3,"3.57","-0.21","-1.32","-0.48","90.2",106,28.57142857142857,0,0,4.95,-1.89,0.42,1.92,0.286,0,"-1.709259259",,,"1.709259259",,,,,38.9,,,,,,,
53,677865,"Bruihl, Justin",150,35.3,0.2,0.2,0.333,0.4,0.329,,,2,10,84.3,17.5,2518,77.8,78.25,8,22,31,0.5,6.72,107,147,112,149,287,320,284,"-0.214","0.214",,,,14,6,1,0,1,0,5,35.7,2,14.3,"3.93","-0.15","-1.57","-0.01","92.9",154,50,16.666666666666664,7.142857142857142,4.85,3.42,-0.18,1.91,0.357,1,"0.403773585",,,"-0.403773585",,,,,36.4,,,,,,,
53,694795,"Ekness, Josh",171,31,0.125,0.063,0.25,0.188,0.134,,,2,16,83.8,15,2533,84.3,84.58,12,24,29,0.29999999999999716,6.52,112,148,121,147,290,310,283,"1.177","-1.177",,,,16,8,1,1,0,0,8,50,0,0,"2.75","0.46","-1.16","-0.62","91.1",181,50,12.5,6.25,5.32,-3.25,0.2,1.98,0.125,1,"-2.220754717",,,"2.220754717",,,,,50,,,,,,,
52,664875,"Lawrence, Justin",126,41.3,0,0,0,0,0.127,,,0,9,85.5,20,2959,82.8,82.33,8,24,28,-0.5,6.14,114,148,120,149,290,321,291,"1.54","-1.54",,,,11,4,0,0,0,0,5,45.5,2,18.2,"2.95","0.39","-1.26","0.21","89.9",121,50,0,0,4.31,-3.04,0.27,2.2,0.182,0,"-2.961538462",,,"2.961538462",,,,,33.3,,,,,,,
51,688107,"Gasser, Robert",205,24.9,0.154,0.231,0.2,0.385,0.289,,,2,13,79.5,0.5,2451,81.8,82.3,9,23,28,0.5,6.72,111,147,115,147,287,312,299,"0.407","-0.407",,,,15,6,1,0,0,1,7,46.7,2,13.3,"3.06","0.36","-1.11","-0.17","93.0",181,50,16.666666666666664,6.666666666666667,5.28,2.29,-0.42,1.92,0.267,1,"-0.798039216",,,"0.798039216",,,,,39.1,,,,,,,
51,641743,"Kay, Anthony",347,14.7,0.222,0,0.4,0.222,0.289,,,2,9,93.7,12.6,2476,82.2,81.45,6,19,32,-0.7999999999999972,5.87,113,148,118,149,296,330,305,"-0.11","0.11",,,,11,5,2,0,0,0,4,36.4,2,18.2,"3.54","-0.16","-0.96","-0.46","90.8",129,40,0,0,5.65,2.24,-0.48,2.01,0.364,0,"0.215686275",,,"-0.215686275",,,,,31.6,,,,,,,
51,663767,"Shugart, Chase",174,29.3,0.1,0,0.1,0.1,0.229,,,1,10,80.6,25.7,2601,79.9,79.6,8,28,23,-0.30000000000001137,6.14,112,148,117,146,287,315,288,"0.677","-0.677",,,,13,10,1,0,0,0,0,0,3,23.1,"3.56","0.03","-1.21","-0.58","90.0",117,20,0,0,5.3,-2.15,0.54,1.79,0.308,0,"-1.32745098",,,"1.32745098",,,,,28.6,,,,,,,
50,663992,"Lovelady, Richard",100,50,0.182,0.091,0.333,0.273,0.237,,,2,11,91.5,30.3,2471,82.5,83.78,11,25,25,1.2999999999999972,7.16,105,142,112,139,297,310,288,"0.905","-0.905",,,,12,6,1,1,0,0,5,41.7,1,8.3,"3.32","0.05","-1.12","0.62","92.1",145,50,16.666666666666664,8.333333333333332,5.22,2.42,-0.34,1.72,0.25,1,"-1.81",,,"1.81",,,,,44,,,,,,,
50,676106,"Hancock, Emerson",252,19.8,0.222,0.333,0.5,0.556,0.317,,,2,9,92.4,44.3,2701,78.3,77.49,11,21,29,-0.7999999999999972,5.94,108,147,117,145,298,323,301,"-0.501","0.501",,,,9,4,0,1,1,0,5,55.6,0,0,"3.66","0.1","-1.38","-0.75","90.4",188,25,25,11.11111111111111,5.3,-2.92,0.23,1.95,0.222,1,"1.002",,,"-1.002",,,,,52.4,,,,,,,
50,573124,"Rogers, Taylor",130,38.5,0.182,0.182,0.286,0.364,0.229,,,2,11,77.8,21.3,2686,76.5,75.09,4,21,29,-1.4000000000000057,5.48,114,148,117,150,285,317,277,"0.521","-0.521",,,,11,7,0,2,0,0,4,36.4,0,0,"3.79","0.14","-1.16","0.04","89.4",81,0,0,0,5.62,2.11,-0.51,2.35,0.182,0,"-1.042",,,"1.042",,,,,19,,,,,,,
50,701121,"VanWey, Logan",156,32.1,0.111,0.111,0.143,0.222,0.282,,,1,9,79.9,14.4,2390,81.6,81.84,3,15,35,0.20000000000000284,6.57,106,146,121,144,290,318,288,"0.05","-0.05",,,,12,7,0,1,0,0,2,16.7,2,16.7,"2.83","0.61","-1.01","-0.42","91.3",121,28.57142857142857,0,0,4.72,-2.8,-0.15,2.11,0.333,0,"-0.1",,,"0.1",,,,,20,,,,,,,
49,694918,"Tidwell, Blade",147,33.3,0.231,0.154,0.5,0.385,0.318,,,3,13,90.9,30.3,2832,83.5,83.88,16,28,21,0.4000000000000057,6.5,111,147,118,146,303,327,301,"-0.031","0.031",,,,15,6,2,0,1,0,7,46.7,2,13.3,"2.81","0.46","-1.05","-0.33","91.5",168,50,16.666666666666664,6.666666666666667,5.99,-1.92,0.64,1.94,0.333,1,"0.063265306",,,"-0.063265306",,,,,57.1,,,,,,,
48,547184,"Kelly, Michael",137,35,0.313,0.063,0.5,0.375,0.364,,,5,16,86.7,14.5,2750,83.5,82.47,8,25,23,-1,5.65,108,146,117,148,299,321,295,"-0.323","0.323",,,,19,10,4,1,0,0,6,31.6,3,15.8,"3.3","-0.03","-1.25","-0.6","91.3",143,30,0,0,5.87,-1.55,0.18,2.25,0.421,0,"0.672916667",,,"-0.672916667",,,,,32,,,,,,,
47,621016,"Cuas, Jose",153,30.7,0.125,0.375,0,0.5,0.305,,,1,8,82.5,48,2742,82.2,81.81,8,22,25,-0.4000000000000057,6.25,105,148,118,146,292,321,295,"0.333","-0.333",,,,9,5,0,0,0,1,3,33.3,1,11.1,"2.81","0.59","-0.58","-0.13","91.2",182,20,20,11.11111111111111,4.2,-4.27,0.26,2.28,0.222,1,"-0.708510638",,,"0.708510638",,,,,36.4,,,,,,,
47,680802,"Weiss, Ryan",175,26.9,0.375,0.125,0.429,0.5,0.415,,,3,8,77.9,9.1,2542,83.2,83.23,4,20,27,0,6.43,106,146,120,146,302,324,290,"-0.671","0.671",,,,9,7,2,1,0,0,1,11.1,1,11.1,"3.26","0.05","-1.17","-0.61","89.5",120,14.285714285714285,0,0,5.91,-2.29,0.28,1.77,0.444,0,"1.427659574",,,"-1.427659574",,,,,20,,,,,,,
46,607200,"Fedde, Erick",131,35.1,0.143,0,0.333,0.143,0.198,,,1,7,82.5,-9.7,2468,82,82.41,10,24,22,0.4000000000000057,6.55,106,148,122,143,302,327,291,"1.342","-1.342",,,,8,3,1,0,0,0,4,50,1,12.5,"3.3","0.09","-1.17","-0.3","89.5",90,0,0,0,5.71,-1.62,0.34,1.94,0.25,0,"-2.917391304",,,"2.917391304",,,,,41.7,,,,,,,
46,668338,"Miller, Tyson",126,36.5,0.2,0.6,0,0.8,0.43,,,1,5,96.9,29.4,2507,80.4,81.18,4,15,31,0.7999999999999972,7,108,145,116,145,298,325,300,"-0.916","0.916",,,,8,5,0,0,0,1,1,12.5,2,25,"2.67","0.88","-0.96","-0.27","94.0",197,60,40,25,4.35,-4.14,0.38,2.42,0.375,2,"1.991304348",,,"-1.991304348",,,,,26.7,,,,,,,
45,666171,"Zeferjahn, Ryan",192,23.4,0.091,0.182,0.125,0.273,0.133,,,1,11,88.5,34.3,2553,83.7,84.02,6,20,25,0.29999999999999716,6.42,109,149,116,149,297,318,291,"1.437","-1.437",,,,12,8,0,0,1,0,4,33.3,0,0,"2.98","0.27","-1.17","-0.25","91.0",192,37.5,12.5,8.333333333333332,5.78,-2.15,0.11,2.27,0.083,1,"-3.193333333",,,"3.193333333",,,,,30,,,,,,,
45,700712,"Ureña, Walbert",275,16.4,0,0,0,0,0.091,,,0,7,89.7,-2,2526,85,84.5,4,11,34,-0.5,5.96,110,150,115,149,303,320,301,"0.481","-0.481",,,,8,5,0,0,0,0,2,25,0,0,"3.5","-0.34","-0.77","-0.44","90.1",61,25,0,0,6.48,-1.25,-0.01,1.98,0.125,0,"-1.068888889",,,"1.068888889",,,,,36.4,,,,,,,
45,594580,"Moll, Sam",180,25,0.125,0,1,0.125,0.111,,,1,8,105.8,-16,2863,81.2,78.48,11,17,28,-2.700000000000003,4.54,110,149,122,149,298,325,298,"0.691","-0.691",,,,8,1,1,0,0,0,7,87.5,0,0,"3.68","-0.2","-1.11","0.1","91.6",136,100,0,0,4.93,2.36,-0.63,1.75,0.125,0,"-1.535555556",,,"1.535555556",,,,,64.7,,,,,,,
44,682077,"Mosser, Gabe",173,25.4,0.2,0,0.333,0.2,0.178,,,1,5,88.8,28.3,2799,79.8,80.01,6,15,29,0.20000000000000284,6.44,108,146,116,147,294,318,293,"0.312","-0.312",,,,5,3,1,0,0,0,2,40,0,0,"3.72","-0.13","-1.17","-0.08","89.3",183,0,0,0,5.83,-2.87,0.5,1.85,0.2,0,"-0.709090909",,,"0.709090909",,,,,40,,,,,,,
44,684007,"Imanaga, Shota",299,14.7,0.273,0.273,0.333,0.545,0.377,,,3,11,91.4,12.3,2501,82.6,82.39,9,22,22,-0.19999999999998863,6.24,107,149,117,152,293,330,310,"-2.122","2.122",,,,12,7,2,0,0,1,4,33.3,1,8.3,"3.39","-0.03","-0.93","-0.33","95.8",157,57.14285714285714,14.285714285714285,8.333333333333332,5.46,2.04,-0.6,1.97,0.333,1,"4.822727273",,,"-4.822727273",,,,,40.9,,,,,,,
44,690990,"Horton, Cade",226,19.5,0.273,0.364,0.5,0.636,0.381,,,3,11,88.1,27.2,2541,83.8,83.47,14,22,22,-0.29999999999999716,6.12,112,153,118,150,304,332,297,"-1.295","1.295",,,,11,5,1,1,0,1,6,54.5,0,0,"3.33","-0.08","-0.91","-0.62","91.2",171,20,20,9.090909090909092,5.97,-1.95,0.52,1.24,0.273,1,"2.943181818",,,"-2.943181818",,,,,63.6,,,,,,,
44,700241,"McGreevy, Michael",280,15.7,0.25,0.125,0.308,0.375,0.269,,,4,16,87.1,14.8,2446,80.3,80.32,7,24,20,0,6.4,105,152,116,146,295,316,283,"-0.379","0.379",,,,16,13,2,2,0,0,3,18.8,0,0,"3.68","-0.13","-1.19","-1.16","92.4",120,30.76923076923077,0,0,5.69,-2.37,0.68,1.67,0.25,0,"0.861363636",,,"-0.861363636",,,,,29.2,,,,,,,
44,676571,"Poulin, PJ",110,40,0,0,0,0,0,,,0,9,89.5,15.2,2436,79.3,78.97,9,22,22,-0.29999999999999716,6.31,113,149,123,151,292,321,298,"2.268","-2.268",,,,9,6,0,0,0,0,3,33.3,0,0,"3.16","0.5","-0.81","-0.3","93.3",142,33.33333333333333,0,0,4.39,2.4,-0.38,1.96,0,0,"-5.154545455",,,"5.154545455",,,,,40.9,,,,,,,
43,690440,"Hanner, Bradley",154,27.9,0.429,0.571,0.4,1,0.599,,,3,7,84.8,10.3,3036,79.4,79.08,4,21,22,-0.30000000000001137,6.33,110,151,125,150,289,312,281,"-1.631","1.631",,,,7,6,1,1,0,1,1,14.3,0,0,"3.41","0.24","-1.61","-0.76","90.4",71,16.666666666666664,16.666666666666664,14.285714285714285,5.07,-2.21,0.18,1.94,0.429,1,"3.793023256",,,"-3.793023256",,,,,19,,,,,,,
43,623474,"Herget, Jimmy",186,23.1,0.25,0.333,0.286,0.583,0.421,,,3,12,90.7,18.6,2893,77.7,75.61,6,17,26,-2.1000000000000085,4.92,111,150,119,149,293,321,297,"-2.302","2.302",,,,15,8,1,1,0,1,4,26.7,2,13.3,"3.53","0.26","-1.28","0.03","93.3",159,50,12.5,6.666666666666667,5.06,-2.68,-0.21,2.45,0.4,1,"5.353488372",,,"-5.353488372",,,,,35.3,,,,,,,
42,676979,"Crochet, Garrett",224,18.8,0.267,0.133,0.308,0.4,0.314,,,4,15,84.9,17.3,2394,82.6,82.87,6,26,16,0.30000000000001137,6.54,111,150,123,148,281,312,298,"-0.624","0.624",,,,16,13,2,2,0,0,2,12.5,0,0,"3.54","-0.19","-1.13","0.57","91.9",120,30.76923076923077,15.384615384615385,12.5,6.29,2.17,-0.29,1.69,0.313,2,"1.485714286",,,"-1.485714286",,,,,23.1,,,,,,,
42,666121,"Baum, Tyler",67,62.7,0.375,0.25,0.5,0.625,0.5,,,3,8,89.4,8.4,2334,85,83.11,6,14,28,-1.9000000000000057,5.43,113,149,119,148,298,313,284,"-1.392","1.392",,,,11,6,1,2,0,0,2,18.2,3,27.3,"3.49","-0.34","-0.74","-0.48","93.9",205,60,0,0,5.83,-0.36,0.13,2.02,0.545,0,"3.314285714",,,"-3.314285714",,,,,42.9,,,,,,,
42,542888,"Armstrong, Shawn",110,38.2,0.222,0.333,0.25,0.556,0.363,,,2,9,87.7,19,2612,83.7,83.93,8,22,20,0.20000000000000284,6.47,111,152,124,146,301,326,292,"-0.724","0.724",,,,10,5,1,0,0,1,4,40,1,10,"2.62","0.64","-1.15","-0.78","89.6",147,40,0,0,6.05,-1.38,0.51,2.11,0.3,0,"1.723809524",,,"-1.723809524",,,,,36.4,,,,,,,
42,685112,"McCambley, Zach",132,31.8,0.2,0.2,0.25,0.4,0.331,,,1,5,97.5,19.8,2712,83.7,82.93,3,12,30,-0.7999999999999972,5.84,111,150,119,148,289,310,281,"-0.536","0.536",,,,6,4,0,1,0,0,1,16.7,0,0,"3.37","-0.11","-1.22","-0.29","93.3",220,75,0,0,5.94,-1.27,0.09,1.83,0.333,0,"1.276190476",,,"-1.276190476",,,,,25,,,,,,,
42,671106,"Allen, Logan",236,17.8,0.111,0,0.25,0.111,0.099,,,1,9,85.2,6.8,2287,78.9,78.52,7,18,24,-0.4000000000000057,6.16,108,148,125,146,293,320,297,"1.425","-1.425",,,,9,4,1,0,0,0,5,55.6,0,0,"3.72","-0.04","-1.13","0.35","89.8",49,0,0,0,5.38,2.31,-0.13,1.93,0.111,0,"-3.392857143",,,"3.392857143",,,,,38.9,,,,,,,
42,678022,"Perkins, Jack",182,23.1,0.667,0.5,0.75,1.167,0.777,,,4,6,83.8,30.4,2674,86.3,86.19,4,14,28,-0.09999999999999432,6.21,108,149,117,146,293,312,287,"-2.769","2.769",,,,7,5,3,0,0,1,1,14.3,0,0,"3.06","0","-1.1","-0.61","90.3",183,20,20,14.285714285714285,5.43,-2,0.47,2.06,0.714,1,"6.592857143",,,"-6.592857143",,,,,28.6,,,,,,,
41,571948,"Milner, Hoby",119,34.5,0.25,0,0.4,0.25,0.222,,,2,8,87.7,11.5,1840,78.7,78.91,4,16,25,0.20000000000000284,6.64,113,151,116,150,296,326,297,"0.754","-0.754",,,,8,5,2,0,0,0,3,37.5,0,0,"4.02","-0.31","-0.98","0.12","94.1",147,25,0,0,4.3,4.18,0.05,1.81,0.25,0,"-1.83902439",,,"1.83902439",,,,,25,,,,,,,
41,669160,"May, Dustin",184,22.3,0,0,0,0,0.054,,,0,12,81,11.9,3072,86.1,85.96,5,24,17,-0.09999999999999432,6.46,106,151,118,147,291,327,291,"2.29","-2.29",,,,13,10,0,0,0,0,2,15.4,1,7.7,"3.33","-0.23","-1.3","-0.88","89.8",79,20,0,0,5.3,-2.36,0.85,1.82,0.077,0,"-5.585365854",,,"5.585365854",,,,,20.8,,,,,,,
41,606303,"Payamps, Joel",92,44.6,0,0,0,0,0.063,,,0,10,84,17.7,2841,84.4,83.46,8,21,20,-0.9000000000000057,5.8,112,148,128,150,298,326,294,"1.924","-1.924",,,,11,6,0,0,0,0,4,36.4,1,9.1,"3.32","-0.11","-1.28","-0.14","90.7",120,33.33333333333333,0,0,5.46,-2.61,0.59,1.51,0.091,0,"-4.692682927",,,"4.692682927",,,,,38.1,,,,,,,
41,621111,"Buehler, Walker",271,15.1,0.273,0.364,0.333,0.636,0.408,,,3,11,90.5,19.7,2681,81.3,81.56,9,22,19,0.29999999999999716,6.48,109,151,125,148,301,325,299,"-1.896","1.896",,,,12,7,1,1,0,1,4,33.3,1,8.3,"3.16","0.29","-1.11","-0.92","91.7",186,42.857142857142854,14.285714285714285,8.333333333333332,5.55,-1.17,0.85,1.87,0.333,1,"4.624390244",,,"-4.624390244",,,,,40.9,,,,,,,
41,694335,"Svanson, Matt",114,36,0.154,0.231,0.111,0.385,0.262,,,2,13,83.8,16.8,2198,86.6,86.65,6,24,17,0.10000000000000853,6.26,103,149,118,146,284,311,281,"-0.287","0.287",,,,14,10,1,0,0,1,3,21.4,0,0,"2.78","0.26","-0.77","-0.19","90.5",111,33.33333333333333,11.11111111111111,7.142857142857142,5.79,-1.83,0.33,2.07,0.214,1,"0.7",,,"-0.7",,,,,25,,,,,,,
41,673662,"Ortiz, Robinson",107,38.3,0.333,0,1,0.333,0.434,,,2,6,87.3,7,2831,84,82.81,5,14,27,-1.2000000000000028,5.56,112,148,122,148,294,319,300,"-1.353","1.353",,,,9,2,2,0,0,0,4,44.4,2,22.2,"3.6","-0.36","-0.69","0.13","90.3",112,50,0,0,5.62,2.75,-0.45,2.04,0.556,0,"3.3",,,"-3.3",,,,,35.7,,,,,,,
41,605280,"Holmes, Clay",182,22.5,0.167,0,0.333,0.167,0.148,,,1,6,77,2.3,2889,82.1,80.99,3,12,29,-1.0999999999999943,5.64,107,149,124,146,292,319,276,"0.413","-0.413",,,,6,3,1,0,0,0,3,50,0,0,"3.7","-0.3","-1.31","-0.63","90.4",106,0,0,0,6.39,-1.61,0.08,2.22,0.167,0,"-1.007317073",,,"1.007317073",,,,,25,,,,,,,
41,670245,"Watson, Ryan",202,20.3,0.286,0.286,0.231,0.571,0.363,,,4,14,86.8,38.3,2095,84,84.81,3,22,19,0.7999999999999972,6.93,106,148,122,143,292,310,285,"-0.711","0.711",,,,14,14,2,1,0,1,0,0,0,0,"2.78","0.47","-0.94","-0.86","92.4",190,42.857142857142854,0,0,5.51,-1.23,0.3,2.2,0.286,0,"1.734146341",,,"-1.734146341",,,,,13.6,,,,,,,
40,663372,"Feltner, Ryan",292,13.7,0.25,0,0.667,0.25,0.352,,,2,8,75.4,9.3,2660,84.2,84.1,8,15,25,-0.10000000000000853,6.37,105,148,117,141,298,321,293,"-0.399","0.399",,,,11,3,2,0,0,0,5,45.5,3,27.3,"3.25","-0.01","-1.01","-0.91","88.0",113,0,0,0,5.53,-1.44,0.32,1.98,0.455,0,"0.9975",,,"-0.9975",,,,,53.3,,,,,,,
40,687209,"Maxwell, Zach",191,20.9,0.125,0,0.25,0.125,0.111,,,1,8,81.2,24.5,2677,85.7,85.08,6,15,25,-0.6000000000000085,6.02,108,148,119,149,302,325,293,"-0.212","0.212",,,,8,4,1,0,0,0,4,50,0,0,"3.46","-0.34","-0.9","-0.23","89.6",114,0,0,0,6.36,-2.39,0.56,1.32,0.125,0,"0.53",,,"-0.53",,,,,40,,,,,,,
40,623437,"Topa, Justin",144,27.8,0.4,0.7,0.333,1.1,0.633,,,4,10,89.7,35.1,2682,82,80.84,3,17,23,-1.2000000000000028,5.56,115,150,124,149,287,312,271,"-3.858","3.858",,,,11,8,1,1,0,2,2,18.2,0,0,"3.3","0.1","-1.18","-0.88","93.3",175,50,12.5,9.090909090909092,5.08,-2.63,0.37,1.99,0.455,1,"9.645",,,"-9.645",,,,,17.6,,,,,,,
40,605130,"Barlow, Scott",133,30.1,0.125,0,0.2,0.125,0.229,,,1,8,82.9,16.6,2411,78.9,79.11,6,15,25,0.29999999999999716,6.5,114,149,118,148,301,324,293,"0.481","-0.481",,,,10,5,1,0,0,0,3,30,2,20,"3.17","0.5","-0.97","-0.33","88.9",137,20,0,0,4.98,-2.62,0.14,1.99,0.3,0,"-1.2025",,,"1.2025",,,,,40,,,,,,,
40,677053,"Nardi, Andrew",99,40.4,0.111,0,0.5,0.111,0.159,,,1,9,81.4,-15,2378,81.9,82.27,9,18,22,0.3999999999999915,6.63,113,148,130,150,277,313,279,"1.797","-1.797",,,,10,2,1,0,0,0,7,70,1,10,"3.03","0.38","-1.07","-0.26","89.5",138,0,0,0,5.57,3.13,-0.29,1.88,0.2,0,"-4.4925",,,"4.4925",,,,,50,,,,,,,
40,664299,"Javier, Cristian",178,22.5,0.333,0,0.667,0.333,0.296,,,2,6,93.8,25,2526,78.2,77.35,6,10,30,-0.7999999999999972,5.83,109,148,115,149,300,323,302,"-0.041","0.041",,,,6,3,2,0,0,0,3,50,0,0,"3.45","0.3","-1.2","0.08","94.4",165,33.33333333333333,0,0,5.4,-1.72,-0.04,2.05,0.333,0,"0.1025",,,"-0.1025",,,,,60,,,,,,,
40,681810,"Warren, Austin",84,47.6,0.429,0.143,0.429,0.571,0.434,,,3,7,89.1,25.3,2747,84.6,84.15,2,16,24,-0.5,6.14,108,148,120,149,289,315,285,"-0.179","0.179",,,,7,7,2,1,0,0,0,0,0,0,"3.32","-0.11","-1.42","-0.16","90.4",159,28.57142857142857,0,0,4.89,-2.6,0.47,2.01,0.429,0,"0.4475",,,"-0.4475",,,,,12.5,,,,,,,
38,815590,"Lobus, Ryan",79,48.1,0.25,0,0.25,0.25,0.317,,,1,4,98.8,19.8,2595,80,79.72,3,12,26,-0.29999999999999716,6.27,109,148,124,149,303,321,299,"-1.172","1.172",,,,5,4,1,0,0,0,0,0,1,20,"3.27","0.31","-1.43","0.03","94.2",239,75,0,0,4.4,-3.58,0.12,2.07,0.4,0,"3.084210526",,,"-3.084210526",,,,,25,,,,,,,
38,657277,"Webb, Logan",150,25.3,0.444,0,0.667,0.444,0.395,,,4,9,91.8,23.7,2520,83.3,83.31,8,16,22,0,6.47,110,151,118,150,302,329,304,"-1.146","1.146",,,,9,6,4,0,0,0,3,33.3,0,0,"3.5","-0.19","-1.07","-0.31","96.5",185,50,33.33333333333333,22.22222222222222,4.96,-2.11,0.47,1.76,0.444,2,"3.015789474",,,"-3.015789474",,,,,50,,,,,,,
38,692230,"Rodriguez, Carlos",159,23.9,0.167,0.083,0.2,0.25,0.179,,,2,12,90.7,36.3,2273,80.6,80.4,6,25,13,-0.19999999999998863,6.11,106,150,120,147,301,320,296,"1.456","-1.456",,,,12,10,1,1,0,0,2,16.7,0,0,"3.41","0.09","-1.09","-1.04","91.4",102,40,10,8.333333333333332,5.96,-1.22,0.41,2.06,0.167,1,"-3.831578947",,,"3.831578947",,,,,24,,,,,,,
38,693433,"Woo, Bryan",199,19.1,0.2,0.2,0.286,0.4,0.252,,,2,10,87.1,27.7,2475,83.6,83.54,7,17,21,-0.09999999999999432,6.36,116,147,116,145,300,326,299,"0.541","-0.541",,,,10,7,0,2,0,0,3,30,0,0,"3.18","0.09","-1.01","-0.41","91.4",155,33.33333333333333,0,0,5.02,-1.79,0.56,2.07,0.2,0,"-1.423684211",,,"1.423684211",,,,,41.2,,,,,,,
38,681982,"Anderson, Grant",111,34.2,0,0,0,0,0.174,,,0,6,81.4,33.7,2459,79.2,79.54,3,12,26,0.29999999999999716,6.47,113,149,115,149,296,320,294,"0.595","-0.595",,,,8,6,0,0,0,0,0,0,2,25,"3.42","0.21","-1.02","0.07","90.7",199,16.666666666666664,16.666666666666664,12.5,4.13,-2.31,0.33,1.7,0.25,1,"-1.565789474",,,"1.565789474",,,,,25,,,,,,,
38,670167,"Schreiber, John",145,26.2,0.25,0.125,0.4,0.375,0.358,,,2,8,82,24.6,2699,81.5,81.58,7,14,24,0.09999999999999432,6.49,108,150,120,147,306,322,281,"-0.177","0.177",,,,10,5,1,1,0,0,3,30,1,10,"3.41","0.04","-1.22","-1.04","88.8",171,0,0,0,4.42,-3.05,0.74,1.9,0.4,0,"0.465789474",,,"-0.465789474",,,,,50,,,,,,,
38,681799,"Roberts, Ethan",91,41.8,0.429,0.429,0.333,0.857,0.565,,,3,7,91.3,19.7,3112,84.1,83.89,2,15,23,-0.19999999999998863,6.23,110,152,119,151,299,326,300,"-2.573","2.573",,,,8,7,2,0,0,1,0,0,1,12.5,"3.2","0.03","-1.57","-0.65","92.6",136,28.57142857142857,14.285714285714285,12.5,5.16,-1.61,0.31,1.75,0.5,1,"6.771052632",,,"-6.771052632",,,,,13.3,,,,,,,
38,681217,"Silseth, Chase",191,19.9,0.4,0.2,0.667,0.6,0.534,,,2,5,77.6,1.7,2773,85.8,84.93,5,12,26,-0.8999999999999915,5.69,110,151,113,149,300,324,297,"-0.881","0.881",,,,8,3,1,1,0,0,2,25,2,25,"3.09","0.01","-0.6","-0.3","91.0",80,0,0,0,5.75,-2.13,0.03,1.94,0.625,0,"2.318421053",,,"-2.318421053",,,,,41.7,,,,,,,
38,601713,"Pivetta, Nick",208,18.3,0.3,0.3,0.429,0.6,0.449,,,3,10,92.6,29.3,2358,82.7,83.06,6,16,22,0.3999999999999915,6.65,112,150,121,146,300,327,293,"-1.769","1.769",,,,13,7,1,1,1,0,3,23.1,3,23.1,"3.02","0.33","-1.07","-0.67","92.9",215,57.14285714285714,0,0,6.71,-1.01,0.3,2.2,0.462,0,"4.655263158",,,"-4.655263158",,,,,37.5,,,,,,,
38,806188,"Gibson, Cade",180,21.1,0.111,0,0.2,0.111,0.099,,,1,9,79.3,37.6,3224,80.5,79.54,4,15,23,-1,5.75,115,148,126,149,284,314,292,"1.076","-1.076",,,,9,5,1,0,0,0,4,44.4,0,0,"3.68","-0.15","-1.52","0.3","89.2",181,20,0,0,5.69,2.55,-0.55,1.93,0.111,0,"-2.831578947",,,"2.831578947",,,,,26.7,,,,,,,
37,656257,"Brigham, Jeff",121,30.6,0.111,0,0.333,0.111,0.099,,,1,9,95.5,-18.7,3123,82.7,81.8,5,14,23,-0.9000000000000057,5.89,112,148,115,149,301,330,300,"0.902","-0.902",,,,9,3,1,0,0,0,6,66.7,0,0,"3.87","-0.51","-1.3","-0.29","91.2",49,33.33333333333333,0,0,5.66,-1.92,-0.11,1.9,0.111,0,"-2.437837838",,,"2.437837838",,,,,35.7,,,,,,,
37,686563,"Cannon, Jonathan",203,18.2,0.167,0,0.25,0.167,0.331,,,1,6,83.2,21.8,2551,83.3,82.92,5,17,20,-0.3999999999999915,6.14,104,147,126,145,312,333,294,"-0.236","0.236",,,,9,4,1,0,0,0,2,22.2,3,33.3,"3.08","0.22","-1.18","-0.68","91.0",153,25,25,11.11111111111111,5.81,-2.36,0.49,2.06,0.444,1,"0.637837838",,,"-0.637837838",,,,,29.4,,,,,,,
37,606996,"Hart, Kyle",203,18.2,0.1,0.1,0.143,0.2,0.178,,,1,10,87.9,24.9,2589,81.4,80.65,3,17,20,-0.8000000000000114,5.96,113,148,117,149,298,323,292,"1.993","-1.993",,,,11,7,0,1,0,0,3,27.3,1,9.1,"3.37","0.1","-1.26","0.13","92.2",156,28.57142857142857,14.285714285714285,9.090909090909092,5.74,2.89,0.02,2.11,0.182,1,"-5.386486486",,,"5.386486486",,,,,17.6,,,,,,,
37,811310,"Belgrave, Nigel",118,31.4,0.167,0,0.333,0.167,0.289,,,1,6,88.4,24.3,2713,83.1,82.8,5,15,22,-0.29999999999999716,6.14,116,149,124,148,283,308,288,"0.206","-0.206",,,,8,3,1,0,0,0,3,37.5,1,12.5,"2.84","0.47","-1.2","-0.2","91.8",176,33.33333333333333,0,0,5.5,-3.43,-0.21,2.36,0.375,0,"-0.556756757",,,"0.556756757",,,,,33.3,,,,,,,
37,642152,"Trivino III, Lou",180,20.6,0,0,,0,0.349,,,0,3,,,2474,80.3,80.01,3,4,33,-0.29999999999999716,6.13,105,144,115,143,285,313,285,"-0.069","0.069",,,,6,0,0,0,0,0,3,50,3,50,"3.59","-0.05","-1.37","0.02","97.2",344,,,,6.22,-1.24,-0.1,2.45,0.5,,"0.186486486",,,"-0.186486486",,,,,75,,,,,,,
37,543243,"Gray, Sonny",238,15.5,0.188,0.25,0.333,0.438,0.288,,,3,16,94.7,10.6,2540,85.1,85.51,6,17,20,0.4000000000000057,6.52,114,150,123,148,283,308,295,"-0.625","0.625",,,,17,7,1,1,0,1,9,52.9,1,5.9,"3.44","-0.3","-1.14","-0.11","94.3",194,57.14285714285714,14.285714285714285,5.88235294117647,5.65,-0.79,0.47,1.12,0.235,1,"1.689189189",,,"-1.689189189",,,,,35.3,,,,,,,
36,681517,"Leahy, Kyle",280,12.9,0.182,0.545,0,0.727,0.372,,,2,11,87.3,24.7,2572,84.1,85.39,5,23,13,1.3000000000000114,6.99,109,151,119,146,295,314,278,"-0.283","0.283",,,,11,6,0,0,0,2,5,45.5,0,0,"3","0.21","-1.39","-1.39","90.7",173,50,16.666666666666664,9.090909090909092,5.67,-2.03,0.64,2.28,0.182,1,"0.786111111",,,"-0.786111111",,,,,21.7,,,,,,,
36,676092,"Snider, Collin",128,28.1,0.3,0.6,0.143,0.9,0.498,,,3,10,90.7,9.8,2792,84.4,84.34,5,24,12,-0.10000000000000853,6.18,102,153,118,149,305,328,295,"-0.931","0.931",,,,10,9,1,0,0,2,1,10,0,0,"2.98","0.21","-1.01","-0.92","92.1",143,44.44444444444444,22.22222222222222,20,5.39,-2.81,0.33,1.83,0.3,2,"2.586111111",,,"-2.586111111",,,,,20.8,,,,,,,
36,682227,"Williamson, Brandon",247,14.6,0.2,0.1,0.286,0.3,0.215,,,2,10,88.3,32.6,2521,82.7,81.59,3,18,18,-1.1000000000000085,5.69,117,148,112,151,289,320,300,"-0.122","0.122",,,,10,7,1,1,0,0,3,30,0,0,"3.16","0.19","-1.07","-0.54","90.1",133,14.285714285714285,0,0,6.48,1.23,-0.64,2.06,0.2,0,"0.338888889",,,"-0.338888889",,,,,16.7,,,,,,,
36,676604,"Zuber, Tyler",154,23.4,0.25,0.25,0.5,0.5,0.315,,,2,8,91.7,17.3,2691,83.9,83.27,11,20,16,-0.6000000000000085,5.89,111,148,124,149,287,311,287,"-0.002","0.002",,,,8,4,0,2,0,0,4,50,0,0,"2.64","0.61","-1.18","-0.4","94.0",176,50,25,12.5,4.9,-2.44,0.31,2.04,0.25,1,"0.005555556",,,"-0.005555556",,,,,55,,,,,,,
35,592791,"Taillon, Jameson",267,13.1,0.25,0.5,0.333,0.75,0.413,,,2,8,92,28.5,2661,79.9,80.62,4,14,21,0.6999999999999886,6.79,111,153,119,149,301,330,300,"-1.445","1.445",,,,8,4,0,1,0,1,4,50,0,0,"3.62","-0.04","-1.14","-1.14","92.5",162,50,25,12.5,6.08,-1.25,0.77,1.37,0.25,1,"4.128571429",,,"-4.128571429",,,,,28.6,,,,,,,
35,663941,"Beck, Tristan",110,31.8,0.222,0.222,0.286,0.444,0.276,,,2,9,92.8,6.4,2871,83,83.36,3,17,18,0.4000000000000057,6.69,110,149,117,146,306,328,301,"0.156","-0.156",,,,9,7,1,0,1,0,2,22.2,0,0,"3.56","-0.23","-1.42","-0.92","92.0",137,42.857142857142854,0,0,5.83,-2.36,0.29,2.25,0.222,0,"-0.445714286",,,"0.445714286",,,,,17.6,,,,,,,
35,676508,"Casparius, Ben",142,24.6,0.25,0.75,0,1,0.409,,,1,4,84.2,32.3,3039,86.5,85.91,2,14,21,-0.5999999999999943,5.86,100,153,117,146,300,318,291,"-2.07","2.07",,,,5,4,0,0,0,1,1,20,0,0,"2.93","0.11","-0.95","-0.95","91.3",112,25,25,20,6.15,-0.8,0.59,1.95,0.2,1,"5.914285714",,,"-5.914285714",,,,,14.3,,,,,,,
35,804663,"Cleveland, Tyler",96,36.5,0.429,0.143,0.5,0.571,0.434,,,3,7,72,18.3,2592,74.1,72.76,5,14,21,-1.2999999999999972,5.49,99,140,111,140,294,322,302,"-2.186","2.186",,,,7,6,2,1,0,0,1,14.3,0,0,"3.57","0.63","-0.89","-0.26","88.3",176,0,0,0,2.99,-4.63,-0.2,2.3,0.429,0,"6.245714286",,,"-6.245714286",,,,,35.7,,,,,,,
34,696131,"Black, Mason",124,27.4,0.333,0.333,0.75,0.667,0.416,,,3,9,100.4,21,2467,82.6,82.95,6,15,19,0.30000000000001137,6.41,118,144,121,148,291,314,303,"-0.563","0.563",,,,9,4,1,1,1,0,5,55.6,0,0,"3.62","-0.29","-0.5","0.04","93.5",177,75,0,0,5.21,-2.13,0.06,2.05,0.333,0,"1.655882353",,,"-1.655882353",,,,,40,,,,,,,
34,678368,"Bellozo, Valente",256,13.3,0.286,0.714,0.143,1,0.455,,,2,7,93.2,33.6,2656,79.6,79.05,3,17,17,-0.5,5.89,111,150,119,146,300,322,292,"-1.097","1.097",,,,8,8,0,0,1,1,0,0,0,0,"3.18","0.41","-1.05","-0.97","91.5",200,25,12.5,12.5,5.84,-1.13,0.74,1.67,0.25,1,"3.226470588",,,"-3.226470588",,,,,17.6,,,,,,,
34,657265,"Strzelecki, Peter",123,27.6,0.2,0.2,0.333,0.4,0.252,,,1,5,92.3,43.3,2954,79.6,79.76,5,13,21,0.20000000000000284,6.7,111,150,119,149,300,320,294,"-0.254","0.254",,,,5,3,0,1,0,0,2,40,0,0,"3.54","0.1","-1.64","-0.75","92.9",198,33.33333333333333,0,0,4.68,-2.49,0.54,2.25,0.2,0,"0.747058824",,,"-0.747058824",,,,,38.5,,,,,,,
34,681867,"Criswell, Cooper",247,13.8,0.286,0,0.286,0.286,0.254,,,2,7,89.9,17.1,2599,77.6,77.58,3,16,18,0,6.51,110,148,117,148,302,326,303,"0.412","-0.412",,,,7,7,2,0,0,0,0,0,0,0,"3.34","0.48","-1.5","-0.18","91.8",151,28.57142857142857,0,0,4.87,-1.87,0.47,2.31,0.286,0,"-1.211764706",,,"1.211764706",,,,,18.8,,,,,,,
33,596001,"Junis, Jakob",82,40.2,0.222,0,0.4,0.222,0.198,,,2,9,80.1,-1,2423,81.1,80.2,4,11,22,-0.8999999999999915,5.69,114,149,122,151,309,323,305,"0.326","-0.326",,,,9,5,2,0,0,0,4,44.4,0,0,"3.52","-0.05","-1.4","0.31","90.8",135,20,0,0,5.68,-2.01,0.23,1.94,0.222,0,"-0.987878788",,,"0.987878788",,,,,36.4,,,,,,,
33,701643,"Hartwig, Grant",111,29.7,0.333,0.167,0.5,0.5,0.478,,,2,6,85,6.5,2467,80.5,79.87,5,13,20,-0.5999999999999943,5.98,108,143,120,145,292,317,282,"-1.565","1.565",,,,9,4,1,1,0,0,2,22.2,1,11.1,"3.2","0.34","-1.21","-0.38","90.5",121,25,0,0,5.05,-2.45,0.11,2.1,0.556,0,"4.742424242",,,"-4.742424242",,,,,38.5,,,,,,,
33,622088,"Antone, Tejay",161,20.5,0.222,0.444,0.333,0.667,0.4,,,2,9,97.4,14.3,2698,83.6,83.43,5,10,23,-0.19999999999998863,6.16,103,149,118,147,300,327,294,"-0.651","0.651",,,,10,4,0,1,0,1,5,50,1,10,"2.93","0.33","-1.04","-0.65","95.5",205,50,0,0,5.55,-2.01,0.35,1.77,0.3,0,"1.972727273",,,"-1.972727273",,,,,50,,,,,,,
33,668970,"Hollowell, Gavin",110,30,0.143,0.429,0,0.571,0.343,,,1,7,112.5,19,2565,83.1,83.02,2,9,24,-0.09999999999999432,6.32,113,149,116,152,297,325,304,"-0.587","0.587",,,,8,2,0,0,0,1,5,62.5,1,12.5,"3.01","0.3","-1.31","0.1","95.0",186,100,50,12.5,5.15,-3.61,-0.42,2.54,0.25,1,"1.778787879",,,"-1.778787879",,,,,22.2,,,,,,,
33,669371,"Henry, Cole",109,30.3,0.167,0,0.2,0.167,0.227,,,1,6,89.4,10.8,2739,81.8,81.2,6,20,13,-0.5999999999999943,6,106,149,120,149,297,320,291,"0.304","-0.304",,,,7,5,1,0,0,0,1,14.3,1,14.3,"3.2","0.22","-1.19","-0.79","90.7",188,20,0,0,5.24,-2.57,0.52,1.91,0.286,0,"-0.921212121",,,"0.921212121",,,,,30,,,,,,,
33,669199,"Bachar, Lake",159,20.8,0,0,0,0,0.087,,,0,7,78.6,27.5,3030,85,84.2,9,15,18,-0.7999999999999972,5.74,111,148,125,147,281,311,281,"1.351","-1.351",,,,8,2,0,0,0,0,5,62.5,1,12.5,"3.15","0.01","-0.82","-0.48","88.0",230,0,0,0,5.62,-2.23,0.92,1.84,0.125,0,"-4.093939394",,,"4.093939394",,,,,60,,,,,,,
33,669432,"Rogers, Trevor",209,15.8,0.143,0,0.25,0.143,0.202,,,1,7,84.3,45,2007,77.8,78.38,6,17,16,0.6000000000000085,6.6,113,152,126,148,287,317,286,"0.473","-0.473",,,,8,4,1,0,0,0,3,37.5,0,0,"3.49","0.29","-0.52","-0.15","90.5",158,25,0,0,5.86,2.02,-0.26,1.6,0.25,0,"-1.433333333",,,"1.433333333",,,,,35.3,,,,,,,
33,807743,"Sullivan, Sean",177,18.6,0.333,0.5,0.333,0.833,0.519,,,2,6,97.8,21.5,2320,78.1,79.28,1,8,25,1.2000000000000028,7.26,111,147,114,149,293,319,296,"-0.855","0.855",,,,7,4,1,0,0,1,2,28.6,1,14.3,"3.83","-0.07","-1.08","0.01","94.5",202,75,25,14.285714285714285,5.51,3.39,0.25,2.45,0.429,1,"2.590909091",,,"-2.590909091",,,,,12.5,,,,,,,
32,681151,"Murray, Jayden",118,27.1,0.25,0,0.333,0.25,0.317,,,1,4,84.2,12.3,2364,80.7,79.99,4,13,19,-0.7000000000000028,5.9,109,150,117,148,301,323,292,"-0.018","0.018",,,,5,3,1,0,0,0,1,20,1,20,"3.45","0.07","-1.23","-0.56","90.2",136,33.33333333333333,0,0,5.51,-2.32,0.52,2.03,0.4,0,"0.05625",,,"-0.05625",,,,,30.8,,,,,,,
32,805299,"Garcia, Brandyn",153,20.9,0.2,0,0.5,0.2,0.381,,,1,5,77.5,23,2626,85.3,83.61,3,9,23,-1.7000000000000028,5.25,112,143,118,145,305,328,306,"-0.883","0.883",,,,8,2,1,0,0,0,3,37.5,1,12.5,"3.18","-0.04","-1.15","-0.22","88.1",117,0,0,0,5.43,1.96,-0.43,1.97,0.5,0,"2.759375",,,"-2.759375",,,,,33.3,,,,,,,
32,669302,"Gilbert, Logan",196,16.3,0.273,0.091,0.333,0.364,0.276,,,3,11,86.8,11,2259,81.5,83.01,5,17,15,1.5,7.41,108,144,118,143,296,326,295,"0.121","-0.121",,,,11,9,2,1,0,0,2,18.2,0,0,"4.03","-0.58","-1.01","-0.65","92.2",90,22.22222222222222,0,0,6.23,-0.9,0.27,1.81,0.273,0,"-0.378125",,,"0.378125",,,,,29.4,,,,,,,
32,670090,"Mills, Wyatt",86,37.2,0.143,0,0.25,0.143,0.254,,,1,7,79.7,39.3,2447,77.8,78.27,6,11,21,0.5,6.88,112,149,122,149,296,330,295,"0.608","-0.608",,,,9,4,1,0,0,0,3,33.3,2,22.2,"3.27","0.54","-0.92","-0.23","88.1",68,0,0,0,3.44,-3.3,0.01,2,0.333,0,"-1.9",,,"1.9",,,,,54.5,,,,,,,
32,690939,"Noland, Connor",105,30.5,0.25,0.5,0.333,0.75,0.498,,,1,4,94.9,22.3,2424,82.9,83.18,1,8,24,0.29999999999999716,6.56,106,141,112,143,295,327,305,"-1.436","1.436",,,,6,3,0,0,1,0,1,16.7,2,33.3,"3.53","-0.2","-1.25","-0.74","91.4",195,33.33333333333333,0,0,5.97,-2.66,0.48,1.38,0.5,0,"4.4875",,,"-4.4875",,,,,12.5,,,,,,,
32,668984,"Legumina, Casey",133,24.1,0,0,0,0,0,,,0,2,80.3,41,2762,78.9,78.86,4,11,21,0,6.56,109,147,118,147,292,322,296,"0.037","-0.037",,,,3,1,0,0,0,0,2,66.7,0,0,"3.48","0.21","-1.27","-0.13","90.3",132,0,0,0,4.64,-2.11,0.66,1.85,0,0,"-0.115625",,,"0.115625",,,,,36.4,,,,,,,
31,643377,"Jax, Griffin",64,48.4,0.286,0.143,0.4,0.429,0.307,,,2,7,101.7,7.4,2828,88.5,88.54,7,17,14,0,6.39,97,144,116,145,295,315,296,"0.315","-0.315",,,,7,5,1,1,0,0,2,28.6,0,0,"2.93","-0.01","-1.02","-0.23","96.5",141,100,20,14.285714285714285,5.34,-0.94,0.42,1.66,0.286,1,"-1.016129032",,,"1.016129032",,,,,41.2,,,,,,,
31,686747,"La Sorsa, Joe",74,41.9,0.25,0,0.333,0.25,0.317,,,1,4,66.3,22.3,2064,78.7,78.31,5,11,20,-0.4000000000000057,6.48,104,143,117,144,285,322,290,"-0.16","0.16",,,,5,3,1,0,0,0,1,20,1,20,"3.43","0.31","-0.67","0.36","88.0",146,0,0,0,5.21,3.31,-0.21,1.99,0.4,0,"0.516129032",,,"-0.516129032",,,,,45.5,,,,,,,
31,641302,"Alexander, Tyler",167,18.6,0.25,0.25,0.25,0.5,0.443,,,1,4,93.5,31.3,2449,80.1,79.96,1,7,24,-0.09999999999999432,6.16,111,149,116,150,302,318,302,"-0.482","0.482",,,,6,4,0,1,0,0,0,0,2,33.3,"3.33","0.22","-0.97","-0.24","93.3",245,50,25,16.666666666666664,5.53,2.55,-0.22,2.19,0.5,1,"1.55483871",,,"-1.55483871",,,,,14.3,,,,,,,
31,663623,"Irvin, Jake",204,15.2,0.273,0.455,0.286,0.727,0.415,,,3,11,92.7,28.3,2474,81.1,81.92,4,20,11,0.8000000000000114,6.95,112,152,125,148,298,326,297,"-2.126","2.126",,,,11,8,0,2,0,1,3,27.3,0,0,"2.89","0.59","-1.05","-0.81","92.3",165,50,25,18.181818181818183,5.26,-2.16,0.37,2.53,0.273,2,"6.858064516",,,"-6.858064516",,,,,20,,,,,,,
30,681432,"Little, Luke",81,37,0.25,0.25,0.333,0.5,0.548,,,1,4,78.5,5,2492,86.7,87.94,5,9,21,1.2000000000000028,7.19,110,150,118,149,295,328,303,"-1.769","1.769",,,,10,3,0,1,0,0,1,10,5,50,"2.79","0.25","-0.92","0.16","90.6",152,33.33333333333333,0,0,5.31,3.97,-0.6,1.96,0.7,0,"5.896666667",,,"-5.896666667",,,,,55.6,,,,,,,
30,670036,"Festa, Matt",89,33.7,0.5,0.667,0.5,1.167,0.703,,,3,6,88.5,29.6,2609,81.5,81.62,5,14,16,0.09999999999999432,6.37,110,149,118,146,293,319,291,"-2.827","2.827",,,,7,5,1,1,0,1,1,14.3,0,0,"3.41","0.02","-1.34","-0.42","91.4",143,20,20,14.285714285714285,5.17,-2.2,0.11,2.45,0.571,1,"9.423333333",,,"-9.423333333",,,,,35.7,,,,,,,
30,687075,"Sproat, Brandon",209,14.4,0.222,0.111,0.667,0.333,0.285,,,2,9,86.4,24.7,2414,86.5,86.54,8,14,16,0,6.28,112,152,118,150,300,315,292,"-0.649","0.649",,,,10,3,1,1,0,0,6,60,1,10,"2.57","0.47","-0.95","-0.75","89.5",216,33.33333333333333,0,0,5.45,-2.43,0.59,1.93,0.3,0,"2.163333333",,,"-2.163333333",,,,,57.1,,,,,,,
30,702352,"Bivens, Spencer",176,17,0.2,0.6,0,0.8,0.457,,,1,5,96.1,21.8,2188,81,81.14,1,10,20,0.09999999999999432,6.36,106,149,118,147,305,328,299,"-0.992","0.992",,,,6,4,0,0,0,1,1,16.7,1,16.7,"3.2","0.27","-1.19","-0.63","94.1",143,75,25,16.666666666666664,5.82,-2.39,-0.06,1.99,0.333,1,"3.306666667",,,"-3.306666667",,,,,10,,,,,,,
30,671111,"Peralta, Sammy",106,28.3,0.667,0.5,0.75,1.167,0.785,,,4,6,90.4,22,2578,79.6,79.21,8,17,13,-0.3999999999999915,6.13,107,149,122,148,295,318,294,"-1.658","1.658",,,,6,5,3,0,0,1,1,16.7,0,0,"3.42","0.2","-1.15","0.33","91.8",187,40,20,16.666666666666664,4.72,3.19,-0.6,1.92,0.667,1,"5.526666667",,,"-5.526666667",,,,,47.1,,,,,,,
30,663969,"Phillips, Tyler",140,21.4,0.333,0,0.5,0.333,0.397,,,1,3,72,-21.5,2561,85,84.94,6,13,17,-0.09999999999999432,6.46,108,149,121,145,287,316,294,"-0.215","0.215",,,,4,2,1,0,0,0,1,25,1,25,"3.16","0.02","-1.02","-0.68","89.5",68,0,0,0,5.96,-1.23,0.85,1.22,0.5,0,"0.716666667",,,"-0.716666667",,,,,46.2,,,,,,,
30,656457,"Gilbert, Tyler",111,27,0.143,0.286,0.333,0.429,0.228,,,1,7,99.4,21.7,2469,80.1,79.35,5,14,16,-0.6999999999999886,5.93,115,137,115,139,287,326,299,"0.198","-0.198",,,,7,3,0,0,1,0,4,57.1,0,0,"3.55","0.03","-0.82","-0.68","92.9",183,100,33.33333333333333,14.285714285714285,4.75,3.94,-0.75,1.93,0.143,1,"-0.66",,,"0.66",,,,,35.7,,,,,,,
30,668941,"Romero, JoJo",87,34.5,0.222,0.333,0.333,0.556,0.363,,,2,9,84,9.8,2809,82.4,80.9,6,13,17,-1.5,5.3,117,148,112,149,283,315,283,"-0.084","0.084",,,,10,4,1,0,0,1,5,50,1,10,"3.43","-0.06","-1.27","-0.32","90.8",141,25,25,10,5.35,2.11,-0.34,2.01,0.3,1,"0.28",,,"-0.28",,,,,46.2,,,,,,,
29,692285,"Guerrero, Luis",171,17,0.375,0.75,0.2,1.125,0.631,,,3,8,88.6,9,2350,83.4,82.18,1,10,19,-1.2000000000000028,5.55,102,149,118,145,295,319,283,"-3.909","3.909",,,,9,7,1,0,0,2,1,11.1,1,11.1,"3.12","0.16","-1.05","-0.82","92.5",183,28.57142857142857,28.57142857142857,22.22222222222222,6.03,-1.5,0.39,1.83,0.444,2,"13.479310345",,,"-13.479310345",,,,,10,,,,,,,
29,681892,"Funderburk, Kody",158,18.4,0,0,0,0,0.078,,,0,8,75.6,-11.8,2466,81.3,81.67,4,14,15,0.4000000000000057,6.71,113,149,120,149,294,315,275,"1.035","-1.035",,,,9,4,0,0,0,0,4,44.4,1,11.1,"3.68","-0.21","-1.13","-0.12","88.0",75,0,0,0,5.66,2.52,-0.35,1.91,0.111,0,"-3.568965517",,,"3.568965517",,,,,28.6,,,,,,,
29,674370,"Bido, Osvaldo",97,29.9,0,0,0,0,0,,,0,3,79,38.5,2465,85.5,84.9,4,10,19,-0.5999999999999943,6.07,101,150,121,149,291,320,287,"0.567","-0.567",,,,3,2,0,0,0,0,1,33.3,0,0,"2.97","0.17","-0.96","-0.59","89.0",163,0,0,0,5.81,-2.09,0.47,1.55,0,0,"-1.955172414",,,"1.955172414",,,,,40,,,,,,,
29,695445,"Lee, Chase",81,35.8,0,0,0,0,0.116,,,0,5,78.8,0.5,2948,81.1,80.32,4,11,18,-0.7999999999999972,5.82,107,150,127,148,291,331,288,"0.857","-0.857",,,,6,4,0,0,0,0,1,16.7,1,16.7,"2.99","0.48","-1.31","-0.61","88.4",72,0,0,0,3.92,-2.83,0.55,2.39,0.167,0,"-2.955172414",,,"2.955172414",,,,,36.4,,,,,,,
29,666974,"Cano, Yennier",107,27.1,0.25,0,0.25,0.25,0.222,,,1,4,76.8,-2.5,2461,85.4,84.45,2,13,16,-1,5.81,108,145,119,144,292,310,283,"0.143","-0.143",,,,4,4,1,0,0,0,0,0,0,0,"3.05","0.09","-1.13","-0.59","89.9",145,25,0,0,5.32,-2.51,0.24,2.04,0.25,0,"-0.493103448",,,"0.493103448",,,,,15.4,,,,,,,
29,666768,"Pilar, Anderson",92,31.5,0.667,0.333,0.667,1,0.712,,,2,3,92.1,26,2497,84.2,84.34,2,14,15,0.09999999999999432,6.36,111,147,117,145,296,321,291,"-1.951","1.951",,,,4,3,1,1,0,0,0,0,1,25,"2.65","0.56","-1.07","-0.67","91.2",162,33.33333333333333,33.33333333333333,25,5.64,-1.98,0.54,1.74,0.75,1,"6.727586207",,,"-6.727586207",,,,,14.3,,,,,,,
29,670990,"Ramírez, Yohan",115,25.2,0.143,0,0.25,0.143,0.198,,,1,7,81.9,30.8,2642,83.7,84.19,3,14,15,0.5,6.71,121,149,125,150,293,319,289,"0.075","-0.075",,,,8,4,1,0,0,0,3,37.5,1,12.5,"2.97","0.3","-1.41","0.01","88.8",156,0,0,0,5.27,-2.4,0.15,2.41,0.25,0,"-0.25862069",,,"0.25862069",,,,,21.4,,,,,,,
29,656686,"Martin, Corbin",139,20.9,0,0,0,0,0,,,0,5,98.2,-19,2469,86,86.01,4,11,18,0,6.38,108,153,118,148,304,329,295,"0.676","-0.676",,,,5,2,0,0,0,0,3,60,0,0,"2.98","0.11","-0.64","-0.64","91.4",90,100,0,0,5.71,-1.37,0.8,1.85,0,0,"-2.331034483",,,"2.331034483",,,,,36.4,,,,,,,
29,680604,"Castaño, Blas",86,33.7,0,0,0,0,0.182,,,0,3,103,-13,2532,82.5,80.96,5,9,20,-1.5,5.37,116,150,121,146,303,320,297,"0.64","-0.64",,,,4,1,0,0,0,0,2,50,0,0,"3.12","0.25","-1.26","-0.73","92.0",181,100,0,0,4.9,-2.4,0,2.18,0.25,0,"-2.206896552",,,"2.206896552",,,,,55.6,,,,,,,
29,640455,"Manaea, Sean",141,20.6,0.222,0.444,0.2,0.667,0.4,,,2,9,86,2,2150,73.7,73.97,5,13,16,0.29999999999999716,6.57,106,151,127,150,277,318,277,"-1.893","1.893",,,,10,6,0,1,0,1,3,30,1,10,"3.89","0.33","-0.97","0.36","92.7",158,50,0,0,5.18,3.33,-0.11,2.12,0.3,0,"6.527586207",,,"-6.527586207",,,,,38.5,,,,,,,
29,663562,"Davis, Noah",213,13.6,0.214,0.286,0.333,0.5,0.353,,,3,14,85.8,28.1,2659,79.2,77.9,7,14,15,-1.2999999999999972,5.63,110,149,119,146,292,318,283,"-1.772","1.772",,,,16,7,1,1,0,1,7,43.8,0,0,"3.91","-0.24","-1.32","-0.6","90.9",230,14.285714285714285,14.285714285714285,6.25,5.77,-2.02,0.48,2.17,0.313,1,"6.110344828",,,"-6.110344828",,,,,50,,,,,,,
29,691587,"Pérez, Eury",251,11.6,0.167,0.5,0,0.667,0.341,,,1,6,84.7,8.3,2462,84,84.36,6,12,17,0.4000000000000057,6.55,111,152,123,148,290,317,289,"0.084","-0.084",,,,6,3,0,0,0,1,3,50,0,0,"2.39","0.85","-0.66","-0.55","91.0",99,66.66666666666666,0,0,5.91,-2.06,0.34,2.13,0.167,0,"-0.289655172",,,"0.289655172",,,,,50,,,,,,,
28,801517,"Giesting, Spencer",123,22.8,0.333,0.167,0.667,0.5,0.358,,,2,6,72.4,17,2795,81.8,82.45,6,13,15,0.7000000000000028,6.84,117,147,121,150,296,319,304,"-0.815","0.815",,,,6,3,1,1,0,0,3,50,0,0,"3.36","0.06","-1.48","-0.68","89.5",158,33.33333333333333,0,0,5.11,2.95,-0.67,2.24,0.333,0,"2.910714286",,,"-2.910714286",,,,,46.2,,,,,,,
27,641312,"Anderson, Shaun",227,11.9,0.556,0.778,0.5,1.333,0.792,,,5,9,100.4,10,2939,81.8,81.97,1,14,13,0.20000000000000284,6.57,111,149,114,149,297,322,294,"-4.471","4.471",,,,9,8,2,1,0,2,1,11.1,0,0,"3.86","-0.43","-1.41","-0.12","97.1",157,75,25,22.22222222222222,6.13,-2.12,0.16,2.01,0.556,2,"16.559259259",,,"-16.559259259",,,,,7.1,,,,,,,
27,689254,"Fluharty, Mason",87,31,0.125,0,0.2,0.125,0.111,,,1,8,90.7,3.6,2670,82.8,83.19,4,14,13,0.4000000000000057,6.73,116,146,116,147,287,322,295,"1.195","-1.195",,,,8,5,1,0,0,0,3,37.5,0,0,"3.15","0.2","-1.21","-0.54","91.9",137,60,0,0,5.93,3.45,-0.19,1.97,0.125,0,"-4.425925926",,,"4.425925926",,,,,28.6,,,,,,,
27,547179,"Lorenzen, Michael",190,14.2,0.2,0,0.2,0.2,0.265,,,1,5,89.6,-12.6,2535,81.3,80.59,2,12,15,-0.7000000000000028,5.82,106,147,113,140,303,322,292,"-0.254","0.254",,,,6,5,1,0,0,0,0,0,1,16.7,"3.48","-0.03","-0.94","-0.78","92.7",62,40,0,0,5.71,-2.21,-0.03,2.58,0.333,0,"0.940740741",,,"-0.940740741",,,,,16.7,,,,,,,
27,660271,"Ohtani, Shohei",147,18.4,0.4,0.2,0.667,0.6,0.474,,,2,5,88.2,20.3,2593,82.6,83.06,4,13,14,0.5,6.58,101,153,119,147,301,315,298,"-1.212","1.212",,,,6,3,1,1,0,0,2,33.3,1,16.7,"3.08","0.27","-1.08","-1.03","89.5",159,33.33333333333333,0,0,5.6,-2.06,0.32,2.21,0.5,0,"4.488888889",,,"-4.488888889",,,,,30.8,,,,,,,
27,687473,"Gusto, Ryan",161,16.8,0.2,0.2,0.2,0.4,0.252,,,1,5,94.9,22.6,2439,81.5,81.57,2,11,16,0.09999999999999432,6.47,110,151,124,147,301,321,283,"-0.162","0.162",,,,5,5,0,1,0,0,0,0,0,0,"3.67","-0.22","-1.08","-0.93","93.8",228,40,40,40,5.84,-2.2,0.75,1.69,0.2,2,"0.6",,,"-0.6",,,,,18.2,,,,,,,
27,694361,"Klein, Will",141,19.1,0.3,0.1,0.75,0.4,0.34,,,3,10,100.6,5.8,2392,88.1,88.4,6,12,15,0.30000000000001137,6.56,111,151,119,148,297,323,294,"-1.453","1.453",,,,11,4,2,1,0,0,6,54.5,1,9.1,"3.33","-0.38","-0.89","-0.42","96.4",155,100,25,9.090909090909092,5.57,-2.24,0.18,2.18,0.364,1,"5.381481481",,,"-5.381481481",,,,,50,,,,,,,
26,608331,"Fried, Max",223,11.7,0.111,0,0.125,0.111,0.099,,,1,9,77.6,12.5,2673,80.5,79.88,1,12,14,-0.5999999999999943,6,103,150,130,149,295,321,274,"1.625","-1.625",,,,9,8,1,0,0,0,1,11.1,0,0,"3.62","-0.08","-1.43","0.8","88.9",157,0,0,0,5.78,1.63,-0.06,2.71,0.111,0,"-6.25",,,"6.25",,,,,8.3,,,,,,,
26,677944,"Cecconi, Slade",259,10,0.8,0,1,0.8,0.711,,,4,5,86.8,11.5,2468,82.9,82.88,5,13,13,0,6.34,112,149,127,149,303,327,295,"-1.396","1.396",,,,5,4,4,0,0,0,1,20,0,0,"3.37","-0.04","-1.11","0.02","92.1",156,50,0,0,5.8,-2.3,0.79,2.05,0.8,0,"5.369230769",,,"-5.369230769",,,,,38.5,,,,,,,
26,701780,"McDougal, Tanner",107,24.3,0.143,0,0.143,0.143,0.127,,,1,7,90.9,-5.6,2662,86.3,86.84,3,11,15,0.5,6.41,114,147,126,148,298,330,305,"1.743","-1.743",,,,7,7,1,0,0,0,0,0,0,0,"3.12","-0.08","-0.63","-0.02","96.3",108,57.14285714285714,0,0,5.79,-1.51,0.11,1.96,0.143,0,"-6.703846154",,,"6.703846154",,,,,27.3,,,,,,,
26,687863,"Hodge, Porter",70,37.1,0.6,0.2,1,0.8,0.633,,,3,5,94.4,10.3,2571,82.4,83.88,2,7,19,1.5,7.35,104,148,109,150,296,322,304,"-1.817","1.817",,,,7,3,2,1,0,0,2,28.6,2,28.6,"3.31","0.05","-1.31","0.25","91.9",158,33.33333333333333,0,0,5.49,-2.95,0.06,1.93,0.714,0,"6.988461538",,,"-6.988461538",,,,,28.6,,,,,,,
26,686560,"Collyer, Gavin",157,16.6,0.167,0,0.333,0.167,0.148,,,1,6,80.4,5,2814,87.9,87.37,2,13,13,-0.5,5.94,107,147,121,148,300,320,297,"-0.013","0.013",,,,6,3,1,0,0,0,3,50,0,0,"2.56","0.39","-0.8","-0.15","90.7",100,0,0,0,4.91,-4.22,0.11,2.52,0.167,0,"0.05",,,"-0.05",,,,,15.4,,,,,,,
26,676428,"Hurter, Brant",103,25.2,0.167,0,0.25,0.167,0.148,,,1,6,85.5,0.5,2639,82.1,81.23,5,10,16,-0.8999999999999915,5.89,113,149,123,150,285,319,291,"0.531","-0.531",,,,6,4,1,0,0,0,2,33.3,0,0,"3.15","0.25","-0.97","-0.14","92.7",124,25,0,0,6.02,3.63,-0.29,1.86,0.167,0,"-2.042307692",,,"2.042307692",,,,,50,,,,,,,
25,694346,"Gibson, Trey",134,18.7,0.286,0.429,0.167,0.714,0.454,,,2,7,85.9,0.9,2510,82.7,83.67,2,14,11,1,6.94,109,152,120,145,285,310,279,"-2.908","2.908",,,,8,7,1,0,0,1,0,0,1,12.5,"2.85","0.48","-1.02","-1.02","89.8",140,28.57142857142857,0,0,5.75,-2.78,0.2,1.96,0.375,0,"11.632",,,"-11.632",,,,,14.3,,,,,,,
25,686701,"Bergert, Ryan",210,11.9,0.222,0.333,0.2,0.556,0.326,,,2,9,87,-5.3,2683,82.8,82.6,4,12,13,-0.20000000000000284,6.2,113,148,126,149,302,328,298,"-1.558","1.558",,,,9,6,1,0,0,1,3,33.3,0,0,"3.43","-0.1","-1.28","-0.14","92.9",166,33.33333333333333,16.666666666666664,11.11111111111111,5.73,-2.12,0.17,2.11,0.222,1,"6.232",,,"-6.232",,,,,33.3,,,,,,,
25,621199,"Bowman, Matt",125,20,0.2,0.2,0.333,0.4,0.252,,,1,5,84.5,13,2650,81.2,81.37,5,12,13,0.20000000000000284,6.5,104,141,112,138,284,309,287,"0.327","-0.327",,,,5,3,0,1,0,0,2,40,0,0,"3.13","0.33","-1.3","-0.26","89.5",99,33.33333333333333,0,0,6.07,-3.51,0.55,2.18,0.2,0,"-1.308",,,"1.308",,,,,41.7,,,,,,,
25,802686,"Harris, Hayden",105,23.8,0.286,0.143,0.667,0.429,0.307,,,2,7,100.7,16,2198,81.4,82.06,8,18,7,0.6999999999999886,6.92,108,151,118,147,303,329,290,"0.239","-0.239",,,,7,3,1,1,0,0,4,57.1,0,0,"3.08","0.39","-0.81","0.59","93.3",134,100,0,0,4.53,2.85,-0.51,1.77,0.286,0,"-0.956",,,"0.956",,,,,44.4,,,,,,,
25,674674,"Sikkema, T.J.",107,23.4,0.333,0.167,0.5,0.5,0.407,,,2,6,85.9,32,2045,78,78.18,6,16,9,0.20000000000000284,6.48,107,146,120,147,288,314,294,"-0.099","0.099",,,,7,4,1,1,0,0,2,28.6,1,14.3,"3.77","0","-0.91","0.18","93.5",213,25,25,14.285714285714285,5.13,3.12,-0.21,2.13,0.429,1,"0.396",,,"-0.396",,,,,37.5,,,,,,,
25,676917,"Cavalli, Cade",186,13.4,0.125,0,0.167,0.125,0.111,,,1,8,94,7.5,2226,84.9,84.64,3,13,12,-0.30000000000001137,6.46,109,150,121,147,298,332,296,"0.267","-0.267",,,,8,6,1,0,0,0,2,25,0,0,"3.89","-0.69","-0.99","-0.86","92.8",126,50,0,0,6.05,-2.84,0.56,2.09,0.125,0,"-1.068",,,"1.068",,,,,23.1,,,,,,,
25,688642,"Agnos, Zach",142,17.6,0.125,0,0.143,0.125,0.159,,,1,8,84.9,7.4,2321,84.8,84.02,5,14,11,-0.7999999999999972,5.88,107,149,116,144,302,318,298,"0.927","-0.927",,,,10,7,1,0,0,0,2,20,1,10,"3.14","0.04","-1.07","-1.01","94.0",146,42.857142857142854,0,0,5.91,-1.79,0.7,2.08,0.2,0,"-3.708",,,"3.708",,,,,35.7,,,,,,,
25,669622,"Bender, Anthony",67,37.3,0.143,0,0.333,0.143,0.127,,,1,7,90,-3.3,2730,84.2,82.93,5,14,11,-1.2999999999999972,5.48,114,148,123,149,283,311,284,"1.175","-1.175",,,,7,3,1,0,0,0,4,57.1,0,0,"2.91","0.31","-1.24","-0.05","89.8",152,33.33333333333333,0,0,5.31,-2.28,0.29,2.26,0.143,0,"-4.7",,,"4.7",,,,,35.7,,,,,,,
25,673540,"Senga, Kodai",151,16.6,0,0,0,0,0.174,,,0,3,68.6,45,2540,80.9,80.63,2,6,19,-0.30000000000001137,6.2,111,151,124,150,292,318,290,"0.397","-0.397",,,,4,1,0,0,0,0,2,50,1,25,"3.62","-0.13","-0.7","-0.14","89.6",110,0,0,0,5.97,-1.89,0.08,2,0.25,0,"-1.588",,,"1.588",,,,,33.3,,,,,,,
25,645261,"Alcantara, Sandy",227,11,0.111,0.333,0,0.444,0.227,,,1,9,87.2,-0.3,2278,83.5,82.66,6,14,11,-0.7999999999999972,5.87,113,146,123,145,278,310,274,"1.045","-1.045",,,,9,6,0,0,0,1,3,33.3,0,0,"3.14","0.15","-0.8","-0.11","91.9",179,33.33333333333333,16.666666666666664,11.11111111111111,6.15,-1.89,0.08,2.31,0.111,1,"-4.18",,,"4.18",,,,,42.9,,,,,,,
24,696292,"Hess, Ben",76,31.6,0,0,,0,0.243,,,0,2,,,2434,77.6,77.82,8,15,9,0.20000000000000284,6.55,97,148,127,148,282,316,284,"0.386","-0.386",,,,3,0,0,0,0,0,2,66.7,0,0,"4.05","-0.24","-1.57","-1.57","88.0",32,,,,5.47,-2.06,0.43,2.05,0.333,,"-1.608333333",,,"1.608333333",,,,,53.3,,,,,,,
24,679775,"Backhus, Kyle",105,22.9,0.2,0,0.25,0.2,0.178,,,1,5,86.5,24.3,2108,77.9,78.36,3,11,13,0.5,6.74,110,149,120,147,285,307,285,"0.463","-0.463",,,,5,4,1,0,0,0,1,20,0,0,"3.47","0.31","-1.03","0.16","92.8",145,25,0,0,3.98,3.23,-0.14,2.09,0.2,0,"-1.929166667",,,"1.929166667",,,,,27.3,,,,,,,
24,642232,"Yarbrough, Ryan",133,18,0.25,0.25,0.333,0.5,0.315,,,1,4,96.1,41.3,2241,72.1,71.4,3,9,15,-0.6999999999999886,5.88,111,150,123,151,286,329,294,"-0.249","0.249",,,,4,3,0,1,0,0,1,25,0,0,"3.81","0.6","-0.88","-0.1","92.6",282,66.66666666666666,0,0,4.98,3.34,0.18,2.17,0.25,0,"1.0375",,,"-1.0375",,,,,33.3,,,,,,,
24,687911,"King, Bryan",84,28.6,0,0,0,0,0.104,,,0,6,87.5,43.5,2259,80.5,80.78,5,11,13,0.29999999999999716,6.5,108,146,120,148,293,324,299,"0.776","-0.776",,,,7,4,0,0,0,0,2,28.6,0,0,"3.28","0.24","-1.26","0.01","92.4",186,50,0,0,5.49,2.67,-0.81,1.71,0.143,0,"-3.233333333",,,"3.233333333",,,,,45.5,,,,,,,
24,687531,"Kempner, William",69,34.8,0,0,0,0,0.204,,,0,5,89,23.7,2747,80.1,79.62,4,11,13,-0.4000000000000057,5.99,113,149,125,148,295,319,284,"0.419","-0.419",,,,7,3,0,0,0,0,2,28.6,1,14.3,"3.17","0.39","-1.24","-0.05","91.1",176,66.66666666666666,0,0,4.63,-2.55,0.23,2.09,0.286,0,"-1.745833333",,,"1.745833333",,,,,36.4,,,,,,,
24,534910,"Hahn, Jesse",119,20.2,0.333,0.167,0.4,0.5,0.407,,,2,6,81.7,20.4,2998,80.5,80.23,2,10,14,-0.29999999999999716,6.41,107,146,123,147,300,321,287,"-0.789","0.789",,,,7,5,1,1,0,0,1,14.3,1,14.3,"3.65","-0.09","-1.73","-0.33","88.2",160,0,0,0,5.45,-2.75,-0.15,1.81,0.429,0,"3.2875",,,"-3.2875",,,,,20,,,,,,,
24,690916,"Fitts, Richard",178,13.5,0,0,0,0,0,,,0,8,87.5,16.3,2410,85.5,85.6,5,16,8,0.09999999999999432,6.57,102,152,120,145,299,328,291,"1.688","-1.688",,,,8,6,0,0,0,0,2,25,0,0,"2.94","0.21","-0.96","-0.96","89.4",149,0,0,0,5.93,-2.16,0.68,2.04,0,0,"-7.033333333",,,"7.033333333",,,,,31.3,,,,,,,
24,607067,"Rea, Colin",339,7.1,0,0,0,0,0,,,0,4,99.4,16,2395,82.1,82.5,3,6,18,0.4000000000000057,6.62,107,152,122,150,304,331,301,"0.542","-0.542",,,,4,1,0,0,0,0,3,75,0,0,"3.3","0.09","-1.28","-0.95","93.7",250,100,0,0,5.53,-1.63,0.35,2.15,0,0,"-2.258333333",,,"2.258333333",,,,,50,,,,,,,
24,672391,"Ort, Kaleb",84,28.6,0.167,0.167,0.333,0.333,0.28,,,1,6,89.5,10.3,2465,84.1,83.74,7,12,12,-0.3999999999999915,6.08,107,148,117,148,304,321,304,"0.284","-0.284",,,,7,3,0,1,0,0,3,42.9,1,14.3,"3.27","-0.04","-0.78","-0.38","94.6",121,33.33333333333333,0,0,5.77,-2.53,0.28,1.45,0.286,0,"-1.183333333",,,"1.183333333",,,,,58.3,,,,,,,
24,670766,"McCaughan, Darren",82,29.3,0,0,0,0,0.121,,,0,5,85.7,1.2,2746,82.8,82.85,2,10,14,0,6.26,116,148,119,147,305,326,304,"0.973","-0.973",,,,6,4,0,0,0,0,1,16.7,0,0,"3.04","0.27","-0.92","-0.2","88.8",94,0,0,0,5.29,-1.96,0.05,2.23,0.167,0,"-4.054166667",,,"4.054166667",,,,,20,,,,,,,
23,657097,"Webb, Jacob",112,20.5,0,0,0,0,0,,,0,1,67.7,73,2710,82.2,81.64,3,6,17,-0.6000000000000085,6.08,111,153,117,150,296,324,298,"0.048","-0.048",,,,1,1,0,0,0,0,0,0,0,0,"3.61","-0.21","-1.07","-0.77","88.0",63,0,0,0,5.5,-2.73,1.03,1.64,0,0,"-0.208695652",,,"0.208695652",,,,,50,,,,,,,
23,687330,"Kelly, Kevin",107,21.5,0.167,0,0.167,0.167,0.127,,,1,6,85.9,26.5,2566,78.4,78.83,2,13,10,0.3999999999999915,6.77,110,148,119,146,298,325,287,"0.567","-0.567",,,,7,6,1,0,0,0,1,14.3,0,0,"3.29","0.44","-1.5","-0.44","91.3",146,33.33333333333333,0,0,3.93,-1.86,0.64,2.03,0.143,0,"-2.465217391",,,"2.465217391",,,,,15.4,,,,,,,
23,676664,"Sears, JP",199,11.6,0.5,1,0.5,1.5,0.83,,,3,6,97.1,19.3,2212,80.6,80.02,3,10,13,-0.5999999999999943,6.11,116,149,125,151,287,327,305,"-2.93","2.93",,,,6,4,1,0,0,2,2,33.3,0,0,"3.14","0.4","-1.01","-0.27","94.4",246,75,50,33.33333333333333,5.11,1.4,-0.08,2.54,0.5,2,"12.739130435",,,"-12.739130435",,,,,30,,,,,,,
23,805123,"Blubaugh, AJ",153,15,0.2,0.1,0.222,0.3,0.215,,,2,10,85.3,1.1,2666,82.3,82.64,4,16,7,0.29999999999999716,6.65,106,151,118,145,300,328,294,"0.898","-0.898",,,,10,9,1,1,0,0,1,10,0,0,"3.39","-0.02","-1.06","-1.02","92.9",125,44.44444444444444,0,0,5.95,-2.59,0.01,2.09,0.2,0,"-3.904347826",,,"3.904347826",,,,,25,,,,,,,
23,671212,"Boyle, Joe",217,10.6,0.222,0,0.5,0.222,0.198,,,2,9,77.3,34,2610,85.3,85.49,3,10,13,0.20000000000000284,6.39,112,149,121,149,292,329,289,"-0.035","0.035",,,,9,4,2,0,0,0,5,55.6,0,0,"2.97","0.16","-1.3","-0.26","90.6",188,0,0,0,5.72,-1.26,0.15,2.61,0.222,0,"0.152173913",,,"-0.152173913",,,,,30,,,,,,,
23,666277,"Soriano, George",113,20.4,0.143,0.143,0.25,0.286,0.18,,,1,7,87.6,-17,2669,84.1,84.16,5,14,9,0.10000000000000853,6.36,106,149,121,146,294,318,284,"0.889","-0.889",,,,7,4,0,1,0,0,3,42.9,0,0,"3.33","-0.1","-0.68","-0.51","89.4",80,25,0,0,5.57,-2.66,-0.17,2.39,0.143,0,"-3.865217391",,,"3.865217391",,,,,35.7,,,,,,,
23,694297,"Pfaadt, Brandon",118,19.5,0,0,0,0,0,,,0,11,75.6,-10.7,2714,84.1,84.08,11,17,6,0,6.32,110,151,120,147,304,321,297,"2.345","-2.345",,,,11,3,0,0,0,0,8,72.7,0,0,"2.74","0.49","-0.73","-0.73","89.5",100,33.33333333333333,0,0,5.42,-2.67,0.66,1.81,0,0,"-10.195652174",,,"10.195652174",,,,,64.7,,,,,,,
23,608371,"Sims, Lucas",101,22.8,0.25,0,1,0.25,0.222,,,1,4,82,15,3024,85.4,84.71,6,10,13,-0.7000000000000028,5.83,106,147,117,145,301,322,294,"0.303","-0.303",,,,4,1,1,0,0,0,3,75,0,0,"2.8","0.33","-1.2","-0.48","90.4",227,0,0,0,5.59,-1.25,0.77,1.71,0.25,0,"-1.317391304",,,"1.317391304",,,,,60,,,,,,,
23,656492,"Griffin, Foster",123,18.7,0.25,0,0.25,0.25,0.222,,,1,4,82.7,21,2516,80.7,80.41,2,12,11,-0.29999999999999716,6.12,110,146,117,150,281,312,280,"0.722","-0.722",,,,4,4,1,0,0,0,0,0,0,0,"3.42","0.09","-1.24","-0.81","89.5",161,25,0,0,5.68,2.87,-0.23,1.94,0.25,0,"-3.139130435",,,"3.139130435",,,,,16.7,,,,,,,
22,663903,"Singer, Brady",292,7.5,0.111,0,0.167,0.111,0.099,,,1,9,88.9,11.5,2343,81.3,81.8,5,17,5,0.5,6.54,109,149,114,148,288,318,289,"1.276","-1.276",,,,9,6,1,0,0,0,3,33.3,0,0,"3.09","0.36","-0.73","-0.19","92.9",177,16.666666666666664,16.666666666666664,11.11111111111111,5.29,-1.39,0.59,2.05,0.111,1,"-5.8",,,"5.8",,,,,29.4,,,,,,,
22,676083,"Junk, Janson",145,15.2,0,0,0,0,0,,,0,3,86.5,35.3,2362,80.7,81.09,4,10,12,0.3999999999999915,6.38,105,148,120,143,293,312,279,"0.858","-0.858",,,,4,3,0,0,0,0,1,25,0,0,"3.29","0.19","-0.97","-0.86","88.7",228,0,0,0,5.84,-0.82,0.5,2.03,0,0,"-3.9",,,"3.9",,,,,40,,,,,,,
22,682175,"Jacques, Joe",85,25.9,0,0,0,0,0,,,0,3,87,32.8,2389,81.6,80.94,1,7,15,-0.6999999999999886,6.08,114,143,118,146,280,313,291,"0.609","-0.609",,,,5,5,0,0,0,0,0,0,0,0,"3.35","0.1","-1.37","-0.65","93.3",194,40,40,40,4.24,3.23,-0.04,1.96,0,2,"-2.768181818",,,"2.768181818",,,,,14.3,,,,,,,
22,605488,"Springs, Jeffrey",279,7.9,0.2,0,0.25,0.2,0.178,,,1,5,81.3,35,2323,75.8,75.38,1,10,12,-0.3999999999999915,6.02,105,151,120,147,303,326,293,"0.685","-0.685",,,,5,4,1,0,0,0,1,20,0,0,"4.23","-0.25","-1.12","0.88","90.7",155,25,0,0,5.96,2.57,-0.05,2.18,0.2,0,"-3.113636364",,,"3.113636364",,,,,10,,,,,,,
22,687721,"Weston, Cameron",80,27.5,0.2,0.2,0.333,0.4,0.252,,,1,5,87.3,8.3,2186,77.1,76.64,5,11,11,-0.5,6.04,121,149,123,150,308,324,291,"0.636","-0.636",,,,5,3,0,1,0,0,2,40,0,0,"3.45","0.39","-1","0.36","88.6",75,0,0,0,4.81,-1.34,0.27,1.95,0.2,0,"-2.890909091",,,"2.890909091",,,,,45.5,,,,,,,
22,592155,"Booser, Cam",159,13.8,0,0,0,0,0.078,,,0,8,72,49.7,2055,80.4,80.3,4,9,13,-0.10000000000000853,6.39,110,147,122,151,284,318,295,"1.133","-1.133",,,,9,3,0,0,0,0,5,55.6,1,11.1,"3.77","-0.22","-1.13","-0.96","89.4",201,0,0,0,5.61,2.68,0.16,2.14,0.111,0,"-5.15",,,"5.15",,,,,44.4,,,,,,,
22,624522,"Thompson, Keegan",203,10.8,0,0,0,0,0,,,0,4,91.8,32,2648,82.9,81.98,0,7,15,-0.9000000000000057,5.79,104,150,113,145,291,313,287,"0.417","-0.417",,,,4,4,0,0,0,0,0,0,0,0,"3.15","0.18","-1","-1.02","92.7",216,50,0,0,5.97,-1.7,0.35,2.19,0,0,"-1.895454545",,,"1.895454545",,,,,0,,,,,,,
22,700187,"Taylor, Troy",104,21.2,0.4,0.6,0.333,1,0.587,,,2,5,92.4,3.8,2834,83.9,82.71,1,5,17,-1.2000000000000028,5.81,104,141,117,140,294,320,301,"-3.002","3.002",,,,5,4,1,0,0,1,1,20,0,0,"3.8","-0.53","-1.18","-0.33","95.9",99,50,0,0,5.6,-1.87,0.45,1.27,0.4,0,"13.645454545",,,"-13.645454545",,,,,20,,,,,,,
22,621383,"Banks, Tanner",98,22.4,0,0,0,0,0,,,0,4,78.6,54,2281,80.5,79.4,2,9,13,-1.0999999999999943,5.63,117,148,122,150,288,309,286,"1.087","-1.087",,,,4,4,0,0,0,0,0,0,0,0,"3.21","0.32","-1.05","-0.15","88.5",208,0,0,0,6.36,2.79,-0.39,2.3,0,0,"-4.940909091",,,"4.940909091",,,,,22.2,,,,,,,
22,621112,"Blackburn, Paul",228,9.6,0.167,0,0.5,0.167,0.148,,,1,6,84.7,-33.5,2544,82.2,81.77,5,9,13,-0.4000000000000057,6.19,110,152,120,149,291,309,280,"0.467","-0.467",,,,6,2,1,0,0,0,4,66.7,0,0,"3.7","-0.3","-1.43","-1.43","91.5",71,50,0,0,5.82,-2.28,0.95,1.74,0.167,0,"-2.122727273",,,"2.122727273",,,,,55.6,,,,,,,
22,681895,"Sisk, Evan",116,19,0,0,0,0,0.087,,,0,7,90.2,72,2232,79.5,79.7,6,9,13,0.20000000000000284,6.79,109,145,112,151,271,305,276,"1.051","-1.051",,,,8,1,0,0,0,0,6,75,1,12.5,"3.31","0.35","-0.93","-0.45","89.1",153,0,0,0,4.88,3.91,-0.23,2.09,0.125,0,"-4.777272727",,,"4.777272727",,,,,66.7,,,,,,,
21,669020,"Rolison, Ryan",119,17.6,0.5,0.667,0.4,1.167,0.699,,,3,6,89.4,12.5,2640,84.9,84.89,1,11,10,0,6.44,116,149,119,152,297,330,304,"-2.348","2.348",,,,7,6,1,1,0,1,0,0,1,14.3,"3.43","-0.25","-1.08","-0.46","92.9",172,50,16.666666666666664,14.285714285714285,5.9,2.07,-0.3,2.31,0.571,1,"11.180952381",,,"-11.180952381",,,,,9.1,,,,,,,
21,663542,"Hudson, Bryan",81,25.9,0.4,0.2,0.333,0.6,0.356,,,2,5,86.4,-0.5,2099,79.8,80.46,3,12,9,0.7000000000000028,7.05,104,146,119,145,291,314,282,"-0.894","0.894",,,,8,6,1,1,0,0,1,12.5,1,12.5,"3.97","-0.34","-1.26","0.75","91.5",141,33.33333333333333,16.666666666666664,12.5,5.01,3.51,-0.35,1.86,0.375,1,"4.257142857",,,"-4.257142857",,,,,25,,,,,,,
21,472610,"García, Luis",55,38.2,0,0,0,0,0,,,0,6,73.1,-31.5,2341,82.2,82.29,3,10,11,0.09999999999999432,6.35,115,151,125,150,298,319,289,"0.604","-0.604",,,,6,4,0,0,0,0,2,33.3,0,0,"3.19","0.18","-0.8","-0.56","89.3",130,25,0,0,6.22,-2.03,0.41,1.73,0,0,"-2.876190476",,,"2.876190476",,,,,30,,,,,,,
21,667463,"King, John",129,16.3,0.286,0.286,0.4,0.571,0.36,,,2,7,97.4,24.8,2876,81.5,80.78,4,13,8,-0.7000000000000028,5.73,114,144,117,148,277,309,286,"-0.329","0.329",,,,7,5,0,2,0,0,2,28.6,0,0,"3.66","-0.23","-1.2","-0.72","93.2",176,80,20,14.285714285714285,5.46,2.07,-0.35,1.98,0.286,1,"1.566666667",,,"-1.566666667",,,,,30.8,,,,,,,
21,694350,"Brzykcy, Zach",83,25.3,0,0,0,0,0,,,0,4,87,68,2344,84.3,84.3,4,10,11,0,6.32,112,150,123,149,295,316,283,"1.014","-1.014",,,,4,1,0,0,0,0,3,75,0,0,"3.36","-0.15","-0.63","-0.31","88.0",163,0,0,0,5.8,-1.59,0.44,1.78,0,0,"-4.828571429",,,"4.828571429",,,,,40,,,,,,,
21,691725,"Painter, Andrew",166,12.7,0.5,0.5,0.5,1,0.63,,,1,2,90.8,24,2541,84.3,84.6,4,9,12,0.29999999999999716,6.54,105,150,122,147,290,311,281,"-0.357","0.357",,,,2,2,0,1,0,0,0,0,0,0,"3.02","0.2","-1.24","-1.24","94.2",223,50,0,0,6.39,-2.31,1.01,1.62,0.5,0,"1.7",,,"-1.7",,,,,44.4,,,,,,,
20,621053,"Ferguson, Tyler",103,19.4,0.333,1,0,1.333,0.682,,,1,3,82.4,14,2515,83.3,82.6,3,7,13,-0.7000000000000028,5.95,107,148,115,144,302,311,292,"-1.466","1.466",,,,3,2,0,0,0,1,1,33.3,0,0,"3.5","-0.2","-0.99","-0.8","91.0",148,50,50,33.33333333333333,5.68,-3.41,0.56,1.76,0.333,1,"7.33",,,"-7.33",,,,,42.9,,,,,,,
20,676617,"O'Brien, Riley",88,22.7,0.25,0,0.5,0.25,0.222,,,1,4,96.8,-20,2332,82.8,83.38,2,5,15,0.6000000000000085,6.63,110,147,117,147,288,317,282,"-0.313","0.313",,,,4,2,1,0,0,0,2,50,0,0,"3.43","-0.11","-1.22","-0.04","92.4",5,100,0,0,5.43,-1.89,0.87,1.18,0.25,0,"1.565",,,"-1.565",,,,,40,,,,,,,
20,668716,"Murdock, Noah",91,22,0.5,0,0.5,0.5,0.534,,,2,4,89.9,20.8,2328,84.3,84.37,3,8,12,0.10000000000000853,6.33,108,146,116,147,290,307,284,"-1.334","1.334",,,,6,4,2,0,0,0,0,0,1,16.7,"3.33","-0.12","-1.04","-0.37","93.3",59,50,0,0,5.17,-2.13,-0.29,2.17,0.667,0,"6.67",,,"-6.67",,,,,37.5,,,,,,,
20,605135,"Bassitt, Chris",285,7,0.333,1,0,1.333,0.682,,,1,3,80.9,9,2295,71.6,71.16,3,6,14,-0.3999999999999915,6.21,116,151,122,147,285,310,284,"-1.207","1.207",,,,3,3,0,0,0,1,0,0,0,0,"4.59","-0.1","-1.45","-0.84","91.1",16,33.33333333333333,0,0,5.18,-1.95,0.1,1.97,0.333,0,"6.035",,,"-6.035",,,,,50,,,,,,,
20,686993,"Sterner, Justin",108,18.5,0,0,0,0,0,,,0,5,83.9,-22.5,2643,80.8,80.99,5,10,10,0.20000000000000284,6.55,105,149,118,147,300,324,289,"0.96","-0.96",,,,5,2,0,0,0,0,3,60,0,0,"3.25","0.26","-1.26","-0.25","92.8",99,50,0,0,5.37,-3.01,0.67,1.56,0,0,"-4.8",,,"4.8",,,,,50,,,,,,,
20,518886,"Kimbrel, Craig",106,18.9,0,0,0,0,0,,,0,6,78.3,4.3,2639,83.1,82.86,7,14,6,-0.19999999999998863,6.37,111,152,122,148,290,318,275,"1.547","-1.547",,,,6,4,0,0,0,0,2,33.3,0,0,"3.39","-0.06","-1.2","-1.2","88.4",91,0,0,0,4.95,-3.1,0.48,2,0,0,"-7.735",,,"7.735",,,,,50,,,,,,,
20,548384,"Raley, Brooks",53,37.7,0.25,0,0.25,0.25,0.222,,,1,4,89.1,10.8,2900,80.4,79.37,1,11,9,-1,5.69,115,150,129,149,294,311,274,"0.611","-0.611",,,,4,4,1,0,0,0,0,0,0,0,"3.4","0.13","-1.51","0.45","93.3",97,25,25,25,5.47,3.2,-0.18,1.75,0.25,1,"-3.055",,,"3.055",,,,,9.1,,,,,,,
19,670810,"Gillaspie, Logan",237,8,0.2,0,0.25,0.2,0.178,,,1,5,82.1,11.5,2323,83.4,82.98,2,10,9,-0.4000000000000057,6.25,110,147,121,145,308,325,293,"0.718","-0.718",,,,5,4,1,0,0,0,1,20,0,0,"3.3","0.01","-1.12","-1","93.8",182,50,0,0,5.83,-1.33,0.76,2.13,0.2,0,"-3.778947368",,,"3.778947368",,,,,20,,,,,,,
19,687288,"Harrison, Devereaux",48,39.6,0.2,0,0.5,0.2,0.178,,,1,5,107,34,2230,83,83.96,6,11,8,1,6.88,99,149,120,145,296,326,290,"0.684","-0.684",,,,5,2,1,0,0,0,3,60,0,0,"2.49","0.83","-0.97","-0.74","98.9",180,100,50,20,5.14,-1.57,0.27,2.31,0.2,1,"-3.6",,,"3.6",,,,,54.5,,,,,,,
19,665871,"Assad, Javier",116,16.4,0,0,0,0,0,,,0,3,75.4,-29,2419,80.9,80.88,2,5,14,0,6.38,100,141,109,135,311,322,292,"0.371","-0.371",,,,3,2,0,0,0,0,1,33.3,0,0,"3.73","-0.24","-1.25","-1.25","90.3",4,0,0,0,5.84,-1.74,1.16,1.34,0,0,"-1.952631579",,,"1.952631579",,,,,40,,,,,,,
19,687223,"Palmquist, Carson",62,30.6,0,0,0,0,0,,,0,3,86.2,18.5,2034,76.6,78.27,4,9,10,1.7000000000000028,7.54,109,149,120,148,298,310,295,"0.802","-0.802",,,,3,2,0,0,0,0,1,33.3,0,0,"3.74","0.16","-0.6","0.02","96.9",170,50,50,33.33333333333333,5.06,2.93,-0.67,1.75,0,1,"-4.221052632",,,"4.221052632",,,,,44.4,,,,,,,
19,693855,"Seymour, Ian",196,9.7,0.25,0,0.5,0.25,0.222,,,1,4,95.8,25.5,2236,82,81.47,2,11,8,-0.5,6.13,115,145,129,152,287,324,296,"0.646","-0.646",,,,4,2,1,0,0,0,2,50,0,0,"2.58","0.83","-0.81","-0.73","91.4",182,50,0,0,5.77,1.77,-0.03,2.12,0.25,0,"-3.4",,,"3.4",,,,,18.2,,,,,,,
19,694805,"Carr, Kyle",66,28.8,0,0,0,0,0.14,,,0,4,84.2,20.5,2178,78.3,77.59,5,11,8,-0.7000000000000028,5.99,115,151,125,150,283,317,273,"0.843","-0.843",,,,5,2,0,0,0,0,2,40,1,20,"3.64","0.1","-1.34","-0.08","91.4",162,0,0,0,5.79,2.06,-0.38,1.72,0.2,0,"-4.436842105",,,"4.436842105",,,,,45.5,,,,,,,
19,605182,"Clevinger, Mike",288,6.6,0,0,0,0,0,,,0,5,79.8,20.8,2327,80.2,80.22,0,5,14,0,6.42,116,149,124,151,297,320,286,"0.981","-0.981",,,,5,4,0,0,0,0,1,20,0,0,"3.98","-0.41","-1.31","-0.11","90.0",168,25,0,0,5.7,-1.58,-0.01,2.21,0,0,"-5.163157895",,,"5.163157895",,,,,0,,,,,,,
19,691008,"Rajcic, Max",106,17.9,0.167,0.167,0.2,0.333,0.21,,,1,6,86.6,31.4,2658,81.6,81.69,3,9,10,0.10000000000000853,6.39,110,152,120,145,296,315,287,"0.498","-0.498",,,,6,5,0,1,0,0,1,16.7,0,0,"3.68","-0.24","-1.25","-1.25","91.5",238,20,20,16.666666666666664,5.75,-1.4,0.59,2.3,0.167,1,"-2.621052632",,,"2.621052632",,,,,33.3,,,,,,,
19,813349,"Early, Connelly",254,7.5,0,0,0,0,0,,,0,6,94.3,-18,2496,82.3,82.49,2,5,14,0.20000000000000284,6.53,107,147,129,150,289,312,292,"0.856","-0.856",,,,6,3,0,0,0,0,3,50,0,0,"3.51","-0.12","-1.14","-0.76","94.6",7,33.33333333333333,0,0,5.46,2.8,-0.57,1.89,0,0,"-4.505263158",,,"4.505263158",,,,,40,,,,,,,
18,657746,"Ryan, Joe",175,10.3,0,0,0,0,0,,,0,4,83.7,52.7,2692,78,77.74,1,7,11,-0.29999999999999716,6.34,118,146,119,152,290,325,287,"0.805","-0.805",,,,4,3,0,0,0,0,1,25,0,0,"3.92","-0.14","-1.3","-0.25","89.5",176,33.33333333333333,0,0,4.97,-2.51,-0.02,1.75,0,0,"-4.472222222",,,"4.472222222",,,,,14.3,,,,,,,
18,700413,"Uberstine, Tyler",138,13,0,0,0,0,0.174,,,0,3,85.8,13,2518,80.5,79.89,1,5,13,-0.5999999999999943,6.08,117,148,125,151,301,317,284,"0.234","-0.234",,,,4,2,0,0,0,0,1,25,1,25,"3.44","0.1","-1.3","-0.13","88.0",198,0,0,0,5.22,-1.82,0.18,2.1,0.25,0,"-1.3",,,"1.3",,,,,20,,,,,,,
18,641927,"Ober, Bailey",217,8.3,0.25,0.75,0,1,0.511,,,1,4,96.5,25,2206,76.9,77.71,3,10,8,0.7999999999999972,7,107,152,119,146,287,320,286,"-0.637","0.637",,,,4,3,0,0,0,1,1,25,0,0,"3.79","0.09","-1.06","-1.06","92.3",172,66.66666666666666,33.33333333333333,25,6.03,-1.56,0.63,2.27,0.25,1,"3.538888889",,,"-3.538888889",,,,,30,,,,,,,
18,682995,"Barco, Hunter",226,8,0.25,0,0.5,0.25,0.222,,,1,4,99.6,15.5,2325,83.9,83.21,4,8,10,-0.7000000000000028,5.95,119,148,131,151,283,286,295,"0.128","-0.128",,,,4,2,1,0,0,0,2,50,0,0,"3.05","0.2","-0.63","-0.51","95.7",240,50,0,0,5.11,3.44,-0.44,2.11,0.25,0,"-0.711111111",,,"0.711111111",,,,,50,,,,,,,
18,690953,"Abel, Mick",329,5.5,0.167,0,0.25,0.167,0.148,,,1,6,84.2,-15.5,2652,84.2,84.77,3,12,6,0.5999999999999943,6.76,107,149,121,145,288,321,278,"0.45","-0.45",,,,6,4,1,0,0,0,2,33.3,0,0,"3.22","0.01","-1.26","-1.26","91.1",62,50,0,0,5.43,-1.7,0.86,1.9,0.167,0,"-2.5",,,"2.5",,,,,25,,,,,,,
18,806585,"Dallas, Jack",51,35.3,0,0,0,0,0,,,0,3,83.3,49.5,2647,82.7,82.07,2,5,13,-0.6000000000000085,5.95,100,139,108,134,281,313,276,"0.973","-0.973",,,,4,2,0,0,0,0,2,50,0,0,"3.41","-0.07","-1.31","-0.74","88.8",244,0,0,0,5.31,-3.33,0.17,2.09,0,0,"-5.405555556",,,"5.405555556",,,,,40,,,,,,,
18,664076,"Cleavinger, Garrett",85,21.2,0,0,,0,0,,,0,2,,,2727,79.2,78.69,3,6,12,-0.5,6.07,102,147,117,150,294,320,292,"0.03","-0.03",,,,2,0,0,0,0,0,2,100,0,0,"3.66","0","-1.45","-1.25","88.0",218,,,,5.1,1.28,-0.41,1.67,0,,"-0.166666667",,,"0.166666667",,,,,50,,,,,,,
18,682240,"Jones, Stephen",87,20.7,0,0,0,0,0,,,0,4,86.5,40.5,2274,82.8,82.97,1,6,12,0.20000000000000284,6.42,110,142,120,140,287,314,297,"0.796","-0.796",,,,4,2,0,0,0,0,2,50,0,0,"3.3","0.03","-1.09","-0.3","88.5",241,0,0,0,5.72,-1.92,0.16,2.03,0,0,"-4.422222222",,,"4.422222222",,,,,16.7,,,,,,,
18,686228,"Burgos, Juan",60,30,0.333,0,1,0.333,0.296,,,1,3,104.6,4,2670,85.1,85.18,3,7,11,0.10000000000000853,6.18,108,142,116,150,280,314,298,"-0.373","0.373",,,,3,1,1,0,0,0,2,66.7,0,0,"2.96","0.18","-0.93","0.93","92.1",65,100,0,0,5.28,-1.76,-0.8,2.06,0.333,0,"2.072222222",,,"-2.072222222",,,,,42.9,,,,,,,
18,678024,"Vasil, Mike",178,10.1,1,0.5,1,1.5,0.949,,,2,2,98.3,15,2299,81.9,81.76,0,4,14,-0.10000000000000853,6.19,101,150,122,146,299,331,296,"-1.671","1.671",,,,3,2,1,1,0,0,0,0,1,33.3,"3.69","-0.29","-1.24","-0.96","93.1",187,50,0,0,5.89,-1.56,0.62,1.92,1,0,"9.283333333",,,"-9.283333333",,,,,0,,,,,,,
18,676390,"Mace, Tommy",42,42.9,0,0,,0,0,,,0,2,,,2458,81.9,82.6,4,7,11,0.6999999999999886,6.76,117,149,115,149,301,322,304,"0.519","-0.519",,,,2,0,0,0,0,0,2,100,0,0,"3.19","0.21","-0.92","-0.23","91.0",175,,,,5.75,-2.28,0.05,2.22,0,,"-2.883333333",,,"2.883333333",,,,,57.1,,,,,,,
18,686930,"Barnett, Mason",140,12.9,0,0,0,0,0,,,0,4,82.2,20.5,2567,83.7,83.03,3,7,11,-0.7000000000000028,6.01,107,149,119,145,306,323,298,"0.681","-0.681",,,,4,2,0,0,0,0,2,50,0,0,"3.6","-0.33","-1.1","-0.78","89.8",165,0,0,0,6.12,-2.21,0.66,1.48,0,0,"-3.783333333",,,"3.783333333",,,,,42.9,,,,,,,
18,687856,"Bash, Andrew",46,39.1,0.286,0.571,0.25,0.857,0.5,,,2,7,98.4,15.2,2911,85.7,85.62,3,10,8,-0.10000000000000853,6.29,94,143,113,144,292,327,294,"-2.423","2.423",,,,8,5,0,1,0,1,2,25,1,12.5,"2.97","0.14","-0.93","0.03","97.9",243,80,40,25,5.53,-2.3,0.35,2.02,0.375,2,"13.461111111",,,"-13.461111111",,,,,30,,,,,,,
18,571945,"Mikolas, Miles",188,9.6,0,0,0,0,0,,,0,6,79.6,-0.3,2371,81.6,81.47,1,10,8,-0.09999999999999432,6.14,103,149,123,148,297,324,290,"1.712","-1.712",,,,6,6,0,0,0,0,0,0,0,0,"3.39","0.03","-0.54","-0.46","90.7",54,33.33333333333333,0,0,6.62,-1.35,0.44,1.79,0,0,"-9.511111111",,,"9.511111111",,,,,10,,,,,,,
17,672782,"Gómez, Yoendrys",166,10.2,0,0,0,0,0.146,,,0,4,76.2,17,2763,83,83.1,5,9,8,0.09999999999999432,6.61,106,152,120,147,299,324,280,"0.397","-0.397",,,,5,2,0,0,0,0,2,40,0,0,"2.95","0.4","-1.34","-1.34","88.0",156,0,0,0,5.54,-2.02,0.58,1.92,0.2,0,"-2.335294118",,,"2.335294118",,,,,55.6,,,,,,,
17,687916,"Jasiak, Jack",35,48.6,0.25,0,1,0.25,0.222,,,1,4,101.7,0,2357,82.2,82.48,5,8,9,0.29999999999999716,6.55,115,148,116,149,299,321,298,"0.349","-0.349",,,,4,1,1,0,0,0,3,75,0,0,"3.39","-0.01","-1.05","0.1","92.6",64,100,0,0,5.29,-1.96,0.59,2.02,0.25,0,"-2.052941176",,,"2.052941176",,,,,62.5,,,,,,,
17,701207,"Colleran Jr., Dennis",46,37,0.25,0,0.333,0.25,0.222,,,1,4,91.7,3.3,2666,85.1,85.15,3,6,11,0,6.22,118,152,125,148,295,322,296,"0.277","-0.277",,,,4,3,1,0,0,0,1,25,0,0,"3.29","-0.15","-0.99","-0.64","90.8",132,33.33333333333333,0,0,4.86,-2.49,0.67,2.16,0.25,0,"-1.629411765",,,"1.629411765",,,,,50,,,,,,,
17,677161,"Kelly, Zack",131,13,0,0,0,0,0.174,,,0,3,80.1,11,2591,81.7,82.81,1,6,11,1.0999999999999943,7.17,112,151,123,148,282,307,294,"0.175","-0.175",,,,4,2,0,0,0,0,1,25,1,25,"3.22","0.22","-1.45","-0.77","88.7",119,0,0,0,5.49,-3.27,0.27,1.42,0.25,0,"-1.029411765",,,"1.029411765",,,,,16.7,,,,,,,
17,664991,"Wolfram, Grant",87,19.5,0,0,0,0,0,,,0,6,90.3,-22,2534,85.2,85.11,6,8,9,-0.10000000000000853,6.3,112,149,127,149,282,311,289,"1.175","-1.175",,,,6,1,0,0,0,0,5,83.3,0,0,"3.31","-0.17","-0.71","-0.37","89.1",81,0,0,0,6.12,2.14,-0.75,1.46,0,0,"-6.911764706",,,"6.911764706",,,,,75,,,,,,,
17,680742,"Bowlan, Jonathan",126,13.5,0,0,,0,0,,,0,3,,,2405,84.9,84.79,2,4,13,-0.10000000000000853,6.31,107,149,118,148,288,312,281,"0.581","-0.581",,,,3,0,0,0,0,0,3,100,0,0,"2.86","0.32","-1.06","-1.06","88.0",191,,,,6.25,-2.85,0.95,2.69,0,,"-3.417647059",,,"3.417647059",,,,,50,,,,,,,
16,701288,"Webb, Jacob",156,10.3,0.333,0,0.5,0.333,0.296,,,1,3,79.8,37.5,1995,81.4,82.53,2,7,9,1.0999999999999943,7.12,109,150,119,144,294,319,281,"-0.421","0.421",,,,3,2,1,0,0,0,1,33.3,0,0,"3.17","0.29","-1.07","-1.07","88.0",99,0,0,0,5.44,-2.41,0.26,2.35,0.333,0,"2.63125",,,"-2.63125",,,,,28.6,,,,,,,
16,702275,"Ritchie, JR",173,9.2,0,0,0,0,0.174,,,0,3,88.3,58.5,2585,82.3,82.29,2,5,11,0,6.28,114,150,123,149,307,328,291,"0.891","-0.891",,,,4,2,0,0,0,0,1,25,1,25,"3.37","0","-1.24","-0.56","95.9",279,50,0,0,5.45,-2.22,0.28,2.44,0.25,0,"-5.56875",,,"5.56875",,,,,40,,,,,,,
16,689149,"Dallas, Chad",38,42.1,0,0,0,0,0,,,0,5,70.1,21.5,2578,82.9,82.83,1,6,10,-0.10000000000000853,6.38,110,151,128,149,294,327,289,"0.934","-0.934",,,,5,2,0,0,0,0,3,60,0,0,"3.34","-0.01","-1.35","-1.11","88.0",157,0,0,0,5.7,-1.61,0.35,2.49,0,0,"-5.8375",,,"5.8375",,,,,16.7,,,,,,,
16,688730,"Johnson, Marques",40,40,0.143,0.143,0.333,0.286,0.18,,,1,7,93.4,45.3,2566,84.3,84.96,7,12,4,0.7000000000000028,6.67,107,151,118,149,300,321,300,"0.796","-0.796",,,,7,3,0,1,0,0,4,57.1,0,0,"3.25","-0.05","-1.02","-0.57","93.2",188,33.33333333333333,0,0,5.66,-1.09,0.33,2.1,0.143,0,"-4.975",,,"4.975",,,,,58.3,,,,,,,
16,683085,"Sims, Landon",41,39,0,0,0,0,0.14,,,0,4,83.1,6,2402,80.7,80.31,3,9,7,-0.4000000000000057,5.96,108,149,118,151,297,322,297,"0.729","-0.729",,,,5,3,0,0,0,0,1,20,1,20,"3.33","0.17","-1.06","-0.33","88.1",135,0,0,0,5.52,-3.13,-0.46,2.18,0.2,0,"-4.55625",,,"4.55625",,,,,33.3,,,,,,,
16,814541,"Gallegos, Isaac",58,27.6,0,0,0,0,0.233,,,0,2,96.3,-1,2422,85,84.17,1,6,10,-0.7999999999999972,5.79,106,142,117,138,309,315,295,"-0.685","0.685",,,,3,1,0,0,0,0,1,33.3,1,33.3,"3.2","-0.03","-0.9","-0.71","90.8",100,100,0,0,5.8,-1.35,-0.07,2.57,0.333,0,"4.28125",,,"-4.28125",,,,,16.7,,,,,,,
16,656353,"Davidson, Tucker",64,25,0.429,0.143,0.429,0.571,0.467,,,3,7,90,19.1,2337,81.6,81.16,2,9,7,-0.3999999999999915,6.04,108,148,123,146,286,307,280,"-1.643","1.643",,,,8,7,2,1,0,0,0,0,1,12.5,"3.34","0.09","-1.12","-0.12","95.1",250,57.14285714285714,28.57142857142857,25,6.18,1.77,-0.18,2.04,0.5,2,"10.26875",,,"-10.26875",,,,,22.2,,,,,,,
16,664123,"Effross, Scott",60,26.7,0.5,0.5,0.5,1,0.652,,,1,2,92,32.5,2563,79,77.78,2,6,10,-1.2000000000000028,5.61,110,149,121,147,288,324,279,"-0.572","0.572",,,,3,2,0,1,0,0,0,0,1,33.3,"3.18","0.49","-0.55","-0.17","92.5",177,50,0,0,3.95,-3.95,-0.21,2.94,0.667,0,"3.575",,,"-3.575",,,,,33.3,,,,,,,
16,622663,"Severino, Luis",113,14.2,0.25,0,1,0.25,0.222,,,1,4,94.6,6,2564,84.8,84.83,3,4,12,0,6.44,111,148,121,148,302,336,295,"0.132","-0.132",,,,4,1,1,0,0,0,3,75,0,0,"2.92","0.26","-1.41","0.02","94.6",100,0,0,0,5.7,-2.33,0.54,2.15,0.25,0,"-0.825",,,"0.825",,,,,75,,,,,,,
16,663978,"Paddack, Chris",200,8,0,0,0,0,0,,,0,4,103.4,-1.5,2293,80.4,81.03,3,8,8,0.5999999999999943,6.69,104,149,119,146,296,317,285,"0.724","-0.724",,,,4,2,0,0,0,0,2,50,0,0,"3.87","-0.35","-0.66","-0.34","94.1",77,100,0,0,6.17,-2.16,0.72,1.57,0,0,"-4.525",,,"4.525",,,,,37.5,,,,,,,
16,679928,"McKendry, Evan",44,36.4,0.5,0.25,0.5,0.75,0.576,,,2,4,96.1,6.5,2239,76.4,76.11,0,6,10,-0.30000000000001137,6.24,114,148,118,149,283,323,289,"-1.107","1.107",,,,5,4,1,1,0,0,0,0,0,0,"4.18","-0.25","-1.1","0.32","94.0",173,50,0,0,4.97,-2.41,0.13,2.11,0.6,0,"6.91875",,,"-6.91875",,,,,0,,,,,,,
16,686580,"Slaten, Justin",113,14.2,0,0,0,0,0,,,0,5,91.6,19,2588,84.5,84.98,3,6,10,0.5,6.59,105,150,125,147,278,307,296,"0.992","-0.992",,,,5,2,0,0,0,0,3,60,0,0,"3.17","0.02","-1.13","-0.57","91.6",195,50,0,0,6.07,-1.23,0.71,1.36,0,0,"-6.2",,,"6.2",,,,,50,,,,,,,
16,686678,"Solesky, Chase",137,11.7,0.2,0,0.25,0.2,0.178,,,1,5,78.8,38.8,2146,82.9,83.96,0,7,9,1.0999999999999943,6.91,102,151,118,147,294,319,280,"0.353","-0.353",,,,5,4,1,0,0,0,1,20,0,0,"2.99","0.32","-1.15","-1.15","89.3",205,25,0,0,5.71,-1.37,0.86,2.21,0.2,0,"-2.20625",,,"2.20625",,,,,0,,,,,,,
16,668834,"McGee, Easton",152,10.5,0.5,1.5,,2,0.914,,,1,2,102.2,32,2343,81.6,81.89,1,7,9,0.30000000000001137,6.65,104,151,122,148,304,326,299,"-1.891","1.891",,,,3,1,0,0,0,1,1,33.3,1,33.3,"3.33","0.11","-1.04","-1.04","90.4",97,100,100,33.33333333333333,5.5,-1.41,0.49,1.69,0.667,1,"11.81875",,,"-11.81875",,,,,14.3,,,,,,,
16,676974,"Meyer, Max",98,16.3,0,0,0,0,0,,,0,3,94.3,-1,2565,88.1,87.55,1,6,10,-0.5,5.96,105,150,124,149,286,318,284,"0.59","-0.59",,,,3,1,0,0,0,0,2,66.7,0,0,"3.48","-0.54","-0.9","-0.48","94.5",167,0,0,0,5.76,-1.31,0.7,1.95,0,0,"-3.6875",,,"3.6875",,,,,16.7,,,,,,,
15,681806,"Wantz, Andrew",105,14.3,0.429,0,0.5,0.429,0.381,,,3,7,80.4,23.3,2634,80.5,79.76,0,9,6,-0.7000000000000028,6,98,151,122,147,297,318,289,"-0.93","0.93",,,,7,6,3,0,0,0,1,14.3,0,0,"3.42","0.13","-1.36","-1","91.8",181,33.33333333333333,0,0,5.96,-2,0.13,2.2,0.429,0,"6.2",,,"-6.2",,,,,0,,,,,,,
15,681035,"Scott, Christian",103,14.6,0.5,0.5,0.5,1,0.63,,,1,2,89.7,12.5,2525,81.4,81.72,2,5,10,0.29999999999999716,6.75,107,148,125,146,297,316,280,"-0.548","0.548",,,,2,2,0,1,0,0,0,0,0,0,"2.89","0.58","-1.3","-0.96","94.4",195,50,50,50,5.22,-3.22,1.33,1.85,0.5,1,"3.653333333",,,"-3.653333333",,,,,40,,,,,,,
15,608650,"Enns, Dietrich",169,8.9,0.167,0,0.25,0.167,0.148,,,1,6,94.6,-2.7,2061,79.6,79.4,2,7,8,-0.19999999999998863,6.46,114,141,121,144,276,308,285,"0.458","-0.458",,,,6,4,1,0,0,0,2,33.3,0,0,"3.99","-0.35","-0.84","-0.71","93.3",55,50,0,0,6.15,1.67,-0.66,1.91,0.167,0,"-3.053333333",,,"3.053333333",,,,,28.6,,,,,,,
15,805326,"Schweitzer, Tyler",112,13.4,0.333,1,0,1.333,0.682,,,1,3,105,14,2691,81.2,80.67,0,5,10,-0.5,6.09,112,145,129,151,291,322,301,"-2.333","2.333",,,,3,2,0,0,0,1,1,33.3,0,0,"3.77","-0.29","-1.14","-0.85","94.8",180,100,50,33.33333333333333,5.78,2.56,-0.51,1.5,0.333,1,"15.553333333",,,"-15.553333333",,,,,0,,,,,,,
15,694973,"Skenes, Paul",118,12.7,0,0,0,0,0,,,0,5,90.8,30.3,2406,83.6,83.65,3,9,6,0.10000000000000853,6.49,111,150,121,149,303,316,292,"0.851","-0.851",,,,5,3,0,0,0,0,2,40,0,0,"2.72","0.56","-1.01","-0.94","90.3",86,0,0,0,5.56,-2.57,0.83,2.18,0,0,"-5.673333333",,,"5.673333333",,,,,33.3,,,,,,,
15,676467,"Gordon, Colton",90,16.7,0,0,0,0,0,,,0,3,96.8,27,2462,80.1,81.09,0,7,8,1,6.99,123,146,124,150,288,323,299,"0.635","-0.635",,,,3,2,0,0,0,0,1,33.3,0,0,"2.78","0.77","-0.78","-0.78","94.6",195,100,0,0,5.31,2.73,0.07,1.94,0,0,"-4.233333333",,,"4.233333333",,,,,0,,,,,,,
15,687589,"Hamel, Dom",86,17.4,0,0,0,0,0,,,0,3,98.3,29,2723,81,81.11,3,6,9,0.09999999999999432,6.57,108,145,115,146,292,321,292,"0.164","-0.164",,,,3,2,0,0,0,0,1,33.3,0,0,"3.68","-0.17","-1.02","0.01","98.2",240,100,0,0,5.74,-1.9,-0.18,1.91,0,0,"-1.093333333",,,"1.093333333",,,,,50,,,,,,,
15,668943,"Miller, Ryan",81,18.5,0.125,0,0.167,0.125,0.111,,,1,8,97.2,27.2,2420,79.9,79.56,0,8,7,-0.30000000000001137,6.1,111,152,118,149,300,322,295,"0.919","-0.919",,,,8,6,1,0,0,0,2,25,0,0,"3.39","0.19","-1.11","-0.61","96.5",230,83.33333333333334,0,0,4.77,-2,0.1,2.45,0.125,0,"-6.126666667",,,"6.126666667",,,,,0,,,,,,,
15,701240,"Routzahn, Ethan",47,31.9,0,0,0,0,0,,,0,7,82.2,24.4,2282,77.8,78.23,2,9,6,0.4000000000000057,6.43,110,151,122,149,298,319,292,"1.498","-1.498",,,,7,5,0,0,0,0,2,28.6,0,0,"3.67","0.11","-1.3","-0.06","88.3",166,0,0,0,4.28,-2.73,0.39,2.4,0,0,"-9.986666667",,,"9.986666667",,,,,22.2,,,,,,,
15,691893,"Cabrera, Jean",73,20.5,0,0,0,0,0,,,0,2,94.5,36,2319,81.7,81.94,1,3,12,0.20000000000000284,6.39,104,150,120,149,294,314,276,"-0.119","0.119",,,,2,2,0,0,0,0,0,0,0,0,"3.52","-0.11","-0.76","-0.3","94.5",353,50,0,0,5.25,-0.87,0.74,1.55,0,0,"0.793333333",,,"-0.793333333",,,,,33.3,,,,,,,
15,670062,"Garcia, Julian",40,37.5,0.25,0,1,0.25,0.222,,,1,4,76,-43,2805,83.2,83.54,5,9,6,0.29999999999999716,6.43,112,147,118,148,298,319,291,"0.337","-0.337",,,,4,1,1,0,0,0,3,75,0,0,"3.42","-0.13","-0.97","-0.08","88.0",3,0,0,0,5.83,-1.58,0.5,1.89,0.25,0,"-2.246666667",,,"2.246666667",,,,,55.6,,,,,,,
15,702193,"Morris, Andrew",160,9.4,0,0,0,0,0,,,0,1,98.1,43,2224,80.6,80.12,1,8,7,-0.5,6.08,104,147,117,141,301,316,272,"0.02","-0.02",,,,1,1,0,0,0,0,0,0,0,0,"3.26","0.27","-1.05","-1.05","92.7",143,100,0,0,6.6,-1.53,0.47,1.77,0,0,"-0.133333333",,,"0.133333333",,,,,12.5,,,,,,,
15,683522,"Arias, Michael",71,21.1,0,0,,0,0.243,,,0,2,,,2411,80.6,80.32,3,7,8,-0.29999999999999716,6.09,100,150,123,148,288,323,281,"0.177","-0.177",,,,3,0,0,0,0,0,2,66.7,0,0,"2.9","0.61","-0.69","-0.69","90.8",222,,,,4.97,-2.34,0.3,2.48,0.333,,"-1.18",,,"1.18",,,,,42.9,,,,,,,
15,690382,"Darrell-Hicks, Michael",68,22.1,0.333,0.5,0.25,0.833,0.489,,,2,6,88.1,35.8,2698,82.4,82.36,1,9,6,0,6.43,108,145,118,143,289,312,283,"-0.377","0.377",,,,6,5,1,0,0,1,1,16.7,0,0,"3.4","-0.03","-1.01","-0.41","91.0",212,40,20,16.666666666666664,5.79,-1.56,0.25,2,0.333,1,"2.513333333",,,"-2.513333333",,,,,11.1,,,,,,,
14,695378,"Sinclair, Jack",34,41.2,0,0,0,0,0,,,0,4,98,39,2528,85.9,85.92,3,6,8,0,6.25,117,148,131,152,295,326,299,"1.351","-1.351",,,,4,1,0,0,0,0,3,75,0,0,"2.65","0.45","-0.8","0.13","93.0",260,100,0,0,5.19,-2.14,0.28,2.01,0,0,"-9.65",,,"9.65",,,,,50,,,,,,,
14,702153,"Fitzpatrick, Brian",91,15.4,0,0,0,0,0,,,0,2,85,-14,2537,78.4,78.26,2,4,10,-0.10000000000000853,6.17,110,149,123,150,295,308,299,"0.63","-0.63",,,,2,1,0,0,0,0,1,50,0,0,"3.91","-0.2","-1.37","-0.61","88.0",9,0,0,0,5.98,1.24,-0.06,2.35,0,0,"-4.5",,,"4.5",,,,,50,,,,,,,
14,669395,"Coleman, Dylan",56,25,0,0,0,0,0,,,0,2,97,32,2366,80.9,81.09,3,7,7,0.19999999999998863,6.43,95,137,116,140,293,307,279,"0.573","-0.573",,,,2,1,0,0,0,0,1,50,0,0,"3.42","0.06","-1.37","-0.63","94.5",214,100,0,0,5.83,-1.43,0.72,2.19,0,0,"-4.092857143",,,"4.092857143",,,,,42.9,,,,,,,
14,656302,"Cease, Dylan",170,8.2,0,0,0,0,0,,,0,2,84.6,-12,2798,84.2,84.01,3,6,8,-0.20000000000000284,6.29,105,150,120,148,314,327,292,"0.264","-0.264",,,,2,2,0,0,0,0,0,0,0,0,"4.04","-0.81","-0.9","-0.56","90.8",113,50,0,0,6.03,-1.95,0.34,1.5,0,0,"-1.885714286",,,"1.885714286",,,,,50,,,,,,,
14,663765,"Woodford, Jake",115,12.2,0,0,,0,0.364,,,0,1,,,2567,81.5,81.37,1,4,10,-0.09999999999999432,6.31,111,150,122,147,301,329,293,"-0.174","0.174",,,,2,0,0,0,0,0,1,50,0,0,"3.5","-0.05","-1.11","-0.67","88.0",113,,,,4.98,-2.08,0.42,1.96,0.5,,"1.242857143",,,"-1.242857143",,,,,25,,,,,,,
14,573204,"Thielbar, Caleb",108,13,0.667,0,0.667,0.667,0.593,,,2,3,84.6,-1.7,2475,81.1,80.59,4,8,6,-0.5,6.01,112,143,113,150,290,321,306,"-0.586","0.586",,,,3,3,2,0,0,0,0,0,0,0,"3.41","0.07","-1","-1","91.7",75,33.33333333333333,0,0,6.06,0.49,-0.12,2.17,0.667,0,"4.185714286",,,"-4.185714286",,,,,50,,,,,,,
14,669920,"Alexander, Jason",108,13,0.25,0.25,0.25,0.5,0.315,,,1,4,88.7,22.5,2614,78,77.87,1,6,8,-0.09999999999999432,6.36,115,151,119,151,298,323,285,"0.167","-0.167",,,,4,4,0,1,0,0,0,0,0,0,"3.81","-0.04","-1.18","-0.28","91.9",140,50,25,25,5.29,-2.04,0.32,1.7,0.25,1,"-1.192857143",,,"1.192857143",,,,,16.7,,,,,,,
14,434378,"Verlander, Justin",257,5.4,0.167,0.5,0,0.667,0.341,,,1,6,91.3,25,2553,80.4,79.66,2,9,5,-0.7000000000000028,5.93,116,151,124,148,300,323,282,"-0.226","0.226",,,,6,4,0,0,0,1,2,33.3,0,0,"3.74","-0.19","-1.01","-0.87","94.2",231,75,25,16.666666666666664,6.96,-1.89,0.82,2.13,0.167,1,"1.614285714",,,"-1.614285714",,,,,22.2,,,,,,,
14,822067,"Causey, A.J.",99,14.1,,,,,,,,,,,,3001,75.3,73.9,1,2,12,-1.3999999999999915,5.23,107,149,113,143,291,311,284,"-0.229","0.229",,,,,,,,,,,,,,"4.13","-0.11","-1.35","-0.56",,,,,,4.87,-1.32,-0.7,1.96,,,"1.635714286",,,"-1.635714286",,,,,50,,,,,,,
14,663362,"Waldron, Matt",115,12.2,0.333,0,0.5,0.333,0.296,,,1,3,96.5,16.5,2252,82.6,82.62,1,5,9,0,6.36,114,149,122,151,295,324,300,"0.076","-0.076",,,,3,2,1,0,0,0,1,33.3,0,0,"3.01","0.35","-0.93","0.41","92.3",212,100,0,0,5.55,-1.16,-0.01,2.23,0.333,0,"-0.542857143",,,"0.542857143",,,,,20,,,,,,,
14,675919,"Raquet, Nick",44,31.8,0,0,,0,0,,,0,4,,,2359,82.4,83.11,1,1,13,0.6999999999999886,6.54,88,144,113,145,287,314,280,"0.298","-0.298",,,,4,0,0,0,0,0,4,100,0,0,"3.53","-0.2","-1.41","0.65",,,,,,5.71,1.57,0.05,1.42,0,,"-2.128571429",,,"2.128571429",,,,,100,,,,,,,
13,607536,"Freeland, Kyle",140,9.3,0,0,0,0,0,,,0,6,78.5,-27.5,2225,83.3,83.13,2,5,8,-0.20000000000000284,6.38,111,147,114,146,297,320,217,"0.931","-0.931",,,,6,2,0,0,0,0,4,66.7,0,0,"3.72","-0.41","-0.81","0.04","90.2",103,0,0,0,5.72,2.91,-0.17,2.53,0,0,"-7.161538462",,,"7.161538462",,,,,40,,,,,,,
13,687562,"Bennett, Jake",72,18.1,0,0,0,0,0.243,,,0,2,99.8,1,2255,80.8,80.78,1,4,9,0,6.78,99,149,126,150,294,316,271,"-0.06","0.06",,,,3,1,0,0,0,0,1,33.3,0,0,"3.9","-0.34","-0.91","0.34","93.9",30,100,0,0,5.68,2.79,-0.23,1.87,0.333,0,"0.461538462",,,"-0.461538462",,,,,25,,,,,,,
13,671922,"Smith, Cade",99,13.1,0,0,0,0,0,,,0,1,83.6,71,2121,85,85.94,2,3,10,0.9000000000000057,7.12,117,152,116,150,299,326,297,"0.259","-0.259",,,,1,1,0,0,0,0,0,0,0,0,"2.93","0.25","-1.06","-0.41","88.0",138,0,0,0,5.89,-2.56,0.98,1.79,0,0,"-1.992307692",,,"1.992307692",,,,,66.7,,,,,,,
13,682989,"Mederos, Victor",98,13.3,0,0,0,0,0,,,0,2,90.9,54,2517,82.4,82.58,2,4,9,0.19999999999998863,6.48,113,145,121,148,303,324,298,"0.121","-0.121",,,,2,1,0,0,0,0,1,50,0,0,"3.26","0.11","-1","0.08","89.4",125,0,0,0,5.29,-3.25,-0.26,2.29,0,0,"-0.930769231",,,"0.930769231",,,,,50,,,,,,,
13,677957,"Neeck, Brandon",86,15.1,0,0,,0,0.523,,,0,1,,,2743,81.4,82.43,5,5,8,1,6.89,108,150,116,149,290,318,284,"-0.339","0.339",,,,4,0,0,0,0,0,1,25,3,75,"3.19","0.24","-1.22","-0.51",,,,,,5.55,2.43,0.04,2.04,0.75,,"2.607692308",,,"-2.607692308",,,,,100,,,,,,,
13,680951,"Nikhazy, Doug",73,17.8,0.5,0.75,0.5,1.25,0.713,,,2,4,95,28.3,2629,82.4,83.15,0,6,7,0.7999999999999972,6.91,99,139,111,134,303,322,292,"-1.293","1.293",,,,4,4,0,1,1,0,0,0,0,0,"3.17","0.2","-1.58","0.84","94.9",222,50,50,50,5.32,3.09,-0.28,2.88,0.5,2,"9.946153846",,,"-9.946153846",,,,,0,,,,,,,
13,701565,"Schultz, Connor",109,11.9,0.333,0,0.333,0.333,0.296,,,1,3,85.8,10.7,2304,80.5,80.7,0,5,8,0.20000000000000284,6.28,116,150,116,148,312,333,298,"-0.193","0.193",,,,3,3,1,0,0,0,0,0,0,0,"3.9","-0.4","-1.05","-0.62","89.6",112,0,0,0,6.18,-1.4,0.21,2.33,0.333,0,"1.484615385",,,"-1.484615385",,,,,0,,,,,,,
13,640454,"Krook, Matt",111,11.7,0.25,0.75,0,1,0.511,,,1,4,73.2,17.5,2616,82.3,81.49,2,5,8,-0.7999999999999972,5.81,116,150,121,149,297,317,294,"-0.763","0.763",,,,4,2,0,0,0,1,2,50,0,0,"3.5","-0.12","-1.23","-0.04","93.0",148,50,50,25,5.88,1.93,-0.58,1.34,0.25,1,"5.869230769",,,"-5.869230769",,,,,40,,,,,,,
13,822627,"Shaw, Evan",53,24.5,0.2,0,0.333,0.2,0.148,,,1,5,89.1,27.7,2575,81.6,80.81,3,7,6,-0.7999999999999972,6.08,114,146,121,149,299,330,296,"0.575","-0.575",,,,6,3,1,0,0,0,3,50,0,0,"3.91","-0.44","-1.26","-0.1","90.7",265,33.33333333333333,0,0,5.85,3.08,0.02,2.54,0.167,0,"-4.423076923",,,"4.423076923",,,,,42.9,,,,,,,
13,641585,"France, J.P.",189,6.9,0.5,1.5,0,2,1.022,,,1,2,100.2,29.5,2631,79.7,79.79,1,5,8,0.09999999999999432,6.28,107,149,121,146,296,315,271,"-1.4","1.4",,,,2,2,0,0,0,1,0,0,0,0,"3.58","0.01","-1.06","-0.92","94.1",282,100,50,50,5.29,-1.72,0.56,1.94,0.5,1,"10.769230769",,,"-10.769230769",,,,,20,,,,,,,
13,622554,"Domínguez, Seranthony",51,25.5,0,0,0,0,0,,,0,2,82.1,11,2458,85,85.02,2,5,8,0,6.33,98,137,114,134,295,320,301,"0.56","-0.56",,,,2,1,0,0,0,0,1,50,0,0,"2.69","0.47","-1.03","-0.53","91.1",67,0,0,0,5.5,-1.85,0.57,1.78,0,0,"-4.307692308",,,"4.307692308",,,,,40,,,,,,,
13,810897,"Beilenson, Charlie",48,27.1,,,,,,,,,,,,2670,80.6,79.55,2,3,10,-1,5.66,108,149,115,146,297,319,300,"0.057","-0.057",,,,,,,,,,,,,,"3.95","-0.43","-1.29","-0.57","105.4",424,,,,5.61,-2.09,-0.24,1.76,,,"-0.438461538",,,"0.438461538",,,,,66.7,,,,,,,
12,661395,"Duran, Jhoan",80,15,,,,,,,,,,,,2612,87.1,86.03,1,2,10,-1.0999999999999943,5.58,107,149,121,146,290,309,277,"0.225","-0.225",,,,,,,,,,,,,,"3.27","-0.27","-0.77","-0.77","88.0",206,,,,6.03,-2.49,0.43,1.99,,,"-1.875",,,"1.875",,,,,50,,,,,,,
12,621107,"Eflin, Zach",110,10.9,0.25,0.25,0.5,0.5,0.315,,,1,4,84.2,42.5,2445,80.4,80.35,4,6,6,-0.10000000000000853,6.28,115,154,123,148,301,322,286,"0.241","-0.241",,,,4,2,0,1,0,0,2,50,0,0,"3.46","0.08","-0.92","-0.92","89.4",269,0,0,0,5.78,-2.11,0.53,1.7,0.25,0,"-2.008333333",,,"2.008333333",,,,,66.7,,,,,,,
12,695418,"Lord, Brad",199,6,0,0,0,0,0,,,0,2,74.8,37,2655,82.6,80.73,1,5,7,-1.8999999999999915,5.11,102,150,121,147,291,315,279,"0.567","-0.567",,,,2,2,0,0,0,0,0,0,0,0,"3.43","-0.07","-0.98","-0.98","88.0",100,0,0,0,5.39,-2.8,0.58,2.01,0,0,"-4.725",,,"4.725",,,,,20,,,,,,,
12,641793,"Littell, Zack",103,11.7,0.5,0,0.5,0.5,0.445,,,1,2,86.7,15.5,2065,77,76.61,1,6,6,-0.4000000000000057,5.93,103,148,121,150,289,317,288,"-0.091","0.091",,,,2,2,1,0,0,0,0,0,0,0,"4.18","-0.34","-0.98","-0.53","91.6",172,50,0,0,6.17,-0.85,0.35,2.17,0.5,0,"0.758333333",,,"-0.758333333",,,,,16.7,,,,,,,
12,701539,"Torres, Eric",70,17.1,,,,,,,,,,,,2126,76.1,75.46,2,3,9,-0.5999999999999943,6.19,111,148,121,147,286,302,285,"0.071","-0.071",,,,,,,,,,,,,,"3.91","0.08","-1.31","0.81","88.0",147,,,,4.43,3.57,-0.39,2.19,,,"-0.591666667",,,"0.591666667",,,,,66.7,,,,,,,
12,663681,"Bayless, Jarod",81,14.8,0,0,0,0,0.233,,,0,2,81.9,43,2512,81.3,81.73,1,3,9,0.4000000000000057,6.74,103,145,118,145,297,311,282,"0.37","-0.37",,,,3,1,0,0,0,0,1,33.3,1,33.3,"2.97","0.51","-0.97","-0.55","94.4",277,0,0,0,4.14,-3.26,0.76,2.32,0.333,0,"-3.083333333",,,"3.083333333",,,,,33.3,,,,,,,
12,660825,"Bazardo, Eduard",42,28.6,0,0,0,0,0.364,,,0,1,100.5,40,2630,82.5,81.47,2,5,7,-1,5.59,102,140,117,142,304,329,302,"-0.275","0.275",,,,2,1,0,0,0,0,0,0,0,0,"3.59","-0.23","-1.29","0.04","94.2",203,100,0,0,5.88,-2.05,-0.26,2.37,0.5,0,"2.291666667",,,"-2.291666667",,,,,40,,,,,,,
11,669721,"Daniel, Davis",67,16.4,0.5,0,0.5,0.5,0.445,,,1,2,75.4,-9.5,2350,82.9,83.42,1,5,6,0.5,6.65,107,139,113,137,302,327,283,"-0.212","0.212",,,,2,2,1,0,0,0,0,0,0,0,"2.98","0.35","-1.25","-0.78","89.9",107,50,0,0,5.29,-1.75,0.7,1.76,0.5,0,"1.927272727",,,"-1.927272727",,,,,20,,,,,,,
11,642048,"Saucedo, Tayler",120,9.2,0.333,0.333,0.5,0.667,0.42,,,1,3,95.5,54.5,2292,80.8,81.01,3,7,4,0.20000000000000284,6.48,113,146,121,151,296,320,301,"-0.315","0.315",,,,3,2,0,1,0,0,1,33.3,0,0,"2.96","0.55","-0.77","-0.69","93.0",200,50,0,0,5.54,2.29,-0.46,2.54,0.333,0,"2.863636364",,,"-2.863636364",,,,,42.9,,,,,,,
11,695001,"Santa, Alimber",109,10.1,0,0,0,0,0,,,0,4,100.3,32,2742,82.2,82.32,1,5,6,0.09999999999999432,6.28,102,150,122,148,295,326,285,"-0.086","0.086",,,,4,2,0,0,0,0,2,50,0,0,"3.07","0.31","-1.47","-1.47","94.1",141,100,0,0,5.59,-1.19,-0.29,2.82,0,0,"0.781818182",,,"-0.781818182",,,,,20,,,,,,,
11,622256,"Weigel, Patrick",52,21.2,0,0,0,0,0,,,0,2,92.9,24,2717,80.8,80.65,3,4,7,-0.09999999999999432,6.23,108,152,113,148,298,314,266,"0.521","-0.521",,,,2,1,0,0,0,0,1,50,0,0,"3.49","0.02","-1.43","-1.24","92.9",308,0,0,0,5.6,-3.14,0.42,2.36,0,0,"-4.736363636",,,"4.736363636",,,,,75,,,,,,,
11,676785,"Conley, Bryce",38,28.9,0,0,0,0,0,,,0,2,77.7,10,2758,79.9,79.31,1,3,8,-0.6000000000000085,6.11,107,141,113,140,284,305,271,"0.26","-0.26",,,,2,1,0,0,0,0,1,50,0,0,"3.74","-0.14","-1.35","-0.66","89.7",175,0,0,0,5.38,-2.94,-0.84,2.08,0,0,"-2.363636364",,,"2.363636364",,,,,33.3,,,,,,,
11,676614,"Sammons, Bryan",134,8.2,0,0,0,0,0,,,0,1,55.2,-48,2569,79.9,80,1,3,8,0.09999999999999432,6.54,117,149,125,151,281,317,288,"0.078","-0.078",,,,1,1,0,0,0,0,0,0,0,0,"3.65","-0.05","-1.27","-0.78","88.0",34,0,0,0,5.85,2.04,-0.78,1.69,0,0,"-0.709090909",,,"0.709090909",,,,,33.3,,,,,,,
11,678394,"Bello, Brayan",215,5.1,0,0,0,0,0.349,,,0,1,85.1,70,2323,84.7,84.81,1,4,7,0.09999999999999432,6.23,108,150,125,147,293,313,290,"-0.285","0.285",,,,2,1,0,0,0,0,0,0,1,50,"3.36","-0.19","-0.69","-0.69","88.0",178,0,0,0,5.73,-1.62,0.92,1.19,0.5,0,"2.590909091",,,"-2.590909091",,,,,25,,,,,,,
11,690997,"McLean, Nolan",56,19.6,0.25,0,0.25,0.25,0.222,,,1,4,94.7,27,3108,85.6,84.89,3,8,3,-0.6999999999999886,6.11,112,151,120,149,286,319,298,"0.324","-0.324",,,,4,4,1,0,0,0,0,0,0,0,"3.19","-0.05","-1.23","-0.17","95.4",155,50,0,0,5.19,-3.78,-0.04,2.57,0.25,0,"-2.945454545",,,"2.945454545",,,,,37.5,,,,,,,
11,622075,"Almonte, Yency",22,50,1,3,,4,2.045,,,1,1,103.9,26,2358,83.2,83.42,2,7,4,0.20000000000000284,6.35,119,151,120,148,294,313,287,"-1.137","1.137",,,,1,1,0,0,0,1,0,0,0,0,"3.02","0.3","-0.86","-0.35","91.2",202,100,100,100,5.95,-1.3,0.75,2.26,1,1,"10.336363636",,,"-10.336363636",,,,,28.6,,,,,,,
11,690155,"Pushard, Matt",146,7.5,0.667,0,0.667,0.667,0.593,,,2,3,86.5,17,2593,83.3,83.56,2,6,5,0.29999999999999716,6.42,102,148,116,147,292,313,288,"-0.704","0.704",,,,3,3,2,0,0,0,0,0,0,0,"3.25","0.03","-1.11","-0.97","91.5",140,33.33333333333333,0,0,6.04,-1.82,0.43,2.26,0.667,0,"6.4",,,"-6.4",,,,,33.3,,,,,,,
11,681916,"Smith, Dylan",33,33.3,0.75,0.5,0.75,1.25,0.852,,,3,4,96.3,10,2425,85.1,84.91,1,6,5,-0.19999999999998863,6.28,105,149,122,148,285,324,292,"-1.667","1.667",,,,4,4,1,2,0,0,0,0,0,0,"2.54","0.62","-0.7","-0.34","96.3",238,50,25,25,6.05,-1.98,-0.16,2.54,0.75,1,"15.154545455",,,"-15.154545455",,,,,16.7,,,,,,,
11,605154,"Brebbia, John",133,8.3,0,0,0,0,0,,,0,1,73.3,70,2405,79.2,79.21,3,5,6,0,6.53,114,152,123,148,304,320,303,"0.22","-0.22",,,,1,1,0,0,0,0,0,0,0,0,"3.25","0.42","-1.12","-0.78","91.1",172,0,0,0,5.88,-1.89,0.66,1.78,0,0,"-2",,,"2",,,,,60,,,,,,,
11,605463,"Scott, Tayler",56,19.6,0.333,0,0.333,0.333,0.296,,,1,3,75.9,-29,2716,83,82,1,7,4,-1,5.85,104,148,122,148,300,324,288,"0.212","-0.212",,,,3,3,1,0,0,0,0,0,0,0,"3.43","-0.08","-0.9","-0.4","92.0",69,0,0,0,4.83,-3.7,0.7,1.72,0.333,0,"-1.927272727",,,"1.927272727",,,,,14.3,,,,,,,
11,681006,"Simpson, Josh",82,13.4,0.5,0.75,1,1.25,0.733,,,2,4,103.1,20.5,2354,80.3,78.89,1,4,7,-1.3999999999999915,5.26,113,144,115,146,293,314,301,"-1.435","1.435",,,,4,2,1,0,0,1,2,50,0,0,"3.5","0.03","-1.22","-0.5","98.1",267,100,50,25,4.9,1.42,-0.15,2.28,0.5,1,"13.045454545",,,"-13.045454545",,,,,25,,,,,,,
11,694397,"Raya, Marco",58,19,0,0,0,0,0,,,0,2,78.2,71,2905,84.5,84.43,2,5,6,-0.09999999999999432,6.38,108,151,122,145,281,325,267,"0.383","-0.383",,,,2,1,0,0,0,0,1,50,0,0,"3.41","-0.2","-1.3","-0.83","88.0",58,0,0,0,5.68,-1.07,0.48,2,0,0,"-3.481818182",,,"3.481818182",,,,,40,,,,,,,
11,701474,"Davitt, Duncan",55,20,0,0,0,0,0,,,0,2,73.9,-8.5,2633,82.2,83.08,1,3,8,0.8999999999999915,6.95,109,151,120,145,294,334,291,"0.278","-0.278",,,,2,2,0,0,0,0,0,0,0,0,"3.23","0.13","-1.36","-1.36","94.6",1,50,0,0,5.01,-2.21,0.38,2.19,0,0,"-2.527272727",,,"2.527272727",,,,,33.3,,,,,,,
11,681293,"Arrighetti, Spencer",150,7.3,0.5,1.5,0,2,1.022,,,1,2,85.9,48.5,2667,79.6,80.75,0,4,7,1.2000000000000028,7.09,113,154,123,149,298,323,291,"-2.697","2.697",,,,2,2,0,0,0,1,0,0,0,0,"3.22","0.37","-1.21","-1.21","95.0",246,50,0,0,4.69,-1.84,-0.43,2.95,0.5,0,"24.518181818",,,"-24.518181818",,,,,0,,,,,,,
11,669416,"Enlow, Blayne",76,14.5,0.333,0,0.5,0.333,0.296,,,1,3,87.2,-0.5,2400,84.3,84.2,1,4,7,-0.09999999999999432,6.42,109,149,124,149,289,324,291,"-0.97","0.97",,,,3,2,1,0,0,0,1,33.3,0,0,"3.25","-0.02","-0.63","-0.33","93.1",42,50,0,0,5.78,-2.31,0.56,1.48,0.333,0,"8.818181818",,,"-8.818181818",,,,,25,,,,,,,
11,656924,"Ryan, Ryder",186,5.9,0,0,0,0,0,,,0,2,91.6,71,2531,82,82.03,3,7,4,0,6.33,114,153,122,148,308,324,285,"0.337","-0.337",,,,2,1,0,0,0,0,1,50,0,0,"3.2","0.19","-1.06","-1.06","88.9",105,0,0,0,5.34,-1.41,0.61,1.74,0,0,"-3.063636364",,,"3.063636364",,,,,42.9,,,,,,,
10,811307,"Wenninger, Jack",131,7.6,0,0,0,0,0,,,0,2,88.1,14,2274,84.5,83.64,0,4,6,-0.9000000000000057,5.92,119,148,121,148,279,306,281,"0.461","-0.461",,,,2,2,0,0,0,0,0,0,0,0,"4.08","-0.86","-0.92","0.16","88.0",78,0,0,0,6.55,-1.8,-0.46,2.57,0,0,"-4.61",,,"4.61",,,,,0,,,,,,,
10,675848,"Mejia, Juan",64,15.6,0,0,0,0,0,,,0,1,79.1,71,2837,84,83.16,2,4,6,-0.7999999999999972,5.79,115,147,118,146,297,318,300,"0.254","-0.254",,,,1,1,0,0,0,0,0,0,0,0,"3.23","0.01","-1.36","-0.5","88.0",104,0,0,0,5.99,-1.52,0.26,2.56,0,0,"-2.54",,,"2.54",,,,,50,,,,,,,
10,686588,"Abeyta, Blane",53,18.9,0,0,,0,0,,,0,1,,,2461,80.5,80.94,1,5,5,0.4000000000000057,6.74,111,152,124,149,301,321,284,"0.198","-0.198",,,,1,0,0,0,0,0,1,100,0,0,"3.23","0.31","-1.15","-0.63","94.2",131,,,,5.45,-3.18,-0.2,2.09,0,,"-1.98",,,"1.98",,,,,20,,,,,,,
10,801403,"Dollander, Chase",292,3.4,0,0,,0,0,,,0,1,,,2683,86.2,86.12,1,1,9,-0.10000000000000853,6.32,108,145,114,145,293,313,292,"0.077","-0.077",,,,1,0,0,0,0,0,1,100,0,0,"2.39","0.69","-0.65","-0.19",,,,,,5.05,-1.99,-0.14,2.71,0,,"-0.77",,,"0.77",,,,,100,,,,,,,
10,657697,"Nittoli, Vinny",49,20.4,0,0,0,0,0,,,0,3,96.4,-2.7,2672,82.5,83.04,0,6,4,0.5,6.81,116,151,124,149,281,305,289,"0.461","-0.461",,,,3,3,0,0,0,0,0,0,0,0,"3.39","-0.02","-1.24","-0.37","94.3",111,66.66666666666666,0,0,5.16,-2.73,0.19,1.82,0,0,"-4.61",,,"4.61",,,,,0,,,,,,,
10,694646,"McDermott, Chayce",52,19.2,0.2,0.6,0,0.8,0.409,,,1,5,96.6,1.5,2868,83.3,83.25,2,6,4,0,6.46,112,151,120,147,298,309,284,"-1.859","1.859",,,,5,2,0,0,0,1,3,60,0,0,"2.93","0.38","-1.09","-1.09","92.3",140,50,0,0,5.62,-1.3,0.3,2.08,0.2,0,"18.59",,,"-18.59",,,,,33.3,,,,,,,
10,695026,"Wu-Yelland, Jeremy",83,12,0,0,0,0,0.486,,,0,1,59.8,54,2714,79,77.93,1,4,6,-1.0999999999999943,5.7,114,148,119,150,300,320,292,"-0.513","0.513",,,,3,1,0,0,0,0,0,0,0,0,"3.6","0.08","-1.36","-0.24","88.1",95,0,0,0,5.57,2.74,0.15,2.11,0.667,0,"5.13",,,"-5.13",,,,,25,,,,,,,
10,663947,"Holton, Tyler",73,13.7,,,,,,,,,,,,2724,80.4,80.4,1,1,9,0,6.36,120,145,115,152,280,322,299,"-0.149","0.149",,,,,,,,,,,,,,"3.57","-0.03","-1.4","-1.4",,,,,,5.85,1.93,-0.77,2.09,,,"1.49",,,"-1.49",,,,,100,,,,,,,
10,669084,"Hall, DL",158,6.3,0.333,0.333,0.5,0.667,0.42,,,1,3,70,42,2540,82.9,83.49,0,2,8,0.5999999999999943,6.87,121,148,130,152,288,314,298,"-0.34","0.34",,,,3,2,0,1,0,0,1,33.3,0,0,"3.42","-0.08","-1.28","-0.98","88.0",195,0,0,0,5.48,2.76,-1.17,1.45,0.333,0,"3.4",,,"-3.4",,,,,0,,,,,,,
10,621121,"McCullers Jr., Lance",118,8.5,0,0,0,0,0,,,0,3,93.8,21,2728,82.5,81.96,2,6,4,-0.5,6.01,111,151,119,147,285,324,287,"1.014","-1.014",,,,3,3,0,0,0,0,0,0,0,0,"3.01","0.35","-1.31","-1.01","92.6",92,33.33333333333333,0,0,5.33,-1.38,1.05,1.74,0,0,"-10.14",,,"10.14",,,,,33.3,,,,,,,
10,804926,"Peterson, Austin",35,28.6,,,,,,,,,,,,2344,81.3,82.23,1,4,6,0.9000000000000057,6.94,106,151,121,150,301,323,292,"0.218","-0.218",,,,,,,,,,,,,,"3.28","0.17","-1.06","0.09","90.5",198,,,,5.52,-1.79,0.42,2.15,,,"-2.18",,,"2.18",,,,,25,,,,,,,
10,814527,"Copen, Patrick",40,25,0,0,0,0,0.233,,,0,2,83.1,69,2865,86.2,85.41,0,6,4,-0.7999999999999972,5.91,105,136,106,136,291,321,292,"-0.016","0.016",,,,3,2,0,0,0,0,0,0,1,33.3,"3.26","-0.17","-1.02","0.05","88.1",121,0,0,0,6.27,-2.24,0.71,2.81,0.333,0,"0.16",,,"-0.16",,,,,0,,,,,,,
10,669711,"Weissert, Greg",47,21.3,0.5,0,1,0.5,0.445,,,1,2,107.5,10,2942,81.6,80.34,1,3,7,-1.2999999999999972,5.65,108,150,127,150,283,319,305,"0.065","-0.065",,,,2,1,1,0,0,0,1,50,0,0,"2.98","0.47","-1.81","-0.08","107.5",192,100,0,0,4.82,-3.66,0.26,1.98,0.5,0,"-0.65",,,"0.65",,,,,33.3,,,,,,,
9,663460,"Bubic, Kris",194,4.6,0,0,0,0,0,,,0,2,81.2,-4,2586,82.8,82.66,1,3,6,-0.09999999999999432,6.4,111,147,124,149,289,323,298,"0.298","-0.298",,,,2,1,0,0,0,0,1,50,0,0,"3.81","-0.46","-1.11","-0.02","88.0",24,0,0,0,5.65,2.22,-0.36,1.8,0,0,"-3.311111111",,,"3.311111111",,,,,33.3,,,,,,,
9,666129,"Garrett, Braxton",60,15,0,0,0,0,0,,,0,3,84.7,26,2231,83.5,84.27,3,4,5,0.7999999999999972,6.6,108,149,118,150,281,317,284,"0.477","-0.477",,,,3,1,0,0,0,0,2,66.7,0,0,"3.63","-0.39","-0.94","0.12","88.0",272,0,0,0,5.79,2.32,-0.03,1.64,0,0,"-5.3",,,"5.3",,,,,75,,,,,,,
9,701719,"Samaniego, Tyler",73,12.3,0,0,,0,0,,,0,2,,,2352,81.8,82.96,1,2,7,1.2000000000000028,7.03,105,146,122,148,279,299,295,"0.068","-0.068",,,,2,0,0,0,0,0,2,100,0,0,"3.23","0.18","-0.83","-0.36",,,,,,5.48,1.94,-0.83,1.06,0,,"-0.755555556",,,"0.755555556",,,,,50,,,,,,,
9,608372,"Sugano, Tomoyuki",117,7.7,0.5,0,0.5,0.5,0.445,,,1,2,104.5,12,2593,82.7,82.04,0,3,6,-0.7000000000000028,6.07,104,146,113,146,293,318,295,"-0.107","0.107",,,,2,2,1,0,0,0,0,0,0,0,"3.26","0.1","-0.75","-0.45","99.0",211,100,0,0,6.01,-2.58,0.49,1.99,0.5,0,"1.188888889",,,"-1.188888889",,,,,0,,,,,,,
9,695534,"Petty, Chase",64,14.1,0,0,0,0,0,,,0,2,90,30,2068,84.2,84.14,1,5,4,-0.10000000000000853,6.27,107,146,125,147,300,320,295,"0.212","-0.212",,,,2,1,0,0,0,0,1,50,0,0,"2.96","0.27","-0.86","-0.26","90.2",131,0,0,0,5.46,-1.85,0.25,2.2,0,0,"-2.355555556",,,"2.355555556",,,,,20,,,,,,,
9,685126,"Eisert, Brandon",142,6.3,0,0,0,0,0,,,0,2,99.2,26,2235,79.1,79.94,0,4,5,0.8000000000000114,6.92,122,146,122,152,290,325,301,"0.291","-0.291",,,,2,1,0,0,0,0,1,50,0,0,"3.26","0.39","-0.73","-0.58","90.8",251,100,100,50,4.96,4.18,-0.58,2.28,0,1,"-3.233333333",,,"3.233333333",,,,,0,,,,,,,
9,690978,"Fulton, Dax",24,37.5,0,0,0,0,0.349,,,0,1,96.6,8,2559,81.4,81.73,0,1,8,0.29999999999999716,6.57,105,150,119,149,287,316,276,"-0.203","0.203",,,,2,1,0,0,0,0,0,0,1,50,"3.77","-0.32","-1.25","0.67","96.6",187,100,0,0,6.37,2.34,0.28,1.77,0.5,0,"2.255555556",,,"-2.255555556",,,,,0,,,,,,,
9,686934,"McFarlane, Alex",50,18,0,0,,0,0.465,,,0,1,,,2701,84.5,84.4,1,1,8,-0.09999999999999432,6.22,96,146,118,144,279,312,231,"-0.771","0.771",,,,3,0,0,0,0,0,1,33.3,2,66.7,"3.33","-0.14","-1.3","-0.74",,,,,,5.21,-2.29,-0.05,1.15,0.667,,"8.566666667",,,"-8.566666667",,,,,100,,,,,,,
9,543056,"Coulombe, Danny",40,22.5,0,0,,0,0,,,0,2,,,2608,80.9,79.47,3,5,4,-1.4000000000000057,5.57,113,147,118,142,273,302,287,"0.56","-0.56",,,,2,0,0,0,0,0,2,100,0,0,"3.64","-0.12","-1.09","0.38","93.7",263,,,,6.26,-0.36,-0.3,1.76,0,,"-6.222222222",,,"6.222222222",,,,,60,,,,,,,
9,677961,"Wilcox, Cole",133,6.8,0,0,0,0,0,,,0,4,87.3,-1,2165,86.6,86.65,1,4,5,0,6.22,112,146,115,143,295,321,296,"0.479","-0.479",,,,4,2,0,0,0,0,2,50,0,0,"3.48","-0.44","-0.81","-0.41","92.4",86,50,0,0,5.75,-2.4,0.59,1.53,0,0,"-5.322222222",,,"5.322222222",,,,,25,,,,,,,
9,700249,"Povich, Cade",153,5.9,0.5,0,0.5,0.5,0.445,,,1,2,92.5,1,2587,81.7,81.32,0,5,4,-0.4000000000000057,6.27,123,148,129,150,282,312,297,"-0.271","0.271",,,,2,2,1,0,0,0,0,0,0,0,"3.48","-0.03","-1.1","-0.67","91.7",53,50,0,0,6.03,1.01,-0.6,1.58,0.5,0,"3.011111111",,,"-3.011111111",,,,,0,,,,,,,
9,682044,"Boyle, Sean",39,23.1,0.333,0,1,0.333,0.296,,,1,3,69,37,2807,77.7,77.58,4,6,3,-0.10000000000000853,6.42,116,150,126,152,293,320,301,"0.084","-0.084",,,,3,1,1,0,0,0,2,66.7,0,0,"3.65","0.16","-1.27","0.15","88.0",257,0,0,0,4.96,-3.33,0.46,1.73,0.333,0,"-0.933333333",,,"0.933333333",,,,,66.7,,,,,,,
9,676702,"Stratton, Hunter",51,17.6,1,1,1,2,1.26,,,1,1,99.9,26,2571,81.8,81.83,0,3,6,0,6.56,101,148,122,147,306,326,296,"-0.894","0.894",,,,1,1,0,1,0,0,0,0,0,0,"3.03","0.41","-1.48","-0.52","92.0",201,100,100,100,5.87,-2.63,0.06,2.18,1,1,"9.933333333",,,"-9.933333333",,,,,0,,,,,,,
9,694360,"Way, Beck",56,16.1,0.5,0,0.5,0.5,0.445,,,2,4,86.9,4.8,2561,86.5,86.64,1,5,4,0.09999999999999432,6.33,114,138,113,137,293,312,258,"-0.595","0.595",,,,4,4,2,0,0,0,0,0,0,0,"2.69","0.35","-0.92","-0.73","91.5",181,25,0,0,5.41,-1.98,0.67,1.92,0.5,0,"6.611111111",,,"-6.611111111",,,,,20,,,,,,,
9,806258,"White, Thomas",28,32.1,,,,,0.698,,,0,0,,,2735,84.8,84.83,1,3,6,0,6.4,92,131,108,130,292,317,286,"-0.052","0.052",,,,1,0,0,0,0,0,0,0,1,100,"3.79","-0.61","-1.21","-0.36","88.0",223,,,,5.48,2.7,-1.21,1.8,1,,"0.577777778",,,"-0.577777778",,,,,33.3,,,,,,,
9,665645,"Castro, Kervin",141,6.4,0,0,0,0,0,,,0,5,93.7,34.3,2348,84.4,84.62,2,7,2,0.19999999999998863,6.5,112,151,118,148,289,310,275,"1.185","-1.185",,,,5,3,0,0,0,0,2,40,0,0,"2.96","0.25","-1.05","-0.76","93.7",164,66.66666666666666,33.33333333333333,20,5.9,-1.04,0.62,2.62,0,1,"-13.166666667",,,"13.166666667",,,,,28.6,,,,,,,
8,658648,"Avila, Pedro",118,6.8,0,0,0,0,0,,,0,4,85,20.7,2708,77.9,77.68,1,4,4,-0.20000000000000284,6.17,113,148,120,148,292,316,297,"0.246","-0.246",,,,4,3,0,0,0,0,1,25,0,0,"4.53","-0.76","-1.2","0.21","89.7",111,0,0,0,5.75,-1.01,0.34,2.08,0,0,"-3.075",,,"3.075",,,,,25,,,,,,,
8,689296,"Nunez, Anthony",61,13.1,0,0,0,0,0,,,0,2,93.1,5,2957,85.6,85.54,1,5,3,-0.09999999999999432,6.35,114,147,121,145,285,314,286,"0.496","-0.496",,,,2,2,0,0,0,0,0,0,0,0,"3.23","-0.11","-1.25","-1.25","90.5",134,50,0,0,5.68,-1.15,0.18,1.95,0,0,"-6.2",,,"6.2",,,,,20,,,,,,,
8,688609,"Parks, Hunter",27,29.6,0,0,0,0,0,,,0,2,80.4,25,2365,80.4,80.97,0,3,5,0.7000000000000028,6.88,108,151,126,147,315,344,302,"0.577","-0.577",,,,2,2,0,0,0,0,0,0,0,0,"3.65","-0.1","-1.49","-1.08","88.0",154,0,0,0,5.25,-2.12,0.62,2.76,0,0,"-7.2125",,,"7.2125",,,,,0,,,,,,,
8,700933,"Cortez, Chris",25,32,,,,,0.698,,,0,0,,,2185,83.7,82.79,1,2,6,-0.9000000000000057,5.89,96,140,107,135,305,328,285,"-0.491","0.491",,,,1,0,0,0,0,0,0,0,1,100,"3.33","-0.06","-0.72","-0.72","88.0",215,,,,5.75,-1.71,-0.35,2.09,1,,"6.1375",,,"-6.1375",,,,,50,,,,,,,
8,669310,"Van Eyk, CJ",159,5,0.5,0.5,1,1,0.63,,,1,2,94.3,16,2392,80.7,80.58,2,3,5,-0.10000000000000853,6.26,111,145,121,141,321,321,274,"-1.103","1.103",,,,2,1,0,1,0,0,1,50,0,0,"3.78","-0.27","-1.21","-1.21","94.3",303,0,0,0,5.3,-1.99,0.51,1.94,0.5,0,"13.7875",,,"-13.7875",,,,,66.7,,,,,,,
8,656876,"Rasmussen, Drew",214,3.7,0.333,1,0,1.333,0.682,,,1,3,94,34.5,2623,84.6,85.1,0,3,5,0.5,6.54,109,153,119,146,287,317,288,"-2.362","2.362",,,,3,2,0,0,0,1,1,33.3,0,0,"2.99","0.18","-0.97","-0.97","93.4",231,50,50,33.33333333333333,5.76,-2.19,0.57,1.37,0.333,1,"29.525",,,"-29.525",,,,,0,,,,,,,
8,701364,"Arnold, Jamie",51,15.7,0.2,0.6,,0.8,0.409,,,1,5,105.7,34,2074,86,87.26,3,4,4,1.2999999999999972,7.13,107,150,122,149,295,320,290,"-0.585","0.585",,,,5,1,0,0,0,1,4,80,0,0,"3.02","0.07","-0.84","0.39","105.7",,100,100,20,4.89,2.83,-0.2,2.07,0.2,1,"7.3125",,,"-7.3125",,,,,75,,,,,,,
8,805321,"Kuncl, Trevor",49,16.3,0,0,0,0,0,,,0,4,84.7,67.5,2492,85.8,85.03,2,5,3,-0.7999999999999972,5.71,109,149,120,149,295,324,299,"0.785","-0.785",,,,4,2,0,0,0,0,2,50,0,0,"3.05","0.04","-0.94","-0.28","88.0",96,0,0,0,5.69,-2.43,-0.05,2.04,0,0,"-9.8125",,,"9.8125",,,,,40,,,,,,,
8,691786,"Morales, Michael",51,15.7,0.333,0.333,0.333,0.667,0.42,,,1,3,89.5,41.7,2369,77.9,77.84,1,4,4,-0.10000000000000853,6.34,107,151,119,146,308,324,298,"-0.209","0.209",,,,3,3,0,1,0,0,0,0,0,0,"3.83","-0.06","-1.24","-1.24","95.6",219,66.66666666666666,0,0,5.79,-0.86,-0.06,1.82,0.333,0,"2.6125",,,"-2.6125",,,,,25,,,,,,,
8,689690,"Jacob, Alek",76,10.5,0,0,,0,0,,,0,1,,,2275,71.3,71.91,2,3,5,0.6000000000000085,7,110,150,120,146,298,322,300,"0.076","-0.076",,,,1,0,0,0,0,0,1,100,0,0,"4.29","0.24","-1.46","-0.79","89.1",297,,,,4.08,-2.63,0.28,2.25,0,,"-0.95",,,"0.95",,,,,66.7,,,,,,,
8,703725,"Gastelum, Luis",53,15.1,0,0,0,0,0,,,0,1,71.1,87,2180,84.9,85.28,1,3,5,0.3999999999999915,6.54,103,149,117,147,305,310,276,"0.157","-0.157",,,,1,1,0,0,0,0,0,0,0,0,"3.16","0.01","-1.11","-1.11","88.0",121,0,0,0,5.31,-1.81,-0.09,1.97,0,0,"-1.9625",,,"1.9625",,,,,33.3,,,,,,,
8,804541,"Gill Hill, Gary",49,16.3,0.333,0.333,0.333,0.667,0.42,,,1,3,96.6,15.7,2503,78.3,77.83,1,4,4,-0.5,6.22,112,149,116,145,305,315,281,"-0.282","0.282",,,,3,3,0,1,0,0,0,0,0,0,"3.76","0","-1.52","-0.64","97.2",100,66.66666666666666,0,0,5.27,-2.06,0.15,1.85,0.333,0,"3.525",,,"-3.525",,,,,25,,,,,,,
7,801179,"Lin, Yu-Min",34,20.6,0,0,0,0,0,,,0,2,93.7,2,2727,82.8,82.69,1,3,4,-0.09999999999999432,6.11,127,149,122,151,302,324,301,"0.27","-0.27",,,,2,1,0,0,0,0,1,50,0,0,"3.36","-0.04","-0.5","-0.5","90.8",113,0,0,0,5.54,2,-0.97,2.13,0,0,"-3.857142857",,,"3.857142857",,,,,33.3,,,,,,,
7,701195,"Castro, Manuel",125,5.6,0,0,0,0,0,,,0,2,89.1,22.5,2452,83.4,83.14,0,3,4,-0.30000000000001137,6.06,111,144,119,142,294,320,294,"0.457","-0.457",,,,2,2,0,0,0,0,0,0,0,0,"3.12","0.15","-0.74","-0.06","90.7",174,50,0,0,5.89,-0.75,-0.11,3.04,0,0,"-6.528571429",,,"6.528571429",,,,,0,,,,,,,
7,455119,"Martin, Chris",92,7.6,1,0,1,1,0.889,,,2,2,100.5,2,2617,83.2,82.96,0,4,3,-0.20000000000000284,6.3,96,148,122,149,298,319,307,"-0.736","0.736",,,,2,2,2,0,0,0,0,0,0,0,"3.66","-0.35","-1.17","-0.17","97.5",119,100,0,0,6.02,-3.04,0.08,2.09,1,0,"10.514285714",,,"-10.514285714",,,,,0,,,,,,,
7,815501,"Meccage, Bryce",25,28,0.5,0.5,0.5,1,0.63,,,1,2,92.4,17.5,2646,83.1,83.73,3,5,2,0.6000000000000085,6.5,85,146,122,145,305,325,302,"-0.465","0.465",,,,2,2,0,1,0,0,0,0,0,0,"3.58","-0.3","-0.55","0.15","96.7",162,50,0,0,6.11,-1.23,0.02,1.73,0.5,0,"6.642857143",,,"-6.642857143",,,,,60,,,,,,,
7,681313,"Miller, Jake",44,15.9,,,,,0.698,,,0,0,,,1966,80.3,80.99,0,1,6,0.7000000000000028,6.77,119,148,120,148,286,320,297,"-0.622","0.622",,,,1,0,0,0,0,0,0,0,1,100,"3.48","0.05","-1.14","0.45","88.0",49,,,,5.4,-1.04,1.66,2.12,1,,"8.885714286",,,"-8.885714286",,,,,0,,,,,,,
7,664208,"Maton, Phil",113,6.2,,,,,,,,,,,,2660,82.1,82.86,1,3,4,0.8000000000000114,6.69,122,149,110,153,287,329,302,"0.105","-0.105",,,,,,,,,,,,,,"2.8","0.57","-1.03","0.85","93.2",266,,,,4.87,-1.78,0.09,2.76,,,"-1.5",,,"1.5",,,,,33.3,,,,,,,
7,800723,"Michael, Trevin",32,21.9,0,0,0,0,0,,,0,1,82.5,32,2725,80.3,79.44,1,4,3,-0.8999999999999915,5.67,105,149,127,150,287,326,294,"0.154","-0.154",,,,1,1,0,0,0,0,0,0,0,0,"3.39","0.14","-1.19","0.19","88.0",133,0,0,0,5.66,-2.22,0.63,2.71,0,0,"-2.2",,,"2.2",,,,,25,,,,,,,
7,663558,"Morán, Jovani",58,12.1,0.333,1,0,1.333,0.682,,,1,3,85,10,2689,79.7,80.01,1,4,3,0.29999999999999716,6.4,105,143,128,151,301,322,296,"-1.433","1.433",,,,3,3,0,0,0,1,0,0,0,0,"3.8","-0.23","-0.85","-0.59","92.8",164,33.33333333333333,33.33333333333333,33.33333333333333,5.9,1.13,0.47,1.67,0.333,1,"20.471428571",,,"-20.471428571",,,,,25,,,,,,,
7,669947,"Scholtens, Jesse",78,9,0,0,0,0,0,,,0,3,79.7,34,2489,81.6,81.77,0,3,4,0.20000000000000284,6.5,109,151,116,143,295,311,289,"0.482","-0.482",,,,3,3,0,0,0,0,0,0,0,0,"3.32","0.12","-1.13","-1.13","88.0",128,0,0,0,5.89,-1,0.59,2.14,0,0,"-6.885714286",,,"6.885714286",,,,,0,,,,,,,
7,801367,"Jachec, Matt",23,30.4,,,,,,,,,,,,2360,81.1,80.96,0,0,7,-0.09999999999999432,6.1,107,151,125,151,304,318,292,"0.046","-0.046",,,,,,,,,,,,,,"3.99","-0.53","-1.06","-0.17",,,,,,5.7,-2.37,-0.21,2.22,,,"-0.657142857",,,"0.657142857",,,,,,,,,,,,
6,670871,"Zuñiga, Guillo",77,7.8,0,0,0,0,0,,,0,1,51,-20,2516,85,84.75,1,2,4,-0.20000000000000284,6.17,108,134,110,135,292,313,294,"0.276","-0.276",,,,1,1,0,0,0,0,0,0,0,0,"2.47","0.7","-0.98","0.32","88.0",7,0,0,0,5.92,-2.25,0.38,2.19,0,0,"-4.6",,,"4.6",,,,,50,,,,,,,
6,801829,"Allmer, Jay",19,31.6,0.25,0.25,0.5,0.5,0.315,,,1,4,87.1,44,2276,80.5,80.33,1,3,3,-0.20000000000000284,6.23,101,151,121,149,278,304,306,"-0.294","0.294",,,,4,2,0,1,0,0,2,50,0,0,"3.33","0.2","-1.34","-0.4","96.0",245,50,50,25,5.34,-1.82,0.23,3.5,0.25,1,"4.9",,,"-4.9",,,,,33.3,,,,,,,
6,675989,"Bolton, Cody",27,22.2,,,,,0.698,,,0,0,,,2800,80,79.37,1,1,5,-0.5999999999999943,6,108,153,115,145,313,336,296,"-0.186","0.186",,,,1,0,0,0,0,0,0,0,1,100,"3.64","-0.06","-1.34","-1.34",,,,,,5.74,-2.35,1.65,0.97,1,,"3.1",,,"-3.1",,,,,100,,,,,,,
6,689337,"Bowman, Kaleb",56,10.7,,,,,,,,,,,,2562,77.2,76.65,1,2,4,-0.3999999999999915,6.15,99,152,122,146,307,335,298,"-0.033","0.033",,,,,,,,,,,,,,"3.51","0.35","-1.29","-0.87","92.1",189,,,,4.5,-3.58,0.34,2.11,,,"0.55",,,"-0.55",,,,,50,,,,,,,
6,686651,"Stoudt, Levi",23,26.1,0.5,0,1,0.5,0.445,,,1,2,101.6,8,2250,84,84.02,0,2,4,0,6.4,110,151,123,147,290,312,283,"-0.386","0.386",,,,2,1,1,0,0,0,1,50,0,0,"2.6","0.64","-0.96","-0.38","94.8",78,100,0,0,5.88,-0.86,-0.49,3.01,0.5,0,"6.433333333",,,"-6.433333333",,,,,0,,,,,,,
6,676534,"Faucher, Calvin",73,8.2,0,0,0,0,0,,,0,1,96.1,5,2964,86.7,85.77,0,1,5,-0.9000000000000057,5.68,105,150,127,147,292,324,291,"0.132","-0.132",,,,1,1,0,0,0,0,0,0,0,0,"3.13","-0.1","-1.03","-0.76","96.1",94,100,0,0,5.63,-1.38,0.69,0.97,0,0,"-2.2",,,"2.2",,,,,0,,,,,,,
6,694674,"Menendez, Antonio",48,12.5,0,0,0,0,0,,,0,2,99.3,59,2238,80.9,80.42,1,2,4,-0.5,6.15,113,150,120,149,292,325,295,"0.393","-0.393",,,,2,1,0,0,0,0,1,50,0,0,"2.98","0.53","-0.98","-0.98","99.3",199,100,0,0,3.25,-4.41,-1.25,2.19,0,0,"-6.55",,,"6.55",,,,,50,,,,,,,
6,802419,"Harrington, Thomas",74,8.1,0.25,0,0.25,0.25,0.222,,,1,4,82.3,46.3,2557,82.5,82.53,0,4,2,0,6.42,111,146,117,143,276,322,295,"0.132","-0.132",,,,4,4,1,0,0,0,0,0,0,0,"2.72","0.64","-0.9","-0.59","88.9",136,0,0,0,5.5,-1.59,-0.04,2.74,0.25,0,"-2.2",,,"2.2",,,,,0,,,,,,,
6,642397,"Soto, Gregory",62,9.7,0,0,,0,0,,,0,3,,,2180,82.1,81.72,2,2,4,-0.3999999999999915,6.38,123,149,108,153,264,317,297,"0.782","-0.782",,,,3,0,0,0,0,0,3,100,0,0,"3.27","0.16","-1.06","-0.64",,,,,,5.68,2.47,-0.02,2.02,0,,"-13.033333333",,,"13.033333333",,,,,100,,,,,,,
6,811309,"Letson, Bishop",13,46.2,,,,,,,,,,,,2308,83.4,85.45,1,2,4,2,7.42,118,151,119,150,296,314,297,"-0.035","0.035",,,,,,,,,,,,,,"3.38","-0.13","-0.97","-0.27",,,,,,5.06,-2.02,-0.05,2.6,,,"0.583333333",,,"-0.583333333",,,,,50,,,,,,,
6,689147,"Kerkering, Orion",16,37.5,0.5,0,1,0.5,0.445,,,1,2,104.3,20,2839,85.5,84.67,1,2,4,-0.7999999999999972,5.82,105,147,123,148,279,305,284,"-0.378","0.378",,,,2,1,1,0,0,0,1,50,0,0,"3.12","0.01","-1.29","0.15","104.3",337,100,100,50,5.77,-1.89,-0.01,2.52,0.5,1,"6.3",,,"-6.3",,,,,50,,,,,,,
6,695347,"Gregory, Hunter",25,24,,,,,,,,,,,,2608,83.9,83.02,1,1,5,-0.9000000000000057,5.92,93,144,110,141,301,330,275,"0.029","-0.029",,,,,,,,,,,,,,"3.12","0.15","-1.01","-1.01",,,,,,5.56,-2.19,0.7,1.47,,,"-0.483333333",,,"0.483333333",,,,,100,,,,,,,
5,687312,"Hughes, Gabriel",56,8.9,,,,,,,,,,,,2271,81.8,82.1,1,3,2,0.29999999999999716,6.8,109,153,118,152,316,315,288,"0.033","-0.033",,,,,,,,,,,,,,"3.43","0.01","-1.38","-0.78","88.0",79,,,,5.62,-2.58,0.45,2.18,,,"-0.66",,,"0.66",,,,,33.3,,,,,,,
5,680723,"Rom, Drew",108,4.6,0,0,0,0,0,,,0,2,94.1,17.5,2333,82.2,80.88,1,3,2,-1.2999999999999972,5.3,109,147,120,152,297,322,293,"0.401","-0.401",,,,2,2,0,0,0,0,0,0,0,0,"3.85","-0.49","-0.55","-0.37","94.1",99,50,0,0,5.85,1.56,-0.29,1.57,0,0,"-8.02",,,"8.02",,,,,33.3,,,,,,,
5,669684,"Murphy, Chris",176,2.8,0,0,,0,0,,,0,1,,,2395,81,80.66,1,2,3,-0.29999999999999716,6.24,112,137,118,141,290,333,297,"0.149","-0.149",,,,1,0,0,0,0,0,1,100,0,0,"3.3","0.19","-1.22","-1.22","88.0",213,,,,5.19,2.24,-0.33,2.09,0,,"-2.98",,,"2.98",,,,,50,,,,,,,
5,668831,"Stallings, Garrett",73,6.8,0.5,1.5,0,2,1.022,,,1,2,96.9,36.5,2457,80.8,81.18,0,2,3,0.4000000000000057,6.4,111,150,116,147,300,318,293,"-1.422","1.422",,,,2,2,0,0,0,1,0,0,0,0,"3.51","-0.04","-0.72","-0.53","100.8",314,50,50,50,5.33,-1.31,-0.15,2.28,0.5,1,"28.44",,,"-28.44",,,,,0,,,,,,,
5,703615,"Cabrera, Jose",25,20,0,0,0,0,0,,,0,1,104.1,37,2634,83.5,83.32,0,1,4,-0.20000000000000284,6.28,99,144,113,149,306,323,310,"0.218","-0.218",,,,1,1,0,0,0,0,0,0,0,0,"3.29","0","-0.73","0.47","104.1",370,100,100,100,5.7,-2.08,-0.13,1.8,0,1,"-4.36",,,"4.36",,,,,0,,,,,,,
5,663568,"Kolek, Stephen",36,13.9,1,0,1,1,0.889,,,1,1,103.3,4,2619,82.6,82.48,0,3,2,-0.09999999999999432,6.3,,,,,,,,"-0.366","0.366",,,,1,1,1,0,0,0,0,0,0,0,"3.78","-0.43","-1.2","0.3","93.9",87,100,0,0,5.26,-2.3,-0.34,2.21,1,0,"7.32",,,"-7.32",,,,,0,,,,,,,
5,802680,"Bradt, Tyler",18,27.8,1,0,1,1,0.889,,,1,1,92.1,-4,2799,85.5,84.26,0,1,4,-1.2000000000000028,5.6,109,151,121,149,295,317,290,"-0.715","0.715",,,,1,1,1,0,0,0,0,0,0,0,"3.46","-0.33","-1.18","-0.6","92.1",24,0,0,0,5.58,-1.58,1.5,1.76,1,0,"14.3",,,"-14.3",,,,,0,,,,,,,
5,804619,"Klein, John",24,20.8,0,0,0,0,0,,,0,1,82.8,47,2338,82.6,82.44,1,2,3,-0.19999999999998863,6.42,,,,,,,,"0.08","-0.08",,,,1,1,0,0,0,0,0,0,0,0,"3.13","0.24","-0.88","-0.88","88.0",269,0,0,0,5.84,-1.82,0.81,1.6,0,0,"-1.6",,,"1.6",,,,,50,,,,,,,
5,663399,"Waddell, Brandon",18,27.8,0,0,,0,0,,,0,2,,,2417,78.6,77.84,2,4,1,-0.7999999999999972,5.94,,,,,,,,"0.394","-0.394",,,,2,0,0,0,0,0,2,100,0,0,"3.53","0.19","-1.21","-0.03","88.1",135,,,,5.97,2.66,0.06,2.84,0,,"-7.88",,,"7.88",,,,,50,,,,,,,
5,621366,"Borucki, Ryan",67,7.5,0.333,0,1,0.333,0.296,,,1,3,95.5,12,2516,81.1,81.08,2,3,2,0,6.26,111,147,113,148,287,325,299,"0.069","-0.069",,,,3,1,1,0,0,0,2,66.7,0,0,"3.72","-0.26","-1.15","-0.25","95.5",201,100,0,0,5.78,1.45,-0.62,2.27,0.333,0,"-1.38",,,"1.38",,,,,66.7,,,,,,,
5,699314,"Davalillo, David",33,15.2,1,0,1,1,0.889,,,1,1,76.7,23,2872,80.6,80.24,0,1,4,-0.3999999999999915,6.22,111,152,122,149,303,325,313,"-0.62","0.62",,,,1,1,1,0,0,0,0,0,0,0,"3.7","-0.17","-1.74","-1","88.0",233,0,0,0,5.03,-1.78,0.82,2.46,1,0,"12.4",,,"-12.4",,,,,0,,,,,,,
5,641745,"Keller, Brad",55,9.1,0,0,0,0,0,,,0,1,61.7,-35,2659,83.8,83.26,0,2,3,-0.5,6,104,151,115,148,290,303,278,"0.289","-0.289",,,,1,1,0,0,0,0,0,0,0,0,"3.05","0.21","-1.38","-1.38","88.0",86,0,0,0,6.26,-1.46,0,1.69,0,0,"-5.78",,,"5.78",,,,,0,,,,,,,
5,683155,"Estes, Joey",43,11.6,0,0,0,0,0,,,0,1,67,13,2640,77.3,76.88,0,1,4,-0.3999999999999915,6.16,103,150,121,149,288,328,296,"0.021","-0.021",,,,1,1,0,0,0,0,0,0,0,0,"3.59","0.25","-1.49","-0.37","88.0",115,0,0,0,5.67,-1.91,0.15,2.19,0,0,"-0.42",,,"0.42",,,,,0,,,,,,,
5,642121,"Sulser, Cole",133,3.8,0,0,,0,0,,,0,1,,,2550,78.3,78.46,1,1,4,0.20000000000000284,6.54,109,152,120,148,300,321,290,"-0.008","0.008",,,,1,0,0,0,0,0,1,100,0,0,"3.68","0.06","-1.26","-0.59",,,,,,5.74,-1.97,1.78,1.07,0,,"0.16",,,"-0.16",,,,,100,,,,,,,
5,476594,"Stock, Robert",40,12.5,,,,,,,,,,,,2585,81.8,81.42,1,1,4,-0.3999999999999915,6.26,92,147,123,150,292,310,286,"0.057","-0.057",,,,,,,,,,,,,,"2.87","0.57","-1.15","-0.73",,,,,,4.42,-4.29,0.9,2.17,,,"-1.14",,,"1.14",,,,,100,,,,,,,
5,689441,"Crow, Coleman",89,5.6,0.5,0,1,0.5,0.445,,,1,2,72.6,17,2956,80.8,80.3,1,3,2,-0.5,6.14,110,151,115,147,304,321,286,"-0.412","0.412",,,,2,1,1,0,0,0,1,50,0,0,"3.43","0.09","-1.52","-1.52","88.0",184,0,0,0,4.99,-1.55,1.71,1.72,0.5,0,"8.24",,,"-8.24",,,,,33.3,,,,,,,
5,663436,"Martin, Davis",254,2,0,0,,0,0,,,0,1,,,2610,88.2,88.73,1,1,4,0.5,7.07,109,152,114,145,299,325,294,"0.177","-0.177",,,,1,0,0,0,0,0,1,100,0,0,"2.73","0.23","-1.25","-0.55",,,,,,5.83,-1.98,1.24,1.1,0,,"-3.54",,,"3.54",,,,,100,,,,,,,
5,676275,"Beers, Blake",16,31.3,,,,,0.698,,,0,0,,,2299,82,82.22,0,1,4,0.20000000000000284,6.64,117,147,118,147,300,329,293,"0.031","-0.031",,,,1,0,0,0,0,0,0,0,1,100,"3.23","0.18","-0.96","0.96","88.0",155,,,,5.59,-2.48,0.37,2.85,1,,"-0.62",,,"0.62",,,,,0,,,,,,,
4,801737,"Martinez, Liomar",29,13.8,,,,,,,,,,,,2735,83.8,83.13,0,1,3,-0.7000000000000028,6.2,108,137,113,140,278,317,284,"-0.047","0.047",,,,,,,,,,,,,,"3.82","-0.53","-1.1","-0.13","88.0",3,,,,5.78,-2.81,0.69,1.33,,,"1.175",,,"-1.175",,,,,0,,,,,,,
4,676760,"Marinaccio, Ron",68,5.9,0,0,,0,0,,,0,1,,,2325,81.2,81.48,1,2,2,0.29999999999999716,6.63,111,152,116,149,297,321,300,"0.144","-0.144",,,,1,0,0,0,0,0,1,100,0,0,"3.1","0.38","-0.91","-0.49","88.0",7,,,,4.93,-3.15,-0.29,1.83,0,,"-3.6",,,"3.6",,,,,50,,,,,,,
4,684974,"Yoho, Craig",94,4.3,,,,,,,,,,,,2947,76.8,76.85,1,1,3,0.10000000000000853,6.72,115,147,117,146,299,315,292,"0.038","-0.038",,,,,,,,,,,,,,"4.74","-0.82","-1.66","-0.79",,,,,,5.26,-2.23,0.87,0.74,,,"-0.95",,,"0.95",,,,,100,,,,,,,
4,686769,"Acker, Dane",55,7.3,1,3,,4,2.045,,,1,1,103.1,31,2323,89.5,89.83,0,1,3,0.29999999999999716,6.43,105,152,116,149,309,322,307,"-1.194","1.194",,,,1,1,0,0,0,1,0,0,0,0,"2.79","0.05","-0.1","-0.09","103.1",431,100,100,100,6.11,-0.32,0.7,1,1,1,"29.85",,,"-29.85",,,,,0,,,,,,,
4,676454,"Cellucci, Brendan",20,20,0,0,0,0,0,,,0,1,68.8,-8,2446,82.7,83.17,2,3,1,0.5,6.67,107,152,131,149,288,315,277,"0.274","-0.274",,,,1,1,0,0,0,0,0,0,0,0,"3.12","0.22","-1.55","0.75","88.0",15,0,0,0,5.6,1.89,-0.65,1.76,0,0,"-6.85",,,"6.85",,,,,66.7,,,,,,,
4,660761,"Suarez, José",242,1.7,1,1.333,1,2.333,1.398,,,3,3,102.2,18,2732,77.4,76.7,1,4,0,-0.7000000000000028,5.72,118,149,126,151,284,326,295,"-2.043","2.043",,,,3,3,1,1,0,1,0,0,0,0,"4.07","-0.26","-1.07","-0.49","102.2",291,100,33.33333333333333,33.33333333333333,5.85,1.41,-0.33,2.28,1,1,"51.075",,,"-51.075",,,,,25,,,,,,,
4,680686,"Gray, Josiah",71,5.6,1,0,1,1,0.889,,,1,1,78.2,13,2426,82.2,80.78,0,3,1,-1.4000000000000057,5.38,118,152,125,150,298,335,299,"-0.512","0.512",,,,1,1,1,0,0,0,0,0,0,0,"3.28","0.1","-0.51","-0.51","88.0",124,0,0,0,5.21,-1.69,0.25,1.9,1,0,"12.8",,,"-12.8",,,,,0,,,,,,,
4,642239,"Zastryzny, Rob",26,15.4,0,0,0,0,0,,,0,2,106.8,20,2373,80.1,80.17,2,3,1,0.10000000000000853,6.4,117,148,112,153,284,315,308,"0.483","-0.483",,,,2,1,0,0,0,0,1,50,0,0,"3","0.56","-0.89","-0.89","106.8",347,100,100,50,5.53,2.22,0.14,3.13,0,1,"-12.075",,,"12.075",,,,,66.7,,,,,,,
4,650960,"Duarte, Daniel",22,18.2,0.5,0,1,0.5,0.445,,,1,2,35,-32,2746,82.2,81.42,1,3,1,-0.7999999999999972,5.93,111,148,126,150,285,319,287,"-0.249","0.249",,,,2,1,1,0,0,0,1,50,0,0,"3.07","0.32","-1.27","0.64","97.9",153,0,0,0,5.84,-1.32,0.78,1.91,0.5,0,"6.225",,,"-6.225",,,,,33.3,,,,,,,
4,607481,"Bummer, Aaron",69,5.8,,,,,,,,,,,,2217,79.2,79.25,1,2,2,0.09999999999999432,6.45,124,150,131,153,307,332,299,"0.157","-0.157",,,,,,,,,,,,,,"3.37","0.28","-1.17","-0.54","88.0",8,,,,5.17,1.95,0.08,2.31,,,"-3.925",,,"3.925",,,,,50,,,,,,,
4,811315,"Hopkins, Brody",52,7.7,,,,,,,,,,,,2771,86.8,87.9,0,0,4,1.1000000000000085,6.2,88,147,113,142,302,328,280,"-0.128","0.128",,,,,,,,,,,,,,"3.03","0.03","-1.15","-1.15",,,,,,5.13,-2.14,-1.31,3.02,,,"3.2",,,"-3.2",,,,,,,,,,,,
4,669298,"Shook, TJ",58,6.9,,,,,,,,,,,,2175,80,79.82,1,1,3,-0.20000000000000284,6.28,120,151,119,149,295,316,298,"0.12","-0.12",,,,,,,,,,,,,,"3.62","-0.05","-1.09","-0.47",,,,,,5.81,-1.85,0.58,2.18,,,"-3",,,"3",,,,,100,,,,,,,
4,815081,"Manfredi, Mark",92,4.3,,,,,,,,,,,,2312,78.5,79.15,1,1,3,0.7000000000000028,6.63,121,150,120,152,290,316,299,"0.036","-0.036",,,,,,,,,,,,,,"3.28","0.41","-1","-0.25",,,,,,5.21,2.17,-0.23,2.1,,,"-0.9",,,"0.9",,,,,100,,,,,,,
4,815549,"Sloan, Ryan",12,33.3,0,0,0,0,0,,,0,1,77.6,-4,2648,84.5,84.97,1,3,1,0.5,6.78,119,151,125,147,299,326,294,"0.214","-0.214",,,,1,1,0,0,0,0,0,0,0,0,"3.38","-0.17","-1.34","-1.34","88.0",17,0,0,0,5.61,-1.72,1.22,1.61,0,0,"-5.35",,,"5.35",,,,,33.3,,,,,,,
4,608723,"Voth, Austin",37,10.8,0,0,0,0,0,,,0,1,84.8,13,2757,79.7,79.6,0,2,2,-0.10000000000000853,6.17,117,148,114,148,305,320,297,"0.295","-0.295",,,,1,1,0,0,0,0,0,0,0,0,"3.8","-0.2","-1.19","-0.54","88.0",177,0,0,0,5.69,-2.56,0.67,1.7,0,0,"-7.375",,,"7.375",,,,,0,,,,,,,
4,607625,"Lugo, Seth",154,2.6,0,0,0,0,0,,,0,1,96.1,22,2741,79.3,78.1,0,3,1,-1.2000000000000028,5.67,110,148,120,150,298,322,294,"0.275","-0.275",,,,1,1,0,0,0,0,0,0,0,0,"3.5","0.16","-1.12","-0.04","94.5",231,100,0,0,5.19,-2.18,0.98,2.67,0,0,"-6.875",,,"6.875",,,,,0,,,,,,,
4,695766,"Molina, Mason",90,4.4,0,0,0,0,0,,,0,4,87.7,25,2682,80.7,80.65,0,3,1,0,6.3,124,147,115,152,278,314,299,"0.876","-0.876",,,,4,3,0,0,0,0,1,25,0,0,"3.94","-0.44","-1.01","-1.01","94.1",122,33.33333333333333,0,0,6.05,1.53,-0.37,2.45,0,0,"-21.9",,,"21.9",,,,,0,,,,,,,
3,689608,"Powell, Walker",24,12.5,,,0,,0,,,0,0,85.4,45,2316,80.8,80.83,0,2,1,0,6.13,87,143,109,147,285,312,304,"0.048","-0.048",,,,1,1,0,0,0,0,0,0,0,0,"4.02","-0.55","-0.14","0.14","88.0",297,0,0,0,6.27,-2.22,-0.8,2.74,0,0,"-1.6",,,"1.6",,,,,0,,,,,,,
3,695034,"Morris, Kade",100,3,1,1.5,1,2.5,1.467,,,2,2,98.9,16.5,2577,80.4,80.03,0,2,1,-0.4000000000000057,6.17,105,147,123,149,291,312,270,"-2.009","2.009",,,,2,2,1,0,0,1,0,0,0,0,"3.69","-0.15","-1.41","-0.44","98.8",276,100,50,50,4.83,-2.31,1.5,2.03,1,1,"66.966666667",,,"-66.966666667",,,,,0,,,,,,,
3,703440,"Howard, Dylan",31,9.7,1,0,1,1,0.889,,,1,1,75.4,35,2436,80.6,80.03,0,1,2,-0.5999999999999943,6.17,103,152,126,147,301,323,289,"-0.494","0.494",,,,1,1,1,0,0,0,0,0,0,0,"3.76","-0.22","-1.03","-1.03","88.0",260,0,0,0,5.73,-1.85,0.09,2.94,1,0,"16.466666667",,,"-16.466666667",,,,,0,,,,,,,
3,695611,"Jump, Gage",159,1.9,1,0,1,1,0.889,,,1,1,68.9,32,2629,84.8,84.03,0,1,2,-0.7999999999999972,6.13,112,144,119,146,279,297,293,"-0.684","0.684",,,,1,1,1,0,0,0,0,0,0,0,"3.57","-0.36","-0.99","-0.99","88.0",231,0,0,0,5.72,1.19,-0.72,1.37,1,0,"22.8",,,"-22.8",,,,,0,,,,,,,
3,827620,"Shirk, Jake",15,20,0.5,0,0.5,0.5,0.445,,,1,2,98.7,-5.5,2068,86.3,85.67,0,2,1,-0.5999999999999943,5.9,97,148,117,148,298,318,287,"-0.33","0.33",,,,2,2,1,0,0,0,0,0,0,0,"3.11","-0.04","0.41","0.41","98.6",19,100,0,0,5.47,-2.47,-0.4,1.64,0.5,0,"11",,,"-11",,,,,0,,,,,,,
3,595881,"Beede, Tyler",88,3.4,,,,,,,,,,,,2070,86.2,86.97,1,1,2,0.7999999999999972,6.57,106,148,107,153,295,326,302,"0.062","-0.062",,,,,,,,,,,,,,"3.09","-0.05","-1.03","1.03",,,,,,5.41,-1.61,0.13,2.28,,,"-2.066666667",,,"2.066666667",,,,,100,,,,,,,
3,622608,"Senzatela, Antonio",107,2.8,,,,,,,,,,,,2210,82.6,82.17,0,0,3,-0.3999999999999915,5.97,112,154,117,147,309,315,303,"-0.175","0.175",,,,,,,,,,,,,,"2.74","0.59","-1.24","-1.24",,,,,,6.16,-2.15,0.85,4.09,,,"5.833333333",,,"-5.833333333",,,,,,,,,,,,
3,699944,"Caple, Brooks",40,7.5,1,0,1,1,0.889,,,1,1,108.8,15,2641,82.9,83.53,0,1,2,0.5999999999999943,6.53,95,152,124,149,298,324,299,"-0.477","0.477",,,,1,1,1,0,0,0,0,0,0,0,"3.13","0.18","-0.84","-0.36","108.8",269,100,100,100,5.76,-2.15,-0.7,2.72,1,1,"15.9",,,"-15.9",,,,,0,,,,,,,
3,699071,"Romero, Christian",14,21.4,0,0,,0,0,,,0,1,,,2651,80.9,80.47,2,2,1,-0.4000000000000057,6.27,116,153,122,150,314,315,283,"0.237","-0.237",,,,1,0,0,0,0,0,1,100,0,0,"3.59","-0.07","-1.24","-1.24",,,,,,5.63,-1.94,0.85,1.57,0,,"-7.9",,,"7.9",,,,,100,,,,,,,
3,489446,"Yates, Kirby",56,5.4,,,,,,,,,,,,2234,74.4,73.63,1,1,2,-0.8000000000000114,5.83,111,148,108,151,300,325,313,"-0.037","0.037",,,,,,,,,,,,,,"4.17","-0.04","-1.17","0.36",,,,,,5.29,-2.47,-1.76,3.19,,,"1.233333333",,,"-1.233333333",,,,,100,,,,,,,
2,686610,"Waldichuk, Ken",151,1.3,,,,,,,,,,,,2389,82,82.2,0,0,2,0.20000000000000284,6.75,123,146,138,154,292,328,289,"-0.006","0.006",,,,,,,,,,,,,,"3.47","-0.03","-0.7","-0.7",,,,,,5.82,2.14,-1.24,1.48,,,"0.3",,,"-0.3",,,,,,,,,,,,
2,647315,"Pop, Zach",137,1.5,0,0,0,0,0,,,0,1,91,46,2632,84.9,85.05,0,1,1,0.29999999999999716,6.2,117,147,126,150,272,310,289,"0.135","-0.135",,,,1,1,0,0,0,0,0,0,0,0,"3.14","0","-1.24","0.02","91.0",292,0,0,0,5.56,-2.27,-0.45,3.23,0,0,"-6.75",,,"6.75",,,,,0,,,,,,,
2,802363,"Geber, Jordan",68,2.9,,,,,,,,,,,,2608,79.2,78.35,1,1,1,-0.9000000000000057,5.95,100,122,104,118,287,324,300,"0.012","-0.012",,,,,,,,,,,,,,"3.64","0.03","-1.24","1.24",,,,,,5.21,-1.44,-0.59,2.91,,,"-0.6",,,"0.6",,,,,100,,,,,,,
2,815292,"Martinez-Gomez, Luis",17,11.8,,,,,,,,,,,,2444,83.4,83.5,0,1,1,0.09999999999999432,6.4,125,148,92,153,310,329,306,"-0.014","0.014",,,,,,,,,,,,,,"3.18","0.1","-0.83","0.83","103.2",84,,,,5.18,-2.96,1.3,1.42,,,"0.7",,,"-0.7",,,,,0,,,,,,,
2,692030,"Corniell, Jose",16,12.5,,,,,,,,,,,,2366,83,83.75,0,0,2,0.7999999999999972,6.75,87,146,110,147,314,325,314,"0","0",,,,,,,,,,,,,,"2.96","0.35","-0.55","0.01",,,,,,5.67,-1.61,1.57,1.83,,,"0",,,"0",,,,,,,,,,,,
2,681190,"Vásquez, Randy",276,0.7,,,,,,,,,,,,3067,84.2,83.2,0,0,2,-1,5.8,101,149,136,147,301,329,307,"-0.006","0.006",,,,,,,,,,,,,,"3.15","0.09","-0.98","-0.18",,,,,,6,-1.96,0.48,1.35,,,"0.3",,,"-0.3",,,,,,,,,,,,
2,682243,"Miller, Bryce",21,9.5,,,,,,,,,,,,2307,82.8,82.6,0,1,1,-0.20000000000000284,6.2,115,147,119,143,297,326,302,"0.1","-0.1",,,,,,,,,,,,,,"4.22","-0.88","-1.16","-1.16","88.0",250,,,,5.88,-1.33,-0.24,2.2,,,"-5",,,"5",,,,,0,,,,,,,
2,676440,"Bibee, Tanner",351,0.6,,,,,,,,,,,,2744,81.4,81.95,0,1,1,0.6000000000000085,7,119,151,114,150,306,327,299,"0.002","-0.002",,,,,,,,,,,,,,"3.52","-0.04","-1.55","0.04","98.9",310,,,,6.24,-2.17,1.49,2.04,,,"-0.1",,,"0.1",,,,,0,,,,,,,
2,605540,"Woodruff, Brandon",94,2.1,,,,,,,,,,,,2329,79.8,79.8,0,0,2,0,6.35,116,154,125,147,299,331,303,"-0.112","0.112",,,,,,,,,,,,,,"3.81","-0.23","-1.2","-1.2",,,,,,6.07,-1.5,0.56,0.97,,,"5.6",,,"-5.6",,,,,,,,,,,,
2,685464,"Winquest, Cade",177,1.1,1,0,1,1,0.889,,,1,1,98.4,9,2605,81.5,81.45,0,1,1,0,6.35,114,153,111,151,291,326,282,"-0.575","0.575",,,,1,1,1,0,0,0,0,0,0,0,"3.76","-0.31","-1.1","-1.1","98.4",194,100,0,0,4.95,-1.39,-0.51,1.57,1,0,"28.75",,,"-28.75",,,,,0,,,,,,,
2,647336,"Soroka, Michael",230,0.9,0,0,,0,0,,,0,1,,,2801,83.4,82.9,1,1,1,-0.5,5.9,105,150,125,145,303,319,292,"0.166","-0.166",,,,1,0,0,0,0,0,1,100,0,0,"3.08","0.2","-1.03","-1.03",,,,,,5.53,-2.59,1.19,2,0,,"-8.3",,,"8.3",,,,,100,,,,,,,
1,805871,"Hurtado, Joel",36,2.8,,,,,,,,,,,,2282,84.9,84.1,0,0,1,-0.8000000000000114,6.1,87,150,110,143,304,318,287,"-0.047","0.047",,,,,,,,,,,,,,"3.43","-0.23","-1.08","-1.08",,,,,,6.09,-1.46,1.08,1.57,,,"4.7",,,"-4.7",,,,,,,,,,,,
1,605335,"Leibrandt, Brandon",25,4,,,,,,,,,,,,2652,78.8,78.6,0,1,0,-0.20000000000000284,6.4,88,146,122,149,310,352,291,"0.048","-0.048",,,,,,,,,,,,,,"4.22","-0.52","-0.89","-0.89","92.1",10,,,,6.16,1.77,0.44,1.19,,,"-4.8",,,"4.8",,,,,0,,,,,,,
1,805684,"Gomez, Cristofer",8,12.5,,,,,,,,,,,,2306,80.7,81.7,0,0,1,1,7.4,112,152,132,148,301,300,266,"-0.017","0.017",,,,,,,,,,,,,,"3.22","0.33","-1.08","-1.08",,,,,,5.46,-1.36,3,-1.4,,,"1.7",,,"-1.7",,,,,,,,,,,,
1,592773,"Stanek, Ryne",56,1.8,,,,,,,,,,,,2358,84.1,83.9,0,0,1,-0.19999999999998863,6,113,144,114,142,287,308,272,"-0.052","0.052",,,,,,,,,,,,,,"3.17","0.03","-0.8","-0.8",,,,,,6.17,-1.1,0.89,1.02,,,"5.2",,,"-5.2",,,,,,,,,,,,
1,519326,"Strickland, Hunter",66,1.5,0,0,,0,0,,,0,1,,,2652,80.4,79.5,0,0,1,-0.9000000000000057,5.6,118,149,124,148,299,314,274,"0.219","-0.219",,,,1,0,0,0,0,0,1,100,0,0,"3.43","0.1","-1.39","-1.39",,,,,,6.02,-2.93,0.16,1.62,0,,"-21.9",,,"21.9",,,,,,,,,,,,
1,694341,"Beck, Brendan",47,2.1,,,,,,,,,,,,2306,81.2,81.2,0,1,0,0,6.2,,,,,,,,"0.051","-0.051",,,,,,,,,,,,,,"3.43","0.02","-0.84","-0.84","88.0",261,,,,6.05,-2.97,0.27,3.03,,,"-5.1",,,"5.1",,,,,0,,,,,,,
1,694989,"Sauer, Kelena",5,20,,,,,,,,,,,,2519,81.1,80.8,0,0,1,-0.29999999999999716,6.4,108,153,126,145,297,328,287,"-0.016","0.016",,,,,,,,,,,,,,"3.35","0.15","-1.1","-1.1",,,,,,4.88,-3.57,1.32,1.31,,,"1.6",,,"-1.6",,,,,,,,,,,,
1,674175,"Roth, Houston",27,3.7,,,,,,,,,,,,2358,81.2,81.8,0,0,1,0.5999999999999943,6.6,112,151,113,142,302,323,300,"-0.06","0.06",,,,,,,,,,,,,,"3.23","0.2","-0.77","-0.77",,,,,,6.23,-0.97,1.28,2.06,,,"6",,,"-6",,,,,,,,,,,,
1,800049,"Mazur, Adam",42,2.4,,,,,,,,,,,,2538,85.6,85.5,0,1,0,-0.09999999999999432,6.2,87,149,118,146,291,312,283,"0","0",,,,,,,,,,,,,,"3.1","0","-1.01","-1.01","88.0",270,,,,6.19,-2.1,0.35,3.33,,,"0",,,"0",,,,,0,,,,,,,
1,592094,"Adam, Jason",21,4.8,,,,,,,,,,,,2539,76.3,76.1,0,0,1,-0.20000000000000284,6.2,105,155,123,150,308,332,304,"-0.033","0.033",,,,,,,,,,,,,,"4.06","-0.14","-1.22","-1.22",,,,,,6.1,-1.29,1.64,1.03,,,"3.3",,,"-3.3",,,,,,,,,,,,
1,703596,"Milbrandt, Karson",34,2.9,,,,,,,,,,,,2748,86.3,84.6,1,1,0,-1.7000000000000028,6.1,85,152,125,149,303,323,280,"0.066","-0.066",,,,,,,,,,,,,,"3.5","-0.34","-0.54","-0.54",,,,,,5.96,-2.61,0.92,0.06,,,"-6.6",,,"6.6",,,,,100,,,,,,,
1,656212,"Barnes, Charlie",35,2.9,,,,,,,,,,,,2513,83.5,82,0,1,0,-1.5,5.4,123,148,120,155,284,316,311,"0.055","-0.055",,,,,,,,,,,,,,"3.46","-0.18","-1.15","-1.15","88.0",14,,,,5.84,1.67,-0.56,2.61,,,"-5.5",,,"5.5",,,,,0,,,,,,,
1,807485,"Garcia, Davian",22,4.5,,,,,,,,,,,,2458,85.3,85.8,0,0,1,0.5,6.6,111,154,118,147,291,323,296,"-0.048","0.048",,,,,,,,,,,,,,"2.36","0.77","-1.2","-1.2",,,,,,5.51,-1.32,-0.7,0.87,,,"4.8",,,"-4.8",,,,,,,,,,,,
1,657756,"Seabold, Connor",152,0.7,1,0,1,1,0.889,,,1,1,73.4,20,2614,81.6,81.3,0,1,0,-0.29999999999999716,5.9,94,113,91,98,296,332,282,"-0.583","0.583",,,,1,1,1,0,0,0,0,0,0,0,"3.61","-0.21","-1.03","-1.03","88.0",213,0,0,0,5.2,-3.09,0.84,1.85,1,0,"58.3",,,"-58.3",,,,,0,,,,,,,