"pitches","player_id","player_name","total_pitches","pitch_percent","ba","iso","babip","slg","woba","xwoba","xba","hits","abs","launch_speed","launch_angle","spin_rate","velocity","effective_speed","whiffs","swings","takes","eff_min_vel","release_extension","pos3_int_start_distance","pos4_int_start_distance","pos5_int_start_distance","pos6_int_start_distance","pos7_int_start_distance","pos8_int_start_distance","pos9_int_start_distance","pitcher_run_exp","run_exp","bat_speed","swing_length","miss_distance","pa","bip","singles","doubles","triples","hrs","so","k_percent","bb","bb_percent","api_break_z_with_gravity","api_break_z_induced","api_break_x_arm","api_break_x_batter_in","hyper_speed","bbdist","hardhit_percent","barrels_per_bbe_percent","barrels_per_pa_percent","release_pos_z","release_pos_x","plate_x","plate_z","obp","barrels_total","batter_run_value_per_100","xobp","xslg","pitcher_run_value_per_100","xbadiff","xobpdiff","xslgdiff","wobadiff","swing_miss_percent","arm_angle","attack_angle","attack_direction","swing_path_tilt","rate_ideal_attack_angle","intercept_ball_minus_batter_pos_x_inches","intercept_ball_minus_batter_pos_y_inches"
102,666201,"Manoah, Alek",307,33.2,0.174,0,0.211,0.174,0.198,,,4,23,78.7,20.1,1937,85.4,86.59,15,52,50,1.1999999999999886,7.06,109,145,118,147,296,320,300,"2.58","-2.58",,,,25,19,4,0,0,0,4,16,2,8,"2.38","0.75","1.23","-0.29","91.2",113,27.77777777777778,0,0,6,-2.21,-0.2,1.9,0.24,0,"-2.529411765",,,"2.529411765",,,,,28.8,,,,,,,
99,665795,"Cabrera, Edward",293,33.8,0.32,0.28,0.353,0.6,0.425,,,8,25,92.7,12.9,1733,93.2,93.49,15,61,38,0.29999999999999716,6.35,113,148,112,151,296,332,309,"-1.702","1.702",,,,28,19,5,1,0,2,6,21.4,3,10.7,"2.21","0.41","1.32","-0.61","95.7",143,73.68421052631578,15.789473684210526,10.714285714285714,6,-1.21,-0.22,2.09,0.393,3,"1.719191919",,,"-1.719191919",,,,,24.6,,,,,,,
90,676282,"Cantillo, Joey",333,27,0.188,0.125,0.429,0.313,0.296,,,3,16,89.9,11.9,1451,80.9,82.21,27,43,47,1.2999999999999972,7.18,112,152,122,147,298,323,299,"-0.59","0.59",,,,21,7,1,2,0,0,10,47.6,4,19,"2.49","1","0.83","-0.51","90.2",109,28.57142857142857,14.285714285714285,4.761904761904762,5.91,0.64,0.03,1.6,0.333,1,"0.655555556",,,"-0.655555556",,,,,62.8,,,,,,,
82,660761,"Suarez, José",242,33.9,0.105,0,0.167,0.105,0.247,,,2,19,84.7,6.7,1587,83.2,82.9,18,36,46,-0.29999999999999716,5.99,109,147,122,143,296,324,291,"0.491","-0.491",,,,27,12,2,0,0,0,8,29.6,7,25.9,"2.97","0.31","1.17","-0.88","92.3",117,33.33333333333333,8.333333333333332,3.7037037037037033,5.77,1.2,0.48,1.55,0.333,1,"-0.598780488",,,"0.598780488",,,,,50,,,,,,,
79,641927,"Ober, Bailey",217,36.4,0.263,0,0.333,0.263,0.298,,,5,19,83.1,1.6,2054,82.8,83.64,12,45,34,0.7999999999999972,6.98,114,149,121,150,284,318,287,"0.254","-0.254",,,,22,15,5,0,0,0,4,18.2,3,13.6,"2.85","0.49","1.47","-0.06","90.8",112,26.666666666666668,0,0,6.06,-1.62,-0.04,2.09,0.364,0,"-0.321518987",,,"0.321518987",,,,,26.7,,,,,,,
75,605182,"Clevinger, Mike",288,26,0.25,0.188,0.273,0.438,0.391,,,4,16,92.9,8,1474,87.8,88.56,15,37,38,0.7999999999999972,6.67,118,147,123,151,290,313,286,"-1.444","1.444",,,,21,12,3,0,0,1,4,19,5,23.8,"2.55","0.4","0.99","-0.84","94.3",117,41.66666666666667,16.666666666666664,9.523809523809524,5.63,-1.59,-0.18,1.98,0.429,2,"1.925333333",,,"-1.925333333",,,,,40.5,,,,,,,
75,650633,"King, Michael",338,22.2,0.32,0.6,0.25,0.92,0.501,,,8,25,89.4,12.9,1997,86.3,85.71,14,52,23,-0.5999999999999943,5.84,117,148,123,151,291,320,294,"-7.331","7.331",,,,27,20,2,1,1,4,6,22.2,1,3.7,"2.57","0.48","1.34","-0.78","93.7",177,55.00000000000001,15,11.11111111111111,5.3,-3,-0.32,1.99,0.333,3,"9.774666667",,,"-9.774666667",,,,,26.9,,,,,,,
72,594835,"Gonzales, Marco",285,25.3,0.478,0.13,0.733,0.609,0.499,,,11,23,85.7,11.3,2094,81.6,81.36,13,42,30,-0.19999999999998863,6.34,117,149,122,148,307,325,298,"-4.622","4.622",,,,26,15,9,1,1,0,8,30.8,3,11.5,"3.1","0.35","1.41","-0.63","91.6",109,33.33333333333333,0,0,5.28,2.46,0.13,1.78,0.538,0,"6.419444444",,,"-6.419444444",,,,,31,,,,,,,
69,607259,"Martinez, Nick",262,26.3,0.273,0.091,0.333,0.364,0.295,,,6,22,83.9,15.8,1650,78,77.74,8,36,33,-0.29999999999999716,6.04,110,149,122,149,306,320,292,"-0.652","0.652",,,,23,18,4,2,0,0,4,17.4,1,4.3,"3.26","0.48","0.87","-0.04","91.8",146,23.52941176470588,0,0,6.36,-1.6,-0.31,1.96,0.304,0,"0.944927536",,,"-0.944927536",,,,,22.2,,,,,,,
68,682608,"Gray, Peyton",157,43.3,0.133,0.067,0.333,0.2,0.178,,,2,15,94.9,10.2,1720,82.7,83.33,18,36,32,0.5999999999999943,6.73,120,149,118,150,306,324,304,"1.419","-1.419",,,,16,6,1,1,0,0,9,56.3,1,6.3,"3","0.33","1.25","-0.25","92.7",142,66.66666666666666,0,0,5.62,-2.84,-0.28,1.96,0.188,0,"-2.086764706",,,"2.086764706",,,,,50,,,,,,,
68,641401,"Brogdon, Connor",163,41.7,0.318,0.045,0.412,0.364,0.318,,,7,22,81.1,9,1916,83,83.84,9,36,32,0.7999999999999972,6.85,109,148,118,147,295,322,296,"0.138","-0.138",,,,23,17,6,1,0,0,5,21.7,1,4.3,"2.74","0.57","1.2","0.05","92.2",130,41.17647058823529,0,0,5.85,-2.77,-0.31,1.92,0.348,0,"-0.202941176",,,"0.202941176",,,,,25,,,,,,,
67,683409,"Chivilli, Angel",144,46.5,0.111,0.056,0.182,0.167,0.169,,,2,18,83.1,19.7,1739,88,87.46,20,47,20,-0.5,5.99,110,150,121,151,286,319,282,"1.551","-1.551",,,,21,11,1,1,0,0,8,38.1,2,9.5,"2.31","0.64","1.03","0.03","92.1",82,27.27272727272727,9.090909090909092,4.761904761904762,5.77,-1.63,-0.23,1.87,0.19,1,"-2.314925373",,,"2.314925373",,,,,42.6,,,,,,,
66,681867,"Criswell, Cooper",247,26.7,0.174,0.13,0.25,0.304,0.226,,,4,23,88.8,7.8,1536,84.8,85.38,14,39,27,0.6000000000000085,6.72,112,145,120,147,297,324,305,"-0.006","0.006",,,,24,13,3,0,0,1,10,41.7,1,4.2,"3.56","-0.38","1.13","-0.46","93.0",96,61.53846153846154,7.6923076923076925,4.166666666666666,4.82,-1.91,-0.05,1.49,0.208,1,"0.009090909",,,"-0.009090909",,,,,35.9,,,,,,,
65,699134,"Rodriguez, Bradgley",173,37.6,0.154,0,0.25,0.154,0.177,,,2,13,83.1,15,1734,89.7,89.78,16,32,33,0.09999999999999432,6.3,119,148,123,151,294,323,297,"0.964","-0.964",,,,14,8,2,0,0,0,5,35.7,1,7.1,"1.91","0.93","1.16","-0.57","90.2",73,25,0,0,6.1,-0.3,-0.18,1.94,0.214,0,"-1.483076923",,,"1.483076923",,,,,50,,,,,,,
64,691946,"Klassen, George",260,24.6,0,0,0,0,0.131,,,0,13,92.8,5.5,1480,87.5,87.99,12,34,30,0.5,6.56,113,149,116,149,304,326,296,"2.446","-2.446",,,,16,8,0,0,0,0,5,31.3,3,18.8,"2.63","0.35","1.11","-0.04","92.6",126,75,12.5,6.25,5.58,-2.94,-0.15,2.09,0.188,1,"-3.821875",,,"3.821875",,,,,35.3,,,,,,,
64,661563,"Gil, Luis",356,18,0.3,0.4,0.286,0.7,0.42,,,3,10,89.9,12.5,1667,90.2,90.43,4,21,43,0.20000000000000284,6.49,108,150,125,150,284,321,287,"-1.53","1.53",,,,10,8,1,1,0,1,2,20,0,0,"2.22","0.59","1.19","0.33","92.6",110,62.5,12.5,10,5.37,-2.98,0.07,1.85,0.3,1,"2.390625",,,"-2.390625",,,,,19,,,,,,,
63,693855,"Seymour, Ian",196,32.1,0.048,0,0.077,0.048,0.042,,,1,21,79.6,2.7,1665,83.4,83.07,19,38,25,-0.30000000000001137,6.07,105,150,119,147,297,322,285,"3.54","-3.54",,,,21,13,1,0,0,0,8,38.1,0,0,"2.67","0.61","1.3","-0.74","89.5",150,7.6923076923076925,0,0,5.96,1.5,0.33,1.74,0.048,0,"-5.619047619",,,"5.619047619",,,,,50,,,,,,,
63,656641,"Latz, Jacob",266,23.7,0.313,0.25,0.5,0.563,0.393,,,5,16,85.8,4.3,1881,84.6,84.66,17,34,29,0.10000000000000853,6.36,106,149,116,145,310,323,303,"-1.606","1.606",,,,17,9,3,1,0,1,7,41.2,1,5.9,"2.45","0.74","1.1","-0.83","93.0",123,44.44444444444444,11.11111111111111,5.88235294117647,5.99,1.83,0.47,1.87,0.353,1,"2.549206349",,,"-2.549206349",,,,,50,,,,,,,
62,800048,"Messick, Parker",314,19.7,0.188,0.188,0.25,0.375,0.266,,,3,16,98.1,19,1834,84.2,83.93,9,26,36,-0.29999999999999716,6.17,110,150,124,146,297,327,302,"0.232","-0.232",,,,17,9,2,0,0,1,7,41.2,1,5.9,"3.03","0.2","1.17","-0.85","95.9",125,66.66666666666666,33.33333333333333,17.647058823529413,5.46,1.31,0.41,1.91,0.235,3,"-0.374193548",,,"0.374193548",,,,,34.6,,,,,,,
61,666200,"Luzardo, Jesús",270,22.6,0.143,0,0.182,0.143,0.165,,,2,14,86.8,15,1719,85.9,84.69,11,30,31,-1.2000000000000028,5.45,106,148,122,146,283,302,276,"2.124","-2.124",,,,15,11,2,0,0,0,3,20,1,6.7,"2.74","0.35","1.49","-1.34","90.3",70,18.181818181818183,0,0,5.74,2.5,-0.02,1.71,0.2,0,"-3.481967213",,,"3.481967213",,,,,36.7,,,,,,,
61,677960,"Weathers, Ryan",330,18.5,0.533,0.133,0.615,0.667,0.524,,,8,15,93,1.6,2014,88.1,87.4,12,36,25,-0.6999999999999886,5.92,109,151,125,149,297,323,285,"-3.631","3.631",,,,15,13,6,2,0,0,2,13.3,0,0,"2.83","0.12","1.01","-0.84","93.4",101,53.84615384615385,0,0,5.43,2.86,0.14,1.59,0.533,0,"5.952459016",,,"-5.952459016",,,,,33.3,,,,,,,
61,623454,"Anderson, Drew",217,28.1,0.111,0,0.25,0.111,0.13,,,2,18,85.6,0,1468,89.4,89.19,13,30,31,-0.20000000000000284,6.34,115,144,121,149,290,322,291,"2.121","-2.121",,,,19,8,2,0,0,0,10,52.6,1,5.3,"3.03","-0.15","0.95","-0.4","90.6",84,14.285714285714285,0,0,5.87,-2,-0.33,1.98,0.158,0,"-3.47704918",,,"3.47704918",,,,,43.3,,,,,,,
61,687931,"Whisenhunt, Carson",190,32.1,0.118,0.059,0.286,0.176,0.127,,,2,17,92.5,-2.6,1974,83.1,83.51,13,26,35,0.4000000000000057,6.6,105,149,120,147,307,331,299,"0.775","-0.775",,,,17,7,1,1,0,0,10,58.8,0,0,"2.77","0.53","1.18","-0.88","91.7",59,28.57142857142857,0,0,6.07,2.34,0.28,1.57,0.118,0,"-1.270491803",,,"1.270491803",,,,,50,,,,,,,
60,671096,"Abbott, Andrew",362,16.6,0.467,0.333,0.462,0.8,0.568,,,7,15,92.4,5.6,1961,86.1,86.43,13,35,25,0.30000000000001137,6.42,102,151,116,147,304,330,295,"-3.641","3.641",,,,18,14,4,2,0,1,1,5.6,3,16.7,"2.27","0.8","1.2","-1.17","93.0",114,50,14.285714285714285,11.11111111111111,6.05,2.53,0.61,1.81,0.556,2,"6.068333333",,,"-6.068333333",,,,,37.1,,,,,,,
59,695076,"Lowder, Rhett",252,23.4,0.188,0,0.333,0.188,0.198,,,3,16,90.7,-8.2,2026,87.2,86.86,12,29,30,-0.29999999999999716,6.16,110,147,114,150,286,316,298,"0.979","-0.979",,,,17,9,3,0,0,0,7,41.2,1,5.9,"2.97","0.04","1.41","-0.64","92.8",57,44.44444444444444,0,0,5.59,-2.57,-0.4,1.8,0.235,0,"-1.659322034",,,"1.659322034",,,,,41.4,,,,,,,
59,681347,"Burrows, Mike",280,21.1,0.231,0,0.3,0.231,0.271,,,3,13,86.8,15.4,1403,86,86.02,10,29,30,0,6.36,114,148,124,151,295,320,303,"0.724","-0.724",,,,15,10,3,0,0,0,3,20,2,13.3,"2.68","0.41","1.24","-0.49","90.7",83,20,0,0,5.93,-2.67,-0.24,1.99,0.333,0,"-1.227118644",,,"1.227118644",,,,,34.5,,,,,,,
57,605488,"Springs, Jeffrey",279,20.4,0.4,0.1,0.667,0.5,0.393,,,4,10,90.6,6.7,1416,79,78.75,12,29,28,-0.20000000000000284,6.06,107,151,120,146,306,321,294,"-1.231","1.231",,,,10,6,3,1,0,0,4,40,0,0,"3.08","0.56","0.96","-0.79","94.3",191,50,16.666666666666664,10,6.22,2.32,0.73,1.8,0.4,1,"2.159649123",,,"-2.159649123",,,,,41.4,,,,,,,
56,663556,"McClanahan, Shane",192,29.2,0.067,0,0.125,0.067,0.059,,,1,15,82.2,15.4,1508,85.9,86.45,15,32,24,0.5999999999999943,6.58,100,151,116,146,295,327,288,"3.462","-3.462",,,,15,8,1,0,0,0,7,46.7,0,0,"2.77","0.31","1.19","-0.85","90.1",108,25,0,0,6.15,0.94,0.37,2.18,0.067,0,"-6.182142857",,,"6.182142857",,,,,46.9,,,,,,,
55,669212,"Morgan, Eli",162,34,0.19,0.048,0.267,0.238,0.187,,,4,21,86.7,15.2,2130,77,77.05,14,32,23,0.09999999999999432,6.33,114,148,121,150,289,316,300,"2.253","-2.253",,,,21,15,3,1,0,0,6,28.6,0,0,"3.56","0.28","1.37","-0.41","91.0",196,33.33333333333333,0,0,5.8,-0.74,-0.09,1.86,0.19,0,"-4.096363636",,,"4.096363636",,,,,43.8,,,,,,,
55,702070,"Cameron, Noah",291,18.9,0.357,0.357,0.364,0.714,0.454,,,5,14,82.3,10.3,1560,81.2,81.11,11,32,23,-0.10000000000000853,6.2,106,151,122,148,298,315,293,"-1.801","1.801",,,,14,12,2,2,0,1,2,14.3,0,0,"2.79","0.67","1.05","-0.62","89.9",134,16.666666666666664,16.666666666666664,14.285714285714285,6.17,1.74,0.57,1.96,0.357,2,"3.274545455",,,"-3.274545455",,,,,34.4,,,,,,,
55,828353,"Garkow, Nate",89,61.8,0.429,0.5,0.4,0.929,0.589,,,6,14,86.4,10.6,1444,76.6,76.38,9,30,25,-0.19999999999998863,6.19,111,145,119,149,291,327,285,"-3.099","3.099",,,,16,12,3,1,0,2,2,12.5,2,12.5,"2.49","1.4","0.45","-0.08","91.8",162,33.33333333333333,25,18.75,6.2,-1.05,-0.06,2.62,0.5,3,"5.634545455",,,"-5.634545455",,,,,30,,,,,,,
53,666142,"Ragans, Cole",279,19,0.385,0.231,0.444,0.615,0.469,,,5,13,89.9,4.2,1960,84.4,84.11,10,28,25,-0.30000000000001137,6.08,103,151,120,147,308,315,249,"-2","2",,,,15,10,4,0,0,1,3,20,1,6.7,"2.19","1.01","1.12","-1.03","91.9",159,30,10,6.666666666666667,6.23,1.47,0.21,1.93,0.467,1,"3.773584906",,,"-3.773584906",,,,,35.7,,,,,,,
52,678368,"Bellozo, Valente",256,20.3,0.083,0,0.143,0.083,0.074,,,1,12,85.2,21.3,1753,80,79.52,7,21,31,-0.5,5.91,114,146,121,150,297,321,292,"1.282","-1.282",,,,12,7,1,0,0,0,5,41.7,0,0,"3.29","0.26","1.15","-0.62","92.3",177,14.285714285714285,14.285714285714285,8.333333333333332,5.57,-1.36,-0.27,1.91,0.083,1,"-2.465384615",,,"2.465384615",,,,,33.3,,,,,,,
52,608379,"Wacha, Michael",284,18.3,0.294,0.588,0.4,0.882,0.52,,,5,17,94.2,26,1543,80.5,80.69,15,30,22,0.20000000000000284,6.61,112,148,123,150,293,317,293,"-3.603","3.603",,,,20,8,1,1,0,3,9,45,3,15,"3.01","0.53","1.14","-0.3","94.6",203,50,50,20,6.67,-1.91,-0.59,1.95,0.4,4,"6.928846154",,,"-6.928846154",,,,,50,,,,,,,
51,686799,"Kochanowicz, Jack",268,19,0,0,0,0,0,,,0,12,83.9,-15.4,2094,89.4,89.83,19,33,18,0.3999999999999915,6.32,112,149,117,150,297,320,302,"3.012","-3.012",,,,12,5,0,0,0,0,7,58.3,0,0,"2.73","0.1","0.81","-0.3","92.4",89,40,20,8.333333333333332,6.17,-1.42,-0.04,1.82,0,1,"-5.905882353",,,"5.905882353",,,,,57.6,,,,,,,
49,608650,"Enns, Dietrich",169,29,0.2,0.4,0.4,0.6,0.354,,,2,10,91.6,15,1081,83.7,83.75,8,21,28,0.09999999999999432,6.29,109,147,121,143,293,312,281,"-0.167","0.167",,,,11,5,0,0,2,0,5,45.5,1,9.1,"2.75","0.51","0.99","-0.64","91.6",133,60,0,0,6.15,1.72,0.26,1.9,0.273,0,"0.340816327",,,"-0.340816327",,,,,38.1,,,,,,,
49,678738,"Sanchez, Juan",114,43,0.071,0,0.111,0.071,0.143,,,1,14,91.8,-9.2,1961,86.1,84.96,9,22,27,-1.0999999999999943,5.68,104,145,114,144,310,339,301,"2.498","-2.498",,,,16,9,1,0,0,0,5,31.3,2,12.5,"3","0.09","1.26","-0.67","93.6",73,66.66666666666666,0,0,5.69,1.65,0.18,1.99,0.188,0,"-5.097959184",,,"5.097959184",,,,,40.9,,,,,,,
48,608718,"Suter, Brent",208,23.1,0.143,0.143,0.2,0.286,0.245,,,1,7,81.9,31.2,1575,76.8,77.93,8,16,32,1.2000000000000028,7.17,107,150,116,146,300,323,295,"-0.888","0.888",,,,8,5,0,1,0,0,2,25,1,12.5,"3.04","0.83","0.78","-0.64","89.9",149,20,0,0,6.22,3.39,0.83,2.27,0.25,0,"1.85",,,"-1.85",,,,,50,,,,,,,
48,527048,"Pérez, Martín",185,25.9,0.188,0.313,0.182,0.5,0.332,,,3,16,85.6,14.3,1668,83.3,83.12,10,28,20,-0.20000000000000284,6.15,113,150,123,148,298,319,286,"-2.083","2.083",,,,18,12,0,2,0,1,4,22.2,2,11.1,"2.49","0.79","1.25","-0.74","91.1",148,25,0,0,5.71,1.14,0.27,1.42,0.278,0,"4.339583333",,,"-4.339583333",,,,,35.7,,,,,,,
48,664285,"Valdez, Framber",236,20.3,0.455,0.182,0.556,0.636,0.469,,,5,11,87.1,-17.4,1571,89.2,88.1,7,28,20,-1.1000000000000085,5.65,113,152,118,146,296,323,278,"-1.25","1.25",,,,11,9,4,0,1,0,2,18.2,0,0,"2.75","0.12","1.14","-1","90.7",57,33.33333333333333,0,0,6.13,0.91,0.22,2.08,0.455,0,"2.604166667",,,"-2.604166667",,,,,25,,,,,,,
48,669373,"Skubal, Tarik",209,23,0.583,0.25,0.583,0.833,0.609,,,7,12,90.5,5.7,1840,86.1,85.92,7,31,17,-0.19999999999998863,6.22,104,147,120,141,292,321,277,"-2.991","2.991",,,,12,12,5,1,1,0,0,0,0,0,"2.6","0.48","1.18","-0.91","92.6",122,58.333333333333336,8.333333333333332,8.333333333333332,6.29,1.98,0.53,1.78,0.583,1,"6.23125",,,"-6.23125",,,,,22.6,,,,,,,
48,670950,"Richards, Trevor",149,32.2,0,0,0,0,0,,,0,6,67.1,-25.5,2450,78.6,78.81,4,12,36,0.20000000000000284,6.28,109,149,121,147,285,313,283,"0.2","-0.2",,,,6,2,0,0,0,0,4,66.7,0,0,"3.8","-0.13","0.96","0.13","88.0",76,0,0,0,6.31,-2.34,-0.48,1.92,0,0,"-0.416666667",,,"0.416666667",,,,,33.3,,,,,,,
47,641312,"Anderson, Shaun",227,20.7,0.333,0.333,0.5,0.667,0.446,,,4,12,93.8,-0.6,1543,87.3,88.14,8,21,26,0.7999999999999972,6.73,118,147,114,150,297,324,299,"-1.544","1.544",,,,13,7,2,1,0,1,5,38.5,1,7.7,"2.49","0.49","0.83","-0.52","98.2",134,71.42857142857143,42.857142857142854,23.076923076923077,6.09,-1.99,-0.14,2,0.385,3,"3.285106383",,,"-3.285106383",,,,,38.1,,,,,,,
47,596271,"Lawrence, Casey",219,21.5,0.15,0.3,0.2,0.45,0.306,,,3,20,100.4,0.5,1819,82,81.43,8,22,25,-0.5999999999999943,5.98,110,145,117,147,298,321,305,"-0.008","0.008",,,,23,11,0,1,1,1,9,39.1,2,8.7,"3.34","0.06","1.33","-0.27","98.1",128,81.81818181818183,18.181818181818183,8.695652173913043,5.09,-2.69,-0.51,1.68,0.261,2,"0.017021277",,,"-0.017021277",,,,,36.4,,,,,,,
47,699151,"Paez, Jedixson",205,22.9,0.091,0.091,0.2,0.182,0.205,,,1,11,90.6,19,1839,83.9,84.28,17,29,18,0.3999999999999915,6.72,116,146,124,148,298,329,300,"0.96","-0.96",,,,13,5,0,1,0,0,6,46.2,2,15.4,"2.92","0.34","0.97","-0.6","91.9",125,40,0,0,5.89,-3.05,-0.32,1.51,0.231,0,"-2.042553191",,,"2.042553191",,,,,58.6,,,,,,,
47,642759,"Fernández, Julian",110,42.7,0.25,0,0.5,0.25,0.275,,,2,8,87.9,21.5,1609,84.2,84.8,8,17,30,0.5999999999999943,6.67,112,148,117,149,296,323,297,"-0.744","0.744",,,,9,4,2,0,0,0,4,44.4,1,11.1,"2.63","0.59","0.28","-0.14","90.4",95,25,0,0,6.34,-1.89,0.3,2.14,0.333,0,"1.582978723",,,"-1.582978723",,,,,47.1,,,,,,,
47,641743,"Kay, Anthony",347,13.5,0.385,0.077,0.5,0.462,0.371,,,5,13,91.6,8.9,1663,84.7,84.22,10,24,23,-0.5,5.92,105,150,119,143,304,332,302,"-0.821","0.821",,,,13,10,4,1,0,0,3,23.1,0,0,"3.01","0.16","0.9","-0.86","93.2",142,50,0,0,5.5,2.28,0.75,1.78,0.385,0,"1.746808511",,,"-1.746808511",,,,,41.7,,,,,,,
46,642121,"Sulser, Cole",133,34.6,0.083,0,0.111,0.083,0.074,,,1,12,84.2,21.4,1651,82.6,83.17,7,26,20,0.6000000000000085,6.55,115,147,126,150,294,324,292,"1.851","-1.851",,,,12,9,1,0,0,0,3,25,0,0,"3.1","0.23","1.05","-0.39","90.9",103,11.11111111111111,0,0,5.79,-1.78,-0.03,1.21,0.083,0,"-4.023913043",,,"4.023913043",,,,,26.9,,,,,,,
46,690953,"Abel, Mick",329,14,0.125,0,0.333,0.125,0.111,,,1,8,90.6,28.7,1660,88.6,89.64,10,24,22,1,6.83,118,145,124,150,282,320,283,"1.773","-1.773",,,,8,3,1,0,0,0,5,62.5,0,0,"2.63","0.27","0.63","-0.45","90.4",114,33.33333333333333,0,0,5.5,-1.73,-0.11,1.97,0.125,0,"-3.854347826",,,"3.854347826",,,,,41.7,,,,,,,
46,685126,"Eisert, Brandon",142,32.4,0.333,0.267,0.444,0.6,0.399,,,5,15,81.5,-11.6,1350,84.3,85.46,9,27,19,1.2000000000000028,6.9,101,149,124,145,307,328,295,"-0.379","0.379",,,,15,10,3,1,0,1,5,33.3,0,0,"2.99","0.2","0.91","-0.82","91.6",102,40,10,6.666666666666667,4.96,4.24,0.47,1.75,0.333,1,"0.823913043",,,"-0.823913043",,,,,33.3,,,,,,,
46,621111,"Buehler, Walker",271,17,0.2,0.3,0.333,0.5,0.364,,,2,10,83.6,1,1438,87.5,87.71,11,23,23,0.20000000000000284,6.38,116,148,119,151,294,323,299,"-0.073","0.073",,,,12,4,1,0,0,1,6,50,1,8.3,"2.53","0.45","0.91","-0.4","89.2",105,25,0,0,5.63,-1.18,-0.09,1.74,0.333,0,"0.158695652",,,"-0.158695652",,,,,47.8,,,,,,,
45,669372,"Ginn, J.T.",268,16.8,0.182,0,0.333,0.182,0.244,,,2,11,78.5,-7.5,1593,88,88.34,11,27,18,0.29999999999999716,6.6,108,145,121,148,296,322,295,"1.57","-1.57",,,,13,6,2,0,0,0,5,38.5,2,15.4,"2.7","0.26","1.06","-0.45","91.3",110,33.33333333333333,0,0,5.47,-1.3,-0.73,1.89,0.308,0,"-3.488888889",,,"3.488888889",,,,,40.7,,,,,,,
45,676440,"Bibee, Tanner",351,12.8,0.313,0.313,0.308,0.625,0.397,,,5,16,91.8,25.8,1890,81.5,82.06,4,21,24,0.5999999999999943,6.68,115,148,122,150,299,323,289,"-0.37","0.37",,,,16,14,2,2,0,1,2,12.5,0,0,"2.33","1.11","0.97","-0.61","94.3",234,42.857142857142854,7.142857142857142,6.25,6.36,-2.06,-0.1,2.46,0.313,1,"0.822222222",,,"-0.822222222",,,,,19,,,,,,,
45,670810,"Gillaspie, Logan",237,19,0.2,0.6,0,0.8,0.436,,,2,10,88.6,22.4,1667,87,87.02,6,19,26,0,6.29,110,145,121,149,299,324,296,"-2.511","2.511",,,,11,7,0,0,0,2,3,27.3,1,9.1,"2.56","0.45","1.23","-0.37","93.5",202,28.57142857142857,28.57142857142857,18.181818181818183,5.8,-1.29,0.04,1.63,0.273,2,"5.58",,,"-5.58",,,,,31.6,,,,,,,
45,694851,"Hoffmann, Andrew",127,35.4,0.4,0,0.667,0.4,0.356,,,2,5,77.5,-24.3,992,87.8,88.14,5,11,34,0.29999999999999716,6.51,119,148,120,149,301,319,302,"-1.08","1.08",,,,5,3,2,0,0,0,2,40,0,0,"2.9","0.06","0.77","-0.11","93.3",25,33.33333333333333,0,0,6.03,-0.64,-0.1,1.44,0.4,0,"2.4",,,"-2.4",,,,,45.5,,,,,,,
44,682227,"Williamson, Brandon",247,17.8,0.231,0,0.3,0.231,0.205,,,3,13,89.1,1.7,1786,86.2,85.4,5,21,23,-0.7999999999999972,5.78,107,152,118,148,299,320,294,"0.703","-0.703",,,,13,10,3,0,0,0,3,23.1,0,0,"2.63","0.44","1.26","-1.1","92.3",93,40,20,15.384615384615385,6.45,1.06,0.36,2.1,0.231,2,"-1.597727273",,,"1.597727273",,,,,23.8,,,,,,,
44,680689,"Richardson, Lyon",154,28.6,0.1,0,0.167,0.1,0.144,,,1,10,88,-0.3,1860,86.8,85.91,8,22,22,-0.8999999999999915,5.78,107,147,115,148,301,328,302,"1.226","-1.226",,,,11,6,1,0,0,0,4,36.4,1,9.1,"2.68","0.36","1.33","-0.45","91.2",83,33.33333333333333,16.666666666666664,9.090909090909092,5.42,-1.7,0.03,1.62,0.182,1,"-2.786363636",,,"2.786363636",,,,,36.4,,,,,,,
44,658648,"Avila, Pedro",118,37.3,0.273,0.273,0.286,0.545,0.348,,,3,11,88.4,5.5,1746,83.6,83.67,12,27,17,0.10000000000000853,6.17,108,147,117,144,294,315,301,"-0.022","0.022",,,,11,8,2,0,0,1,3,27.3,0,0,"3.02","0.23","0.16","-0.06","93.2",112,37.5,25,18.181818181818183,5.87,-1.07,-0.05,1.66,0.273,2,"0.05",,,"-0.05",,,,,44.4,,,,,,,
43,822067,"Causey, A.J.",99,43.4,0.333,0.167,0.4,0.5,0.498,,,2,6,77.8,23.6,2261,80.6,79.21,11,22,21,-1.3999999999999915,5.49,108,149,118,147,286,309,285,"-1.226","1.226",,,,10,5,1,1,0,0,1,10,3,30,"3.61","-0.08","1.63","-0.3","90.1",158,0,0,0,4.57,-1.13,-0.35,1.93,0.6,0,"2.851162791",,,"-2.851162791",,,,,50,,,,,,,
43,813349,"Early, Connelly",254,16.9,0.214,0.071,0.25,0.286,0.326,,,3,14,97.5,6.1,1369,84.6,85.13,6,25,18,0.5,6.64,110,152,126,147,296,311,288,"-0.513","0.513",,,,18,12,2,1,0,0,2,11.1,3,16.7,"3.39","-0.21","1.03","-0.73","96.1",100,66.66666666666666,0,0,5.55,2.75,0.17,1.64,0.389,0,"1.193023256",,,"-1.193023256",,,,,24,,,,,,,
43,660604,"Rangel, Alan",144,29.9,0.444,0.111,0.5,0.556,0.485,,,4,9,76.9,-5.3,2080,83.7,84.17,6,21,22,0.5,6.63,109,149,115,145,278,310,295,"-1.541","1.541",,,,11,8,3,1,0,0,1,9.1,2,18.2,"2.17","1.08","0.87","-0.44","90.2",51,25,0,0,6.2,0.51,-0.27,1.73,0.545,0,"3.58372093",,,"-3.58372093",,,,,28.6,,,,,,,
42,641329,"Baker, Bryan",131,32.1,0.111,0,0.2,0.111,0.159,,,1,9,83.9,17.4,1808,84.8,85.07,6,17,25,0.29999999999999716,6.42,110,144,119,148,291,328,303,"1.556","-1.556",,,,10,5,1,0,0,0,4,40,1,10,"2.46","0.71","1.14","-0.54","92.4",126,40,0,0,6.72,-0.84,-0.28,2.03,0.2,0,"-3.704761905",,,"3.704761905",,,,,35.3,,,,,,,
42,702275,"Ritchie, JR",173,24.3,0,0,0,0,0.175,,,0,9,98.8,-8.7,1547,88.3,88.27,12,24,18,0,6.3,112,148,126,151,301,328,293,"1.576","-1.576",,,,12,3,0,0,0,0,6,50,3,25,"3.07","-0.15","1.11","-0.31","92.9",92,66.66666666666666,0,0,5.53,-2.07,-0.16,1.82,0.25,0,"-3.752380952",,,"3.752380952",,,,,50,,,,,,,
42,690986,"Harrison, Kyle",267,15.7,0.143,0,0.25,0.143,0.254,,,1,7,96.2,-3.5,1483,85.9,86.12,5,15,27,0.19999999999998863,6.32,109,151,121,147,294,317,291,"-0.376","0.376",,,,9,4,1,0,0,0,3,33.3,2,22.2,"3.46","-0.38","0.88","-0.88","92.8",62,25,0,0,4.91,2.05,0.22,1.62,0.333,0,"0.895238095",,,"-0.895238095",,,,,33.3,,,,,,,
42,664353,"Urquidy, José",154,27.3,0.231,0.231,0.222,0.462,0.295,,,3,13,88.6,34,2000,83.8,82.55,4,23,19,-1.2999999999999972,5.73,118,147,121,150,297,319,297,"-1.219","1.219",,,,13,10,2,0,0,1,3,23.1,0,0,"2.52","0.76","1.32","-0.85","90.2",199,20,10,7.6923076923076925,6.04,-1.7,-0.13,1.97,0.231,1,"2.902380952",,,"-2.902380952",,,,,17.4,,,,,,,
42,571927,"Matz, Steven",158,26.6,0.133,0,0.2,0.133,0.119,,,2,15,85.1,25.5,2344,83.6,83.65,8,29,13,0,6.41,109,149,122,149,293,322,287,"1.742","-1.742",,,,15,10,2,0,0,0,5,33.3,0,0,"3.2","0.07","1.31","-0.31","90.7",176,10,10,6.666666666666667,5.77,2.56,0.4,1.75,0.133,1,"-4.147619048",,,"4.147619048",,,,,27.6,,,,,,,
42,594580,"Moll, Sam",180,23.3,0.125,0,0.25,0.125,0.111,,,1,8,101.4,-6.8,1758,83.9,81.31,7,18,24,-2.6000000000000085,4.69,101,150,120,147,304,326,294,"0.573","-0.573",,,,8,4,1,0,0,0,4,50,0,0,"3.83","-0.57","1.03","-1.03","94.4",27,100,0,0,4.97,2.28,0.29,1.92,0.125,0,"-1.364285714",,,"1.364285714",,,,,38.9,,,,,,,
42,657277,"Webb, Logan",150,28,0.222,0,0.286,0.222,0.198,,,2,9,75.5,-2.1,1490,84.8,85.65,9,26,16,0.9000000000000057,6.65,106,149,115,149,302,327,304,"1.317","-1.317",,,,9,7,2,0,0,0,2,22.2,0,0,"3.54","-0.38","0.8","-0.07","91.6",77,28.57142857142857,0,0,4.85,-2.08,-0.11,1.68,0.222,0,"-3.135714286",,,"3.135714286",,,,,34.6,,,,,,,
42,801739,"Lagrange, Carlos",262,16,0.118,0.235,0.111,0.353,0.223,,,2,17,82.2,6,2164,92.1,91.25,9,23,19,-0.7999999999999972,5.88,110,145,122,149,289,320,286,"0.54","-0.54",,,,18,10,0,1,0,1,7,38.9,1,5.6,"1.97","0.72","1.17","-0.47","90.8",179,20,20,11.11111111111111,6.43,-1.9,-0.67,2.13,0.167,2,"-1.285714286",,,"1.285714286",,,,,39.1,,,,,,,
42,682785,"Bastardo, Angel",144,29.2,0.375,0,0.429,0.375,0.334,,,3,8,81.7,11.4,1755,86.9,86.52,7,20,22,-0.4000000000000057,6.19,114,148,122,149,299,325,291,"-0.073","0.073",,,,8,7,3,0,0,0,1,12.5,0,0,"2.91","0.13","1.24","0.08","90.2",76,14.285714285714285,0,0,5.89,-1.66,-0.11,1.95,0.375,0,"0.173809524",,,"-0.173809524",,,,,35,,,,,,,
41,686752,"Pepiot, Ryan",165,24.8,0.143,0,0.222,0.143,0.199,,,2,14,87.9,13.8,2445,84.7,84.78,6,22,19,0.09999999999999432,6.43,106,148,121,150,283,330,297,"0.733","-0.733",,,,16,9,2,0,0,0,5,31.3,2,12.5,"2.94","0.25","1.27","-0.59","91.7",128,33.33333333333333,0,0,6.15,-1.21,-0.01,1.57,0.25,0,"-1.787804878",,,"1.787804878",,,,,27.3,,,,,,,
41,700712,"Ureña, Walbert",275,14.9,0.308,0.154,0.4,0.462,0.331,,,4,13,89.2,23.5,1779,91.2,90.98,6,25,16,-0.20000000000000284,6.12,109,148,119,150,297,322,306,"-0.521","0.521",,,,13,10,2,2,0,0,3,23.1,0,0,"2.29","0.45","1.34","-0.23","91.2",115,20,10,7.6923076923076925,6.46,-1.26,-0.56,1.85,0.308,1,"1.270731707",,,"-1.270731707",,,,,24,,,,,,,
41,700241,"McGreevy, Michael",280,14.6,0.111,0.333,0,0.444,0.275,,,1,9,85.8,-4.9,1656,85.5,85.65,10,20,21,0.20000000000000284,6.63,111,145,117,149,286,324,293,"-0.027","0.027",,,,10,7,0,0,0,1,2,20,1,10,"2.93","0.22","1.13","-0.71","90.3",85,14.285714285714285,14.285714285714285,10,5.75,-2.25,-0.33,1.62,0.2,1,"0.065853659",,,"-0.065853659",,,,,50,,,,,,,
40,678394,"Bello, Brayan",215,18.6,0,0,0,0,0,,,0,10,76.4,6.2,1646,88.1,88.28,7,20,20,0.20000000000000284,6.4,114,148,126,150,288,315,298,"1.608","-1.608",,,,10,5,0,0,0,0,5,50,0,0,"2.49","0.45","1.27","-0.65","89.7",60,0,0,0,5.71,-1.6,0.02,1.6,0,0,"-4.02",,,"4.02",,,,,35,,,,,,,
40,687273,"Mathews, Quinn",203,19.7,0.273,0.182,0.375,0.455,0.343,,,3,11,85.6,24.6,1471,83.1,83.16,8,20,20,0.10000000000000853,6.27,107,151,115,147,293,318,276,"-0.016","0.016",,,,12,8,1,2,0,0,3,25,1,8.3,"2.79","0.51","1.04","-0.94","90.5",122,12.5,0,0,5.39,1.51,0.52,1.89,0.333,0,"0.04",,,"-0.04",,,,,40,,,,,,,
40,519242,"Sale, Chris",293,13.7,0.182,0.273,0.1,0.455,0.267,,,2,11,92.6,6.5,1813,86.5,87.07,6,20,20,0.5999999999999943,6.61,109,147,122,144,305,321,293,"-0.527","0.527",,,,11,11,1,0,0,1,0,0,0,0,"3.03","0.01","1.29","-0.81","95.4",149,63.63636363636363,18.181818181818183,18.181818181818183,4.64,3.12,0.61,1.77,0.182,2,"1.3175",,,"-1.3175",,,,,30,,,,,,,
40,656271,"Burke, Brock",158,25.3,0.417,0.5,0.4,0.917,0.568,,,5,12,94.1,20.7,2118,88,88.56,3,20,20,0.5999999999999943,6.71,107,151,118,148,301,325,294,"-3.707","3.707",,,,13,11,2,1,1,1,1,7.7,1,7.7,"2.2","0.76","1.2","-1.07","95.1",165,63.63636363636363,9.090909090909092,7.6923076923076925,6.27,1.99,0.27,1.96,0.462,1,"9.2675",,,"-9.2675",,,,,15,,,,,,,
39,663738,"Lynch IV, Daniel",162,24.1,0.1,0.1,0.167,0.2,0.126,,,1,10,83.9,42.3,1585,86.1,86.07,8,22,17,0,6.19,107,151,121,147,304,325,294,"2.019","-2.019",,,,10,6,0,1,0,0,4,40,0,0,"2.8","0.27","1.14","-0.76","89.5",62,0,0,0,6.01,1.91,0.32,1.97,0.1,0,"-5.176923077",,,"5.176923077",,,,,36.4,,,,,,,
39,547179,"Lorenzen, Michael",190,20.5,0.3,0.3,0.333,0.6,0.415,,,3,10,78.8,-13.1,1857,84.3,83.38,4,14,25,-0.8999999999999915,5.7,112,148,124,149,298,327,295,"-2.499","2.499",,,,11,7,2,0,0,1,3,27.3,0,0,"2.71","0.5","1.16","-0.27","91.1",141,28.57142857142857,14.285714285714285,9.090909090909092,5.7,-2.18,-0.15,2.08,0.364,1,"6.407692308",,,"-6.407692308",,,,,28.6,,,,,,,
39,571510,"Boyd, Matthew",157,24.8,0.364,0.364,0.333,0.727,0.483,,,4,11,84.1,-4.4,1820,79.7,79.67,5,21,18,0,6.17,104,153,116,148,304,329,302,"-1.313","1.313",,,,12,10,2,1,0,1,1,8.3,1,8.3,"3.12","0.46","1.25","-1.25","93.0",146,50,10,8.333333333333332,5.43,2.4,0.47,2.13,0.417,1,"3.366666667",,,"-3.366666667",,,,,23.8,,,,,,,
39,683004,"Leiter, Jack",246,15.9,0.364,0.273,0.5,0.636,0.429,,,4,11,99.3,17.6,1537,91.4,91.94,6,16,23,0.5,6.78,111,147,118,149,302,326,306,"-2.819","2.819",,,,11,7,3,0,0,1,4,36.4,0,0,"2.5","0.24","1.11","0","96.1",132,57.14285714285714,14.285714285714285,9.090909090909092,5.6,-1.09,0.18,1.32,0.364,1,"7.228205128",,,"-7.228205128",,,,,37.5,,,,,,,
38,806333,"Sansone, Michael",112,33.9,0.455,0.455,0.5,0.909,0.578,,,5,11,90.8,17.9,2001,78.1,76.98,3,21,17,-1.0999999999999943,5.67,108,146,118,141,296,314,286,"-3.631","3.631",,,,11,9,2,2,0,1,2,18.2,0,0,"3.13","0.63","1.52","-1.44","92.1",193,44.44444444444444,11.11111111111111,9.090909090909092,5.3,1.78,0.58,2.13,0.455,1,"9.555263158",,,"-9.555263158",,,,,14.3,,,,,,,
38,669165,"Hurt, Kyle",122,31.1,0.3,0.5,0.333,0.8,0.454,,,3,10,96.6,18.3,1409,87.6,87.73,7,23,15,0.10000000000000853,6.36,105,150,120,150,297,323,292,"-1.055","1.055",,,,10,7,1,0,1,1,3,30,0,0,"2.79","0.18","1.11","-0.21","93.2",96,57.14285714285714,14.285714285714285,10,5.77,-1.25,0.15,2.12,0.3,1,"2.776315789",,,"-2.776315789",,,,,30.4,,,,,,,
37,656638,"Lange, Alex",150,24.7,0,0,0,0,0.1,,,0,6,70.5,-24.7,1649,89.8,89.88,7,17,20,0.10000000000000853,6.28,111,136,114,140,287,315,298,"1.107","-1.107",,,,7,3,0,0,0,0,3,42.9,1,14.3,"2.65","0.17","1.29","-0.94","89.2",85,0,0,0,5.71,-2.3,-0.38,1.45,0.143,0,"-2.991891892",,,"2.991891892",,,,,41.2,,,,,,,
37,669438,"Englert, Mason",124,29.8,0.333,0,0.4,0.333,0.328,,,4,12,94.1,1.9,2012,86.8,86.69,3,20,17,-0.09999999999999432,6.33,109,149,123,149,297,319,287,"-0.597","0.597",,,,13,10,4,0,0,0,2,15.4,1,7.7,"2.8","0.23","1.22","-0.22","93.4",107,50,0,0,6.09,-1.34,-0.22,1.72,0.385,0,"1.613513514",,,"-1.613513514",,,,,15,,,,,,,
37,815083,"Farris, Mitch",131,28.2,0.143,0,0.5,0.143,0.258,,,1,7,105,-3,1701,79.3,79.49,11,13,24,0.20000000000000284,6.46,106,143,117,140,306,321,295,"-0.298","0.298",,,,9,2,1,0,0,0,5,55.6,1,11.1,"3.86","-0.23","1.23","-0.83","105.0",47,100,0,0,6.06,1.07,0.19,0.97,0.333,0,"0.805405405",,,"-0.805405405",,,,,84.6,,,,,,,
37,660787,"De los Santos, Yerry",98,37.8,0.333,0,0.5,0.333,0.337,,,3,9,90.3,-7.5,1412,86.5,86.75,4,19,18,0.29999999999999716,6.28,109,147,124,151,284,322,291,"-0.497","0.497",,,,10,6,3,0,0,0,3,30,1,10,"3.13","-0.1","0.97","-0.64","93.9",75,50,0,0,5.88,-2.54,0.2,1.42,0.4,0,"1.343243243",,,"-1.343243243",,,,,21.1,,,,,,,
37,669084,"Hall, DL",158,23.4,0.2,0,0.273,0.2,0.178,,,3,15,82.6,11.8,1963,84.3,84.97,11,23,14,0.7000000000000028,6.78,106,151,118,147,301,323,293,"1.802","-1.802",,,,15,11,3,0,0,0,4,26.7,0,0,"2.74","0.48","1.22","-1.22","90.8",153,18.181818181818183,0,0,5.6,2.69,0.34,1.95,0.2,0,"-4.87027027",,,"4.87027027",,,,,47.8,,,,,,,
36,691587,"Pérez, Eury",251,14.3,0,0,0,0,0,,,0,5,79.4,-25,1261,89,89.67,7,10,26,0.7000000000000028,6.72,116,150,130,151,289,319,293,"0.081","-0.081",,,,5,1,0,0,0,0,4,80,0,0,"2.21","0.67","1.11","-0.08","88.0",86,0,0,0,6.01,-1.91,-0.86,1.41,0,0,"-0.225",,,"0.225",,,,,70,,,,,,,
36,608331,"Fried, Max",223,16.1,0.091,0,0.143,0.091,0.132,,,1,11,92,0.3,1534,84.8,84.79,4,18,18,0,6.34,103,149,128,146,296,321,270,"1.421","-1.421",,,,12,7,1,0,0,0,4,33.3,1,8.3,"2.81","0.37","1.07","-1.02","92.5",95,71.42857142857143,0,0,5.71,1.49,0.39,2.35,0.167,0,"-3.947222222",,,"3.947222222",,,,,22.2,,,,,,,
36,664299,"Javier, Cristian",178,20.2,0.333,0,0.5,0.333,0.297,,,3,9,82.5,4.2,2281,83.2,82.64,9,21,15,-0.6000000000000085,5.94,111,148,120,149,300,324,302,"0.046","-0.046",,,,9,6,3,0,0,0,3,33.3,0,0,"2.78","0.51","1.2","-0.05","92.9",102,66.66666666666666,0,0,5.48,-1.58,-0.33,1.72,0.333,0,"-0.127777778",,,"0.127777778",,,,,42.9,,,,,,,
36,621112,"Blackburn, Paul",228,15.8,0.077,0,0.125,0.077,0.152,,,1,13,86.1,-1.1,1761,86.7,86.71,6,19,17,0.10000000000000853,6.27,119,148,125,153,283,310,283,"1.449","-1.449",,,,15,8,1,0,0,0,5,33.3,2,13.3,"2.54","0.49","1.02","-0.96","91.6",131,12.5,0,0,5.99,-2.16,-0.63,1.74,0.2,0,"-4.025",,,"4.025",,,,,31.6,,,,,,,
36,801403,"Dollander, Chase",292,12.3,0,0,0,0,0.058,,,0,11,95,10.4,1962,90.8,90.68,9,19,17,-0.09999999999999432,6.28,117,146,113,148,290,314,296,"1.379","-1.379",,,,12,5,0,0,0,0,6,50,1,8.3,"2.35","0.42","1.35","-0.72","92.5",110,40,0,0,5.03,-1.96,-0.14,1.67,0.083,0,"-3.830555556",,,"3.830555556",,,,,47.4,,,,,,,
36,664074,"Ponce, Cody",215,16.7,0,0,0,0,0.054,,,0,12,70.9,-41.5,855,87.9,88.19,10,20,16,0.29999999999999716,6.64,118,150,123,150,287,326,294,"2.229","-2.229",,,,13,6,0,0,0,0,6,46.2,1,7.7,"2.59","0.37","0.36","-0.04","90.6",60,16.666666666666664,0,0,6.56,-2.65,0.1,1.71,0.077,0,"-6.191666667",,,"6.191666667",,,,,50,,,,,,,
36,645261,"Alcantara, Sandy",227,15.9,0.286,0.143,0.333,0.429,0.356,,,2,7,86.7,0.8,2002,89.8,89.39,4,17,19,-0.3999999999999915,6.02,116,143,119,145,281,312,280,"-0.391","0.391",,,,8,6,1,1,0,0,1,12.5,1,12.5,"2.47","0.36","1.36","-0.62","90.8",84,33.33333333333333,0,0,6.16,-1.89,-0.31,1.76,0.375,0,"1.086111111",,,"-1.086111111",,,,,23.5,,,,,,,
36,657756,"Seabold, Connor",152,23.7,0.2,0.6,0,0.8,0.41,,,1,5,89.1,39.7,2328,83.1,83.06,4,13,23,0,6.24,107,145,119,144,288,321,292,"-0.7","0.7",,,,5,3,0,0,0,1,2,40,0,0,"3.32","-0.02","1.38","-0.38","90.3",207,0,0,0,5.27,-2.95,-0.4,2.21,0.2,0,"1.944444444",,,"-1.944444444",,,,,30.8,,,,,,,
36,676831,"Whitley, Kodi",106,34,0.333,0,0.5,0.333,0.354,,,2,6,93.7,18.5,1812,82.4,82.55,7,17,19,0.09999999999999432,6.41,110,148,121,148,289,328,296,"-0.685","0.685",,,,7,4,2,0,0,0,2,28.6,1,14.3,"2.35","1.02","1.03","-0.24","91.1",130,50,0,0,6.24,-0.45,-0.06,1.71,0.429,0,"1.902777778",,,"-1.902777778",,,,,41.2,,,,,,,
36,622491,"Castillo, Luis",271,13.3,0.3,0.1,0.333,0.4,0.304,,,3,10,83.5,9.4,1848,86.7,84.93,3,18,18,-1.7999999999999972,5.26,113,146,119,146,297,326,299,"-1.441","1.441",,,,10,9,2,1,0,0,1,10,0,0,"2.89","0.15","1.4","-0.4","91.4",113,12.5,0,0,5.14,-2.28,-0.37,1.79,0.3,0,"4.002777778",,,"-4.002777778",,,,,16.7,,,,,,,
36,641302,"Alexander, Tyler",167,21.6,0.154,0.308,0.143,0.462,0.314,,,2,13,91.2,1.6,1525,84,83.87,8,20,16,-0.09999999999999432,6.24,109,149,121,146,305,320,299,"0.153","-0.153",,,,15,8,0,1,0,1,5,33.3,2,13.3,"3","0.24","1.18","-0.87","93.8",146,37.5,12.5,6.666666666666667,5.58,2.64,0.29,1.65,0.267,1,"-0.425",,,"0.425",,,,,40,,,,,,,
36,677955,"Hill, Jaden",175,20.6,0.429,0,0.6,0.429,0.455,,,3,7,83.4,1,1722,85.9,85.84,6,16,20,-0.10000000000000853,6.16,114,149,116,149,296,317,298,"-1.333","1.333",,,,9,5,3,0,0,0,2,22.2,1,11.1,"2.88","0.2","1.26","-0.29","93.6",129,60,0,0,5.55,-1.27,0.15,1.98,0.556,0,"3.702777778",,,"-3.702777778",,,,,37.5,,,,,,,
35,656605,"Keller, Mitch",285,12.3,0.125,0,0.25,0.125,0.177,,,1,8,91.6,0.8,1486,88.6,88.99,2,14,21,0.4000000000000057,6.51,119,146,121,150,283,313,287,"0.416","-0.416",,,,9,4,1,0,0,0,4,44.4,1,11.1,"2.75","0.16","0.8","-0.62","91.2",93,25,0,0,5.87,-2.06,-0.08,1.65,0.222,0,"-1.188571429",,,"1.188571429",,,,,14.3,,,,,,,
35,684974,"Yoho, Craig",94,37.2,0.125,0,0.2,0.125,0.177,,,1,8,82.6,16.8,2391,77.8,78.31,7,17,18,0.5,6.75,112,145,116,147,295,315,294,"1.071","-1.071",,,,9,5,1,0,0,0,3,33.3,1,11.1,"3.86","-0.08","1.45","-0.38","90.5",122,0,0,0,4.92,-2.2,-0.29,2.02,0.222,0,"-3.06",,,"3.06",,,,,41.2,,,,,,,
35,681343,"Smith, Shane",222,15.8,0.429,0,0.6,0.429,0.421,,,3,7,99.8,-4,1539,89.7,90.37,4,12,23,0.7000000000000028,6.8,107,145,120,148,295,330,312,"-1.636","1.636",,,,8,5,3,0,0,0,2,25,1,12.5,"2.73","0.11","1.16","-0.65","98.9",75,80,0,0,5.8,-2.02,0.15,1.59,0.5,0,"4.674285714",,,"-4.674285714",,,,,33.3,,,,,,,
35,690990,"Horton, Cade",226,15.5,0.071,0,0.167,0.071,0.064,,,1,14,89.1,5.3,1813,88.3,88.14,12,22,13,-0.20000000000000284,6.32,115,144,111,150,286,332,300,"2.605","-2.605",,,,14,6,1,0,0,0,8,57.1,0,0,"2.19","0.75","1","-1","91.2",104,33.33333333333333,16.666666666666664,7.142857142857142,5.87,-2.11,-0.66,1.68,0.071,1,"-7.442857143",,,"7.442857143",,,,,54.5,,,,,,,
35,657022,"Supak, Trey",157,22.3,0.2,0,0.25,0.2,0.178,,,2,10,78.6,-0.1,1730,85.1,85.69,4,21,14,0.6000000000000085,6.59,106,147,124,151,305,324,310,"1.284","-1.284",,,,10,8,2,0,0,0,2,20,0,0,"2.46","0.67","1.16","-0.75","92.4",157,25,0,0,5.98,-1.04,-0.24,1.86,0.2,0,"-3.668571429",,,"3.668571429",,,,,19,,,,,,,
35,676664,"Sears, JP",199,17.6,0.286,0.429,0.25,0.714,0.42,,,2,7,99.4,20.4,1522,84.4,84.14,4,16,19,-0.30000000000001137,6.16,104,152,123,148,294,329,298,"-1.17","1.17",,,,7,5,1,0,0,1,2,28.6,0,0,"2.89","0.32","1.18","-1.18","94.5",225,80,40,28.57142857142857,5.06,1.56,0.19,2.1,0.286,2,"3.342857143",,,"-3.342857143",,,,,25,,,,,,,
34,663372,"Feltner, Ryan",292,11.6,0.2,0,0.25,0.2,0.178,,,1,5,83.5,-4.5,1659,86.7,87.23,6,14,20,0.5,6.49,109,147,117,148,296,320,297,"-0.112","0.112",,,,5,4,1,0,0,0,1,20,0,0,"2.51","0.51","0.47","-0.18","89.2",116,25,0,0,5.58,-1.32,-0.39,1.79,0.2,0,"0.329411765",,,"-0.329411765",,,,,42.9,,,,,,,
34,657097,"Webb, Jacob",112,30.4,0.111,0.333,0,0.444,0.228,,,1,9,89.4,35,2142,85.1,85.02,3,19,15,-0.09999999999999432,6.3,113,150,119,152,291,322,303,"0.01","-0.01",,,,9,9,0,0,0,1,0,0,0,0,"2.37","0.78","1.37","-0.54","91.8",139,33.33333333333333,11.11111111111111,11.11111111111111,5.66,-2.39,-0.08,1.72,0.111,1,"-0.029411765",,,"0.029411765",,,,,15.8,,,,,,,
34,623433,"Anderson, Nick",178,19.1,0.25,0.25,0.333,0.5,0.358,,,2,8,86,1.2,1702,87.6,87.53,5,20,14,-0.09999999999999432,6.2,112,146,119,147,299,322,294,"-0.052","0.052",,,,9,6,0,2,0,0,2,22.2,1,11.1,"2.48","0.49","1.15","-0.48","91.5",130,33.33333333333333,0,0,6.34,-0.94,-0.51,1.97,0.333,0,"0.152941176",,,"-0.152941176",,,,,25,,,,,,,
34,676742,"Sanders, Cam",112,30.4,0.111,0,0.25,0.111,0.099,,,1,9,83.8,-0.3,1723,90.3,89.19,12,21,13,-1.0999999999999943,5.96,121,148,127,152,286,319,286,"1.677","-1.677",,,,9,4,1,0,0,0,5,55.6,0,0,"2.91","-0.08","1.16","-0.94","92.4",91,50,0,0,6.04,-3.18,-0.11,1.69,0.111,0,"-4.932352941",,,"4.932352941",,,,,57.1,,,,,,,
34,682769,"Castellano, Eiberson",137,24.8,0.429,0,0.5,0.429,0.382,,,3,7,88.9,-4.3,1954,89.3,89.89,5,17,17,0.6000000000000085,6.57,111,143,117,149,297,319,298,"-0.362","0.362",,,,7,6,3,0,0,0,1,14.3,0,0,"2.35","0.5","1.11","-1.11","94.4",40,50,0,0,5.89,-1.57,-0.45,2.16,0.429,0,"1.064705882",,,"-1.064705882",,,,,29.4,,,,,,,
34,592791,"Taillon, Jameson",267,12.7,0.417,0.5,0.375,0.917,0.521,,,5,12,89.4,14.2,1726,83.3,83.82,8,22,12,0.5,6.66,112,145,111,150,300,331,305,"-1.919","1.919",,,,13,10,3,0,0,2,3,23.1,0,0,"2.71","0.58","1.18","-1.12","92.5",168,40,10,7.6923076923076925,6.1,-1.28,-0.37,1.96,0.385,1,"5.644117647",,,"-5.644117647",,,,,36.4,,,,,,,
34,593974,"Peralta, Wandy",77,44.2,0,0,0,0,0,,,0,9,80.3,7.2,2197,89,87.94,7,16,18,-1.0999999999999943,5.65,115,151,120,149,296,320,292,"2.059","-2.059",,,,9,5,0,0,0,0,4,44.4,0,0,"2.47","0.41","1.31","-0.83","88.4",92,0,0,0,5.96,0.51,0.54,1.48,0,0,"-6.055882353",,,"6.055882353",,,,,43.8,,,,,,,
34,606965,"Devenski, Chris",80,42.5,0.375,0.125,0.5,0.5,0.38,,,3,8,91.6,4.3,1535,82.8,82.45,4,17,17,-0.29999999999999716,6.23,111,145,119,150,280,303,277,"-0.474","0.474",,,,8,6,2,1,0,0,2,25,0,0,"3.36","-0.02","1.16","-0.51","93.0",74,50,16.666666666666664,12.5,6.2,-0.08,0.32,1.58,0.375,1,"1.394117647",,,"-1.394117647",,,,,23.5,,,,,,,
33,676395,"Garcia, Robert",98,33.7,0.182,0.273,0.25,0.455,0.267,,,2,11,97.8,8,1656,88.3,87.95,6,17,16,-0.3999999999999915,6.26,114,152,123,150,308,324,303,"0.437","-0.437",,,,11,5,1,0,0,1,6,54.5,0,0,"2.96","-0.02","1.21","-0.58","98.4",168,80,60,27.27272727272727,5.57,3.7,-0.07,1.89,0.182,3,"-1.324242424",,,"1.324242424",,,,,35.3,,,,,,,
33,663978,"Paddack, Chris",200,16.5,0.25,0,0.333,0.25,0.275,,,2,8,83.9,-13.5,1724,84.9,85.73,5,16,17,0.7999999999999972,6.82,111,146,125,150,287,316,290,"-0.107","0.107",,,,9,6,2,0,0,0,2,22.2,1,11.1,"2.6","0.57","1.28","-0.65","89.2",89,16.666666666666664,0,0,6.01,-2.35,-0.39,1.45,0.333,0,"0.324242424",,,"-0.324242424",,,,,31.3,,,,,,,
33,607067,"Rea, Colin",339,9.7,0.375,0.375,0.4,0.75,0.503,,,3,8,87.6,8.7,1392,87.2,87.89,4,16,17,0.7000000000000028,6.67,113,147,116,151,297,331,305,"-0.799","0.799",,,,9,6,2,0,0,1,2,22.2,1,11.1,"3.09","-0.1","0.93","-0.82","93.1",81,33.33333333333333,16.666666666666664,11.11111111111111,5.58,-1.59,-0.33,1.84,0.444,1,"2.421212121",,,"-2.421212121",,,,,25,,,,,,,
32,642207,"Williams, Devin",82,39,0,0,0,0,0,,,0,7,90.3,29.3,2430,84.3,84.92,8,14,18,0.6000000000000085,6.96,109,151,125,150,291,319,279,"1.382","-1.382",,,,7,3,0,0,0,0,4,57.1,0,0,"3.29","-0.04","1.75","0.74","91.1",138,66.66666666666666,0,0,5.17,-2.54,0.06,1.44,0,0,"-4.31875",,,"4.31875",,,,,57.1,,,,,,,
32,807743,"Sullivan, Sean",177,18.1,0.25,0,0.25,0.25,0.223,,,2,8,82.9,16.4,1638,81.4,83.07,5,18,14,1.6999999999999886,7.53,109,153,118,147,305,319,296,"0.614","-0.614",,,,8,8,2,0,0,0,0,0,0,0,"2.54","0.92","1.02","-0.91","93.4",156,25,0,0,5.5,3.12,0.61,2.28,0.25,0,"-1.91875",,,"1.91875",,,,,27.8,,,,,,,
32,624133,"Suarez, Ranger",147,21.8,0.286,0,0.4,0.286,0.31,,,2,7,76.7,7.2,1227,80.3,79.67,3,12,20,-0.5999999999999943,5.97,108,148,125,146,289,312,288,"-0.603","0.603",,,,8,5,2,0,0,0,2,25,1,12.5,"3.33","0.22","0.84","-0.47","88.2",135,0,0,0,5.88,2.18,0.07,1.36,0.375,0,"1.884375",,,"-1.884375",,,,,25,,,,,,,
32,677976,"Dobnak, Randy",184,17.4,0.286,0.143,0.4,0.429,0.36,,,2,7,95.5,-6.4,1156,85.8,84.7,5,14,18,-1.0999999999999943,5.61,114,146,119,147,301,329,298,"-0.52","0.52",,,,8,5,1,1,0,0,2,25,0,0,"3.3","-0.2","0.81","-0.05","94.3",77,60,0,0,5.57,-1.92,0.25,1.11,0.375,0,"1.625",,,"-1.625",,,,,35.7,,,,,,,
32,656924,"Ryan, Ryder",186,17.2,0.182,0.091,0.25,0.273,0.238,,,2,11,95.8,19,1696,89.1,89.53,4,18,14,0.4000000000000057,6.48,118,149,124,151,297,324,296,"0.202","-0.202",,,,12,8,1,1,0,0,3,25,1,8.3,"2.5","0.36","1.3","-0.43","93.5",169,50,25,16.666666666666664,5.37,-1.27,0.16,1.68,0.25,2,"-0.63125",,,"0.63125",,,,,22.2,,,,,,,
32,669461,"Liberatore, Matthew",209,15.3,0.25,0.125,0.286,0.375,0.269,,,2,8,88.2,16,1800,88.4,88.42,8,20,12,0,6.22,104,151,118,147,291,309,277,"0.598","-0.598",,,,8,7,1,1,0,0,1,12.5,0,0,"2.13","0.78","1.18","-1.18","92.2",126,28.57142857142857,0,0,6.51,0.57,0.54,2.27,0.25,0,"-1.86875",,,"1.86875",,,,,40,,,,,,,
32,806188,"Gibson, Cade",180,17.8,0.5,0,0.667,0.5,0.445,,,4,8,82.4,-10,1901,85.2,84.37,6,15,17,-0.7999999999999972,5.91,113,148,128,147,291,317,292,"-0.622","0.622",,,,8,6,4,0,0,0,2,25,0,0,"2.94","0.22","1.07","-0.73","91.0",86,16.666666666666664,0,0,5.77,2.36,0.02,1.62,0.5,0,"1.94375",,,"-1.94375",,,,,40,,,,,,,
32,621244,"Berríos, José",164,19.5,0,0,0,0,0,,,0,4,89.2,19,1462,84.9,84.85,4,11,21,0,6.38,113,147,115,146,292,328,292,"0.459","-0.459",,,,4,2,0,0,0,0,2,50,0,0,"2.93","0.25","1.06","-0.21","88.7",159,0,0,0,5.54,-2.97,-0.42,1.7,0,0,"-1.434375",,,"1.434375",,,,,36.4,,,,,,,
32,806960,"Morales, Luis",365,8.8,0.143,0.143,0.167,0.286,0.245,,,1,7,82,-1.2,2080,89.3,89.02,4,14,18,-0.29999999999999716,6.11,115,147,122,152,295,327,305,"0.193","-0.193",,,,8,6,0,1,0,0,1,12.5,1,12.5,"1.93","0.93","1.19","-1.19","90.5",81,16.666666666666664,0,0,5.76,-1.79,-0.44,1.99,0.25,0,"-0.603125",,,"0.603125",,,,,28.6,,,,,,,
32,811307,"Wenninger, Jack",131,24.4,0.1,0,0.5,0.1,0.191,,,1,10,87.9,14.5,1307,85.3,85.28,11,19,13,0,6.11,116,147,125,150,279,309,280,"0.908","-0.908",,,,12,2,1,0,0,0,8,66.7,2,16.7,"2.68","0.43","1.02","-0.55","93.3",106,50,0,0,6.58,-1.66,-0.13,1.95,0.25,0,"-2.8375",,,"2.8375",,,,,57.9,,,,,,,
32,691951,"Aldegheri, Sam",101,31.7,0.333,0.167,0.4,0.5,0.444,,,2,6,79.1,28.6,1915,80.8,80.23,7,15,17,-0.5999999999999943,5.86,98,145,109,142,304,324,296,"-1.149","1.149",,,,8,5,1,1,0,0,1,12.5,2,25,"2.68","0.82","1.04","-0.8","88.6",152,0,0,0,5.98,1.68,0.48,1.69,0.5,0,"3.590625",,,"-3.590625",,,,,46.7,,,,,,,
32,671106,"Allen, Logan",236,13.6,0.5,0,0.5,0.5,0.481,,,3,6,87.5,8.8,966,81.9,81.97,1,13,19,0.09999999999999432,6.21,110,150,125,144,296,321,295,"-1.322","1.322",,,,7,6,3,0,0,0,0,0,1,14.3,"2.97","0.41","0.59","-0.59","94.2",93,66.66666666666666,16.666666666666664,14.285714285714285,5.54,2.19,0.67,2.2,0.571,1,"4.13125",,,"-4.13125",,,,,7.7,,,,,,,
31,681190,"Vásquez, Randy",276,11.2,0,0,0,0,0,,,0,11,95.5,18.4,2186,88.8,87.97,5,18,13,-0.7999999999999972,5.88,115,147,120,151,292,321,304,"2.242","-2.242",,,,11,8,0,0,0,0,3,27.3,0,0,"2.65","0.25","1.48","-1.4","93.2",163,50,0,0,5.92,-2.17,-0.41,2.01,0,0,"-7.232258065",,,"7.232258065",,,,,27.8,,,,,,,
31,669445,"Laskey, Adam",201,15.4,0.375,0,0.5,0.375,0.334,,,3,8,90.2,4.3,1472,84.3,84.39,6,17,14,0.10000000000000853,6.3,109,153,118,148,295,323,297,"-0.398","0.398",,,,8,6,3,0,0,0,2,25,0,0,"2.97","0.23","0.42","-0.34","92.7",87,50,0,0,5.75,1.85,0.51,1.85,0.375,0,"1.283870968",,,"-1.283870968",,,,,35.3,,,,,,,
31,686218,"Sheehan, Emmet",195,15.9,0.333,0.222,0.429,0.556,0.408,,,3,9,88.2,15.6,1253,84,84.44,5,15,16,0.4000000000000057,6.58,114,148,128,150,294,326,301,"-1.266","1.266",,,,10,7,2,0,1,0,2,20,1,10,"3.24","-0.01","1.01","-0.55","91.2",187,28.57142857142857,0,0,5.39,-1.09,0.01,2.03,0.4,0,"4.083870968",,,"-4.083870968",,,,,33.3,,,,,,,
31,682967,"Sweet, Devin",78,39.7,0.5,0.833,0.667,1.333,0.737,,,3,6,91.2,29.5,1895,77.9,78.08,5,11,20,0.19999999999998863,6.25,111,149,127,150,287,315,287,"-3.639","3.639",,,,9,4,1,0,1,1,2,22.2,3,33.3,"3.41","0.33","0.78","-0.11","94.0",253,75,25,11.11111111111111,5.89,-0.84,-0.05,1.33,0.667,1,"11.738709677",,,"-11.738709677",,,,,45.5,,,,,,,
30,685299,"Gordon, Tanner",146,20.5,0.111,0,0.143,0.111,0.099,,,1,9,89.4,35.3,2092,84.5,84.29,6,20,10,-0.20000000000000284,6.16,110,148,120,149,301,328,300,"1.644","-1.644",,,,9,7,1,0,0,0,2,22.2,0,0,"2.26","0.94","1.15","-0.07","94.7",159,14.285714285714285,14.285714285714285,11.11111111111111,6.36,-2.71,-0.35,2.4,0.111,1,"-5.48",,,"5.48",,,,,30,,,,,,,
30,701288,"Webb, Jacob",156,19.2,0.5,0.5,0.5,1,0.653,,,1,2,83.7,-27,1620,87.7,89.1,1,10,20,1.3999999999999915,7.17,111,143,116,146,289,322,287,"-1.593","1.593",,,,3,2,0,1,0,0,0,0,1,33.3,"2.7","0.27","1.39","-0.39","89.0",122,0,0,0,5.41,-2.44,-0.58,2.06,0.667,0,"5.31",,,"-5.31",,,,,10,,,,,,,
30,663465,"Allard, Kolby",201,14.9,0.2,0.3,0.143,0.5,0.361,,,2,10,98.2,18.1,1507,82.7,81.99,2,14,16,-0.7000000000000028,5.75,113,153,121,146,299,325,293,"-1.557","1.557",,,,12,8,1,0,0,1,2,16.7,2,16.7,"2.68","0.65","1.14","-0.84","95.9",193,75,12.5,8.333333333333332,5.66,2.2,0.23,1.79,0.333,1,"5.19",,,"-5.19",,,,,14.3,,,,,,,
30,689690,"Jacob, Alek",76,39.5,0.143,0,0.333,0.143,0.199,,,1,7,88.8,8.3,2008,72.4,73.12,7,16,14,0.6999999999999886,7.18,121,148,125,151,310,326,303,"0.799","-0.799",,,,8,3,1,0,0,0,4,50,1,12.5,"4.35","0.06","1.6","-0.73","91.2",140,66.66666666666666,0,0,4.04,-3.14,-0.35,1.72,0.25,0,"-2.663333333",,,"2.663333333",,,,,43.8,,,,,,,
30,518876,"Kelly, Merrill",124,24.2,0.375,0,0.375,0.375,0.407,,,3,8,86.7,-0.9,2130,87.6,87.06,3,15,15,-0.5,5.91,109,147,115,150,294,320,297,"-1.158","1.158",,,,10,8,3,0,0,0,0,0,2,20,"2.87","0.1","1.14","-0.64","92.9",122,50,0,0,5.6,-1.89,-0.41,1.58,0.5,0,"3.86",,,"-3.86",,,,,20,,,,,,,
30,453286,"Scherzer, Max",178,16.9,0.143,0,0.167,0.143,0.199,,,1,7,88.5,7.8,1434,84.6,84.87,2,13,17,0.30000000000001137,6.38,117,148,125,147,290,323,289,"0.687","-0.687",,,,8,6,1,0,0,0,1,12.5,1,12.5,"2.71","0.46","1.21","-0.08","92.0",158,16.666666666666664,16.666666666666664,12.5,5.61,-3.34,-0.39,1.96,0.25,1,"-2.29",,,"2.29",,,,,15.4,,,,,,,
30,680570,"Rodriguez, Grayson",239,12.6,0,0,0,0,0.175,,,0,3,71.2,9,1688,81.9,83.35,3,12,18,1.3999999999999915,7.1,107,147,113,147,298,318,301,"-0.114","0.114",,,,4,2,0,0,0,0,1,25,1,25,"2.93","0.45","0.9","-0.21","94.2",138,50,0,0,5.69,-2.63,-0.74,1.89,0.25,0,"0.38",,,"-0.38",,,,,25,,,,,,,
30,686678,"Solesky, Chase",137,21.9,0.125,0,0.2,0.125,0.111,,,1,8,83.8,9.8,1094,86.9,88.01,2,15,15,1.0999999999999943,6.87,109,148,123,149,286,318,287,"1.144","-1.144",,,,8,5,1,0,0,0,3,37.5,0,0,"2.81","0.2","0.7","-0.15","89.7",126,20,0,0,5.62,-1.45,0.37,2.29,0.125,0,"-3.813333333",,,"3.813333333",,,,,13.3,,,,,,,
30,674674,"Sikkema, T.J.",107,28,0.75,0,0.75,0.75,0.668,,,3,4,96.4,8.3,1535,82.4,82.67,0,11,19,0.29999999999999716,6.49,104,149,119,145,290,314,293,"-1.852","1.852",,,,4,4,3,0,0,0,0,0,0,0,"3.29","0.07","1.18","-0.98","92.7",90,50,0,0,5.05,3.07,0.51,2.28,0.75,0,"6.173333333",,,"-6.173333333",,,,,0,,,,,,,
29,686826,"Jarvis, Bryce",103,28.2,0,0,0,0,0,,,0,3,86.5,17.5,1972,83.3,82.52,7,15,14,-0.7999999999999972,5.85,116,146,114,149,292,318,305,"0.979","-0.979",,,,3,2,0,0,0,0,1,33.3,0,0,"2.94","0.36","1.43","-1.33","89.7",134,50,0,0,5.41,-2,-0.32,1.87,0,0,"-3.375862069",,,"3.375862069",,,,,46.7,,,,,,,
29,675660,"Drohan, Shane",218,13.3,0,0,0,0,0,,,0,6,84.5,-17.7,1442,84.1,83.54,6,14,15,-0.5999999999999943,5.9,108,151,120,147,301,319,291,"1.325","-1.325",,,,6,3,0,0,0,0,3,50,0,0,"2.76","0.46","1.01","-1.01","88.2",105,0,0,0,5.71,1.38,0.63,2.02,0,0,"-4.568965517",,,"4.568965517",,,,,42.9,,,,,,,
29,694312,"Workman, Logan",140,20.7,0.286,0,0.5,0.286,0.353,,,2,7,78.6,21.3,2246,84.2,83.46,7,14,15,-0.7000000000000028,5.91,117,146,120,152,287,325,296,"-0.738","0.738",,,,9,4,2,0,0,0,3,33.3,2,22.2,"2.56","0.67","1.51","-1.19","89.1",153,0,0,0,5.86,-2.21,-0.68,1.87,0.444,0,"2.544827586",,,"-2.544827586",,,,,50,,,,,,,
29,605218,"Edwards Jr., Carl",144,20.1,0.25,0,0.667,0.25,0.223,,,2,8,104,4.7,1693,89.3,90.09,4,14,15,0.7999999999999972,6.89,120,148,128,152,276,316,303,"-0.102","0.102",,,,8,3,2,0,0,0,5,62.5,0,0,"2.03","0.84","1.14","-0.85","95.2",125,100,0,0,6.34,-2.3,-0.24,2.2,0.25,0,"0.351724138",,,"-0.351724138",,,,,28.6,,,,,,,
29,676050,"Naughton, Packy",81,35.8,0.091,0,0.167,0.091,0.081,,,1,11,76.7,0.8,1581,85.1,84.78,10,18,11,-0.29999999999999716,6.04,110,150,122,148,288,318,285,"2.418","-2.418",,,,11,6,1,0,0,0,5,45.5,0,0,"2.49","0.66","1.22","-0.68","90.5",73,16.666666666666664,0,0,5.83,2.35,0.78,1.94,0.091,0,"-8.337931034",,,"8.337931034",,,,,55.6,,,,,,,
29,471911,"Carrasco, Carlos",125,23.2,0.4,0.7,0.333,1.1,0.625,,,4,10,93.5,34,1270,84.6,85.36,3,16,13,0.8000000000000114,6.66,111,150,129,149,303,322,295,"-4.038","4.038",,,,10,8,1,1,0,2,2,20,0,0,"3.08","0.09","0.59","-0.25","95.6",242,62.5,25,20,5.82,-1.69,-0.29,1.57,0.4,2,"13.924137931",,,"-13.924137931",,,,,18.8,,,,,,,
29,672782,"Gómez, Yoendrys",166,17.5,0.286,0.429,0.167,0.714,0.42,,,2,7,96.6,8.1,1737,89.7,90.13,2,14,15,0.3999999999999915,6.7,112,144,119,149,296,323,295,"-1.857","1.857",,,,7,7,1,0,0,1,0,0,0,0,"2.42","0.43","1.29","-0.66","94.6",120,57.14285714285714,0,0,5.39,-1.86,-0.41,2.14,0.286,0,"6.403448276",,,"-6.403448276",,,,,14.3,,,,,,,
29,666155,"King, Chuck",137,21.2,0.222,0,0.5,0.222,0.248,,,2,9,82.5,-2.8,1063,84.2,84.19,10,17,12,0,6.16,119,150,122,150,288,317,289,"0.134","-0.134",,,,10,4,2,0,0,0,5,50,1,10,"3.22","-0.02","0.8","-0.41","91.1",50,0,0,0,6.11,-2.8,-0.71,1.92,0.3,0,"-0.462068966",,,"0.462068966",,,,,58.8,,,,,,,
29,676596,"Fleming, Josh",121,24,0.143,0,0.25,0.143,0.199,,,1,7,97.9,9.8,1552,81.4,81.63,7,13,16,0.19999999999998863,6.49,104,149,124,144,295,324,283,"0.239","-0.239",,,,8,4,1,0,0,0,3,37.5,1,12.5,"3.43","0.02","1.12","-1","94.6",151,60,0,0,5.33,3.23,0.62,1.61,0.25,0,"-0.824137931",,,"0.824137931",,,,,53.8,,,,,,,
29,669432,"Rogers, Trevor",209,13.9,0.364,0.273,0.375,0.636,0.429,,,4,11,97.2,14.8,1435,85.9,86.61,5,15,14,0.6999999999999886,6.77,103,150,126,147,289,320,285,"-1.356","1.356",,,,11,9,3,0,0,1,2,18.2,0,0,"2.98","0.11","1","-0.19","96.3",153,66.66666666666666,11.11111111111111,9.090909090909092,5.75,1.93,0.29,1.53,0.364,1,"4.675862069",,,"-4.675862069",,,,,33.3,,,,,,,
29,693821,"Elder, Bryce",218,13.3,0,0,0,0,0.233,,,0,2,81.4,3.5,1386,85.9,85.45,5,11,18,-0.5,6.26,121,147,118,146,304,319,298,"-0.127","0.127",,,,3,2,0,0,0,0,0,0,1,33.3,"2.66","0.45","1.02","-0.74","89.4",184,0,0,0,6.35,-1.56,-0.46,1.26,0.333,0,"0.437931034",,,"-0.437931034",,,,,45.5,,,,,,,
29,642528,"Loáisiga, Jonathan",136,21.3,0.1,0,0.25,0.1,0.089,,,1,10,92.8,20.3,1778,90.2,90.48,10,19,10,0.29999999999999716,6.45,115,148,121,152,290,318,304,"1.516","-1.516",,,,10,4,1,0,0,0,6,60,0,0,"2.3","0.5","1.34","-1.25","91.9",122,25,0,0,5.58,-2.31,-0.49,1.67,0.1,0,"-5.227586207",,,"5.227586207",,,,,52.6,,,,,,,
29,669022,"Gore, MacKenzie",251,11.6,0.3,0.1,0.333,0.4,0.34,,,3,10,94.8,17,1994,86,86.98,5,17,12,1,6.94,109,151,123,148,306,318,302,"-0.391","0.391",,,,11,9,2,1,0,0,1,9.1,1,9.1,"2.34","0.74","1.12","-1.03","94.4",151,55.55555555555556,11.11111111111111,9.090909090909092,5.49,1.76,0.37,1.92,0.364,1,"1.348275862",,,"-1.348275862",,,,,29.4,,,,,,,
29,669920,"Alexander, Jason",108,26.9,0.429,0.429,0.4,0.857,0.581,,,3,7,89.2,14.7,1787,79.3,79.67,3,14,15,0.4000000000000057,6.55,117,148,124,150,298,320,290,"-2.022","2.022",,,,9,6,2,0,0,1,1,11.1,2,22.2,"3.49","0.15","1.49","-0.8","92.9",151,50,0,0,5.49,-1.58,-0.18,1.67,0.556,0,"6.972413793",,,"-6.972413793",,,,,21.4,,,,,,,
29,666157,"Lodolo, Nick",246,11.8,0.429,0.143,0.429,0.571,0.468,,,3,7,86.4,6.3,1843,88.4,87.99,3,16,13,-0.4000000000000057,6.08,105,153,116,147,299,328,292,"-0.303","0.303",,,,8,7,2,1,0,0,0,0,1,12.5,"2.9","0.03","1.32","-1.32","92.5",88,28.57142857142857,0,0,5.45,3.72,0.37,1.78,0.5,0,"1.044827586",,,"-1.044827586",,,,,18.8,,,,,,,
28,656849,"Peterson, David",197,14.2,0.222,0.333,0.125,0.556,0.327,,,2,9,87.2,16.6,1516,84.5,85.99,3,17,11,1.5,7.1,102,151,124,148,297,319,279,"-1.562","1.562",,,,9,9,1,0,0,1,0,0,0,0,"2.76","0.42","0.98","-0.88","91.4",151,22.22222222222222,11.11111111111111,11.11111111111111,6.14,2.23,0.77,2.13,0.222,1,"5.578571429",,,"-5.578571429",,,,,17.6,,,,,,,
28,668678,"Gallen, Zac",185,15.1,0.417,0.333,0.4,0.75,0.527,,,5,12,94.7,7.1,1613,87,87.43,3,19,9,0.4000000000000057,6.47,117,146,118,151,305,327,314,"-1.775","1.775",,,,14,11,3,1,0,1,1,7.1,2,14.3,"2.63","0.37","0.96","-0.85","95.1",138,54.54545454545454,9.090909090909092,7.142857142857142,5.88,-2.85,-0.44,1.64,0.5,1,"6.339285714",,,"-6.339285714",,,,,15.8,,,,,,,
28,669923,"Kirby, George",233,12,0,0,0,0,0.116,,,0,5,97.3,-2.3,1669,88.4,88.85,7,14,14,0.5,6.56,116,147,124,150,296,320,305,"0.733","-0.733",,,,6,3,0,0,0,0,2,33.3,1,16.7,"2.54","0.38","1.07","-0.25","93.4",3,66.66666666666666,0,0,5.74,-1.56,-0.04,1.55,0.167,0,"-2.617857143",,,"2.617857143",,,,,50,,,,,,,
28,694738,"Roupp, Landen",243,11.5,0.222,0,0.25,0.222,0.198,,,2,9,88.2,-4.5,1971,87.4,87.08,3,13,15,-0.30000000000001137,6.08,112,146,113,149,300,329,304,"-0.185","0.185",,,,9,8,2,0,0,0,1,11.1,0,0,"3.08","-0.09","1.33","-0.97","95.0",89,62.5,12.5,11.11111111111111,5.14,-2.12,-0.14,1.49,0.222,1,"0.660714286",,,"-0.660714286",,,,,23.1,,,,,,,
28,571945,"Mikolas, Miles",188,14.9,0.5,0,0.5,0.5,0.445,,,2,4,92.4,-10,1555,85.8,85.91,2,11,17,0.10000000000000853,6.11,109,145,116,151,289,328,300,"-0.296","0.296",,,,4,4,2,0,0,0,0,0,0,0,"2.91","0.16","1.1","-0.73","92.5",40,50,0,0,6.26,-1.69,-0.34,1.76,0.5,0,"1.057142857",,,"-1.057142857",,,,,18.2,,,,,,,
28,683068,"Penrod, Zach",91,30.8,0.143,0.143,0.333,0.286,0.249,,,1,7,86.2,-7.7,1783,87.4,87.9,6,11,17,0.5,6.63,109,150,119,147,295,317,282,"-0.23","0.23",,,,8,3,0,1,0,0,4,50,0,0,"2.42","0.57","1.13","-0.82","91.2",47,33.33333333333333,0,0,5.92,1.4,0.47,1.69,0.25,0,"0.821428571",,,"-0.821428571",,,,,54.5,,,,,,,
28,701565,"Schultz, Connor",109,25.7,0.2,0.6,0,0.8,0.497,,,1,5,92.7,26.5,1847,81,81.71,5,12,16,0.7000000000000028,6.64,115,148,119,150,300,327,306,"-0.894","0.894",,,,7,4,0,0,0,1,1,14.3,1,14.3,"2.97","0.48","1.08","-0.41","94.5",88,50,25,14.285714285714285,6.08,-1.3,-0.79,2.17,0.429,1,"3.192857143",,,"-3.192857143",,,,,41.7,,,,,,,
28,663460,"Bubic, Kris",194,14.4,0.4,0,0.5,0.4,0.356,,,2,5,101.1,3,1480,86,86.63,8,17,11,0.5999999999999943,6.51,104,148,120,146,294,323,298,"-0.018","0.018",,,,5,4,2,0,0,0,1,20,0,0,"2.97","0.09","0.78","-0.51","95.7",101,100,0,0,5.74,2.01,0.12,1.57,0.4,0,"0.064285714",,,"-0.064285714",,,,,47.1,,,,,,,
28,686753,"Jameson, Drey",101,27.7,0.571,0.143,0.8,0.714,0.603,,,4,7,97.4,28,2086,89.7,88.62,8,18,10,-1.1000000000000085,5.57,109,144,118,146,300,321,304,"-2.016","2.016",,,,10,5,3,1,0,0,2,20,3,30,"2.35","0.47","1.34","-0.26","94.8",126,60,0,0,5.62,-2.43,-0.01,1.71,0.7,0,"7.2",,,"-7.2",,,,,44.4,,,,,,,
27,663804,"Kowar, Jackson",126,21.4,0.333,0,0.667,0.333,0.354,,,2,6,81.4,2,2479,87.9,87.24,6,12,15,-0.7000000000000028,5.98,110,149,125,148,292,305,285,"-0.775","0.775",,,,7,3,2,0,0,0,3,42.9,1,14.3,"2.6","0.37","1.28","0.23","89.2",77,33.33333333333333,0,0,6.07,-0.28,0.12,1.61,0.429,0,"2.87037037",,,"-2.87037037",,,,,50,,,,,,,
27,642232,"Yarbrough, Ryan",133,20.3,0.111,0,0.143,0.111,0.099,,,1,9,90.5,36.1,1904,77.2,76.73,2,14,13,-0.5,6.14,107,148,124,145,290,326,288,"1.96","-1.96",,,,9,7,1,0,0,0,2,22.2,0,0,"3.66","0.2","1.37","-1.27","92.2",248,42.857142857142854,0,0,5.39,2.99,0.17,2.19,0.111,0,"-7.259259259",,,"7.259259259",,,,,14.3,,,,,,,
27,696070,"Rojas, Kendry",109,24.8,0.143,0,0.2,0.143,0.127,,,1,7,93,0.6,1191,88.1,89.16,6,14,13,1.1000000000000085,6.8,108,147,120,143,284,319,285,"0.256","-0.256",,,,7,5,1,0,0,0,2,28.6,0,0,"2.49","0.43","0.82","-0.82","94.1",81,60,0,0,6.08,1.54,0.46,2.07,0.143,0,"-0.948148148",,,"0.948148148",,,,,42.9,,,,,,,
27,694298,"Dombkowski, Nick",108,25,0.222,0.111,0.286,0.333,0.354,,,2,9,81.4,13.6,1729,85.6,85.25,5,14,13,-0.29999999999999716,6.13,105,150,122,148,297,320,287,"-1.825","1.825",,,,12,7,1,1,0,0,2,16.7,3,25,"2.16","0.96","1.05","-0.48","91.5",138,28.57142857142857,14.285714285714285,8.333333333333332,6.05,1.45,0.61,2.1,0.417,1,"6.759259259",,,"-6.759259259",,,,,35.7,,,,,,,
27,605135,"Bassitt, Chris",285,9.5,0,0,0,0,0,,,0,3,91.9,-1.3,1690,84,84.06,1,9,18,0.09999999999999432,6.29,114,148,119,150,276,311,289,"0.287","-0.287",,,,3,3,0,0,0,0,0,0,0,0,"3.17","0.05","1.22","-0.69","93.9",110,33.33333333333333,0,0,5.38,-1.79,-0.23,1.86,0,0,"-1.062962963",,,"1.062962963",,,,,11.1,,,,,,,
27,680802,"Weiss, Ryan",175,15.4,0.25,0,0.333,0.25,0.318,,,1,4,89.4,0.7,1337,87.7,87.83,3,9,18,0.09999999999999432,6.54,110,141,123,146,298,325,295,"-0.054","0.054",,,,5,3,1,0,0,0,1,20,1,20,"2.82","0.16","1.03","-0.26","90.4",187,33.33333333333333,0,0,5.82,-2.41,-0.17,1.72,0.4,0,"0.2",,,"-0.2",,,,,33.3,,,,,,,
27,804636,"Tong, Jonah",129,20.9,0.222,0.222,0.5,0.444,0.322,,,2,9,85.5,18.5,1612,85.1,85.39,3,9,18,0.30000000000001137,6.73,116,147,126,150,296,315,297,"-0.074","0.074",,,,10,4,1,0,1,0,5,50,0,0,"2.46","0.71","1.05","-0.34","95.6",164,50,0,0,5.87,-2.77,0.6,1.66,0.3,0,"0.274074074",,,"-0.274074074",,,,,33.3,,,,,,,
26,695766,"Molina, Mason",90,28.9,0.25,0,0.333,0.25,0.223,,,1,4,80.7,6.7,2209,83.3,83.72,5,12,14,0.4000000000000057,6.66,110,151,118,147,291,315,295,"0.103","-0.103",,,,4,3,1,0,0,0,1,25,0,0,"2.68","0.61","1.49","-1.26","88.9",38,0,0,0,5.79,1.53,0.37,1.57,0.25,0,"-0.396153846",,,"0.396153846",,,,,41.7,,,,,,,
26,689017,"Knack, Landon",116,22.4,0.25,0.25,0.333,0.5,0.327,,,1,4,86,27.7,1837,85.2,84.35,5,17,9,-0.9000000000000057,5.89,114,148,110,150,292,319,300,"0.322","-0.322",,,,6,3,0,1,0,0,2,33.3,1,16.7,"2.49","0.67","0.92","-0.39","88.8",148,0,0,0,6.01,-1.17,0,1.66,0.333,0,"-1.238461538",,,"1.238461538",,,,,29.4,,,,,,,
26,680732,"Burke, Sean",269,9.7,0,0,0,0,0,,,0,5,85.5,-6.5,1793,86.2,87.17,7,12,14,1,6.87,116,146,120,150,296,329,307,"0.751","-0.751",,,,5,4,0,0,0,0,1,20,0,0,"2.21","0.85","1.08","-1.08","92.1",48,50,0,0,6.18,-2.26,-0.34,1.88,0,0,"-2.888461538",,,"2.888461538",,,,,58.3,,,,,,,
26,592662,"Ray, Robbie",306,8.5,0,0,0,0,0,,,0,4,87.8,-2,1601,86.1,85.52,6,13,13,-0.5999999999999943,5.92,106,151,122,147,314,335,293,"0.978","-0.978",,,,4,3,0,0,0,0,1,25,0,0,"2.22","0.85","0.83","-0.81","92.4",66,33.33333333333333,0,0,6.2,2.71,-0.07,1.68,0,0,"-3.761538462",,,"3.761538462",,,,,46.2,,,,,,,
26,700413,"Uberstine, Tyler",138,18.8,0.333,0.5,0.333,0.833,0.52,,,2,6,94.3,32,1781,85.7,85.41,6,14,12,-0.29999999999999716,6.23,111,142,120,145,297,313,293,"-0.788","0.788",,,,7,4,1,0,0,1,2,28.6,1,14.3,"2.95","0.17","1.44","-0.9","94.1",240,50,50,28.57142857142857,5.14,-1.74,0.19,1.94,0.429,2,"3.030769231",,,"-3.030769231",,,,,42.9,,,,,,,
26,544150,"Suárez, Albert",200,13,0.25,0,0.286,0.25,0.318,,,2,8,89.6,35.9,1973,84.3,84.83,4,13,13,0.5,6.75,107,145,117,144,292,317,288,"-0.156","0.156",,,,10,7,2,0,0,0,1,10,2,20,"2.55","0.67","1.42","-0.78","91.3",222,42.857142857142854,0,0,6.01,-1.76,-0.45,1.75,0.4,0,"0.6",,,"-0.6",,,,,30.8,,,,,,,
26,664948,"Misiewicz, Anthony",87,29.9,0.4,0.2,0.5,0.6,0.43,,,2,5,93.7,9.5,1937,86,85.87,3,12,14,-0.09999999999999432,6.12,110,150,116,148,302,318,296,"-0.53","0.53",,,,5,4,1,1,0,0,1,20,0,0,"2.31","0.77","1.03","-0.54","92.0",67,25,0,0,6.04,0.78,0.26,1.99,0.4,0,"2.038461538",,,"-2.038461538",,,,,25,,,,,,,
26,434378,"Verlander, Justin",257,10.1,0.25,0.375,0.667,0.625,0.357,,,2,8,83.9,19,1602,83.4,82.98,9,14,12,-0.4000000000000057,5.96,124,148,126,152,283,323,297,"-0.289","0.289",,,,8,3,0,1,1,0,5,62.5,0,0,"2.63","0.64","1.08","-0.6","89.8",176,33.33333333333333,0,0,7.02,-1.98,-0.3,2.07,0.25,0,"1.111538462",,,"-1.111538462",,,,,64.3,,,,,,,
26,696149,"Chandler, Bubba",203,12.8,0.333,0,1,0.333,0.397,,,1,3,61.8,-44,1942,92.8,93.24,5,11,15,0.4000000000000057,6.62,116,148,121,151,288,319,290,"-0.745","0.745",,,,4,1,1,0,0,0,2,50,1,25,"2.3","0.35","1.37","-0.57","88.9",15,0,0,0,5.63,-1.59,-0.46,1.5,0.5,0,"2.865384615",,,"-2.865384615",,,,,45.5,,,,,,,
26,683101,"Goss, JJ",90,28.9,0.2,0,0.25,0.2,0.265,,,1,5,93.2,-6,1432,87.3,88.26,2,9,17,1,6.74,115,148,114,148,298,321,296,"-0.088","0.088",,,,6,4,1,0,0,0,1,16.7,1,16.7,"2.73","0.26","0.83","-0.03","93.1",96,50,0,0,5.69,-0.99,-0.12,2.03,0.333,0,"0.338461538",,,"-0.338461538",,,,,22.2,,,,,,,
26,666661,"Morillo, Juan",139,18.7,0.1,0.3,0,0.4,0.205,,,1,10,87.8,18,2201,91.8,91.45,4,18,8,-0.3999999999999915,6.07,121,148,120,151,300,327,308,"0.715","-0.715",,,,10,8,0,0,0,1,2,20,0,0,"2.09","0.61","1.28","-0.57","95.5",131,50,12.5,10,5.89,-1.8,-0.34,1.62,0.1,1,"-2.75",,,"2.75",,,,,22.2,,,,,,,
25,608344,"Irvin, Cole",131,19.1,0.333,0.667,0.143,1,0.569,,,3,9,94.4,15.7,1482,81.8,81.82,0,10,15,0,6.29,104,153,121,146,299,325,293,"-2.336","2.336",,,,10,9,1,0,0,2,0,0,1,10,"2.78","0.63","1.01","-1.01","97.7",241,66.66666666666666,33.33333333333333,30,5.99,1.51,0.38,1.91,0.4,3,"9.344",,,"-9.344",,,,,0,,,,,,,
25,692404,"Saladin, Darlin",66,37.9,0.4,0,0.5,0.4,0.413,,,2,5,78.9,1.8,1157,84.4,83.89,2,12,13,-0.5,5.78,117,148,115,149,281,309,295,"-0.577","0.577",,,,6,4,2,0,0,0,1,16.7,1,16.7,"3.05","0.13","0.97","-0.43","89.8",112,0,0,0,5.41,-1.34,-0.04,2.2,0.5,0,"2.308",,,"-2.308",,,,,16.7,,,,,,,
25,669330,"Wells, Tyler",101,24.8,0.111,0.333,0,0.444,0.228,,,1,9,89.3,13,1868,86.3,86.24,10,17,8,-0.09999999999999432,6.34,115,145,125,149,287,312,293,"0.746","-0.746",,,,9,4,0,0,0,1,5,55.6,0,0,"1.89","1.18","1.21","-1.05","90.0",145,33.33333333333333,0,0,6.99,-0.96,-0.51,1.92,0.111,0,"-2.984",,,"2.984",,,,,58.8,,,,,,,
25,628452,"Iglesias, Raisel",87,28.7,0.375,0,0.6,0.375,0.334,,,3,8,75.6,22,1941,88.2,87.68,8,17,8,-0.5,6.15,119,148,123,150,300,319,293,"-0.148","0.148",,,,8,5,3,0,0,0,3,37.5,0,0,"2.64","0.31","1.3","-0.94","88.2",122,0,0,0,5.47,-2.26,-0.32,1.65,0.375,0,"0.592",,,"-0.592",,,,,47.1,,,,,,,
25,656848,"Petersen, Michael",148,16.9,0.286,0,0.286,0.286,0.254,,,2,7,87,0.8,1472,89.1,89.58,2,14,11,0.5,6.56,110,145,120,147,286,314,286,"0.479","-0.479",,,,7,7,2,0,0,0,0,0,0,0,"2.3","0.57","1.02","-0.18","92.7",113,16.666666666666664,0,0,6.36,-1.45,-0.31,1.74,0.286,0,"-1.916",,,"1.916",,,,,14.3,,,,,,,
25,696147,"Bachman, Sam",153,16.3,0.25,0,0.333,0.25,0.275,,,2,8,88.8,-14.5,1854,91.8,91.74,1,13,12,-0.09999999999999432,6.14,103,144,125,149,293,323,302,"0.321","-0.321",,,,9,6,2,0,0,0,2,22.2,1,11.1,"2.75","-0.05","1.2","-1.2","91.9",82,33.33333333333333,0,0,5.15,-1.84,-0.01,2.3,0.333,0,"-1.284",,,"1.284",,,,,7.7,,,,,,,
25,687075,"Sproat, Brandon",209,12,0.111,0,0.125,0.111,0.099,,,1,9,88.6,-10.8,1750,92.1,92.28,3,14,11,0.20000000000000284,6.4,106,147,116,151,298,322,297,"1.791","-1.791",,,,9,8,1,0,0,0,1,11.1,0,0,"2.39","0.3","1.37","-0.52","93.8",65,37.5,0,0,5.48,-2.34,-0.56,1.76,0.111,0,"-7.164",,,"7.164",,,,,21.4,,,,,,,
25,688107,"Gasser, Robert",205,12.2,0.286,0.143,0.286,0.429,0.307,,,2,7,98.3,1.9,1961,88.3,89.06,2,14,11,0.7999999999999972,6.72,109,151,115,148,293,316,295,"0.36","-0.36",,,,7,7,1,1,0,0,0,0,0,0,"2.75","0.17","1.41","-1.31","96.2",115,71.42857142857143,14.285714285714285,14.285714285714285,5.2,2.36,0.26,2.18,0.286,1,"-1.44",,,"1.44",,,,,14.3,,,,,,,
25,657424,"Gage, Matt",89,28.1,0,0,0,0,0,,,0,9,86.3,47.7,1166,85.4,85.94,5,13,12,0.5,6.52,111,153,122,150,310,333,297,"2.467","-2.467",,,,9,3,0,0,0,0,6,66.7,0,0,"2.7","0.41","0.6","-0.46","90.2",92,0,0,0,6.26,0.84,0.28,2.01,0,0,"-9.868",,,"9.868",,,,,38.5,,,,,,,
24,676568,"Vanasco, Ricky",158,15.2,0.222,0,0.286,0.222,0.178,,,2,9,80.7,-4.6,1318,84.9,85.35,6,15,9,0.3999999999999915,6.52,112,148,118,151,283,319,291,"0.725","-0.725",,,,10,7,2,0,0,0,3,30,0,0,"2.94","0.22","0.95","-0.39","90.3",140,14.285714285714285,0,0,5.76,-1.72,-0.11,2.2,0.2,0,"-3.020833333",,,"3.020833333",,,,,40,,,,,,,
24,695418,"Lord, Brad",199,12.1,0.333,0,0.4,0.333,0.297,,,2,6,82.3,0.2,1871,85.7,84.21,4,11,13,-1.5,5.35,120,147,122,153,290,327,301,"-0.076","0.076",,,,6,5,2,0,0,0,1,16.7,0,0,"2.83","0.28","1.44","-1.34","93.6",105,40,0,0,5.35,-2.62,-0.4,1.58,0.333,0,"0.316666667",,,"-0.316666667",,,,,36.4,,,,,,,
24,660896,"Alcala, Jorge",145,16.6,0.125,0.125,0.2,0.25,0.158,,,1,8,83.1,10.6,1849,90.5,89.47,5,12,12,-1,5.8,115,147,119,146,290,321,289,"0.608","-0.608",,,,8,5,0,1,0,0,3,37.5,0,0,"2.03","0.77","1.18","-0.33","91.0",129,40,0,0,6.58,-1.31,-0.26,2.08,0.125,0,"-2.533333333",,,"2.533333333",,,,,41.7,,,,,,,
24,680767,"Vodnik, Victor",110,21.8,0.286,0.429,0.333,0.714,0.455,,,2,7,83.3,8.5,2108,92.6,93.19,5,11,13,0.6000000000000085,6.58,113,149,114,151,294,317,274,"-0.57","0.57",,,,8,4,1,0,0,1,3,37.5,1,12.5,"2.26","0.39","1.35","-0.35","93.4",195,25,25,12.5,5.3,-2.23,-0.04,1.58,0.375,1,"2.375",,,"-2.375",,,,,45.5,,,,,,,
24,686930,"Barnett, Mason",140,17.1,0.5,0,0.667,0.5,0.496,,,2,4,74.7,-13.3,1127,85.6,84.99,4,14,10,-0.5999999999999943,5.99,112,148,119,150,298,324,300,"-0.445","0.445",,,,5,3,2,0,0,0,1,20,1,20,"2.76","0.37","0.58","-0.39","95.1",59,0,0,0,6.06,-2.26,-0.59,2,0.6,0,"1.854166667",,,"-1.854166667",,,,,28.6,,,,,,,
24,608334,"Fulmer, Carson",86,27.9,0,0,0,0,0,,,0,9,91.4,25.1,1349,84.6,84.06,4,15,9,-0.5,6.11,122,150,121,153,284,314,285,"2.516","-2.516",,,,9,7,0,0,0,0,2,22.2,0,0,"3.08","0.13","1.23","-0.62","93.8",170,42.857142857142854,0,0,5.62,-2.29,-0.12,1.66,0,0,"-10.483333333",,,"10.483333333",,,,,26.7,,,,,,,
24,642547,"Peralta, Freddy",130,18.5,0.2,0,0.333,0.2,0.265,,,1,5,95.7,-17.7,1941,86.7,86.71,4,9,15,0,6.4,119,149,124,150,287,318,295,"-0.046","0.046",,,,6,3,1,0,0,0,2,33.3,1,16.7,"2.75","0.29","1.52","-0.62","97.8",16,66.66666666666666,0,0,5.13,-3.83,-0.27,1.99,0.333,0,"0.191666667",,,"-0.191666667",,,,,44.4,,,,,,,
24,663455,"Pilkington, Konnor",117,20.5,0.333,0.667,0.25,1,0.552,,,2,6,90.2,25.6,1779,84.6,84.65,3,11,13,0.10000000000000853,6.39,108,152,122,148,292,320,285,"-2.246","2.246",,,,6,5,0,1,0,1,1,16.7,0,0,"2.95","0.24","1.35","-0.99","91.2",192,20,20,16.666666666666664,5.61,3.01,0.48,2.12,0.333,1,"9.358333333",,,"-9.358333333",,,,,27.3,,,,,,,
24,676051,"Heuer, Codi",149,16.1,0,0,,0,0.286,,,0,3,,,2184,87,88.44,10,12,12,1.4000000000000057,7.27,118,147,122,149,293,322,298,"-0.156","0.156",,,,5,0,0,0,0,0,3,60,1,20,"2.58","0.44","1.38","-0.44","92.9",132,,,,5.62,-1.57,-0.09,1.38,0.4,,"0.65",,,"-0.65",,,,,83.3,,,,,,,
24,699325,"Rayo, Oscar",29,82.8,0.667,0,0.667,0.667,0.53,,,2,3,84.1,26.3,1982,86.8,86.41,3,10,14,-0.3999999999999915,6.24,118,148,123,146,289,316,296,"-1.157","1.157",,,,6,3,2,0,0,0,1,16.7,2,33.3,"2.53","0.53","1.3","-0.28","88.8",187,0,0,0,5.34,3.6,0.04,2.65,0.667,0,"4.820833333",,,"-4.820833333",,,,,30,,,,,,,
23,642152,"Trivino III, Lou",180,12.8,0.25,0,0.5,0.25,0.324,,,1,4,92.1,-2.5,1771,86.8,86.89,5,11,12,0.10000000000000853,6.37,116,144,116,146,281,313,285,"-0.323","0.323",,,,5,2,1,0,0,0,2,40,0,0,"2.85","0.18","1.31","-0.88","89.3",75,0,0,0,6.13,-1.26,-0.56,1.52,0.4,0,"1.404347826",,,"-1.404347826",,,,,45.5,,,,,,,
23,625643,"López, Reynaldo",289,8,0,0,0,0,0,,,0,3,88.9,8,1538,81.6,82.02,5,10,13,0.4000000000000057,6.51,122,148,130,152,289,322,293,"0.568","-0.568",,,,3,3,0,0,0,0,0,0,0,0,"2.51","0.91","0.94","-0.89","91.4",80,33.33333333333333,0,0,5.9,-1.73,-0.89,1.88,0,0,"-2.469565217",,,"2.469565217",,,,,50,,,,,,,
23,668831,"Stallings, Garrett",73,31.5,0.5,0,0.667,0.5,0.53,,,2,4,77.9,6.7,1721,82.3,82.77,4,10,13,0.5,6.51,114,144,121,147,300,314,297,"-1.456","1.456",,,,6,3,2,0,0,0,1,16.7,2,33.3,"2.82","0.53","1.37","-0.43","88.1",87,0,0,0,5.11,-1.61,-0.42,1.52,0.667,0,"6.330434783",,,"-6.330434783",,,,,40,,,,,,,
23,596001,"Junis, Jakob",82,28,0.2,0,0.333,0.2,0.265,,,1,5,96.9,2,1291,85.4,84.71,7,12,11,-0.7000000000000028,5.84,112,148,123,152,308,322,305,"0.434","-0.434",,,,6,3,1,0,0,0,2,33.3,1,16.7,"3","0.13","1.01","-0.36","93.4",99,33.33333333333333,0,0,5.73,-1.81,-0.03,1.68,0.333,0,"-1.886956522",,,"1.886956522",,,,,58.3,,,,,,,
23,663158,"Suarez, Robert",94,24.5,0.286,0,0.667,0.286,0.254,,,2,7,91.3,-8.3,1806,88.9,89.65,6,16,7,0.7999999999999972,6.85,113,150,125,150,309,320,289,"0.069","-0.069",,,,7,3,2,0,0,0,4,57.1,0,0,"2.34","0.55","1.34","0.41","93.4",54,66.66666666666666,0,0,6.04,-1.67,-0.58,1.8,0.286,0,"-0.3",,,"0.3",,,,,37.5,,,,,,,
23,646241,"De Jesus, Enmanuel",134,17.2,0.25,0.25,1,0.5,0.392,,,1,4,93.7,17,2042,86,85.64,6,9,14,-0.4000000000000057,6.08,106,149,120,145,303,320,285,"-0.471","0.471",,,,5,1,0,1,0,0,3,60,1,20,"2.24","0.85","1.27","-0.76","89.9",96,0,0,0,6.11,2.74,0.27,1.42,0.4,0,"2.047826087",,,"-2.047826087",,,,,66.7,,,,,,,
23,695684,"Rodríguez, Elmer",95,24.2,0,0,0,0,0,,,0,7,73.5,-12.3,1333,88.5,88.87,6,15,8,0.4000000000000057,6.53,107,147,128,149,279,313,286,"1.773","-1.773",,,,7,6,0,0,0,0,1,14.3,0,0,"2.57","0.34","1.09","-0.49","91.1",128,33.33333333333333,0,0,5.5,-2.73,-0.47,1.57,0,0,"-7.708695652",,,"7.708695652",,,,,40,,,,,,,
23,694297,"Pfaadt, Brandon",118,19.5,0,0,0,0,0,,,0,4,74.8,19,2086,86.7,87.15,6,12,11,0.5,6.51,114,149,126,150,304,324,305,"0.205","-0.205",,,,4,2,0,0,0,0,2,50,0,0,"2.68","0.35","1.32","-0.05","89.9",103,0,0,0,5.37,-2.64,-0.61,1.76,0,0,"-0.891304348",,,"0.891304348",,,,,50,,,,,,,
23,624522,"Thompson, Keegan",203,11.3,0.2,0.2,0.333,0.4,0.327,,,1,5,84.3,1,1386,86.2,85.23,3,7,16,-1,5.87,109,149,115,149,291,316,294,"-0.741","0.741",,,,6,3,0,1,0,0,2,33.3,1,16.7,"3.07","0.02","1","-0.31","88.0",97,0,0,0,5.81,-1.63,0.36,1.41,0.333,0,"3.22173913",,,"-3.22173913",,,,,42.9,,,,,,,
23,695505,"Burns, Chase",288,8,0.6,1.2,0.5,1.8,0.982,,,3,5,93.1,23.6,1788,90.3,90.19,2,11,12,-0.09999999999999432,6.23,113,147,115,153,286,317,302,"-3.952","3.952",,,,5,5,0,1,1,1,0,0,0,0,"2.19","0.61","1.02","-0.95","93.6",206,60,20,20,6.51,-1.47,0.26,1.68,0.6,1,"17.182608696",,,"-17.182608696",,,,,18.2,,,,,,,
23,686701,"Bergert, Ryan",210,11,0,0,0,0,0,,,0,3,88,-23,1320,88.7,88.85,3,10,13,0.20000000000000284,6.28,114,146,121,151,293,328,305,"0.634","-0.634",,,,3,3,0,0,0,0,0,0,0,0,"2.35","0.53","0.99","-0.92","92.8",95,33.33333333333333,0,0,5.65,-2.16,-0.24,1.92,0,0,"-2.756521739",,,"2.756521739",,,,,30,,,,,,,
23,823990,"Taylor, Zane",78,29.5,0.2,0.6,0,0.8,0.41,,,1,5,92.6,16.5,1103,84.4,84.35,4,9,14,0,6.15,115,148,119,151,285,320,293,"-0.848","0.848",,,,5,4,0,0,0,1,1,20,0,0,"2.67","0.52","0.8","-0.4","95.5",187,50,25,20,5.32,-2.12,-0.73,2.1,0.2,1,"3.686956522",,,"-3.686956522",,,,,44.4,,,,,,,
23,663623,"Irvin, Jake",204,11.3,0.2,0,0.25,0.2,0.178,,,1,5,80.5,11.3,2182,85.1,86.17,4,9,14,1.1000000000000085,7,118,149,118,151,289,324,302,"0.336","-0.336",,,,5,4,1,0,0,0,1,20,0,0,"2.83","0.33","1.3","-0.83","88.0",176,0,0,0,5.51,-2.14,-0.4,1.47,0.2,0,"-1.460869565",,,"1.460869565",,,,,44.4,,,,,,,
23,701656,"Henderson, Logan",79,29.1,0.25,0.5,0.167,0.75,0.414,,,2,8,96.9,19.9,2546,84.3,84.03,1,14,9,-0.29999999999999716,6.13,118,151,119,151,299,322,297,"-1.947","1.947",,,,8,7,0,1,0,1,1,12.5,0,0,"2.64","0.57","1.53","0.04","94.3",244,57.14285714285714,42.857142857142854,37.5,5.12,-1.34,-0.12,1.76,0.25,3,"8.465217391",,,"-8.465217391",,,,,7.1,,,,,,,
23,621097,"Waguespack, Jacob",110,20.9,0,0,0,0,0,,,0,5,75.7,-17,1602,84,85.17,10,13,10,1.2000000000000028,6.96,122,149,122,152,292,319,296,"0.948","-0.948",,,,5,1,0,0,0,0,4,80,0,0,"2.39","0.83","0.6","-0.53","88.0",4,0,0,0,6.51,-0.25,0.07,0.96,0,0,"-4.12173913",,,"4.12173913",,,,,76.9,,,,,,,
23,592155,"Booser, Cam",159,14.5,0,0,0,0,0,,,0,4,92.2,25,1505,86.6,86.94,6,10,13,0.30000000000001137,6.5,100,150,118,145,297,323,288,"0.519","-0.519",,,,4,1,0,0,0,0,3,75,0,0,"2.54","0.5","1.2","-1.2","89.0",164,0,0,0,5.7,2.62,0.56,1.61,0,0,"-2.256521739",,,"2.256521739",,,,,60,,,,,,,
22,805123,"Blubaugh, AJ",153,14.4,0.167,0,0.333,0.167,0.148,,,1,6,92,-6.7,2341,85.7,85.92,4,12,10,0.20000000000000284,6.46,104,146,124,150,295,328,302,"0.557","-0.557",,,,6,3,1,0,0,0,3,50,0,0,"2.78","0.32","1.38","-0.9","93.1",45,33.33333333333333,0,0,6.01,-2.64,-0.39,1.51,0.167,0,"-2.531818182",,,"2.531818182",,,,,33.3,,,,,,,
22,669067,"Webb, Ryan",77,28.6,0,0,0,0,0.104,,,0,6,80.5,-5.6,1125,83.9,84.43,2,11,11,0.5,6.41,109,146,114,142,303,321,300,"0.562","-0.562",,,,7,5,0,0,0,0,1,14.3,0,0,"3.13","0.09","0.77","-0.21","89.8",147,20,0,0,5.94,1.23,0.45,2.19,0.143,0,"-2.554545455",,,"2.554545455",,,,,18.2,,,,,,,
22,692230,"Rodriguez, Carlos",159,13.8,0,0,0,0,0,,,0,2,84.5,-16.5,1748,87.3,87.15,5,10,12,-0.20000000000000284,6.18,115,147,123,151,298,321,298,"0.35","-0.35",,,,2,2,0,0,0,0,0,0,0,0,"2.58","0.41","1.31","-0.61","91.6",46,0,0,0,5.79,-1.4,-0.69,1.48,0,0,"-1.590909091",,,"1.590909091",,,,,50,,,,,,,
22,702193,"Morris, Andrew",160,13.8,0,0,0,0,0.116,,,0,5,92.9,10.5,1386,86.3,85.91,1,10,12,-0.3999999999999915,6.06,112,139,114,146,288,316,280,"0.928","-0.928",,,,6,4,0,0,0,0,1,16.7,1,16.7,"2.28","0.79","1.06","-0.99","90.3",178,25,0,0,6.53,-1.63,-0.07,2.04,0.167,0,"-4.218181818",,,"4.218181818",,,,,10,,,,,,,
22,681892,"Funderburk, Kody",158,13.9,0.5,0,0.5,0.5,0.445,,,2,4,97.4,-1.3,1880,88.1,89.18,0,8,14,1.1000000000000085,6.95,108,151,123,147,300,316,276,"-0.487","0.487",,,,4,4,2,0,0,0,0,0,0,0,"2.84","0.09","1.25","-1.25","96.1",172,50,0,0,5.69,2.45,-0.03,2.28,0.5,0,"2.213636364",,,"-2.213636364",,,,,0,,,,,,,
22,678184,"Hawkins, Garrett",125,17.6,0.6,0,0.75,0.6,0.534,,,3,5,86.5,28.3,1639,86.7,86.86,4,9,13,0.20000000000000284,6.19,116,142,117,143,292,311,291,"-1.048","1.048",,,,5,4,3,0,0,0,1,20,0,0,"2.26","0.75","1.02","-0.72","88.8",135,0,0,0,6.75,-0.54,-0.05,2.24,0.6,0,"4.763636364",,,"-4.763636364",,,,,44.4,,,,,,,
22,621121,"McCullers Jr., Lance",118,18.6,0,0,0,0,0.182,,,0,3,79.5,14,2031,86.4,85.63,5,9,13,-0.8000000000000114,5.9,114,146,125,149,291,320,293,"0.038","-0.038",,,,4,2,0,0,0,0,1,25,0,0,"2.91","0.16","1.39","-0.53","88.0",50,0,0,0,5.41,-1.44,-0.19,1.89,0.25,0,"-0.172727273",,,"0.172727273",,,,,55.6,,,,,,,
22,681517,"Leahy, Kyle",280,7.9,0,0,0,0,0.1,,,0,6,95.8,-6.5,1412,88.3,89.77,3,11,11,1.5,7.12,117,145,116,151,287,319,282,"0.881","-0.881",,,,7,2,0,0,0,0,4,57.1,1,14.3,"2.55","0.36","1.12","-1","90.9",60,50,0,0,5.54,-1.84,0.14,1.52,0.143,0,"-4.004545455",,,"4.004545455",,,,,27.3,,,,,,,
22,699613,"Harding, Houston",60,36.7,0.2,0.6,0,0.8,0.458,,,1,5,96.9,46.3,1399,77.3,77.57,2,9,13,0.29999999999999716,6.45,103,148,118,149,302,321,302,"-0.473","0.473",,,,6,4,0,0,0,1,1,16.7,1,16.7,"3.08","0.73","0.77","-0.12","93.4",191,50,25,16.666666666666664,5.5,3.09,0.66,2.29,0.333,1,"2.15",,,"-2.15",,,,,22.2,,,,,,,
22,678022,"Perkins, Jack",182,12.1,0.167,0,0.2,0.167,0.148,,,1,6,81.6,-3.4,1232,89.5,89.47,2,11,11,0,6.2,103,147,126,148,287,312,293,"-0.135","0.135",,,,6,5,1,0,0,0,1,16.7,0,0,"2.66","0.19","1.03","-0.25","91.2",100,40,0,0,5.55,-1.75,-0.3,1.84,0.167,0,"0.613636364",,,"-0.613636364",,,,,18.2,,,,,,,
22,663436,"Martin, Davis",254,8.7,0.143,0,0.167,0.143,0.127,,,1,7,90.7,-15.5,1992,89.3,89.22,2,14,8,-0.09999999999999432,6.18,113,145,120,147,302,328,303,"1.204","-1.204",,,,7,6,1,0,0,0,1,14.3,0,0,"2.72","0.14","1.17","-0.49","93.2",114,50,0,0,5.94,-2.19,-0.11,2.15,0.143,0,"-5.472727273",,,"5.472727273",,,,,14.3,,,,,,,
22,686563,"Cannon, Jonathan",203,10.8,0,0,0,0,0,,,0,8,93.6,1,1655,87,86.75,3,15,7,-0.29999999999999716,6.2,103,139,120,143,305,334,305,"1.718","-1.718",,,,8,5,0,0,0,0,3,37.5,0,0,"2.83","0.19","1.17","-0.67","91.8",110,40,0,0,5.78,-2.36,-0.52,1.86,0,0,"-7.809090909",,,"7.809090909",,,,,20,,,,,,,
22,592454,"Kahnle, Tommy",40,55,0.2,0.2,0.25,0.4,0.252,,,1,5,81.4,-7.3,1252,87.1,87.56,3,13,9,0.5,6.56,115,149,122,150,291,327,299,"0.421","-0.421",,,,5,4,0,1,0,0,1,20,0,0,"2.81","0.19","0.92","-0.25","89.4",65,25,0,0,5.67,-1.96,-0.17,1.92,0.2,0,"-1.913636364",,,"1.913636364",,,,,23.1,,,,,,,
22,647336,"Soroka, Michael",230,9.6,0.333,0,0.5,0.333,0.297,,,1,3,90.9,20.5,2215,86.7,86.01,1,5,17,-0.7000000000000028,6.03,120,147,116,151,295,326,303,"-0.465","0.465",,,,3,2,1,0,0,0,1,33.3,0,0,"2.7","0.35","1.43","-1.16","89.4",172,0,0,0,5.5,-2.62,0.33,1.72,0.333,0,"2.113636364",,,"-2.113636364",,,,,20,,,,,,,
22,664199,"Clarke, Taylor",122,18,0,0,0,0,0,,,0,3,97.1,7,1745,89,88.83,0,10,12,-0.20000000000000284,6.09,115,148,123,150,296,325,308,"0.588","-0.588",,,,3,2,0,0,0,0,1,33.3,0,0,"2.79","0.08","1.27","-0.62","92.9",135,100,0,0,5.86,-1.31,-0.41,1.84,0,0,"-2.672727273",,,"2.672727273",,,,,0,,,,,,,
21,687330,"Kelly, Kevin",107,19.6,0.4,0.2,0.5,0.6,0.43,,,2,5,93.5,10.5,1814,85.6,86.35,2,11,10,0.7000000000000028,6.84,109,145,122,149,297,330,294,"-0.282","0.282",,,,5,4,1,1,0,0,1,20,0,0,"3.66","-0.54","0.89","-0.53","92.5",125,25,0,0,3.76,-1.78,-0.1,1.61,0.4,0,"1.342857143",,,"-1.342857143",,,,,18.2,,,,,,,
21,663567,"Lambert, Peter",211,10,0.333,0,0.5,0.333,0.297,,,1,3,95.9,22.5,1522,87.4,87.47,4,9,12,0.09999999999999432,6.17,119,148,124,151,293,325,304,"-0.078","0.078",,,,3,2,1,0,0,0,1,33.3,0,0,"2.28","0.69","1.07","-0.51","91.9",209,50,0,0,5.93,-1.01,-0.01,1.62,0.333,0,"0.371428571",,,"-0.371428571",,,,,44.4,,,,,,,
21,500779,"Quintana, Jose",144,14.6,0.75,0.5,0.75,1.25,0.854,,,3,4,95.1,16,1361,85.4,85.43,2,8,13,0,6.28,111,151,115,146,294,319,285,"-1.679","1.679",,,,4,4,1,2,0,0,0,0,0,0,"2.7","0.42","1.03","-0.96","94.8",192,25,25,25,5.84,2.33,0.8,1.71,0.75,1,"7.995238095",,,"-7.995238095",,,,,25,,,,,,,
21,608032,"Estévez, Carlos",104,20.2,0,0,0,0,0,,,0,4,80,-1.5,1494,81.1,80.56,3,9,12,-0.5,6.13,112,148,118,150,294,319,294,"0.53","-0.53",,,,4,4,0,0,0,0,0,0,0,0,"3.3","0.19","1.25","-0.45","90.8",124,25,0,0,5.98,-2.38,-0.56,1.72,0,0,"-2.523809524",,,"2.523809524",,,,,33.3,,,,,,,
21,656550,"Holmes, Grant",269,7.8,0,0,0,0,0,,,0,3,102.7,10,1630,89.2,88.44,0,6,15,-0.7999999999999972,5.94,108,149,130,150,306,320,289,"0.261","-0.261",,,,3,3,0,0,0,0,0,0,0,0,"2.6","0.28","1.22","-0.37","96.8",186,100,33.33333333333333,33.33333333333333,5.87,-2.44,-0.3,1.68,0,1,"-1.242857143",,,"1.242857143",,,,,0,,,,,,,
21,641672,"Hatch, Thomas",74,28.4,0.333,0.167,0.4,0.5,0.359,,,2,6,84.3,-11.8,1452,87,87.05,3,11,10,0,6.2,115,145,122,150,294,327,306,"-0.406","0.406",,,,6,5,1,1,0,0,1,16.7,0,0,"2.49","0.51","1.14","-0.78","90.5",56,40,0,0,5.64,-1.53,-0.56,1.47,0.333,0,"1.933333333",,,"-1.933333333",,,,,27.3,,,,,,,
21,678606,"Ferrer, José A.",145,14.5,0,0,0,0,0,,,0,5,68.7,-28,2037,87.6,86.75,4,8,13,-0.7999999999999972,5.94,113,149,120,144,297,321,291,"0.659","-0.659",,,,5,2,0,0,0,0,3,60,0,0,"2.81","0.18","1.44","-1.05","89.7",68,0,0,0,5.82,3.01,-0.13,1.33,0,0,"-3.138095238",,,"3.138095238",,,,,50,,,,,,,
21,681676,"Fernandez, Ryan",122,17.2,0,0,0,0,0,,,0,3,56.7,-64,1242,85.2,85.85,5,7,14,0.5999999999999943,6.49,113,147,114,151,284,319,284,"0.292","-0.292",,,,3,1,0,0,0,0,2,66.7,0,0,"2.72","0.39","1.05","-0.85","88.0",5,0,0,0,5.87,-1.92,-0.11,2.44,0,0,"-1.39047619",,,"1.39047619",,,,,71.4,,,,,,,
21,683232,"Mears, Nick",154,13.6,0.333,0.333,1,0.667,0.421,,,1,3,105.3,12,1590,84,84.24,4,6,15,0.20000000000000284,6.42,118,147,124,151,288,322,288,"-0.552","0.552",,,,3,1,0,1,0,0,2,66.7,0,0,"3.02","0.21","1.12","-1.12","105.3",236,100,0,0,6.22,-2.01,0.11,1.36,0.333,0,"2.628571429",,,"-2.628571429",,,,,66.7,,,,,,,
21,571948,"Milner, Hoby",119,17.6,0.4,0.2,0.4,0.6,0.43,,,2,5,90,2,1571,80.7,81.22,2,11,10,0.5,6.7,113,152,117,150,299,326,294,"-0.823","0.823",,,,5,5,1,1,0,0,0,0,0,0,"3.61","-0.11","1.28","-0.84","92.4",167,40,0,0,4.21,4.33,0.3,1.53,0.4,0,"3.919047619",,,"-3.919047619",,,,,18.2,,,,,,,
21,670167,"Schreiber, John",145,14.5,0.4,0.2,0.667,0.6,0.43,,,2,5,95.7,-5.7,1172,85.7,86.17,7,13,8,0.5,6.65,114,148,123,150,299,317,289,"-0.749","0.749",,,,5,3,1,1,0,0,2,40,0,0,"3.39","-0.28","0.75","-0.32","93.1",148,66.66666666666666,33.33333333333333,20,4.53,-2.99,0.12,1.09,0.4,1,"3.566666667",,,"-3.566666667",,,,,53.8,,,,,,,
21,678316,"Cruz, Omar",66,31.8,0.6,0.8,0.5,1.4,0.841,,,3,5,91.3,14.2,1636,81.8,81.28,2,11,10,-0.5,6.06,110,150,122,149,300,328,304,"-2.501","2.501",,,,5,5,1,1,0,1,0,0,0,0,"2.93","0.5","0.96","-0.5","92.3",189,40,20,20,6.33,1.24,0.31,2.05,0.6,1,"11.90952381",,,"-11.90952381",,,,,18.2,,,,,,,
20,676083,"Junk, Janson",145,13.8,0.4,0,0.5,0.4,0.356,,,2,5,89.1,-0.5,1179,86.8,87.03,2,8,12,0.20000000000000284,6.32,101,146,116,144,292,312,281,"-0.269","0.269",,,,5,4,2,0,0,0,1,20,0,0,"2.55","0.46","0.98","0.08","92.9",104,50,0,0,5.8,-0.97,0.13,1.84,0.4,0,"1.345",,,"-1.345",,,,,25,,,,,,,
20,669160,"May, Dustin",184,10.9,0.167,0,0.2,0.167,0.148,,,1,6,92.6,4.4,1789,90.9,91.35,0,9,11,0.3999999999999915,6.74,114,145,106,150,283,325,303,"0.351","-0.351",,,,6,5,1,0,0,0,1,16.7,0,0,"2.57","0.2","1.36","-1.22","93.2",88,40,0,0,5.41,-2.23,-0.26,2,0.167,0,"-1.755",,,"1.755",,,,,0,,,,,,,
20,672487,"Olivárez, Helcris",139,14.4,0,0,0,0,0.178,,,0,6,90.2,-4.7,2031,90.7,91.27,3,12,8,0.5999999999999943,6.62,101,146,115,141,292,313,283,"1.29","-1.29",,,,8,6,0,0,0,0,0,0,1,12.5,"2.36","0.41","1.43","-1.43","93.3",96,66.66666666666666,16.666666666666664,12.5,5.56,2.56,0.4,1.85,0.25,1,"-6.45",,,"6.45",,,,,25,,,,,,,
20,686613,"Brown, Hunter",216,9.3,0.2,0.2,0.2,0.4,0.252,,,1,5,86.1,19.4,1452,88.8,89.64,2,10,10,0.7999999999999972,6.8,120,147,116,152,284,320,300,"0.526","-0.526",,,,5,5,0,1,0,0,0,0,0,0,"2.45","0.45","1.23","-1.23","90.9",119,40,0,0,5.93,-2.1,-0.08,2.36,0.2,0,"-2.63",,,"2.63",,,,,20,,,,,,,
20,650911,"Sánchez, Cristopher",82,24.4,0,0,0,0,0,,,0,7,86,17.7,2138,86.2,86.86,10,15,5,0.7000000000000028,6.75,107,151,121,148,285,301,281,"1.648","-1.648",,,,7,3,0,0,0,0,4,57.1,0,0,"3.06","0.01","1.45","-0.86","91.3",158,33.33333333333333,33.33333333333333,14.285714285714285,5.95,2.13,0.24,1.67,0,1,"-8.24",,,"8.24",,,,,66.7,,,,,,,
20,664208,"Maton, Phil",113,17.7,0.4,0.8,0.25,1.2,0.674,,,2,5,93.8,17,1523,83.1,84.61,2,10,10,1.5,7.04,112,150,114,152,293,331,302,"-2.116","2.116",,,,6,5,0,1,0,1,0,0,0,0,"3.25","0.03","0.37","0.01","94.4",162,60,20,16.666666666666664,5.02,-1.41,0.56,1.95,0.5,1,"10.58",,,"-10.58",,,,,20,,,,,,,
20,689981,"Ryan, River",137,14.6,0.167,0,0.2,0.167,0.148,,,1,6,86,-0.8,1963,89.8,90.25,1,8,12,0.4000000000000057,6.5,113,149,117,150,290,316,301,"0.725","-0.725",,,,6,5,1,0,0,0,1,16.7,0,0,"2.55","0.28","1.18","-0.83","92.7",157,40,0,0,5.49,-2.36,-0.49,2.48,0.167,0,"-3.625",,,"3.625",,,,,12.5,,,,,,,
20,656427,"Flaherty, Jack",199,10.1,0,0,0,0,0,,,0,1,80.6,-22,1805,86.3,86.74,2,5,15,0.4000000000000057,6.72,117,148,122,150,290,325,293,"-0.189","0.189",,,,1,1,0,0,0,0,0,0,0,0,"2.35","0.73","1.11","-0.16","88.0",3,0,0,0,5.2,-2.66,0.18,1.21,0,0,"0.945",,,"-0.945",,,,,40,,,,,,,
20,691008,"Rajcic, Max",106,18.9,0,0,0,0,0.146,,,0,4,78,4,2004,86.5,86.89,4,11,9,0.4000000000000057,6.5,119,149,119,150,286,310,286,"0.222","-0.222",,,,5,3,0,0,0,0,1,20,0,0,"2.47","0.58","1.26","-0.52","89.0",82,0,0,0,5.75,-1.37,-0.08,1.89,0.2,0,"-1.11",,,"1.11",,,,,36.4,,,,,,,
20,663558,"Morán, Jovani",58,34.5,0.25,0,0.5,0.25,0.318,,,1,4,96.8,17,1888,83.2,83.26,6,8,12,0.09999999999999432,6.33,103,151,123,146,291,317,295,"-0.071","0.071",,,,5,2,1,0,0,0,2,40,1,20,"2.58","0.71","1.16","-1.16","99.4",159,50,0,0,6.01,1.3,0.35,1.75,0.4,0,"0.355",,,"-0.355",,,,,75,,,,,,,
20,596133,"Weaver, Luke",76,26.3,0,0,0,0,0.14,,,0,4,93.6,-14,1831,86.9,86.78,5,14,6,-0.10000000000000853,6.04,108,149,127,150,292,315,284,"0.542","-0.542",,,,5,1,0,0,0,0,3,60,1,20,"2.38","0.63","1.22","0.04","94.4",112,0,0,0,5.52,-1.44,-0.23,1.73,0.2,0,"-2.71",,,"2.71",,,,,35.7,,,,,,,
20,669270,"Kuhnel, Joel",185,10.8,0.5,0.125,0.571,0.625,0.492,,,4,8,95.4,-12.3,1314,90.4,91.6,4,15,5,1.1999999999999886,6.73,118,147,117,151,293,322,296,"-1.167","1.167",,,,8,7,3,1,0,0,1,12.5,0,0,"2.34","0.42","0.82","-0.66","97.6",94,71.42857142857143,0,0,6.17,-1.58,-0.27,1.98,0.5,0,"5.835",,,"-5.835",,,,,26.7,,,,,,,
20,702153,"Fitzpatrick, Brian",91,22,0.1,0,0.111,0.1,0.089,,,1,10,77.7,25.2,1838,83.8,84.23,2,13,7,0.4000000000000057,6.53,109,151,120,148,295,305,290,"1.078","-1.078",,,,10,9,1,0,0,0,1,10,0,0,"2.86","0.39","1.29","-1.03","89.4",159,11.11111111111111,0,0,5.85,1.18,0.53,2.22,0.1,0,"-5.39",,,"5.39",,,,,15.4,,,,,,,
20,621016,"Cuas, Jose",153,13.1,0,0,0,0,0,,,0,1,96.2,31,1708,85.2,85.35,3,8,12,0.09999999999999432,6.46,111,142,115,147,287,314,299,"0.262","-0.262",,,,1,1,0,0,0,0,0,0,0,0,"2.99","0.16","1.19","-1.19","89.8",149,100,0,0,4.06,-4.18,-1.56,2.12,0,0,"-1.31",,,"1.31",,,,,37.5,,,,,,,
20,676614,"Sammons, Bryan",134,14.9,0.5,0,0.5,0.5,0.572,,,1,2,73.5,0.5,1002,82.2,83.16,1,8,12,1,6.75,103,145,119,139,306,318,280,"-0.906","0.906",,,,4,2,1,0,0,0,0,0,2,50,"3.18","0.17","0.51","-0.51","88.0",128,0,0,0,5.67,2.04,0.32,1.69,0.75,0,"4.53",,,"-4.53",,,,,12.5,,,,,,,
20,694819,"Misiorowski, Jacob",215,9.3,0,0,0,0,0,,,0,3,73.6,22,2098,90.5,92.18,5,10,10,1.7000000000000028,7.21,119,149,124,152,294,322,301,"0.446","-0.446",,,,3,2,0,0,0,0,1,33.3,0,0,"2.34","0.44","1.36","-0.45","88.0",79,0,0,0,5.33,-1.7,-0.68,2.24,0,0,"-2.23",,,"2.23",,,,,50,,,,,,,
20,605280,"Holmes, Clay",182,11,0.429,0,1,0.429,0.382,,,3,7,83.8,-8.7,1002,89.4,88.39,5,8,12,-1,5.86,120,148,131,150,291,319,283,"-1.078","1.078",,,,7,3,3,0,0,0,4,57.1,0,0,"3.21","-0.33","0.84","-0.3","96.2",144,33.33333333333333,0,0,6.31,-1.23,-0.08,1.19,0.429,0,"5.39",,,"-5.39",,,,,62.5,,,,,,,
20,641585,"France, J.P.",189,10.6,0,0,0,0,0.116,,,0,5,91.3,-17.5,2100,84,84.34,4,11,9,0.29999999999999716,6.39,112,147,121,149,298,318,290,"1.074","-1.074",,,,6,2,0,0,0,0,3,50,1,16.7,"2.41","0.81","1.17","-0.17","89.2",80,50,0,0,5.28,-1.59,-0.19,2.52,0.167,0,"-5.37",,,"5.37",,,,,36.4,,,,,,,
19,607536,"Freeland, Kyle",140,13.6,0.5,0.5,0.5,1,0.653,,,1,2,96.3,34,1658,87.8,87.97,1,10,9,0.20000000000000284,6.41,110,151,116,146,298,319,215,"-0.537","0.537",,,,3,2,0,1,0,0,0,0,1,33.3,"2.55","0.41","1.06","-1.06","91.3",206,50,0,0,5.84,2.7,-0.12,1.34,0.667,0,"2.826315789",,,"-2.826315789",,,,,10,,,,,,,
19,665622,"Medina, Luis",152,12.5,0,0,0,0,0,,,0,3,87.5,11.5,1376,89.1,89.11,3,7,12,0,6.22,107,146,118,149,288,321,297,"0.334","-0.334",,,,3,2,0,0,0,0,1,33.3,0,0,"2.19","0.67","1.03","-1.03","89.9",127,50,0,0,6.17,-1.29,-0.65,2.22,0,0,"-1.757894737",,,"1.757894737",,,,,42.9,,,,,,,
19,622663,"Severino, Luis",113,16.8,0,0,0,0,0,,,0,5,83,10,1612,88.4,89.03,1,8,11,0.5999999999999943,6.62,108,145,127,147,293,338,303,"0.857","-0.857",,,,5,5,0,0,0,0,0,0,0,0,"2.14","0.77","1.14","-1.04","91.6",121,20,0,0,5.91,-1.85,-0.17,1.75,0,0,"-4.510526316",,,"4.510526316",,,,,12.5,,,,,,,
19,642048,"Saucedo, Tayler",120,15.8,0,0,0,0,0.243,,,0,2,99.5,-25,2246,85.3,85.96,3,8,11,0.7000000000000028,6.81,108,150,120,147,303,315,297,"0.063","-0.063",,,,3,1,0,0,0,0,1,33.3,0,0,"2.84","0.31","1.43","-1.27","90.9",50,100,0,0,5.56,2.11,0.1,2.05,0.333,0,"-0.331578947",,,"0.331578947",,,,,37.5,,,,,,,
19,676760,"Marinaccio, Ron",68,27.9,0.333,0,0.5,0.333,0.297,,,1,3,85.2,27,2198,80.6,80.76,3,8,11,0.20000000000000284,6.66,121,149,122,152,296,320,293,"-0.109","0.109",,,,3,2,1,0,0,0,1,33.3,0,0,"3.61","-0.07","1.33","-0.32","94.7",231,0,0,0,5.07,-3.08,-0.49,1.84,0.333,0,"0.573684211",,,"-0.573684211",,,,,37.5,,,,,,,
19,678024,"Vasil, Mike",178,10.7,0,0,0,0,0.14,,,0,4,80.3,-6.8,1495,86.1,86.21,3,11,8,0.10000000000000853,6.23,115,144,128,149,293,330,306,"0.469","-0.469",,,,5,4,0,0,0,0,0,0,1,20,"2.89","0.17","0.84","-0.89","91.2",59,25,0,0,5.91,-1.52,-0.02,1.86,0.2,0,"-2.468421053",,,"2.468421053",,,,,27.3,,,,,,,
19,682995,"Barco, Hunter",226,8.4,0,0,0,0,0,,,0,2,76.6,63,1989,86.3,85.83,1,4,15,-0.5,6.11,104,150,116,146,296,321,286,"-0.167","0.167",,,,2,2,0,0,0,0,0,0,0,0,"2.56","0.52","1.52","-1.52","88.0",235,0,0,0,5.28,3.19,0.54,1.88,0,0,"0.878947368",,,"-0.878947368",,,,,25,,,,,,,
19,703725,"Gastelum, Luis",53,35.8,0,0,0,0,0,,,0,6,92.3,27,1546,81.9,82.52,10,14,5,0.5999999999999943,6.7,113,150,120,150,301,310,279,"1.71","-1.71",,,,6,1,0,0,0,0,5,83.3,0,0,"3.9","-0.5","1.02","0.4","89.4",112,0,0,0,5.15,-1.78,-0.53,1.84,0,0,"-9",,,"9",,,,,71.4,,,,,,,
19,656186,"Altavilla, Dan",87,21.8,0,0,0,0,0.116,,,0,5,81.8,-17.7,1716,90.8,89.81,4,9,10,-1,5.69,124,147,126,152,289,319,281,"0.827","-0.827",,,,6,3,0,0,0,0,2,33.3,1,16.7,"2.61","0.15","1.31","-1.01","88.8",133,0,0,0,5.18,-2.37,-0.16,1.72,0.167,0,"-4.352631579",,,"4.352631579",,,,,44.4,,,,,,,
19,596295,"Gomber, Austin",228,8.3,0.75,0.75,0.667,1.5,0.958,,,3,4,91.4,12.8,1406,81.4,82.03,4,10,9,0.5999999999999943,6.68,110,151,119,148,299,323,300,"-1.396","1.396",,,,4,4,2,0,0,1,0,0,0,0,"2.9","0.54","1.08","-0.95","94.5",130,50,0,0,6.57,1.73,0.25,1.17,0.75,0,"7.347368421",,,"-7.347368421",,,,,40,,,,,,,
18,668674,"Erceg, Lucas",96,18.8,0.5,0.125,0.5,0.625,0.492,,,4,8,83.6,-2.4,1778,88.5,88.96,2,11,7,0.5,6.49,102,146,125,149,290,319,274,"-2.424","2.424",,,,8,8,3,1,0,0,0,0,0,0,"2.3","0.6","1.27","-0.9","91.3",121,25,12.5,12.5,5.93,-1.8,-0.43,1.85,0.5,1,"13.466666667",,,"-13.466666667",,,,,18.2,,,,,,,
18,694477,"Patrick, Chad",263,6.8,0,0,0,0,0.233,,,0,2,78.9,-23.5,2095,88.8,88.62,2,6,12,-0.20000000000000284,5.97,117,145,119,147,294,326,303,"0.185","-0.185",,,,3,2,0,0,0,0,0,0,1,33.3,"2.45","0.42","1.14","-1.02","88.0",59,0,0,0,5.47,-1.1,-0.06,1.19,0.333,0,"-1.027777778",,,"1.027777778",,,,,33.3,,,,,,,
18,686294,"Willingham, Amos",121,14.9,0.375,0.125,0.75,0.5,0.416,,,3,8,89,13,1109,88,88.64,5,12,6,0.5999999999999943,6.65,114,148,124,150,294,316,294,"-1.068","1.068",,,,9,4,2,1,0,0,4,44.4,1,11.1,"2.41","0.53","1.03","-0.28","96.9",146,50,25,11.11111111111111,6.06,-1.23,-0.17,1.66,0.444,1,"5.933333333",,,"-5.933333333",,,,,41.7,,,,,,,
18,677957,"Neeck, Brandon",86,20.9,0.333,0,1,0.333,0.297,,,2,6,102,-11,1913,87.8,89.05,6,10,8,1.2000000000000028,7.16,111,147,118,144,297,319,278,"-0.113","0.113",,,,6,2,2,0,0,0,4,66.7,0,0,"2.55","0.41","1.36","-1.21","98.2",20,100,0,0,5.58,2.39,0.14,1.72,0.333,0,"0.627777778",,,"-0.627777778",,,,,60,,,,,,,
18,676684,"Vest, Will",90,20,0.333,0.167,0.4,0.5,0.359,,,2,6,89.5,-16.8,1557,89,89.04,4,13,5,0,6.24,101,137,116,143,278,320,298,"-0.177","0.177",,,,6,5,1,1,0,0,1,16.7,0,0,"2.48","0.39","1.23","-1.23","90.9",120,20,0,0,5.8,-1.97,-0.65,2.1,0.333,0,"0.983333333",,,"-0.983333333",,,,,30.8,,,,,,,
18,668941,"Romero, JoJo",87,20.7,0,0,0,0,0,,,0,4,89.2,39.7,1354,86.6,85.37,3,10,8,-1.1999999999999886,5.36,109,152,116,147,285,319,280,"0.853","-0.853",,,,4,3,0,0,0,0,1,25,0,0,"3.1","-0.07","0.96","-0.96","97.0",190,33.33333333333333,0,0,5.44,1.93,0.3,1.88,0,0,"-4.738888889",,,"4.738888889",,,,,30,,,,,,,
18,667463,"King, John",129,14,0.25,0,0.333,0.25,0.318,,,1,4,93,26.3,1488,83.4,82.52,2,6,12,-0.9000000000000057,5.76,111,149,122,147,286,311,281,"0.348","-0.348",,,,5,3,1,0,0,0,1,20,1,20,"3.4","-0.12","1.08","-1.08","91.8",231,0,0,0,5.47,2.14,0.3,1.95,0.4,0,"-1.933333333",,,"1.933333333",,,,,33.3,,,,,,,
18,669358,"Baz, Shane",161,11.2,0,0,0,0,0,,,0,2,61.6,-42.5,1842,89.4,89.67,1,5,13,0.29999999999999716,6.6,112,141,125,150,283,313,297,"-0.019","0.019",,,,2,2,0,0,0,0,0,0,0,0,"2.15","0.72","1.11","-1.11","88.0",37,0,0,0,5.84,-1.33,0.14,1.24,0,0,"0.105555556",,,"-0.105555556",,,,,20,,,,,,,
18,640454,"Krook, Matt",111,16.2,0,0,0,0,0.175,,,0,3,66.1,34,1758,84,83.43,4,9,9,-0.5999999999999943,5.91,108,150,120,146,299,319,290,"0.692","-0.692",,,,4,2,0,0,0,0,1,25,1,25,"3.29","-0.06","1.27","-0.99","93.6",200,50,0,0,5.87,1.82,-0.03,1.33,0.25,0,"-3.844444444",,,"3.844444444",,,,,44.4,,,,,,,
18,669298,"Shook, TJ",58,31,0.2,0,0.2,0.2,0.27,,,1,5,81.2,-11.2,1734,85.2,85.22,3,13,5,0,6.4,98,145,118,151,295,311,297,"0.766","-0.766",,,,6,5,1,0,0,0,0,0,0,0,"2.94","0.21","1.09","-0.59","91.2",51,20,0,0,5.84,-1.78,-0.64,2.02,0.333,0,"-4.255555556",,,"4.255555556",,,,,23.1,,,,,,,
18,641871,"Middleton, Keynan",37,48.6,0,0,0,0,0,,,0,6,80.7,-10,1986,86.3,86.66,6,13,5,0.4000000000000057,6.6,106,151,123,148,300,323,290,"1.828","-1.828",,,,6,4,0,0,0,0,2,33.3,0,0,"2.59","0.48","1.13","0.37","88.9",20,0,0,0,5.86,-1.38,0.02,2.39,0,0,"-10.155555556",,,"10.155555556",,,,,46.2,,,,,,,
18,691893,"Cabrera, Jean",73,24.7,0.167,0,0.5,0.167,0.227,,,1,6,82.2,41.5,1757,87.1,87.6,6,11,7,0.5,6.52,104,146,116,149,285,311,272,"0.701","-0.701",,,,7,2,1,0,0,0,4,57.1,1,14.3,"2.82","0.18","1.32","-0.33","88.3",75,0,0,0,5.29,-0.61,-0.39,1.64,0.286,0,"-3.894444444",,,"3.894444444",,,,,54.5,,,,,,,
18,694363,"Shuster, Jared",80,22.5,0.2,0,0.2,0.2,0.178,,,1,5,82.1,-0.6,1733,84.2,84.77,0,7,11,0.5999999999999943,6.54,100,150,121,145,303,328,286,"0.422","-0.422",,,,5,5,1,0,0,0,0,0,0,0,"3.04","0.16","1.04","-1.04","92.7",50,40,0,0,5.35,1.65,0.27,1.48,0.2,0,"-2.344444444",,,"2.344444444",,,,,0,,,,,,,
18,694495,"Coleman, Javen",103,17.5,0,0,0,0,0,,,0,5,82.6,10.7,1076,81.6,82.3,3,8,10,0.7000000000000028,6.51,107,146,120,141,294,324,285,"0.785","-0.785",,,,6,3,0,0,0,0,3,50,0,0,"2.76","0.64","0.35","-0.28","90.4",196,33.33333333333333,0,0,5.76,1.95,0.33,3.18,0,0,"-4.361111111",,,"4.361111111",,,,,37.5,,,,,,,
18,691009,"Ray, Dylan",41,43.9,0.667,0,1,0.667,0.62,,,2,3,84.3,-6.5,2158,85.3,85.46,4,10,8,0.20000000000000284,6.48,115,145,112,147,303,327,305,"-0.747","0.747",,,,4,2,2,0,0,0,1,25,1,25,"2.38","0.76","1.36","-0.91","88.8",52,0,0,0,6.09,-1.21,-0.08,1.62,0.75,0,"4.15",,,"-4.15",,,,,40,,,,,,,
17,693483,"Gallagher, Pat",43,39.5,0.667,0,0.667,0.667,0.594,,,2,3,95.5,-1.3,1427,82.9,83.49,1,8,9,0.5999999999999943,6.73,114,147,125,146,293,339,297,"-1.058","1.058",,,,3,3,2,0,0,0,0,0,0,0,"3.47","-0.15","0.6","-0.15","92.5",27,33.33333333333333,0,0,5.34,-2.09,0.29,1.48,0.667,0,"6.223529412",,,"-6.223529412",,,,,12.5,,,,,,,
17,664141,"Brubaker, JT",185,9.2,0,0,0,0,0.175,,,0,3,68.2,-30.5,1895,87.2,85.95,3,5,12,-1.2999999999999972,5.62,121,148,120,153,298,326,310,"-0.266","0.266",,,,4,2,0,0,0,0,1,25,1,25,"2.52","0.48","1.22","-1.06","88.0",4,0,0,0,6.23,-2.5,-0.33,2.02,0.25,0,"1.564705882",,,"-1.564705882",,,,,60,,,,,,,
17,697812,"Rock, Joe",94,18.1,0.5,0,1,0.5,0.445,,,1,2,88.6,-8,1911,86.1,85.81,5,10,7,-0.29999999999999716,6.35,101,144,111,136,296,316,285,"0.025","-0.025",,,,2,1,1,0,0,0,1,50,0,0,"2.72","0.38","1.38","-1.38","88.1",114,0,0,0,5.85,2.26,0.31,1.68,0.5,0,"-0.147058824",,,"0.147058824",,,,,50,,,,,,,
17,676974,"Meyer, Max",98,17.3,0.4,0,0.5,0.4,0.356,,,2,5,92.3,26.3,1758,88.1,87.54,2,7,10,-0.5999999999999943,5.76,110,149,118,151,282,319,284,"-0.086","0.086",,,,5,4,2,0,0,0,1,20,0,0,"2.52","0.4","1.32","-0.59","95.7",131,25,0,0,5.9,-1.27,-0.61,2.12,0.4,0,"0.505882353",,,"-0.505882353",,,,,28.6,,,,,,,
17,605288,"Houser, Adrian",187,9.1,0,0,,0,0,,,0,1,,,1499,84.9,85.33,3,6,11,0.3999999999999915,6.59,113,150,115,151,312,338,300,"-0.276","0.276",,,,1,0,0,0,0,0,1,100,0,0,"2.64","0.53","1.12","-0.35","89.0",66,,,,5.75,-1.63,-0.41,1.9,0,,"1.623529412",,,"-1.623529412",,,,,50,,,,,,,
17,661527,"Martinez, Seth",145,11.7,0,0,0,0,0.286,,,0,3,88.5,-14.7,1733,84.6,85.58,1,6,11,1,6.77,108,144,122,148,281,312,294,"-0.283","0.283",,,,5,3,0,0,0,0,0,0,1,20,"3.31","-0.14","0.98","-0.64","92.0",127,0,0,0,4.73,-2.27,-0.44,1.65,0.4,0,"1.664705882",,,"-1.664705882",,,,,16.7,,,,,,,
17,670970,"Morejon, Adrian",130,13.1,0.667,0,1,0.667,0.594,,,2,3,85.5,-2.5,1292,91.8,91.29,4,8,9,-0.5,6.17,103,150,122,146,298,321,287,"-0.887","0.887",,,,3,2,2,0,0,0,1,33.3,0,0,"2.55","0.17","1.09","-1.09","95.3",40,50,0,0,6.09,2.49,0.13,1.56,0.667,0,"5.217647059",,,"-5.217647059",,,,,50,,,,,,,
17,690155,"Pushard, Matt",146,11.6,0,0,0,0,0,,,0,5,99,6.5,1137,86,86.46,8,12,5,0.5,6.44,110,143,113,150,281,312,294,"1.258","-1.258",,,,5,2,0,0,0,0,3,60,0,0,"2.96","0.11","1.12","-1.12","93.5",151,100,0,0,6.09,-1.73,-0.28,1.55,0,0,"-7.4",,,"7.4",,,,,66.7,,,,,,,
17,700249,"Povich, Cade",153,11.1,0.2,0.6,0,0.8,0.41,,,1,5,89,-16.4,1269,86.1,86.23,1,7,10,0.10000000000000853,6.56,108,151,121,144,288,310,289,"-0.928","0.928",,,,5,5,0,0,0,1,0,0,0,0,"2.72","0.38","1.18","-1.18","93.0",74,40,20,20,5.94,1.15,-0.13,1.22,0.2,1,"5.458823529",,,"-5.458823529",,,,,14.3,,,,,,,
17,573009,"Mantiply, Joe",51,33.3,0.167,0,0.25,0.167,0.148,,,1,6,80.3,6,1606,80.5,80.11,4,10,7,-0.4000000000000057,6.15,112,152,124,145,293,323,279,"0.844","-0.844",,,,6,4,1,0,0,0,2,33.3,0,0,"3.76","-0.22","1.27","-1.27","88.6",87,0,0,0,5.32,3.19,0.71,1.81,0.167,0,"-4.964705882",,,"4.964705882",,,,,40,,,,,,,
17,681869,"Dubin, Shawn",108,15.7,0.143,0.143,0.167,0.286,0.245,,,1,7,93.2,4.7,1687,87.2,87.68,2,11,6,0.5,6.48,117,147,125,151,296,315,306,"0.417","-0.417",,,,8,6,0,1,0,0,1,12.5,1,12.5,"3.06","-0.07","1.07","-0.31","93.3",120,66.66666666666666,16.666666666666664,12.5,5.62,-1.99,0.12,1.5,0.25,1,"-2.452941176",,,"2.452941176",,,,,18.2,,,,,,,
17,680899,"Tolman, Erik",63,27,0,0,,0,0.175,,,0,3,,,1183,84.2,84.28,6,10,7,0.09999999999999432,6.38,112,148,121,145,294,326,288,"0.714","-0.714",,,,4,0,0,0,0,0,3,75,1,25,"3.21","0.01","1.08","-0.64","88.0",1,,,,5.95,1.63,0.61,2.06,0.25,,"-4.2",,,"4.2",,,,,60,,,,,,,
17,595928,"Curtiss, John",139,12.2,0,0,0,0,0,,,0,1,78,14,1783,86.2,86.68,0,7,10,0.5,6.43,115,148,126,152,291,319,304,"-0.114","0.114",,,,1,1,0,0,0,0,0,0,0,0,"2.42","0.63","0.82","-0.58","88.0",85,0,0,0,6.24,-2.53,-0.38,1.44,0,0,"0.670588235",,,"-0.670588235",,,,,0,,,,,,,
16,691769,"Abner, Philip",167,9.6,0,0,0,0,0,,,0,3,82.7,-40.7,1567,83,83.52,1,8,8,0.5,6.31,110,151,119,148,304,329,300,"0.771","-0.771",,,,3,3,0,0,0,0,0,0,0,0,"2.97","0.3","0.51","-0.41","92.9",2,33.33333333333333,0,0,5.32,2.34,0.37,1.33,0,0,"-4.81875",,,"4.81875",,,,,12.5,,,,,,,
16,687798,"Robertson, Nick",36,44.4,0.167,0.167,0.2,0.333,0.21,,,1,6,96.2,13.4,1481,87.1,88.17,3,12,4,1.1000000000000085,6.89,117,149,121,150,293,317,294,"0.803","-0.803",,,,6,5,0,1,0,0,1,16.7,0,0,"2.78","0.22","1.09","0.01","95.6",133,80,20,16.666666666666664,5.94,-1.06,0.06,1.97,0.167,1,"-5.01875",,,"5.01875",,,,,25,,,,,,,
16,679489,"LaPorte, Tyler",54,29.6,0.333,0,0.5,0.333,0.297,,,2,6,82.7,-2.8,1655,87.8,86.66,3,8,8,-1.0999999999999943,5.66,106,138,117,144,294,319,297,"0.455","-0.455",,,,6,4,2,0,0,0,2,33.3,0,0,"3.06","-0.09","1.27","-1.27","91.9",98,25,0,0,5.62,-2.42,-0.58,1.65,0.333,0,"-2.84375",,,"2.84375",,,,,37.5,,,,,,,
16,676879,"Ashby, Aaron",148,10.8,0.6,0,0.75,0.6,0.562,,,3,5,94.9,-21,1862,90.3,89.05,3,7,9,-1.2999999999999972,5.34,106,151,122,146,300,316,292,"-0.673","0.673",,,,6,4,3,0,0,0,1,16.7,1,16.7,"2.33","0.45","1.04","-0.61","99.9",47,75,0,0,6.52,0.62,0.12,2.23,0.667,0,"4.20625",,,"-4.20625",,,,,42.9,,,,,,,
16,534910,"Hahn, Jesse",119,13.4,0.167,0,0.167,0.167,0.148,,,1,6,80.9,-3.3,1202,87.4,87.56,1,9,7,0.19999999999998863,6.42,120,148,126,148,288,321,294,"0.56","-0.56",,,,6,6,1,0,0,0,0,0,0,0,"2.87","0.12","0.87","-0.87","90.5",78,16.666666666666664,0,0,5.57,-2.7,-0.54,2.48,0.167,0,"-3.5",,,"3.5",,,,,11.1,,,,,,,
16,694350,"Brzykcy, Zach",83,19.3,0.2,0,0.5,0.2,0.178,,,1,5,80.5,-3,1898,86.2,86.7,5,9,7,0.6000000000000085,6.51,118,148,125,150,293,312,290,"0.418","-0.418",,,,5,2,1,0,0,0,3,60,0,0,"2.45","0.61","1.32","-0.54","92.1",145,0,0,0,5.82,-1.49,-0.87,2.1,0.2,0,"-2.6125",,,"2.6125",,,,,55.6,,,,,,,
16,676604,"Zuber, Tyler",154,10.4,0,0,0,0,0,,,0,1,90.8,-2,1188,87,87.02,5,6,10,0,6.11,108,145,117,151,285,313,287,"0.12","-0.12",,,,1,1,0,0,0,0,0,0,0,0,"3.01","-0.03","1.18","-1.18","90.8",31,0,0,0,5.06,-2.23,-0.5,1.51,0,0,"-0.75",,,"0.75",,,,,83.3,,,,,,,
16,640455,"Manaea, Sean",141,11.3,0.2,0.6,0,0.8,0.41,,,1,5,94.7,39.8,1480,82.1,82.41,3,9,7,0.30000000000001137,6.64,104,151,124,148,289,315,269,"-0.8","0.8",,,,5,4,0,0,0,1,1,20,0,0,"3.21","0.19","1.39","-1.39","94.6",237,75,75,60,5.27,3.21,0.37,1.9,0.2,3,"5",,,"-5",,,,,33.3,,,,,,,
16,687439,"Johnson, Colton",38,42.1,0,0,0,0,0.349,,,0,2,103,-27,2042,88.9,89.35,0,6,10,0.3999999999999915,6.52,118,146,113,151,295,316,294,"0.249","-0.249",,,,4,2,0,0,0,0,0,0,2,50,"2.15","0.73","1.32","0.33","98.2",61,100,0,0,6.21,1.02,0.07,1.79,0.5,0,"-1.55625",,,"1.55625",,,,,0,,,,,,,
16,668984,"Legumina, Casey",133,12,0.429,0.571,0.333,1,0.6,,,3,7,92.3,-4.9,1509,88,88.68,1,11,5,0.7000000000000028,6.62,116,144,117,150,288,326,305,"-2.591","2.591",,,,7,7,1,1,0,1,0,0,0,0,"2.75","0.19","1.17","-1.17","93.7",122,57.14285714285714,14.285714285714285,14.285714285714285,4.65,-2.03,0.01,2.18,0.429,1,"16.19375",,,"-16.19375",,,,,9.1,,,,,,,
16,687377,"Ribalta, Orlando",107,15,0.667,0.667,1,1.333,0.841,,,2,3,92.8,9,1979,85.4,85.94,5,7,9,0.5,6.56,121,149,120,152,289,323,307,"-0.997","0.997",,,,3,2,0,2,0,0,1,33.3,0,0,"2.07","1.04","0.75","-0.5","92.7",148,0,0,0,6.31,-1.9,-0.26,2.05,0.667,0,"6.23125",,,"-6.23125",,,,,71.4,,,,,,,
16,666374,"Brash, Matt",73,21.9,0.333,0,0.5,0.333,0.297,,,1,3,74.5,-30,1807,89.1,89.18,2,5,11,0.10000000000000853,6.39,113,145,122,151,292,320,296,"-0.849","0.849",,,,3,2,1,0,0,0,1,33.3,0,0,"2.89","-0.02","0.74","-0.43","90.9",10,50,0,0,5.36,-2.55,-0.35,2.54,0.333,0,"5.30625",,,"-5.30625",,,,,40,,,,,,,
16,605540,"Woodruff, Brandon",94,17,0.5,0,1,0.5,0.53,,,1,2,97.1,9,1857,82.5,82.97,6,9,7,0.5,6.46,124,146,114,149,289,325,301,"-0.254","0.254",,,,3,1,1,0,0,0,1,33.3,1,33.3,"2.52","0.82","1.1","-0.78","91.0",67,100,0,0,5.93,-1.52,-0.54,1.64,0.667,0,"1.5875",,,"-1.5875",,,,,66.7,,,,,,,
16,702352,"Bivens, Spencer",176,9.1,0.667,0,1,0.667,0.594,,,2,3,104.3,4.5,1832,88.1,88.85,2,8,8,0.7999999999999972,6.51,116,147,117,152,298,332,305,"-0.96","0.96",,,,3,2,2,0,0,0,1,33.3,0,0,"2.85","0.06","0.84","-0.74","93.4",67,100,0,0,5.88,-2.19,-0.62,1.7,0.667,0,"6",,,"-6",,,,,25,,,,,,,
16,807739,"Anderson, Kade",115,13.9,0.2,0.6,0,0.8,0.41,,,1,5,90.7,9,1491,85.1,85.33,5,10,6,0.20000000000000284,6.36,101,150,118,141,292,320,299,"-0.175","0.175",,,,5,2,0,0,0,1,3,60,0,0,"2.4","0.74","1.05","-1.05","92.1",205,50,50,20,6.23,0.88,0.79,1.82,0.2,1,"1.09375",,,"-1.09375",,,,,50,,,,,,,
16,805326,"Schweitzer, Tyler",112,14.3,0.25,0,0.5,0.25,0.223,,,2,8,92.3,-3,2074,87.3,86.76,3,8,8,-0.5,6.04,106,149,123,147,295,322,297,"0.513","-0.513",,,,8,4,2,0,0,0,4,50,0,0,"2.65","0.36","1.14","-0.74","94.6",124,50,0,0,5.96,2.37,0.77,1.95,0.25,0,"-3.20625",,,"3.20625",,,,,37.5,,,,,,,
16,672391,"Ort, Kaleb",84,19,0,0,0,0,0.116,,,0,5,89.5,5.5,1977,89.1,88.84,1,7,9,-0.29999999999999716,6.19,106,146,119,148,300,322,305,"0.747","-0.747",,,,6,4,0,0,0,0,1,16.7,1,16.7,"2.26","0.62","1.19","-0.04","91.5",101,25,0,0,5.53,-2.66,-0.4,1.31,0.167,0,"-4.66875",,,"4.66875",,,,,14.3,,,,,,,
16,699008,"Kelly, Antwone",72,22.2,0,0,0,0,0,,,0,1,93.6,55,1126,85.2,85.51,0,3,13,0.29999999999999716,6.44,116,151,124,151,256,306,310,"-0.129","0.129",,,,1,1,0,0,0,0,0,0,0,0,"2.94","0.19","0.57","-0.39","89.9",138,0,0,0,5.73,-1.74,-1.17,3.11,0,0,"0.80625",,,"-0.80625",,,,,0,,,,,,,
15,666277,"Soriano, George",113,13.3,0,0,0,0,0,,,0,5,93.4,2.3,1454,89.2,89.7,2,8,7,0.5,6.57,117,147,116,150,279,317,289,"0.848","-0.848",,,,5,3,0,0,0,0,2,40,0,0,"3.05","-0.18","0.85","-0.52","91.2",76,33.33333333333333,0,0,5.7,-2.52,-0.24,1.29,0,0,"-5.653333333",,,"5.653333333",,,,,25,,,,,,,
15,834575,"Stull, Eston",115,13,0,0,,0,0.243,,,0,2,,,1276,85.9,86.13,3,6,9,0.19999999999998863,6.44,103,144,122,144,289,318,275,"0.326","-0.326",,,,3,0,0,0,0,0,2,66.7,0,0,"2.79","0.3","1.22","-0.07","91.1",78,,,,6.02,-0.76,-1.12,2.39,0.333,,"-2.173333333",,,"2.173333333",,,,,50,,,,,,,
15,829272,"Ogasawara, Shinnosuke",62,24.2,0,0,0,0,0,,,0,4,83.1,4,1571,80.7,80.24,5,12,3,-0.5,5.96,109,150,119,147,297,325,286,"1.104","-1.104",,,,4,1,0,0,0,0,3,75,0,0,"2.85","0.65","1.15","-0.87","91.4",184,0,0,0,5.58,1.54,0.02,2.15,0,0,"-7.36",,,"7.36",,,,,41.7,,,,,,,
15,687280,"Gilbert, Geoffrey",44,34.1,0.2,0,0.5,0.2,0.178,,,1,5,91.8,26.5,1999,83.1,83.63,5,8,7,0.5,6.65,104,150,122,143,294,317,277,"0.46","-0.46",,,,5,2,1,0,0,0,3,60,0,0,"2.11","1.21","1.11","-0.85","93.1",131,0,0,0,5.51,1.03,0.03,2.44,0.2,0,"-3.066666667",,,"3.066666667",,,,,62.5,,,,,,,
15,804249,"Kuehner, Tate",48,31.3,0,0,0,0,0,,,0,3,77.9,-9,1620,85.2,85.19,4,8,7,0,6.01,103,150,124,146,304,312,293,"0.681","-0.681",,,,3,2,0,0,0,0,1,33.3,0,0,"2.88","0.23","1.2","-0.69","90.3",86,50,0,0,5.02,1.78,0.65,1.77,0,0,"-4.54",,,"4.54",,,,,50,,,,,,,
15,674681,"Plassmeyer, Michael",82,18.3,0.6,0,1,0.6,0.534,,,3,5,90.3,8.3,1798,83.8,83.67,4,9,6,-0.09999999999999432,6.13,93,144,119,140,286,322,299,"-1.198","1.198",,,,5,3,3,0,0,0,2,40,0,0,"3.23","0.01","1.21","-1.21","91.6",77,33.33333333333333,0,0,5.17,3.5,0.83,1.64,0.6,0,"7.986666667",,,"-7.986666667",,,,,44.4,,,,,,,
15,605400,"Nola, Aaron",110,13.6,0.333,1,0,1.333,0.683,,,1,3,81.7,14,1493,84.2,84.53,1,7,8,0.29999999999999716,6.51,111,148,119,148,295,315,288,"-0.346","0.346",,,,3,3,0,0,0,1,0,0,0,0,"2.91","0.31","1.24","-0.75","92.7",146,33.33333333333333,33.33333333333333,33.33333333333333,4.84,-1.85,-0.45,2,0.333,1,"2.306666667",,,"-2.306666667",,,,,14.3,,,,,,,
15,650893,"Cabrera, Génesis",98,15.3,0,0,0,0,0,,,0,6,82.3,-6.5,1934,87.9,87.18,4,10,5,-0.7000000000000028,5.79,103,146,113,141,286,306,276,"1.369","-1.369",,,,6,4,0,0,0,0,2,33.3,0,0,"2.46","0.49","1.51","-1.51","91.6",140,25,0,0,5.92,0.99,0.4,2.16,0,0,"-9.126666667",,,"9.126666667",,,,,40,,,,,,,
15,686857,"Gonzalez, James",60,25,0,0,0,0,0,,,0,5,88.6,-1.5,1916,80.8,80.65,5,10,5,-0.09999999999999432,6.25,113,152,115,148,287,318,287,"1.374","-1.374",,,,5,2,0,0,0,0,3,60,0,0,"3.05","0.45","1.38","-1.38","92.8",27,50,0,0,5.72,2.12,0.5,2.11,0,0,"-9.16",,,"9.16",,,,,50,,,,,,,
15,689254,"Fluharty, Mason",87,17.2,0.4,0.2,0.5,0.6,0.43,,,2,5,81.1,6,1980,88.2,88.62,1,8,7,0.3999999999999915,6.74,118,151,124,148,294,322,290,"-0.565","0.565",,,,5,4,1,1,0,0,1,20,0,0,"2.54","0.4","0.93","-0.34","90.9",132,25,0,0,5.82,3.57,0.62,1.91,0.4,0,"3.766666667",,,"-3.766666667",,,,,12.5,,,,,,,
15,690916,"Fitts, Richard",178,8.4,0.333,0,0.5,0.333,0.297,,,1,3,90.4,-39,1322,89.5,89.92,2,7,8,0.4000000000000057,6.62,109,145,120,150,288,328,299,"0.194","-0.194",,,,3,2,1,0,0,0,1,33.3,0,0,"2.32","0.53","0.92","-0.78","93.7",92,50,0,0,5.89,-2.33,-0.44,2.22,0.333,0,"-1.293333333",,,"1.293333333",,,,,28.6,,,,,,,
15,676428,"Hurter, Brant",103,14.6,0.25,0,0.333,0.25,0.223,,,1,4,74.7,-13.7,1709,86.5,86.05,4,9,6,-0.4000000000000057,6.07,105,152,123,147,296,328,287,"0.178","-0.178",,,,4,3,1,0,0,0,1,25,0,0,"3.11","-0.06","1.17","-1.17","90.1",61,0,0,0,6,3.57,0.9,1.79,0.25,0,"-1.186666667",,,"1.186666667",,,,,44.4,,,,,,,
15,687473,"Gusto, Ryan",161,9.3,0.667,0.333,0.667,1,0.717,,,2,3,78.1,-2.3,1147,87.2,87.87,0,6,9,0.7000000000000028,6.54,117,146,126,149,288,319,285,"-1.578","1.578",,,,3,3,1,1,0,0,0,0,0,0,"2.74","0.24","1.07","-0.98","89.3",131,0,0,0,6.01,-2.07,-0.2,2.28,0.667,0,"10.52",,,"-10.52",,,,,0,,,,,,,
14,607200,"Fedde, Erick",131,10.7,0.5,0.5,0.5,1,0.631,,,1,2,69.9,-18,1771,88.8,89.33,0,2,12,0.5,6.4,116,147,125,150,298,330,303,"-0.963","0.963",,,,2,2,0,1,0,0,0,0,0,0,"2.66","0.21","0.92","-0.92","95.9",174,50,0,0,5.78,-1.65,-0.3,1.26,0.5,0,"6.878571429",,,"-6.878571429",,,,,0,,,,,,,
14,623437,"Topa, Justin",144,9.7,0,0,,0,0,,,0,3,,,1850,86.6,85.87,4,6,8,-0.6999999999999886,5.83,116,145,117,149,289,312,279,"0.714","-0.714",,,,3,0,0,0,0,0,3,100,0,0,"3.4","-0.36","1.2","-1.03","88.0",3,,,,5.1,-2.55,-0.75,1.68,0,,"-5.1",,,"5.1",,,,,66.7,,,,,,,
14,681911,"Vesia, Alex",114,12.3,0,0,0,0,0,,,0,2,89.9,0.5,1762,81.7,81.71,3,5,9,0,6.38,105,145,112,140,305,321,287,"0.569","-0.569",,,,2,2,0,0,0,0,0,0,0,0,"2.37","1.06","0.94","-0.94","90.9",174,0,0,0,5.98,0.62,0.43,2.06,0,0,"-4.064285714",,,"4.064285714",,,,,60,,,,,,,
14,702281,"Snelling, Robby",160,8.8,0.4,0.2,0.5,0.6,0.43,,,2,5,91.3,26,1563,89.5,89.6,0,6,8,0.09999999999999432,6.39,112,150,123,148,286,307,276,"-0.811","0.811",,,,5,4,1,1,0,0,1,20,0,0,"2.36","0.49","1.35","-0.71","92.0",187,50,0,0,5.62,2.79,0.52,1.98,0.4,0,"5.792857143",,,"-5.792857143",,,,,0,,,,,,,
14,686610,"Waldichuk, Ken",151,9.3,0.25,0,0.333,0.25,0.223,,,1,4,84.9,3.7,1904,84.6,85.01,3,7,7,0.4000000000000057,6.67,104,150,120,149,302,323,299,"0.057","-0.057",,,,4,3,1,0,0,0,1,25,0,0,"2.36","0.84","1.25","-1.25","90.0",62,33.33333333333333,0,0,5.65,2.23,0.34,1.52,0.25,0,"-0.407142857",,,"0.407142857",,,,,42.9,,,,,,,
14,680951,"Nikhazy, Doug",73,19.2,0,0,0,0,0,,,0,5,70.8,-15.5,1974,82.8,83.64,5,8,6,0.7999999999999972,7.03,104,149,121,143,298,319,296,"0.883","-0.883",,,,5,2,0,0,0,0,3,60,0,0,"2.57","0.77","0.98","-0.98","91.6",13,50,0,0,5.56,2.72,0.43,2.44,0,0,"-6.307142857",,,"6.307142857",,,,,62.5,,,,,,,
14,657514,"Bernardino, Brennan",105,13.3,1,0.5,1,1.5,0.895,,,2,2,91,9,1297,78.7,77.54,1,5,9,-1.2000000000000028,5.49,112,152,121,149,303,324,300,"-2.555","2.555",,,,4,2,1,1,0,0,0,0,1,25,"3.5","0.2","1.16","-0.72","90.0",138,0,0,0,5.21,3,0.72,2.2,1,0,"18.25",,,"-18.25",,,,,20,,,,,,,
14,656492,"Griffin, Foster",123,11.4,0.333,0.333,0.333,0.667,0.421,,,1,3,88.2,-16.3,1867,83.8,83.24,3,6,8,-0.5999999999999943,6,101,150,119,146,291,309,268,"-0.429","0.429",,,,3,3,0,1,0,0,0,0,0,0,"2.62","0.64","1.23","-1.23","93.0",100,33.33333333333333,0,0,5.85,2.7,-0.05,1.59,0.333,0,"3.064285714",,,"-3.064285714",,,,,50,,,,,,,
14,681077,"Knorr, Michael",60,23.3,0.25,0,0.333,0.25,0.223,,,1,4,94.3,-1,1059,82.2,82.63,3,8,6,0.3999999999999915,6.93,108,150,123,149,306,324,302,"-1.568","1.568",,,,4,3,1,0,0,0,1,25,0,0,"3.45","-0.03","0.8","0.2","92.0",62,33.33333333333333,0,0,5.76,-1.68,0.19,1.49,0.25,0,"11.2",,,"-11.2",,,,,37.5,,,,,,,
14,676106,"Hancock, Emerson",252,5.6,0,0,0,0,0,,,0,5,83.1,15,1508,86.7,86.19,0,5,9,-0.5,6.05,115,146,116,147,294,324,308,"0.85","-0.85",,,,5,5,0,0,0,0,0,0,0,0,"2.89","0.15","1.09","-0.41","89.4",134,0,0,0,5.24,-2.81,-0.5,1.69,0,0,"-6.071428571",,,"6.071428571",,,,,0,,,,,,,
14,693433,"Woo, Bryan",199,7,0.5,0.25,0.667,0.75,0.538,,,2,4,98.6,13,1568,89.5,89.82,2,9,5,0.29999999999999716,6.48,120,141,118,146,297,324,304,"-0.7","0.7",,,,4,3,1,1,0,0,1,25,0,0,"2.38","0.47","1.12","-0.83","92.7",132,66.66666666666666,33.33333333333333,25,5.02,-1.73,-0.36,1.76,0.5,1,"5",,,"-5",,,,,22.2,,,,,,,
14,691014,"Savino, Nate",41,34.1,0,0,0,0,0,,,0,3,83.3,22.3,1882,86,86.24,0,3,11,0.20000000000000284,6.5,112,151,122,146,299,322,302,"0.393","-0.393",,,,3,3,0,0,0,0,0,0,0,0,"2.59","0.5","1.25","-1.04","89.1",178,0,0,0,6.19,1.29,-0.3,2.04,0,0,"-2.807142857",,,"2.807142857",,,,,0,,,,,,,
14,677053,"Nardi, Andrew",99,14.1,0,0,0,0,0,,,0,2,75.3,25,1349,87.5,88.34,0,4,10,0.7999999999999972,6.77,109,151,126,148,280,311,273,"0.218","-0.218",,,,2,2,0,0,0,0,0,0,0,0,"2.54","0.43","1.14","-0.88","88.0",146,0,0,0,5.51,3.11,0.55,1.61,0,0,"-1.557142857",,,"1.557142857",,,,,0,,,,,,,
14,687593,"Patteson, Hunter",116,12.1,0,0,0,0,0.349,,,0,1,87,57,1803,85.9,85.94,0,2,12,0,6.24,109,151,121,146,297,319,290,"-0.374","0.374",,,,2,1,0,0,0,0,0,0,1,50,"2.34","0.75","1.13","-1.13","89.3",194,0,0,0,5.84,1.44,0.5,2.67,0.5,0,"2.671428571",,,"-2.671428571",,,,,0,,,,,,,
14,701121,"VanWey, Logan",156,9,0,0,0,0,0,,,0,2,79.2,-7,1800,86.2,86.64,1,5,9,0.3999999999999915,6.65,115,142,126,149,286,318,299,"0.09","-0.09",,,,2,2,0,0,0,0,0,0,0,0,"3.25","-0.17","1.25","-1.25","93.0",184,50,0,0,4.88,-2.72,-0.83,2.31,0,0,"-0.642857143",,,"0.642857143",,,,,20,,,,,,,
14,670391,"Anderson, Ben",45,31.1,0.4,0,0.4,0.4,0.413,,,2,5,92.7,12.6,1570,86.6,87.36,2,8,6,0.8000000000000114,6.71,108,147,127,150,297,320,296,"0.026","-0.026",,,,6,5,2,0,0,0,0,0,1,16.7,"2.31","0.72","1.12","-0.24","96.6",97,40,0,0,5.93,-1.36,-0.19,1.81,0.5,0,"-0.185714286",,,"0.185714286",,,,,25,,,,,,,
14,805291,"Reilly, Vince",92,15.2,0,0,0,0,0,,,0,4,89.8,-27.5,1610,87.4,88.5,3,7,7,1.0999999999999943,6.71,112,147,112,148,293,324,301,"1.036","-1.036",,,,4,2,0,0,0,0,2,50,0,0,"2.64","0.31","0.75","-0.17","91.6",5,50,0,0,5.19,-1.77,-0.22,1.99,0,0,"-7.4",,,"7.4",,,,,42.9,,,,,,,
14,687606,"Schultz, Paxton",54,25.9,0,0,,0,0.349,,,0,1,,,1764,85.2,84.41,2,2,12,-0.7999999999999972,5.87,116,150,128,152,296,314,292,"-0.611","0.611",,,,2,0,0,0,0,0,1,50,1,50,"2.77","0.38","0.44","-0.15",,,,,,5.94,-2.37,-0.79,1.44,0.5,,"4.364285714",,,"-4.364285714",,,,,100,,,,,,,
14,678906,"Teng, Kai-Wei",161,8.7,0,0,0,0,0,,,0,5,98,1.5,1610,87.7,87.35,3,9,5,-0.29999999999999716,6.14,108,145,123,150,290,311,286,"1.06","-1.06",,,,5,4,0,0,0,0,1,20,0,0,"2.88","0.09","1.33","-1.15","94.7",101,75,0,0,5.55,-2.04,0.1,1.64,0,0,"-7.571428571",,,"7.571428571",,,,,33.3,,,,,,,
14,669684,"Murphy, Chris",176,8,0.25,0.25,0.25,0.5,0.316,,,1,4,89.8,3.3,1693,83.8,84.01,0,5,9,0.20000000000000284,6.48,109,148,124,142,305,333,297,"-0.161","0.161",,,,4,4,0,1,0,0,0,0,0,0,"2.74","0.51","1.21","-1.21","94.5",183,75,0,0,5.28,2.03,0.02,2.32,0.25,0,"1.15",,,"-1.15",,,,,0,,,,,,,
14,695667,"Kudrna, Ben",78,17.9,0.25,0.25,0.333,0.5,0.316,,,1,4,91.1,5,1966,89.8,90.33,1,6,8,0.5,6.56,107,147,117,149,293,315,295,"-0.281","0.281",,,,4,3,0,1,0,0,1,25,0,0,"2.12","0.7","1.4","0.23","93.3",127,33.33333333333333,0,0,5.84,-2.12,-0.62,1.63,0.25,0,"2.007142857",,,"-2.007142857",,,,,16.7,,,,,,,
14,686747,"La Sorsa, Joe",74,18.9,0,0,0,0,0,,,0,3,85,41.5,1614,84.1,84.02,3,9,5,-0.09999999999999432,6.55,96,145,112,144,288,312,287,"1.035","-1.035",,,,4,4,0,0,0,0,0,0,0,0,"2.55","0.72","1.16","-1.16","89.4",243,0,0,0,5.09,3.29,0.38,1.95,0,0,"-7.392857143",,,"7.392857143",,,,,33.3,,,,,,,
14,676755,"Mattson, Isaac",107,13.1,0,0,0,0,0,,,0,6,85.6,11.5,1711,85.4,86.11,1,7,7,0.6999999999999886,6.82,120,150,123,153,281,306,283,"0.62","-0.62",,,,6,6,0,0,0,0,0,0,0,0,"2.32","0.82","0.92","-0.62","91.6",140,33.33333333333333,0,0,5.95,-1.32,-0.3,1.84,0,0,"-4.428571429",,,"4.428571429",,,,,14.3,,,,,,,
14,694536,"Baker, Trent",100,14,0.5,0,0.5,0.5,0.445,,,2,4,95,18,1886,87.5,87.7,1,6,8,0.20000000000000284,6.51,103,141,121,149,288,323,281,"-0.578","0.578",,,,4,4,2,0,0,0,0,0,0,0,"2.52","0.46","1.44","-1.44","93.8",200,50,0,0,5.21,-1.88,-0.05,1.85,0.5,0,"4.128571429",,,"-4.128571429",,,,,16.7,,,,,,,
13,663795,"Hagenman, Justin",136,9.6,0.333,0.333,0.333,0.667,0.421,,,1,3,94.2,6,1654,85.5,85.2,2,6,7,-0.29999999999999716,6.18,110,149,123,150,295,319,276,"-0.635","0.635",,,,3,3,0,1,0,0,0,0,0,0,"3.17","-0.04","1.34","-0.26","93.8",115,33.33333333333333,0,0,5.05,-3.31,0.06,1.47,0.333,0,"4.884615385",,,"-4.884615385",,,,,33.3,,,,,,,
13,687424,"Maldonado, Anthony",76,17.1,0,0,0,0,0,,,0,3,82,42.7,1619,86.3,85.63,1,5,8,-0.7000000000000028,5.74,116,134,122,140,287,322,294,"0.631","-0.631",,,,3,3,0,0,0,0,0,0,0,0,"2.65","0.4","1.45","-1.2","88.5",226,0,0,0,5.91,-2.12,-0.98,2.16,0,0,"-4.853846154",,,"4.853846154",,,,,20,,,,,,,
13,669211,"Akin, Keegan",71,18.3,0.333,0.167,0.4,0.5,0.407,,,2,6,76.4,12.6,2067,85.2,84.04,2,8,5,-1.2000000000000028,5.85,106,150,119,144,295,313,290,"-0.835","0.835",,,,7,5,1,1,0,0,1,14.3,1,14.3,"2.31","0.88","1.27","-0.9","89.1",192,0,0,0,5.79,1.89,0.16,2.12,0.429,0,"6.423076923",,,"-6.423076923",,,,,25,,,,,,,
13,687924,"Aguiar, Julian",110,11.8,,,,,,,,,,,,1678,83.9,83.65,1,3,10,-0.30000000000001137,6.09,121,148,120,151,289,328,295,"-0.325","0.325",,,,,,,,,,,,,,"2.97","0.26","1.04","-0.78","89.8",98,,,,5.49,-2.18,-0.27,1.23,,,"2.5",,,"-2.5",,,,,33.3,,,,,,,
13,641540,"Dunning, Dane",121,10.7,0.333,0,0.333,0.333,0.397,,,1,3,89.4,-3.7,1956,83.5,84.24,0,6,7,0.7000000000000028,6.79,112,147,120,148,300,326,304,"-0.669","0.669",,,,4,3,1,0,0,0,0,0,1,25,"2.67","0.61","1.38","-0.28","89.4",86,33.33333333333333,0,0,5.86,-2.1,-0.47,2.13,0.5,0,"5.146153846",,,"-5.146153846",,,,,0,,,,,,,
13,642701,"Santana, Dennis",69,18.8,0.5,0,1,0.5,0.445,,,1,2,82,22,2258,86.2,85.77,3,6,7,-0.4000000000000057,6.21,103,148,126,150,271,316,289,"-0.666","0.666",,,,2,1,1,0,0,0,1,50,0,0,"2.75","0.34","1.23","-1.23","88.0",274,0,0,0,5.66,-2.09,0.14,1.44,0.5,0,"5.123076923",,,"-5.123076923",,,,,50,,,,,,,
13,656876,"Rasmussen, Drew",214,6.1,0,0,,0,0,,,0,2,,,967,88.2,88.62,2,5,8,0.3999999999999915,6.55,114,150,122,149,295,318,297,"0.16","-0.16",,,,2,0,0,0,0,0,2,100,0,0,"2.51","0.42","0.69","-0.12","94.4",27,,,,5.96,-1.84,-0.55,1.36,0,,"-1.230769231",,,"1.230769231",,,,,40,,,,,,,
13,682052,"Lopez, Jacob",166,7.8,0,0,0,0,0,,,0,1,64.5,-6,2013,82.1,82.81,1,4,9,0.7000000000000028,6.83,99,150,116,144,298,330,290,"0.116","-0.116",,,,1,1,0,0,0,0,0,0,0,0,"3.01","0.38","1.33","-1.12","88.0",6,0,0,0,5.14,3.65,0.13,1.9,0,0,"-0.892307692",,,"0.892307692",,,,,25,,,,,,,
13,677865,"Bruihl, Justin",150,8.7,,,,,,,,,,,,1367,81,81.46,2,2,11,0.5,6.72,103,149,119,145,285,322,278,"-0.289","0.289",,,,,,,,,,,,,,"3.54","-0.05","0.83","-0.83",,,,,,4.8,3.37,1.36,2.24,,,"2.223076923",,,"-2.223076923",,,,,100,,,,,,,
13,681293,"Arrighetti, Spencer",150,8.7,0,0,,0,0,,,0,1,,,1382,84.9,86.95,2,5,8,2,7.39,106,145,131,150,292,322,293,"0.065","-0.065",,,,1,0,0,0,0,0,1,100,0,0,"2.78","0.36","1.2","-0.43","89.9",35,,,,4.77,-1.71,-0.72,2.28,0,,"-0.5",,,"0.5",,,,,40,,,,,,,
13,681402,"Varland, Gus",162,8,0.5,0,0.5,0.5,0.445,,,1,2,80.5,-28.5,1102,90.7,91.38,0,4,9,0.7000000000000028,6.54,113,147,127,150,293,321,297,"-0.475","0.475",,,,2,2,1,0,0,0,0,0,0,0,"2.53","0.23","1.03","-0.6","92.5",187,50,0,0,5.16,-1.44,-0.3,1.9,0.5,0,"3.653846154",,,"-3.653846154",,,,,0,,,,,,,
13,641778,"Lauer, Eric",158,8.2,1,0,1,1,0.81,,,1,1,86.6,17,1109,83.4,82.76,0,5,8,-0.6000000000000085,5.74,113,151,122,143,300,328,281,"-1.053","1.053",,,,2,1,1,0,0,0,0,0,0,0,"2.81","0.45","0.82","-0.71","88.0",148,0,0,0,6.06,1.92,0.67,2.32,1,0,"8.1",,,"-8.1",,,,,0,,,,,,,
13,694660,"Cohen, Harrison",54,24.1,0,0,0,0,0,,,0,1,80.7,80,1734,86.3,85.04,2,6,7,-1.2999999999999972,5.52,113,147,124,152,278,307,276,"0.244","-0.244",,,,1,1,0,0,0,0,0,0,0,0,"2.84","0.23","1.08","-0.63","88.4",158,0,0,0,5.31,-1.7,-0.45,1.96,0,0,"-1.876923077",,,"1.876923077",,,,,33.3,,,,,,,
13,678821,"Peralta, Luis",44,29.5,0,0,0,0,0,,,0,2,83.6,-0.5,1699,85.1,84.45,1,5,8,-0.5999999999999943,5.94,105,153,116,147,303,318,299,"0.401","-0.401",,,,2,2,0,0,0,0,0,0,0,0,"2.35","0.81","0.98","-0.98","88.0",173,0,0,0,5.09,2.84,0.59,2.24,0,0,"-3.084615385",,,"3.084615385",,,,,20,,,,,,,
13,806185,"Birdsong, Hayden",79,16.5,0.5,0.5,0.5,1,0.631,,,1,2,101.6,-2,1259,88.4,89.08,0,5,8,0.6999999999999886,6.78,114,148,118,149,296,327,300,"-0.644","0.644",,,,2,2,0,1,0,0,0,0,0,0,"2.7","0.22","0.85","-0.3","98.3",86,100,0,0,6.1,-1.38,-0.31,1.72,0.5,0,"4.953846154",,,"-4.953846154",,,,,0,,,,,,,
13,671726,"Grissom Jr., Marquis",29,44.8,0,0,0,0,0,,,0,6,99.8,8.8,1989,83.1,82.95,3,8,5,-0.09999999999999432,6.06,118,151,117,149,278,313,287,"1.479","-1.479",,,,6,4,0,0,0,0,2,33.3,0,0,"2.15","1.13","1.19","0.09","97.4",125,50,25,16.666666666666664,5.91,-1.82,0.21,2.25,0,1,"-11.376923077",,,"11.376923077",,,,,37.5,,,,,,,
13,692294,"Gutierrez, Luis",72,18.1,0,0,0,0,0,,,0,3,96.9,23.5,1855,89.5,88.61,2,5,8,-0.9000000000000057,5.86,109,153,127,147,300,319,292,"0.473","-0.473",,,,3,2,0,0,0,0,1,33.3,0,0,"2.55","0.31","1.23","-1.23","95.6",55,50,0,0,5.98,3.43,0.5,1.98,0,0,"-3.638461538",,,"3.638461538",,,,,40,,,,,,,
13,680742,"Bowlan, Jonathan",126,10.3,0,0,0,0,0.175,,,0,3,88.7,12,1553,89.8,89.86,1,5,8,0.10000000000000853,6.48,116,143,125,151,277,310,291,"0.332","-0.332",,,,4,3,0,0,0,0,0,0,1,25,"2.39","0.46","1.17","-1.17","94.2",137,33.33333333333333,0,0,6.2,-2.8,-0.48,2.15,0.25,0,"-2.553846154",,,"2.553846154",,,,,20,,,,,,,
13,701000,"Och, Ryan",63,20.6,0.5,0,0.5,0.5,0.445,,,1,2,93.4,4.5,1894,83.8,82.73,1,4,9,-1.0999999999999943,5.93,103,149,122,148,290,325,295,"-0.573","0.573",,,,2,2,1,0,0,0,0,0,0,0,"2.77","0.48","1","-0.82","91.7",97,50,0,0,5.21,2.4,0.24,2.5,0.5,0,"4.407692308",,,"-4.407692308",,,,,25,,,,,,,
12,701195,"Castro, Manuel",125,9.6,0.5,1.5,0,2,1.025,,,1,2,95,28.5,1950,84.4,84.17,0,3,9,-0.20000000000000284,6.14,115,145,120,149,287,313,296,"-1.241","1.241",,,,2,2,0,0,0,1,0,0,0,0,"2.92","0.28","1.33","-1.12","93.4",242,50,50,50,5.79,-0.82,-0.87,2.87,0.5,1,"10.341666667",,,"-10.341666667",,,,,0,,,,,,,
12,681006,"Simpson, Josh",82,14.6,0.667,0.333,1,1,0.717,,,2,3,104.6,4,1864,87.9,86.95,1,4,8,-0.9000000000000057,5.52,106,147,120,144,294,318,294,"-1.077","1.077",,,,3,2,1,1,0,0,1,33.3,0,0,"3.08","-0.15","1.02","-1.02","99.1",114,100,0,0,5.24,1.23,-0.05,2.19,0.667,0,"8.975",,,"-8.975",,,,,25,,,,,,,
12,679928,"McKendry, Evan",44,27.3,0.5,1,0.5,1.5,0.828,,,2,4,93.4,-3,1787,80.4,80.01,2,5,7,-0.29999999999999716,6.27,117,147,118,148,282,323,286,"-1.526","1.526",,,,4,3,0,1,0,1,1,25,0,0,"3.39","0.17","1.1","-0.75","94.6",222,33.33333333333333,33.33333333333333,25,4.91,-2.45,0.12,2.12,0.5,1,"12.716666667",,,"-12.716666667",,,,,40,,,,,,,
12,689296,"Nunez, Anthony",61,19.7,0,0,,0,0,,,0,4,,,1043,87.9,88.27,4,5,7,0.3999999999999915,6.63,110,144,124,149,283,305,297,"0.67","-0.67",,,,4,0,0,0,0,0,4,100,0,0,"2.83","0.14","0.49","-0.25",,,,,,5.66,-1.13,0.43,0.64,0,,"-5.583333333",,,"5.583333333",,,,,80,,,,,,,
12,668338,"Miller, Tyson",126,9.5,1,0,1,1,0.89,,,3,3,89,23.3,2121,84.8,85.51,0,5,7,0.7000000000000028,6.84,116,145,121,151,294,325,307,"-1.484","1.484",,,,3,3,3,0,0,0,0,0,0,0,"2.98","0.21","0.94","-0.94","92.4",166,33.33333333333333,0,0,4.49,-4.09,-0.55,2.5,1,0,"12.366666667",,,"-12.366666667",,,,,0,,,,,,,
12,689520,"Laweryson, Cody",113,10.6,0.5,0,0.5,0.5,0.496,,,2,4,90.1,13,1604,83.7,83.59,0,5,7,-0.10000000000000853,6.39,121,146,118,149,281,313,281,"-0.415","0.415",,,,5,4,2,0,0,0,0,0,1,20,"3.24","0.04","1.37","-1.15","93.4",193,50,0,0,5.5,-1.7,-0.81,1.45,0.6,0,"3.458333333",,,"-3.458333333",,,,,0,,,,,,,
12,682254,"Montgomery, Mason",140,8.6,1,0,1,1,0.794,,,1,1,115.3,10,1662,92.8,94.02,1,4,8,1.2000000000000028,7.08,107,153,121,150,292,307,276,"-0.495","0.495",,,,2,1,1,0,0,0,0,0,1,50,"1.58","1.07","0.73","-0.73","97.1",197,100,100,50,5.67,1.21,0.24,1.78,1,1,"4.125",,,"-4.125",,,,,25,,,,,,,
12,691602,"Cruz, Stiven",79,15.2,1,0,1,1,0.89,,,1,1,102.3,13,1719,86.2,85.33,2,7,5,-0.9000000000000057,5.55,110,146,124,151,295,317,302,"-0.236","0.236",,,,1,1,1,0,0,0,0,0,0,0,"2.88","0.17","1.28","-1.28","95.0",247,100,0,0,5.79,-1.55,-0.27,1.86,1,0,"1.966666667",,,"-1.966666667",,,,,28.6,,,,,,,
12,695871,"Broca, Jesús",48,25,0,0,,0,0.349,,,0,1,,,1691,83.8,82.32,3,3,9,-1.5,5.32,110,150,121,149,295,308,292,"0.049","-0.049",,,,2,0,0,0,0,0,1,50,1,50,"2.83","0.42","1.29","-1.29",,,,,,5.42,1.63,0.3,2.07,0.5,,"-0.408333333",,,"0.408333333",,,,,100,,,,,,,
12,680734,"Luckham, Kyle",41,29.3,0,0,0,0,0,,,0,1,88.8,-29,986,83.1,82.43,1,5,7,-0.6999999999999886,5.98,123,143,115,142,295,321,303,"0.117","-0.117",,,,1,1,0,0,0,0,0,0,0,0,"2.87","0.45","0.8","-0.8","88.2",20,0,0,0,6.04,-1.18,-0.56,2.2,0,0,"-0.975",,,"0.975",,,,,20,,,,,,,
12,683627,"Molina, Anthony",69,17.4,0,0,0,0,0,,,0,4,72.1,-6.3,1892,87.9,87.81,4,8,4,-0.10000000000000853,6.28,108,147,129,154,293,326,294,"1.148","-1.148",,,,4,3,0,0,0,0,1,25,0,0,"2.4","0.56","1.16","-1.16","88.0",86,0,0,0,6,-1.9,-0.41,1.78,0,0,"-9.566666667",,,"9.566666667",,,,,50,,,,,,,
12,672456,"Montero, Keider",70,17.1,0.333,0,0.333,0.333,0.297,,,1,3,106.6,-2.7,2043,89.6,90.23,0,3,9,0.6000000000000085,6.54,107,143,124,146,290,328,295,"0.146","-0.146",,,,3,3,1,0,0,0,0,0,0,0,"2.15","0.68","1.26","-0.62","106.7",115,100,33.33333333333333,33.33333333333333,5.77,-2.13,-0.1,2.68,0.333,1,"-1.216666667",,,"1.216666667",,,,,0,,,,,,,
12,695611,"Jump, Gage",159,7.5,0.25,0,0.333,0.25,0.223,,,1,4,100.1,26,1282,87.7,87.81,2,6,6,0.09999999999999432,6.26,101,149,118,144,304,316,288,"0.167","-0.167",,,,4,3,1,0,0,0,1,25,0,0,"2.4","0.56","1","-1","100.1",239,66.66666666666666,33.33333333333333,25,5.48,1.4,0.74,2.17,0.25,1,"-1.391666667",,,"1.391666667",,,,,33.3,,,,,,,
12,676571,"Poulin, PJ",110,10.9,0,0,0,0,0,,,0,3,88.4,3,1509,81,80.42,2,5,7,-0.5999999999999943,6.07,113,153,122,149,299,329,292,"0.06","-0.06",,,,3,1,0,0,0,0,2,66.7,0,0,"3.59","-0.09","1.04","-1.04","88.1",138,0,0,0,4.43,2.4,0.54,1.5,0,0,"-0.5",,,"0.5",,,,,40,,,,,,,
12,663947,"Holton, Tyler",73,16.4,0.5,0,1,0.5,0.445,,,1,2,96.3,-19,1015,83.5,83.29,5,7,5,-0.20000000000000284,6.32,113,151,125,150,293,325,295,"-0.039","0.039",,,,2,1,1,0,0,0,1,50,0,0,"3.44","-0.15","0.8","-0.47","96.3",5,100,0,0,5.77,1.82,-0.12,1.39,0.5,0,"0.325",,,"-0.325",,,,,71.4,,,,,,,
12,692369,"Davila, José",33,36.4,0,0,0,0,0,,,0,2,69,67,1357,86.1,86.36,2,5,7,0.30000000000001137,6.59,104,149,121,149,285,309,274,"0.849","-0.849",,,,2,1,0,0,0,0,1,50,0,0,"2.2","0.89","1.04","1.04","92.8",51,0,0,0,6.31,-1.17,-0.07,2.31,0,0,"-7.075",,,"7.075",,,,,40,,,,,,,
12,821970,"Martinez, Xavier",37,32.4,0,0,,0,0.466,,,0,1,,,1730,79.7,79.82,2,3,9,0.09999999999999432,6.24,104,147,115,149,309,318,289,"-0.654","0.654",,,,3,0,0,0,0,0,1,33.3,2,66.7,"3.07","0.51","1.18","-0.04","88.0",135,,,,5.16,-1.25,0.01,1.99,0.667,,"5.45",,,"-5.45",,,,,66.7,,,,,,,
12,668943,"Miller, Ryan",81,14.8,0.75,1,0.667,1.75,1.051,,,3,4,93.1,24.3,1580,85.4,85.67,1,6,6,0.29999999999999716,6.32,119,148,123,152,287,316,291,"-2.842","2.842",,,,4,4,1,1,0,1,0,0,0,0,"2.97","0.14","0.97","-0.97","97.1",246,75,25,25,4.5,-2.08,0.43,1.77,0.75,1,"23.683333333",,,"-23.683333333",,,,,16.7,,,,,,,
12,669449,"Palisch, Jake",42,28.6,0.25,0,0.25,0.25,0.223,,,1,4,92.7,25.8,1828,84.2,83.24,0,6,6,-1,5.68,99,147,117,145,296,324,293,"-0.216","0.216",,,,4,4,1,0,0,0,0,0,0,0,"2.79","0.43","1.37","-1.37","92.6",133,25,0,0,5.91,3.11,0.93,2.13,0.25,0,"1.8",,,"-1.8",,,,,0,,,,,,,
12,670329,"Garcia, Rico",72,16.7,0,0,0,0,0,,,0,2,88.8,32,2351,86.1,85.17,6,10,2,-0.8999999999999915,5.92,115,148,122,150,281,312,288,"0.809","-0.809",,,,2,2,0,0,0,0,0,0,0,0,"1.98","1.12","1.14","-0.99","92.6",298,50,50,50,5.93,-1.69,-0.08,2.37,0,1,"-6.741666667",,,"6.741666667",,,,,60,,,,,,,
12,656794,"Newcomb, Sean",266,4.5,0.5,0,0.5,0.5,0.445,,,1,2,86.5,39,1449,85.4,84.4,0,3,9,-0.8999999999999915,5.68,112,148,123,144,304,332,300,"-0.832","0.832",,,,2,2,1,0,0,0,0,0,0,0,"2.83","0.3","0.89","-0.75","92.4",191,50,0,0,5.91,2.69,0.22,1.57,0.5,0,"6.933333333",,,"-6.933333333",,,,,0,,,,,,,
12,702911,"Garnett, Tristan",20,60,0,0,0,0,0.279,,,0,3,81.7,22,1578,79.8,78.14,1,5,7,-1.7000000000000028,5.22,108,153,119,148,291,318,286,"0.332","-0.332",,,,5,3,0,0,0,0,0,0,2,40,"2.42","1.17","0.96","-0.96","88.0",157,0,0,0,7.38,0.29,0.28,2.16,0.4,0,"-2.766666667",,,"2.766666667",,,,,20,,,,,,,
12,683742,"Franco, Jose",118,10.2,,,,,,,,,,,,1727,89.1,89.38,3,3,9,0.4000000000000057,6.29,95,142,118,149,293,331,296,"-0.009","0.009",,,,,,,,,,,,,,"2.18","0.68","1.29","-0.76",,,,,,5.93,-1.08,-0.59,1.79,,,"0.075",,,"-0.075",,,,,100,,,,,,,
12,686973,"Varland, Louis",80,15,0,0,0,0,0.233,,,0,2,81.4,-20,1563,91.8,92.93,3,6,6,1.1000000000000085,6.86,120,150,127,149,297,326,297,"0.291","-0.291",,,,3,1,0,0,0,0,1,33.3,1,33.3,"2.57","0.13","1.02","-0.68","88.0",3,0,0,0,5.43,-2.9,-1.1,2.04,0.333,0,"-2.425",,,"2.425",,,,,50,,,,,,,
12,701542,"Warren, Will",344,3.5,0.4,0.6,0.667,1,0.572,,,2,5,88.5,8,1610,86.9,86.89,3,7,5,0,6.33,117,147,128,149,285,322,284,"-1.943","1.943",,,,5,3,0,1,1,0,2,40,0,0,"2.87","0.16","1.18","-1.18","93.4",107,33.33333333333333,0,0,5.66,-3.39,-0.5,1.44,0.4,0,"16.191666667",,,"-16.191666667",,,,,42.9,,,,,,,
12,663767,"Shugart, Chase",174,6.9,0.25,0.25,0.333,0.5,0.392,,,1,4,98.2,23.7,1747,87.2,87.16,1,6,6,0,6.33,114,147,110,148,282,315,292,"-1.328","1.328",,,,5,3,0,1,0,0,1,20,1,20,"2.48","0.52","1.27","-1.27","94.1",186,66.66666666666666,0,0,5.33,-2.05,-0.45,1.93,0.4,0,"11.066666667",,,"-11.066666667",,,,,16.7,,,,,,,
12,686790,"McDonald, Trevor",182,6.6,0.2,0.6,0,0.8,0.41,,,1,5,91.4,-6.5,1774,85,86.05,3,6,6,1,7.07,117,150,119,152,306,328,297,"-0.802","0.802",,,,5,2,0,0,0,1,3,60,0,0,"2.93","0.24","1.25","-0.81","95.6",151,50,50,20,5.17,-2.2,-0.4,1.68,0.2,1,"6.683333333",,,"-6.683333333",,,,,50,,,,,,,
12,572143,"Smith, Burch",99,12.1,0.167,0,0.2,0.167,0.148,,,1,6,87.4,1.8,1686,86.1,86.8,4,9,3,0.7000000000000028,6.63,125,148,121,152,292,326,299,"0.678","-0.678",,,,6,5,1,0,0,0,1,16.7,0,0,"2.76","0.3","0.77","-0.59","93.9",92,40,0,0,5.83,-2.43,-0.46,1.97,0.167,0,"-5.65",,,"5.65",,,,,44.4,,,,,,,
12,670766,"McCaughan, Darren",82,14.6,0.333,0,0.333,0.333,0.297,,,1,3,72.1,-10.7,1383,82.6,82.72,0,3,9,0.10000000000000853,6.32,104,141,116,147,298,322,304,"-0.155","0.155",,,,3,3,1,0,0,0,0,0,0,0,"3.06","0.28","1.17","-1.17","88.0",22,0,0,0,5.44,-1.78,-0.51,1.31,0.333,0,"1.291666667",,,"-1.291666667",,,,,0,,,,,,,
12,605154,"Brebbia, John",133,9,1,1,1,2,1.262,,,1,1,94.4,31,1963,88.2,88.69,0,4,8,0.5,6.51,119,150,123,150,301,321,298,"-0.692","0.692",,,,1,1,0,1,0,0,0,0,0,0,"2.24","0.68","1.3","-0.22","91.1",261,0,0,0,5.63,-2.05,-0.1,1.9,1,0,"5.766666667",,,"-5.766666667",,,,,0,,,,,,,
11,695247,"Haynes, Jagger",52,21.2,0.25,0.75,0,1,0.513,,,1,4,99.8,7,2041,86.9,86.48,0,6,5,-0.4000000000000057,6.21,100,151,122,145,294,321,301,"-1.517","1.517",,,,4,4,0,0,0,1,0,0,0,0,"2.2","0.84","1.45","-1.45","97.4",195,75,25,25,6.06,1.34,0.38,1.99,0.25,1,"13.790909091",,,"-13.790909091",,,,,0,,,,,,,
11,681806,"Wantz, Andrew",105,10.5,0.25,0,0.333,0.25,0.223,,,1,4,74.7,51.3,1746,85.6,84.96,2,6,5,-0.5999999999999943,6.05,101,143,122,149,289,317,297,"0.283","-0.283",,,,4,3,1,0,0,0,1,25,0,0,"2.73","0.4","1.09","-1.09","92.8",173,0,0,0,5.98,-2.06,-0.46,2.04,0.25,0,"-2.572727273",,,"2.572727273",,,,,33.3,,,,,,,
11,642546,"Hernández, Jonathan",155,7.1,0,0,0,0,0.233,,,0,2,70,-8,1762,92.2,92.45,0,2,9,0.20000000000000284,6.41,121,148,117,150,283,315,290,"-0.232","0.232",,,,3,1,0,0,0,0,1,33.3,1,33.3,"2.46","0.22","1.08","-1.08","88.0",111,0,0,0,5.56,-2.65,0.27,1.22,0.333,0,"2.109090909",,,"-2.109090909",,,,,0,,,,,,,
11,694805,"Carr, Kyle",66,16.7,0,0,0,0,0,,,0,3,74.6,-15.5,1507,88.6,87.94,1,4,7,-0.6999999999999886,5.97,112,152,126,150,282,318,266,"0.63","-0.63",,,,3,2,0,0,0,0,1,33.3,0,0,"2.57","0.35","0.98","-0.79","88.0",9,0,0,0,5.51,2.33,0.57,1.82,0,0,"-5.727272727",,,"5.727272727",,,,,25,,,,,,,
11,682790,"González, Wikelman",84,13.1,0.667,1,0.5,1.667,0.98,,,2,3,104.2,14.7,1724,89.5,90.23,0,5,6,0.7000000000000028,6.68,109,147,119,146,300,329,302,"-1.494","1.494",,,,3,3,1,0,0,1,0,0,0,0,"2.46","0.39","1.27","-0.56","99.0",145,100,33.33333333333333,33.33333333333333,5.24,-1.97,-0.36,1.59,0.667,1,"13.581818182",,,"-13.581818182",,,,,0,,,,,,,
11,679857,"Tavera, Carlos",30,36.7,0.5,0,0.667,0.5,0.445,,,2,4,90.1,19,2555,86,86,2,6,5,0,6.29,113,145,128,153,281,310,296,"-0.327","0.327",,,,4,3,2,0,0,0,1,25,0,0,"2.57","0.51","1.61","-1.3","91.2",228,33.33333333333333,0,0,5.69,-0.92,-0.47,2.22,0.5,0,"2.972727273",,,"-2.972727273",,,,,33.3,,,,,,,
11,692285,"Guerrero, Luis",171,6.4,0.5,0,0.5,0.5,0.445,,,1,2,88.3,19.5,1925,89.3,87.61,1,6,5,-1.7000000000000028,5.38,106,146,125,152,289,324,301,"-0.246","0.246",,,,2,2,1,0,0,0,0,0,0,0,"2.46","0.42","1.25","-1.25","89.6",107,50,0,0,6.14,-1.58,-0.65,1.65,0.5,0,"2.236363636",,,"-2.236363636",,,,,16.7,,,,,,,
11,676917,"Cavalli, Cade",186,5.9,0,0,0,0,0,,,0,2,95.4,33,2094,89.2,89.27,1,3,8,0.09999999999999432,6.42,111,145,115,151,293,333,302,"0.428","-0.428",,,,2,2,0,0,0,0,0,0,0,0,"2.33","0.54","1.44","-1.19","95.3",321,50,50,50,6.03,-2.94,0.09,1.82,0,1,"-3.890909091",,,"3.890909091",,,,,33.3,,,,,,,
11,687570,"Prielipp, Connor",122,9,0,0,0,0,0,,,0,2,103.4,1,2104,88.9,87.86,3,4,7,-1,5.75,104,141,117,140,287,311,278,"0.441","-0.441",,,,2,1,0,0,0,0,1,50,0,0,"2.58","0.32","1.33","-1.33","103.4",60,100,0,0,6.04,1.53,0.56,2.31,0,0,"-4.009090909",,,"4.009090909",,,,,75,,,,,,,
11,700327,"Herrera, Welinton",123,8.9,1,0.333,1,1.333,1.014,,,3,3,100.5,4.3,1499,89.9,89.45,0,3,8,-0.4000000000000057,6.02,107,146,116,140,299,320,291,"-2.163","2.163",,,,3,3,2,1,0,0,0,0,0,0,"2.32","0.5","1.16","-0.9","100.5",194,66.66666666666666,33.33333333333333,33.33333333333333,5.4,1.55,-0.13,1.41,1,1,"19.663636364",,,"-19.663636364",,,,,0,,,,,,,
11,621107,"Eflin, Zach",110,10,,,,,,,,,,,,1720,87.6,87.87,1,5,6,0.30000000000001137,6.55,121,149,123,151,295,317,281,"-0.014","0.014",,,,,,,,,,,,,,"2.86","0.12","1.38","-0.6","88.0",47,,,,5.73,-2.18,0.06,1.26,,,"0.127272727",,,"-0.127272727",,,,,20,,,,,,,
11,656302,"Cease, Dylan",170,6.5,0,0,,0,0,,,0,1,,,1808,86.8,87.22,4,7,4,0.4000000000000057,6.49,109,147,126,150,307,327,296,"0.265","-0.265",,,,1,0,0,0,0,0,1,100,0,0,"1.59","1.43","0.74","-0.35","88.0",222,,,,6.22,-1.6,-0.25,1.98,0,,"-2.409090909",,,"2.409090909",,,,,57.1,,,,,,,
11,700786,"Sears, Ben",79,13.9,,,,,,,,,,,,1802,86.4,86.4,1,6,5,0,6.29,103,145,113,148,291,319,295,"0.091","-0.091",,,,,,,,,,,,,,"2.55","0.5","1.32","-0.66","94.1",51,,,,5.27,-2.15,-0.66,1.79,,,"-0.827272727",,,"0.827272727",,,,,16.7,,,,,,,
11,656212,"Barnes, Charlie",35,31.4,0.25,0,0.25,0.25,0.223,,,1,4,81.6,0,1764,83.3,82.04,2,8,3,-1.2999999999999972,5.5,104,154,120,151,293,330,303,"-0.032","0.032",,,,4,4,1,0,0,0,0,0,0,0,"2.87","0.42","1.44","-1.44","90.1",106,25,0,0,5.65,1.8,0.33,1.78,0.25,0,"0.290909091",,,"-0.290909091",,,,,25,,,,,,,
11,700924,"Mozzicato, Frank",56,19.6,0,0,0,0,0,,,0,3,99.1,19.3,1695,87,87.27,1,6,5,0.29999999999999716,6.21,108,146,122,147,295,328,299,"0.927","-0.927",,,,4,3,0,0,0,0,1,25,0,0,"2.51","0.48","1.2","-0.52","94.7",170,66.66666666666666,0,0,5.74,1.71,0.57,1.9,0,0,"-8.427272727",,,"8.427272727",,,,,16.7,,,,,,,
11,809109,"Angelo, Roman",34,32.4,0,0,0,0,0,,,0,3,95.1,11,1970,83.7,84.26,2,5,6,0.5999999999999943,6.54,106,146,106,143,293,319,303,"0.599","-0.599",,,,3,3,0,0,0,0,0,0,0,0,"3.13","0.12","1.21","-0.72","95.8",174,66.66666666666666,33.33333333333333,33.33333333333333,5.84,-1.58,-0.08,2.41,0,1,"-5.445454545",,,"5.445454545",,,,,40,,,,,,,
11,801139,"Tolle, Payton",155,7.1,0,0,0,0,0,,,0,1,73.8,63,707,90,91.86,1,3,8,1.9000000000000057,7.33,109,152,124,148,285,312,285,"0.144","-0.144",,,,1,1,0,0,0,0,0,0,0,0,"2.55","0.26","0.69","-0.69","88.0",150,0,0,0,5.53,2.65,0.36,1.61,0,0,"-1.309090909",,,"1.309090909",,,,,33.3,,,,,,,
11,656222,"Beeks, Jalen",35,31.4,0.2,0.2,0.25,0.4,0.252,,,1,5,93,0,2254,87.6,87.36,2,7,4,-0.19999999999998863,6.18,115,150,116,148,306,319,302,"0.282","-0.282",,,,5,4,0,1,0,0,1,20,0,0,"2.13","0.85","1.27","-1.03","94.0",161,25,0,0,5.89,1.36,0.35,2.3,0.2,0,"-2.563636364",,,"2.563636364",,,,,28.6,,,,,,,
11,682610,"Muñoz, Roddery",165,6.7,1,0,1,1,0.89,,,2,2,96.6,12.5,1887,90.3,90.13,0,5,6,-0.20000000000000284,6.15,118,147,118,151,286,320,301,"-1.28","1.28",,,,2,2,2,0,0,0,0,0,0,0,"2.4","0.39","1.12","-0.95","95.4",189,50,0,0,5.83,-1.64,-0.43,2.19,1,0,"11.636363636",,,"-11.636363636",,,,,0,,,,,,,
11,685095,"Abney, Alaska",22,50,0.5,0,0.5,0.5,0.445,,,1,2,73.1,4.5,2452,87.5,88.99,1,6,5,1.5,7.05,105,152,120,147,299,308,295,"0.053","-0.053",,,,2,2,1,0,0,0,0,0,0,0,"2.79","0.17","0.85","0.85","88.0",173,0,0,0,3.21,-2.1,0.1,2.72,0.5,0,"-0.481818182",,,"0.481818182",,,,,16.7,,,,,,,
11,687916,"Jasiak, Jack",35,31.4,0,0,0,0,0,,,0,3,88.9,-8,1527,85,86.01,3,7,4,1,6.68,116,143,116,148,296,317,296,"0.706","-0.706",,,,3,2,0,0,0,0,1,33.3,0,0,"3","0.13","0.82","-0.67","91.5",11,50,0,0,5.31,-1.7,-0.4,1.7,0,0,"-6.418181818",,,"6.418181818",,,,,42.9,,,,,,,
11,671109,"Eder, Jake",132,8.3,0,0,0,0,0.349,,,0,1,69.5,-56,1493,84.9,85.79,1,2,9,0.8999999999999915,6.78,104,151,121,147,288,309,279,"-0.106","0.106",,,,2,1,0,0,0,0,0,0,1,50,"2.85","0.31","1.11","-1.11","88.0",1,0,0,0,5.86,1.33,0.6,2.75,0.5,0,"0.963636364",,,"-0.963636364",,,,,50,,,,,,,
11,665665,"Sanmartin, Reiver",34,32.4,0.2,0.2,0.25,0.4,0.252,,,1,5,84.3,3.5,2070,87.8,87.65,0,6,5,-0.20000000000000284,6.15,109,154,124,149,309,328,293,"0.387","-0.387",,,,5,4,0,1,0,0,1,20,0,0,"2.95","0","1.33","-1.33","91.9",98,0,0,0,5.39,3.04,0.93,2.03,0.2,0,"-3.518181818",,,"3.518181818",,,,,0,,,,,,,
11,820825,"Eaton, Konner",121,9.1,0,0,0,0,0,,,0,1,95.6,21,1973,86.4,87.44,3,5,6,1,6.88,101,152,115,143,308,329,300,"0.291","-0.291",,,,1,1,0,0,0,0,0,0,0,0,"2.78","0.27","1.35","-1.35","95.6",336,100,0,0,5.34,1.81,0.13,2.06,0,0,"-2.645454545",,,"2.645454545",,,,,60,,,,,,,
11,681520,"Kelly, Antoine",167,6.6,0,0,0,0,0,,,0,2,101.4,-9,2075,89.4,89.92,1,5,6,0.5,6.63,112,153,117,147,300,326,293,"0.25","-0.25",,,,2,2,0,0,0,0,0,0,0,0,"2.28","0.58","0.61","-0.61","96.9",40,100,0,0,5.76,1.71,0.16,1.46,0,0,"-2.272727273",,,"2.272727273",,,,,20,,,,,,,
11,681315,"Whitaker, Logan",40,27.5,0.333,0,1,0.333,0.457,,,1,3,86.3,15,1689,82.3,82.12,2,4,7,-0.20000000000000284,6.11,109,148,119,149,299,322,280,"-0.487","0.487",,,,5,1,1,0,0,0,2,40,2,40,"2.27","1.08","0.74","-0.3","88.0",97,0,0,0,6.59,-1.29,-0.45,2.43,0.6,0,"4.427272727",,,"-4.427272727",,,,,50,,,,,,,
11,665871,"Assad, Javier",116,9.5,0.2,0,0.2,0.2,0.178,,,1,5,92.7,7,1582,86.6,86.86,1,7,4,0.30000000000001137,6.45,114,148,114,152,297,323,308,"0.379","-0.379",,,,5,5,1,0,0,0,0,0,0,0,"2.72","0.32","1.02","-0.84","94.9",89,60,0,0,5.9,-1.69,-0.3,1.52,0.2,0,"-3.445454545",,,"3.445454545",,,,,14.3,,,,,,,
11,605242,"Fulmer, Michael",180,6.1,0,0,0,0,0,,,0,3,77.1,-41,1779,85.6,86.06,4,6,5,0.5,6.47,110,148,120,152,298,326,309,"0.575","-0.575",,,,3,1,0,0,0,0,2,66.7,0,0,"2.61","0.49","1.12","-1.12","88.0",3,0,0,0,5.72,-2.89,-1.16,2.15,0,0,"-5.227272727",,,"5.227272727",,,,,66.7,,,,,,,
10,608566,"Márquez, Germán",288,3.5,0,0,0,0,0,,,0,1,87.6,2,1714,85.7,84.01,0,3,7,-1.7000000000000028,5.21,116,145,127,151,297,330,303,"0.003","-0.003",,,,1,1,0,0,0,0,0,0,0,0,"2.69","0.43","1.07","-0.84","88.0",56,0,0,0,6.27,-1.36,-0.76,3.65,0,0,"-0.03",,,"0.03",,,,,0,,,,,,,
10,669276,"Lee, Dylan",64,15.6,0,0,0,0,0,,,0,3,95.3,8.3,1768,83.7,84.2,2,6,4,0.5,6.5,109,152,123,146,310,320,292,"0.645","-0.645",,,,3,3,0,0,0,0,0,0,0,0,"2.18","1.06","0.94","-0.94","93.7",200,66.66666666666666,0,0,6.54,1.96,0.57,2.51,0,0,"-6.45",,,"6.45",,,,,33.3,,,,,,,
10,679702,"Harper, Daniel",41,24.4,0,0,0,0,0,,,0,2,86.3,-8.5,1774,87.3,86.74,1,3,7,-0.5999999999999943,5.88,103,151,120,150,287,324,296,"0.134","-0.134",,,,2,2,0,0,0,0,0,0,0,0,"2.82","0.16","1.17","0.03","97.9",21,50,0,0,5.48,-1.97,0.16,0.75,0,0,"-1.34",,,"1.34",,,,,33.3,,,,,,,
10,547184,"Kelly, Michael",137,7.3,0,0,0,0,0,,,0,2,69.5,-47,1415,89.2,88.49,1,4,6,-0.7000000000000028,5.72,116,147,122,150,293,322,296,"0.21","-0.21",,,,2,1,0,0,0,0,1,50,0,0,"2.64","0.21","0.71","-0.66","90.9",64,0,0,0,5.96,-1.7,-0.97,2.31,0,0,"-2.1",,,"2.1",,,,,25,,,,,,,
10,519326,"Strickland, Hunter",66,15.2,0.5,0,0.5,0.5,0.445,,,1,2,85.8,31.5,1398,84,83.17,0,2,8,-0.7999999999999972,5.76,103,146,116,147,298,328,307,"-0.367","0.367",,,,2,2,1,0,0,0,0,0,0,0,"3.28","-0.04","0.65","-0.15","93.5",256,50,0,0,6.16,-2.79,-0.61,1.66,0.5,0,"3.67",,,"-3.67",,,,,0,,,,,,,
10,829524,"Jessee, Chase",35,28.6,0,0,0,0,0,,,0,3,82.8,-18,1523,84.7,84.59,1,5,5,-0.10000000000000853,6.44,116,150,124,149,293,308,299,"0.7","-0.7",,,,3,3,0,0,0,0,0,0,0,0,"3.06","0.14","1.27","-0.76","94.6",97,33.33333333333333,0,0,5.12,2.16,-0.07,1.29,0,0,"-7",,,"7",,,,,20,,,,,,,
10,669169,"Heasley, Jonathan",47,21.3,0.5,0,0.5,0.5,0.445,,,1,2,88.3,-4.5,1326,84.8,84.94,0,6,4,0.10000000000000853,6.31,114,141,116,146,283,310,296,"-0.278","0.278",,,,2,2,1,0,0,0,0,0,0,0,"3.3","-0.14","0.86","-0.86","88.7",94,0,0,0,5.85,-1.54,0.09,1.96,0.5,0,"2.78",,,"-2.78",,,,,0,,,,,,,
10,701719,"Samaniego, Tyler",73,13.7,,,,,,,,,,,,1737,85.9,87.15,0,2,8,1.2999999999999972,6.99,105,151,124,147,292,309,293,"-0.049","0.049",,,,,,,,,,,,,,"2.66","0.43","1.28","-1.28","88.0",3,,,,5.56,1.75,0.13,1.25,,,"0.49",,,"-0.49",,,,,0,,,,,,,
10,661395,"Duran, Jhoan",80,12.5,0,0,0,0,0,,,0,5,86.6,-30.5,922,87.7,87.05,3,8,2,-0.6000000000000085,5.88,116,149,122,149,286,306,280,"0.813","-0.813",,,,5,2,0,0,0,0,3,60,0,0,"2.7","0.27","0.77","0.4","91.1",89,0,0,0,6.31,-2.18,-0.31,2.15,0,0,"-8.13",,,"8.13",,,,,37.5,,,,,,,
10,815081,"Manfredi, Mark",92,10.9,0,0,0,0,0,,,0,3,95.1,-19.7,1625,84.9,85.45,0,4,6,0.5999999999999943,6.58,108,152,120,148,298,313,297,"-0.168","0.168",,,,3,3,0,0,0,0,0,0,0,0,"2.91","0.25","1.4","-1.11","101.0",8,66.66666666666666,0,0,5.33,2.14,0.36,2.33,0,0,"1.68",,,"-1.68",,,,,0,,,,,,,
10,694436,"Strickland, Samuel",22,45.5,0.667,0.333,1,1,0.717,,,2,3,96.9,15.5,1515,81.2,80.85,2,5,5,-0.29999999999999716,6.3,109,152,126,149,307,318,286,"-1.047","1.047",,,,3,2,1,1,0,0,1,33.3,0,0,"2.84","0.65","1.1","-0.89","98.2",127,50,0,0,6.14,2.82,0.33,1.82,0.667,0,"10.47",,,"-10.47",,,,,40,,,,,,,
10,623211,"Brazobán, Huascar",45,22.2,0,0,0,0,0,,,0,4,97,41,2035,89.8,89.13,3,7,3,-0.7000000000000028,5.81,114,150,122,148,285,317,272,"0.926","-0.926",,,,4,1,0,0,0,0,3,75,0,0,"2.55","0.27","1.27","0.46","94.7",175,100,0,0,6.07,-1.52,-0.26,2.15,0,0,"-9.26",,,"9.26",,,,,42.9,,,,,,,
10,694973,"Skenes, Paul",118,8.5,0,0,,0,0.466,,,0,1,,,1904,89.3,89.36,2,6,4,0.10000000000000853,6.62,109,147,124,148,308,317,295,"-0.197","0.197",,,,3,0,0,0,0,0,1,33.3,2,66.7,"2.39","0.51","1.52","-0.36","93.1",13,,,,5.64,-2.99,-0.4,2.07,0.667,,"1.97",,,"-1.97",,,,,33.3,,,,,,,
10,680604,"Castaño, Blas",86,11.6,0,0,0,0,0,,,0,7,84.7,19.5,1412,88.6,87,2,9,1,-1.5999999999999943,5.44,123,146,123,151,279,324,305,"1.692","-1.692",,,,7,6,0,0,0,0,1,14.3,0,0,"2.83","0.09","1.2","-1.2","93.8",131,16.666666666666664,0,0,4.8,-2.01,-0.14,1.85,0,0,"-16.92",,,"16.92",,,,,22.2,,,,,,,
10,690294,"Murphy, Shane",36,27.8,0,0,0,0,0.14,,,0,4,89.5,23.3,1668,84,84.37,0,6,4,0.4000000000000057,6.39,104,146,119,146,293,326,294,"0.858","-0.858",,,,5,3,0,0,0,0,1,20,1,20,"2.33","0.88","0.89","-0.89","89.9",204,33.33333333333333,0,0,6.34,0.47,-0.04,2.25,0.2,0,"-8.58",,,"8.58",,,,,0,,,,,,,
10,702273,"Schultz, Noah",58,17.2,0,0,0,0,0,,,0,2,98.1,70,2009,89.4,89.34,2,6,4,-0.10000000000000853,6.16,106,149,117,143,290,324,293,"0.621","-0.621",,,,2,1,0,0,0,0,1,50,0,0,"2.4","0.45","1.26","-1.26","91.4",99,100,0,0,5.72,1.77,0.35,2.58,0,0,"-6.21",,,"6.21",,,,,33.3,,,,,,,
10,701808,"Morse, Cody",66,15.2,0,0,,0,0.349,,,0,1,,,2062,87.3,88.05,1,5,5,0.7000000000000028,6.68,112,151,118,147,303,327,295,"-0.075","0.075",,,,2,0,0,0,0,0,1,50,1,50,"3.16","-0.17","0.85","-0.34","88.0",53,,,,4.96,3.7,-0.09,2.12,0.5,,"0.75",,,"-0.75",,,,,20,,,,,,,
10,802408,"Mautz, Brycen",148,6.8,0,0,0,0,0,,,0,1,98.8,34,1859,87.1,86.92,1,5,5,-0.19999999999998863,6.15,105,146,118,144,288,317,273,"0.052","-0.052",,,,1,1,0,0,0,0,0,0,0,0,"2.5","0.5","1.24","-1.24","90.7",204,100,0,0,5.22,3,0.35,1.76,0,0,"-0.52",,,"0.52",,,,,20,,,,,,,
10,548384,"Raley, Brooks",53,18.9,0,0,0,0,0,,,0,4,74.6,49.5,1843,83.7,82.56,1,4,6,-1.1000000000000085,5.67,106,151,126,147,301,312,271,"0.583","-0.583",,,,4,2,0,0,0,0,2,50,0,0,"3.35","-0.08","1.21","-1.21","90.8",222,0,0,0,5.73,2.88,-0.03,1.08,0,0,"-5.83",,,"5.83",,,,,25,,,,,,,
10,607625,"Lugo, Seth",154,6.5,0.333,0,0.5,0.333,0.297,,,1,3,93.7,36,1546,85.4,84.87,1,4,6,-0.5,5.89,109,150,124,151,297,327,301,"-0.187","0.187",,,,3,2,1,0,0,0,1,33.3,0,0,"2.63","0.49","1.14","-0.45","91.8",229,50,0,0,5.45,-1.87,-0.35,2.37,0.333,0,"1.87",,,"-1.87",,,,,25,,,,,,,
10,658551,"Fernández, Junior",82,12.2,1,0.667,1,1.667,1.126,,,3,3,101.3,-2.7,2090,90.3,91.07,0,3,7,0.7999999999999972,6.62,109,138,111,142,286,318,301,"-2.315","2.315",,,,3,3,2,0,1,0,0,0,0,0,"2.3","0.48","1.03","-0.86","101.3",119,66.66666666666666,0,0,5.68,-1.7,0,1.45,1,0,"23.15",,,"-23.15",,,,,0,,,,,,,
10,623474,"Herget, Jimmy",186,5.4,0,0,0,0,0,,,0,3,80,14.7,1516,86.3,84.52,0,4,6,-1.7999999999999972,5.09,117,147,122,152,294,326,298,"0.577","-0.577",,,,3,3,0,0,0,0,0,0,0,0,"3.15","-0.09","1.11","-0.93","88.0",143,0,0,0,5.3,-2.38,-1.17,2.11,0,0,"-5.77",,,"5.77",,,,,0,,,,,,,
10,694978,"Vespi, Ben",33,30.3,0.333,0.333,0.5,0.667,0.421,,,1,3,94.1,15.5,1584,85.6,85.54,1,5,5,-0.09999999999999432,6.45,99,138,117,138,294,311,283,"0.022","-0.022",,,,3,2,0,1,0,0,1,33.3,0,0,"2.84","0.3","1.11","0.08","93.6",122,50,50,33.33333333333333,5.68,-2.25,0.27,1.87,0.333,1,"-0.22",,,"0.22",,,,,20,,,,,,,
10,676477,"Whitlock, Garrett",41,24.4,0,0,0,0,0,,,0,3,95.6,38.5,2205,83.3,84.94,3,8,2,1.6000000000000085,7.3,118,150,125,151,282,307,302,"1.212","-1.212",,,,3,2,0,0,0,0,1,33.3,0,0,"3.2","0.08","1.41","-0.61","93.2",115,50,0,0,5.85,-1.26,-0.2,1.42,0,0,"-12.12",,,"12.12",,,,,37.5,,,,,,,
10,689379,"Anderson, Aidan",95,10.5,0,0,,0,0,,,0,3,,,2065,83.5,83.27,2,2,8,-0.20000000000000284,6.22,110,145,126,151,300,325,320,"0.472","-0.472",,,,3,0,0,0,0,0,3,100,0,0,"3.53","-0.25","1.09","-1.09",,,,,,4.31,-2.44,-0.47,2.05,0,,"-4.72",,,"4.72",,,,,100,,,,,,,
10,676249,"Coffey, Adisyn",72,13.9,0,0,0,0,0,,,0,2,80.3,44,1355,84.1,84.13,1,2,8,0,6.33,108,143,122,144,295,325,299,"0.307","-0.307",,,,2,1,0,0,0,0,1,50,0,0,"2.5","0.73","0.88","-0.33","88.0",275,0,0,0,5.96,-0.87,-0.15,1.81,0,0,"-3.07",,,"3.07",,,,,50,,,,,,,
10,675911,"Strider, Spencer",141,7.1,0,0,0,0,0,,,0,2,81.3,5,1971,85.5,86.7,2,6,4,1.2000000000000028,6.93,120,147,123,147,302,320,298,"0.548","-0.548",,,,2,2,0,0,0,0,0,0,0,0,"2.4","0.71","1.29","-1.29","88.3",148,0,0,0,5.77,-1.75,-0.12,1.45,0,0,"-5.48",,,"5.48",,,,,33.3,,,,,,,
10,684442,"Drake, Kohl",119,8.4,1,0,1,1,0.89,,,1,1,98.5,1,1806,82.5,82.95,1,6,4,0.5,6.42,108,149,122,147,306,325,299,"-0.319","0.319",,,,1,1,1,0,0,0,0,0,0,0,"2.53","0.79","1.09","-1.09","90.1",134,100,0,0,5.93,1.29,0.5,2.2,1,0,"3.19",,,"-3.19",,,,,16.7,,,,,,,
10,694753,"Curtis, Khristian",55,18.2,0.333,0.333,0.5,0.667,0.421,,,1,3,94.7,12,2425,85.6,86.21,2,5,5,0.6000000000000085,6.62,101,146,123,149,261,306,309,"-0.258","0.258",,,,3,2,0,1,0,0,1,33.3,0,0,"2.45","0.66","1.44","-0.87","92.1",147,50,0,0,5.94,-2.25,-0.49,2.74,0.333,0,"2.58",,,"-2.58",,,,,40,,,,,,,
10,674265,"Abel, Kevin",29,34.5,,,,,0.698,,,0,0,,,2342,84.9,85.23,2,4,6,0.29999999999999716,6.48,113,144,126,147,300,316,284,"-0.892","0.892",,,,3,0,0,0,0,0,0,0,3,100,"2.44","0.72","1.34","-0.56","88.0",95,,,,5.81,-1.61,0.11,2.32,1,,"8.92",,,"-8.92",,,,,50,,,,,,,
10,687762,"Wehunt, Blake",61,16.4,0,0,0,0,0,,,0,2,79,6,1725,86.8,87.44,1,5,5,0.6000000000000085,6.74,99,146,129,149,286,317,301,"0.284","-0.284",,,,2,2,0,0,0,0,0,0,0,0,"2.8","0.23","1.23","-0.33","89.2",90,0,0,0,5.36,-2.16,-0.58,2.16,0,0,"-2.84",,,"2.84",,,,,20,,,,,,,
10,805958,"Kelley, Jackson",34,29.4,0,0,0,0,0.349,,,0,1,79.4,-10,2064,83.9,82.38,3,4,6,-1.3999999999999915,5.45,108,145,116,145,294,323,306,"0.167","-0.167",,,,2,1,0,0,0,0,0,0,1,50,"3.57","-0.3","0.6","-0.48","88.0",10,0,0,0,3.02,-4.11,-0.7,2.62,0.5,0,"-1.67",,,"1.67",,,,,75,,,,,,,
10,678016,"Bedell, Ian",54,18.5,0,0,0,0,0.233,,,0,2,85.7,63,1639,86.3,85.01,3,4,6,-1.2999999999999972,5.66,108,147,113,148,280,308,286,"0.387","-0.387",,,,3,1,0,0,0,0,1,33.3,1,33.3,"2.74","0.34","1.26","-0.53","88.0",142,0,0,0,5.53,-2.8,0.39,1.24,0.333,0,"-3.87",,,"3.87",,,,,75,,,,,,,
10,684516,"Rincon, Hancel",50,20,0,0,,0,0,,,0,1,,,1530,88.3,87.68,1,3,7,-0.5999999999999943,5.93,97,131,104,130,276,294,279,"-0.112","0.112",,,,1,0,0,0,0,0,1,100,0,0,"2.58","0.35","1.23","0.11","97.7",90,,,,5.77,-2.28,-0.42,1.28,0,,"1.12",,,"-1.12",,,,,33.3,,,,,,,
9,690967,"Carlson, Max",59,15.3,0,0,0,0,0,,,0,3,72,58.5,1661,79.5,80.07,2,4,5,0.5999999999999943,6.72,108,147,116,149,283,318,286,"0.431","-0.431",,,,3,2,0,0,0,0,1,33.3,0,0,"3.31","0.3","1.26","-0.4","88.0",149,0,0,0,5.56,-1.83,-0.77,2.14,0,0,"-4.788888889",,,"4.788888889",,,,,50,,,,,,,
9,671111,"Peralta, Sammy",106,8.5,0,0,0,0,0.233,,,0,2,97,24.5,1881,84.2,84.56,1,4,5,0.3999999999999915,6.61,104,151,120,148,297,316,293,"0.298","-0.298",,,,3,2,0,0,0,0,0,0,1,33.3,"3.16","0.07","1.43","-1.43","94.0",146,50,0,0,4.83,2.98,0.35,1.76,0.333,0,"-3.311111111",,,"3.311111111",,,,,25,,,,,,,
9,656686,"Martin, Corbin",139,6.5,0.2,0,0.2,0.2,0.178,,,1,5,93.2,-0.2,2237,89.7,89.94,1,6,3,0.20000000000000284,6.33,122,149,112,152,292,328,310,"0.396","-0.396",,,,5,5,1,0,0,0,0,0,0,0,"2.39","0.44","0.86","-0.86","94.6",107,40,0,0,5.69,-1.47,-0.24,2.21,0.2,0,"-4.4",,,"4.4",,,,,16.7,,,,,,,
9,803285,"Bremner, Tyler",22,40.9,0,0,0,0,0.175,,,0,3,67.8,-29,2245,87.6,87.13,0,3,6,-0.5,6.13,103,146,108,145,297,330,296,"0.499","-0.499",,,,4,2,0,0,0,0,1,25,1,25,"2.16","0.82","1.29","-0.44","88.0",4,0,0,0,5.54,-2.36,-0.57,2.43,0.25,0,"-5.544444444",,,"5.544444444",,,,,0,,,,,,,
9,683352,"Bratt, Mitch",137,6.6,1,0,1,1,0.89,,,1,1,110,6,1669,84.4,83.74,1,2,7,-0.7000000000000028,5.81,113,152,120,147,302,323,303,"-0.569","0.569",,,,1,1,1,0,0,0,0,0,0,0,"2.76","0.44","1.12","-1.12","110.0",109,100,0,0,5.38,2.71,0.99,1.67,1,0,"6.322222222",,,"-6.322222222",,,,,50,,,,,,,
9,685719,"Sanchez, Fernando",17,52.9,0.667,1.333,0.5,2,1.003,,,2,3,95.3,-8.7,1825,87.5,87.71,0,5,4,0.20000000000000284,6.31,111,150,121,149,296,325,292,"-2.584","2.584",,,,4,3,0,1,0,1,0,0,1,25,"2.49","0.49","1.39","-0.54","95.9",205,66.66666666666666,33.33333333333333,25,5.69,3.08,0.83,2.39,0.75,1,"28.711111111",,,"-28.711111111",,,,,0,,,,,,,
9,815348,"Bateman, Boston",46,19.6,0,0,0,0,0,,,0,1,92.9,-38,1519,91,90.05,0,4,5,-1,6,111,147,122,144,307,316,289,"0.275","-0.275",,,,1,1,0,0,0,0,0,0,0,0,"2.57","0.2","1.28","-0.99","92.9",2,0,0,0,6.05,2.44,0.94,1.99,0,0,"-3.055555556",,,"3.055555556",,,,,0,,,,,,,
9,694375,"Nichols, TJ",77,11.7,0,0,,0,0,,,0,1,,,1101,86.9,87.2,1,5,4,0.29999999999999716,6.37,113,146,115,150,289,323,285,"0.074","-0.074",,,,1,0,0,0,0,0,1,100,0,0,"2.58","0.43","0.74","-0.58","105.0",405,,,,5.92,-1.06,0.28,1.88,0,,"-0.822222222",,,"0.822222222",,,,,20,,,,,,,
9,804577,"VanScoter, Reid",40,22.5,0,0,0,0,0.349,,,0,1,81.8,-4,2253,91.1,90.9,0,1,8,-0.19999999999998863,6.22,111,147,122,150,276,323,298,"-0.064","0.064",,,,2,1,0,0,0,0,0,0,1,50,"2.58","0.18","1.32","0.14","88.0",24,0,0,0,5.31,2.24,-0.86,2.2,0.5,0,"0.711111111",,,"-0.711111111",,,,,0,,,,,,,
9,657265,"Strzelecki, Peter",123,7.3,0,0,0,0,0,,,0,3,72.1,2,1684,82.8,83.13,1,6,3,0.29999999999999716,6.63,126,148,128,151,291,316,293,"0.621","-0.621",,,,3,1,0,0,0,0,2,66.7,0,0,"3.44","-0.1","1.18","-1.18","88.0",69,0,0,0,4.56,-2.45,-0.5,2,0,0,"-6.9",,,"6.9",,,,,16.7,,,,,,,
9,800018,"Zhuang, Chen Zhong-Ao",47,19.1,0.5,1.5,0,2,1.025,,,2,4,101.4,16.3,1653,83.3,83.28,0,5,4,0,6.3,107,145,118,149,283,314,296,"-1.606","1.606",,,,4,4,0,0,0,2,0,0,0,0,"2.48","0.8","1.39","-1.39","101.4",291,75,50,50,5.71,-2.1,-0.07,2.53,0.5,2,"17.844444444",,,"-17.844444444",,,,,0,,,,,,,
9,680232,"Wolf, Jackson",178,5.1,1,0,1,1,0.89,,,1,1,104.8,9,1822,86.8,87.9,0,1,8,1.1000000000000085,7.08,108,152,125,146,297,325,296,"-0.567","0.567",,,,1,1,1,0,0,0,0,0,0,0,"2.93","0.11","1.23","-1.23","104.8",205,100,0,0,5.2,3.56,0.85,2.16,1,0,"6.3",,,"-6.3",,,,,0,,,,,,,
9,805266,"Bimbi, Jacob",30,30,0,0,0,0,0,,,0,2,79.8,-2,1784,87.8,87.33,1,3,6,-0.5,6.12,101,147,121,145,295,311,286,"0.556","-0.556",,,,2,2,0,0,0,0,0,0,0,0,"2.98","-0.01","1.17","-1.17","88.0",139,0,0,0,5.29,2.35,0.68,1.78,0,0,"-6.177777778",,,"6.177777778",,,,,33.3,,,,,,,
9,699214,"Lopez, Leandro",81,11.1,0.25,0,1,0.25,0.223,,,1,4,95.5,-1,1589,88.4,88.09,1,3,6,-0.30000000000001137,6.12,121,146,124,152,300,325,306,"-0.094","0.094",,,,4,1,1,0,0,0,3,75,0,0,"2.5","0.42","0.69","-0.54","95.5",43,100,0,0,6.38,-2.48,-0.38,2.58,0.25,0,"1.044444444",,,"-1.044444444",,,,,33.3,,,,,,,
9,683000,"Cornelio, Riley",80,11.3,0,0,0,0,0,,,0,1,84.2,30,1597,86.9,86.8,2,5,4,-0.10000000000000853,6.38,128,148,121,152,296,323,307,"0.186","-0.186",,,,1,1,0,0,0,0,0,0,0,0,"2.18","0.85","1.23","-1.23","92.1",312,0,0,0,5.7,-2.26,0.12,1.2,0,0,"-2.066666667",,,"2.066666667",,,,,40,,,,,,,
9,543243,"Gray, Sonny",238,3.8,0,0,0,0,0,,,0,3,93.7,-8,1700,87,87.7,2,5,4,0.7000000000000028,6.61,109,146,116,148,273,308,303,"0.602","-0.602",,,,3,2,0,0,0,0,1,33.3,0,0,"2.77","0.23","0.92","-0.84","91.8",20,50,0,0,5.44,-0.94,0.09,1.28,0,0,"-6.688888889",,,"6.688888889",,,,,40,,,,,,,
9,668970,"Hollowell, Gavin",110,8.2,0,0,,0,0,,,0,1,,,2177,87.4,88.26,2,5,4,0.8999999999999915,6.82,117,148,115,153,289,326,312,"0.211","-0.211",,,,1,0,0,0,0,0,1,100,0,0,"3.03","-0.04","1.45","-1.45","88.0",78,,,,5.06,-3.18,-0.63,1.59,0,,"-2.344444444",,,"2.344444444",,,,,40,,,,,,,
9,691765,"Baumeister, Jackson",43,20.9,0,0,0,0,0,,,0,2,102.1,-19,1582,85.8,87.08,2,3,6,1.2999999999999972,7.06,123,145,137,152,293,328,300,"0.401","-0.401",,,,2,1,0,0,0,0,1,50,0,0,"3.22","-0.13","1.21","-0.92","102.1",4,100,0,0,5.24,-2.22,0.11,1.43,0,0,"-4.455555556",,,"4.455555556",,,,,66.7,,,,,,,
9,806583,"Perez, Adonys",37,24.3,0.333,0,0.5,0.333,0.297,,,1,3,94.8,-25,1946,91,89.44,3,5,4,-1.5999999999999943,5.44,114,150,114,150,286,321,298,"0.346","-0.346",,,,3,2,1,0,0,0,1,33.3,0,0,"2.74","0.02","1.31","0.75","94.8",109,0,0,0,5.67,1.58,-0.25,1.61,0.333,0,"-3.844444444",,,"3.844444444",,,,,60,,,,,,,
9,699489,"Johnson, Brandon",61,14.8,,,,,,,,,,,,1173,86.8,87.07,0,3,6,0.29999999999999716,6.37,123,148,130,148,286,316,289,"-0.191","0.191",,,,,,,,,,,,,,"2.62","0.39","1.04","-0.59","88.0",219,,,,5.84,-2.35,-0.44,1.96,,,"2.122222222",,,"-2.122222222",,,,,0,,,,,,,
9,684384,"Plymell, Chase",66,13.6,0,0,,0,0,,,0,1,,,1452,85.4,85.56,2,4,5,0.19999999999998863,6.17,111,137,100,143,296,319,301,"0.195","-0.195",,,,1,0,0,0,0,0,1,100,0,0,"2.83","0.27","0.91","-0.91","96.9",269,,,,6.56,-1.24,-0.26,2.26,0,,"-2.166666667",,,"2.166666667",,,,,50,,,,,,,
9,669310,"Van Eyk, CJ",159,5.7,0,0,0,0,0,,,0,1,66.7,-6,2054,84,84.16,1,4,5,0.20000000000000284,6.52,100,144,125,147,291,327,295,"0.075","-0.075",,,,1,1,0,0,0,0,0,0,0,0,"2.63","0.61","1.51","-1.08","88.0",86,0,0,0,5.29,-1.96,-0.83,2.28,0,0,"-0.833333333",,,"0.833333333",,,,,25,,,,,,,
9,664918,"Keller, Kyle",189,4.8,0,0,0,0,0,,,0,2,86.1,-26,1756,87,87.7,1,4,5,0.7000000000000028,6.66,114,148,126,149,279,304,293,"0.429","-0.429",,,,2,1,0,0,0,0,1,50,0,0,"2.32","0.68","0.96","-0.1","88.0",35,0,0,0,6.23,-1.35,-0.02,1.36,0,0,"-4.766666667",,,"4.766666667",,,,,25,,,,,,,
9,699044,"Ullola, Miguel",109,8.3,,,,,,,,,,,,1714,86.3,87.46,2,3,6,1.2000000000000028,7.11,113,147,122,147,301,325,290,"-0.006","0.006",,,,,,,,,,,,,,"2.26","0.81","1.08","0.11","88.0",7,,,,5.62,-1.77,0.14,2.5,,,"0.066666667",,,"-0.066666667",,,,,66.7,,,,,,,
9,663687,"Harris, Hogan",131,6.9,0,0,,0,0,,,0,1,,,2174,85.4,85.82,0,0,9,0.3999999999999915,6.59,99,151,117,147,308,319,285,"-0.26","0.26",,,,1,0,0,0,0,0,1,100,0,0,"1.94","1.18","1.2","-1.2",,,,,,5.89,2.12,-0.23,2.21,0,,"2.888888889",,,"-2.888888889",,,,,,,,,,,,
9,696148,"Burhenn, Garrett",30,30,0.5,0.5,0.5,1,0.653,,,1,2,92,29.5,2026,81.3,80.66,1,3,6,-0.5999999999999943,6.17,122,147,129,151,298,323,300,"-1.064","1.064",,,,3,2,0,1,0,0,0,0,1,33.3,"3.19","0.3","1.59","-1.25","91.9",351,0,0,0,5.82,-2.13,-0.4,2,0.667,0,"11.822222222",,,"-11.822222222",,,,,33.3,,,,,,,
9,666129,"Garrett, Braxton",60,15,0.333,0.333,0.333,0.667,0.49,,,1,3,99.5,3.7,1505,85.4,85.5,0,3,6,0.09999999999999432,6.46,106,151,126,148,290,318,285,"-0.86","0.86",,,,4,3,0,1,0,0,0,0,1,25,"3.24","-0.09","1.16","-0.96","99.5",175,66.66666666666666,0,0,5.76,2.69,0.12,1.28,0.5,0,"9.555555556",,,"-9.555555556",,,,,0,,,,,,,
9,688883,"Pallette, Peyton",103,8.7,0.5,0,0.5,0.5,0.53,,,1,2,78.5,-41,1976,88.1,87.07,1,4,5,-1,5.5,113,146,125,152,295,328,300,"-0.163","0.163",,,,3,2,1,0,0,0,0,0,1,33.3,"2.19","0.73","0.98","-0.98","88.0",53,0,0,0,5.93,-2.82,-0.13,1.77,0.667,0,"1.811111111",,,"-1.811111111",,,,,25,,,,,,,
9,827734,"Lin, Wei-En",92,9.8,0.5,0.5,0.5,1,0.631,,,1,2,94.7,29,1263,80.4,81.07,0,3,6,0.6999999999999886,6.72,97,138,109,133,301,315,286,"-0.631","0.631",,,,2,2,0,1,0,0,0,0,0,0,"3.2","0.33","0.96","-0.96","95.3",236,50,0,0,5.77,1.36,-0.07,2,0.5,0,"7.011111111",,,"-7.011111111",,,,,0,,,,,,,
9,622608,"Senzatela, Antonio",107,8.4,0.5,0.5,0.5,1,0.631,,,1,2,83.4,14.5,2243,89.3,89.28,0,2,7,0,6.23,117,147,113,152,300,323,304,"-0.449","0.449",,,,2,2,0,1,0,0,0,0,0,0,"2.15","0.7","0.9","-0.47","89.6",197,0,0,0,5.87,-2.33,0.34,1.89,0.5,0,"4.988888889",,,"-4.988888889",,,,,0,,,,,,,
9,659381,"King, Justin",95,9.5,0,0,,0,0,,,0,1,,,1608,89.1,88.87,1,2,7,-0.19999999999998863,6.2,103,150,125,146,298,318,300,"0.104","-0.104",,,,1,0,0,0,0,0,1,100,0,0,"2.7","0.18","1.08","-1.08",,,,,,5.72,2.75,0.16,1.01,0,,"-1.155555556",,,"1.155555556",,,,,50,,,,,,,
9,694918,"Tidwell, Blade",147,6.1,0,0,,0,0,,,0,2,,,1411,83.9,84.57,1,1,8,0.6999999999999886,6.76,110,137,109,142,296,331,315,"0.178","-0.178",,,,2,0,0,0,0,0,2,100,0,0,"2.79","0.45","1.02","-1.02",,,,,,5.9,-1.74,-0.33,1.88,0,,"-1.977777778",,,"1.977777778",,,,,100,,,,,,,
9,621381,"Strahm, Matt",123,7.3,0.5,0,1,0.5,0.445,,,1,2,98.9,11,1464,82,81.64,1,4,5,-0.4000000000000057,6.26,107,152,122,147,310,324,287,"-0.349","0.349",,,,2,1,1,0,0,0,1,50,0,0,"3.69","-0.27","1.03","-1.03","91.6",188,100,0,0,5.26,1.75,0.33,2.82,0.5,0,"3.877777778",,,"-3.877777778",,,,,25,,,,,,,
8,593833,"Suero, Wander",136,5.9,0.333,0,0.5,0.333,0.297,,,1,3,87.4,-4,1992,84.1,83.89,0,4,4,-0.19999999999998863,6.21,112,149,122,150,292,316,290,"-0.604","0.604",,,,3,2,1,0,0,0,1,33.3,0,0,"2.85","0.38","1.13","-0.54","89.9",49,50,0,0,5.41,-3.98,-0.16,1.79,0.333,0,"7.55",,,"-7.55",,,,,0,,,,,,,
8,669711,"Weissert, Greg",47,17,0,0,0,0,0.349,,,0,1,100.8,-20,1560,86,85.1,0,2,6,-0.9000000000000057,5.83,116,149,128,152,276,321,307,"-0.309","0.309",,,,2,1,0,0,0,0,0,0,1,50,"3.32","-0.23","1.23","-0.88","100.8",6,100,0,0,4.9,-3.45,0.48,1.01,0.5,0,"3.8625",,,"-3.8625",,,,,0,,,,,,,
8,680736,"Wrobleski, Justin",196,4.1,0,0,0,0,0,,,0,1,82.2,-9,1411,86.8,85.4,0,3,5,-1.3999999999999915,5.41,108,154,120,148,300,322,291,"-0.037","0.037",,,,1,1,0,0,0,0,0,0,0,0,"3.02","0.01","0.69","-0.69","88.0",134,0,0,0,5.47,2.19,0.35,1.95,0,0,"0.4625",,,"-0.4625",,,,,0,,,,,,,
8,676510,"Hoffman, Nolan",111,7.2,0.4,0.6,0.25,1,0.588,,,2,5,88.1,-1.6,1949,86.8,86.92,0,5,3,0.10000000000000853,6.41,101,145,115,142,277,311,284,"-0.816","0.816",,,,5,5,1,0,0,1,0,0,0,0,"3.18","-0.15","1.45","-1.08","95.1",113,60,20,20,3.99,-2.4,0.28,1.62,0.4,1,"10.2",,,"-10.2",,,,,0,,,,,,,
8,807792,"Gongora, Sebastian",45,17.8,1,0,1,1,0.794,,,1,1,73.9,-17,988,89.1,89.04,0,2,6,-0.09999999999999432,6.24,93,150,117,145,295,302,279,"-0.7","0.7",,,,2,1,1,0,0,0,0,0,1,50,"2.59","0.28","1.01","-1.01","88.0",7,0,0,0,6.01,1.97,0.82,1.88,1,0,"8.75",,,"-8.75",,,,,0,,,,,,,
8,683264,"Maier, Adam",13,61.5,0.5,0,0.5,0.5,0.53,,,1,2,100.5,4,2019,86.2,85.51,1,3,5,-0.7000000000000028,5.9,110,148,120,151,295,306,294,"-0.577","0.577",,,,3,2,1,0,0,0,0,0,1,33.3,"3.09","-0.01","1.06","0.08","100.5",186,100,50,33.33333333333333,5.34,-2.51,-0.21,2.33,0.667,1,"7.2125",,,"-7.2125",,,,,33.3,,,,,,,
8,672582,"Zerpa, Angel",41,19.5,,,,,,,,,,,,1674,89,88.35,1,2,6,-0.7000000000000028,5.72,106,150,118,149,299,321,287,"0.062","-0.062",,,,,,,,,,,,,,"2.4","0.45","1.03","-1.03","88.0",2,,,,5.44,2.47,0.73,2.29,,,"-0.775",,,"0.775",,,,,50,,,,,,,
8,643377,"Jax, Griffin",64,12.5,0,0,0,0,0,,,0,2,68.1,2,1866,91.9,91.81,2,5,3,-0.10000000000000853,6.45,93,141,121,150,286,325,310,"0.396","-0.396",,,,2,1,0,0,0,0,1,50,0,0,"2.73","-0.01","1.32","-0.93","88.0",37,0,0,0,5.39,-0.72,-0.02,0.7,0,0,"-4.95",,,"4.95",,,,,40,,,,,,,
8,700280,"Mendez, Miguel",60,13.3,1,0,1,1,0.794,,,1,1,99.7,5,1935,89.1,89.83,2,4,4,0.7000000000000028,6.63,101,143,118,141,280,314,296,"-0.578","0.578",,,,2,1,1,0,0,0,0,0,1,50,"2.08","0.78","1.28","0.32","97.8",192,100,0,0,5.9,-2,-0.24,1.61,1,0,"7.225",,,"-7.225",,,,,50,,,,,,,
8,685005,"Roa, Christian",140,5.7,0,0,0,0,0,,,0,1,68.9,-6,1821,88,87.95,1,3,5,0,6.26,114,146,130,153,285,316,302,"0.521","-0.521",,,,1,1,0,0,0,0,0,0,0,0,"2.7","0.25","1.21","-1.21","88.0",15,0,0,0,6.12,-2.16,-0.31,2.22,0,0,"-6.5125",,,"6.5125",,,,,33.3,,,,,,,
8,592717,"Sanchez, Aaron",152,5.3,0,0,0,0,0,,,0,2,97.6,-3.5,1574,87.8,89.26,0,2,6,1.5,7.06,115,146,121,152,285,317,301,"0.158","-0.158",,,,2,2,0,0,0,0,0,0,0,0,"2.42","0.53","1.04","-1.04","97.6",158,100,0,0,5.46,-1.56,-0.26,1.41,0,0,"-1.975",,,"1.975",,,,,0,,,,,,,
8,814366,"Feeney, Cade",37,21.6,0.5,0,1,0.5,0.445,,,1,2,107.5,12,1570,86.4,86.8,1,3,5,0.3999999999999915,6.3,104,149,128,150,282,314,276,"-0.123","0.123",,,,2,1,1,0,0,0,1,50,0,0,"2.66","0.37","1.28","-0.38","97.7",180,100,0,0,4.85,-1.49,-0.16,2.31,0.5,0,"1.5375",,,"-1.5375",,,,,33.3,,,,,,,
8,677958,"Rocker, Kumar",185,4.3,0,0,0,0,0,,,0,1,95.5,31,1546,89.1,89.79,0,3,5,0.7000000000000028,6.7,111,143,110,152,298,316,310,"0.159","-0.159",,,,1,1,0,0,0,0,0,0,0,0,"2.5","0.37","1.1","-1.1","91.9",233,100,0,0,5.7,-2.53,-0.6,2.09,0,0,"-1.9875",,,"1.9875",,,,,0,,,,,,,
8,702021,"Dion, Will",89,9,0,0,0,0,0,,,0,1,98.3,17,1545,80.5,80.42,1,3,5,-0.09999999999999432,5.96,106,152,116,149,299,321,298,"0.181","-0.181",,,,1,1,0,0,0,0,0,0,0,0,"2.8","0.68","0.94","-0.75","93.2",155,100,0,0,5.84,1.93,0.43,1.08,0,0,"-2.2625",,,"2.2625",,,,,33.3,,,,,,,
8,695001,"Santa, Alimber",109,7.3,0.5,0,0.5,0.5,0.445,,,1,2,64.4,-7,1866,87.5,88.7,0,5,3,1.2000000000000028,6.57,109,144,130,150,299,327,306,"-0.406","0.406",,,,2,2,1,0,0,0,0,0,0,0,"2.5","0.48","1.29","-1.29","92.2",68,0,0,0,5.65,-0.81,-0.56,1.78,0.5,0,"5.075",,,"-5.075",,,,,0,,,,,,,
8,671143,"Denholm, Trenton",68,11.8,0.667,1,0.5,1.667,0.98,,,2,3,92.6,44.3,1861,82.2,82.16,0,5,3,0,6.18,104,137,114,140,303,318,291,"-1.583","1.583",,,,3,3,1,0,0,1,0,0,0,0,"2.7","0.66","1.11","-0.33","95.0",269,66.66666666666666,33.33333333333333,33.33333333333333,5.47,-2.16,-0.54,2.07,0.667,1,"19.7875",,,"-19.7875",,,,,0,,,,,,,
8,694331,"Mattison, Tyler",75,10.7,,,,,,,,,,,,2036,88.9,88.01,2,3,5,-0.9000000000000057,5.75,114,148,116,152,283,323,299,"-0.362","0.362",,,,,,,,,,,,,,"2.1","0.79","1.37","-1","88.0",94,,,,6.76,-0.94,0.35,1.9,,,"4.525",,,"-4.525",,,,,66.7,,,,,,,
8,669622,"Bender, Anthony",67,11.9,0,0,0,0,0,,,0,1,97.9,36,1270,88.6,87.7,0,2,6,-0.8999999999999915,5.81,117,148,115,149,282,314,288,"0.151","-0.151",,,,1,1,0,0,0,0,0,0,0,0,"3.17","-0.26","1.14","0.06","97.9",281,100,0,0,5.52,-2.03,1.04,1.41,0,0,"-1.8875",,,"1.8875",,,,,0,,,,,,,
8,594798,"deGrom, Jacob",43,18.6,,,,,,,,,,,,1626,90.6,91.49,3,4,4,0.9000000000000057,6.6,121,150,115,151,306,318,301,"0.114","-0.114",,,,,,,,,,,,,,"2.59","0.17","1.17","-0.08",,,,,,5.59,-1.41,-0.13,1.15,,,"-1.425",,,"1.425",,,,,75,,,,,,,
8,807575,"Schuelke, Cam",51,15.7,0,0,,0,0,,,0,1,,,2021,80.8,79.96,3,4,4,-0.7999999999999972,5.79,124,149,123,152,288,322,300,"0.362","-0.362",,,,1,0,0,0,0,0,1,100,0,0,"3.23","0.29","1.3","-1.3","88.0",42,,,,5.04,-2.4,-0.25,2.2,0,,"-4.525",,,"4.525",,,,,75,,,,,,,
8,801434,"Gervase, Paul",150,5.3,0.5,0,0.5,0.5,0.445,,,1,2,98.4,17,1453,86,88.56,0,2,6,2.5999999999999943,7.91,110,148,119,148,294,330,303,"-0.615","0.615",,,,2,2,1,0,0,0,0,0,0,0,"2.81","0.28","0.2","-0.23","98.3",288,100,0,0,5.95,-2.1,0.73,1.61,0.5,0,"7.6875",,,"-7.6875",,,,,0,,,,,,,
8,681895,"Sisk, Evan",116,6.9,,,,,0.698,,,0,0,,,2121,82.8,83.13,2,2,6,0.29999999999999716,6.84,111,151,113,149,290,315,270,"-0.411","0.411",,,,1,0,0,0,0,0,0,0,1,100,"3.13","0.24","1.6","-1.6",,,,,,5.22,3.56,0.04,1.97,1,,"5.1375",,,"-5.1375",,,,,100,,,,,,,
8,692589,"Juarez, Victor",26,30.8,0.333,1,0,1.333,0.683,,,1,3,98,47.3,1580,85,84.39,1,4,4,-0.5999999999999943,5.79,122,149,123,150,296,317,296,"-1.014","1.014",,,,3,3,0,0,0,1,0,0,0,0,"2.74","0.41","1.04","-0.72","98.3",299,66.66666666666666,33.33333333333333,33.33333333333333,5.97,-2.02,0.37,2,0.333,1,"12.675",,,"-12.675",,,,,25,,,,,,,
8,806288,"Raeth, Stefan",45,17.8,0,0,0,0,0.349,,,0,1,88,43,1399,87.5,87.54,1,4,4,0,6.21,104,143,129,148,295,323,307,"0.088","-0.088",,,,2,1,0,0,0,0,0,0,1,50,"2.6","0.37","1.01","-0.79","88.0",199,0,0,0,5.82,-0.74,-0.42,1.2,0.5,0,"-1.1",,,"1.1",,,,,25,,,,,,,
8,695445,"Lee, Chase",81,9.9,0,0,0,0,0,,,0,2,72,-12,1543,84.3,83.85,0,3,5,-0.3999999999999915,6.05,110,145,129,150,284,336,299,"0.173","-0.173",,,,2,2,0,0,0,0,0,0,0,0,"3.7","-0.49","1.14","-1.14","88.0",11,0,0,0,4.1,-2.81,-0.37,1.29,0,0,"-2.1625",,,"2.1625",,,,,0,,,,,,,
8,699944,"Caple, Brooks",40,20,0.5,0,0.5,0.5,0.445,,,1,2,82.9,-5.5,1654,86.6,87.78,0,2,6,1.2000000000000028,6.76,109,148,114,153,297,321,296,"-0.67","0.67",,,,2,2,1,0,0,0,0,0,0,0,"2.57","0.45","0.59","-0.39","88.7",98,0,0,0,5.71,-1.88,-0.25,1.62,0.5,0,"8.375",,,"-8.375",,,,,0,,,,,,,
8,808051,"Paredes, Wilkin",35,22.9,0,0,0,0,0,,,0,2,93.1,-19,2009,88.4,87.74,2,5,3,-0.7000000000000028,5.84,106,139,114,135,293,303,280,"0.706","-0.706",,,,2,1,0,0,0,0,1,50,0,0,"2.25","0.67","0.99","-0.8","94.9",64,0,0,0,5.99,1.46,-0.08,2.8,0,0,"-8.825",,,"8.825",,,,,40,,,,,,,
8,686632,"Zobac, Steven",55,14.5,0.333,0,0.5,0.333,0.297,,,1,3,94.1,-17,938,84.8,85.28,1,5,3,0.5,6.57,112,146,126,149,290,313,303,"0.185","-0.185",,,,3,2,1,0,0,0,1,33.3,0,0,"2.59","0.58","0.52","-0.26","93.4",175,50,0,0,5.71,-1.9,0.08,1.82,0.333,0,"-2.3125",,,"2.3125",,,,,20,,,,,,,
8,822498,"Easterly, Reid",35,22.9,0.75,1,0.667,1.75,1.051,,,3,4,100.5,23.5,1707,88.1,87.86,0,5,3,-0.19999999999998863,6.31,100,131,108,137,293,318,300,"-2.005","2.005",,,,4,4,1,1,0,1,0,0,0,0,"2.63","0.34","1.19","0.13","98.0",311,75,50,50,5.14,1.66,0.21,2.03,0.75,2,"25.0625",,,"-25.0625",,,,,0,,,,,,,
8,695378,"Sinclair, Jack",34,23.5,,,,,,,,,,,,2120,87.6,87.75,1,1,7,0.20000000000000284,6.44,123,148,129,153,295,325,301,"-0.185","0.185",,,,,,,,,,,,,,"2.93","0.04","1.21","-1.21",,,,,,5.07,-2.13,-0.24,1.43,,,"2.3125",,,"-2.3125",,,,,100,,,,,,,
8,694393,"Wiggins, Jaxon",59,13.6,0.333,0.667,0.5,1,0.532,,,1,3,97.8,5.5,1679,90.4,90.9,2,4,4,0.6000000000000085,6.59,113,148,105,152,301,330,312,"-0.654","0.654",,,,3,2,0,0,1,0,1,33.3,0,0,"2.04","0.75","1.12","-0.84","97.8",180,50,0,0,6.43,-2.21,-0.5,3.07,0.333,0,"8.175",,,"-8.175",,,,,50,,,,,,,
8,683522,"Arias, Michael",71,11.3,0,0,0,0,0,,,0,2,45.9,20,2175,87.1,86.59,1,3,5,-0.5,6.01,110,149,129,151,281,320,280,"0.29","-0.29",,,,2,1,0,0,0,0,1,50,0,0,"2.8","0.22","1.44","0.01","94.0",44,0,0,0,4.85,-2.51,-1.17,2.19,0,0,"-3.625",,,"3.625",,,,,33.3,,,,,,,
8,679775,"Backhus, Kyle",105,7.6,0.333,0,0.5,0.333,0.297,,,1,3,68.1,-27,1270,79.5,80.54,1,3,5,1,7.13,104,149,121,146,288,308,281,"-0.329","0.329",,,,3,2,1,0,0,0,1,33.3,0,0,"3.06","0.57","0.9","-0.9","88.0",113,0,0,0,4.46,2.95,-0.27,2.32,0.333,0,"4.1125",,,"-4.1125",,,,,33.3,,,,,,,
7,621383,"Banks, Tanner",98,7.1,0,0,0,0,0,,,0,2,70,-20,1751,82.6,81.77,1,4,3,-0.7999999999999972,5.6,107,149,123,145,293,310,282,"0.409","-0.409",,,,2,2,0,0,0,0,0,0,0,0,"3.05","0.27","0.93","-0.93","89.5",98,0,0,0,6.51,2.56,0.78,2.58,0,0,"-5.842857143",,,"5.842857143",,,,,25,,,,,,,
7,681896,"Hoopii-Tuionetoa, Anthony",47,14.9,,,,,,,,,,,,2112,85.8,85.41,1,1,6,-0.3999999999999915,6.13,103,145,121,150,304,321,311,"-0.13","0.13",,,,,,,,,,,,,,"2.61","0.5","1.4","-1.4",,,,,,5.35,-1.84,-0.4,1.58,,,"1.857142857",,,"-1.857142857",,,,,100,,,,,,,
7,701539,"Torres, Eric",70,10,0,0,0,0,0,,,0,2,107.1,21,1632,82.8,82.84,2,5,2,0,6.33,107,153,124,149,296,311,300,"0.466","-0.466",,,,2,1,0,0,0,0,1,50,0,0,"3.06","0.27","1.27","-1.27","94.4",233,100,100,50,4.74,3.21,0.41,2.07,0,1,"-6.657142857",,,"6.657142857",,,,,40,,,,,,,
7,677161,"Kelly, Zack",131,5.3,1,3,,4,2.05,,,1,1,102.5,29,1986,83.9,85.3,0,1,6,1.3999999999999915,7.23,121,147,129,150,275,307,302,"-1.334","1.334",,,,1,1,0,0,0,1,0,0,0,0,"2.89","0.35","1.38","-0.98","102.5",407,100,100,100,5.54,-2.78,0.2,1.32,1,1,"19.057142857",,,"-19.057142857",,,,,0,,,,,,,
7,605335,"Leibrandt, Brandon",25,28,0,0,0,0,0,,,0,2,87.3,29,1580,81.7,82.07,2,5,2,0.3999999999999915,6.46,106,151,123,146,312,340,295,"0.547","-0.547",,,,2,1,0,0,0,0,1,50,0,0,"2.81","0.6","1.06","-0.81","88.0",267,0,0,0,6.37,1.45,0.19,2.2,0,0,"-7.814285714",,,"7.814285714",,,,,40,,,,,,,
7,686811,"Rustad, Carter",36,19.4,1,0,1,1,0.89,,,1,1,76.2,23,1323,85.6,86.21,0,1,6,0.6000000000000085,6.74,115,146,115,148,295,304,289,"-0.705","0.705",,,,1,1,1,0,0,0,0,0,0,0,"2.77","0.35","1.18","-1.18","88.0",253,0,0,0,5.65,-3.23,-1.05,1.51,1,0,"10.071428571",,,"-10.071428571",,,,,0,,,,,,,
7,657649,"Koenig, Jared",134,5.2,,,,,0.698,,,0,0,,,1810,87.1,87.2,0,1,6,0.10000000000000853,6.2,108,153,113,149,297,323,293,"-0.413","0.413",,,,1,0,0,0,0,0,0,0,1,100,"2.6","0.39","1.2","-1.2","88.0",148,,,,5.75,2.45,0.08,1.43,1,,"5.9",,,"-5.9",,,,,0,,,,,,,
7,685329,"Peña, Carlos",52,13.5,,,,,,,,,,,,1680,83.6,83.96,0,0,7,0.4000000000000057,6.44,100,149,120,149,290,314,279,"-0.365","0.365",,,,,,,,,,,,,,"2.6","0.65","1","-0.84",,,,,,5.32,2.1,1.23,2.25,,,"5.214285714",,,"-5.214285714",,,,,,,,,,,,
7,660781,"Robles, Domingo",59,11.9,1,0,1,1,0.89,,,1,1,105,3,1856,82.7,82.94,1,2,5,0.20000000000000284,6.34,103,152,120,142,296,306,281,"-0.53","0.53",,,,1,1,1,0,0,0,0,0,0,0,"2.7","0.62","1.29","-1.29","105.0",84,100,0,0,5.85,1.62,1.05,1.29,1,0,"7.571428571",,,"-7.571428571",,,,,50,,,,,,,
7,702752,"Pintaro, Jonathan",88,8,0.5,0,0.667,0.5,0.445,,,2,4,70.8,-16.7,1936,86.6,86.69,1,5,2,0.10000000000000853,6.29,105,145,124,148,283,310,292,"-0.616","0.616",,,,4,3,2,0,0,0,1,25,0,0,"3.26","-0.23","1","-0.13","88.2",67,0,0,0,4.93,-3.63,-0.98,2.32,0.5,0,"8.8",,,"-8.8",,,,,20,,,,,,,
7,692243,"Woods, Jaden",62,11.3,0.333,0,0.333,0.333,0.397,,,1,3,75.2,25.3,1730,86.6,87.14,0,4,3,0.5,6.99,111,150,118,150,290,315,293,"-0.408","0.408",,,,4,3,1,0,0,0,0,0,1,25,"2.26","0.82","1.31","-1.31","88.0",147,0,0,0,5.2,2.65,0.72,1.99,0.5,0,"5.828571429",,,"-5.828571429",,,,,0,,,,,,,
7,664123,"Effross, Scott",60,11.7,1,0,1,1,0.89,,,3,3,94,10,1845,82.6,81.57,0,5,2,-1,5.77,103,145,118,151,283,325,289,"-1.471","1.471",,,,3,3,3,0,0,0,0,0,0,0,"4.12","-0.76","1.08","-0.84","92.3",146,33.33333333333333,0,0,3.67,-4.03,-0.14,1.91,1,0,"21.014285714",,,"-21.014285714",,,,,0,,,,,,,
7,804539,"Bowen, Darren",37,18.9,1,0,1,1,0.89,,,2,2,103.1,8.5,1160,86.4,86.64,1,4,3,0.19999999999998863,6.64,112,133,114,142,304,336,295,"-0.958","0.958",,,,2,2,2,0,0,0,0,0,0,0,"2.86","0.22","1.2","-0.82","98.1",148,50,0,0,5.45,-2.22,-0.65,1.83,1,0,"13.685714286",,,"-13.685714286",,,,,25,,,,,,,
7,681982,"Anderson, Grant",111,6.3,0.25,0,0.25,0.25,0.223,,,1,4,87.4,-2.3,1607,85.8,86.39,0,5,2,0.6000000000000085,6.57,126,148,118,152,297,320,293,"0.278","-0.278",,,,4,4,1,0,0,0,0,0,0,0,"3.19","-0.1","1.18","-1.18","96.0",111,50,0,0,4.2,-2.18,-0.77,1.94,0.25,0,"-3.971428571",,,"3.971428571",,,,,0,,,,,,,
7,676467,"Gordon, Colton",90,7.8,,,,,,,,,,,,1345,80.8,82.34,1,2,5,1.5,7.13,105,148,115,142,300,326,289,"-0.015","0.015",,,,,,,,,,,,,,"3.01","0.45","0.91","-0.91","88.0",1,,,,5.53,2.39,0.6,2.01,,,"0.214285714",,,"-0.214285714",,,,,50,,,,,,,
7,690997,"McLean, Nolan",56,12.5,0,0,,0,0,,,0,3,,,1328,88.3,87.86,3,3,4,-0.3999999999999915,6.16,104,150,122,149,290,320,292,"0.661","-0.661",,,,3,0,0,0,0,0,3,100,0,0,"2.87","0.07","1.34","0.58",,,,,,5.4,-3.58,0.33,1.32,0,,"-9.442857143",,,"9.442857143",,,,,100,,,,,,,
7,802087,"Arias, Frankeli",35,20,,,,,,,,,,,,1892,86.2,86.43,0,0,7,0.20000000000000284,6.4,100,140,116,138,286,318,287,"-0.086","0.086",,,,,,,,,,,,,,"2.23","0.83","1.26","-1.26",,,,,,5.75,1.41,-0.43,1.6,,,"1.228571429",,,"-1.228571429",,,,,,,,,,,,
7,606303,"Payamps, Joel",92,7.6,0,0,0,0,0,,,0,2,87.7,23.5,2143,89,88.27,0,3,4,-0.7000000000000028,6.01,118,146,121,151,286,322,293,"0.529","-0.529",,,,2,2,0,0,0,0,0,0,0,0,"2.4","0.49","1.51","-1.51","89.6",195,0,0,0,5.72,-2.46,-0.56,1.93,0,0,"-7.557142857",,,"7.557142857",,,,,0,,,,,,,
7,669620,"Basso, Brady",86,8.1,0.5,0.5,0.5,1,0.631,,,1,2,80.5,-3,1757,87,87.07,0,2,5,0.09999999999999432,6.23,95,151,120,149,304,320,292,"-0.785","0.785",,,,2,2,0,1,0,0,0,0,0,0,"2.37","0.63","1.23","-1.23","88.0",120,0,0,0,6.46,2.18,0.91,2.23,0.5,0,"11.214285714",,,"-11.214285714",,,,,0,,,,,,,
7,801546,"Russell, Zane",37,18.9,1,1,1,2,1.262,,,1,1,99.1,17,1466,84.1,83.6,0,4,3,-0.5,5.94,118,145,117,147,308,328,295,"-0.702","0.702",,,,1,1,0,1,0,0,0,0,0,0,"2.79","0.44","1.11","0.4","98.9",233,100,0,0,6.29,-1.4,0.23,1.47,1,0,"10.028571429",,,"-10.028571429",,,,,0,,,,,,,
7,674370,"Bido, Osvaldo",97,7.2,,,,,,,,,,,,2208,90.1,89.61,1,1,6,-0.5,6.23,121,149,125,151,288,319,290,"-0.067","0.067",,,,,,,,,,,,,,"2.21","0.62","1.46","-1",,,,,,5.68,-2.27,-0.39,1.6,,,"0.957142857",,,"-0.957142857",,,,,100,,,,,,,
7,687562,"Bennett, Jake",72,9.7,0,0,0,0,0,,,0,1,98.8,-7,1809,84.6,85.83,0,4,3,1.2000000000000028,7.27,86,150,117,142,300,309,268,"0.287","-0.287",,,,1,1,0,0,0,0,0,0,0,0,"2.84","0.37","1.01","-1.01","92.7",45,100,0,0,5.73,2.66,0.03,1.71,0,0,"-4.1",,,"4.1",,,,,0,,,,,,,
7,686671,"Farr, Thomas",28,25,0.5,0,0.5,0.5,0.445,,,1,2,74.6,-0.5,1655,84.4,83.84,0,3,4,-0.6000000000000085,5.94,112,149,105,151,281,319,296,"-0.146","0.146",,,,2,2,1,0,0,0,0,0,0,0,"2.99","0.21","1.33","-1.33","95.9",41,50,0,0,5.62,-2.2,0.13,1.48,0.5,0,"2.085714286",,,"-2.085714286",,,,,0,,,,,,,
7,670871,"Zuñiga, Guillo",77,9.1,,,,,,,,,,,,1907,88.5,88.5,2,4,3,0,6.31,119,140,121,145,289,318,302,"0.123","-0.123",,,,,,,,,,,,,,"2.65","0.26","1.22","-1.22","91.0",136,,,,5.82,-2.18,0.14,1.68,,,"-1.757142857",,,"1.757142857",,,,,50,,,,,,,
7,641745,"Keller, Brad",55,12.7,,,,,,,,,,,,1770,92.7,92.49,2,5,2,-0.20000000000000284,6.04,115,147,112,150,278,307,295,"0.092","-0.092",,,,,,,,,,,,,,"1.95","0.7","0.97","-0.97","88.0",3,,,,6.35,-1.34,-0.99,1.99,,,"-1.314285714",,,"1.314285714",,,,,40,,,,,,,
7,805871,"Hurtado, Joel",36,19.4,0,0,0,0,0,,,0,1,110.6,-9,1989,89.6,88.7,0,2,5,-0.8999999999999915,5.94,91,131,99,140,296,320,315,"0.127","-0.127",,,,1,1,0,0,0,0,0,0,0,0,"2.31","0.55","1.29","-0.55","99.3",7,100,0,0,6.07,-1.64,-0.46,1.95,0,0,"-1.814285714",,,"1.814285714",,,,,0,,,,,,,
7,805311,"Sando, Nick",63,11.1,1,0.5,1,1.5,1.076,,,2,2,70,-15.5,1549,86.4,86.2,0,4,3,-0.20000000000000284,6.1,98,142,115,146,291,323,284,"-1.175","1.175",,,,2,2,1,1,0,0,0,0,0,0,"2.53","0.52","1.14","-1.14","95.1",69,50,0,0,5.74,1.98,0.86,2.56,1,0,"16.785714286",,,"-16.785714286",,,,,0,,,,,,,
7,676130,"Buttó, José",56,12.5,0.333,0.667,1,1,0.532,,,1,3,98,24,2074,86.4,86.2,4,5,2,-0.20000000000000284,6.19,122,149,120,151,298,324,312,"-0.586","0.586",,,,3,1,0,0,1,0,2,66.7,0,0,"2.66","0.4","1.13","-1.13","98.0",366,100,0,0,5.6,-2.2,-0.58,1.89,0.333,0,"8.371428571",,,"-8.371428571",,,,,80,,,,,,,
7,663568,"Kolek, Stephen",36,19.4,,,,,,,,,,,,1648,89.8,89.59,0,2,5,-0.20000000000000284,6.27,,,,,,,,"-0.172","0.172",,,,,,,,,,,,,,"3.01","-0.17","1.22","-0.83","88.0",2,,,,5.18,-2.1,-0.52,1.41,,,"2.457142857",,,"-2.457142857",,,,,0,,,,,,,
7,621053,"Ferguson, Tyler",103,6.8,0.5,0,0.5,0.5,0.496,,,2,4,64.2,-26.8,1584,88.5,88.3,0,4,3,-0.20000000000000284,6.03,118,144,115,146,291,313,296,"-1.225","1.225",,,,5,4,2,0,0,0,0,0,1,20,"2.6","0.3","1.01","-1.01","90.9",28,25,0,0,5.69,-3.44,-0.92,1.81,0.6,0,"17.5",,,"-17.5",,,,,0,,,,,,,
7,696062,"Dotel, Wilber",56,12.5,0,0,0,0,0,,,0,2,89.7,38.5,976,86.3,86.86,0,2,5,0.6000000000000085,6.83,111,144,111,150,287,309,297,"0.223","-0.223",,,,2,2,0,0,0,0,0,0,0,0,"2.58","0.5","0.93","-0.93","89.7",253,0,0,0,5.63,-2.53,-0.2,2.14,0,0,"-3.185714286",,,"3.185714286",,,,,0,,,,,,,
7,681289,"Kohlhepp, Tanner",35,20,0,0,,0,0,,,0,1,,,2636,84.9,84.43,1,1,6,-0.5,6.07,123,147,119,150,285,329,299,"-0.157","0.157",,,,1,0,0,0,0,0,1,100,0,0,"3.3","-0.12","1.31","-0.97",,,,,,5.32,-2.74,-0.11,1.29,0,,"2.242857143",,,"-2.242857143",,,,,100,,,,,,,
7,811310,"Belgrave, Nigel",118,5.9,,,,,,,,,,,,1536,88.7,88.61,1,2,5,-0.10000000000000853,6.3,124,142,119,150,284,320,296,"-0.141","0.141",,,,,,,,,,,,,,"2.31","0.6","1.02","-1.02","88.0",17,,,,5.72,-3.25,-0.5,1.17,,,"2.014285714",,,"-2.014285714",,,,,50,,,,,,,
7,692414,"Curet, Yoniel",78,9,,,,,0.698,,,0,0,,,1873,87.3,88.07,1,1,6,0.7999999999999972,7.01,115,147,124,147,278,318,290,"-0.678","0.678",,,,2,0,0,0,0,0,0,0,2,100,"2.03","0.98","1.2","-1.2",,,,,,5.74,-1.87,-1.05,0.99,1,,"9.685714286",,,"-9.685714286",,,,,100,,,,,,,
7,688692,"Simpson, Jared",39,17.9,0,0,0,0,0.175,,,0,3,71.4,-39.5,1446,85.2,84.84,1,3,4,-0.4000000000000057,6.23,113,149,113,143,289,332,295,"-0.519","0.519",,,,4,2,0,0,0,0,1,25,1,25,"3.08","0.08","1.03","-0.25","88.0",2,0,0,0,5.66,3.21,-0.13,1.67,0.25,0,"7.414285714",,,"-7.414285714",,,,,33.3,,,,,,,
7,701643,"Hartwig, Grant",111,6.3,0,0,0,0,0,,,0,3,95,38,1653,84.9,83.81,1,5,2,-1.1000000000000085,5.86,118,144,129,153,306,334,285,"0.677","-0.677",,,,3,2,0,0,0,0,1,33.3,0,0,"3.17","0.02","1.37","-1.37","92.7",160,50,0,0,5.16,-3.55,-0.48,2.45,0,0,"-9.671428571",,,"9.671428571",,,,,20,,,,,,,
7,696064,"Urbaez, Geison",13,53.8,0.5,1,0.5,1.5,0.798,,,1,2,89,11.5,2198,87.2,87.25,2,5,2,0.09999999999999432,6.08,119,152,119,150,278,301,278,"-0.532","0.532",,,,2,2,0,0,1,0,0,0,0,0,"2.6","0.38","1.6","0.17","94.0",135,50,50,50,6.11,-2.48,-0.48,2.01,0.5,1,"7.6",,,"-7.6",,,,,40,,,,,,,
7,694813,"Stone, Gavin",15,46.7,0,0,0,0,0,,,0,3,96.8,41,1680,85.3,85.83,5,6,1,0.5,6.64,124,149,128,154,288,322,297,"0.75","-0.75",,,,3,1,0,0,0,0,2,66.7,0,0,"2.43","0.71","1.12","-1.12","96.8",344,100,0,0,5.92,-2.1,-0.2,1.74,0,0,"-10.714285714",,,"10.714285714",,,,,83.3,,,,,,,
7,691786,"Morales, Michael",51,13.7,,,,,,,,,,,,1645,83.4,83.24,0,1,6,-0.20000000000000284,6.36,115,146,118,151,295,321,305,"-0.32","0.32",,,,,,,,,,,,,,"2.9","0.39","1.01","-0.76","88.0",244,,,,5.87,-0.53,0.11,0.32,,,"4.571428571",,,"-4.571428571",,,,,0,,,,,,,
7,803183,"Fox, Luke",48,14.6,0.333,0,1,0.333,0.297,,,1,3,98,-21,1770,89.2,88.44,3,5,2,-0.7999999999999972,6.13,106,150,122,148,308,323,284,"0.052","-0.052",,,,3,1,1,0,0,0,2,66.7,0,0,"2.53","0.36","1.33","-1.33","93.0",4,100,0,0,5.32,3.85,0.15,1.83,0.333,0,"-0.742857143",,,"0.742857143",,,,,60,,,,,,,
6,686763,"Mayer, Gunner",16,37.5,1,3,,4,2.05,,,1,1,105.6,28,1932,86.5,86.15,1,3,3,-0.29999999999999716,6.08,104,149,114,143,300,320,299,"-2.288","2.288",,,,1,1,0,0,0,1,0,0,0,0,"2.69","0.37","0.69","0.66","105.6",436,100,100,100,5.82,-1.56,0.78,2.13,1,1,"38.133333333",,,"-38.133333333",,,,,33.3,,,,,,,
6,622098,"Smith, Drew",86,7,0.333,0.333,1,0.667,0.421,,,1,3,95.5,19,1407,85.9,85.82,2,3,3,-0.10000000000000853,6.18,110,146,130,153,282,314,291,"-0.346","0.346",,,,3,1,0,1,0,0,2,66.7,0,0,"3.36","-0.28","0.86","-0.86","95.5",282,100,0,0,5.11,-2.3,0.69,0.87,0.333,0,"5.766666667",,,"-5.766666667",,,,,66.7,,,,,,,
6,683720,"Jimenez, Edwin",25,24,1,0,1,1,0.89,,,1,1,108,-16,1822,83.7,84.55,2,3,3,0.8999999999999915,6.62,116,147,111,152,287,302,295,"-0.454","0.454",,,,1,1,1,0,0,0,0,0,0,0,"2.56","0.66","1.17","-0.74","108.0",5,100,0,0,6.26,-1.35,0.08,1.78,1,0,"7.566666667",,,"-7.566666667",,,,,66.7,,,,,,,
6,676153,"Love, Austin",77,7.8,0,0,0,0,0,,,0,1,87,4,2041,87.6,88.43,2,4,2,0.8000000000000114,6.73,122,147,115,151,293,323,291,"0.208","-0.208",,,,1,1,0,0,0,0,0,0,0,0,"2.37","0.6","1.23","-1.23","88.0",77,0,0,0,5.75,-1.9,-1.16,2.26,0,0,"-3.466666667",,,"3.466666667",,,,,50,,,,,,,
6,694674,"Menendez, Antonio",48,12.5,0.5,0,0.5,0.5,0.445,,,1,2,80.3,21,1838,84.3,84.05,0,3,3,-0.29999999999999716,6.15,111,142,115,150,284,321,296,"-0.309","0.309",,,,2,2,1,0,0,0,0,0,0,0,"3.98","-0.77","0.97","-0.97","89.2",88,0,0,0,3.59,-4.06,-0.26,1.15,0.5,0,"5.15",,,"-5.15",,,,,0,,,,,,,
6,696275,"Petit, RJ",58,10.3,1,0,1,1,0.89,,,1,1,95.9,12,1908,88.5,88.88,0,2,4,0.5,6.43,123,146,108,153,291,315,285,"-0.471","0.471",,,,1,1,1,0,0,0,0,0,0,0,"2.84","0.06","1.1","-0.67","91.9",100,100,0,0,6.07,-1.82,-0.82,2.54,1,0,"7.85",,,"-7.85",,,,,0,,,,,,,
6,607455,"Banda, Anthony",123,4.9,1,0,1,1,0.89,,,1,1,106.3,-18,1530,85.6,86.02,1,2,4,0.4000000000000057,6.4,101,149,112,140,287,316,278,"-0.546","0.546",,,,1,1,1,0,0,0,0,0,0,0,"2.58","0.51","1.23","-1.23","106.3",5,100,0,0,5.5,2.58,1.1,1.7,1,0,"9.1",,,"-9.1",,,,,50,,,,,,,
6,676962,"Brown, Ben",216,2.8,0,0,0,0,0,,,0,2,82.4,-5.5,1147,91,90.93,0,4,2,-0.09999999999999432,6.38,116,149,124,153,295,333,314,"0.419","-0.419",,,,2,2,0,0,0,0,0,0,0,0,"2.28","0.49","0.91","-0.91","88.0",82,0,0,0,6.4,-1.62,-0.7,2.62,0,0,"-6.983333333",,,"6.983333333",,,,,0,,,,,,,
6,672282,"Detmers, Reid",228,2.6,,,,,,,,,,,,1720,83.6,83.68,0,1,5,0.10000000000000853,6.23,105,150,118,147,302,322,293,"-0.238","0.238",,,,,,,,,,,,,,"2","1.25","0.58","-0.58","88.0",288,,,,6.29,1.27,-0.41,2.79,,,"3.966666667",,,"-3.966666667",,,,,0,,,,,,,
6,820862,"Fermin, José",76,7.9,,,,,,,,,,,,2054,93,92.8,0,0,6,-0.20000000000000284,6.25,117,141,122,147,294,320,300,"-0.186","0.186",,,,,,,,,,,,,,"2.01","0.63","1.12","-1.12",,,,,,6.13,-1.99,0.62,0.22,,,"3.1",,,"-3.1",,,,,,,,,,,,
6,682044,"Boyle, Sean",39,15.4,0.5,0.5,1,1,0.631,,,1,2,105.9,7,1787,85.2,85.45,1,2,4,0.30000000000001137,6.55,120,147,121,153,286,320,309,"-0.725","0.725",,,,2,1,0,1,0,0,1,50,0,0,"3.32","-0.17","1.06","-1.06","105.9",155,100,0,0,5.13,-3.13,0.13,1.72,0.5,0,"12.083333333",,,"-12.083333333",,,,,50,,,,,,,
6,804922,"Vogel, Tyler",31,19.4,,,,,,,,,,,,1589,85.7,85.65,0,0,6,-0.10000000000000853,6.4,92,144,122,150,306,331,323,"0.037","-0.037",,,,,,,,,,,,,,"3.54","-0.41","0.86","-0.86",,,,,,5.59,-1.59,-0.37,2.17,,,"-0.616666667",,,"0.616666667",,,,,,,,,,,,
6,695556,"Panzini, Shane",136,4.4,0,0,0,0,0,,,0,2,88.9,-9,1376,87.5,87.57,2,3,3,0.09999999999999432,6.47,113,149,125,148,293,322,298,"0.506","-0.506",,,,2,1,0,0,0,0,1,50,0,0,"2.24","0.75","0.48","-0.26","88.9",13,0,0,0,6.06,-1.35,-0.05,1.52,0,0,"-8.433333333",,,"8.433333333",,,,,66.7,,,,,,,
6,800049,"Mazur, Adam",42,14.3,0,0,0,0,0,,,0,1,63.4,66,1582,89,89.23,0,2,4,0.29999999999999716,6.13,102,148,115,147,279,305,284,"0.216","-0.216",,,,1,1,0,0,0,0,0,0,0,0,"2.12","0.73","1.1","0.17","88.0",150,0,0,0,6.12,-2.35,0.03,1.62,0,0,"-3.6",,,"3.6",,,,,0,,,,,,,
6,808833,"Afthim, Brady",23,26.1,1,0,1,1,0.89,,,1,1,109.4,10,1975,85.5,85.13,0,1,5,-0.4000000000000057,5.93,125,148,116,153,273,317,314,"-0.749","0.749",,,,1,1,1,0,0,0,0,0,0,0,"2.44","0.67","1.22","-1.22","109.4",225,100,0,0,5.67,-2.51,-0.81,2.19,1,0,"12.483333333",,,"-12.483333333",,,,,0,,,,,,,
6,674841,"Alvarez, Andrew",127,4.7,0,0,0,0,0,,,0,1,89.6,0,1744,86.8,86.38,1,2,4,-0.3999999999999915,6.2,114,153,121,148,299,328,294,"0.211","-0.211",,,,1,1,0,0,0,0,0,0,0,0,"2.75","0.3","1.18","-1.18","89.6",41,0,0,0,6.03,1.83,0.57,1.9,0,0,"-3.516666667",,,"3.516666667",,,,,50,,,,,,,
6,682645,"Rosario, Jerming",73,8.2,1,0,1,1,0.89,,,1,1,85.1,8,1801,89.3,89.32,0,2,4,0,6.35,123,147,122,148,292,322,299,"-0.609","0.609",,,,1,1,1,0,0,0,0,0,0,0,"2.29","0.57","1.32","-1.32","88.0",107,0,0,0,5.8,-2.75,-0.08,1.04,1,0,"10.15",,,"-10.15",,,,,0,,,,,,,
6,802609,"Bertrand, John Michael",26,23.1,0,0,0,0,0,,,0,1,85.7,41,1550,80.4,79.67,1,2,4,-0.5999999999999943,5.82,104,142,116,141,311,331,299,"0.123","-0.123",,,,1,1,0,0,0,0,0,0,0,0,"3.46","0.07","1.15","-1.15","88.0",290,0,0,0,5.6,2.32,-0.34,1.42,0,0,"-2.05",,,"2.05",,,,,50,,,,,,,
6,666123,"Bergner, Austin",23,26.1,0,0,,0,0,,,0,3,,,1122,82.7,83.98,4,5,1,1.2999999999999972,6.95,114,148,113,147,303,314,310,"0.714","-0.714",,,,3,0,0,0,0,0,3,100,0,0,"2.88","0.43","0.92","-0.61","88.0",302,,,,5.99,-2.63,-0.48,1.44,0,,"-11.9",,,"11.9",,,,,80,,,,,,,
6,702119,"Hayes, Hunter",36,16.7,1,2,1,3,1.596,,,1,1,111.2,18,1516,84.7,84.05,0,2,4,-0.7000000000000028,5.73,94,146,114,150,289,328,298,"-1.219","1.219",,,,1,1,0,0,1,0,0,0,0,0,"2.87","0.3","1.43","-1.43","99.6",184,100,100,100,6.09,-2.07,-1.16,3.03,1,1,"20.316666667",,,"-20.316666667",,,,,0,,,,,,,
6,679977,"Song, Noah",123,4.9,0,0,0,0,0,,,0,3,74.9,12.3,2001,86.4,86.13,0,3,3,-0.30000000000001137,6.12,103,144,125,150,281,315,292,"0.523","-0.523",,,,3,3,0,0,0,0,0,0,0,0,"2.24","0.82","1.38","-0.94","88.0",53,0,0,0,6.15,-1.96,-0.95,2.17,0,0,"-8.716666667",,,"8.716666667",,,,,0,,,,,,,
6,694555,"Centala, Chase",23,26.1,0.5,0.5,0.5,1,0.631,,,1,2,93.3,11.5,1687,84.5,85.03,0,3,3,0.5,6.85,112,139,109,142,299,317,303,"-0.66","0.66",,,,2,2,0,1,0,0,0,0,0,0,"3.14","0.08","0.55","-0.43","94.8",206,50,0,0,4.88,-3.23,-0.67,1.89,0.5,0,"11",,,"-11",,,,,0,,,,,,,
6,650556,"Abreu, Bryan",116,5.2,0.5,0,0.5,0.5,0.445,,,1,2,84.1,5.5,1640,90.6,91.5,0,2,4,0.9000000000000057,6.78,116,141,116,145,284,320,293,"-0.505","0.505",,,,2,2,1,0,0,0,0,0,0,0,"2.17","0.6","1.22","-0.85","95.7",86,50,0,0,5.45,-2.77,-0.97,2.1,0.5,0,"8.416666667",,,"-8.416666667",,,,,0,,,,,,,
6,700669,"Graceffo, Gordon",43,14,1,0,1,1,0.89,,,1,1,71.4,-59,1390,91,91.13,0,3,3,0.09999999999999432,6.38,112,147,122,151,279,317,291,"-0.201","0.201",,,,1,1,1,0,0,0,0,0,0,0,"2.22","0.53","1.13","-1.13","88.0",28,0,0,0,5.81,-1.98,0.12,1.68,1,0,"3.35",,,"-3.35",,,,,0,,,,,,,
6,641907,"Murphy, Patrick",37,16.2,0,0,0,0,0,,,0,1,104.2,-8,2158,91.1,90.62,0,5,1,-0.5,6.08,93,148,117,149,295,319,293,"0.554","-0.554",,,,1,1,0,0,0,0,0,0,0,0,"2.12","0.64","1.23","0.45","94.2",52,100,0,0,6.28,-2.46,-0.03,2.07,0,0,"-9.233333333",,,"9.233333333",,,,,0,,,,,,,
6,805060,"Rojas, Yenrri",16,37.5,0,0,0,0,0,,,0,2,88.1,13,1976,86.3,86.53,0,2,4,0.20000000000000284,6.42,119,152,109,153,298,328,294,"0.419","-0.419",,,,2,2,0,0,0,0,0,0,0,0,"2.86","0.2","1.09","-0.34","89.2",110,0,0,0,5.29,-1.79,-0.29,2.02,0,0,"-6.983333333",,,"6.983333333",,,,,0,,,,,,,
6,683098,"Osmond, Bryce",18,33.3,0,0,,0,0,,,0,1,,,1838,86.5,86.85,0,2,4,0.4000000000000057,6.58,112,149,128,152,291,319,301,"0.062","-0.062",,,,1,0,0,0,0,0,1,100,0,0,"2.28","0.77","1.18","-1.18","89.8",76,,,,5.77,-1.97,0.34,1.51,0,,"-1.033333333",,,"1.033333333",,,,,0,,,,,,,
6,808839,"Quigley, Stephen",23,26.1,,,,,,,,,,,,1702,86.8,86.28,0,1,5,-0.5,5.83,115,148,112,150,295,328,316,"-0.101","0.101",,,,,,,,,,,,,,"2.98","0.03","1.1","-1.1","95.4",2,,,,5.25,-1.27,-0.9,2.57,,,"1.683333333",,,"-1.683333333",,,,,0,,,,,,,
6,666301,"Diaz, Indigo",28,21.4,0,0,0,0,0,,,0,3,85,-6,1498,84.5,85.92,3,4,2,1.4000000000000057,6.92,117,149,121,151,304,335,312,"0.561","-0.561",,,,3,1,0,0,0,0,2,66.7,0,0,"2.92","0.24","0.98","-0.71","88.0",15,0,0,0,5.73,-1.63,-0.82,2.19,0,0,"-9.35",,,"9.35",,,,,75,,,,,,,
6,682842,"Uribe, Abner",60,10,,,,,,,,,,,,2003,92,92.48,2,3,3,0.5,6.65,101,148,126,152,285,317,298,"-0.014","0.014",,,,,,,,,,,,,,"2.09","0.61","1.24","-1.24",,,,,,5.9,-1.39,-0.2,1.26,,,"0.233333333",,,"-0.233333333",,,,,66.7,,,,,,,
6,702474,"Paredes, Mike",42,14.3,0,0,0,0,0,,,0,1,105.3,-23,1634,87.9,87.92,0,1,5,0.10000000000000853,6.42,100,149,126,148,294,317,269,"0.052","-0.052",,,,1,1,0,0,0,0,0,0,0,0,"3.04","-0.07","1.06","0.05","105.3",4,100,0,0,5.11,-1.47,0.27,1.03,0,0,"-0.866666667",,,"0.866666667",,,,,0,,,,,,,
6,807718,"Driver, Jay",57,10.5,,,,,,,,,,,,1622,84.8,85.17,0,1,5,0.4000000000000057,6.63,112,147,132,152,294,321,298,"-0.17","0.17",,,,,,,,,,,,,,"3.09","0.09","1.3","-1.3",,,,,,4.11,-3.52,-1.45,2.72,,,"2.833333333",,,"-2.833333333",,,,,0,,,,,,,
5,689225,"Brieske, Beau",36,13.9,0,0,0,0,0,,,0,1,68.8,-14,1992,88.7,87.36,0,2,3,-1.2999999999999972,5.6,100,148,125,150,281,320,279,"0.117","-0.117",,,,1,1,0,0,0,0,0,0,0,0,"2.53","0.39","1.22","-0.13","88.0",119,0,0,0,6.25,-1.43,-0.33,0.82,0,0,"-2.34",,,"2.34",,,,,0,,,,,,,
5,682944,"Yulie, Tyrone",35,14.3,0.333,0.333,1,0.667,0.421,,,1,3,83,20,1964,87.1,87.44,1,3,2,0.30000000000001137,6.76,111,146,131,149,288,322,294,"-0.377","0.377",,,,3,1,0,1,0,0,2,66.7,0,0,"2.27","0.77","1.3","-1.3","88.0",204,0,0,0,5.97,-2.23,0.01,2.24,0.333,0,"7.54",,,"-7.54",,,,,33.3,,,,,,,
5,695534,"Petty, Chase",64,7.8,0,0,,0,0,,,0,1,,,1454,90,90.16,2,3,2,0.20000000000000284,6.28,119,148,112,150,293,317,292,"0.199","-0.199",,,,1,0,0,0,0,0,1,100,0,0,"2.91","-0.11","1.12","-0.21",,,,,,5.36,-1.94,-0.39,2.26,0,,"-3.98",,,"3.98",,,,,66.7,,,,,,,
5,688781,"Banks, Brett",56,8.9,0,0,,0,0,,,0,2,,,1464,85.3,86.62,1,1,4,1.2999999999999972,6.68,118,147,122,151,276,314,288,"0.4","-0.4",,,,2,0,0,0,0,0,2,100,0,0,"2.77","0.32","0.94","-0.94",,,,,,5.71,-1.93,-0.16,1.81,0,,"-8",,,"8",,,,,100,,,,,,,
5,693311,"Hence, Tink",41,12.2,0,0,,0,0,,,0,1,,,1844,83.2,82.24,1,1,4,-1,5.8,118,144,110,149,287,320,292,"0.163","-0.163",,,,1,0,0,0,0,0,1,100,0,0,"2.22","1.1","1.28","-1.28",,,,,,5.79,-1.58,-0.71,2.19,0,,"-3.26",,,"3.26",,,,,100,,,,,,,
5,521230,"Hendriks, Liam",136,3.7,0.5,0,0.5,0.5,0.445,,,1,2,73.3,-0.5,1982,88.9,89.98,0,3,2,1.0999999999999943,7,109,143,111,152,295,318,285,"-0.098","0.098",,,,2,2,1,0,0,0,0,0,0,0,"2.06","0.83","1.29","-1.29","88.0",146,0,0,0,5.83,-1.92,-0.91,1.71,0.5,0,"1.96",,,"-1.96",,,,,0,,,,,,,
5,836128,"Cosper, Colton",52,9.6,1,0.5,1,1.5,1.076,,,2,2,93.8,13.5,1344,80.8,80.44,0,2,3,-0.3999999999999915,6.2,114,151,125,149,294,315,286,"-1.394","1.394",,,,2,2,1,1,0,0,0,0,0,0,"3.38","0.13","1.21","-0.79","94.3",166,50,0,0,4.77,2.65,0.57,1.99,1,0,"27.88",,,"-27.88",,,,,0,,,,,,,
5,696292,"Hess, Ben",76,6.6,,,,,,,,,,,,1813,83.8,84.14,1,2,3,0.29999999999999716,6.58,110,152,123,149,289,315,281,"-0.049","0.049",,,,,,,,,,,,,,"2.93","0.33","0.98","-0.48",,,,,,5.54,-1.94,-0.71,2.37,,,"0.98",,,"-0.98",,,,,50,,,,,,,
5,666121,"Baum, Tyler",67,7.5,0,0,,0,0,,,0,1,,,1506,87.2,86.4,0,1,4,-0.7999999999999972,5.63,108,149,120,150,291,318,297,"0.118","-0.118",,,,1,0,0,0,0,0,1,100,0,0,"2.41","0.58","1.08","-0.64","88.0",274,,,,5.72,-0.18,-1.1,2.69,0,,"-2.36",,,"2.36",,,,,0,,,,,,,
5,822652,"Mahlstedt, Lucas",19,26.3,1,0,1,1,0.89,,,1,1,106.8,-16,2116,86.9,86.32,2,3,2,-0.6000000000000085,5.94,104,146,118,144,294,318,292,"-0.58","0.58",,,,1,1,1,0,0,0,0,0,0,0,"3.47","-0.44","1.35","0.82","106.8",7,100,0,0,3.48,-3.01,-0.72,1.87,1,0,"11.6",,,"-11.6",,,,,66.7,,,,,,,
5,693686,"Miles, Spencer",186,2.7,0.667,0,1,0.667,0.594,,,2,3,103.1,6,1731,87.8,88.38,1,4,1,0.6000000000000085,6.72,128,149,124,150,285,325,287,"-1.179","1.179",,,,3,2,2,0,0,0,1,33.3,0,0,"2.53","0.44","1.13","-1.13","98.1",82,100,0,0,5.83,-1.58,-0.2,2.08,0.667,0,"23.58",,,"-23.58",,,,,25,,,,,,,
5,592332,"Gausman, Kevin",151,3.3,1,0,1,1,0.89,,,1,1,105.8,4,2099,90.4,90.76,1,3,2,0.3999999999999915,6.54,116,147,128,152,288,327,299,"-0.289","0.289",,,,1,1,1,0,0,0,0,0,0,0,"1.3","1.5","0.72","-0.72","96.9",150,100,0,0,6.21,-2.39,-0.01,2.9,1,0,"5.78",,,"-5.78",,,,,33.3,,,,,,,
5,801725,"De León, Luis",34,14.7,0.5,0.5,0.5,1,0.631,,,1,2,80.4,12,2261,87.4,86.78,1,3,2,-0.6000000000000085,5.76,109,151,113,149,301,320,286,"-0.549","0.549",,,,2,2,0,1,0,0,0,0,0,0,"2.51","0.46","1.38","-0.89","90.9",186,0,0,0,6.19,2.04,0.78,1.98,0.5,0,"10.98",,,"-10.98",,,,,33.3,,,,,,,
5,642376,"Yan, Jefry",17,29.4,,,,,,,,,,,,1321,84.9,84.72,2,2,3,-0.20000000000000284,6.24,98,153,126,149,294,313,294,"0.04","-0.04",,,,,,,,,,,,,,"2.54","0.63","1.14","-1.14",,,,,,6.09,1.84,0.63,1.25,,,"-0.8",,,"0.8",,,,,100,,,,,,,
5,810102,"Veach, Chris",8,62.5,0,0,0,0,0,,,0,1,77.8,16,2536,80.4,79.42,0,1,4,-1,5.7,96,148,120,150,296,328,291,"0.252","-0.252",,,,1,1,0,0,0,0,0,0,0,0,"3.7","-0.16","1.61","-0.26","88.0",172,0,0,0,5.75,-1.32,-0.23,2.26,0,0,"-5.04",,,"5.04",,,,,0,,,,,,,
5,806046,"Clemmey, Alex",50,10,,,,,,,,,,,,2251,86.2,86.38,0,1,4,0.20000000000000284,6.58,117,153,149,158,307,323,293,"-0.228","0.228",,,,,,,,,,,,,,"2.48","0.61","1.34","-1.34","88.0",226,,,,5.83,2.32,0.06,1.25,,,"4.56",,,"-4.56",,,,,0,,,,,,,
5,683085,"Sims, Landon",41,12.2,1,1,1,2,1.262,,,1,1,108.1,24,1872,85.7,85.92,0,2,3,0.20000000000000284,6.1,117,146,115,153,286,320,294,"-0.896","0.896",,,,1,1,0,1,0,0,0,0,0,0,"2.59","0.48","0.86","-0.86","98.1",267,100,100,100,5.48,-3.15,-0.37,2.53,1,1,"17.92",,,"-17.92",,,,,0,,,,,,,
5,684725,"Messinger, Zach",47,10.6,0.5,0.5,0.5,1,0.631,,,1,2,95.8,30.5,1746,87.6,86.98,0,3,2,-0.5999999999999943,6.24,111,150,131,152,273,298,279,"-0.706","0.706",,,,2,2,0,1,0,0,0,0,0,0,"2.87","0.14","1.16","-0.31","93.2",221,50,0,0,5.92,-1.37,0,2.31,0.5,0,"14.12",,,"-14.12",,,,,0,,,,,,,
5,801179,"Lin, Yu-Min",34,14.7,0,0,,0,0,,,0,1,,,1925,81.2,80.44,2,3,2,-0.7999999999999972,5.94,88,148,118,145,307,333,300,"0.314","-0.314",,,,1,0,0,0,0,0,1,100,0,0,"2.49","0.99","1.37","-1.37","89.9",138,,,,5.74,1.84,0.57,2.33,0,,"-6.28",,,"6.28",,,,,66.7,,,,,,,
5,680933,"Suarez, Joander",47,10.6,0,0,0,0,0,,,0,3,84,-19,1800,86.3,86.7,1,3,2,0.4000000000000057,6.5,120,148,128,150,279,313,300,"0.642","-0.642",,,,3,1,0,0,0,0,2,66.7,0,0,"2.97","0.09","0.8","-0.48","88.0",109,0,0,0,5.52,-1.7,-0.14,1.88,0,0,"-12.84",,,"12.84",,,,,33.3,,,,,,,
5,679029,"Vásquez, Samuel",95,5.3,0,0,,0,0,,,0,1,,,1533,88.6,88.52,1,1,4,-0.09999999999999432,6.17,123,144,129,152,284,307,287,"0.003","-0.003",,,,1,0,0,0,0,0,1,100,0,0,"2.19","0.71","1.25","-0.83",,,,,,5.86,-1.54,0.1,1.51,0,,"-0.06",,,"0.06",,,,,100,,,,,,,
5,695065,"Costeiu, Ryan",40,12.5,0,0,,0,0,,,0,1,,,1852,81.2,81.1,1,3,2,-0.10000000000000853,6.22,110,148,113,147,292,323,300,"0.269","-0.269",,,,1,0,0,0,0,0,1,100,0,0,"2.61","0.84","1.16","-0.72","88.0",4,,,,5.67,-1.14,-0.52,2.4,0,,"-5.38",,,"5.38",,,,,33.3,,,,,,,
5,702712,"Biven, Tucker",21,23.8,1,0.5,1,1.5,1.076,,,2,2,99.4,0.5,1477,87.2,,1,3,2,,,126,148,122,152,279,315,291,"-1.109","1.109",,,,2,2,1,1,0,0,0,0,0,0,"3.01","-0.04","1.24","-1.24","99.4",123,100,0,0,5.8,-2.28,-0.67,1.7,1,0,"22.18",,,"-22.18",,,,,33.3,,,,,,,
5,691414,"Gómez, Yorman",58,8.6,0,0,0,0,0,,,0,1,108.1,-5,1398,85.5,85.68,1,2,3,0.20000000000000284,6.2,117,146,127,151,285,323,301,"0.128","-0.128",,,,1,1,0,0,0,0,0,0,0,0,"2.91","0.19","0.91","-0.91","108.1",28,100,0,0,5.96,-0.93,-0.22,1.37,0,0,"-2.56",,,"2.56",,,,,50,,,,,,,
5,825756,"Cannon, Will",37,13.5,,,,,0.729,,,0,0,,,1628,88.2,88.8,1,3,2,0.5999999999999943,6.36,119,149,120,148,300,317,299,"-0.217","0.217",,,,1,0,0,0,0,0,0,0,0,0,"2.32","0.58","0.99","0.05",,,,,,6.07,-1.48,-0.35,1.54,1,,"4.34",,,"-4.34",,,,,33.3,,,,,,,
5,656887,"Reid-Foley, Sean",28,17.9,0,0,0,0,0,,,0,2,89.6,-7,1252,88.1,89.78,1,3,2,1.7000000000000028,7.18,121,149,135,152,289,326,294,"0.417","-0.417",,,,2,1,0,0,0,0,1,50,0,0,"2.69","0.24","0.55","-0.25","88.8",7,0,0,0,5.38,-1.8,-0.2,2.28,0,0,"-8.34",,,"8.34",,,,,33.3,,,,,,,
5,695034,"Morris, Kade",100,5,,,,,,,,,,,,1589,87.8,88.38,0,1,4,0.6000000000000085,6.44,113,145,120,153,291,320,295,"-0.183","0.183",,,,,,,,,,,,,,"2.73","0.21","1","-1",,,,,,4.9,-2.08,0.03,1.34,,,"3.66",,,"-3.66",,,,,0,,,,,,,
5,681810,"Warren, Austin",84,6,0,0,,0,0,,,0,1,,,1824,89.5,89.24,2,3,2,-0.29999999999999716,6.28,112,148,125,151,282,317,290,"-0.01","0.01",,,,1,0,0,0,0,0,1,100,0,0,"2.64","0.22","1.4","-0.85","88.0",1,,,,4.89,-2.58,-1.22,1.93,0,,"0.2",,,"-0.2",,,,,66.7,,,,,,,
5,823909,"Clark, Derek",19,26.3,,,,,,,,,,,,1621,84.6,84.22,0,2,3,-0.3999999999999915,6.16,99,151,110,149,296,340,312,"-0.016","0.016",,,,,,,,,,,,,,"2.44","0.78","1.12","-0.82","88.0",106,,,,5.27,2.11,0.15,1.77,,,"0.32",,,"-0.32",,,,,0,,,,,,,
5,687239,"Peoples, Ben",112,4.5,0,0,,0,0.349,,,0,1,,,1846,90.5,91.28,1,2,3,0.7999999999999972,6.72,108,145,126,152,296,324,304,"-0.048","0.048",,,,2,0,0,0,0,0,1,50,1,50,"1.79","0.99","1.16","-1.16",,,,,,5.92,-1.13,-0.19,1.54,0.5,,"0.96",,,"-0.96",,,,,50,,,,,,,
5,676508,"Casparius, Ben",142,3.5,0,0,,0,0,,,0,2,,,1883,89.6,88.96,1,1,4,-0.5999999999999943,5.9,117,148,133,152,286,320,293,"0.253","-0.253",,,,2,0,0,0,0,0,2,100,0,0,"2.33","0.52","1.12","-1.12",,,,,,6.19,-0.62,0.57,1.6,0,,"-5.06",,,"5.06",,,,,100,,,,,,,
5,694573,"Crowell, Wyatt",33,15.2,0,0,,0,0,,,0,1,,,1252,82.1,81.32,2,3,2,-0.7999999999999972,5.8,98,153,121,147,298,317,280,"0.182","-0.182",,,,1,0,0,0,0,0,1,100,0,0,"3.64","-0.25","0.89","-0.89","94.4",332,,,,5.28,2.57,0.35,2.01,0,,"-3.64",,,"3.64",,,,,66.7,,,,,,,
5,668761,"Peluse, Colin",24,20.8,0.5,0,0.5,0.5,0.53,,,1,2,69.8,-51,1956,86.9,85.96,0,3,2,-0.9000000000000057,5.66,115,151,125,146,293,321,294,"-0.389","0.389",,,,3,2,1,0,0,0,0,0,1,33.3,"2.51","0.51","0.28","-0.55","88.0",1,0,0,0,6.06,-2.36,-0.12,1.85,0.667,0,"7.78",,,"-7.78",,,,,0,,,,,,,
5,687312,"Hughes, Gabriel",56,8.9,0.333,0,0.5,0.333,0.297,,,1,3,98.9,-15.5,1446,87.1,87.66,0,4,1,0.6000000000000085,6.86,115,148,122,153,309,314,293,"0.303","-0.303",,,,3,2,1,0,0,0,1,33.3,0,0,"2.84","0.19","1.02","-0.71","93.9",42,50,0,0,5.48,-2.67,0.03,2.08,0.333,0,"-6.06",,,"6.06",,,,,0,,,,,,,
5,805774,"Louis, Gregori",17,29.4,,,,,,,,,,,,1718,85.3,85.4,0,1,4,0.10000000000000853,6,113,146,118,148,277,295,281,"0.025","-0.025",,,,,,,,,,,,,,"2.37","0.73","0.5","-0.61",,,,,,6.26,1.01,0.34,2.75,,,"-0.5",,,"0.5",,,,,0,,,,,,,
5,694781,"Mercado, Logan",49,10.2,,,0,,0,,,0,0,90.4,31,1219,84.8,84.78,0,1,4,0,6.1,94,134,112,137,286,319,289,"-0.065","0.065",,,,1,1,0,0,0,0,0,0,0,0,"3.18","-0.02","0.91","-0.5","90.4",321,0,0,0,5.66,-2.29,-1.43,2.78,0,0,"1.3",,,"-1.3",,,,,0,,,,,,,
5,686873,"Zwack, Nick",82,6.1,0,0,0,0,0,,,0,2,104.2,-11.5,1891,89.1,89.1,1,3,2,0,6.4,109,152,118,149,311,319,295,"0.481","-0.481",,,,2,2,0,0,0,0,0,0,0,0,"2.51","0.38","1.15","-1.15","104.2",11,100,0,0,5.68,2.36,0,1.61,0,0,"-9.62",,,"9.62",,,,,33.3,,,,,,,
5,814492,"Watson, Will",40,12.5,0,0,0,0,0,,,0,1,69.3,40,2140,85.8,85.86,0,2,3,0.10000000000000853,6.36,117,149,132,152,287,317,293,"0.059","-0.059",,,,1,1,0,0,0,0,0,0,0,0,"2.79","0.31","1.34","-0.26","88.0",107,0,0,0,5.03,-1.96,-0.05,1.88,0,0,"-1.18",,,"1.18",,,,,0,,,,,,,
5,800125,"Perez, Fernando",43,11.6,0,0,0,0,0,,,0,2,75.4,5.5,1501,80.6,80.14,0,2,3,-0.5,5.98,113,145,125,150,277,325,291,"0.367","-0.367",,,,2,2,0,0,0,0,0,0,0,0,"3.23","0.27","1.13","-1.13","88.0",78,0,0,0,5.89,-2.14,-0.32,1.29,0,0,"-7.34",,,"7.34",,,,,0,,,,,,,
5,703445,"Serwinowski, Adam",42,11.9,,,,,,,,,,,,,90.8,91.12,0,1,4,0.29999999999999716,6.46,93,150,123,147,290,345,302,"-0.214","0.214",,,,,,,,,,,,,,"2.18","0.58","0.72","-0.2","88.0",241,,,,6.06,2.21,-0.53,0.97,,,"4.28",,,"-4.28",,,,,0,,,,,,,
5,592094,"Adam, Jason",21,23.8,0,0,0,0,0,,,0,2,68.9,18,1894,87.8,87.7,1,2,3,-0.09999999999999432,6.12,117,153,126,151,301,328,302,"0.435","-0.435",,,,2,1,0,0,0,0,1,50,0,0,"2.65","0.3","1.1","0.23","88.0",176,0,0,0,6.35,-1.09,-0.81,2.48,0,0,"-8.7",,,"8.7",,,,,50,,,,,,,
4,805214,"Lyon, Isaac",24,16.7,0,0,,0,0,,,0,1,,,1844,82.2,82.73,2,3,1,0.5,6.38,115,151,118,150,278,310,278,"0.201","-0.201",,,,1,0,0,0,0,0,1,100,0,0,"3.44","-0.1","1.43","0","88.0",181,,,,4.37,-2.37,-0.16,1.47,0,,"-5.025",,,"5.025",,,,,66.7,,,,,,,
4,680916,"Aleman, Franco",65,6.2,0,0,0,0,0,,,0,1,79.2,5.5,2089,88.9,89.72,0,2,2,0.7999999999999972,6.85,121,147,121,154,282,320,300,"0.186","-0.186",,,,2,2,0,0,0,0,0,0,0,0,"2.57","0.32","1.34","-1.34","88.4",172,0,0,0,5.87,-1.81,-0.21,1.42,0,0,"-4.65",,,"4.65",,,,,0,,,,,,,
4,659389,"Loewen, Carter",24,16.7,,,,,,,,,,,,1569,86,85.9,0,1,3,-0.09999999999999432,6.3,132,149,121,152,288,303,284,"-0.09","0.09",,,,,,,,,,,,,,"2.64","0.45","1.18","-1.18","89.3",11,,,,6.17,-0.68,-0.99,2.76,,,"2.25",,,"-2.25",,,,,0,,,,,,,
4,666214,"Wentz, Joey",84,4.8,,,,,,,,,,,,1882,87.8,89.43,0,1,3,1.6000000000000085,7.17,116,154,123,148,302,309,288,"0.037","-0.037",,,,,,,,,,,,,,"1.95","1","1","-1",,,,,,6.28,0.78,-0.12,0.96,,,"-0.925",,,"0.925",,,,,0,,,,,,,
4,701533,"Stanley, Hunter",34,11.8,0,0,0,0,0,,,0,1,86.7,55,1556,81.5,81.7,1,2,2,0.29999999999999716,6.22,110,150,126,148,299,320,293,"0.156","-0.156",,,,1,1,0,0,0,0,0,0,0,0,"2.83","0.58","1.01","0.11","88.0",245,0,0,0,5.71,-1.61,0.35,2.46,0,0,"-3.9",,,"3.9",,,,,50,,,,,,,
4,676881,"Schoenle, Garrett",28,14.3,0,0,0,0,0,,,0,2,71.6,-13,1896,84.6,84.43,1,3,1,-0.19999999999998863,6.3,107,142,115,139,298,327,305,"0.677","-0.677",,,,2,1,0,0,0,0,1,50,0,0,"2.91","0.3","1.14","-1.14","88.0",5,0,0,0,5.46,2.18,-0.38,1.25,0,0,"-16.925",,,"16.925",,,,,33.3,,,,,,,
4,687259,"Bell, Luke",25,16,,,,,0.729,,,0,0,,,1480,85.3,85.15,0,1,3,-0.09999999999999432,6.55,126,142,127,152,292,336,307,"-0.388","0.388",,,,1,0,0,0,0,0,0,0,0,0,"2.81","0.37","0.94","-0.94","88.0",4,,,,5.63,-1.62,0.39,0.72,1,,"9.7",,,"-9.7",,,,,0,,,,,,,
4,669062,"Miller, Erik",47,8.5,0,0,,0,0,,,0,1,,,1926,87.3,87.55,0,0,4,0.20000000000000284,6.63,93,146,116,146,313,327,281,"0.208","-0.208",,,,1,0,0,0,0,0,1,100,0,0,"2.69","0.33","1.33","-0.65",,,,,,6.18,1.7,-0.75,2.45,0,,"-5.2",,,"5.2",,,,,,,,,,,,
4,701568,"Meis, Justin",62,6.5,,,,,0.729,,,0,0,,,1641,91.4,90.13,1,1,3,-1.3000000000000114,5.58,112,143,122,149,279,313,301,"-0.54","0.54",,,,1,0,0,0,0,0,0,0,0,0,"2.41","0.33","1.22","-0.66",,,,,,5.83,-1.91,-1.08,2.86,1,,"13.5",,,"-13.5",,,,,100,,,,,,,
4,814783,"Anderson, Casey",100,4,0,0,,0,0,,,0,1,,,1654,86.2,86.65,1,1,3,0.5,6.6,110,139,120,148,302,330,307,"0.087","-0.087",,,,1,0,0,0,0,0,1,100,0,0,"3.13","-0.06","1.29","-1.29",,,,,,5.28,-2.11,-0.46,1.25,0,,"-2.175",,,"2.175",,,,,100,,,,,,,
4,827620,"Shirk, Jake",15,26.7,0,0,,0,0,,,0,1,,,1485,85.2,84.28,0,1,3,-0.9000000000000057,5.82,125,146,121,151,293,326,300,"0.226","-0.226",,,,1,0,0,0,0,0,1,100,0,0,"2.74","0.42","1.16","-1.16","88.0",4,,,,5.42,-2.26,0.01,1.86,0,,"-5.65",,,"5.65",,,,,0,,,,,,,
4,695026,"Wu-Yelland, Jeremy",83,4.8,,,,,,,,,,,,1785,88.5,87.65,0,0,4,-0.7999999999999972,5.7,94,151,117,145,293,319,282,"-0.198","0.198",,,,,,,,,,,,,,"2.4","0.5","1.32","-1.32",,,,,,5.47,2.63,-0.27,1.09,,,"4.95",,,"-4.95",,,,,,,,,,,,
4,682445,"Gonzalez, Domingo",60,6.7,0,0,0,0,0,,,0,1,89.6,71,1903,86.9,86.95,0,2,2,0,6.25,114,147,113,151,294,324,314,"0.265","-0.265",,,,1,1,0,0,0,0,0,0,0,0,"2.47","0.54","1.24","-1.24","88.8",208,0,0,0,4.73,-1.96,-0.41,2.88,0,0,"-6.625",,,"6.625",,,,,0,,,,,,,
4,695327,"Heid, Dylan",26,15.4,,,,,0.698,,,0,0,,,1788,80.9,81.63,0,0,4,0.6999999999999886,6.82,127,146,123,152,290,324,290,"-0.343","0.343",,,,1,0,0,0,0,0,0,0,1,100,"2.63","0.86","1.06","-1.06",,,,,,5.79,-0.35,-0.44,2.5,1,,"8.575",,,"-8.575",,,,,,,,,,,,
4,684049,"Bidois, Brandan",29,13.8,0,0,,0,0,,,0,3,,,1785,91.6,91.82,4,4,0,0.20000000000000284,6.65,101,151,126,149,300,319,275,"0.555","-0.555",,,,3,0,0,0,0,0,3,100,0,0,"2.34","0.4","1.18","-0.48","88.0",,,,,6.12,-1,-0.52,1.42,0,,"-13.875",,,"13.875",,,,,100,,,,,,,
4,669081,"Dashwood, Jack",22,18.2,0,0,0,0,0,,,0,1,97,48,1621,86.3,86.63,0,2,2,0.29999999999999716,6.58,117,152,127,149,285,322,292,"0.239","-0.239",,,,1,1,0,0,0,0,0,0,0,0,"2.54","0.54","0.95","-0.51","92.5",208,100,0,0,6.29,1.71,-0.41,1.77,0,0,"-5.975",,,"5.975",,,,,0,,,,,,,
4,646242,"Díaz, Jhonathan",38,10.5,0,0,0,0,0,,,0,1,79.3,40,1844,79.6,79.35,0,2,2,-0.09999999999999432,5.92,115,154,116,148,299,316,286,"0.316","-0.316",,,,1,1,0,0,0,0,0,0,0,0,"3.53","0.05","0.95","-0.95","97.4",269,0,0,0,5.66,3.11,0.32,2.58,0,0,"-7.9",,,"7.9",,,,,0,,,,,,,
4,806334,"Amalfi, Alex",42,9.5,,,,,,,,,,,,841,82.7,83.17,1,1,3,0.6000000000000085,6.6,116,146,131,154,277,317,295,"-0.104","0.104",,,,,,,,,,,,,,"2.64","0.7","0.62","-0.62",,,,,,6.04,-2.26,-1.12,2.45,,,"2.6",,,"-2.6",,,,,100,,,,,,,
4,688548,"Tellache, Nico",25,16,0,0,,0,0,,,0,1,,,1771,77.4,78.42,0,0,4,1,7,98,123,96,110,298,312,292,"0.359","-0.359",,,,1,0,0,0,0,0,1,100,0,0,"3.06","0.75","1.15","-1.15",,,,,,5.2,2.71,0.55,3.17,0,,"-8.975",,,"8.975",,,,,,,,,,,,
4,685377,"Tamarez, Misael",40,10,,,,,,,,,,,,1269,89.3,88.53,0,2,2,-0.7999999999999972,5.85,98,137,110,136,290,326,293,"-0.015","0.015",,,,,,,,,,,,,,"2.42","0.44","0.82","0.03","88.0",248,,,,6.23,-1.11,-0.81,4.12,,,"0.375",,,"-0.375",,,,,0,,,,,,,
4,812521,"Glassey, Joe",37,10.8,0,0,0,0,0,,,0,3,76.4,4.5,1003,86.7,87.85,1,3,1,1.0999999999999943,6.75,118,147,119,148,276,300,288,"0.57","-0.57",,,,3,2,0,0,0,0,1,33.3,0,0,"2.89","0.12","0.83","-0.58","96.0",67,50,0,0,5.41,-1.83,-0.62,2.23,0,0,"-14.25",,,"14.25",,,,,33.3,,,,,,,
4,680724,"Ras, Tyler",46,8.7,,,,,,,,,,,,1720,86.2,85.92,1,1,3,-0.29999999999999716,6.03,105,145,106,145,293,329,314,"-0.096","0.096",,,,,,,,,,,,,,"2.37","0.7","0.98","-0.98",,,,,,5.94,-1.81,0.38,0.51,,,"2.4",,,"-2.4",,,,,100,,,,,,,
4,695243,"Miller, Mason",75,5.3,,,,,,,,,,,,2110,94.7,95.15,0,1,3,0.3999999999999915,6.45,131,148,125,154,284,320,314,"-0.123","0.123",,,,,,,,,,,,,,"2.36","0.17","1.2","-1.2","88.0",3,,,,6.28,-2.02,0.4,1.03,,,"3.075",,,"-3.075",,,,,0,,,,,,,
4,836071,"Shunck, RJ",32,12.5,0,0,,0,0,,,0,1,,,1736,85.8,,2,2,2,,,120,149,131,152,275,322,279,"0.023","-0.023",,,,1,0,0,0,0,0,1,100,0,0,"2.26","0.85","1.1","0",,,,,,5.03,1.91,-0.11,1.47,0,,"-0.575",,,"0.575",,,,,100,,,,,,,
4,692179,"Ireland, Thomas",13,30.8,0,0,0,0,0,,,0,2,104.2,-1,1776,83.7,82.85,1,3,1,-0.9000000000000057,5.7,112,149,109,148,297,316,289,"0.551","-0.551",,,,2,1,0,0,0,0,1,50,0,0,"2.93","0.33","1.1","-0.45","96.1",19,100,0,0,5.17,1.81,-0.02,1.41,0,0,"-13.775",,,"13.775",,,,,33.3,,,,,,,
4,687856,"Bash, Andrew",46,8.7,0,0,0,0,0,,,0,1,91.7,-5,1839,87.5,86.97,0,1,3,-0.5,6.28,87,142,115,144,292,329,304,"0.158","-0.158",,,,1,1,0,0,0,0,0,0,0,0,"2.75","0.25","1.55","-1.55","91.7",24,0,0,0,5.46,-2.52,-0.07,1.64,0,0,"-3.95",,,"3.95",,,,,0,,,,,,,
4,593958,"Rodriguez, Eduardo",31,12.9,0.333,0,0.333,0.333,0.297,,,1,3,93,-3.7,1916,86.7,86.7,0,3,1,0,6.32,120,152,105,149,298,314,303,"-0.086","0.086",,,,3,3,1,0,0,0,0,0,0,0,"2.43","0.61","1.23","-1.23","98.1",89,66.66666666666666,0,0,5.97,1.46,0.52,1.63,0.333,0,"2.15",,,"-2.15",,,,,0,,,,,,,
4,692447,"Magdaleno, Bryan",7,57.1,0,0,,0,0.365,,,0,1,,,2045,90.1,90.2,1,1,3,0.10000000000000853,6.45,116,147,96,153,296,317,305,"-0.023","0.023",,,,2,0,0,0,0,0,1,50,0,0,"2.22","0.6","1.32","1.32",,,,,,5.38,2.33,0.75,1.64,0.5,,"0.575",,,"-0.575",,,,,100,,,,,,,
4,800395,"Cruz, Nicolas",22,18.2,0,0,,0,0.349,,,0,1,,,1246,85.4,85.17,1,1,3,-0.20000000000000284,6.25,113,150,130,150,287,332,295,"-0.253","0.253",,,,2,0,0,0,0,0,1,50,1,50,"2.98","0.16","0.95","-0.46",,,,,,5.56,-1.42,-1.38,2.62,0.5,,"6.325",,,"-6.325",,,,,100,,,,,,,
4,815590,"Lobus, Ryan",79,5.1,,,,,,,,,,,,997,84.7,84.83,1,1,3,0.09999999999999432,6.45,123,146,125,152,304,322,304,"-0.029","0.029",,,,,,,,,,,,,,"2.84","0.35","0.46","-0.46",,,,,,4.58,-3.36,-0.85,1.17,,,"0.725",,,"-0.725",,,,,100,,,,,,,
4,687087,"Prosecky, Michael",22,18.2,0,0,,0,0,,,0,1,,,1666,82,82.45,2,2,2,0.4000000000000057,6.28,106,147,116,143,302,317,279,"0.149","-0.149",,,,1,0,0,0,0,0,1,100,0,0,"3.11","0.24","0.89","-0.89",,,,,,5.95,1.31,0.64,1.63,0,,"-3.725",,,"3.725",,,,,100,,,,,,,
4,702566,"Murphy, Owen",62,6.5,0,0,0,0,0,,,0,2,84.2,21,1130,84.7,84.6,1,2,2,-0.10000000000000853,6.22,117,146,139,153,289,323,286,"0.421","-0.421",,,,2,1,0,0,0,0,1,50,0,0,"2.63","0.55","0.7","-0.7","88.0",275,0,0,0,5.48,-1.1,0.4,1.6,0,0,"-10.525",,,"10.525",,,,,50,,,,,,,
4,696131,"Black, Mason",124,3.2,0,0,0,0,0,,,0,2,98.2,-3,1600,89.2,90,0,3,1,0.7999999999999972,6.6,116,134,111,138,284,311,298,"0.549","-0.549",,,,2,2,0,0,0,0,0,0,0,0,"2.61","0.24","1.21","-0.46","105.3",130,50,50,50,5.13,-2.08,0.22,1.54,0,1,"-13.725",,,"13.725",,,,,0,,,,,,,
4,686769,"Acker, Dane",55,7.3,0.5,1.5,0,2,1.025,,,1,2,92.9,47.5,1447,86.8,86.8,0,3,1,0,6.35,105,145,107,147,279,304,302,"-1.297","1.297",,,,2,2,0,0,0,1,0,0,0,0,"2.51","0.52","1.03","-1.03","93.0",210,50,50,50,6.21,-0.47,-0.34,2.24,0.5,1,"32.425",,,"-32.425",,,,,0,,,,,,,
4,683155,"Estes, Joey",43,9.3,0,0,0,0,0,,,0,1,63.6,-39,1668,86.1,85.7,0,2,2,-0.3999999999999915,6.05,117,147,120,150,287,328,296,"0.312","-0.312",,,,1,1,0,0,0,0,0,0,0,0,"2.36","0.71","1.23","-1.23","88.0",100,0,0,0,5.72,-1.77,-1.1,2.52,0,0,"-7.8",,,"7.8",,,,,0,,,,,,,
4,801555,"Martinez, Izaak",30,13.3,1,0,1,1,0.89,,,1,1,82.6,17,1375,78.4,78.83,2,4,0,0.3999999999999915,6.43,100,150,120,146,303,323,292,"-0.205","0.205",,,,1,1,1,0,0,0,0,0,0,0,"3.15","0.54","0.78","-0.78","88.0",103,0,0,0,5.42,0.72,0.08,2.44,1,0,"5.125",,,"-5.125",,,,,50,,,,,,,
4,702622,"Herring, Griffin",18,22.2,,,,,,,,,,,,1245,83.3,83.83,0,0,4,0.5,6.88,99,134,103,130,298,317,296,"-0.039","0.039",,,,,,,,,,,,,,"2.73","0.58","0.9","-0.38",,,,,,5.85,1.38,-1.41,1.82,,,"0.975",,,"-0.975",,,,,,,,,,,,
4,828705,"Gillis, Tanner",58,6.9,,,,,,,,,,,,1521,87.3,87.92,0,1,3,0.6000000000000085,6.6,122,145,120,145,286,301,300,"-0.146","0.146",,,,,,,,,,,,,,"2.83","0.16","1.18","-1.18","107.4",4,,,,5.26,-2.83,0.54,0.79,,,"3.65",,,"-3.65",,,,,0,,,,,,,
4,687531,"Kempner, William",69,5.8,0,0,,0,0,,,0,1,,,1279,85.3,84.58,1,1,3,-0.7000000000000028,5.97,127,147,138,152,287,314,285,"0.022","-0.022",,,,1,0,0,0,0,0,1,100,0,0,"3.35","-0.2","0.84","-0.84",,,,,,4.33,-2.67,-0.45,1.31,0,,"-0.55",,,"0.55",,,,,100,,,,,,,
4,804948,"Stanifer, Gage",39,10.3,0,0,,0,0,,,0,1,,,1757,87.6,87.83,0,0,4,0.20000000000000284,6.15,115,143,119,145,282,306,290,"0.036","-0.036",,,,1,0,0,0,0,0,1,100,0,0,"2.29","0.65","1.19","-0.61",,,,,,5.82,-1.48,0.13,0.79,0,,"-0.9",,,"0.9",,,,,,,,,,,,
4,702047,"Cook, Alex",47,8.5,0,0,0,0,0,,,0,2,99,0,1353,88.2,88.7,0,2,2,0.5,6.6,103,150,120,146,296,309,283,"0.416","-0.416",,,,2,1,0,0,0,0,1,50,0,0,"2.55","0.38","0.86","0.86","93.5",27,100,0,0,5.69,-1.51,0.26,1.66,0,0,"-10.4",,,"10.4",,,,,0,,,,,,,
4,695239,"Ahlstrom, Robby",64,6.3,,,,,,,,,,,,1126,84.5,84.4,0,0,4,-0.09999999999999432,6.2,108,149,117,144,297,325,298,"-0.246","0.246",,,,,,,,,,,,,,"2.51","0.68","0.62","-0.62",,,,,,6.16,1.33,-0.28,2.68,,,"6.15",,,"-6.15",,,,,,,,,,,,
4,669020,"Rolison, Ryan",119,3.4,,,,,,,,,,,,1741,90.4,90.75,0,1,3,0.3999999999999915,6.55,113,151,111,149,291,321,306,"-0.102","0.102",,,,,,,,,,,,,,"2.45","0.35","0.68","-0.68",,,,,,5.75,2.21,-1.04,0.97,,,"2.55",,,"-2.55",,,,,0,,,,,,,
4,663681,"Bayless, Jarod",81,4.9,0.5,1.5,,2,1.025,,,1,2,105.6,28,1126,82.5,83.45,2,3,1,1.0999999999999943,6.8,115,145,126,151,280,307,291,"-0.899","0.899",,,,2,1,0,0,0,1,1,50,0,0,"3.06","0.28","0.8","-0.8","105.6",405,100,100,50,4.24,-3.08,-0.18,2.42,0.5,1,"22.475",,,"-22.475",,,,,66.7,,,,,,,
4,687857,"Ryan, Sam",29,13.8,,,,,,,,,,,,1079,85,84.55,1,1,3,-0.5,6.33,122,144,109,152,278,316,278,"-0.053","0.053",,,,,,,,,,,,,,"3.33","-0.13","1.15","-1.15",,,,,,5.52,-2.24,-0.56,1.54,,,"1.325",,,"-1.325",,,,,100,,,,,,,
4,664126,"Fairbanks, Pete",75,5.3,0.333,0.333,1,0.667,0.421,,,1,3,107.2,15,1856,93.1,92.75,2,3,1,-0.29999999999999716,6.2,124,148,127,153,277,314,284,"-0.4","0.4",,,,3,1,0,1,0,0,2,66.7,0,0,"1.97","0.67","1.3","-1.3","107.2",339,100,0,0,6.83,-1.04,-0.31,1.19,0.333,0,"10",,,"-10",,,,,66.7,,,,,,,
4,804619,"Klein, John",24,16.7,0,0,,0,0,,,0,1,,,1551,86.5,86.85,3,3,1,0.29999999999999716,6.75,,,,,,,,"0.234","-0.234",,,,1,0,0,0,0,0,1,100,0,0,"3.14","-0.06","1.18","-1.18",,,,,,5.87,-1.82,-0.69,1.88,0,,"-5.85",,,"5.85",,,,,100,,,,,,,
4,687941,"Gamboa, Alec",51,7.8,,,,,,,,,,,,891,85.3,85.7,0,1,3,0.4000000000000057,6.47,111,152,122,147,283,323,308,"-0.015","0.015",,,,,,,,,,,,,,"2.77","0.36","0.57","-0.57","88.0",3,,,,6.19,1.75,-0.62,1.07,,,"0.375",,,"-0.375",,,,,0,,,,,,,
4,815084,"Simon, Ben",56,7.1,0,0,,0,0,,,0,1,,,1320,88.8,89.33,0,1,3,0.5,6.47,120,149,122,149,288,314,291,"0.172","-0.172",,,,1,0,0,0,0,0,1,100,0,0,"2.48","0.39","1.17","0.04",,,,,,5.29,-2.21,-0.53,1.69,0,,"-4.3",,,"4.3",,,,,0,,,,,,,
4,832307,"Kartsonas, Jack",12,33.3,0,0,0,0,0,,,0,2,99.9,32,1300,87.5,89.15,1,2,2,1.7000000000000028,7.2,110,146,120,149,295,319,287,"0.364","-0.364",,,,2,1,0,0,0,0,1,50,0,0,"2.7","0.27","1.12","-0.6","99.9",382,100,100,50,5.55,-1.81,-0.11,2.36,0,1,"-9.1",,,"9.1",,,,,50,,,,,,,
4,686762,"Roberts, Austin",26,15.4,0,0,0,0,0,,,0,1,91.3,56,1511,87.5,87.57,2,3,1,0.09999999999999432,6.28,114,149,122,151,303,317,298,"0.247","-0.247",,,,1,1,0,0,0,0,0,0,0,0,"2.46","0.51","1.24","-0.59","91.3",228,0,0,0,5.67,-2.51,-0.47,1.83,0,0,"-6.175",,,"6.175",,,,,66.7,,,,,,,
4,701474,"Davitt, Duncan",55,7.3,0,0,0,0,0,,,0,3,95.3,-16,1686,88,89.32,2,3,1,1.2999999999999972,7.13,117,147,127,148,288,333,303,"0.639","-0.639",,,,3,1,0,0,0,0,2,66.7,0,0,"2.86","0.09","0.93","-0.93","95.3",8,100,0,0,5.03,-2.15,0.27,1.58,0,0,"-15.975",,,"15.975",,,,,66.7,,,,,,,
4,702418,"Reynoso, Juan",10,40,0,0,,0,0,,,0,1,,,1355,85,86.05,3,3,1,1.0999999999999943,6.65,114,131,106,133,262,288,285,"0.475","-0.475",,,,1,0,0,0,0,0,1,100,0,0,"2.91","0.21","0.71","-0.71",,,,,,5.49,-0.84,0.11,0.95,0,,"-11.875",,,"11.875",,,,,100,,,,,,,
4,702578,"McCoy, Kyle",21,19,,,,,,,,,,,,1533,89.5,90.42,0,0,4,0.9000000000000057,6.67,113,151,118,149,290,331,278,"-0.154","0.154",,,,,,,,,,,,,,"2.75","0.08","1.34","-1.34",,,,,,5.29,3.04,0.11,1,,,"3.85",,,"-3.85",,,,,,,,,,,,
4,642239,"Zastryzny, Rob",26,15.4,0,0,0,0,0,,,0,2,72.1,83,1294,82.7,83.38,1,4,0,0.7000000000000028,6.57,100,152,116,144,300,324,302,"0.463","-0.463",,,,2,1,0,0,0,0,1,50,0,0,"3.06","0.25","0.6","-0.6","88.0",31,0,0,0,5.55,2,0.55,1.86,0,0,"-11.575",,,"11.575",,,,,25,,,,,,,
4,687905,"Floyd, Taylor",25,16,0.5,0.5,1,1,0.631,,,1,2,109.1,14,1542,83.5,83.55,1,2,2,0,6.53,118,149,114,148,281,325,310,"-0.636","0.636",,,,2,1,0,1,0,0,1,50,0,0,"3.4","-0.1","0.84","-0.84","109.1",238,100,0,0,5,-2.13,-0.91,1.97,0.5,0,"15.9",,,"-15.9",,,,,50,,,,,,,
4,813866,"Zaffiro, Cole",13,30.8,0,0,0,0,0,,,0,1,79.5,66,1968,80.3,80.63,1,2,2,0.29999999999999716,6.45,,,,,,,,"0.296","-0.296",,,,1,1,0,0,0,0,0,0,0,0,"2.96","0.56","1.25","-1.25","88.0",141,0,0,0,5.77,-1.21,-1.18,2.92,0,0,"-7.4",,,"7.4",,,,,50,,,,,,,
4,690939,"Noland, Connor",105,3.8,0,0,0,0,0,,,0,1,100.4,-16,1327,87.9,88.5,0,2,2,0.5999999999999943,6.65,120,148,124,153,277,328,319,"0.162","-0.162",,,,1,1,0,0,0,0,0,0,0,0,"2.65","0.3","0.7","-0.7","94.2",5,100,0,0,6.07,-2.68,-0.35,1.11,0,0,"-4.05",,,"4.05",,,,,0,,,,,,,
4,695063,"Beal, Noah",17,23.5,0,0,0,0,0,,,0,3,50.3,-65,1537,85.6,85.5,2,3,1,-0.09999999999999432,6.4,107,149,129,149,282,319,280,"0.609","-0.609",,,,3,1,0,0,0,0,2,66.7,0,0,"3.15","-0.02","1.09","-0.49","88.0",1,0,0,0,6.14,-2.51,0.3,0.78,0,0,"-15.225",,,"15.225",,,,,66.7,,,,,,,
4,701370,"Ortiz, JeanPierre",24,16.7,,,,,0.698,,,0,0,,,1022,87.5,88.88,1,1,3,1.4000000000000057,6.93,99,146,131,152,286,312,297,"-0.305","0.305",,,,1,0,0,0,0,0,0,0,1,100,"2.65","0.3","0.96","-0.96",,,,,,5.42,-1.59,-0.11,1.3,1,,"7.625",,,"-7.625",,,,,100,,,,,,,
4,694372,"Seminaris, Adam",14,28.6,0,0,0,0,0,,,0,1,83.1,46,1284,85.1,85.52,1,2,2,0.4000000000000057,6.45,110,152,119,150,293,305,279,"0.142","-0.142",,,,1,1,0,0,0,0,0,0,0,0,"2.6","0.55","0.98","-0.19","88.0",401,0,0,0,5.46,1.48,0.88,2.15,0,0,"-3.55",,,"3.55",,,,,50,,,,,,,
3,815292,"Martinez-Gomez, Luis",17,17.6,,,,,,,,,,,,683,80.1,80.6,0,1,2,0.5,6.57,126,147,103,152,310,329,305,"-0.022","0.022",,,,,,,,,,,,,,"3.45","0.09","0.79","-0.79","88.0",,,,,5.41,-2.81,-1.51,2.33,,,"0.733333333",,,"-0.733333333",,,,,0,,,,,,,
3,687317,"Flesland III, Stu",18,16.7,0.5,0,0.5,0.5,0.445,,,1,2,93.1,12.5,1568,83.2,82.3,1,3,0,-0.9000000000000057,5.87,117,147,116,147,289,320,295,"-0.322","0.322",,,,2,2,1,0,0,0,0,0,0,0,"2.61","0.69","1.14","-1.14","95.3",204,50,0,0,6.14,3.21,0.12,2.42,0.5,0,"10.733333333",,,"-10.733333333",,,,,33.3,,,,,,,
3,837227,"Imai, Tatsuya",76,3.9,0,0,0,0,0,,,0,1,91.8,28,1831,86.2,86.1,0,1,2,-0.10000000000000853,5.97,127,147,123,154,277,318,289,"0.163","-0.163",,,,1,1,0,0,0,0,0,0,0,0,"2.46","0.58","1.26","-1.26","91.8",317,0,0,0,5.23,-1.8,0.51,1.37,0,0,"-5.433333333",,,"5.433333333",,,,,0,,,,,,,
3,677961,"Wilcox, Cole",133,2.3,0,0,0,0,0,,,0,1,81.3,-34,1780,89.9,89.8,0,1,2,-0.10000000000000853,6.27,101,142,129,150,290,319,299,"0.218","-0.218",,,,1,1,0,0,0,0,0,0,0,0,"3.1","-0.28","1.27","-1.27","88.0",2,0,0,0,5.72,-2.38,0.99,1.34,0,0,"-7.266666667",,,"7.266666667",,,,,0,,,,,,,
3,806258,"White, Thomas",28,10.7,0,0,0,0,0,,,0,2,77.6,1,1066,88,88.67,0,2,1,0.7000000000000028,6.67,102,130,110,124,300,321,280,"-0.286","0.286",,,,2,2,0,0,0,0,0,0,0,0,"2.66","0.29","0.99","-0.99","88.5",60,0,0,0,5.48,2.62,-0.49,1.24,0,0,"9.533333333",,,"-9.533333333",,,,,0,,,,,,,
3,605177,"Chafin, Andrew",102,2.9,0,0,0,0,0,,,0,1,101.7,39,1906,83,83.03,1,2,1,0,6.4,122,154,126,149,287,321,276,"0.26","-0.26",,,,1,1,0,0,0,0,0,0,0,0,"2.29","1.04","1.02","-1.02","101.7",369,100,0,0,6.34,1.9,0.17,2.01,0,0,"-8.666666667",,,"8.666666667",,,,,50,,,,,,,
3,800612,"Miller, Cole",18,16.7,,,,,0.698,,,0,0,,,1831,84.5,84.63,0,0,3,0.09999999999999432,6.5,111,143,113,153,291,319,297,"-0.469","0.469",,,,1,0,0,0,0,0,0,0,1,100,"2.56","0.64","1.05","-1.05",,,,,,5.62,-2.61,-1.81,3.81,1,,"15.633333333",,,"-15.633333333",,,,,,,,,,,,
3,690978,"Fulton, Dax",24,12.5,0,0,0,0,0,,,0,1,102.6,-19,1662,89.2,89.97,0,1,2,0.7999999999999972,6.7,109,148,122,147,284,315,287,"0.083","-0.083",,,,1,1,0,0,0,0,0,0,0,0,"2.61","0.25","1.31","-1.31","102.6",4,100,0,0,6.2,2.53,-0.05,1.11,0,0,"-2.766666667",,,"2.766666667",,,,,0,,,,,,,
3,695661,"McGuire, Logan",15,20,,,,,,,,,,,,2118,84.2,84.67,0,1,2,0.5,6.57,100,152,114,150,310,337,297,"0.04","-0.04",,,,,,,,,,,,,,"2.44","0.78","1.13","0.36","88.0",2,,,,5.82,-2.38,-0.57,2.93,,,"-1.333333333",,,"1.333333333",,,,,0,,,,,,,
3,804522,"Sanchez, Wilmy",26,11.5,0,0,0,0,0,,,0,2,86,47,1331,85.2,85.23,2,3,0,0,6.4,122,149,142,154,274,310,304,"0.517","-0.517",,,,2,1,0,0,0,0,1,50,0,0,"3.08","0.07","0.68","-0.68","88.0",234,0,0,0,5.67,-1.3,0.23,1.95,0,0,"-17.233333333",,,"17.233333333",,,,,66.7,,,,,,,
3,815143,"Vogatsky, Joe",27,11.1,,,,,,,,,,,,1599,82.9,81.4,0,2,1,-1.5,5.67,99,141,115,146,279,316,291,"0.05","-0.05",,,,,,,,,,,,,,"3.42","-0.06","1.26","-1.26","88.0",3,,,,4.99,-2.89,0.43,1.16,,,"-1.666666667",,,"1.666666667",,,,,0,,,,,,,
3,801453,"Stasio, Cole",21,14.3,0,0,0,0,0,,,0,1,61.2,74,1662,87.4,87.27,0,1,2,-0.10000000000000853,6.2,109,145,112,152,302,324,310,"0.059","-0.059",,,,1,1,0,0,0,0,0,0,0,0,"2.35","0.64","1.28","-1.28","88.0",80,0,0,0,5.53,-3.44,-0.86,1.51,0,0,"-1.966666667",,,"1.966666667",,,,,0,,,,,,,
3,657611,"Hill, Cam",41,7.3,0,0,,0,0.349,,,0,1,,,1862,87.5,87.63,1,1,2,0.09999999999999432,6.33,111,146,125,151,281,302,286,"-0.344","0.344",,,,2,0,0,0,0,0,1,50,1,50,"2.13","0.84","0.76","-0.76",,,,,,6.07,-1.55,-0.42,2.44,0.5,,"11.466666667",,,"-11.466666667",,,,,100,,,,,,,
3,702065,"Rozek, Aaron",63,4.8,,,,,,,,,,,,2106,82.5,81.47,0,1,2,-1,5.73,106,151,126,148,294,318,275,"-0.04","0.04",,,,,,,,,,,,,,"3.23","0.14","1.38","-1.38",,,,,,5.51,3.64,0.11,0.78,,,"1.333333333",,,"-1.333333333",,,,,0,,,,,,,
3,695380,"Hoppe, Alex",140,2.1,,,,,,,,,,,,1774,88.3,88.4,0,0,3,0.10000000000000853,6.37,112,147,136,149,289,321,313,"-0.089","0.089",,,,,,,,,,,,,,"2.69","0.24","1.54","-1.54",,,,,,5.79,-1.04,0.8,1.13,,,"2.966666667",,,"-2.966666667",,,,,,,,,,,,
3,811666,"Eagen, Daniel",63,4.8,,,,,,,,,,,,1447,89.2,89.03,0,0,3,-0.20000000000000284,6.23,125,147,127,154,306,325,305,"-0.041","0.041",,,,,,,,,,,,,,"1.95","0.93","1.13","-1.13",,,,,,6.61,-1.05,-0.35,1.15,,,"1.366666667",,,"-1.366666667",,,,,,,,,,,,
3,823226,"Harris, Zach",17,17.6,,,,,,,,,,,,1000,87.2,87.5,0,2,1,0.29999999999999716,6.4,87,149,110,151,296,304,295,"0.037","-0.037",,,,,,,,,,,,,,"3.07","-0.08","0.66","0.09","88.0",201,,,,5.23,-2.97,0.42,1.97,,,"-1.233333333",,,"1.233333333",,,,,0,,,,,,,
3,822416,"Adams, Cooper",56,5.4,,,,,,,,,,,,1598,89.5,89.27,0,1,2,-0.20000000000000284,6.03,105,148,120,150,294,316,286,"0.022","-0.022",,,,,,,,,,,,,,"2.85","-0.01","1.08","0.41","88.0",208,,,,5.28,-2.31,-0.5,2.39,,,"-0.733333333",,,"0.733333333",,,,,0,,,,,,,
3,699071,"Romero, Christian",14,21.4,,,,,,,,,,,,1099,86.8,87.27,1,1,2,0.5,6.43,121,150,119,151,300,316,291,"-0.016","0.016",,,,,,,,,,,,,,"2.72","0.29","0.52","-0.15",,,,,,5.88,-2.2,0.52,2.28,,,"0.533333333",,,"-0.533333333",,,,,100,,,,,,,
3,656786,"Mushinski, Parker",165,1.8,0,0,0,0,0,,,0,2,91.6,-18,1891,86.2,86.73,1,3,0,0.5,6.63,120,153,117,145,311,317,305,"0.5","-0.5",,,,2,2,0,0,0,0,0,0,0,0,"2.39","0.68","1.13","-1.13","97.2",15,50,0,0,5.48,1.99,0.49,2.17,0,0,"-16.666666667",,,"16.666666667",,,,,33.3,,,,,,,
3,660853,"De Los Santos, Enyel",11,27.3,0,0,,0,0.349,,,0,1,,,1880,84.9,85.6,1,1,2,0.6999999999999886,6.77,121,147,128,153,269,319,298,"-0.162","0.162",,,,2,0,0,0,0,0,1,50,1,50,"2.49","0.67","1.21","-1.21",,,,,,5.41,-2.12,-0.7,1.7,0.5,,"5.4",,,"-5.4",,,,,100,,,,,,,
3,804541,"Gill Hill, Gary",49,6.1,0.333,1,0,1.333,0.683,,,1,3,72.8,-14.5,1756,86.8,86.33,0,3,0,-0.5,6.47,124,148,126,153,291,317,300,"-0.746","0.746",,,,3,3,0,0,0,1,0,0,0,0,"2.72","0.36","1.07","-1.07","95.3",177,50,50,33.33333333333333,5.39,-1.98,-0.11,1.46,0.333,1,"24.866666667",,,"-24.866666667",,,,,0,,,,,,,
3,822636,"Reynolds, Cole",15,20,0,0,0,0,0,,,0,1,88.1,-27,1833,87.7,87.43,0,2,1,-0.29999999999999716,6.03,114,154,124,150,304,336,307,"0.279","-0.279",,,,1,1,0,0,0,0,0,0,0,0,"2.94","0.03","1.09","-1.09","88.1",3,0,0,0,5.38,2.9,1.28,2.24,0,0,"-9.3",,,"9.3",,,,,0,,,,,,,
3,824200,"Guardado, Jakob",16,18.8,0,0,0,0,0,,,0,1,106.8,-17,1635,81.3,80.97,0,1,2,-0.29999999999999716,6.1,94,147,99,149,298,319,316,"0.304","-0.304",,,,1,1,0,0,0,0,0,0,0,0,"2.9","0.56","1.04","-0.3","106.8",7,100,0,0,6.13,-0.9,0,1.52,0,0,"-10.133333333",,,"10.133333333",,,,,0,,,,,,,
3,678868,"Yean, Eddy",19,15.8,0,0,0,0,0,,,0,1,91.4,46,1968,90,90.47,1,3,0,0.5,6.33,127,146,116,152,283,324,269,"0.302","-0.302",,,,1,1,0,0,0,0,0,0,0,0,"2.01","0.78","1.15","-1.15","89.7",252,0,0,0,5.55,-1.63,-0.43,2.62,0,0,"-10.066666667",,,"10.066666667",,,,,33.3,,,,,,,
3,685396,"Peterson, Nate",14,21.4,,,,,,,,,,,,1915,83.7,83.47,0,0,3,-0.20000000000000284,6.03,101,152,118,149,296,336,308,"-0.121","0.121",,,,,,,,,,,,,,"2.93","0.32","0.97","-0.97",,,,,,5.48,2.03,1.35,2.2,,,"4.033333333",,,"-4.033333333",,,,,,,,,,,,
3,682981,"Diamond, Derek",56,5.4,,,,,,,,,,,,1555,82.7,83.5,0,1,2,0.7999999999999972,7.07,97,139,106,147,281,310,294,"-0.066","0.066",,,,,,,,,,,,,,"3.11","0.25","1.35","-1.35","88.0",119,,,,5.36,-2.47,-1.54,3.72,,,"2.2",,,"-2.2",,,,,0,,,,,,,
3,702274,"Shores, Chase",11,27.3,0,0,0,0,0,,,0,1,53.5,-32,1760,87.9,87.77,0,1,2,-0.10000000000000853,6.23,119,150,124,150,305,326,321,"0.332","-0.332",,,,1,1,0,0,0,0,0,0,0,0,"3.46","-0.5","0.85","-0.19","88.0",4,0,0,0,5.47,-2.51,0.21,1.54,0,0,"-11.066666667",,,"11.066666667",,,,,0,,,,,,,
3,666168,"Thompson, Mason",47,6.4,0,0,,0,0,,,0,1,,,1936,88.7,88.87,2,2,1,0.20000000000000284,6.57,122,144,125,154,291,312,303,"0.222","-0.222",,,,1,0,0,0,0,0,1,100,0,0,"2.54","0.38","1.29","-1.29",,,,,,5.59,-1.83,0.19,1.39,0,,"-7.4",,,"7.4",,,,,100,,,,,,,
3,687864,"Vanderhei, Ryan",22,13.6,0,0,,0,0,,,0,2,,,1613,84.9,85.47,2,2,1,0.5999999999999943,6.63,97,148,121,146,285,326,307,"0.361","-0.361",,,,2,0,0,0,0,0,2,100,0,0,"3","0.15","0.8","0.37",,,,,,5.91,-0.83,-0.54,1.04,0,,"-12.033333333",,,"12.033333333",,,,,100,,,,,,,
3,806585,"Dallas, Jack",51,5.9,1,0,1,1,0.89,,,1,1,94.4,16,1356,86.7,86.43,0,1,2,-0.29999999999999716,6.13,114,149,105,145,270,316,291,"-0.714","0.714",,,,1,1,1,0,0,0,0,0,0,0,"3.29","-0.26","0.83","-0.83","94.4",236,0,0,0,5.34,-3.3,-0.5,1.62,1,0,"23.8",,,"-23.8",,,,,0,,,,,,,
3,694383,"Moore, Grayson",31,9.7,,,,,,,,,,,,679,80,80.4,0,0,3,0.4000000000000057,6.6,99,148,117,153,294,330,317,"-0.179","0.179",,,,,,,,,,,,,,"3.18","0.39","0.63","-0.63",,,,,,6.3,-0.77,-0.93,2.11,,,"5.966666667",,,"-5.966666667",,,,,,,,,,,,
3,666148,"Fellows, Drake",27,11.1,1,0,1,1,0.89,,,1,1,48.1,-56,1553,84.6,85.5,0,1,2,0.9000000000000057,6.73,123,147,118,153,286,308,272,"-0.606","0.606",,,,1,1,1,0,0,0,0,0,0,0,"2.87","0.3","1.25","-1.25","88.0",1,0,0,0,5.78,-1.79,0.35,1.42,1,0,"20.2",,,"-20.2",,,,,0,,,,,,,
3,807723,"Johnson, Bjorn",24,12.5,,,,,0.698,,,0,0,,,1910,87,85.9,0,0,3,-1.0999999999999943,5.67,120,148,116,148,297,308,291,"-0.251","0.251",,,,1,0,0,0,0,0,0,0,1,100,"2.18","0.86","1.03","0.5",,,,,,6.28,-0.19,-0.38,2.14,1,,"8.366666667",,,"-8.366666667",,,,,,,,,,,,
3,668834,"McGee, Easton",152,2,,,,,,,,,,,,1949,86.5,87.07,0,1,2,0.5999999999999943,6.67,125,149,126,152,295,324,299,"-0.013","0.013",,,,,,,,,,,,,,"2.66","0.39","1.41","-1.41","88.0",185,,,,5.54,-1.52,-1.04,2.13,,,"0.433333333",,,"-0.433333333",,,,,0,,,,,,,
3,699062,"Ramirez, Kelvin",51,5.9,,,,,,,,,,,,980,85.8,85.8,0,0,3,0,6.07,121,148,118,150,289,327,294,"-0.184","0.184",,,,,,,,,,,,,,"2.72","0.35","0.53","-0.17",,,,,,6.59,-0.54,-1.09,2.08,,,"6.133333333",,,"-6.133333333",,,,,,,,,,,,
3,680743,"Cusick, Ryan",63,4.8,0,0,0,0,0,,,0,1,66.9,-54,1191,91.8,91.73,0,1,2,-0.09999999999999432,6.7,122,145,139,152,290,324,305,"0.065","-0.065",,,,1,1,0,0,0,0,0,0,0,0,"2.65","0.1","1.28","-1.28","88.0",1,0,0,0,6.07,-2.9,0.22,0.64,0,0,"-2.166666667",,,"2.166666667",,,,,0,,,,,,,
3,696146,"Smith, Hagen",73,4.1,0,0,,0,0,,,0,1,,,1714,88,89,1,2,1,1,6.77,96,140,121,141,298,329,289,"0.131","-0.131",,,,1,0,0,0,0,0,1,100,0,0,"2.53","0.4","1.29","-1.29","88.0",2,,,,5,2.9,0.47,2.05,0,,"-4.366666667",,,"4.366666667",,,,,50,,,,,,,
3,687033,"Lee, Zack",17,17.6,0,0,0,0,0,,,0,1,96.3,-8,1741,83.7,83.33,1,2,1,-0.4000000000000057,6.2,112,153,126,147,266,294,272,"0.207","-0.207",,,,1,1,0,0,0,0,0,0,0,0,"3.35","-0.08","1.4","1.4","96.3",17,100,0,0,4.98,-2.91,-1,2.53,0,0,"-6.9",,,"6.9",,,,,50,,,,,,,
3,682999,"Childers, Will",63,4.8,0,0,,0,0,,,0,1,,,2236,90.7,90.63,0,1,2,-0.10000000000000853,6.4,126,146,114,151,290,324,292,"0.208","-0.208",,,,1,0,0,0,0,0,1,100,0,0,"2.52","0.27","1.05","-1.05","88.0",170,,,,6.61,-0.82,-0.4,2.43,0,,"-6.933333333",,,"6.933333333",,,,,0,,,,,,,
3,692030,"Corniell, Jose",16,18.8,0,0,0,0,0,,,0,1,62.2,-26,1611,86.5,87.17,1,2,1,0.7000000000000028,6.9,99,143,118,152,310,322,314,"0.265","-0.265",,,,1,1,0,0,0,0,0,0,0,0,"2.44","0.63","1.08","-1.08","88.0",5,0,0,0,5.68,-1.49,-0.12,2.08,0,0,"-8.833333333",,,"8.833333333",,,,,50,,,,,,,
3,684665,"Murphy, Luke",25,12,0,0,,0,0,,,0,1,,,1416,90,90.03,1,2,1,0,6.47,87,144,125,147,293,318,308,"0.215","-0.215",,,,1,0,0,0,0,0,1,100,0,0,"2.64","0.19","1.21","-1.21",,,,,,5.79,-2.02,-0.94,1.63,0,,"-7.166666667",,,"7.166666667",,,,,50,,,,,,,
3,804973,"Rodriguez, Manuel",41,7.3,,,,,,,,,,,,2291,85.5,85.47,0,0,3,0,6.13,109,143,108,153,287,306,298,"-0.136","0.136",,,,,,,,,,,,,,"2.33","0.78","1.53","-1.53",,,,,,5.54,-2.22,-0.24,2.71,,,"4.533333333",,,"-4.533333333",,,,,,,,,,,,
3,687589,"Hamel, Dom",86,3.5,0,0,0,0,0,,,0,1,73.5,-33,1833,83.9,84.47,0,1,2,0.5999999999999943,6.67,99,146,121,151,279,319,289,"0.347","-0.347",,,,1,1,0,0,0,0,0,0,0,0,"2.61","0.63","1.31","-1.31","88.0",3,0,0,0,5.82,-1.6,0.08,1.81,0,0,"-11.566666667",,,"11.566666667",,,,,0,,,,,,,
3,689337,"Bowman, Kaleb",56,5.4,,,,,,,,,,,,1352,86.6,86.37,0,0,3,-0.19999999999998863,6.33,127,149,133,152,305,333,297,"-0.203","0.203",,,,,,,,,,,,,,"2.35","0.71","0.89","-0.89",,,,,,4.91,-2.92,-0.26,1.27,,,"6.766666667",,,"-6.766666667",,,,,,,,,,,,
3,805723,"Lyons, Jared",29,10.3,0.5,1.5,,2,1.025,,,1,2,94.8,30,1454,89.2,90,1,2,1,0.7999999999999972,6.57,118,147,125,152,295,315,289,"-1.013","1.013",,,,2,1,0,0,0,1,1,50,0,0,"2.7","0.15","1.16","-1.16","94.8",363,0,0,0,5.6,-1.44,0.01,2.62,0.5,0,"33.766666667",,,"-33.766666667",,,,,50,,,,,,,
3,805427,"Sommers, Drew",63,4.8,0,0,0,0,0.349,,,0,1,54.2,-68,1866,88.3,89.8,0,1,2,1.5,7.3,104,151,120,148,302,326,291,"-0.079","0.079",,,,2,1,0,0,0,0,0,0,1,50,"2.87","0.06","1.49","-1.49","88.0",1,0,0,0,4.63,3.02,1.49,1.82,0.5,0,"2.633333333",,,"-2.633333333",,,,,0,,,,,,,
3,702903,"Garcia, Saul",53,5.7,0.5,0,1,0.5,0.445,,,1,2,101.6,9,2166,86.8,86.1,0,1,2,-0.7000000000000028,5.97,120,149,113,143,293,329,305,"-0.349","0.349",,,,2,1,1,0,0,0,1,50,0,0,"2.7","0.34","1.42","-1.42","101.6",189,100,0,0,5.38,-2.08,-0.61,1.93,0.5,0,"11.633333333",,,"-11.633333333",,,,,0,,,,,,,
3,691908,"Velasquez, Giussepe",18,16.7,,,,,,,,,,,,1999,87.2,87.7,0,0,3,0.5,6.4,94,151,108,143,274,319,285,"0.085","-0.085",,,,,,,,,,,,,,"2.99","-0.02","0.7","-0.14",,,,,,5.29,-2.67,-0.62,1.77,,,"-2.833333333",,,"2.833333333",,,,,,,,,,,,
3,804530,"Dzierwa, Joseph",10,30,0,0,0,0,0,,,0,2,83.8,-36.5,1656,84.3,84.7,0,2,1,0.4000000000000057,6.63,118,147,123,150,280,305,287,"0.317","-0.317",,,,2,2,0,0,0,0,0,0,0,0,"2.83","0.38","1.03","0.33","96.4",6,50,0,0,5.5,1.41,-0.87,2.03,0,0,"-10.566666667",,,"10.566666667",,,,,0,,,,,,,
3,670912,"Oviedo, Johan",260,1.2,0,0,,0,0,,,0,1,,,1892,87.9,89.23,1,1,2,1.2999999999999972,7.1,125,148,117,154,284,310,303,"0.103","-0.103",,,,1,0,0,0,0,0,1,100,0,0,"2.02","0.93","1.31","-1.31",,,,,,5.59,-3.02,-1.37,2.13,0,,"-3.433333333",,,"3.433333333",,,,,100,,,,,,,
3,685321,"Bierman, Gabe",11,27.3,0,0,0,0,0.349,,,0,1,92.2,17,794,86.8,87.77,0,1,2,1,6.63,124,148,120,150,270,308,273,"-0.036","0.036",,,,2,1,0,0,0,0,0,0,1,50,"3.24","-0.25","0.98","-0.38","92.2",290,0,0,0,5.42,-2.39,-0.94,2.39,0.5,0,"1.2",,,"-1.2",,,,,0,,,,,,,
3,682240,"Jones, Stephen",87,3.4,,,,,,,,,,,,1528,87.2,87.47,0,0,3,0.29999999999999716,6.53,98,145,124,146,304,316,313,"-0.145","0.145",,,,,,,,,,,,,,"2.75","0.26","1.07","0.59",,,,,,5.66,-2.13,1.21,0.64,,,"4.833333333",,,"-4.833333333",,,,,,,,,,,,
3,695761,"Huggins, Kenya",33,9.1,0,0,0,0,0,,,0,1,90.5,-3,1842,87.6,89.33,0,1,2,1.7000000000000028,7.13,120,147,120,153,288,323,307,"0.204","-0.204",,,,1,1,0,0,0,0,0,0,0,0,"1.92","1.03","0.9","-0.9","90.5",20,0,0,0,6.27,-1.79,-0.33,3.19,0,0,"-6.8",,,"6.8",,,,,0,,,,,,,
3,677020,"Walker, Josh",51,5.9,,,,,,,,,,,,1910,85.4,86.9,0,0,3,1.5,7.2,97,147,117,141,290,312,283,"0.009","-0.009",,,,,,,,,,,,,,"2.43","0.69","0.91","-0.91",,,,,,6.08,2.54,-0.18,2.44,,,"-0.3",,,"0.3",,,,,,,,,,,,
3,701884,"Ellerts, Magnus",33,9.1,,,,,,,,,,,,1745,90.8,91.83,0,0,3,1,6.8,123,147,129,153,287,327,296,"0.013","-0.013",,,,,,,,,,,,,,"2.15","0.61","1.2","-1.2",,,,,,5.76,-2.24,0.82,1.13,,,"-0.433333333",,,"0.433333333",,,,,,,,,,,,
3,695835,"Núñez, Edwin",26,11.5,0,0,0,0,0,,,0,1,97.4,25,2663,85.6,86.3,0,1,2,0.7000000000000028,6.37,110,154,122,147,308,326,292,"0.188","-0.188",,,,1,1,0,0,0,0,0,0,0,0,"2.67","0.4","-0.19","-0.23","97.4",366,100,0,0,5.56,-2.4,-0.29,2.51,0,0,"-6.266666667",,,"6.266666667",,,,,0,,,,,,,
3,690667,"Dombroski, Trey",31,9.7,0,0,0,0,0,,,0,2,83.9,14.5,1357,81.6,81.15,0,2,1,-0.3999999999999915,6.13,93,147,125,145,294,320,274,"0.376","-0.376",,,,2,2,0,0,0,0,0,0,0,0,"2.83","0.57","1.2","-1.2","88.0",10,0,0,0,6.22,1.3,0.76,2.38,0,0,"-12.533333333",,,"12.533333333",,,,,0,,,,,,,
3,700675,"Kingsbury, Jimmy",86,3.5,0.5,0.5,0.5,1,0.631,,,1,2,86.5,14,1565,83,82.53,0,2,1,-0.5,6.03,124,145,112,149,288,328,307,"-0.476","0.476",,,,2,2,0,1,0,0,0,0,0,0,"3.44","-0.12","0.95","-0.95","96.6",162,50,0,0,4.98,-0.99,-0.17,2.37,0.5,0,"15.866666667",,,"-15.866666667",,,,,0,,,,,,,
2,680212,"Larkin, Conor",16,12.5,,,,,,,,,,,,2094,89.2,88.75,0,0,2,-0.4000000000000057,6.25,88,147,98,151,289,326,284,"0.007","-0.007",,,,,,,,,,,,,,"2.98","-0.08","1.36","-1.36",,,,,,4.95,-1.85,0.32,1.83,,,"-0.35",,,"0.35",,,,,,,,,,,,
2,674022,"Ruffcorn, Jason",34,5.9,,,,,,,,,,,,1152,84.2,82.95,0,0,2,-1.2999999999999972,5.8,97,150,89,147,306,336,287,"-0.085","0.085",,,,,,,,,,,,,,"2.52","0.74","1.09","-0.01",,,,,,5.46,-3.27,0.75,1.07,,,"4.25",,,"-4.25",,,,,,,,,,,,
2,800811,"Kroeger, Jacob",53,3.8,,,,,,,,,,,,1531,86.4,86.7,1,1,1,0.4000000000000057,6.6,111,153,116,148,301,322,291,"0.02","-0.02",,,,,,,,,,,,,,"2.19","0.88","1.15","-1.15",,,,,,5.62,2.47,0.72,2.43,,,"-1",,,"1",,,,,100,,,,,,,
2,664129,"Hartlieb, Geoff",108,1.9,,,,,,,,,,,,2270,87.9,87.75,0,0,2,-0.10000000000000853,6.35,111,142,102,143,276,300,288,"-0.133","0.133",,,,,,,,,,,,,,"2.48","0.49","1.51","-1.51",,,,,,6.08,-2.71,-0.44,1.08,,,"6.65",,,"-6.65",,,,,,,,,,,,
2,802363,"Geber, Jordan",68,2.9,1,0,1,1,0.89,,,1,1,79.6,27,1095,88.9,88.8,0,1,1,0,6.3,111,136,119,138,292,314,291,"-0.661","0.661",,,,1,1,1,0,0,0,0,0,0,0,"2.76","0.13","1.26","0.05","88.0",271,0,0,0,5.17,-1.19,0.42,1,1,0,"33.05",,,"-33.05",,,,,0,,,,,,,
2,690462,"Castro, Ricky",22,9.1,,,,,,,,,,,,2058,84,83.75,0,0,2,-0.20000000000000284,6.3,126,146,132,152,288,330,270,"-0.122","0.122",,,,,,,,,,,,,,"2.74","0.51","1.03","-1.03",,,,,,5.82,-1.73,-0.98,1.4,,,"6.1",,,"-6.1",,,,,,,,,,,,
2,685464,"Winquest, Cade",177,1.1,1,0,1,1,0.89,,,1,1,80.2,18,1312,89.3,89.65,0,1,1,0.4000000000000057,6.65,87,145,132,145,271,326,279,"-0.514","0.514",,,,1,1,1,0,0,0,0,0,0,0,"2.61","0.27","0.89","-0.89","88.0",209,0,0,0,5.13,-1.31,-1.88,3.91,1,0,"25.7",,,"-25.7",,,,,0,,,,,,,
2,673662,"Ortiz, Robinson",107,1.9,,,,,,,,,,,,2064,89.1,87.75,1,1,1,-1.2999999999999972,5.7,114,150,123,147,291,319,299,"0.021","-0.021",,,,,,,,,,,,,,"2.37","0.53","1.63","-1.63",,,,,,5.45,2.44,0.83,1.39,,,"-1.05",,,"1.05",,,,,100,,,,,,,
2,695402,"Victor, Najer",91,2.2,,,,,,,,,,,,,87.7,88.2,0,0,2,0.5,6.75,120,145,119,150,297,319,301,"-0.149","0.149",,,,,,,,,,,,,,"1.98","0.99","0.9","-0.9",,,,,,6.44,-1.08,-0.88,1.87,,,"7.45",,,"-7.45",,,,,,,,,,,,
2,701213,"Brand, Jonathan",37,5.4,0,0,0,0,0,,,0,1,18.7,43,1785,84,83.95,0,2,0,0,6.15,104,148,122,148,297,321,304,"0.31","-0.31",,,,1,1,0,0,0,0,0,0,0,0,"3.22","0","0.96","-0.96","88.0",13,0,0,0,4.7,-1.65,-0.04,1.25,0,0,"-15.5",,,"15.5",,,,,0,,,,,,,
2,687765,"Spence, Mitch",108,1.9,,,,,,,,,,,,1868,86.3,85.3,0,0,2,-1,5.85,125,148,132,154,295,314,317,"0.027","-0.027",,,,,,,,,,,,,,"2.75","0.33","0.89","-0.89",,,,,,5.9,-2.24,-1.06,2.37,,,"-1.35",,,"1.35",,,,,,,,,,,,
2,691172,"Zulueta, Yosver",123,1.6,,,,,,,,,,,,1894,85.2,85.3,1,1,1,0.09999999999999432,6.25,122,146,130,152,297,319,312,"0.019","-0.019",,,,,,,,,,,,,,"2.53","0.59","1.3","-1.3",,,,,,5.33,-1.71,0.5,1.48,,,"-0.95",,,"0.95",,,,,100,,,,,,,
2,681256,"Mejia, Ian",29,6.9,,,,,,,,,,,,1172,85.3,85.55,0,0,2,0.29999999999999716,6.5,120,151,115,153,301,328,291,"-0.081","0.081",,,,,,,,,,,,,,"3.04","0.11","0.82","-0.02",,,,,,5.69,-1.38,-0.99,2.4,,,"4.05",,,"-4.05",,,,,,,,,,,,
2,815179,"Herberholz, Christian",9,22.2,0,0,,0,0,,,0,1,,,1316,88,87.35,1,2,0,-0.7000000000000028,6,112,154,129,149,296,300,281,"0.233","-0.233",,,,1,0,0,0,0,0,1,100,0,0,"2.78","0.17","1.42","1.42","88.0",2,,,,5.41,-1.44,0.52,1.47,0,,"-11.65",,,"11.65",,,,,50,,,,,,,
2,808986,"Hebbert, Duque",22,9.1,,,,,,,,,,,,1289,83.8,82.35,0,1,1,-1.5,5.4,104,125,103,125,290,327,291,"-0.015","0.015",,,,,,,,,,,,,,"2.73","0.53","1.25","1.25","88.0",138,,,,5.59,-2.17,-0.46,2.02,,,"0.75",,,"-0.75",,,,,0,,,,,,,
2,701488,"Phillips, Dylan",5,40,,,,,,,,,,,,1813,85.3,84.75,0,0,2,-0.5,5.8,112,153,120,150,316,316,312,"-0.085","0.085",,,,,,,,,,,,,,"2.51","0.62","1.18","-1.18",,,,,,5.38,2.46,0.77,1.55,,,"4.25",,,"-4.25",,,,,,,,,,,,
2,670241,"Vines, Darius",21,9.5,1,3,,4,2.05,,,1,1,107.1,26,1370,80.1,79.55,0,1,1,-0.5999999999999943,6.05,109,149,128,152,302,317,294,"-1.689","1.689",,,,1,1,0,0,0,1,0,0,0,0,"2.65","0.93","1.13","-0.13","107.1",439,100,100,100,6.22,-1.59,-0.79,2.75,1,1,"84.45",,,"-84.45",,,,,0,,,,,,,
2,702303,"Martin, Riley",96,2.1,0,0,,0,0,,,0,1,,,1575,90.9,89.65,0,0,2,-1.2000000000000028,5.6,96,152,121,148,309,331,306,"0.167","-0.167",,,,1,0,0,0,0,0,1,100,0,0,"2.37","0.39","0.87","-0.87",,,,,,6,2.56,0.09,1.96,0,,"-8.35",,,"8.35",,,,,,,,,,,,
2,694397,"Raya, Marco",58,3.4,,,,,,,,,,,,1951,91.3,91.3,0,0,2,0,6.2,,,,,,,,"-0.203","0.203",,,,,,,,,,,,,,"2.33","0.4","0.95","-0.95",,,,,,5.83,-0.77,-0.19,1.66,,,"10.15",,,"-10.15",,,,,,,,,,,,
2,804926,"Peterson, Austin",35,5.7,1,1,1,2,1.262,,,1,1,110,10,1570,88.2,89.75,0,1,1,1.5999999999999943,7.05,88,147,126,153,301,322,292,"-0.937","0.937",,,,1,1,0,1,0,0,0,0,0,0,"2.32","0.6","0.96","-0.96","110.0",183,100,0,0,5.76,-1.44,0.4,1.17,1,0,"46.85",,,"-46.85",,,,,0,,,,,,,
2,814481,"Hobbs, Carson",86,2.3,0,0,0,0,0,,,0,1,82.1,-26,1710,86.3,85.8,0,1,1,-0.5,5.95,105,147,131,152,295,330,299,"0.127","-0.127",,,,1,1,0,0,0,0,0,0,0,0,"1.85","1.2","0.84","-0.84","88.0",7,0,0,0,6.15,-1.77,-0.93,3.93,0,0,"-6.35",,,"6.35",,,,,0,,,,,,,
2,696522,"Juenger, Hayden",15,13.3,,,,,,,,,,,,2266,89.9,90.25,0,0,2,0.5,6.4,96,144,121,146,290,319,301,"-0.054","0.054",,,,,,,,,,,,,,"2.15","0.66","1.46","-0.05",,,,,,5.23,-1.31,0.83,0.99,,,"2.7",,,"-2.7",,,,,,,,,,,,
2,805892,"Altermatt, Nick",7,28.6,,,,,,,,,,,,1373,85.1,84.55,0,0,2,-0.5999999999999943,5.85,119,148,121,150,308,328,309,"0.024","-0.024",,,,,,,,,,,,,,"3.08","0.07","1.01","-1.01",,,,,,5.88,-0.34,1.13,2.09,,,"-1.2",,,"1.2",,,,,,,,,,,,
2,696059,"Simon, Johan",33,6.1,,,,,,,,,,,,1431,88.5,88.65,0,0,2,0.29999999999999716,6.55,115,152,122,148,289,329,281,"-0.142","0.142",,,,,,,,,,,,,,"2.46","0.47","1.31","-1.31",,,,,,5.79,2.46,1.41,2.72,,,"7.1",,,"-7.1",,,,,,,,,,,,
2,801754,"Palermo, Davison",18,11.1,1,3,,4,2.05,,,1,1,105.1,31,1407,81.2,81.15,0,1,1,0,6.4,107,149,120,152,285,337,299,"-2.271","2.271",,,,1,1,0,0,0,1,0,0,0,0,"3.32","0.16","1.23","-1.23","105.1",431,100,100,100,5.42,-3.24,-0.85,2.68,1,1,"113.55",,,"-113.55",,,,,0,,,,,,,
2,699707,"Pulido, Danyony",50,4,,,,,,,,,,,,965,84,83.45,0,0,2,-0.5999999999999943,6.15,114,150,110,151,290,322,296,"-0.063","0.063",,,,,,,,,,,,,,"3.17","0.08","0.75","-0.75",,,,,,5.74,-1.1,-0.56,0.93,,,"3.15",,,"-3.15",,,,,,,,,,,,
2,686599,"Brnovich, Kyle",24,8.3,,,,,,,,,,,,2192,85.5,85.8,1,1,1,0.3999999999999915,6.7,115,147,127,149,279,298,286,"0.014","-0.014",,,,,,,,,,,,,,"2.01","1.13","1.33","-1.33",,,,,,6.04,-1.95,0.18,1,,,"-0.7",,,"0.7",,,,,100,,,,,,,
2,801700,"DeVos, Nolan",42,4.8,,,,,,,,,,,,1749,87.2,87.55,1,1,1,0.29999999999999716,6.5,116,149,133,152,287,321,305,"-0.04","0.04",,,,,,,,,,,,,,"2.23","0.77","0.81","-0.81",,,,,,5.58,-1.21,-0.81,1.07,,,"2",,,"-2",,,,,100,,,,,,,
2,803292,"Peterson, Ben",30,6.7,0,0,0,0,0,,,0,2,99.2,-13,754,86.2,86.75,1,2,0,0.5999999999999943,6.65,130,147,125,154,287,325,304,"0.507","-0.507",,,,2,1,0,0,0,0,1,50,0,0,"2.97","0.1","0.7","-0.7","99.2",9,100,0,0,6.03,-0.34,-0.4,1.95,0,0,"-25.35",,,"25.35",,,,,50,,,,,,,
2,701552,"Granillo, Andre",137,1.5,,,,,,,,,,,,1968,88.3,87.55,0,1,1,-0.7999999999999972,6,118,148,121,151,286,323,297,"-0.007","0.007",,,,,,,,,,,,,,"2.06","0.9","1.2","-0.05","88.0",149,,,,6.4,-1.31,-0.82,3.17,,,"0.35",,,"-0.35",,,,,0,,,,,,,
2,828594,"Watson, Michael",45,4.4,,,,,,,,,,,,1298,84.5,83.7,0,0,2,-0.7999999999999972,6.6,99,149,120,148,288,309,287,"-0.096","0.096",,,,,,,,,,,,,,"2.83","0.35","1.3","-1.3",,,,,,4.8,2.4,0.86,1.32,,,"4.8",,,"-4.8",,,,,,,,,,,,
2,681007,"Cushing, Jack",47,4.3,,,,,,,,,,,,1581,86.3,85.45,0,0,2,-0.7999999999999972,6,126,148,117,144,284,344,295,"-0.07","0.07",,,,,,,,,,,,,,"2.7","0.4","1.03","-1.03",,,,,,5.69,-2.12,0.63,1.47,,,"3.5",,,"-3.5",,,,,,,,,,,,
2,663366,"Burrows, Beau",69,2.9,,,,,,,,,,,,1257,86,85.25,0,0,2,-0.6000000000000085,5.9,,,,,,,,"-0.053","0.053",,,,,,,,,,,,,,"2.65","0.44","0.66","-0.66",,,,,,5.31,-2.18,-0.49,1.56,,,"2.65",,,"-2.65",,,,,,,,,,,,
2,687547,"Ramsey, Ryan",8,25,,,,,,,,,,,,2062,80.3,79.65,1,1,1,-0.5999999999999943,5.7,123,154,118,148,301,315,282,"0.036","-0.036",,,,,,,,,,,,,,"2.9","0.63","0.85","-0.85",,,,,,6.13,1.24,0.4,1.74,,,"-1.8",,,"1.8",,,,,100,,,,,,,
2,800686,"Carlson, Parker",32,6.3,0,0,,0,0,,,0,1,,,1776,87.8,87.7,2,2,0,-0.09999999999999432,5.85,123,146,114,149,271,309,286,"0.247","-0.247",,,,1,0,0,0,0,0,1,100,0,0,"2.85","0.06","0.96","-0.96",,,,,,5.48,-1.34,-0.23,1.15,0,,"-12.35",,,"12.35",,,,,100,,,,,,,
2,692262,"Gutierrez, Roque",12,16.7,1,0,1,1,0.89,,,1,1,73.1,20,676,84.1,84,0,2,0,-0.09999999999999432,5.95,122,149,136,153,287,331,293,"-0.541","0.541",,,,1,1,1,0,0,0,0,0,0,0,"2.95","0.24","0.66","-0.66","88.0",115,0,0,0,5.91,-2.01,-0.6,1.51,1,0,"27.05",,,"-27.05",,,,,0,,,,,,,
2,681544,"Olds, Wyatt",141,1.4,0,0,0,0,0,,,0,1,91,4,1604,88.4,88.95,0,1,1,0.7000000000000028,6.35,123,146,127,154,273,306,304,"0.157","-0.157",,,,1,1,0,0,0,0,0,0,0,0,"2.55","0.33","0.98","-0.98","91.0",80,0,0,0,5.57,-2.12,-0.56,2.24,0,0,"-7.85",,,"7.85",,,,,0,,,,,,,
2,662253,"Muñoz, Andrés",80,2.5,,,,,0.729,,,0,0,,,1530,89.5,90,0,0,2,0.5,6.45,108,152,120,146,303,324,301,"-0.446","0.446",,,,1,0,0,0,0,0,0,0,0,0,"3.2","-0.37","0.94","0.94",,,,,,5.19,-3.17,-1.08,2.05,1,,"22.3",,,"-22.3",,,,,,,,,,,,
2,691799,"Taylor, Grant",159,1.3,,,,,,,,,,,,1675,93.7,95.5,0,0,2,1.7999999999999972,7.1,126,146,121,144,287,329,303,"-0.108","0.108",,,,,,,,,,,,,,"2.08","0.5","0.54","-0.54",,,,,,5.58,-1.01,-0.54,1.78,,,"5.4",,,"-5.4",,,,,,,,,,,,
2,811319,"Frey, Riley",35,5.7,,,,,,,,,,,,1527,85.8,86.95,0,0,2,1.2000000000000028,7,113,151,128,149,306,321,294,"-0.065","0.065",,,,,,,,,,,,,,"3.1","-0.01","1.01","-1.01",,,,,,5.31,3.92,1.24,1.46,,,"3.25",,,"-3.25",,,,,,,,,,,,
2,814837,"Cravey, Jacob",24,8.3,,,,,,,,,,,,1917,82.3,82.5,0,1,1,0.20000000000000284,6.6,86,137,124,147,283,310,286,"-0.043","0.043",,,,,,,,,,,,,,"2.52","0.87","1.12","-1.12","88.0",96,,,,6.36,-1.44,0.52,2.75,,,"2.15",,,"-2.15",,,,,0,,,,,,,
2,694360,"Way, Beck",56,3.6,,,,,,,,,,,,1695,90.6,90.4,0,0,2,-0.19999999999998863,6,126,146,115,154,275,311,171,"-0.112","0.112",,,,,,,,,,,,,,"2.8","-0.03","1.24","-1.24",,,,,,5.38,-2.16,-2.34,3.24,,,"5.6",,,"-5.6",,,,,,,,,,,,
2,700842,"Rivera, Eduardo",17,11.8,0,0,0,0,0,,,0,1,99.6,19,2110,89,89.9,0,1,1,0.9000000000000057,6.55,112,153,129,151,296,314,290,"0.186","-0.186",,,,1,1,0,0,0,0,0,0,0,0,"2.25","0.6","0.95","-0.95","99.6",337,100,0,0,6.58,1.69,0.68,2.85,0,0,"-9.3",,,"9.3",,,,,0,,,,,,,
2,683568,"Iriarte, Jairo",41,4.9,,,,,,,,,,,,2007,88,89.1,0,0,2,1.0999999999999943,7.05,87,144,123,148,298,330,299,"-0.106","0.106",,,,,,,,,,,,,,"2.67","0.29","1.07","-0.3",,,,,,5.38,-2.37,-0.18,1.66,,,"5.3",,,"-5.3",,,,,,,,,,,,
2,703596,"Milbrandt, Karson",34,5.9,,,,,,,,,,,,1697,90.4,90.55,0,0,2,0.20000000000000284,6.05,125,146,135,153,284,306,288,"-0.068","0.068",,,,,,,,,,,,,,"2.33","0.42","1.28","-1.28",,,,,,5.64,-2.48,-1.15,2.55,,,"3.4",,,"-3.4",,,,,,,,,,,,
2,806337,"Whorff, Jarret",38,5.3,,,,,,,,,,,,1687,86.1,86,0,0,2,-0.09999999999999432,6.4,127,145,120,154,277,311,276,"-0.052","0.052",,,,,,,,,,,,,,"2.61","0.48","1.23","-1.23",,,,,,5.77,-1.51,0.4,0.96,,,"2.6",,,"-2.6",,,,,,,,,,,,
2,814291,"Wosinski, Jacob",30,6.7,0,0,,0,0,,,0,1,,,1604,87.3,88.3,1,1,1,1,7.1,118,144,114,143,294,318,285,"0.184","-0.184",,,,1,0,0,0,0,0,1,100,0,0,"2.88","0.14","1.35","0.13",,,,,,5.09,-1.47,-0.95,2.27,0,,"-9.2",,,"9.2",,,,,100,,,,,,,
2,640470,"Alzolay, Adbert",30,6.7,0,0,0,0,0,,,0,2,89.6,3,2031,86.6,86.2,0,2,0,-0.3999999999999915,6.15,91,133,118,138,283,311,290,"0.448","-0.448",,,,2,2,0,0,0,0,0,0,0,0,"2.3","0.76","1.28","-1.28","93.0",176,50,0,0,5.87,-1.46,-0.26,2.1,0,0,"-22.4",,,"22.4",,,,,0,,,,,,,
2,682175,"Jacques, Joe",85,2.4,0,0,,0,0,,,0,1,,,1178,84.6,84.2,1,2,0,-0.3999999999999915,6.35,118,148,126,147,292,316,288,"0.233","-0.233",,,,1,0,0,0,0,0,1,100,0,0,"3.75","-0.54","0.48","-0.48",,,,,,4.47,2.84,-0.63,1.6,0,,"-11.65",,,"11.65",,,,,50,,,,,,,
2,800469,"Rivera, Bryan",46,4.3,,,,,,,,,,,,2045,84.8,84.1,0,0,2,-0.7000000000000028,5.8,127,147,126,153,278,322,306,"-0.135","0.135",,,,,,,,,,,,,,"2.43","0.73","1.23","-1.23",,,,,,5.75,-1.98,-1.91,3.12,,,"6.75",,,"-6.75",,,,,,,,,,,,
2,680686,"Gray, Josiah",71,2.8,,,,,,,,,,,,1593,84.4,83.35,1,1,1,-1.1000000000000085,5.65,126,148,133,154,302,328,293,"0","0",,,,,,,,,,,,,,"2.83","0.38","1.3","-1.3",,,,,,5.12,-1.73,-1.01,1.83,,,"0",,,"0",,,,,100,,,,,,,
2,801367,"Jachec, Matt",23,8.7,0,0,,0,0,,,0,2,,,1961,86.1,86.25,1,1,1,0.20000000000000284,6.2,122,147,120,154,293,316,298,"0.427","-0.427",,,,2,0,0,0,0,0,2,100,0,0,"2.93","0.13","1.08","-1.08",,,,,,5.56,-2.47,-0.99,2.47,0,,"-21.35",,,"21.35",,,,,100,,,,,,,
2,671936,"Macko, Adam",47,4.3,0,0,0,0,0,,,0,1,98.8,44,1528,85.3,85,0,2,0,-0.29999999999999716,5.9,87,144,111,144,343,322,269,"0.178","-0.178",,,,1,1,0,0,0,0,0,0,0,0,"2.52","0.59","1.07","-1.07","93.4",267,100,0,0,5.81,1.7,0.16,2,0,0,"-8.9",,,"8.9",,,,,0,,,,,,,
2,828494,"Achen, Cohen",46,4.3,1,1,1,2,1.262,,,1,1,106.3,20,1696,85.6,84.95,0,1,1,-0.6999999999999886,5.85,121,147,113,146,282,309,287,"-0.743","0.743",,,,1,1,0,1,0,0,0,0,0,0,"3.25","-0.13","1.35","-1.35","106.3",333,100,100,100,5.31,-1.67,-0.98,1.55,1,1,"37.15",,,"-37.15",,,,,0,,,,,,,
2,813609,"Lumpkin, Reese",47,4.3,0,0,0,0,0,,,0,2,73.2,-15.5,1847,85.3,85.4,0,2,0,0.10000000000000853,6.45,125,148,134,149,291,318,307,"0.383","-0.383",,,,2,2,0,0,0,0,0,0,0,0,"3.13","0.03","1.42","-1.42","88.0",39,0,0,0,5.15,-2.58,-1,2.15,0,0,"-19.15",,,"19.15",,,,,0,,,,,,,
2,811315,"Hopkins, Brody",52,3.8,,,,,,,,,,,,,90.8,,1,1,1,,,,,,,,,,"0.041","-0.041",,,,,,,,,,,,,,"2.39","0.4","1.52","0.01",,,,,,5.26,-1.84,-1.11,1.5,,,"-2.05",,,"2.05",,,,,100,,,,,,,
2,811139,"Santana, Sandro",36,5.6,,,,,,,,,,,,1991,89.5,87.6,0,0,2,-1.8000000000000114,5.6,86,153,130,150,307,329,288,"-0.15","0.15",,,,,,,,,,,,,,"2.95","-0.05","1.05","-1.05",,,,,,4.96,3.03,0.1,1.19,,,"7.5",,,"-7.5",,,,,,,,,,,,
2,809459,"Austin, Morris",23,8.7,,,,,,,,,,,,1670,86.1,86.4,0,0,2,0.4000000000000057,6.45,129,147,110,147,288,316,288,"-0.002","0.002",,,,,,,,,,,,,,"2.36","0.71","1.14","-1.14",,,,,,5.63,-1.35,-0.74,2.36,,,"0.1",,,"-0.1",,,,,,,,,,,,
2,701780,"McDougal, Tanner",107,1.9,,,,,0.729,,,0,0,,,1958,91.3,92.6,0,0,2,1.2999999999999972,6.9,125,147,125,150,299,324,308,"-0.566","0.566",,,,1,0,0,0,0,0,0,0,0,0,"2.08","0.64","1.22","-1.22",,,,,,5.53,-1.38,1.6,0.85,1,,"28.3",,,"-28.3",,,,,,,,,,,,
2,681977,"Smith, Jake",27,7.4,,,,,0.698,,,0,0,,,1610,87,85.55,0,0,2,-1.4000000000000057,5.55,128,150,133,152,274,320,286,"-0.133","0.133",,,,1,0,0,0,0,0,0,0,1,100,"2.95","0.09","0.91","-0.91",,,,,,5.69,-3.5,0.34,1.78,1,,"6.65",,,"-6.65",,,,,,,,,,,,
2,675848,"Mejia, Juan",64,3.1,,,,,,,,,,,,2052,92.8,91.7,0,1,1,-1.0999999999999943,5.8,125,147,125,153,298,315,304,"-0.064","0.064",,,,,,,,,,,,,,"1.83","0.83","1.01","-1.01","93.5",319,,,,6.05,-1.52,-0.16,1.54,,,"3.2",,,"-3.2",,,,,0,,,,,,,
2,683008,"Short, Avery",16,12.5,,,,,,,,,,,,1769,85.2,85.35,0,0,2,0.09999999999999432,6.1,123,152,121,151,310,323,310,"0.108","-0.108",,,,,,,,,,,,,,"2.37","0.74","0.89","-0.11",,,,,,5.82,2.66,0.5,2.47,,,"-5.4",,,"5.4",,,,,,,,,,,,
2,685290,"Barrera, Diego",9,22.2,0,0,,0,0,,,0,1,,,1802,79.9,79.95,1,1,1,0.10000000000000853,6.7,106,154,120,145,297,333,299,"0.137","-0.137",,,,1,0,0,0,0,0,1,100,0,0,"3.61","0","1.17","-1.17",,,,,,4.53,2.81,-0.88,1.36,0,,"-6.85",,,"6.85",,,,,100,,,,,,,
2,815048,"Trentadue, Josh",18,11.1,0,0,,0,0,,,0,1,,,1269,84.2,84.45,1,1,1,0.29999999999999716,6.35,88,150,117,146,297,311,287,"0.196","-0.196",,,,1,0,0,0,0,0,1,100,0,0,"3.1","0.1","0.95","-0.95",,,,,,5.1,2.7,1.61,2.34,0,,"-9.8",,,"9.8",,,,,100,,,,,,,
2,809933,"Brooks, Steven",35,5.7,1,0,1,1,0.89,,,1,1,99.2,-20,1307,89,90.05,0,1,1,1.0999999999999943,6.75,120,147,132,150,262,299,303,"-0.861","0.861",,,,1,1,1,0,0,0,0,0,0,0,"2.74","0.12","0.92","-0.92","99.2",6,100,0,0,5.62,-2.37,-0.77,1.13,1,0,"43.05",,,"-43.05",,,,,0,,,,,,,
2,688422,"Staine, Connor",30,6.7,,,,,,,,,,,,1541,87.4,87.35,0,0,2,-0.10000000000000853,6.35,121,145,116,152,292,311,305,"-0.088","0.088",,,,,,,,,,,,,,"2.35","0.64","0.84","-0.84",,,,,,5.7,-2.13,0.34,-0.58,,,"4.4",,,"-4.4",,,,,,,,,,,,
2,665959,"Mendoza, Abdiel",13,15.4,,,,,,,,,,,,1774,85.9,85.55,0,1,1,-0.30000000000001137,6.2,89,136,132,147,295,324,311,"-0.053","0.053",,,,,,,,,,,,,,"3.42","-0.31","1.2","-1.2","88.0",199,,,,5.02,-2.04,-1.06,1.6,,,"2.65",,,"-2.65",,,,,0,,,,,,,
2,694494,"Johnson, Ty",84,2.4,,,,,,,,,,,,2196,87.4,87.1,0,0,2,-0.20000000000000284,6.5,123,149,132,154,306,324,292,"-0.058","0.058",,,,,,,,,,,,,,"2.71","0.33","1.51","-1.51",,,,,,5.49,-1.87,-1.55,1.19,,,"2.9",,,"-2.9",,,,,,,,,,,,
2,593576,"Neris, Héctor",122,1.6,,,,,,,,,,,,2095,87,86.5,0,0,2,-0.5,6.2,117,155,127,149,296,310,292,"-0.09","0.09",,,,,,,,,,,,,,"2.67","0.36","0.51","0.51",,,,,,5.92,-2.27,0.68,0.21,,,"4.5",,,"-4.5",,,,,,,,,,,,
2,809229,"DeBerry, Jaron",28,7.1,,,,,,,,,,,,1718,87.7,88.85,0,0,2,1.0999999999999943,6.9,101,146,123,152,299,320,293,"-0.131","0.131",,,,,,,,,,,,,,"2.94","0.01","1.08","-1.08",,,,,,5.33,-2.21,-0.05,2.28,,,"6.55",,,"-6.55",,,,,,,,,,,,
2,675502,"Austin, Kelly",8,25,0,0,0,0,0,,,0,1,93.9,-5,1057,84.1,83.9,0,2,0,-0.19999999999998863,5.9,,,,,,,,"0.16","-0.16",,,,1,1,0,0,0,0,0,0,0,0,"2.21","0.98","0.19","0.19","90.9",164,0,0,0,6.52,-0.06,0.14,2.26,0,0,"-8",,,"8",,,,,0,,,,,,,
2,676534,"Faucher, Calvin",73,2.7,,,,,,,,,,,,1693,92.1,91.3,0,0,2,-0.7999999999999972,5.85,125,148,120,146,268,313,288,"0.024","-0.024",,,,,,,,,,,,,,"2.11","0.58","0.81","-0.81",,,,,,5.7,-1.47,0.46,0.35,,,"-1.2",,,"1.2",,,,,,,,,,,,
2,476594,"Stock, Robert",40,5,,,,,,,,,,,,1447,86.3,86.15,1,1,1,-0.09999999999999432,6.3,105,146,125,152,279,311,296,"0.027","-0.027",,,,,,,,,,,,,,"3.26","-0.19","1.37","-1.37",,,,,,4.63,-4.04,1.15,0.94,,,"-1.35",,,"1.35",,,,,100,,,,,,,
2,687040,"Diederich, Sayer",26,7.7,,,,,,,,,,,,2076,87.2,86.7,0,0,2,-0.5,6.15,112,150,123,147,307,311,272,"-0.098","0.098",,,,,,,,,,,,,,"3.19","-0.17","0.56","-0.56",,,,,,5.43,1.15,-0.44,1.3,,,"4.9",,,"-4.9",,,,,,,,,,,,
2,676254,"Walker, Ryan",80,2.5,0,0,,0,0,,,0,1,,,1552,90,89.05,0,0,2,-1,6,132,148,111,153,284,321,299,"0.222","-0.222",,,,1,0,0,0,0,0,1,100,0,0,"2.43","0.43","0.94","-0.94",,,,,,4.83,-3.63,-0.29,2.3,0,,"-11.1",,,"11.1",,,,,,,,,,,,
1,660600,"Paredes, Enoli",59,1.7,,,,,,,,,,,,1780,88.9,89.1,1,1,0,0.19999999999998863,6.3,120,147,113,146,283,307,300,"0.063","-0.063",,,,,,,,,,,,,,"2.12","0.76","1.13","-1.13",,,,,,5.24,-2.36,-0.38,2.18,,,"-6.3",,,"6.3",,,,,100,,,,,,,
1,657240,"Merryweather, Julian",13,7.7,,,,,,,,,,,,1626,80.8,81,0,0,1,0.20000000000000284,6.7,87,142,122,142,317,340,291,"-0.036","0.036",,,,,,,,,,,,,,"2.33","1.2","1.31","1.31",,,,,,6.3,-1.05,1.66,-0.38,,,"3.6",,,"-3.6",,,,,,,,,,,,
1,701329,"Rujano, Luis",15,6.7,,,,,,,,,,,,1104,87.2,87.3,0,0,1,0.09999999999999432,6.3,119,150,92,148,285,320,302,"-0.033","0.033",,,,,,,,,,,,,,"2.48","0.51","0.94","-0.94",,,,,,5.6,-2.08,0.59,0.51,,,"3.3",,,"-3.3",,,,,,,,,,,,
1,689608,"Powell, Walker",24,4.2,1,0,1,1,0.89,,,1,1,89.1,3,1497,82.7,83,0,1,0,0.29999999999999716,6.3,121,150,116,152,286,312,303,"-0.541","0.541",,,,1,1,1,0,0,0,0,0,0,0,"3.21","0.1","0.83","-0.83","89.1",65,0,0,0,5.99,-2.34,0.54,1.9,1,0,"54.1",,,"-54.1",,,,,0,,,,,,,
1,698962,"Estrada, Ricardo",10,10,,,,,,,,,,,,,87.3,,0,0,1,,,86,153,124,150,298,338,310,"-0.054","0.054",,,,,,,,,,,,,,"2.17","0.81","0.94","-0.94",,,,,,5.5,0.92,-0.95,1.04,,,"5.4",,,"-5.4",,,,,,,,,,,,
1,681306,"MacLeod, Christian",33,3,,,,,,,,,,,,1794,84.2,84,0,0,1,-0.20000000000000284,6.3,111,148,132,150,307,330,291,"0.041","-0.041",,,,,,,,,,,,,,"2.25","0.99","0.67","-0.67",,,,,,6.75,0.2,-0.1,1.94,,,"-4.1",,,"4.1",,,,,,,,,,,,
1,805149,"Delvecchio, Cody",18,5.6,,,,,,,,,,,,1397,87.9,86.1,0,0,1,-1.8000000000000114,5.5,120,149,131,153,286,329,298,"-0.047","0.047",,,,,,,,,,,,,,"2.78","0.22","0.96","-0.96",,,,,,5.75,-1.35,0.04,-0.65,,,"4.7",,,"-4.7",,,,,,,,,,,,
1,678163,"Magdic, Ryan",9,11.1,1,3,,4,2.05,,,1,1,111.7,20,1793,83.2,82.4,0,1,0,-0.7999999999999972,5.9,106,153,117,148,298,331,290,"-1.632","1.632",,,,1,1,0,0,0,1,0,0,0,0,"3.03","0.28","1.28","-1.28","111.7",424,100,100,100,6,2.67,0.29,2.56,1,1,"163.2",,,"-163.2",,,,,0,,,,,,,
1,814482,"Stumbo, Peyton",8,12.5,,,,,,,,,,,,1587,87.5,86.7,0,0,1,-0.7999999999999972,6.1,121,147,131,150,263,310,291,"-0.029","0.029",,,,,,,,,,,,,,"2.36","0.66","1.26","-1.26",,,,,,5.61,-1.58,-2.03,2.18,,,"2.9",,,"-2.9",,,,,,,,,,,,
1,675989,"Bolton, Cody",27,3.7,,,,,0.698,,,0,0,,,1835,89.2,88.1,0,0,1,-1.1000000000000085,5.9,108,154,117,146,315,344,308,"-0.362","0.362",,,,1,0,0,0,0,0,0,0,1,100,"2.86","0.03","1.44","1.44",,,,,,5.78,-2.19,1,0.62,1,,"36.2",,,"-36.2",,,,,,,,,,,,
1,656008,"Zabala, Aneurys",28,3.6,0,0,0,0,0,,,0,1,,,1593,90,89.6,0,1,0,-0.4000000000000057,6.1,108,153,117,149,312,325,306,"0.221","-0.221",,,,1,1,0,0,0,0,0,0,0,0,"2.3","0.52","0.94","0.94",,,,,,5.97,-2.42,-0.62,1.53,0,,"-22.1",,,"22.1",,,,,0,,,,,,,
1,660623,"Ynoa, Huascar",128,0.8,,,,,,,,,,,,1961,87,86.7,0,0,1,-0.29999999999999716,5.9,88,148,114,148,281,314,286,"-0.052","0.052",,,,,,,,,,,,,,"2.44","0.56","1.16","-1.16",,,,,,5.8,-2.01,-1.33,1.5,,,"5.2",,,"-5.2",,,,,,,,,,,,
1,679883,"Avila, Luinder",70,1.4,,,,,,,,,,,,2124,88.2,88.9,0,0,1,0.7000000000000028,6.5,124,148,143,154,284,314,303,"-0.029","0.029",,,,,,,,,,,,,,"2.54","0.37","1.29","-1.29",,,,,,5.95,-2.26,-1.92,4.01,,,"2.9",,,"-2.9",,,,,,,,,,,,
1,686745,"Peek, Zach",20,5,,,,,,,,,,,,2046,85.8,86.1,0,0,1,0.29999999999999716,6.7,125,146,121,152,266,309,284,"-0.057","0.057",,,,,,,,,,,,,,"2.14","0.98","1.44","-1.44",,,,,,5.77,-1.69,-0.32,0.58,,,"5.7",,,"-5.7",,,,,,,,,,,,
1,827610,"Cain, Brandon",28,3.6,,,,,,,,,,,,1853,86.8,87.3,0,0,1,0.5,6.1,124,148,116,148,294,316,270,"-0.073","0.073",,,,,,,,,,,,,,"2.64","0.34","1.27","-1.27",,,,,,5.53,-1.41,-1.63,2.29,,,"7.3",,,"-7.3",,,,,,,,,,,,
1,592826,"Velasquez, Vince",38,2.6,0,0,0,0,0,,,0,1,98.1,23,1724,88.8,89.1,0,1,0,0.29999999999999716,6.4,89,140,118,143,293,327,292,"0.234","-0.234",,,,1,1,0,0,0,0,0,0,0,0,"2.36","0.52","1.19","-1.19","98.1",341,100,0,0,5.6,-1.78,-0.37,1.75,0,0,"-23.4",,,"23.4",,,,,0,,,,,,,
1,682858,"Barbosa, Gabriel",9,11.1,,,,,,,,,,,,1406,88.5,87.9,0,0,1,-0.5999999999999943,5.8,114,146,124,149,272,301,284,"0.062","-0.062",,,,,,,,,,,,,,"2.57","0.33","1.13","-1.13",,,,,,5.66,-3.11,-0.84,2.68,,,"-6.2",,,"6.2",,,,,,,,,,,,
1,695560,"Kohn, Pico",15,6.7,,,,,,,,,,,,2308,84,83.8,0,0,1,-0.20000000000000284,6.3,,,,,,,,"-0.057","0.057",,,,,,,,,,,,,,"2.45","0.8","1.2","-1.2",,,,,,6.13,3.23,0.14,4.05,,,"5.7",,,"-5.7",,,,,,,,,,,,
1,622780,"Perdomo, Angel",18,5.6,,,,,,,,,,,,2069,87.7,88.1,0,0,1,0.3999999999999915,6.6,86,145,112,148,319,341,305,"-0.068","0.068",,,,,,,,,,,,,,"2.2","0.77","1.2","-1.2",,,,,,6.09,2.16,-1.93,-0.04,,,"6.8",,,"-6.8",,,,,,,,,,,,
1,803035,"Gowens, Riley",46,2.2,,,,,,,,,,,,2109,86.5,87.3,0,0,1,0.7999999999999972,6.7,121,147,136,154,288,323,300,"-0.081","0.081",,,,,,,,,,,,,,"2.32","0.71","1.54","-1.54",,,,,,5.28,-2.28,-1.99,2.53,,,"8.1",,,"-8.1",,,,,,,,,,,,
1,701549,"Nowlin, Jaylen",28,3.6,,,,,,,,,,,,2307,85.7,85.9,0,0,1,0.20000000000000284,6.6,,,,,,,,"-0.041","0.041",,,,,,,,,,,,,,"1.88","1.24","1.18","-1.18",,,,,,5.97,1.51,-1.08,1.17,,,"4.1",,,"-4.1",,,,,,,,,,,,
1,688214,"Jennings, Ryan",30,3.3,0,0,0,0,0,,,0,1,97.2,-6,1177,85.1,84.8,0,1,0,-0.29999999999999716,6.1,88,136,103,141,297,333,299,"0.222","-0.222",,,,1,1,0,0,0,0,0,0,0,0,"3.16","0","1.02","-1.02","97.2",21,100,0,0,5.47,-2.17,-0.62,2.74,0,0,"-22.2",,,"22.2",,,,,0,,,,,,,
1,814810,"Bickerstaff, Calvin",14,7.1,1,1,1,2,1.262,,,1,1,107.5,22,1097,78.3,78.2,0,1,0,-0.09999999999999432,6.6,89,144,129,151,285,324,295,"-0.867","0.867",,,,1,1,0,1,0,0,0,0,0,0,"3.58","0.18","0.58","-0.58","107.5",353,100,100,100,6.07,-1.6,-0.57,2.46,1,1,"86.7",,,"-86.7",,,,,0,,,,,,,
1,825932,"Zeigler, Draven",9,11.1,,,,,,,,,,,,1678,86.6,86.4,0,0,1,-0.19999999999998863,6.2,124,148,119,150,281,314,294,"-0.012","0.012",,,,,,,,,,,,,,"2.4","0.64","0.97","-0.97",,,,,,5.37,-1.75,-1.03,3.16,,,"1.2",,,"-1.2",,,,,,,,,,,,
1,665645,"Castro, Kervin",141,0.7,,,,,,,,,,,,1819,89.7,90.4,0,0,1,0.7000000000000028,6.6,130,149,149,154,286,326,284,"-0.111","0.111",,,,,,,,,,,,,,"1.77","1.05","1.09","-1.09",,,,,,5.86,-1.16,-0.15,1.33,,,"11.1",,,"-11.1",,,,,,,,,,,,
1,691548,"Muñoz, Rolddy",26,3.8,,,,,,,,,,,,1787,87.5,87.2,0,0,1,-0.29999999999999716,5.9,128,148,140,153,324,313,295,"0.062","-0.062",,,,,,,,,,,,,,"2.34","0.63","1.25","-1.25",,,,,,5.85,-2.12,-0.65,2.82,,,"-6.2",,,"6.2",,,,,,,,,,,,
1,695229,"Minacci, Camden",59,1.7,,,,,,,,,,,,1472,87.5,88.4,0,0,1,0.9000000000000057,6.8,123,149,135,153,287,312,292,"-0.019","0.019",,,,,,,,,,,,,,"2.15","0.82","1.07","-1.07",,,,,,5.58,-1.12,0.64,1,,,"1.9",,,"-1.9",,,,,,,,,,,,
1,807281,"Gregory-Alford, Trey",29,3.4,,,,,,,,,,,,1773,90.5,90,0,0,1,-0.5,6.2,127,150,118,152,278,294,294,"0.062","-0.062",,,,,,,,,,,,,,"2.3","0.5","1.31","-1.31",,,,,,5.64,-2.37,-0.55,1.41,,,"-6.2",,,"6.2",,,,,,,,,,,,
1,686470,"Hawks, Ryan",10,10,,,,,,,,,,,,2153,83.7,84.6,0,1,0,0.8999999999999915,6.5,123,145,109,152,299,330,307,"0.071","-0.071",,,,,,,,,,,,,,"2.93","0.28","1.4","-1.4","88.0",57,,,,4.97,-2.46,-1.08,2.11,,,"-7.1",,,"7.1",,,,,0,,,,,,,
1,670990,"Ramírez, Yohan",115,0.9,,,,,,,,,,,,1906,88.5,89.5,0,1,0,1,6.8,123,147,129,152,308,324,299,"0.05","-0.05",,,,,,,,,,,,,,"2.43","0.47","1.38","-1.38","88.0",3,,,,5.32,-1.51,0.4,1.54,,,"-5",,,"5",,,,,0,,,,,,,
1,699552,"Beckel, Brandon",18,5.6,,,,,,,,,,,,1648,87.7,87.6,0,0,1,-0.10000000000000853,6.6,114,152,119,149,285,308,273,"-0.033","0.033",,,,,,,,,,,,,,"2.27","0.73","1.37","1.37",,,,,,5.99,-1.21,2.03,-0.94,,,"3.3",,,"-3.3",,,,,,,,,,,,
1,683769,"Gaddis, Hunter",11,9.1,,,,,,,,,,,,2342,83.1,84.7,0,0,1,1.6000000000000085,7.7,,,,,,,,"-0.033","0.033",,,,,,,,,,,,,,"2.78","0.57","1.36","-1.36",,,,,,5.76,-2.48,0.6,0.57,,,"3.3",,,"-3.3",,,,,,,,,,,,
1,690440,"Hanner, Bradley",154,0.6,,,,,,,,,,,,2222,84.4,84.8,0,0,1,0.3999999999999915,6.4,121,146,123,153,278,293,284,"-0.012","0.012",,,,,,,,,,,,,,"2.9","0.28","1.48","-1.48",,,,,,5.13,-2.08,-1.39,3.82,,,"1.2",,,"-1.2",,,,,,,,,,,,
1,663399,"Waddell, Brandon",18,5.6,,,,,,,,,,,,1465,85,84.4,0,1,0,-0.5999999999999943,6,,,,,,,,"0.076","-0.076",,,,,,,,,,,,,,"2.39","0.77","1.08","-1.08","88.0",176,,,,5.94,2.6,0.33,2.06,,,"-7.6",,,"7.6",,,,,0,,,,,,,
1,669993,"Brito, Raul",52,1.9,,,,,,,,,,,,1406,89.6,90.3,0,0,1,0.7000000000000028,6.7,,,,,,,,"-0.036","0.036",,,,,,,,,,,,,,"2.67","0.18","0.3","-0.3",,,,,,5.41,-1.53,1.02,1.32,,,"3.6",,,"-3.6",,,,,,,,,,,,
1,703615,"Cabrera, Jose",25,4,,,,,,,,,,,,1544,86.8,87.2,0,0,1,0.4000000000000057,6.7,86,136,112,145,299,317,307,"-0.028","0.028",,,,,,,,,,,,,,"2.84","0.2","1.33","-1.33",,,,,,5.55,-2.04,-0.3,-0.1,,,"2.8",,,"-2.8",,,,,,,,,,,,
1,800485,"Torres, Wande",24,4.2,,,,,,,,,,,,1738,87.4,87.4,0,0,1,0,6.4,119,155,119,147,298,289,279,"-0.053","0.053",,,,,,,,,,,,,,"2.25","0.75","1.3","-1.3",,,,,,5.71,2.07,1.98,3.56,,,"5.3",,,"-5.3",,,,,,,,,,,,
1,679057,"Green, Mason",27,3.7,,,,,,,,,,,,1997,83.2,84.2,0,0,1,1,6.7,87,140,113,139,286,325,163,"-0.036","0.036",,,,,,,,,,,,,,"2.73","0.53","1.01","-1.01",,,,,,5,2.26,-0.34,0.13,,,"3.6",,,"-3.6",,,,,,,,,,,,
1,801221,"Garcia, Pedro",11,9.1,,,,,,,,,,,,1693,79.8,79.9,0,0,1,0.10000000000000853,6.4,122,149,113,147,309,320,301,"-0.023","0.023",,,,,,,,,,,,,,"3.13","0.45","0.72","-0.72",,,,,,5.99,-1.1,-1.53,3.94,,,"2.3",,,"-2.3",,,,,,,,,,,,
1,543037,"Cole, Gerrit",36,2.8,,,,,,,,,,,,1759,87.7,87.3,0,0,1,-0.4000000000000057,6.3,122,146,139,153,293,323,314,"-0.042","0.042",,,,,,,,,,,,,,"2.41","0.59","1.22","-1.22",,,,,,5.78,-2.53,0.29,1.04,,,"4.2",,,"-4.2",,,,,,,,,,,,
1,808750,"Hintz, Casey",22,4.5,,,,,,,,,,,,1346,88,87,0,0,1,-1,5.6,90,98,92,113,292,320,302,"-0.03","0.03",,,,,,,,,,,,,,"3.21","-0.28","0.92","-0.92",,,,,,4.49,-3.75,-1.69,1.45,,,"3",,,"-3",,,,,,,,,,,,
1,823748,"Hodges, Garrett",25,4,,,,,,,,,,,,1703,89.3,90.2,1,1,0,0.9000000000000057,6.7,126,148,108,151,298,332,303,"0.061","-0.061",,,,,,,,,,,,,,"3.19","-0.34","1.06","-1.06",,,,,,4.99,-2.88,-0.99,1.31,,,"-6.1",,,"6.1",,,,,100,,,,,,,
1,679693,"Coleman, Carson",93,1.1,,,,,,,,,,,,1479,89.1,88.6,0,0,1,-0.5,6.1,127,147,141,153,282,308,271,"-0.052","0.052",,,,,,,,,,,,,,"2.61","0.27","1.4","-1.4",,,,,,5.23,-2.13,0.5,0.6,,,"5.2",,,"-5.2",,,,,,,,,,,,
1,642100,"Speier, Gabe",39,2.6,,,,,,,,,,,,1558,89.7,89.1,0,0,1,-0.6000000000000085,5.9,114,152,121,148,315,318,293,"-0.041","0.041",,,,,,,,,,,,,,"2.39","0.43","1.11","-1.11",,,,,,5.65,2.02,0.84,3.06,,,"4.1",,,"-4.1",,,,,,,,,,,,
1,621074,"Rucker, Michael",110,0.9,,,,,,,,,,,,2390,92.9,92.5,0,0,1,-0.4000000000000057,6.2,117,150,123,148,293,330,312,"0.078","-0.078",,,,,,,,,,,,,,"2.56","0.09","1.01","1.01",,,,,,5.17,-2.12,0.24,2.44,,,"-7.8",,,"7.8",,,,,,,,,,,,
1,686623,"Labriola, P.J.",45,2.2,,,,,,,,,,,,1238,87.4,87.7,0,0,1,0.29999999999999716,6.7,,,,,,,,"-0.036","0.036",,,,,,,,,,,,,,"2.46","0.55","0.95","-0.95",,,,,,6.39,1.35,-0.11,0.18,,,"3.6",,,"-3.6",,,,,,,,,,,,
1,703440,"Howard, Dylan",31,3.2,0,0,0,0,0,,,0,1,40.5,-10,1846,83.7,83.3,0,1,0,-0.4000000000000057,6.2,118,148,144,155,313,316,285,"0.218","-0.218",,,,1,1,0,0,0,0,0,0,0,0,"2.54","0.73","1.44","-1.44","88.0",13,0,0,0,5.79,-2.09,-0.49,3.21,0,0,"-21.8",,,"21.8",,,,,0,,,,,,,
1,687721,"Weston, Cameron",80,1.3,,,,,,,,,,,,2428,83.7,82.8,0,0,1,-0.9000000000000057,6.2,128,148,121,154,327,346,303,"-0.033","0.033",,,,,,,,,,,,,,"3.21","0.1","1.95","-1.95",,,,,,4.46,-1.37,-2.38,2.26,,,"3.3",,,"-3.3",,,,,,,,,,,,
1,691774,"Carter, Irv",9,11.1,0,0,0,0,0,,,0,1,60.1,-44,1893,84.3,83.5,0,1,0,-0.7999999999999972,5.9,126,147,133,145,295,341,295,"0.216","-0.216",,,,1,1,0,0,0,0,0,0,0,0,"2.81","0.42","1.36","-1.36","88.0",2,0,0,0,5.62,-1.41,-0.11,1.75,0,0,"-21.6",,,"21.6",,,,,0,,,,,,,
1,826942,"Sloan, Ethan",11,9.1,,,,,,,,,,,,1613,83.8,83.5,1,1,0,-0.29999999999999716,5.8,118,148,133,151,298,332,304,"0.044","-0.044",,,,,,,,,,,,,,"2.75","0.46","1.24","1.24",,,,,,5.37,3.58,0.69,3.37,,,"-4.4",,,"4.4",,,,,100,,,,,,,
1,690736,"McGough, Trey",16,6.3,,,,,,,,,,,,2104,82.8,83,0,0,1,0.20000000000000284,6.5,88,132,106,126,297,309,276,"-0.048","0.048",,,,,,,,,,,,,,"3","0.34","1.29","-1.29",,,,,,5.63,1.63,-0.82,0.69,,,"4.8",,,"-4.8",,,,,,,,,,,,
1,700719,"De Jesus, Dairon",23,4.3,,,,,,,,,,,,1777,84.8,84.4,0,0,1,-0.3999999999999915,6.2,121,147,126,154,281,305,289,"-0.029","0.029",,,,,,,,,,,,,,"2.7","0.49","0.85","-0.85",,,,,,5.6,-1.62,-1.28,1.19,,,"2.9",,,"-2.9",,,,,,,,,,,,
1,804663,"Cleveland, Tyler",96,1,,,,,,,,,,,,1618,80.6,79.6,0,0,1,-1,5.7,122,147,111,152,278,319,287,"-0.017","0.017",,,,,,,,,,,,,,"3.88","-0.35","1.15","-1.15",,,,,,3.22,-4.49,-3.76,1.39,,,"1.7",,,"-1.7",,,,,,,,,,,,
1,811598,"Olmedo, Kleiber",9,11.1,0,0,0,0,0,,,0,1,94.3,53,2085,89.8,89.6,0,1,0,-0.20000000000000284,6.4,130,149,134,152,300,324,295,"0.221","-0.221",,,,1,1,0,0,0,0,0,0,0,0,"2.18","0.67","1.49","-1.49","94.3",299,0,0,0,5.84,-1.44,0.04,1.34,0,0,"-22.1",,,"22.1",,,,,0,,,,,,,
1,687202,"McLaughlin, Mark",16,6.3,1,0,1,1,0.89,,,1,1,108.7,12,1238,83.9,84,0,1,0,0.09999999999999432,6.5,120,147,136,149,301,336,309,"-0.417","0.417",,,,1,1,1,0,0,0,0,0,0,0,"2.67","0.58","1.21","-1.21","108.7",209,100,0,0,6.19,-1.53,0.11,2.92,1,0,"41.7",,,"-41.7",,,,,0,,,,,,,
1,811309,"Letson, Bishop",13,7.7,,,,,,,,,,,,1825,87.6,89.5,0,0,1,1.9000000000000057,7.2,127,148,144,151,293,317,302,"-0.019","0.019",,,,,,,,,,,,,,"2.37","0.57","1.42","-1.42",,,,,,5.21,-1.98,-1.21,2.05,,,"1.9",,,"-1.9",,,,,,,,,,,,
1,622075,"Almonte, Yency",22,4.5,,,,,,,,,,,,1990,86.8,87,0,0,1,0.20000000000000284,6.6,122,148,117,148,282,310,289,"-0.017","0.017",,,,,,,,,,,,,,"2.63","0.41","1.39","-1.39",,,,,,5.79,-1.32,1.84,0.32,,,"1.7",,,"-1.7",,,,,,,,,,,,
1,691721,"Kelley, Jared",22,4.5,,,,,,,,,,,,612,81.7,83,0,0,1,1.2999999999999972,7.1,130,149,117,153,300,324,296,"-0.062","0.062",,,,,,,,,,,,,,"3.11","0.3","1.07","-1.07",,,,,,6.07,-1.5,-2.6,4.08,,,"6.2",,,"-6.2",,,,,,,,,,,,
1,805783,"Nichols, Mason",9,11.1,,,,,,,,,,,,1795,86.6,86.1,0,0,1,-0.5,6.2,123,145,126,152,300,346,300,"-0.033","0.033",,,,,,,,,,,,,,"2.85","0.22","1.32","-1.32",,,,,,5.96,-1.42,-0.48,-0.28,,,"3.3",,,"-3.3",,,,,,,,,,,,
1,686463,"Schultz, Thomas",15,6.7,1,0,1,1,0.89,,,1,1,95,7,1247,86,87.2,0,1,0,1.2000000000000028,6.9,126,148,136,154,308,319,305,"-0.473","0.473",,,,1,1,1,0,0,0,0,0,0,0,"3.01","0.06","1.18","-1.18","95.0",114,100,0,0,6.04,-1.21,0.42,2.02,1,0,"47.3",,,"-47.3",,,,,0,,,,,,,
1,700380,"Loeschorn, Joshua",45,2.2,,,,,,,,,,,,1818,84.7,85.6,0,0,1,0.8999999999999915,7.1,123,149,134,152,294,312,256,"-0.012","0.012",,,,,,,,,,,,,,"2.87","0.33","1.19","-1.19",,,,,,5.1,-1.53,-1.55,2,,,"1.2",,,"-1.2",,,,,,,,,,,,
1,695256,"Mallitz, Josh",18,5.6,,,,,,,,,,,,1710,85.9,85.6,0,0,1,-0.30000000000001137,6.3,123,146,132,155,295,315,298,"-0.035","0.035",,,,,,,,,,,,,,"1.83","1.28","0.4","-0.4",,,,,,6.36,-1.2,0.94,0.73,,,"3.5",,,"-3.5",,,,,,,,,,,,
1,680702,"Gerber, Joey",27,3.7,,,,,,,,,,,,1929,87.1,87,0,0,1,-0.09999999999999432,6.3,124,148,119,153,268,316,299,"-0.057","0.057",,,,,,,,,,,,,,"2.3","0.71","1.44","-1.44",,,,,,5.15,-2.12,0.53,1.33,,,"5.7",,,"-5.7",,,,,,,,,,,,
1,686651,"Stoudt, Levi",23,4.3,,,,,,,,,,,,1517,87,87.1,0,0,1,0.09999999999999432,6.5,120,147,127,152,283,313,274,"-0.057","0.057",,,,,,,,,,,,,,"2.83","0.2","1.39","-1.39",,,,,,5.83,-0.93,-1.59,3.3,,,"5.7",,,"-5.7",,,,,,,,,,,,
1,595881,"Beede, Tyler",88,1.1,,,,,,,,,,,,1984,86.8,86.6,0,0,1,-0.20000000000000284,6.4,86,140,118,153,272,316,300,"-0.036","0.036",,,,,,,,,,,,,,"3","0.04","0.17","-0.17",,,,,,5.4,-1.56,0.93,1.43,,,"3.6",,,"-3.6",,,,,,,,,,,,
1,656755,"Montes de Oca, Bryce",64,1.6,,,,,,,,,,,,1790,88.1,87.3,1,1,0,-0.7999999999999972,6,124,146,132,153,275,315,298,"0.071","-0.071",,,,,,,,,,,,,,"3.16","-0.2","1.29","-1.29",,,,,,5.47,-2.18,-1.09,1.65,,,"-7.1",,,"7.1",,,,,100,,,,,,,
1,827526,"Kisting, Jacob",13,7.7,,,,,,,,,,,,866,83.3,82.9,0,0,1,-0.3999999999999915,6.1,115,154,121,148,293,331,286,"-0.021","0.021",,,,,,,,,,,,,,"3.63","-0.34","0.55","0.55",,,,,,5.73,-2.35,0.27,0.85,,,"2.1",,,"-2.1",,,,,,,,,,,,
1,815779,"Hillier, Cole",15,6.7,,,,,,,,,,,,1353,82.4,81.6,0,0,1,-0.8000000000000114,5.9,120,148,121,154,290,331,304,"-0.042","0.042",,,,,,,,,,,,,,"3.74","-0.36","1.08","-1.08",,,,,,4.45,-2.93,-0.51,1.17,,,"4.2",,,"-4.2",,,,,,,,,,,,
1,669434,"Emanuels, Stevie",23,4.3,,,,,,,,,,,,2093,87.4,87.2,0,1,0,-0.20000000000000284,6.3,124,149,113,152,298,326,303,"0.043","-0.043",,,,,,,,,,,,,,"2.46","0.53","1.35","-1.35","88.0",1,,,,6.32,-2.2,-0.3,1.85,,,"-4.3",,,"4.3",,,,,0,,,,,,,
1,701828,"Lunsford-Shenkman, Wyatt",13,7.7,,,,,,,,,,,,1515,85.6,84.8,0,0,1,-0.7999999999999972,5.7,113,140,112,140,294,321,296,"-0.025","0.025",,,,,,,,,,,,,,"2.76","0.34","1.31","1.31",,,,,,5.97,-1.14,-1.14,1.37,,,"2.5",,,"-2.5",,,,,,,,,,,,
1,668766,"File, Dylan",15,6.7,,,,,,,,,,,,1380,85.7,85.7,0,0,1,0,6.5,117,146,134,152,285,323,302,"-0.1","0.1",,,,,,,,,,,,,,"2.79","0.34","1.29","-1.29",,,,,,5.72,-2.48,0.8,0.28,,,"10",,,"-10",,,,,,,,,,,,
1,687911,"King, Bryan",84,1.2,,,,,,,,,,,,1933,85.2,85.2,1,1,0,0,5.9,90,154,101,147,267,281,302,"0.042","-0.042",,,,,,,,,,,,,,"1.9","1.2","0.6","0.6",,,,,,5.67,3,1.09,3.62,,,"-4.2",,,"4.2",,,,,100,,,,,,,
1,699223,"Aquino, Patricio",23,4.3,,,,,,,,,,,,1594,82.8,82.5,0,0,1,-0.29999999999999716,5.9,85,147,124,150,309,321,302,"-0.027","0.027",,,,,,,,,,,,,,"2.69","0.62","0.94","-0.94",,,,,,5.36,-2.69,-3.4,3.62,,,"2.7",,,"-2.7",,,,,,,,,,,,
1,693313,"Seymour, Carson",198,0.5,0,0,0,0,0,,,0,1,68.4,-50,2349,91.7,91.7,0,1,0,0,6.3,119,151,116,153,308,342,309,"0.449","-0.449",,,,1,1,0,0,0,0,0,0,0,0,"1.21","1.5","0.65","-0.65","88.0",1,0,0,0,6.17,-1.07,0.22,1.28,0,0,"-44.9",,,"44.9",,,,,0,,,,,,,
1,701388,"Cijntje, Jurrangelo",36,2.8,,,,,,,,,,,,1938,84,83.7,0,0,1,-0.29999999999999716,6.2,121,147,128,153,284,326,304,"-0.113","0.113",,,,,,,,,,,,,,"3.05","0.2","1.4","-1.4",,,,,,5.28,-1.68,-1.5,3.8,,,"11.3",,,"-11.3",,,,,,,,,,,,
1,809840,"Ashman, Micah",24,4.2,0,0,0,0,0,,,0,1,81.5,-9,1522,87.2,86.5,0,1,0,-0.7000000000000028,6.2,,,,,,,,"0.209","-0.209",,,,1,1,0,0,0,0,0,0,0,0,"2.4","0.63","0.85","-0.85","88.0",14,0,0,0,6.21,1.84,0.95,2.61,0,0,"-20.9",,,"20.9",,,,,0,,,,,,,
1,700400,"Ager, Matt",7,14.3,,,,,,,,,,,,1853,87.3,88.2,0,0,1,0.9000000000000057,6.8,119,149,132,152,287,321,290,"0.044","-0.044",,,,,,,,,,,,,,"2.57","0.41","1.02","-1.02",,,,,,6.18,-1.92,0.51,1.53,,,"-4.4",,,"4.4",,,,,,,,,,,,
1,688776,"Lancaster, Jackson",31,3.2,,,,,,,,,,,,2106,88.4,87.7,0,0,1,-0.7000000000000028,6.1,96,142,92,143,287,302,264,"-0.058","0.058",,,,,,,,,,,,,,"1.64","1.3","1.2","1.2",,,,,,5.98,1.01,-0.74,-0.04,,,"5.8",,,"-5.8",,,,,,,,,,,,
1,622694,"Hernández, Elieser",82,1.2,,,,,,,,,,,,2221,86.3,86.4,0,0,1,0.10000000000000853,6.6,122,148,137,154,293,335,301,"-0.021","0.021",,,,,,,,,,,,,,"2.37","0.71","1.36","-1.36",,,,,,5.3,-1.84,0.52,0.94,,,"2.1",,,"-2.1",,,,,,,,,,,,
1,815501,"Meccage, Bryce",25,4,,,,,,,,,,,,965,85,85.8,0,1,0,0.7999999999999972,6.6,127,148,107,146,302,325,299,"0.069","-0.069",,,,,,,,,,,,,,"3.05","0.08","0.79","-0.79","88.0",265,,,,5.97,-1.13,-0.42,2.09,,,"-6.9",,,"6.9",,,,,0,,,,,,,
1,690921,"Dallas, Micah",11,9.1,,,,,,,,,,,,1455,82.3,82.5,0,0,1,0.20000000000000284,5.9,88,148,92,141,259,309,314,"0.029","-0.029",,,,,,,,,,,,,,"2.91","0.39","0.81","-0.81",,,,,,6.22,-0.89,-0.7,2.49,,,"-2.9",,,"2.9",,,,,,,,,,,,
1,702795,"Loutos, Ryan",61,1.6,,,,,,,,,,,,1625,90.6,90.7,0,0,1,0.10000000000000853,6.3,117,135,112,149,286,322,312,"-0.052","0.052",,,,,,,,,,,,,,"2.22","0.55","0.99","-0.99",,,,,,6.33,-2.49,-0.04,4.21,,,"5.2",,,"-5.2",,,,,,,,,,,,
1,801219,"Morillo, Alfred",46,2.2,,,,,,,,,,,,1739,90.9,90.6,0,0,1,-0.30000000000001137,5.9,127,149,119,150,308,331,304,"-0.032","0.032",,,,,,,,,,,,,,"2.38","0.36","0.76","-0.76",,,,,,5.9,-1.87,-1.08,2.43,,,"3.2",,,"-3.2",,,,,,,,,,,,
1,672841,"Vargas, Carlos",133,0.8,,,,,,,,,,,,1692,92.6,93.5,0,0,1,0.9000000000000057,6.9,90,97,90,113,287,323,287,"-0.091","0.091",,,,,,,,,,,,,,"1.89","0.78","1.21","-1.21",,,,,,6.08,-2.12,-0.4,0.28,,,"9.1",,,"-9.1",,,,,,,,,,,,
1,666768,"Pilar, Anderson",92,1.1,,,,,,,,,,,,953,86.1,87,0,0,1,0.9000000000000057,7.4,110,143,103,154,279,329,282,"-0.054","0.054",,,,,,,,,,,,,,"2.83","0.31","0.97","-0.97",,,,,,5.74,-2.27,-3.96,3.7,,,"5.4",,,"-5.4",,,,,,,,,,,,
1,666619,"Santos, Gregory",80,1.3,,,,,,,,,,,,1479,94.4,94.2,0,0,1,-0.20000000000000284,6.4,123,148,120,155,301,326,309,"-0.033","0.033",,,,,,,,,,,,,,"2.46","0.12","0.97","-0.97",,,,,,5.81,-1.51,-2.04,2.55,,,"3.3",,,"-3.3",,,,,,,,,,,,