{
  "pitcher_id": "518489",
  "pitcher_name": "Ryan Brasier",
  "mlbam_id": "518489",
  "arm_angle_source": "dataset",
  "pitches": [
    {
      "code": "SL",
      "title": "slider",
      "color": "#EEE716",
      "count": 11,
      "pitch_percent": 0.4074074074074074,
      "rhh_percent": 0.5,
      "lhh_percent": 0.391304347826087,
      "start_speed": 84.57272727272728,
      "max_start_speed": 87.4,
      "ivb": 4.181818181818182,
      "hb": -3.0454545454545454,
      "release_pos_z": 5.721979285599372,
      "release_pos_x": 1.385805385443283,
      "extension": 6.802749931263785,
      "pitches": 23,
      "whiffs": 3,
      "swings": 17,
      "spin_rate": 2300,
      "swing_miss_percent": 17.6,
      "arm_angle": null,
      "barrels_per_pa_percent": 0,
      "hardhit_percent": 60,
      "whiffs_per_pitch": 0.13043478260869565,
      "active_spin_percent": null
    },
    {
      "code": "FF",
      "title": "four-seam fastball",
      "color": "#D22D49",
      "count": 8,
      "pitch_percent": 0.2962962962962963,
      "rhh_percent": 0.25,
      "lhh_percent": 0.30434782608695654,
      "start_speed": 92.46249999999999,
      "max_start_speed": 93.4,
      "ivb": 16.7375,
      "hb": 7.9625,
      "release_pos_z": 5.575100677096222,
      "release_pos_x": 1.8326755971256619,
      "extension": 6.777603307904963,
      "pitches": 18,
      "whiffs": 2,
      "swings": 9,
      "spin_rate": 2257,
      "swing_miss_percent": 22.2,
      "arm_angle": null,
      "barrels_per_pa_percent": 0,
      "hardhit_percent": 100,
      "whiffs_per_pitch": 0.1111111111111111,
      "active_spin_percent": null
    },
    {
      "code": "FC",
      "title": "cutter",
      "color": "#933F2C",
      "count": 7,
      "pitch_percent": 0.25925925925925924,
      "rhh_percent": 0,
      "lhh_percent": 0.30434782608695654,
      "start_speed": 87.45714285714287,
      "max_start_speed": 88.2,
      "ivb": 11.414285714285713,
      "hb": -2.0571428571428574,
      "release_pos_z": 5.659185121624567,
      "release_pos_x": 1.6298060819737485,
      "extension": 6.75312923636031,
      "pitches": 8,
      "whiffs": 0,
      "swings": 5,
      "spin_rate": 2417,
      "swing_miss_percent": 0,
      "arm_angle": null,
      "barrels_per_pa_percent": 100,
      "hardhit_percent": 100,
      "whiffs_per_pitch": 0,
      "active_spin_percent": null
    },
    {
      "code": "SI",
      "title": "sinker",
      "color": "#FE9E00",
      "count": 1,
      "pitch_percent": 0.037037037037037035,
      "rhh_percent": 0.25,
      "lhh_percent": 0,
      "start_speed": 91.7,
      "max_start_speed": 91.7,
      "ivb": 9.4,
      "hb": 13.9,
      "release_pos_z": 5.64625843579523,
      "release_pos_x": 1.6472009985269727,
      "extension": 6.69509511588123,
      "pitches": 1,
      "whiffs": 1,
      "swings": 1,
      "spin_rate": 2180,
      "swing_miss_percent": 100,
      "arm_angle": null,
      "barrels_per_pa_percent": null,
      "hardhit_percent": null,
      "whiffs_per_pitch": 1,
      "active_spin_percent": null
    }
  ]
}