{
  "pitcher_id": "547184",
  "pitcher_name": "Michael Kelly",
  "mlbam_id": "547184",
  "arm_angle_source": "dataset",
  "pitches": [
    {
      "code": "ST",
      "title": "sweeper",
      "color": "#DDB43A",
      "count": 4,
      "pitch_percent": 0.21052631578947367,
      "rhh_percent": 0.5714285714285714,
      "lhh_percent": 0,
      "start_speed": 82.65,
      "max_start_speed": 83.8,
      "ivb": -0.14999999999999997,
      "hb": -14.35,
      "release_pos_z": 5.835830171940491,
      "release_pos_x": 1.6868655394414958,
      "extension": 5.749674271518041,
      "pitches": 12,
      "whiffs": 3,
      "swings": 8,
      "spin_rate": 2625,
      "swing_miss_percent": 37.5,
      "arm_angle": null,
      "barrels_per_pa_percent": 0,
      "hardhit_percent": 50,
      "whiffs_per_pitch": 0.25,
      "active_spin_percent": null
    },
    {
      "code": "FF",
      "title": "four-seam fastball",
      "color": "#D22D49",
      "count": 4,
      "pitch_percent": 0.21052631578947367,
      "rhh_percent": 0.14285714285714285,
      "lhh_percent": 0.25,
      "start_speed": 95.675,
      "max_start_speed": 96.5,
      "ivb": 14.2,
      "hb": 2.9749999999999996,
      "release_pos_z": 6.050586942221489,
      "release_pos_x": 1.6457979138234378,
      "extension": 5.754532573436297,
      "pitches": 17,
      "whiffs": 2,
      "swings": 10,
      "spin_rate": 2312,
      "swing_miss_percent": 20,
      "arm_angle": null,
      "barrels_per_pa_percent": 16.666666666666664,
      "hardhit_percent": 60,
      "whiffs_per_pitch": 0.11764705882352941,
      "active_spin_percent": null
    },
    {
      "code": "CH",
      "title": "changeup",
      "color": "#1DBF3A",
      "count": 4,
      "pitch_percent": 0.21052631578947367,
      "rhh_percent": 0,
      "lhh_percent": 0.3333333333333333,
      "start_speed": 89.7,
      "max_start_speed": 90.7,
      "ivb": 3.025,
      "hb": 7.9,
      "release_pos_z": 5.925745511459963,
      "release_pos_x": 1.8140573258345873,
      "extension": 5.712723349570112,
      "pitches": 8,
      "whiffs": 1,
      "swings": 3,
      "spin_rate": 1398,
      "swing_miss_percent": 33.3,
      "arm_angle": null,
      "barrels_per_pa_percent": null,
      "hardhit_percent": null,
      "whiffs_per_pitch": 0.125,
      "active_spin_percent": null
    },
    {
      "code": "SL",
      "title": "slider",
      "color": "#EEE716",
      "count": 3,
      "pitch_percent": 0.15789473684210525,
      "rhh_percent": 0.2857142857142857,
      "lhh_percent": 0.08333333333333333,
      "start_speed": 90.23333333333333,
      "max_start_speed": 92.1,
      "ivb": 6,
      "hb": -5.466666666666666,
      "release_pos_z": 5.948870308714433,
      "release_pos_x": 1.709469414057675,
      "extension": 5.718083625677902,
      "pitches": 16,
      "whiffs": 0,
      "swings": 7,
      "spin_rate": 2678,
      "swing_miss_percent": 0,
      "arm_angle": null,
      "barrels_per_pa_percent": 0,
      "hardhit_percent": 50,
      "whiffs_per_pitch": 0,
      "active_spin_percent": null
    },
    {
      "code": "FC",
      "title": "cutter",
      "color": "#933F2C",
      "count": 3,
      "pitch_percent": 0.15789473684210525,
      "rhh_percent": 0,
      "lhh_percent": 0.25,
      "start_speed": 92.13333333333333,
      "max_start_speed": 93,
      "ivb": 7,
      "hb": -3.6666666666666665,
      "release_pos_z": 5.900328760640477,
      "release_pos_x": 1.8003396664359983,
      "extension": 5.718712556795225,
      "pitches": 5,
      "whiffs": 1,
      "swings": 2,
      "spin_rate": 2666,
      "swing_miss_percent": 50,
      "arm_angle": null,
      "barrels_per_pa_percent": null,
      "hardhit_percent": null,
      "whiffs_per_pitch": 0.2,
      "active_spin_percent": null
    },
    {
      "code": "SI",
      "title": "sinker",
      "color": "#FE9E00",
      "count": 1,
      "pitch_percent": 0.05263157894736842,
      "rhh_percent": 0,
      "lhh_percent": 0.08333333333333333,
      "start_speed": 95.9,
      "max_start_speed": 95.9,
      "ivb": 6.4,
      "hb": 15.4,
      "release_pos_z": 5.9402588585223155,
      "release_pos_x": 1.7751255292079755,
      "extension": 5.76473170301294,
      "pitches": 7,
      "whiffs": 1,
      "swings": 2,
      "spin_rate": 2157,
      "swing_miss_percent": 50,
      "arm_angle": null,
      "barrels_per_pa_percent": 100,
      "hardhit_percent": 100,
      "whiffs_per_pitch": 0.14285714285714285,
      "active_spin_percent": null
    }
  ]
}