{
  "pitcher_id": "571948",
  "pitcher_name": "Hoby Milner",
  "mlbam_id": "571948",
  "arm_angle_source": "dataset",
  "pitches": [
    {
      "code": "ST",
      "title": "sweeper",
      "color": "#DDB43A",
      "count": 6,
      "pitch_percent": 0.2727272727272727,
      "rhh_percent": 0.26666666666666666,
      "lhh_percent": 0.2857142857142857,
      "start_speed": 78.86666666666667,
      "max_start_speed": 79.8,
      "ivb": -4.216666666666667,
      "hb": -11.916666666666666,
      "release_pos_z": 4.316430937374045,
      "release_pos_x": 4.1347929307950935,
      "extension": 6.553704435285627,
      "pitches": 6,
      "whiffs": 0,
      "swings": 2,
      "spin_rate": 1944,
      "swing_miss_percent": 0,
      "arm_angle": null,
      "barrels_per_pa_percent": 0,
      "hardhit_percent": 0,
      "whiffs_per_pitch": 0,
      "active_spin_percent": null
    },
    {
      "code": "SI",
      "title": "sinker",
      "color": "#FE9E00",
      "count": 6,
      "pitch_percent": 0.2727272727272727,
      "rhh_percent": 0.26666666666666666,
      "lhh_percent": 0.2857142857142857,
      "start_speed": 87.01666666666667,
      "max_start_speed": 87.5,
      "ivb": 0.9166666666666666,
      "hb": 16.7,
      "release_pos_z": 4.367174311324182,
      "release_pos_x": 4.186502741062571,
      "extension": 6.601640563560026,
      "pitches": 6,
      "whiffs": 0,
      "swings": 3,
      "spin_rate": 1861,
      "swing_miss_percent": 0,
      "arm_angle": null,
      "barrels_per_pa_percent": 33.33333333333333,
      "hardhit_percent": 100,
      "whiffs_per_pitch": 0,
      "active_spin_percent": null
    },
    {
      "code": "FF",
      "title": "four-seam fastball",
      "color": "#D22D49",
      "count": 5,
      "pitch_percent": 0.22727272727272727,
      "rhh_percent": 0.2,
      "lhh_percent": 0.2857142857142857,
      "start_speed": 87.72,
      "max_start_speed": 88.2,
      "ivb": 6.9,
      "hb": 15.26,
      "release_pos_z": 4.463741256808924,
      "release_pos_x": 4.110576324846653,
      "extension": 6.504750312194207,
      "pitches": 5,
      "whiffs": 3,
      "swings": 3,
      "spin_rate": 1980,
      "swing_miss_percent": 100,
      "arm_angle": null,
      "barrels_per_pa_percent": null,
      "hardhit_percent": null,
      "whiffs_per_pitch": 0.6,
      "active_spin_percent": null
    },
    {
      "code": "CH",
      "title": "changeup",
      "color": "#1DBF3A",
      "count": 4,
      "pitch_percent": 0.18181818181818182,
      "rhh_percent": 0.26666666666666666,
      "lhh_percent": 0,
      "start_speed": 79.97500000000001,
      "max_start_speed": 80.3,
      "ivb": -1.55,
      "hb": 16.1,
      "release_pos_z": 4.199658713249768,
      "release_pos_x": 4.269251229511137,
      "extension": 6.425390916823883,
      "pitches": 4,
      "whiffs": 0,
      "swings": 3,
      "spin_rate": 1321,
      "swing_miss_percent": 0,
      "arm_angle": null,
      "barrels_per_pa_percent": 0,
      "hardhit_percent": 100,
      "whiffs_per_pitch": 0,
      "active_spin_percent": null
    },
    {
      "code": "SL",
      "title": "slider",
      "color": "#EEE716",
      "count": 1,
      "pitch_percent": 0.045454545454545456,
      "rhh_percent": 0,
      "lhh_percent": 0.14285714285714285,
      "start_speed": 87,
      "max_start_speed": 87,
      "ivb": 7.2,
      "hb": 13.4,
      "release_pos_z": 4.368201072988263,
      "release_pos_x": 4.130736972900697,
      "extension": 6.797351463705322,
      "pitches": 1,
      "whiffs": 0,
      "swings": 0,
      "spin_rate": 2937,
      "swing_miss_percent": null,
      "arm_angle": null,
      "barrels_per_pa_percent": null,
      "hardhit_percent": null,
      "whiffs_per_pitch": 0,
      "active_spin_percent": null
    }
  ]
}