{
  "pitcher_id": "572143",
  "pitcher_name": "Burch Smith",
  "mlbam_id": "572143",
  "arm_angle_source": "dataset",
  "pitches": [
    {
      "code": "FF",
      "title": "four-seam fastball",
      "color": "#D22D49",
      "count": 5,
      "pitch_percent": 0.29411764705882354,
      "rhh_percent": 0.25,
      "lhh_percent": 0.3333333333333333,
      "start_speed": 94.05999999999999,
      "max_start_speed": 96.1,
      "ivb": 16.02,
      "hb": 3.04,
      "release_pos_z": 5.626713228669132,
      "release_pos_x": 2.3198909159140206,
      "extension": 6.634310589160824,
      "pitches": 30,
      "whiffs": 5,
      "swings": 15,
      "spin_rate": 2337,
      "swing_miss_percent": 33.3,
      "arm_angle": null,
      "barrels_per_pa_percent": 10,
      "hardhit_percent": 42.857142857142854,
      "whiffs_per_pitch": 0.16666666666666666,
      "active_spin_percent": null
    },
    {
      "code": "CU",
      "title": "curveball",
      "color": "#00D2ED",
      "count": 5,
      "pitch_percent": 0.29411764705882354,
      "rhh_percent": 0.375,
      "lhh_percent": 0.2222222222222222,
      "start_speed": 82.78,
      "max_start_speed": 85.5,
      "ivb": -13.040000000000001,
      "hb": -8.48,
      "release_pos_z": 5.757309500552315,
      "release_pos_x": 2.3523245086230453,
      "extension": 6.463820693015464,
      "pitches": 14,
      "whiffs": 2,
      "swings": 7,
      "spin_rate": 2436,
      "swing_miss_percent": 28.6,
      "arm_angle": null,
      "barrels_per_pa_percent": 33.33333333333333,
      "hardhit_percent": 100,
      "whiffs_per_pitch": 0.14285714285714285,
      "active_spin_percent": null
    },
    {
      "code": "FC",
      "title": "cutter",
      "color": "#933F2C",
      "count": 4,
      "pitch_percent": 0.23529411764705882,
      "rhh_percent": 0.125,
      "lhh_percent": 0.3333333333333333,
      "start_speed": 89.65,
      "max_start_speed": 92,
      "ivb": 8.45,
      "hb": -2.9,
      "release_pos_z": 5.422929022737087,
      "release_pos_x": 2.6572408569993877,
      "extension": 6.5328620786728075,
      "pitches": 16,
      "whiffs": 2,
      "swings": 9,
      "spin_rate": 2380,
      "swing_miss_percent": 22.2,
      "arm_angle": null,
      "barrels_per_pa_percent": 20,
      "hardhit_percent": 66.66666666666666,
      "whiffs_per_pitch": 0.125,
      "active_spin_percent": null
    },
    {
      "code": "SI",
      "title": "sinker",
      "color": "#FE9E00",
      "count": 2,
      "pitch_percent": 0.11764705882352941,
      "rhh_percent": 0.25,
      "lhh_percent": 0,
      "start_speed": 92.35,
      "max_start_speed": 93.2,
      "ivb": 6.85,
      "hb": 11.35,
      "release_pos_z": 5.663942601044879,
      "release_pos_x": 2.34598337373858,
      "extension": 6.659056699029787,
      "pitches": 6,
      "whiffs": 0,
      "swings": 2,
      "spin_rate": 2201,
      "swing_miss_percent": 0,
      "arm_angle": null,
      "barrels_per_pa_percent": 0,
      "hardhit_percent": 100,
      "whiffs_per_pitch": 0,
      "active_spin_percent": null
    },
    {
      "code": "CH",
      "title": "changeup",
      "color": "#1DBF3A",
      "count": 1,
      "pitch_percent": 0.058823529411764705,
      "rhh_percent": 0,
      "lhh_percent": 0.1111111111111111,
      "start_speed": 83.6,
      "max_start_speed": 83.6,
      "ivb": 8.8,
      "hb": 10.7,
      "release_pos_z": 5.7101425341428484,
      "release_pos_x": 2.602510111249497,
      "extension": 6.554491182384631,
      "pitches": 8,
      "whiffs": 3,
      "swings": 7,
      "spin_rate": 1673,
      "swing_miss_percent": 42.9,
      "arm_angle": null,
      "barrels_per_pa_percent": 0,
      "hardhit_percent": 50,
      "whiffs_per_pitch": 0.375,
      "active_spin_percent": null
    }
  ]
}