{
  "pitcher_id": "573204",
  "pitcher_name": "Caleb Thielbar",
  "mlbam_id": "573204",
  "arm_angle_source": "dataset",
  "pitches": [
    {
      "code": "SL",
      "title": "slider",
      "color": "#EEE716",
      "count": 6,
      "pitch_percent": 0.46153846153846156,
      "rhh_percent": 0.6,
      "lhh_percent": 0,
      "start_speed": 85.98333333333333,
      "max_start_speed": 88.6,
      "ivb": 5.366666666666666,
      "hb": -0.9833333333333331,
      "release_pos_z": 6.1217382384251025,
      "release_pos_x": 0.24110892109295365,
      "extension": 6.108626291702579,
      "pitches": 14,
      "whiffs": 5,
      "swings": 12,
      "spin_rate": 2220,
      "swing_miss_percent": 41.7,
      "arm_angle": null,
      "barrels_per_pa_percent": 20,
      "hardhit_percent": 20,
      "whiffs_per_pitch": 0.35714285714285715,
      "active_spin_percent": null
    },
    {
      "code": "CU",
      "title": "curveball",
      "color": "#00D2ED",
      "count": 3,
      "pitch_percent": 0.23076923076923078,
      "rhh_percent": 0.2,
      "lhh_percent": 0.3333333333333333,
      "start_speed": 77.06666666666668,
      "max_start_speed": 78.1,
      "ivb": -11.9,
      "hb": -3.866666666666667,
      "release_pos_z": 6.269964147088388,
      "release_pos_x": 0.0860919041205062,
      "extension": 6.032158451399472,
      "pitches": 7,
      "whiffs": 0,
      "swings": 3,
      "spin_rate": 2314,
      "swing_miss_percent": 0,
      "arm_angle": null,
      "barrels_per_pa_percent": 0,
      "hardhit_percent": 100,
      "whiffs_per_pitch": 0,
      "active_spin_percent": null
    },
    {
      "code": "FF",
      "title": "four-seam fastball",
      "color": "#D22D49",
      "count": 2,
      "pitch_percent": 0.15384615384615385,
      "rhh_percent": 0.2,
      "lhh_percent": 0,
      "start_speed": 93.45,
      "max_start_speed": 93.9,
      "ivb": 17.700000000000003,
      "hb": 3.9499999999999997,
      "release_pos_z": 6.332898937848688,
      "release_pos_x": 0.19016020490199514,
      "extension": 5.945749758927744,
      "pitches": 10,
      "whiffs": 0,
      "swings": 5,
      "spin_rate": 2274,
      "swing_miss_percent": 0,
      "arm_angle": null,
      "barrels_per_pa_percent": 0,
      "hardhit_percent": 100,
      "whiffs_per_pitch": 0,
      "active_spin_percent": null
    },
    {
      "code": "ST",
      "title": "sweeper",
      "color": "#DDB43A",
      "count": 2,
      "pitch_percent": 0.15384615384615385,
      "rhh_percent": 0,
      "lhh_percent": 0.6666666666666666,
      "start_speed": 81,
      "max_start_speed": 81.1,
      "ivb": 1.55,
      "hb": -12.25,
      "release_pos_z": 6.053023387445826,
      "release_pos_x": 0.6124122396554882,
      "extension": 5.980010592949231,
      "pitches": 3,
      "whiffs": 1,
      "swings": 3,
      "spin_rate": 2455,
      "swing_miss_percent": 33.3,
      "arm_angle": null,
      "barrels_per_pa_percent": 0,
      "hardhit_percent": 50,
      "whiffs_per_pitch": 0.3333333333333333,
      "active_spin_percent": null
    }
  ]
}