{
  "pitcher_id": "594027",
  "pitcher_name": "Tayron Guerrero",
  "mlbam_id": "594027",
  "arm_angle_source": "dataset",
  "pitches": [
    {
      "code": "SI",
      "title": "sinker",
      "color": "#FE9E00",
      "count": 13,
      "pitch_percent": 0.6190476190476191,
      "rhh_percent": 0.5555555555555556,
      "lhh_percent": 0.6666666666666666,
      "start_speed": 98.33076923076922,
      "max_start_speed": 100.6,
      "ivb": 14.76923076923077,
      "hb": 11.423076923076925,
      "release_pos_z": 6.524776676259797,
      "release_pos_x": 1.8021996818714479,
      "extension": 7.1206141970436025,
      "pitches": 10,
      "whiffs": 0,
      "swings": 5,
      "spin_rate": 2140,
      "swing_miss_percent": 0,
      "arm_angle": null,
      "barrels_per_pa_percent": 0,
      "hardhit_percent": 100,
      "whiffs_per_pitch": 0,
      "active_spin_percent": null
    },
    {
      "code": "SL",
      "title": "slider",
      "color": "#EEE716",
      "count": 5,
      "pitch_percent": 0.23809523809523808,
      "rhh_percent": 0.2222222222222222,
      "lhh_percent": 0.25,
      "start_speed": 90.2,
      "max_start_speed": 93.2,
      "ivb": 6.8,
      "hb": -0.4,
      "release_pos_z": 6.469380464147493,
      "release_pos_x": 1.8395790665496832,
      "extension": 7.236732072970247,
      "pitches": 9,
      "whiffs": 2,
      "swings": 6,
      "spin_rate": 2073,
      "swing_miss_percent": 33.3,
      "arm_angle": null,
      "barrels_per_pa_percent": 0,
      "hardhit_percent": 0,
      "whiffs_per_pitch": 0.2222222222222222,
      "active_spin_percent": null
    },
    {
      "code": "FF",
      "title": "four-seam fastball",
      "color": "#D22D49",
      "count": 3,
      "pitch_percent": 0.14285714285714285,
      "rhh_percent": 0.2222222222222222,
      "lhh_percent": 0.08333333333333333,
      "start_speed": 95.96666666666665,
      "max_start_speed": 98.1,
      "ivb": 14.766666666666666,
      "hb": 5.633333333333333,
      "release_pos_z": 6.499122273399942,
      "release_pos_x": 1.7508922242570748,
      "extension": 7.330406038818478,
      "pitches": 16,
      "whiffs": 0,
      "swings": 5,
      "spin_rate": 2179,
      "swing_miss_percent": 0,
      "arm_angle": null,
      "barrels_per_pa_percent": 0,
      "hardhit_percent": 100,
      "whiffs_per_pitch": 0,
      "active_spin_percent": null
    }
  ]
}