{
  "pitcher_id": "595928",
  "pitcher_name": "John Curtiss",
  "mlbam_id": "595928",
  "arm_angle_source": "dataset",
  "pitches": [
    {
      "code": "FF",
      "title": "four-seam fastball",
      "color": "#D22D49",
      "count": 6,
      "pitch_percent": 0.4,
      "rhh_percent": 0.2727272727272727,
      "lhh_percent": 0.75,
      "start_speed": 91.31666666666666,
      "max_start_speed": 92.2,
      "ivb": 18.116666666666664,
      "hb": 7.3999999999999995,
      "release_pos_z": 6.405256949743818,
      "release_pos_x": 2.1640349719956475,
      "extension": 6.425942926550593,
      "pitches": 18,
      "whiffs": 0,
      "swings": 9,
      "spin_rate": 2328,
      "swing_miss_percent": 0,
      "arm_angle": null,
      "barrels_per_pa_percent": 0,
      "hardhit_percent": 40,
      "whiffs_per_pitch": 0,
      "active_spin_percent": null
    },
    {
      "code": "SL",
      "title": "slider",
      "color": "#EEE716",
      "count": 5,
      "pitch_percent": 0.3333333333333333,
      "rhh_percent": 0.36363636363636365,
      "lhh_percent": 0.25,
      "start_speed": 84.7,
      "max_start_speed": 86,
      "ivb": 4.680000000000001,
      "hb": -4.760000000000001,
      "release_pos_z": 6.172389456131922,
      "release_pos_x": 2.611067536636296,
      "extension": 6.383090582626397,
      "pitches": 9,
      "whiffs": 0,
      "swings": 1,
      "spin_rate": 2523,
      "swing_miss_percent": 0,
      "arm_angle": null,
      "barrels_per_pa_percent": null,
      "hardhit_percent": null,
      "whiffs_per_pitch": 0,
      "active_spin_percent": null
    },
    {
      "code": "FC",
      "title": "cutter",
      "color": "#933F2C",
      "count": 3,
      "pitch_percent": 0.2,
      "rhh_percent": 0.2727272727272727,
      "lhh_percent": 0,
      "start_speed": 86.96666666666665,
      "max_start_speed": 87,
      "ivb": 9.4,
      "hb": -3.033333333333333,
      "release_pos_z": 6.221139649611362,
      "release_pos_x": 2.641285689505299,
      "extension": 6.262277888681088,
      "pitches": 11,
      "whiffs": 1,
      "swings": 6,
      "spin_rate": 2510,
      "swing_miss_percent": 16.7,
      "arm_angle": null,
      "barrels_per_pa_percent": 0,
      "hardhit_percent": 100,
      "whiffs_per_pitch": 0.09090909090909091,
      "active_spin_percent": null
    },
    {
      "code": "CH",
      "title": "changeup",
      "color": "#1DBF3A",
      "count": 1,
      "pitch_percent": 0.06666666666666667,
      "rhh_percent": 0.09090909090909091,
      "lhh_percent": 0,
      "start_speed": 85.9,
      "max_start_speed": 85.9,
      "ivb": 12.6,
      "hb": 14.6,
      "release_pos_z": 6.309725839327971,
      "release_pos_x": 2.3139073914781796,
      "extension": 6.489040517535216,
      "pitches": 6,
      "whiffs": 0,
      "swings": 3,
      "spin_rate": 1748,
      "swing_miss_percent": 0,
      "arm_angle": null,
      "barrels_per_pa_percent": null,
      "hardhit_percent": null,
      "whiffs_per_pitch": 0,
      "active_spin_percent": null
    }
  ]
}