{
  "pitcher_id": "596271",
  "pitcher_name": "Casey Lawrence",
  "mlbam_id": "596271",
  "arm_angle_source": "dataset",
  "pitches": [
    {
      "code": "ST",
      "title": "sweeper",
      "color": "#DDB43A",
      "count": 10,
      "pitch_percent": 0.3448275862068966,
      "rhh_percent": 0.4,
      "lhh_percent": 0.2222222222222222,
      "start_speed": 78.75000000000001,
      "max_start_speed": 79.6,
      "ivb": 3.03,
      "hb": -12.920000000000002,
      "release_pos_z": 5.2314678304935045,
      "release_pos_x": 2.7382970855456112,
      "extension": 5.962611266429947,
      "pitches": 36,
      "whiffs": 5,
      "swings": 17,
      "spin_rate": 2660,
      "swing_miss_percent": 29.4,
      "arm_angle": null,
      "barrels_per_pa_percent": 11.11111111111111,
      "hardhit_percent": 55.55555555555556,
      "whiffs_per_pitch": 0.1388888888888889,
      "active_spin_percent": null
    },
    {
      "code": "SI",
      "title": "sinker",
      "color": "#FE9E00",
      "count": 10,
      "pitch_percent": 0.3448275862068966,
      "rhh_percent": 0.4,
      "lhh_percent": 0.2222222222222222,
      "start_speed": 88.13000000000001,
      "max_start_speed": 89.3,
      "ivb": 3.0599999999999996,
      "hb": 14.59,
      "release_pos_z": 5.34851990670335,
      "release_pos_x": 2.6257143721268195,
      "extension": 5.943337310840354,
      "pitches": 38,
      "whiffs": 1,
      "swings": 18,
      "spin_rate": 2119,
      "swing_miss_percent": 5.6,
      "arm_angle": null,
      "barrels_per_pa_percent": 0,
      "hardhit_percent": 30,
      "whiffs_per_pitch": 0.02631578947368421,
      "active_spin_percent": null
    },
    {
      "code": "CH",
      "title": "changeup",
      "color": "#1DBF3A",
      "count": 6,
      "pitch_percent": 0.20689655172413793,
      "rhh_percent": 0.1,
      "lhh_percent": 0.4444444444444444,
      "start_speed": 81.68333333333332,
      "max_start_speed": 82.3,
      "ivb": -0.6999999999999998,
      "hb": 16,
      "release_pos_z": 5.211870416888351,
      "release_pos_x": 2.729044080907699,
      "extension": 6.103537186616545,
      "pitches": 32,
      "whiffs": 3,
      "swings": 11,
      "spin_rate": 1843,
      "swing_miss_percent": 27.3,
      "arm_angle": null,
      "barrels_per_pa_percent": 7.142857142857142,
      "hardhit_percent": 85.71428571428571,
      "whiffs_per_pitch": 0.09375,
      "active_spin_percent": null
    },
    {
      "code": "SL",
      "title": "slider",
      "color": "#EEE716",
      "count": 2,
      "pitch_percent": 0.06896551724137931,
      "rhh_percent": 0.1,
      "lhh_percent": 0,
      "start_speed": 79.1,
      "max_start_speed": 79.4,
      "ivb": 5.65,
      "hb": -6.55,
      "release_pos_z": 5.304042253765715,
      "release_pos_x": 2.6757739813391446,
      "extension": 5.86796079082284,
      "pitches": 10,
      "whiffs": 2,
      "swings": 7,
      "spin_rate": 2641,
      "swing_miss_percent": 28.6,
      "arm_angle": null,
      "barrels_per_pa_percent": 0,
      "hardhit_percent": 25,
      "whiffs_per_pitch": 0.2,
      "active_spin_percent": null
    },
    {
      "code": "FC",
      "title": "cutter",
      "color": "#933F2C",
      "count": 1,
      "pitch_percent": 0.034482758620689655,
      "rhh_percent": 0,
      "lhh_percent": 0.1111111111111111,
      "start_speed": 84.1,
      "max_start_speed": 84.1,
      "ivb": 9.7,
      "hb": 3.1,
      "release_pos_z": 5.338379252322123,
      "release_pos_x": 2.492325898246075,
      "extension": 6.087655015838499,
      "pitches": 21,
      "whiffs": 2,
      "swings": 6,
      "spin_rate": 2424,
      "swing_miss_percent": 33.3,
      "arm_angle": null,
      "barrels_per_pa_percent": 0,
      "hardhit_percent": 50,
      "whiffs_per_pitch": 0.09523809523809523,
      "active_spin_percent": null
    }
  ]
}