{
  "pitcher_id": "605242",
  "pitcher_name": "Michael Fulmer",
  "mlbam_id": "605242",
  "arm_angle_source": "dataset",
  "pitches": [
    {
      "code": "FC",
      "title": "cutter",
      "color": "#933F2C",
      "count": 4,
      "pitch_percent": 0.25,
      "rhh_percent": 0,
      "lhh_percent": 0.36363636363636365,
      "start_speed": 85.85000000000001,
      "max_start_speed": 86.3,
      "ivb": 3.15,
      "hb": -5.975,
      "release_pos_z": 6.4098603214238095,
      "release_pos_x": 2.2637048949780523,
      "extension": 6.474054441555245,
      "pitches": 47,
      "whiffs": 5,
      "swings": 17,
      "spin_rate": 2464,
      "swing_miss_percent": 29.4,
      "arm_angle": null,
      "barrels_per_pa_percent": 16.666666666666664,
      "hardhit_percent": 20,
      "whiffs_per_pitch": 0.10638297872340426,
      "active_spin_percent": null
    },
    {
      "code": "SI",
      "title": "sinker",
      "color": "#FE9E00",
      "count": 3,
      "pitch_percent": 0.1875,
      "rhh_percent": 0.4,
      "lhh_percent": 0.09090909090909091,
      "start_speed": 91.06666666666666,
      "max_start_speed": 91.6,
      "ivb": 15.799999999999999,
      "hb": 10.066666666666668,
      "release_pos_z": 6.278987077366984,
      "release_pos_x": 2.1888823902415417,
      "extension": 6.698571436491477,
      "pitches": 32,
      "whiffs": 4,
      "swings": 10,
      "spin_rate": 2295,
      "swing_miss_percent": 40,
      "arm_angle": null,
      "barrels_per_pa_percent": null,
      "hardhit_percent": null,
      "whiffs_per_pitch": 0.125,
      "active_spin_percent": null
    },
    {
      "code": "CU",
      "title": "curveball",
      "color": "#00D2ED",
      "count": 3,
      "pitch_percent": 0.1875,
      "rhh_percent": 0.2,
      "lhh_percent": 0.18181818181818182,
      "start_speed": 78.3,
      "max_start_speed": 78.5,
      "ivb": -2.1,
      "hb": -17.766666666666666,
      "release_pos_z": 6.318328899279911,
      "release_pos_x": 2.3856573671833026,
      "extension": 6.445623813656392,
      "pitches": 71,
      "whiffs": 14,
      "swings": 36,
      "spin_rate": 2663,
      "swing_miss_percent": 38.9,
      "arm_angle": null,
      "barrels_per_pa_percent": 9.090909090909092,
      "hardhit_percent": 25,
      "whiffs_per_pitch": 0.19718309859154928,
      "active_spin_percent": null
    },
    {
      "code": "ST",
      "title": "sweeper",
      "color": "#DDB43A",
      "count": 3,
      "pitch_percent": 0.1875,
      "rhh_percent": 0.4,
      "lhh_percent": 0.09090909090909091,
      "start_speed": 78.06666666666668,
      "max_start_speed": 78.4,
      "ivb": 2.1666666666666665,
      "hb": -17.833333333333332,
      "release_pos_z": 6.329787818658083,
      "release_pos_x": 2.489489266851095,
      "extension": 6.315705387853089,
      "active_spin_percent": null
    },
    {
      "code": "FF",
      "title": "four-seam fastball",
      "color": "#D22D49",
      "count": 3,
      "pitch_percent": 0.1875,
      "rhh_percent": 0,
      "lhh_percent": 0.2727272727272727,
      "start_speed": 90.10000000000001,
      "max_start_speed": 90.2,
      "ivb": 15.033333333333331,
      "hb": 0.09999999999999994,
      "release_pos_z": 6.38784634849727,
      "release_pos_x": 2.1656175746006046,
      "extension": 6.5386285381582026,
      "pitches": 20,
      "whiffs": 3,
      "swings": 7,
      "spin_rate": 2360,
      "swing_miss_percent": 42.9,
      "arm_angle": null,
      "barrels_per_pa_percent": 0,
      "hardhit_percent": 0,
      "whiffs_per_pitch": 0.15,
      "active_spin_percent": null
    }
  ]
}