{
  "pitcher_id": "606965",
  "pitcher_name": "Chris Devenski",
  "mlbam_id": "606965",
  "arm_angle_source": "dataset",
  "pitches": [
    {
      "code": "CH",
      "title": "changeup",
      "color": "#1DBF3A",
      "count": 6,
      "pitch_percent": 0.42857142857142855,
      "rhh_percent": 0.16666666666666666,
      "lhh_percent": 0.625,
      "start_speed": 82.45,
      "max_start_speed": 83.9,
      "ivb": 0.5499999999999999,
      "hb": 15.066666666666665,
      "release_pos_z": 6.221387627391778,
      "release_pos_x": 0.037563247139640016,
      "extension": 6.133085464409586,
      "pitches": 13,
      "whiffs": 2,
      "swings": 6,
      "spin_rate": 1484,
      "swing_miss_percent": 33.3,
      "arm_angle": null,
      "barrels_per_pa_percent": 0,
      "hardhit_percent": 66.66666666666666,
      "whiffs_per_pitch": 0.15384615384615385,
      "active_spin_percent": null
    },
    {
      "code": "FF",
      "title": "four-seam fastball",
      "color": "#D22D49",
      "count": 5,
      "pitch_percent": 0.35714285714285715,
      "rhh_percent": 0.3333333333333333,
      "lhh_percent": 0.375,
      "start_speed": 92.80000000000001,
      "max_start_speed": 94.1,
      "ivb": 15.38,
      "hb": 14.280000000000001,
      "release_pos_z": 6.186717564007707,
      "release_pos_x": 0.16009027309217064,
      "extension": 6.2167081354295775,
      "pitches": 7,
      "whiffs": 1,
      "swings": 5,
      "spin_rate": 2342,
      "swing_miss_percent": 20,
      "arm_angle": null,
      "barrels_per_pa_percent": 0,
      "hardhit_percent": 33.33333333333333,
      "whiffs_per_pitch": 0.14285714285714285,
      "active_spin_percent": null
    },
    {
      "code": "SI",
      "title": "sinker",
      "color": "#FE9E00",
      "count": 2,
      "pitch_percent": 0.14285714285714285,
      "rhh_percent": 0.3333333333333333,
      "lhh_percent": 0,
      "start_speed": 92.05,
      "max_start_speed": 92.3,
      "ivb": 10.3,
      "hb": 18.4,
      "release_pos_z": 6.14916523458924,
      "release_pos_x": 0.40650018885433464,
      "extension": 6.1261277168851365,
      "pitches": 3,
      "whiffs": 0,
      "swings": 2,
      "spin_rate": 2255,
      "swing_miss_percent": 0,
      "arm_angle": null,
      "barrels_per_pa_percent": 0,
      "hardhit_percent": 50,
      "whiffs_per_pitch": 0,
      "active_spin_percent": null
    },
    {
      "code": "SL",
      "title": "slider",
      "color": "#EEE716",
      "count": 1,
      "pitch_percent": 0.07142857142857142,
      "rhh_percent": 0.16666666666666666,
      "lhh_percent": 0,
      "start_speed": 81.8,
      "max_start_speed": 81.8,
      "ivb": 0.4,
      "hb": 6.4,
      "release_pos_z": 6.255356260493686,
      "release_pos_x": 0.07904783238561729,
      "extension": 6.265759343541768,
      "pitches": 2,
      "whiffs": 0,
      "swings": 0,
      "spin_rate": 2142,
      "swing_miss_percent": null,
      "arm_angle": null,
      "barrels_per_pa_percent": null,
      "hardhit_percent": null,
      "whiffs_per_pitch": 0,
      "active_spin_percent": null
    }
  ]
}