{
  "pitcher_id": "607067",
  "pitcher_name": "Colin Rea",
  "mlbam_id": "607067",
  "arm_angle_source": "dataset",
  "pitches": [
    {
      "code": "FF",
      "title": "four-seam fastball",
      "color": "#D22D49",
      "count": 18,
      "pitch_percent": 0.4864864864864865,
      "rhh_percent": 0.4444444444444444,
      "lhh_percent": 0.5,
      "start_speed": 94.22777777777777,
      "max_start_speed": 95.4,
      "ivb": 13.899999999999999,
      "hb": 7.922222222222223,
      "release_pos_z": 5.471329725487038,
      "release_pos_x": 1.59549763066085,
      "extension": 6.754171671624072,
      "pitches": 33,
      "whiffs": 2,
      "swings": 13,
      "spin_rate": 2146,
      "swing_miss_percent": 15.4,
      "arm_angle": null,
      "barrels_per_pa_percent": 22.22222222222222,
      "hardhit_percent": 42.857142857142854,
      "whiffs_per_pitch": 0.06060606060606061,
      "active_spin_percent": null
    },
    {
      "code": "FC",
      "title": "cutter",
      "color": "#933F2C",
      "count": 4,
      "pitch_percent": 0.10810810810810811,
      "rhh_percent": 0,
      "lhh_percent": 0.14285714285714285,
      "start_speed": 89.55,
      "max_start_speed": 90.3,
      "ivb": 8.024999999999999,
      "hb": -1.575,
      "release_pos_z": 5.443103617860548,
      "release_pos_x": 1.6277656742977822,
      "extension": 6.631104463101406,
      "pitches": 10,
      "whiffs": 1,
      "swings": 3,
      "spin_rate": 2204,
      "swing_miss_percent": 33.3,
      "arm_angle": null,
      "barrels_per_pa_percent": 0,
      "hardhit_percent": 100,
      "whiffs_per_pitch": 0.1,
      "active_spin_percent": null
    },
    {
      "code": "FS",
      "title": "splitter",
      "color": "#3BACAC",
      "count": 4,
      "pitch_percent": 0.10810810810810811,
      "rhh_percent": 0,
      "lhh_percent": 0.14285714285714285,
      "start_speed": 87.725,
      "max_start_speed": 88.2,
      "ivb": -1.125,
      "hb": 11.675,
      "release_pos_z": 5.547421111532282,
      "release_pos_x": 1.6256175070563372,
      "extension": 6.6287812428964585,
      "pitches": 9,
      "whiffs": 0,
      "swings": 3,
      "spin_rate": 1370,
      "swing_miss_percent": 0,
      "arm_angle": null,
      "barrels_per_pa_percent": 0,
      "hardhit_percent": 50,
      "whiffs_per_pitch": 0,
      "active_spin_percent": null
    },
    {
      "code": "ST",
      "title": "sweeper",
      "color": "#DDB43A",
      "count": 3,
      "pitch_percent": 0.08108108108108109,
      "rhh_percent": 0.2222222222222222,
      "lhh_percent": 0.03571428571428571,
      "start_speed": 82.66666666666667,
      "max_start_speed": 83.3,
      "ivb": 1.7999999999999998,
      "hb": -12.5,
      "release_pos_z": 5.523413971963642,
      "release_pos_x": 1.6053076974740403,
      "extension": 6.549821949142021,
      "pitches": 6,
      "whiffs": 1,
      "swings": 3,
      "spin_rate": 2249,
      "swing_miss_percent": 33.3,
      "arm_angle": null,
      "barrels_per_pa_percent": null,
      "hardhit_percent": null,
      "whiffs_per_pitch": 0.16666666666666666,
      "active_spin_percent": null
    },
    {
      "code": "CU",
      "title": "curveball",
      "color": "#00D2ED",
      "count": 3,
      "pitch_percent": 0.08108108108108109,
      "rhh_percent": 0,
      "lhh_percent": 0.10714285714285714,
      "start_speed": 82.63333333333333,
      "max_start_speed": 83.3,
      "ivb": -6.133333333333333,
      "hb": -8.233333333333333,
      "release_pos_z": 5.5499020545071955,
      "release_pos_x": 1.5502368380194074,
      "extension": 6.4569711394620795,
      "pitches": 9,
      "whiffs": 0,
      "swings": 1,
      "spin_rate": 2192,
      "swing_miss_percent": 0,
      "arm_angle": null,
      "barrels_per_pa_percent": null,
      "hardhit_percent": null,
      "whiffs_per_pitch": 0,
      "active_spin_percent": null
    },
    {
      "code": "SI",
      "title": "sinker",
      "color": "#FE9E00",
      "count": 3,
      "pitch_percent": 0.08108108108108109,
      "rhh_percent": 0.2222222222222222,
      "lhh_percent": 0.03571428571428571,
      "start_speed": 93.36666666666667,
      "max_start_speed": 94.2,
      "ivb": 8.233333333333333,
      "hb": 12.166666666666666,
      "release_pos_z": 5.472994528079337,
      "release_pos_x": 1.5874979768902797,
      "extension": 6.808131018960239,
      "pitches": 12,
      "whiffs": 0,
      "swings": 7,
      "spin_rate": 2120,
      "swing_miss_percent": 0,
      "arm_angle": null,
      "barrels_per_pa_percent": 0,
      "hardhit_percent": 0,
      "whiffs_per_pitch": 0,
      "active_spin_percent": null
    },
    {
      "code": "SL",
      "title": "slider",
      "color": "#EEE716",
      "count": 2,
      "pitch_percent": 0.05405405405405406,
      "rhh_percent": 0.1111111111111111,
      "lhh_percent": 0.03571428571428571,
      "start_speed": 84.6,
      "max_start_speed": 86.9,
      "ivb": -2.95,
      "hb": -3.3,
      "release_pos_z": 5.584914541241667,
      "release_pos_x": 1.5870499261916227,
      "extension": 6.6024961894558665,
      "pitches": 9,
      "whiffs": 3,
      "swings": 4,
      "spin_rate": 2120,
      "swing_miss_percent": 75,
      "arm_angle": null,
      "barrels_per_pa_percent": 0,
      "hardhit_percent": 100,
      "whiffs_per_pitch": 0.3333333333333333,
      "active_spin_percent": null
    }
  ]
}