{
  "pitcher_id": "615698",
  "pitcher_name": "Cal Quantrill",
  "mlbam_id": "615698",
  "arm_angle_source": "dataset",
  "pitches": [
    {
      "code": "FC",
      "title": "cutter",
      "color": "#933F2C",
      "count": 15,
      "pitch_percent": 0.46875,
      "rhh_percent": 0.38461538461538464,
      "lhh_percent": 0.8333333333333334,
      "start_speed": 87.36666666666666,
      "max_start_speed": 88.3,
      "ivb": 5.0666666666666655,
      "hb": -3.52,
      "release_pos_z": 6.312121062896429,
      "release_pos_x": 1.2431694495395675,
      "extension": 6.3317311354239365,
      "pitches": 24,
      "whiffs": 3,
      "swings": 14,
      "spin_rate": 2018,
      "swing_miss_percent": 21.4,
      "arm_angle": null,
      "barrels_per_pa_percent": 9.090909090909092,
      "hardhit_percent": 37.5,
      "whiffs_per_pitch": 0.125,
      "active_spin_percent": null
    },
    {
      "code": "FS",
      "title": "splitter",
      "color": "#3BACAC",
      "count": 6,
      "pitch_percent": 0.1875,
      "rhh_percent": 0.19230769230769232,
      "lhh_percent": 0.16666666666666666,
      "start_speed": 85.73333333333333,
      "max_start_speed": 86.8,
      "ivb": 2.9166666666666665,
      "hb": 9.633333333333333,
      "release_pos_z": 6.3561328042264575,
      "release_pos_x": 1.0258929691545278,
      "extension": 6.510508335420084,
      "pitches": 12,
      "whiffs": 0,
      "swings": 5,
      "spin_rate": 1070,
      "swing_miss_percent": 0,
      "arm_angle": null,
      "barrels_per_pa_percent": 0,
      "hardhit_percent": 50,
      "whiffs_per_pitch": 0,
      "active_spin_percent": null
    },
    {
      "code": "FF",
      "title": "four-seam fastball",
      "color": "#D22D49",
      "count": 5,
      "pitch_percent": 0.15625,
      "rhh_percent": 0.19230769230769232,
      "lhh_percent": 0,
      "start_speed": 93.28,
      "max_start_speed": 93.8,
      "ivb": 15.419999999999998,
      "hb": 9.42,
      "release_pos_z": 6.418833598506784,
      "release_pos_x": 0.9908962382383969,
      "extension": 6.416885713862068,
      "pitches": 10,
      "whiffs": 0,
      "swings": 5,
      "spin_rate": 1932,
      "swing_miss_percent": 0,
      "arm_angle": null,
      "barrels_per_pa_percent": 25,
      "hardhit_percent": 75,
      "whiffs_per_pitch": 0,
      "active_spin_percent": null
    },
    {
      "code": "CU",
      "title": "curveball",
      "color": "#00D2ED",
      "count": 4,
      "pitch_percent": 0.125,
      "rhh_percent": 0.15384615384615385,
      "lhh_percent": 0,
      "start_speed": 81,
      "max_start_speed": 82.6,
      "ivb": -5.4,
      "hb": -3.325,
      "release_pos_z": 6.368913216713441,
      "release_pos_x": 1.1378389437323695,
      "extension": 6.397320553584544,
      "pitches": 12,
      "whiffs": 0,
      "swings": 4,
      "spin_rate": 1981,
      "swing_miss_percent": 0,
      "arm_angle": null,
      "barrels_per_pa_percent": 0,
      "hardhit_percent": 33.33333333333333,
      "whiffs_per_pitch": 0,
      "active_spin_percent": null
    },
    {
      "code": "SL",
      "title": "slider",
      "color": "#EEE716",
      "count": 1,
      "pitch_percent": 0.03125,
      "rhh_percent": 0.038461538461538464,
      "lhh_percent": 0,
      "start_speed": 82.3,
      "max_start_speed": 82.3,
      "ivb": -3.1,
      "hb": -1.3,
      "release_pos_z": 6.404366477884791,
      "release_pos_x": 0.9950956403264617,
      "extension": 6.434725420201673,
      "pitches": 4,
      "whiffs": 0,
      "swings": 2,
      "spin_rate": 1386,
      "swing_miss_percent": 0,
      "arm_angle": null,
      "barrels_per_pa_percent": 100,
      "hardhit_percent": 100,
      "whiffs_per_pitch": 0,
      "active_spin_percent": null
    },
    {
      "code": "SI",
      "title": "sinker",
      "color": "#FE9E00",
      "count": 1,
      "pitch_percent": 0.03125,
      "rhh_percent": 0.038461538461538464,
      "lhh_percent": 0,
      "start_speed": 94.2,
      "max_start_speed": 94.2,
      "ivb": 11.9,
      "hb": 13.2,
      "release_pos_z": 6.395625831350808,
      "release_pos_x": 1.0670358125341362,
      "extension": 6.568056792359545,
      "pitches": 5,
      "whiffs": 1,
      "swings": 3,
      "spin_rate": 1957,
      "swing_miss_percent": 33.3,
      "arm_angle": null,
      "barrels_per_pa_percent": null,
      "hardhit_percent": null,
      "whiffs_per_pitch": 0.2,
      "active_spin_percent": null
    }
  ]
}