{
  "pitcher_id": "621074",
  "pitcher_name": "Michael Rucker",
  "mlbam_id": "621074",
  "arm_angle_source": "dataset",
  "pitches": [
    {
      "code": "FF",
      "title": "four-seam fastball",
      "color": "#D22D49",
      "count": 11,
      "pitch_percent": 0.6875,
      "rhh_percent": 0.6,
      "lhh_percent": 0.8333333333333334,
      "start_speed": 95.81818181818181,
      "max_start_speed": 96.7,
      "ivb": 15.518181818181818,
      "hb": 7.018181818181817,
      "release_pos_z": 5.5492891175085735,
      "release_pos_x": 2.1553740236517798,
      "extension": 6.171976741048522,
      "pitches": 41,
      "whiffs": 9,
      "swings": 25,
      "spin_rate": 2269,
      "swing_miss_percent": 36,
      "arm_angle": null,
      "barrels_per_pa_percent": 0,
      "hardhit_percent": 7.142857142857142,
      "whiffs_per_pitch": 0.21951219512195122,
      "active_spin_percent": null
    },
    {
      "code": "CU",
      "title": "curveball",
      "color": "#00D2ED",
      "count": 4,
      "pitch_percent": 0.25,
      "rhh_percent": 0.3,
      "lhh_percent": 0.16666666666666666,
      "start_speed": 81.825,
      "max_start_speed": 83,
      "ivb": -7.975,
      "hb": -16.15,
      "release_pos_z": 5.407593120826444,
      "release_pos_x": 2.2446551432588704,
      "extension": 6.153822494199266,
      "pitches": 22,
      "whiffs": 5,
      "swings": 9,
      "spin_rate": 2669,
      "swing_miss_percent": 55.6,
      "arm_angle": null,
      "barrels_per_pa_percent": 0,
      "hardhit_percent": 33.33333333333333,
      "whiffs_per_pitch": 0.22727272727272727,
      "active_spin_percent": null
    },
    {
      "code": "SI",
      "title": "sinker",
      "color": "#FE9E00",
      "count": 1,
      "pitch_percent": 0.0625,
      "rhh_percent": 0.1,
      "lhh_percent": 0,
      "start_speed": 95.2,
      "max_start_speed": 95.2,
      "ivb": 7.3,
      "hb": 16.6,
      "release_pos_z": 5.461323371875081,
      "release_pos_x": 2.2626496812684556,
      "extension": 5.998614337966108,
      "pitches": 9,
      "whiffs": 1,
      "swings": 5,
      "spin_rate": 2243,
      "swing_miss_percent": 20,
      "arm_angle": null,
      "barrels_per_pa_percent": 0,
      "hardhit_percent": 66.66666666666666,
      "whiffs_per_pitch": 0.1111111111111111,
      "active_spin_percent": null
    }
  ]
}