{
  "pitcher_id": "622608",
  "pitcher_name": "Antonio Senzatela",
  "mlbam_id": "622608",
  "arm_angle_source": "dataset",
  "pitches": [
    {
      "code": "FF",
      "title": "four-seam fastball",
      "color": "#D22D49",
      "count": 11,
      "pitch_percent": 0.3235294117647059,
      "rhh_percent": 0.21428571428571427,
      "lhh_percent": 0.4,
      "start_speed": 95.66363636363636,
      "max_start_speed": 96.9,
      "ivb": 14.327272727272724,
      "hb": 4.5636363636363635,
      "release_pos_z": 5.999895929156309,
      "release_pos_x": 2.1290531249413744,
      "extension": 6.130906115734188,
      "pitches": 16,
      "whiffs": 3,
      "swings": 11,
      "spin_rate": 2270,
      "swing_miss_percent": 27.3,
      "arm_angle": null,
      "barrels_per_pa_percent": 0,
      "hardhit_percent": 25,
      "whiffs_per_pitch": 0.1875,
      "active_spin_percent": null
    },
    {
      "code": "SL",
      "title": "slider",
      "color": "#EEE716",
      "count": 6,
      "pitch_percent": 0.17647058823529413,
      "rhh_percent": 0.2857142857142857,
      "lhh_percent": 0.1,
      "start_speed": 85.51666666666667,
      "max_start_speed": 90.4,
      "ivb": 9.166666666666666,
      "hb": -8.316666666666668,
      "release_pos_z": 6.121904704341726,
      "release_pos_x": 2.3750003358064036,
      "extension": 5.905079704400485,
      "pitches": 13,
      "whiffs": 1,
      "swings": 5,
      "spin_rate": 2282,
      "swing_miss_percent": 20,
      "arm_angle": null,
      "barrels_per_pa_percent": 0,
      "hardhit_percent": 100,
      "whiffs_per_pitch": 0.07692307692307693,
      "active_spin_percent": null
    },
    {
      "code": "CU",
      "title": "curveball",
      "color": "#00D2ED",
      "count": 6,
      "pitch_percent": 0.17647058823529413,
      "rhh_percent": 0,
      "lhh_percent": 0.3,
      "start_speed": 81.61666666666667,
      "max_start_speed": 83.4,
      "ivb": -5.483333333333333,
      "hb": -7.416666666666667,
      "release_pos_z": 6.126823109900162,
      "release_pos_x": 2.2803580136840083,
      "extension": 5.865123632435484,
      "pitches": 11,
      "whiffs": 2,
      "swings": 4,
      "spin_rate": 2490,
      "swing_miss_percent": 50,
      "arm_angle": null,
      "barrels_per_pa_percent": 0,
      "hardhit_percent": 0,
      "whiffs_per_pitch": 0.18181818181818182,
      "active_spin_percent": null
    },
    {
      "code": "SI",
      "title": "sinker",
      "color": "#FE9E00",
      "count": 6,
      "pitch_percent": 0.17647058823529413,
      "rhh_percent": 0.42857142857142855,
      "lhh_percent": 0,
      "start_speed": 95.35000000000001,
      "max_start_speed": 95.9,
      "ivb": 6.616666666666667,
      "hb": 12.716666666666669,
      "release_pos_z": 5.981688038599512,
      "release_pos_x": 2.2752071469294672,
      "extension": 6.147874926363894,
      "pitches": 14,
      "whiffs": 1,
      "swings": 4,
      "spin_rate": 2187,
      "swing_miss_percent": 25,
      "arm_angle": null,
      "barrels_per_pa_percent": 0,
      "hardhit_percent": 100,
      "whiffs_per_pitch": 0.07142857142857142,
      "active_spin_percent": null
    },
    {
      "code": "CH",
      "title": "changeup",
      "color": "#1DBF3A",
      "count": 5,
      "pitch_percent": 0.14705882352941177,
      "rhh_percent": 0.07142857142857142,
      "lhh_percent": 0.2,
      "start_speed": 88.97999999999999,
      "max_start_speed": 91.4,
      "ivb": 7.26,
      "hb": 11.419999999999998,
      "release_pos_z": 5.878328200339903,
      "release_pos_x": 2.423273411099594,
      "extension": 6.207065862466785,
      "pitches": 7,
      "whiffs": 0,
      "swings": 1,
      "spin_rate": 2273,
      "swing_miss_percent": 0,
      "arm_angle": null,
      "barrels_per_pa_percent": 0,
      "hardhit_percent": 0,
      "whiffs_per_pitch": 0,
      "active_spin_percent": null
    }
  ]
}