{
  "pitcher_id": "622663",
  "pitcher_name": "Luis Severino",
  "mlbam_id": "622663",
  "arm_angle_source": "dataset",
  "pitches": [
    {
      "code": "FC",
      "title": "cutter",
      "color": "#933F2C",
      "count": 9,
      "pitch_percent": 0.2647058823529412,
      "rhh_percent": 0,
      "lhh_percent": 0.3103448275862069,
      "start_speed": 94.31111111111112,
      "max_start_speed": 95.7,
      "ivb": 10.266666666666667,
      "hb": -1.5555555555555554,
      "release_pos_z": 5.892163522952682,
      "release_pos_x": 2.0701232535357885,
      "extension": 6.470523445395784,
      "pitches": 9,
      "whiffs": 2,
      "swings": 7,
      "spin_rate": 2238,
      "swing_miss_percent": 28.6,
      "arm_angle": null,
      "barrels_per_pa_percent": 0,
      "hardhit_percent": 0,
      "whiffs_per_pitch": 0.2222222222222222,
      "active_spin_percent": null
    },
    {
      "code": "FF",
      "title": "four-seam fastball",
      "color": "#D22D49",
      "count": 9,
      "pitch_percent": 0.2647058823529412,
      "rhh_percent": 0.6,
      "lhh_percent": 0.20689655172413793,
      "start_speed": 96.94444444444444,
      "max_start_speed": 97.8,
      "ivb": 16.211111111111116,
      "hb": 6.666666666666667,
      "release_pos_z": 5.966670512483417,
      "release_pos_x": 2.0372329462962973,
      "extension": 6.450917855729096,
      "pitches": 9,
      "whiffs": 1,
      "swings": 5,
      "spin_rate": 2169,
      "swing_miss_percent": 20,
      "arm_angle": null,
      "barrels_per_pa_percent": 0,
      "hardhit_percent": 0,
      "whiffs_per_pitch": 0.1111111111111111,
      "active_spin_percent": null
    },
    {
      "code": "ST",
      "title": "sweeper",
      "color": "#DDB43A",
      "count": 7,
      "pitch_percent": 0.20588235294117646,
      "rhh_percent": 0,
      "lhh_percent": 0.2413793103448276,
      "start_speed": 86.34285714285716,
      "max_start_speed": 87.7,
      "ivb": 4.371428571428571,
      "hb": -16.814285714285713,
      "release_pos_z": 5.721671416267034,
      "release_pos_x": 2.2883187515456584,
      "extension": 6.459212533046412,
      "pitches": 7,
      "whiffs": 0,
      "swings": 2,
      "spin_rate": 2520,
      "swing_miss_percent": 0,
      "arm_angle": null,
      "barrels_per_pa_percent": 0,
      "hardhit_percent": 0,
      "whiffs_per_pitch": 0,
      "active_spin_percent": null
    },
    {
      "code": "SI",
      "title": "sinker",
      "color": "#FE9E00",
      "count": 5,
      "pitch_percent": 0.14705882352941177,
      "rhh_percent": 0.4,
      "lhh_percent": 0.10344827586206896,
      "start_speed": 96.82000000000001,
      "max_start_speed": 97.3,
      "ivb": 12.52,
      "hb": 13.48,
      "release_pos_z": 5.9610161417975815,
      "release_pos_x": 2.067632620659014,
      "extension": 6.533703237369795,
      "pitches": 5,
      "whiffs": 0,
      "swings": 2,
      "spin_rate": 2136,
      "swing_miss_percent": 0,
      "arm_angle": null,
      "barrels_per_pa_percent": 0,
      "hardhit_percent": 0,
      "whiffs_per_pitch": 0,
      "active_spin_percent": null
    },
    {
      "code": "CH",
      "title": "changeup",
      "color": "#1DBF3A",
      "count": 4,
      "pitch_percent": 0.11764705882352941,
      "rhh_percent": 0,
      "lhh_percent": 0.13793103448275862,
      "start_speed": 87.85,
      "max_start_speed": 88.5,
      "ivb": 5.425,
      "hb": 15.575000000000001,
      "release_pos_z": 5.865275480003323,
      "release_pos_x": 1.9082046932429577,
      "extension": 6.697413612485081,
      "pitches": 4,
      "whiffs": 1,
      "swings": 3,
      "spin_rate": 1641,
      "swing_miss_percent": 33.3,
      "arm_angle": null,
      "barrels_per_pa_percent": 0,
      "hardhit_percent": 100,
      "whiffs_per_pitch": 0.25,
      "active_spin_percent": null
    }
  ]
}