{
  "pitcher_id": "623433",
  "pitcher_name": "Nick Anderson",
  "mlbam_id": "623433",
  "arm_angle_source": "dataset",
  "pitches": [
    {
      "code": "FF",
      "title": "four-seam fastball",
      "color": "#D22D49",
      "count": 8,
      "pitch_percent": 0.6153846153846154,
      "rhh_percent": 0,
      "lhh_percent": 0.6666666666666666,
      "start_speed": 93.5375,
      "max_start_speed": 94.5,
      "ivb": 17.775,
      "hb": 6.2749999999999995,
      "release_pos_z": 6.6157066435656695,
      "release_pos_x": 0.74482329874512,
      "extension": 6.224637134879506,
      "pitches": 72,
      "whiffs": 10,
      "swings": 38,
      "spin_rate": 2212,
      "swing_miss_percent": 26.3,
      "arm_angle": null,
      "barrels_per_pa_percent": 6.25,
      "hardhit_percent": 77.77777777777779,
      "whiffs_per_pitch": 0.1388888888888889,
      "active_spin_percent": null
    },
    {
      "code": "CH",
      "title": "changeup",
      "color": "#1DBF3A",
      "count": 3,
      "pitch_percent": 0.23076923076923078,
      "rhh_percent": 0,
      "lhh_percent": 0.25,
      "start_speed": 87.96666666666665,
      "max_start_speed": 88.6,
      "ivb": 9.6,
      "hb": 13.766666666666666,
      "release_pos_z": 6.488449709397391,
      "release_pos_x": 0.9325372383816521,
      "extension": 6.176487683407932,
      "pitches": 24,
      "whiffs": 5,
      "swings": 14,
      "spin_rate": 1707,
      "swing_miss_percent": 35.7,
      "arm_angle": null,
      "barrels_per_pa_percent": 0,
      "hardhit_percent": 20,
      "whiffs_per_pitch": 0.20833333333333334,
      "active_spin_percent": null
    },
    {
      "code": "CU",
      "title": "curveball",
      "color": "#00D2ED",
      "count": 2,
      "pitch_percent": 0.15384615384615385,
      "rhh_percent": 1,
      "lhh_percent": 0.08333333333333333,
      "start_speed": 82.75,
      "max_start_speed": 83,
      "ivb": 3.3,
      "hb": -2.65,
      "release_pos_z": 6.609231641854931,
      "release_pos_x": 0.647919976650713,
      "extension": 6.249440468561486,
      "pitches": 19,
      "whiffs": 2,
      "swings": 7,
      "spin_rate": 1871,
      "swing_miss_percent": 28.6,
      "arm_angle": null,
      "barrels_per_pa_percent": 0,
      "hardhit_percent": 100,
      "whiffs_per_pitch": 0.10526315789473684,
      "active_spin_percent": null
    }
  ]
}