{
  "pitcher_id": "623437",
  "pitcher_name": "Justin Topa",
  "mlbam_id": "623437",
  "arm_angle_source": "dataset",
  "pitches": [
    {
      "code": "ST",
      "title": "sweeper",
      "color": "#DDB43A",
      "count": 10,
      "pitch_percent": 0.4,
      "rhh_percent": 0.5294117647058824,
      "lhh_percent": 0.125,
      "start_speed": 81.81000000000002,
      "max_start_speed": 83.1,
      "ivb": 1.77,
      "hb": -13.98,
      "release_pos_z": 5.088365011450743,
      "release_pos_x": 2.612683885450504,
      "extension": 5.59826277865187,
      "pitches": 35,
      "whiffs": 3,
      "swings": 15,
      "spin_rate": 2686,
      "swing_miss_percent": 20,
      "arm_angle": null,
      "barrels_per_pa_percent": 11.11111111111111,
      "hardhit_percent": 50,
      "whiffs_per_pitch": 0.08571428571428572,
      "active_spin_percent": null
    },
    {
      "code": "SI",
      "title": "sinker",
      "color": "#FE9E00",
      "count": 8,
      "pitch_percent": 0.32,
      "rhh_percent": 0.4117647058823529,
      "lhh_percent": 0.125,
      "start_speed": 94.36250000000001,
      "max_start_speed": 94.7,
      "ivb": 0.6874999999999999,
      "hb": 16.812500000000004,
      "release_pos_z": 5.1176099672082955,
      "release_pos_x": 2.442696572835585,
      "extension": 5.81516552428672,
      "pitches": 45,
      "whiffs": 1,
      "swings": 14,
      "spin_rate": 2164,
      "swing_miss_percent": 7.1,
      "arm_angle": null,
      "barrels_per_pa_percent": 10,
      "hardhit_percent": 60,
      "whiffs_per_pitch": 0.022222222222222223,
      "active_spin_percent": null
    },
    {
      "code": "FC",
      "title": "cutter",
      "color": "#933F2C",
      "count": 5,
      "pitch_percent": 0.2,
      "rhh_percent": 0.058823529411764705,
      "lhh_percent": 0.5,
      "start_speed": 91.04,
      "max_start_speed": 91.9,
      "ivb": 6.760000000000001,
      "hb": 1.9200000000000004,
      "release_pos_z": 5.2273035372588215,
      "release_pos_x": 2.5488764106982997,
      "extension": 5.67201975021028,
      "pitches": 25,
      "whiffs": 4,
      "swings": 11,
      "spin_rate": 2284,
      "swing_miss_percent": 36.4,
      "arm_angle": null,
      "barrels_per_pa_percent": 0,
      "hardhit_percent": 33.33333333333333,
      "whiffs_per_pitch": 0.16,
      "active_spin_percent": null
    },
    {
      "code": "CH",
      "title": "changeup",
      "color": "#1DBF3A",
      "count": 2,
      "pitch_percent": 0.08,
      "rhh_percent": 0,
      "lhh_percent": 0.25,
      "start_speed": 86.95,
      "max_start_speed": 87.2,
      "ivb": -5.15,
      "hb": 13.75,
      "release_pos_z": 5.0728051925914235,
      "release_pos_x": 2.610238104240735,
      "extension": 5.911368533841481,
      "pitches": 12,
      "whiffs": 4,
      "swings": 6,
      "spin_rate": 1849,
      "swing_miss_percent": 66.7,
      "arm_angle": null,
      "barrels_per_pa_percent": null,
      "hardhit_percent": null,
      "whiffs_per_pitch": 0.3333333333333333,
      "active_spin_percent": null
    }
  ]
}