{
  "pitcher_id": "641540",
  "pitcher_name": "Dane Dunning",
  "mlbam_id": "641540",
  "arm_angle_source": "dataset",
  "pitches": [
    {
      "code": "SI",
      "title": "sinker",
      "color": "#FE9E00",
      "count": 14,
      "pitch_percent": 0.3783783783783784,
      "rhh_percent": 0.4166666666666667,
      "lhh_percent": 0.3076923076923077,
      "start_speed": 89.08571428571429,
      "max_start_speed": 90.3,
      "ivb": 11.478571428571426,
      "hb": 16.25,
      "release_pos_z": 5.975509313228282,
      "release_pos_x": 1.9153694962461942,
      "extension": 6.907730328407536,
      "pitches": 29,
      "whiffs": 3,
      "swings": 13,
      "spin_rate": 2054,
      "swing_miss_percent": 23.1,
      "arm_angle": null,
      "barrels_per_pa_percent": 14.285714285714285,
      "hardhit_percent": 50,
      "whiffs_per_pitch": 0.10344827586206896,
      "active_spin_percent": null
    },
    {
      "code": "FC",
      "title": "cutter",
      "color": "#933F2C",
      "count": 10,
      "pitch_percent": 0.2702702702702703,
      "rhh_percent": 0.20833333333333334,
      "lhh_percent": 0.38461538461538464,
      "start_speed": 87.33,
      "max_start_speed": 88.5,
      "ivb": 14.190000000000001,
      "hb": -0.10000000000000005,
      "release_pos_z": 5.951469395977749,
      "release_pos_x": 1.9194470706462414,
      "extension": 6.899123219059217,
      "pitches": 19,
      "whiffs": 3,
      "swings": 10,
      "spin_rate": 2110,
      "swing_miss_percent": 30,
      "arm_angle": null,
      "barrels_per_pa_percent": 0,
      "hardhit_percent": 33.33333333333333,
      "whiffs_per_pitch": 0.15789473684210525,
      "active_spin_percent": null
    },
    {
      "code": "SL",
      "title": "slider",
      "color": "#EEE716",
      "count": 8,
      "pitch_percent": 0.21621621621621623,
      "rhh_percent": 0.3333333333333333,
      "lhh_percent": 0,
      "start_speed": 79.825,
      "max_start_speed": 80.8,
      "ivb": -3.1999999999999993,
      "hb": -0.7999999999999999,
      "release_pos_z": 5.981796626123236,
      "release_pos_x": 1.9502878598474132,
      "extension": 6.668144693340305,
      "pitches": 17,
      "whiffs": 1,
      "swings": 5,
      "spin_rate": 2215,
      "swing_miss_percent": 20,
      "arm_angle": null,
      "barrels_per_pa_percent": 0,
      "hardhit_percent": 25,
      "whiffs_per_pitch": 0.058823529411764705,
      "active_spin_percent": null
    },
    {
      "code": "CH",
      "title": "changeup",
      "color": "#1DBF3A",
      "count": 5,
      "pitch_percent": 0.13513513513513514,
      "rhh_percent": 0.041666666666666664,
      "lhh_percent": 0.3076923076923077,
      "start_speed": 84.44,
      "max_start_speed": 85.2,
      "ivb": 7.840000000000001,
      "hb": 17.56,
      "release_pos_z": 5.962317143946276,
      "release_pos_x": 2.0417034456567493,
      "extension": 6.761968072925974,
      "pitches": 10,
      "whiffs": 0,
      "swings": 5,
      "spin_rate": 1989,
      "swing_miss_percent": 0,
      "arm_angle": null,
      "barrels_per_pa_percent": 0,
      "hardhit_percent": 50,
      "whiffs_per_pitch": 0,
      "active_spin_percent": null
    }
  ]
}