{
  "pitcher_id": "641835",
  "pitcher_name": "Tim Mayza",
  "mlbam_id": "641835",
  "arm_angle_source": "dataset",
  "pitches": [
    {
      "code": "SI",
      "title": "sinker",
      "color": "#FE9E00",
      "count": 8,
      "pitch_percent": 0.7272727272727273,
      "rhh_percent": 0.6666666666666666,
      "lhh_percent": 0.8,
      "start_speed": 93.9125,
      "max_start_speed": 95.9,
      "ivb": 10.65,
      "hb": 15.999999999999998,
      "release_pos_z": 6.313416839165865,
      "release_pos_x": 1.8383110959886904,
      "extension": 6.779307802190864,
      "pitches": 55,
      "whiffs": 8,
      "swings": 26,
      "spin_rate": 2006,
      "swing_miss_percent": 30.8,
      "arm_angle": null,
      "barrels_per_pa_percent": 13.333333333333334,
      "hardhit_percent": 72.72727272727273,
      "whiffs_per_pitch": 0.14545454545454545,
      "active_spin_percent": null
    },
    {
      "code": "SL",
      "title": "slider",
      "color": "#EEE716",
      "count": 3,
      "pitch_percent": 0.2727272727272727,
      "rhh_percent": 0.3333333333333333,
      "lhh_percent": 0.2,
      "start_speed": 85.86666666666667,
      "max_start_speed": 87.1,
      "ivb": -0.4666666666666666,
      "hb": -0.20000000000000004,
      "release_pos_z": 6.2877478344929925,
      "release_pos_x": 1.8909908039349272,
      "extension": 6.845142677536475,
      "pitches": 27,
      "whiffs": 4,
      "swings": 13,
      "spin_rate": 2147,
      "swing_miss_percent": 30.8,
      "arm_angle": null,
      "barrels_per_pa_percent": 10,
      "hardhit_percent": 62.5,
      "whiffs_per_pitch": 0.14814814814814814,
      "active_spin_percent": null
    }
  ]
}