{
  "pitcher_id": "642121",
  "pitcher_name": "Cole Sulser",
  "mlbam_id": "642121",
  "arm_angle_source": "dataset",
  "pitches": [
    {
      "code": "FC",
      "title": "cutter",
      "color": "#933F2C",
      "count": 5,
      "pitch_percent": 0.38461538461538464,
      "rhh_percent": 0.36363636363636365,
      "lhh_percent": 0.5,
      "start_speed": 85.97999999999999,
      "max_start_speed": 86.2,
      "ivb": 4.8,
      "hb": -7.159999999999999,
      "release_pos_z": 5.596192701909565,
      "release_pos_x": 1.8785325564423647,
      "extension": 6.483814223413167,
      "pitches": 13,
      "whiffs": 1,
      "swings": 5,
      "spin_rate": 2328,
      "swing_miss_percent": 20,
      "arm_angle": null,
      "barrels_per_pa_percent": 25,
      "hardhit_percent": 66.66666666666666,
      "whiffs_per_pitch": 0.07692307692307693,
      "active_spin_percent": null
    },
    {
      "code": "FF",
      "title": "four-seam fastball",
      "color": "#D22D49",
      "count": 4,
      "pitch_percent": 0.3076923076923077,
      "rhh_percent": 0.2727272727272727,
      "lhh_percent": 0.5,
      "start_speed": 90.92500000000001,
      "max_start_speed": 91.3,
      "ivb": 17.325000000000003,
      "hb": 4.55,
      "release_pos_z": 5.7483718608875405,
      "release_pos_x": 1.5418472662177751,
      "extension": 6.523629277329168,
      "pitches": 27,
      "whiffs": 5,
      "swings": 17,
      "spin_rate": 2339,
      "swing_miss_percent": 29.4,
      "arm_angle": null,
      "barrels_per_pa_percent": 0,
      "hardhit_percent": 66.66666666666666,
      "whiffs_per_pitch": 0.18518518518518517,
      "active_spin_percent": null
    },
    {
      "code": "CH",
      "title": "changeup",
      "color": "#1DBF3A",
      "count": 4,
      "pitch_percent": 0.3076923076923077,
      "rhh_percent": 0.36363636363636365,
      "lhh_percent": 0,
      "start_speed": 81.77499999999999,
      "max_start_speed": 82.1,
      "ivb": 1.2999999999999998,
      "hb": 9.274999999999999,
      "release_pos_z": 5.719945462586439,
      "release_pos_x": 1.716339111505453,
      "extension": 6.475627755209177,
      "pitches": 19,
      "whiffs": 2,
      "swings": 11,
      "spin_rate": 1624,
      "swing_miss_percent": 18.2,
      "arm_angle": null,
      "barrels_per_pa_percent": 0,
      "hardhit_percent": 16.666666666666664,
      "whiffs_per_pitch": 0.10526315789473684,
      "active_spin_percent": null
    }
  ]
}