{
  "pitcher_id": "643511",
  "pitcher_name": "Tyler Rogers",
  "mlbam_id": "643511",
  "arm_angle_source": "dataset",
  "pitches": [
    {
      "code": "SI",
      "title": "sinker",
      "color": "#FE9E00",
      "count": 12,
      "pitch_percent": 0.7058823529411765,
      "rhh_percent": 0.6363636363636364,
      "lhh_percent": 0.8333333333333334,
      "start_speed": 82.79166666666667,
      "max_start_speed": 83.9,
      "ivb": -12.325000000000001,
      "hb": 5.183333333333333,
      "release_pos_z": 1.6353711602307974,
      "release_pos_x": 3.9760564898583115,
      "extension": 6.236263259557503,
      "pitches": 34,
      "whiffs": 5,
      "swings": 16,
      "spin_rate": 2010,
      "swing_miss_percent": 31.3,
      "arm_angle": null,
      "barrels_per_pa_percent": 11.11111111111111,
      "hardhit_percent": 33.33333333333333,
      "whiffs_per_pitch": 0.14705882352941177,
      "active_spin_percent": null
    },
    {
      "code": "SL",
      "title": "slider",
      "color": "#EEE716",
      "count": 5,
      "pitch_percent": 0.29411764705882354,
      "rhh_percent": 0.36363636363636365,
      "lhh_percent": 0.16666666666666666,
      "start_speed": 74.26,
      "max_start_speed": 74.9,
      "ivb": 15.239999999999998,
      "hb": -8.24,
      "release_pos_z": 1.6865415515211688,
      "release_pos_x": 3.9733096419886635,
      "extension": 6.181746515416956,
      "pitches": 15,
      "whiffs": 1,
      "swings": 8,
      "spin_rate": 2474,
      "swing_miss_percent": 12.5,
      "arm_angle": null,
      "barrels_per_pa_percent": 0,
      "hardhit_percent": 50,
      "whiffs_per_pitch": 0.06666666666666667,
      "active_spin_percent": null
    }
  ]
}