{
  "pitcher_id": "656257",
  "pitcher_name": "Jeff Brigham",
  "mlbam_id": "656257",
  "arm_angle_source": "dataset",
  "pitches": [
    {
      "code": "FF",
      "title": "four-seam fastball",
      "color": "#D22D49",
      "count": 6,
      "pitch_percent": 0.42857142857142855,
      "rhh_percent": 0.5,
      "lhh_percent": 0.4166666666666667,
      "start_speed": 93.7,
      "max_start_speed": 94.1,
      "ivb": 18.15,
      "hb": 9.016666666666667,
      "release_pos_z": 5.754399616459647,
      "release_pos_x": 1.7033297959421727,
      "extension": 5.885406857839015,
      "pitches": 12,
      "whiffs": 0,
      "swings": 7,
      "spin_rate": 2311,
      "swing_miss_percent": 0,
      "arm_angle": null,
      "barrels_per_pa_percent": 0,
      "hardhit_percent": 33.33333333333333,
      "whiffs_per_pitch": 0,
      "active_spin_percent": null
    },
    {
      "code": "FC",
      "title": "cutter",
      "color": "#933F2C",
      "count": 4,
      "pitch_percent": 0.2857142857142857,
      "rhh_percent": 0,
      "lhh_percent": 0.3333333333333333,
      "start_speed": 87.775,
      "max_start_speed": 88.3,
      "ivb": 4.55,
      "hb": -0.7499999999999998,
      "release_pos_z": 5.535931288683358,
      "release_pos_x": 1.9897727324877308,
      "extension": 5.926040339466017,
      "pitches": 8,
      "whiffs": 1,
      "swings": 5,
      "spin_rate": 2256,
      "swing_miss_percent": 20,
      "arm_angle": null,
      "barrels_per_pa_percent": 0,
      "hardhit_percent": 50,
      "whiffs_per_pitch": 0.125,
      "active_spin_percent": null
    },
    {
      "code": "ST",
      "title": "sweeper",
      "color": "#DDB43A",
      "count": 3,
      "pitch_percent": 0.21428571428571427,
      "rhh_percent": 0.5,
      "lhh_percent": 0.16666666666666666,
      "start_speed": 82.63333333333334,
      "max_start_speed": 82.9,
      "ivb": -5.233333333333333,
      "hb": -18.5,
      "release_pos_z": 5.584683477723186,
      "release_pos_x": 1.9265091078823373,
      "extension": 5.930162075837164,
      "pitches": 9,
      "whiffs": 1,
      "swings": 3,
      "spin_rate": 2963,
      "swing_miss_percent": 33.3,
      "arm_angle": null,
      "barrels_per_pa_percent": 0,
      "hardhit_percent": 50,
      "whiffs_per_pitch": 0.1111111111111111,
      "active_spin_percent": null
    },
    {
      "code": "FS",
      "title": "splitter",
      "color": "#3BACAC",
      "count": 1,
      "pitch_percent": 0.07142857142857142,
      "rhh_percent": 0,
      "lhh_percent": 0.08333333333333333,
      "start_speed": 87.1,
      "max_start_speed": 87.1,
      "ivb": 3,
      "hb": 15.4,
      "release_pos_z": 5.434362266852234,
      "release_pos_x": 2.1999991192085186,
      "extension": 5.646804267835109,
      "pitches": 1,
      "whiffs": 0,
      "swings": 0,
      "spin_rate": 1113,
      "swing_miss_percent": null,
      "arm_angle": null,
      "barrels_per_pa_percent": null,
      "hardhit_percent": null,
      "whiffs_per_pitch": 0,
      "active_spin_percent": null
    }
  ]
}