{
  "pitcher_id": "656271",
  "pitcher_name": "Brock Burke",
  "mlbam_id": "656271",
  "arm_angle_source": "dataset",
  "pitches": [
    {
      "code": "SL",
      "title": "slider",
      "color": "#EEE716",
      "count": 7,
      "pitch_percent": 0.3888888888888889,
      "rhh_percent": 0.2857142857142857,
      "lhh_percent": 0.45454545454545453,
      "start_speed": 83.64285714285714,
      "max_start_speed": 87.1,
      "ivb": 2.242857142857143,
      "hb": -1.1428571428571428,
      "release_pos_z": 6.484805785844478,
      "release_pos_x": 2.0789234145494833,
      "extension": 6.524585741365103,
      "pitches": 10,
      "whiffs": 2,
      "swings": 3,
      "spin_rate": 2266,
      "swing_miss_percent": 66.7,
      "arm_angle": null,
      "barrels_per_pa_percent": null,
      "hardhit_percent": null,
      "whiffs_per_pitch": 0.2,
      "active_spin_percent": null
    },
    {
      "code": "FF",
      "title": "four-seam fastball",
      "color": "#D22D49",
      "count": 5,
      "pitch_percent": 0.2777777777777778,
      "rhh_percent": 0.14285714285714285,
      "lhh_percent": 0.36363636363636365,
      "start_speed": 95.41999999999999,
      "max_start_speed": 97.4,
      "ivb": 15.780000000000001,
      "hb": 7.26,
      "release_pos_z": 6.537112057473067,
      "release_pos_x": 1.8813179996976768,
      "extension": 6.6330277530384265,
      "pitches": 9,
      "whiffs": 1,
      "swings": 7,
      "spin_rate": 2351,
      "swing_miss_percent": 14.3,
      "arm_angle": null,
      "barrels_per_pa_percent": 0,
      "hardhit_percent": 50,
      "whiffs_per_pitch": 0.1111111111111111,
      "active_spin_percent": null
    },
    {
      "code": "CH",
      "title": "changeup",
      "color": "#1DBF3A",
      "count": 4,
      "pitch_percent": 0.2222222222222222,
      "rhh_percent": 0.5714285714285714,
      "lhh_percent": 0,
      "start_speed": 87.15,
      "max_start_speed": 87.5,
      "ivb": 8.175,
      "hb": 13.075,
      "release_pos_z": 6.334271471725817,
      "release_pos_x": 2.005458440017341,
      "extension": 6.725757622834632,
      "pitches": 9,
      "whiffs": 0,
      "swings": 4,
      "spin_rate": 2039,
      "swing_miss_percent": 0,
      "arm_angle": null,
      "barrels_per_pa_percent": 33.33333333333333,
      "hardhit_percent": 100,
      "whiffs_per_pitch": 0,
      "active_spin_percent": null
    },
    {
      "code": "SI",
      "title": "sinker",
      "color": "#FE9E00",
      "count": 2,
      "pitch_percent": 0.1111111111111111,
      "rhh_percent": 0,
      "lhh_percent": 0.18181818181818182,
      "start_speed": 94.19999999999999,
      "max_start_speed": 94.3,
      "ivb": 10.3,
      "hb": 11.4,
      "release_pos_z": 6.517442994039053,
      "release_pos_x": 1.9506983053798774,
      "extension": 6.591684310235976,
      "pitches": 4,
      "whiffs": 0,
      "swings": 2,
      "spin_rate": 2218,
      "swing_miss_percent": 0,
      "arm_angle": null,
      "barrels_per_pa_percent": 0,
      "hardhit_percent": 0,
      "whiffs_per_pitch": 0,
      "active_spin_percent": null
    }
  ]
}