{
  "pitcher_id": "656240",
  "pitcher_name": "Scott Blewett",
  "mlbam_id": "656240",
  "arm_angle_source": "dataset",
  "pitches": [
    {
      "code": "FF",
      "title": "four-seam fastball",
      "color": "#D22D49",
      "count": 6,
      "pitch_percent": 0.3,
      "rhh_percent": 0.2727272727272727,
      "lhh_percent": 0.3333333333333333,
      "start_speed": 94.48333333333333,
      "max_start_speed": 95,
      "ivb": 14.216666666666667,
      "hb": 7.116666666666667,
      "release_pos_z": 6.300618411209077,
      "release_pos_x": 1.3680899322604354,
      "extension": 6.891803877536181,
      "pitches": 5,
      "whiffs": 0,
      "swings": 1,
      "spin_rate": 2209,
      "swing_miss_percent": 0,
      "arm_angle": null,
      "barrels_per_pa_percent": 0,
      "hardhit_percent": 0,
      "whiffs_per_pitch": 0,
      "active_spin_percent": null
    },
    {
      "code": "SL",
      "title": "slider",
      "color": "#EEE716",
      "count": 6,
      "pitch_percent": 0.3,
      "rhh_percent": 0.18181818181818182,
      "lhh_percent": 0.4444444444444444,
      "start_speed": 85.83333333333333,
      "max_start_speed": 89.9,
      "ivb": 2.6166666666666667,
      "hb": -3.033333333333333,
      "release_pos_z": 6.203815132907892,
      "release_pos_x": 1.5465016264921998,
      "extension": 6.771456411295092,
      "pitches": 6,
      "whiffs": 0,
      "swings": 0,
      "spin_rate": 2204,
      "swing_miss_percent": null,
      "arm_angle": null,
      "barrels_per_pa_percent": null,
      "hardhit_percent": null,
      "whiffs_per_pitch": 0,
      "active_spin_percent": null
    },
    {
      "code": "SI",
      "title": "sinker",
      "color": "#FE9E00",
      "count": 5,
      "pitch_percent": 0.25,
      "rhh_percent": 0.45454545454545453,
      "lhh_percent": 0,
      "start_speed": 95.22,
      "max_start_speed": 95.6,
      "ivb": 14.120000000000001,
      "hb": 13.260000000000002,
      "release_pos_z": 6.201046204417189,
      "release_pos_x": 1.4578470072807643,
      "extension": 6.968721702778407,
      "pitches": 6,
      "whiffs": 0,
      "swings": 3,
      "spin_rate": 2093,
      "swing_miss_percent": 0,
      "arm_angle": null,
      "barrels_per_pa_percent": 0,
      "hardhit_percent": 100,
      "whiffs_per_pitch": 0,
      "active_spin_percent": null
    },
    {
      "code": "FS",
      "title": "splitter",
      "color": "#3BACAC",
      "count": 3,
      "pitch_percent": 0.15,
      "rhh_percent": 0.09090909090909091,
      "lhh_percent": 0.2222222222222222,
      "start_speed": 85.16666666666667,
      "max_start_speed": 86.4,
      "ivb": 1.9000000000000001,
      "hb": 8.566666666666668,
      "release_pos_z": 6.164652632687523,
      "release_pos_x": 1.5881600279767027,
      "extension": 6.871192747197948,
      "pitches": 3,
      "whiffs": 1,
      "swings": 1,
      "spin_rate": 852,
      "swing_miss_percent": 100,
      "arm_angle": null,
      "barrels_per_pa_percent": null,
      "hardhit_percent": null,
      "whiffs_per_pitch": 0.3333333333333333,
      "active_spin_percent": null
    }
  ]
}