{
  "pitcher_id": "656427",
  "pitcher_name": "Jack Flaherty",
  "mlbam_id": "656427",
  "arm_angle_source": "dataset",
  "pitches": [
    {
      "code": "FF",
      "title": "four-seam fastball",
      "color": "#D22D49",
      "count": 9,
      "pitch_percent": 0.5,
      "rhh_percent": 0.5714285714285714,
      "lhh_percent": 0.45454545454545453,
      "start_speed": 93.74444444444445,
      "max_start_speed": 95.2,
      "ivb": 15.877777777777775,
      "hb": 6.699999999999999,
      "release_pos_z": 5.516422615043309,
      "release_pos_x": 2.5976210663935704,
      "extension": 6.641914262149983,
      "pitches": 9,
      "whiffs": 2,
      "swings": 4,
      "spin_rate": 2232,
      "swing_miss_percent": 50,
      "arm_angle": null,
      "barrels_per_pa_percent": 0,
      "hardhit_percent": 100,
      "whiffs_per_pitch": 0.2222222222222222,
      "active_spin_percent": null
    },
    {
      "code": "KC",
      "title": "knuckle curve",
      "color": "#6236CD",
      "count": 3,
      "pitch_percent": 0.16666666666666666,
      "rhh_percent": 0.14285714285714285,
      "lhh_percent": 0.18181818181818182,
      "start_speed": 79.7,
      "max_start_speed": 81,
      "ivb": -9.066666666666668,
      "hb": -11.299999999999999,
      "release_pos_z": 5.518305537146889,
      "release_pos_x": 2.6100853328462583,
      "extension": 6.489008858798704,
      "pitches": 3,
      "whiffs": 0,
      "swings": 1,
      "spin_rate": 2437,
      "swing_miss_percent": 0,
      "arm_angle": null,
      "barrels_per_pa_percent": null,
      "hardhit_percent": null,
      "whiffs_per_pitch": 0,
      "active_spin_percent": null
    },
    {
      "code": "SL",
      "title": "slider",
      "color": "#EEE716",
      "count": 3,
      "pitch_percent": 0.16666666666666666,
      "rhh_percent": 0.14285714285714285,
      "lhh_percent": 0.18181818181818182,
      "start_speed": 87.13333333333333,
      "max_start_speed": 88,
      "ivb": 2.9333333333333336,
      "hb": -6.533333333333334,
      "release_pos_z": 5.533587575071704,
      "release_pos_x": 2.692398925312478,
      "extension": 6.525276017488403,
      "pitches": 3,
      "whiffs": 0,
      "swings": 3,
      "spin_rate": 2439,
      "swing_miss_percent": 0,
      "arm_angle": null,
      "barrels_per_pa_percent": 50,
      "hardhit_percent": 100,
      "whiffs_per_pitch": 0,
      "active_spin_percent": null
    },
    {
      "code": "CH",
      "title": "changeup",
      "color": "#1DBF3A",
      "count": 2,
      "pitch_percent": 0.1111111111111111,
      "rhh_percent": 0,
      "lhh_percent": 0.18181818181818182,
      "start_speed": 86.2,
      "max_start_speed": 86.4,
      "ivb": 9.350000000000001,
      "hb": 12.95,
      "release_pos_z": 5.4423587862655864,
      "release_pos_x": 2.906851727334547,
      "extension": 6.5954359424956515,
      "pitches": 2,
      "whiffs": 0,
      "swings": 0,
      "spin_rate": 1647,
      "swing_miss_percent": null,
      "arm_angle": null,
      "barrels_per_pa_percent": null,
      "hardhit_percent": null,
      "whiffs_per_pitch": 0,
      "active_spin_percent": null
    },
    {
      "code": "SI",
      "title": "sinker",
      "color": "#FE9E00",
      "count": 1,
      "pitch_percent": 0.05555555555555555,
      "rhh_percent": 0.14285714285714285,
      "lhh_percent": 0,
      "start_speed": 91.7,
      "max_start_speed": 91.7,
      "ivb": 6,
      "hb": 13.7,
      "release_pos_z": 5.325009227142674,
      "release_pos_x": 2.656793951485209,
      "extension": 6.670708508348528,
      "pitches": 1,
      "whiffs": 0,
      "swings": 0,
      "spin_rate": 2033,
      "swing_miss_percent": null,
      "arm_angle": null,
      "barrels_per_pa_percent": null,
      "hardhit_percent": null,
      "whiffs_per_pitch": 0,
      "active_spin_percent": null
    }
  ]
}