{
  "pitcher_id": "656605",
  "pitcher_name": "Mitch Keller",
  "mlbam_id": "656605",
  "arm_angle_source": "dataset",
  "pitches": [
    {
      "code": "ST",
      "title": "sweeper",
      "color": "#DDB43A",
      "count": 7,
      "pitch_percent": 0.2692307692307692,
      "rhh_percent": 0.25,
      "lhh_percent": 0.2777777777777778,
      "start_speed": 82.35714285714286,
      "max_start_speed": 83.5,
      "ivb": -0.3428571428571428,
      "hb": -20.014285714285716,
      "release_pos_z": 5.6318462105055955,
      "release_pos_x": 2.3600993372174828,
      "extension": 6.419238760514413,
      "pitches": 18,
      "whiffs": 2,
      "swings": 13,
      "spin_rate": 2626,
      "swing_miss_percent": 15.4,
      "arm_angle": null,
      "barrels_per_pa_percent": 0,
      "hardhit_percent": 50,
      "whiffs_per_pitch": 0.1111111111111111,
      "active_spin_percent": null
    },
    {
      "code": "CH",
      "title": "changeup",
      "color": "#1DBF3A",
      "count": 6,
      "pitch_percent": 0.23076923076923078,
      "rhh_percent": 0,
      "lhh_percent": 0.3333333333333333,
      "start_speed": 89.06666666666666,
      "max_start_speed": 90.4,
      "ivb": 0.45,
      "hb": 6.3500000000000005,
      "release_pos_z": 5.807664052119719,
      "release_pos_x": 2.0846728827665744,
      "extension": 6.5016621655134905,
      "pitches": 13,
      "whiffs": 2,
      "swings": 6,
      "spin_rate": 1496,
      "swing_miss_percent": 33.3,
      "arm_angle": null,
      "barrels_per_pa_percent": 0,
      "hardhit_percent": 100,
      "whiffs_per_pitch": 0.15384615384615385,
      "active_spin_percent": null
    },
    {
      "code": "FF",
      "title": "four-seam fastball",
      "color": "#D22D49",
      "count": 6,
      "pitch_percent": 0.23076923076923078,
      "rhh_percent": 0.125,
      "lhh_percent": 0.2777777777777778,
      "start_speed": 93.76666666666667,
      "max_start_speed": 94.9,
      "ivb": 12.5,
      "hb": 4.8999999999999995,
      "release_pos_z": 5.806267177637778,
      "release_pos_x": 2.1263052928716526,
      "extension": 6.462896077244615,
      "pitches": 17,
      "whiffs": 3,
      "swings": 11,
      "spin_rate": 2354,
      "swing_miss_percent": 27.3,
      "arm_angle": null,
      "barrels_per_pa_percent": 0,
      "hardhit_percent": 0,
      "whiffs_per_pitch": 0.17647058823529413,
      "active_spin_percent": null
    },
    {
      "code": "SI",
      "title": "sinker",
      "color": "#FE9E00",
      "count": 6,
      "pitch_percent": 0.23076923076923078,
      "rhh_percent": 0.625,
      "lhh_percent": 0.05555555555555555,
      "start_speed": 92.31666666666666,
      "max_start_speed": 93.3,
      "ivb": 2.216666666666667,
      "hb": 7.433333333333333,
      "release_pos_z": 5.795690446337438,
      "release_pos_x": 2.1320355143952128,
      "extension": 6.520593834436205,
      "pitches": 16,
      "whiffs": 1,
      "swings": 8,
      "spin_rate": 2351,
      "swing_miss_percent": 12.5,
      "arm_angle": null,
      "barrels_per_pa_percent": 0,
      "hardhit_percent": 40,
      "whiffs_per_pitch": 0.0625,
      "active_spin_percent": null
    },
    {
      "code": "CU",
      "title": "curveball",
      "color": "#00D2ED",
      "count": 1,
      "pitch_percent": 0.038461538461538464,
      "rhh_percent": 0,
      "lhh_percent": 0.05555555555555555,
      "start_speed": 79.1,
      "max_start_speed": 79.1,
      "ivb": -15.5,
      "hb": -13.1,
      "release_pos_z": 5.85830336167966,
      "release_pos_x": 1.9974774510181688,
      "extension": 6.500770565593852,
      "pitches": 7,
      "whiffs": 2,
      "swings": 2,
      "spin_rate": 2582,
      "swing_miss_percent": 100,
      "arm_angle": null,
      "barrels_per_pa_percent": null,
      "hardhit_percent": null,
      "whiffs_per_pitch": 0.2857142857142857,
      "active_spin_percent": null
    }
  ]
}