{
  "pitcher_id": "656786",
  "pitcher_name": "Parker Mushinski",
  "mlbam_id": "656786",
  "arm_angle_source": "dataset",
  "pitches": [
    {
      "code": "FC",
      "title": "cutter",
      "color": "#933F2C",
      "count": 7,
      "pitch_percent": 0.3181818181818182,
      "rhh_percent": 0.3333333333333333,
      "lhh_percent": 0.25,
      "start_speed": 89.1,
      "max_start_speed": 90.7,
      "ivb": 7.685714285714286,
      "hb": -6.257142857142857,
      "release_pos_z": 5.460229078717554,
      "release_pos_x": 1.8836163299912745,
      "extension": 6.485797790193949,
      "pitches": 39,
      "whiffs": 5,
      "swings": 15,
      "spin_rate": 2563,
      "swing_miss_percent": 33.3,
      "arm_angle": null,
      "barrels_per_pa_percent": 0,
      "hardhit_percent": 0,
      "whiffs_per_pitch": 0.1282051282051282,
      "active_spin_percent": null
    },
    {
      "code": "FF",
      "title": "four-seam fastball",
      "color": "#D22D49",
      "count": 6,
      "pitch_percent": 0.2727272727272727,
      "rhh_percent": 0.2222222222222222,
      "lhh_percent": 0.5,
      "start_speed": 92.7,
      "max_start_speed": 93.2,
      "ivb": 13.066666666666668,
      "hb": 4.133333333333334,
      "release_pos_z": 5.4527734452875825,
      "release_pos_x": 1.8378180845679168,
      "extension": 6.412241934132166,
      "pitches": 32,
      "whiffs": 2,
      "swings": 15,
      "spin_rate": 2368,
      "swing_miss_percent": 13.3,
      "arm_angle": null,
      "barrels_per_pa_percent": 16.666666666666664,
      "hardhit_percent": 60,
      "whiffs_per_pitch": 0.0625,
      "active_spin_percent": null
    },
    {
      "code": "CU",
      "title": "curveball",
      "color": "#00D2ED",
      "count": 5,
      "pitch_percent": 0.22727272727272727,
      "rhh_percent": 0.2777777777777778,
      "lhh_percent": 0,
      "start_speed": 83.08,
      "max_start_speed": 83.8,
      "ivb": -9.16,
      "hb": -7.279999999999999,
      "release_pos_z": 5.428681673229475,
      "release_pos_x": 1.8195090009834307,
      "extension": 6.416023291821723,
      "pitches": 21,
      "whiffs": 2,
      "swings": 8,
      "spin_rate": 2676,
      "swing_miss_percent": 25,
      "arm_angle": null,
      "barrels_per_pa_percent": 0,
      "hardhit_percent": 66.66666666666666,
      "whiffs_per_pitch": 0.09523809523809523,
      "active_spin_percent": null
    },
    {
      "code": "SL",
      "title": "slider",
      "color": "#EEE716",
      "count": 4,
      "pitch_percent": 0.18181818181818182,
      "rhh_percent": 0.16666666666666666,
      "lhh_percent": 0.25,
      "start_speed": 83.35,
      "max_start_speed": 84.5,
      "ivb": 1.7750000000000004,
      "hb": -7.2250000000000005,
      "release_pos_z": 5.422973977426614,
      "release_pos_x": 1.924170561357966,
      "extension": 6.40897100569547,
      "pitches": 20,
      "whiffs": 5,
      "swings": 9,
      "spin_rate": 2596,
      "swing_miss_percent": 55.6,
      "arm_angle": null,
      "barrels_per_pa_percent": 0,
      "hardhit_percent": 50,
      "whiffs_per_pitch": 0.25,
      "active_spin_percent": null
    }
  ]
}