{
  "pitcher_id": "660623",
  "pitcher_name": "Huascar Ynoa",
  "mlbam_id": "660623",
  "arm_angle_source": "dataset",
  "pitches": [
    {
      "code": "FF",
      "title": "four-seam fastball",
      "color": "#D22D49",
      "count": 9,
      "pitch_percent": 0.6,
      "rhh_percent": 0.6,
      "lhh_percent": 0.6,
      "start_speed": 92.93333333333334,
      "max_start_speed": 94.3,
      "ivb": 14.444444444444445,
      "hb": 8.922222222222222,
      "release_pos_z": 6.0272062102756445,
      "release_pos_x": 1.9263119509156492,
      "extension": 6.051892023159089,
      "pitches": 47,
      "whiffs": 4,
      "swings": 24,
      "spin_rate": 2129,
      "swing_miss_percent": 16.7,
      "arm_angle": null,
      "barrels_per_pa_percent": 0,
      "hardhit_percent": 37.5,
      "whiffs_per_pitch": 0.0851063829787234,
      "active_spin_percent": null
    },
    {
      "code": "SL",
      "title": "slider",
      "color": "#EEE716",
      "count": 6,
      "pitch_percent": 0.4,
      "rhh_percent": 0.4,
      "lhh_percent": 0.4,
      "start_speed": 82.98333333333333,
      "max_start_speed": 84.1,
      "ivb": -1.3666666666666665,
      "hb": -1.9666666666666668,
      "release_pos_z": 5.692592673325623,
      "release_pos_x": 2.1921897831965924,
      "extension": 6.141745815124054,
      "pitches": 47,
      "whiffs": 6,
      "swings": 26,
      "spin_rate": 2360,
      "swing_miss_percent": 23.1,
      "arm_angle": null,
      "barrels_per_pa_percent": 7.142857142857142,
      "hardhit_percent": 18.181818181818183,
      "whiffs_per_pitch": 0.1276595744680851,
      "active_spin_percent": null
    }
  ]
}