{
  "pitcher_id": "661527",
  "pitcher_name": "Seth Martinez",
  "mlbam_id": "661527",
  "arm_angle_source": "dataset",
  "pitches": [
    {
      "code": "ST",
      "title": "sweeper",
      "color": "#DDB43A",
      "count": 8,
      "pitch_percent": 0.42105263157894735,
      "rhh_percent": 0.42857142857142855,
      "lhh_percent": 0.4,
      "start_speed": 78.73749999999998,
      "max_start_speed": 80,
      "ivb": 7.262499999999999,
      "hb": -13.850000000000001,
      "release_pos_z": 4.564504295901594,
      "release_pos_x": 2.4316993819694055,
      "extension": 6.8026722542244356,
      "pitches": 16,
      "whiffs": 2,
      "swings": 12,
      "spin_rate": 2411,
      "swing_miss_percent": 16.7,
      "arm_angle": null,
      "barrels_per_pa_percent": 12.5,
      "hardhit_percent": 57.14285714285714,
      "whiffs_per_pitch": 0.125,
      "active_spin_percent": null
    },
    {
      "code": "SI",
      "title": "sinker",
      "color": "#FE9E00",
      "count": 5,
      "pitch_percent": 0.2631578947368421,
      "rhh_percent": 0.35714285714285715,
      "lhh_percent": 0,
      "start_speed": 89.66,
      "max_start_speed": 90.2,
      "ivb": 1.28,
      "hb": 11.08,
      "release_pos_z": 4.5432512571879125,
      "release_pos_x": 2.3161966915702017,
      "extension": 6.849163909858605,
      "pitches": 11,
      "whiffs": 1,
      "swings": 3,
      "spin_rate": 2087,
      "swing_miss_percent": 33.3,
      "arm_angle": null,
      "barrels_per_pa_percent": 0,
      "hardhit_percent": 100,
      "whiffs_per_pitch": 0.09090909090909091,
      "active_spin_percent": null
    },
    {
      "code": "FF",
      "title": "four-seam fastball",
      "color": "#D22D49",
      "count": 3,
      "pitch_percent": 0.15789473684210525,
      "rhh_percent": 0.21428571428571427,
      "lhh_percent": 0,
      "start_speed": 90.33333333333333,
      "max_start_speed": 90.9,
      "ivb": 8.266666666666667,
      "hb": 8.166666666666666,
      "release_pos_z": 4.527260178778334,
      "release_pos_x": 2.2400289171924914,
      "extension": 6.741892893684052,
      "pitches": 4,
      "whiffs": 0,
      "swings": 1,
      "spin_rate": 2144,
      "swing_miss_percent": 0,
      "arm_angle": null,
      "barrels_per_pa_percent": 0,
      "hardhit_percent": 100,
      "whiffs_per_pitch": 0,
      "active_spin_percent": null
    },
    {
      "code": "FC",
      "title": "cutter",
      "color": "#933F2C",
      "count": 2,
      "pitch_percent": 0.10526315789473684,
      "rhh_percent": 0,
      "lhh_percent": 0.4,
      "start_speed": 86.55,
      "max_start_speed": 86.8,
      "ivb": 8.3,
      "hb": -2.1,
      "release_pos_z": 4.598469260885387,
      "release_pos_x": 2.2934040241664446,
      "extension": 6.664672101047769,
      "pitches": 4,
      "whiffs": 0,
      "swings": 1,
      "spin_rate": 2445,
      "swing_miss_percent": 0,
      "arm_angle": null,
      "barrels_per_pa_percent": null,
      "hardhit_percent": null,
      "whiffs_per_pitch": 0,
      "active_spin_percent": null
    },
    {
      "code": "CH",
      "title": "changeup",
      "color": "#1DBF3A",
      "count": 1,
      "pitch_percent": 0.05263157894736842,
      "rhh_percent": 0,
      "lhh_percent": 0.2,
      "start_speed": 82.6,
      "max_start_speed": 82.6,
      "ivb": -1.9,
      "hb": 10.8,
      "release_pos_z": 4.6625271471344565,
      "release_pos_x": 2.412272870304476,
      "extension": 6.854015874008933,
      "pitches": 4,
      "whiffs": 1,
      "swings": 1,
      "spin_rate": 1631,
      "swing_miss_percent": 100,
      "arm_angle": null,
      "barrels_per_pa_percent": null,
      "hardhit_percent": null,
      "whiffs_per_pitch": 0.25,
      "active_spin_percent": null
    }
  ]
}