{
  "pitcher_id": "661563",
  "pitcher_name": "Luis Gil",
  "mlbam_id": "661563",
  "arm_angle_source": "dataset",
  "pitches": [
    {
      "code": "FF",
      "title": "four-seam fastball",
      "color": "#D22D49",
      "count": 30,
      "pitch_percent": 0.625,
      "rhh_percent": 0.6666666666666666,
      "lhh_percent": 0.5714285714285714,
      "start_speed": 94.52,
      "max_start_speed": 96.6,
      "ivb": 17.493333333333336,
      "hb": 3.5866666666666664,
      "release_pos_z": 5.75937341399514,
      "release_pos_x": 2.8075533965765094,
      "extension": 6.654581761696485,
      "pitches": 62,
      "whiffs": 10,
      "swings": 41,
      "spin_rate": 2443,
      "swing_miss_percent": 24.4,
      "arm_angle": null,
      "barrels_per_pa_percent": 5.88235294117647,
      "hardhit_percent": 41.66666666666667,
      "whiffs_per_pitch": 0.16129032258064516,
      "active_spin_percent": null
    },
    {
      "code": "CH",
      "title": "changeup",
      "color": "#1DBF3A",
      "count": 10,
      "pitch_percent": 0.20833333333333334,
      "rhh_percent": 0.18518518518518517,
      "lhh_percent": 0.23809523809523808,
      "start_speed": 88.74,
      "max_start_speed": 90.3,
      "ivb": 6.32,
      "hb": 15.36,
      "release_pos_z": 5.269195505499555,
      "release_pos_x": 2.9389582243525556,
      "extension": 6.5507178719337364,
      "pitches": 24,
      "whiffs": 2,
      "swings": 10,
      "spin_rate": 1672,
      "swing_miss_percent": 20,
      "arm_angle": null,
      "barrels_per_pa_percent": 0,
      "hardhit_percent": 0,
      "whiffs_per_pitch": 0.08333333333333333,
      "active_spin_percent": null
    },
    {
      "code": "SL",
      "title": "slider",
      "color": "#EEE716",
      "count": 8,
      "pitch_percent": 0.16666666666666666,
      "rhh_percent": 0.14814814814814814,
      "lhh_percent": 0.19047619047619047,
      "start_speed": 84.2375,
      "max_start_speed": 85.5,
      "ivb": 5.4375,
      "hb": -10.200000000000001,
      "release_pos_z": 5.679480290688771,
      "release_pos_x": 2.9711496676507587,
      "extension": 6.60508728493067,
      "pitches": 13,
      "whiffs": 0,
      "swings": 6,
      "spin_rate": 2488,
      "swing_miss_percent": 0,
      "arm_angle": null,
      "barrels_per_pa_percent": null,
      "hardhit_percent": null,
      "whiffs_per_pitch": 0,
      "active_spin_percent": null
    }
  ]
}