{
  "pitcher_id": "661563",
  "pitcher_name": "Luis Gil",
  "mlbam_id": "661563",
  "arm_angle_source": "dataset",
  "pitches": [
    {
      "code": "FF",
      "title": "four-seam fastball",
      "color": "#D22D49",
      "count": 30,
      "pitch_percent": 0.625,
      "rhh_percent": 0.6666666666666666,
      "lhh_percent": 0.5714285714285714,
      "start_speed": 94.52,
      "max_start_speed": 96.6,
      "ivb": 17.493333333333336,
      "hb": 3.5866666666666664,
      "release_pos_z": 5.75937341399514,
      "release_pos_x": 2.8075533965765094,
      "extension": 6.654581761696485,
      "pitches": 156,
      "whiffs": 17,
      "swings": 90,
      "spin_rate": 2433,
      "swing_miss_percent": 18.9,
      "arm_angle": null,
      "barrels_per_pa_percent": 7.317073170731707,
      "hardhit_percent": 55.55555555555556,
      "whiffs_per_pitch": 0.10897435897435898,
      "active_spin_percent": null
    },
    {
      "code": "CH",
      "title": "changeup",
      "color": "#1DBF3A",
      "count": 10,
      "pitch_percent": 0.20833333333333334,
      "rhh_percent": 0.18518518518518517,
      "lhh_percent": 0.23809523809523808,
      "start_speed": 88.74,
      "max_start_speed": 90.3,
      "ivb": 6.32,
      "hb": 15.36,
      "release_pos_z": 5.269195505499555,
      "release_pos_x": 2.9389582243525556,
      "extension": 6.5507178719337364,
      "pitches": 44,
      "whiffs": 3,
      "swings": 15,
      "spin_rate": 1668,
      "swing_miss_percent": 20,
      "arm_angle": null,
      "barrels_per_pa_percent": 14.285714285714285,
      "hardhit_percent": 66.66666666666666,
      "whiffs_per_pitch": 0.06818181818181818,
      "active_spin_percent": null
    },
    {
      "code": "SL",
      "title": "slider",
      "color": "#EEE716",
      "count": 8,
      "pitch_percent": 0.16666666666666666,
      "rhh_percent": 0.14814814814814814,
      "lhh_percent": 0.19047619047619047,
      "start_speed": 84.2375,
      "max_start_speed": 85.5,
      "ivb": 5.4375,
      "hb": -10.200000000000001,
      "release_pos_z": 5.679480290688771,
      "release_pos_x": 2.9711496676507587,
      "extension": 6.60508728493067,
      "pitches": 85,
      "whiffs": 12,
      "swings": 41,
      "spin_rate": 2497,
      "swing_miss_percent": 29.3,
      "arm_angle": null,
      "barrels_per_pa_percent": 5.88235294117647,
      "hardhit_percent": 18.181818181818183,
      "whiffs_per_pitch": 0.1411764705882353,
      "active_spin_percent": null
    }
  ]
}