{
  "pitcher_id": "662253",
  "pitcher_name": "Andrés Muñoz",
  "mlbam_id": "662253",
  "arm_angle_source": "dataset",
  "pitches": [
    {
      "code": "SL",
      "title": "slider",
      "color": "#EEE716",
      "count": 11,
      "pitch_percent": 0.5789473684210527,
      "rhh_percent": 0.5333333333333333,
      "lhh_percent": 0.75,
      "start_speed": 84.10909090909091,
      "max_start_speed": 84.8,
      "ivb": -1.6454545454545455,
      "hb": -6.5636363636363635,
      "release_pos_z": 5.617233173381269,
      "release_pos_x": 2.5171598285729213,
      "extension": 6.569155068686288,
      "pitches": 26,
      "whiffs": 5,
      "swings": 12,
      "spin_rate": 2328,
      "swing_miss_percent": 41.7,
      "arm_angle": null,
      "barrels_per_pa_percent": 0,
      "hardhit_percent": 100,
      "whiffs_per_pitch": 0.19230769230769232,
      "active_spin_percent": null
    },
    {
      "code": "FF",
      "title": "four-seam fastball",
      "color": "#D22D49",
      "count": 7,
      "pitch_percent": 0.3684210526315789,
      "rhh_percent": 0.4,
      "lhh_percent": 0.25,
      "start_speed": 98.08571428571429,
      "max_start_speed": 99.2,
      "ivb": 13.042857142857143,
      "hb": 7.042857142857143,
      "release_pos_z": 5.599713746012094,
      "release_pos_x": 2.6062950510466156,
      "extension": 6.605999498074995,
      "pitches": 17,
      "whiffs": 2,
      "swings": 8,
      "spin_rate": 2291,
      "swing_miss_percent": 25,
      "arm_angle": null,
      "barrels_per_pa_percent": 14.285714285714285,
      "hardhit_percent": 50,
      "whiffs_per_pitch": 0.11764705882352941,
      "active_spin_percent": null
    },
    {
      "code": "SI",
      "title": "sinker",
      "color": "#FE9E00",
      "count": 1,
      "pitch_percent": 0.05263157894736842,
      "rhh_percent": 0.06666666666666667,
      "lhh_percent": 0,
      "start_speed": 97.7,
      "max_start_speed": 97.7,
      "ivb": 4.3,
      "hb": 18.8,
      "release_pos_z": 5.378112758462317,
      "release_pos_x": 2.6943419771660224,
      "extension": 6.6091016133493286,
      "pitches": 5,
      "whiffs": 1,
      "swings": 1,
      "spin_rate": 2238,
      "swing_miss_percent": 100,
      "arm_angle": null,
      "barrels_per_pa_percent": null,
      "hardhit_percent": null,
      "whiffs_per_pitch": 0.2,
      "active_spin_percent": null
    }
  ]
}