{
  "pitcher_id": "663399",
  "pitcher_name": "Brandon Waddell",
  "mlbam_id": "663399",
  "arm_angle_source": "dataset",
  "pitches": [
    {
      "code": "ST",
      "title": "sweeper",
      "color": "#DDB43A",
      "count": 5,
      "pitch_percent": 0.2777777777777778,
      "rhh_percent": 0.25,
      "lhh_percent": 0.3333333333333333,
      "start_speed": 78.58000000000001,
      "max_start_speed": 79.3,
      "ivb": 2.2800000000000002,
      "hb": -14.459999999999999,
      "release_pos_z": 5.967072646750294,
      "release_pos_x": 2.663137296404951,
      "extension": 5.928979349741047,
      "pitches": 5,
      "whiffs": 2,
      "swings": 4,
      "spin_rate": 2417,
      "swing_miss_percent": 50,
      "arm_angle": null,
      "barrels_per_pa_percent": null,
      "hardhit_percent": null,
      "whiffs_per_pitch": 0.4,
      "active_spin_percent": null
    },
    {
      "code": "SI",
      "title": "sinker",
      "color": "#FE9E00",
      "count": 5,
      "pitch_percent": 0.2777777777777778,
      "rhh_percent": 0.16666666666666666,
      "lhh_percent": 0.5,
      "start_speed": 92.47999999999999,
      "max_start_speed": 94.1,
      "ivb": 10.760000000000002,
      "hb": 15.16,
      "release_pos_z": 6.251304154792253,
      "release_pos_x": 2.322201825620482,
      "extension": 6.046323910815355,
      "pitches": 5,
      "whiffs": 0,
      "swings": 3,
      "spin_rate": 2071,
      "swing_miss_percent": 0,
      "arm_angle": null,
      "barrels_per_pa_percent": 0,
      "hardhit_percent": 0,
      "whiffs_per_pitch": 0,
      "active_spin_percent": null
    },
    {
      "code": "FF",
      "title": "four-seam fastball",
      "color": "#D22D49",
      "count": 5,
      "pitch_percent": 0.2777777777777778,
      "rhh_percent": 0.4166666666666667,
      "lhh_percent": 0,
      "start_speed": 92,
      "max_start_speed": 93.1,
      "ivb": 13.38,
      "hb": 4.660000000000001,
      "release_pos_z": 6.25262773964337,
      "release_pos_x": 2.245124429527902,
      "extension": 6.022675995940426,
      "pitches": 5,
      "whiffs": 1,
      "swings": 3,
      "spin_rate": 2124,
      "swing_miss_percent": 33.3,
      "arm_angle": null,
      "barrels_per_pa_percent": 0,
      "hardhit_percent": 100,
      "whiffs_per_pitch": 0.2,
      "active_spin_percent": null
    },
    {
      "code": "SL",
      "title": "slider",
      "color": "#EEE716",
      "count": 2,
      "pitch_percent": 0.1111111111111111,
      "rhh_percent": 0.08333333333333333,
      "lhh_percent": 0.16666666666666666,
      "start_speed": 86.7,
      "max_start_speed": 87.2,
      "ivb": 3.7,
      "hb": -5.1,
      "release_pos_z": 6.229874037658478,
      "release_pos_x": 2.310214215667599,
      "extension": 6.000277094651354,
      "pitches": 2,
      "whiffs": 1,
      "swings": 1,
      "spin_rate": 2233,
      "swing_miss_percent": 100,
      "arm_angle": null,
      "barrels_per_pa_percent": null,
      "hardhit_percent": null,
      "whiffs_per_pitch": 0.5,
      "active_spin_percent": null
    },
    {
      "code": "CH",
      "title": "changeup",
      "color": "#1DBF3A",
      "count": 1,
      "pitch_percent": 0.05555555555555555,
      "rhh_percent": 0.08333333333333333,
      "lhh_percent": 0,
      "start_speed": 85,
      "max_start_speed": 85,
      "ivb": 9.2,
      "hb": 13,
      "release_pos_z": 5.944054152723281,
      "release_pos_x": 2.6010122064445853,
      "extension": 5.954387253364034,
      "pitches": 1,
      "whiffs": 0,
      "swings": 1,
      "spin_rate": 1465,
      "swing_miss_percent": 0,
      "arm_angle": null,
      "barrels_per_pa_percent": null,
      "hardhit_percent": null,
      "whiffs_per_pitch": 0,
      "active_spin_percent": null
    }
  ]
}