{
  "pitcher_id": "663567",
  "pitcher_name": "Peter Lambert",
  "mlbam_id": "663567",
  "arm_angle_source": "dataset",
  "pitches": [
    {
      "code": "FF",
      "title": "four-seam fastball",
      "color": "#D22D49",
      "count": 9,
      "pitch_percent": 0.5294117647058824,
      "rhh_percent": 0.6666666666666666,
      "lhh_percent": 0.2,
      "start_speed": 95.44444444444446,
      "max_start_speed": 96.5,
      "ivb": 15.155555555555557,
      "hb": 10.844444444444445,
      "release_pos_z": 6.0647750465586965,
      "release_pos_x": 1.111552246573014,
      "extension": 5.965555052134982,
      "pitches": 18,
      "whiffs": 3,
      "swings": 11,
      "spin_rate": 2309,
      "swing_miss_percent": 27.3,
      "arm_angle": null,
      "barrels_per_pa_percent": 20,
      "hardhit_percent": 66.66666666666666,
      "whiffs_per_pitch": 0.16666666666666666,
      "active_spin_percent": null
    },
    {
      "code": "SL",
      "title": "slider",
      "color": "#EEE716",
      "count": 4,
      "pitch_percent": 0.23529411764705882,
      "rhh_percent": 0.25,
      "lhh_percent": 0.2,
      "start_speed": 86.85000000000001,
      "max_start_speed": 87.8,
      "ivb": 1.275,
      "hb": -1.875,
      "release_pos_z": 6.102433774439288,
      "release_pos_x": 1.1467047239072081,
      "extension": 6.159378333440415,
      "pitches": 10,
      "whiffs": 1,
      "swings": 10,
      "spin_rate": 2616,
      "swing_miss_percent": 10,
      "arm_angle": null,
      "barrels_per_pa_percent": 0,
      "hardhit_percent": 66.66666666666666,
      "whiffs_per_pitch": 0.1,
      "active_spin_percent": null
    },
    {
      "code": "SV",
      "title": "slurve",
      "color": "#93AFD4",
      "count": 2,
      "pitch_percent": 0.11764705882352941,
      "rhh_percent": 0.08333333333333333,
      "lhh_percent": 0.2,
      "start_speed": 81.5,
      "max_start_speed": 82,
      "ivb": -9.75,
      "hb": -12.6,
      "release_pos_z": 6.116037151233061,
      "release_pos_x": 0.9064309733089755,
      "extension": 6.01325783390807,
      "pitches": 4,
      "whiffs": 1,
      "swings": 1,
      "spin_rate": 2876,
      "swing_miss_percent": 100,
      "arm_angle": null,
      "barrels_per_pa_percent": null,
      "hardhit_percent": null,
      "whiffs_per_pitch": 0.25,
      "active_spin_percent": null
    },
    {
      "code": "CH",
      "title": "changeup",
      "color": "#1DBF3A",
      "count": 2,
      "pitch_percent": 0.11764705882352941,
      "rhh_percent": 0,
      "lhh_percent": 0.4,
      "start_speed": 88.35,
      "max_start_speed": 89,
      "ivb": 7.7,
      "hb": 14,
      "release_pos_z": 5.908637989975683,
      "release_pos_x": 1.1212751305982915,
      "extension": 6.116729149380652,
      "pitches": 4,
      "whiffs": 1,
      "swings": 1,
      "spin_rate": 1601,
      "swing_miss_percent": 100,
      "arm_angle": null,
      "barrels_per_pa_percent": null,
      "hardhit_percent": null,
      "whiffs_per_pitch": 0.25,
      "active_spin_percent": null
    }
  ]
}