{
  "pitcher_id": "663562",
  "pitcher_name": "Noah Davis",
  "mlbam_id": "663562",
  "arm_angle_source": "dataset",
  "pitches": [
    {
      "code": "FC",
      "title": "cutter",
      "color": "#933F2C",
      "count": 6,
      "pitch_percent": 0.2727272727272727,
      "rhh_percent": 0.2,
      "lhh_percent": 0.29411764705882354,
      "start_speed": 88.69999999999999,
      "max_start_speed": 92.9,
      "ivb": 6.233333333333333,
      "hb": -3.016666666666667,
      "release_pos_z": 5.818290872262398,
      "release_pos_x": 1.9964315987921586,
      "extension": 5.373064001145424,
      "pitches": 19,
      "whiffs": 2,
      "swings": 12,
      "spin_rate": 2116,
      "swing_miss_percent": 16.7,
      "arm_angle": null,
      "barrels_per_pa_percent": 0,
      "hardhit_percent": 0,
      "whiffs_per_pitch": 0.10526315789473684,
      "active_spin_percent": null
    },
    {
      "code": "SC",
      "title": "screwball",
      "color": "#60dc33",
      "count": 5,
      "pitch_percent": 0.22727272727272727,
      "rhh_percent": 0,
      "lhh_percent": 0.29411764705882354,
      "start_speed": 86.46000000000001,
      "max_start_speed": 87.6,
      "ivb": 3.7400000000000007,
      "hb": 6.6800000000000015,
      "release_pos_z": 5.657100602172774,
      "release_pos_x": 1.9952270479852996,
      "extension": 5.504226478665251,
      "pitches": 12,
      "whiffs": 0,
      "swings": 3,
      "spin_rate": 1786,
      "swing_miss_percent": 0,
      "arm_angle": null,
      "barrels_per_pa_percent": 0,
      "hardhit_percent": 0,
      "whiffs_per_pitch": 0,
      "active_spin_percent": null
    },
    {
      "code": "FF",
      "title": "four-seam fastball",
      "color": "#D22D49",
      "count": 4,
      "pitch_percent": 0.18181818181818182,
      "rhh_percent": 0.4,
      "lhh_percent": 0.11764705882352941,
      "start_speed": 93.775,
      "max_start_speed": 94.4,
      "ivb": 11.375,
      "hb": 7.200000000000001,
      "release_pos_z": 5.828371945627366,
      "release_pos_x": 1.9506252264166724,
      "extension": 5.489604983722993,
      "pitches": 19,
      "whiffs": 3,
      "swings": 11,
      "spin_rate": 2141,
      "swing_miss_percent": 27.3,
      "arm_angle": null,
      "barrels_per_pa_percent": 20,
      "hardhit_percent": 50,
      "whiffs_per_pitch": 0.15789473684210525,
      "active_spin_percent": null
    },
    {
      "code": "CU",
      "title": "curveball",
      "color": "#00D2ED",
      "count": 4,
      "pitch_percent": 0.18181818181818182,
      "rhh_percent": 0,
      "lhh_percent": 0.23529411764705882,
      "start_speed": 77.25,
      "max_start_speed": 78.9,
      "ivb": -12,
      "hb": -18.650000000000002,
      "release_pos_z": 5.848151379413335,
      "release_pos_x": 1.89995888499783,
      "extension": 5.375269901583874,
      "pitches": 8,
      "whiffs": 1,
      "swings": 1,
      "spin_rate": 2701,
      "swing_miss_percent": 100,
      "arm_angle": null,
      "barrels_per_pa_percent": null,
      "hardhit_percent": null,
      "whiffs_per_pitch": 0.125,
      "active_spin_percent": null
    },
    {
      "code": "ST",
      "title": "sweeper",
      "color": "#DDB43A",
      "count": 3,
      "pitch_percent": 0.13636363636363635,
      "rhh_percent": 0.4,
      "lhh_percent": 0.058823529411764705,
      "start_speed": 79.9,
      "max_start_speed": 80.4,
      "ivb": -3.066666666666667,
      "hb": -19.400000000000002,
      "release_pos_z": 5.804158512787152,
      "release_pos_x": 2.0368722956426066,
      "extension": 5.441541628678256,
      "pitches": 10,
      "whiffs": 2,
      "swings": 4,
      "spin_rate": 2694,
      "swing_miss_percent": 50,
      "arm_angle": null,
      "barrels_per_pa_percent": 0,
      "hardhit_percent": 0,
      "whiffs_per_pitch": 0.2,
      "active_spin_percent": null
    }
  ]
}