{
  "pitcher_id": "663992",
  "pitcher_name": "Richard Lovelady",
  "mlbam_id": "663992",
  "arm_angle_source": "dataset",
  "pitches": [
    {
      "code": "ST",
      "title": "sweeper",
      "color": "#DDB43A",
      "count": 11,
      "pitch_percent": 0.3548387096774194,
      "rhh_percent": 0.4090909090909091,
      "lhh_percent": 0.2222222222222222,
      "start_speed": 83.0090909090909,
      "max_start_speed": 84.3,
      "ivb": 1.7272727272727275,
      "hb": -13.254545454545452,
      "release_pos_z": 5.189969989580678,
      "release_pos_x": 2.409176090706419,
      "extension": 7.265736566968528,
      "pitches": 35,
      "whiffs": 8,
      "swings": 18,
      "spin_rate": 2487,
      "swing_miss_percent": 44.4,
      "arm_angle": null,
      "barrels_per_pa_percent": 0,
      "hardhit_percent": 0,
      "whiffs_per_pitch": 0.22857142857142856,
      "active_spin_percent": null
    },
    {
      "code": "FF",
      "title": "four-seam fastball",
      "color": "#D22D49",
      "count": 10,
      "pitch_percent": 0.3225806451612903,
      "rhh_percent": 0.45454545454545453,
      "lhh_percent": 0,
      "start_speed": 91.44000000000001,
      "max_start_speed": 92.6,
      "ivb": 12.42,
      "hb": 4.3100000000000005,
      "release_pos_z": 5.2602456401937925,
      "release_pos_x": 2.344463260053547,
      "extension": 7.369901070877336,
      "pitches": 18,
      "whiffs": 3,
      "swings": 8,
      "spin_rate": 2414,
      "swing_miss_percent": 37.5,
      "arm_angle": null,
      "barrels_per_pa_percent": 0,
      "hardhit_percent": 50,
      "whiffs_per_pitch": 0.16666666666666666,
      "active_spin_percent": null
    },
    {
      "code": "SI",
      "title": "sinker",
      "color": "#FE9E00",
      "count": 8,
      "pitch_percent": 0.25806451612903225,
      "rhh_percent": 0.045454545454545456,
      "lhh_percent": 0.7777777777777778,
      "start_speed": 91.425,
      "max_start_speed": 92.2,
      "ivb": 4.5249999999999995,
      "hb": 13.4875,
      "release_pos_z": 5.255384018673751,
      "release_pos_x": 2.3883532638256195,
      "extension": 7.226201089256476,
      "pitches": 11,
      "whiffs": 0,
      "swings": 2,
      "spin_rate": 2240,
      "swing_miss_percent": 0,
      "arm_angle": null,
      "barrels_per_pa_percent": 0,
      "hardhit_percent": 50,
      "whiffs_per_pitch": 0,
      "active_spin_percent": null
    },
    {
      "code": "SL",
      "title": "slider",
      "color": "#EEE716",
      "count": 2,
      "pitch_percent": 0.06451612903225806,
      "rhh_percent": 0.09090909090909091,
      "lhh_percent": 0,
      "start_speed": 86.1,
      "max_start_speed": 86.2,
      "ivb": 4,
      "hb": -4.05,
      "release_pos_z": 5.168144025170864,
      "release_pos_x": 2.4925157935798192,
      "extension": 7.1226180950513776,
      "pitches": 5,
      "whiffs": 0,
      "swings": 3,
      "spin_rate": 2453,
      "swing_miss_percent": 0,
      "arm_angle": null,
      "barrels_per_pa_percent": null,
      "hardhit_percent": null,
      "whiffs_per_pitch": 0,
      "active_spin_percent": null
    }
  ]
}