{
  "pitcher_id": "664129",
  "pitcher_name": "Geoff Hartlieb",
  "mlbam_id": "664129",
  "arm_angle_source": "dataset",
  "pitches": [
    {
      "code": "FF",
      "title": "four-seam fastball",
      "color": "#D22D49",
      "count": 13,
      "pitch_percent": 0.48148148148148145,
      "rhh_percent": 0,
      "lhh_percent": 0.5416666666666666,
      "start_speed": 94.01538461538463,
      "max_start_speed": 95.1,
      "ivb": 14.984615384615383,
      "hb": 8.430769230769231,
      "release_pos_z": 6.217473384982365,
      "release_pos_x": 2.5830012310388315,
      "extension": 6.1772917674346575,
      "pitches": 13,
      "whiffs": 0,
      "swings": 4,
      "spin_rate": 2302,
      "swing_miss_percent": 0,
      "arm_angle": null,
      "barrels_per_pa_percent": 0,
      "hardhit_percent": 100,
      "whiffs_per_pitch": 0,
      "active_spin_percent": null
    },
    {
      "code": "SL",
      "title": "slider",
      "color": "#EEE716",
      "count": 10,
      "pitch_percent": 0.37037037037037035,
      "rhh_percent": 0.3333333333333333,
      "lhh_percent": 0.375,
      "start_speed": 83.85,
      "max_start_speed": 84.4,
      "ivb": 2.5599999999999996,
      "hb": 0.08999999999999997,
      "release_pos_z": 6.244193315981645,
      "release_pos_x": 2.547044963095839,
      "extension": 6.038371772252898,
      "pitches": 10,
      "whiffs": 2,
      "swings": 5,
      "spin_rate": 2434,
      "swing_miss_percent": 40,
      "arm_angle": null,
      "barrels_per_pa_percent": null,
      "hardhit_percent": null,
      "whiffs_per_pitch": 0.2,
      "active_spin_percent": null
    },
    {
      "code": "CH",
      "title": "changeup",
      "color": "#1DBF3A",
      "count": 2,
      "pitch_percent": 0.07407407407407407,
      "rhh_percent": 0,
      "lhh_percent": 0.08333333333333333,
      "start_speed": 87.9,
      "max_start_speed": 88.1,
      "ivb": 5.9,
      "hb": 18.15,
      "release_pos_z": 6.081454033702696,
      "release_pos_x": 2.713722255765478,
      "extension": 6.328760436310409,
      "pitches": 2,
      "whiffs": 0,
      "swings": 0,
      "spin_rate": 2270,
      "swing_miss_percent": null,
      "arm_angle": null,
      "barrels_per_pa_percent": null,
      "hardhit_percent": null,
      "whiffs_per_pitch": 0,
      "active_spin_percent": null
    },
    {
      "code": "SI",
      "title": "sinker",
      "color": "#FE9E00",
      "count": 2,
      "pitch_percent": 0.07407407407407407,
      "rhh_percent": 0.6666666666666666,
      "lhh_percent": 0,
      "start_speed": 94.30000000000001,
      "max_start_speed": 94.4,
      "ivb": 8.2,
      "hb": 17.25,
      "release_pos_z": 6.208890322660558,
      "release_pos_x": 2.798299298981404,
      "extension": 6.233291164899493,
      "pitches": 2,
      "whiffs": 0,
      "swings": 1,
      "spin_rate": 2272,
      "swing_miss_percent": 0,
      "arm_angle": null,
      "barrels_per_pa_percent": 0,
      "hardhit_percent": 0,
      "whiffs_per_pitch": 0,
      "active_spin_percent": null
    }
  ]
}