{
  "pitcher_id": "666201",
  "pitcher_name": "Alek Manoah",
  "mlbam_id": "666201",
  "arm_angle_source": "dataset",
  "pitches": [
    {
      "code": "SI",
      "title": "sinker",
      "color": "#FE9E00",
      "count": 9,
      "pitch_percent": 0.36,
      "rhh_percent": 0.5454545454545454,
      "lhh_percent": 0.21428571428571427,
      "start_speed": 91.88888888888889,
      "max_start_speed": 93.5,
      "ivb": 12.61111111111111,
      "hb": 12.777777777777777,
      "release_pos_z": 6.0790083907331045,
      "release_pos_x": 2.2941257550332197,
      "extension": 6.962230067885402,
      "pitches": 74,
      "whiffs": 4,
      "swings": 29,
      "spin_rate": 2170,
      "swing_miss_percent": 13.8,
      "arm_angle": null,
      "barrels_per_pa_percent": 9.090909090909092,
      "hardhit_percent": 64.28571428571429,
      "whiffs_per_pitch": 0.05405405405405406,
      "active_spin_percent": null
    },
    {
      "code": "CH",
      "title": "changeup",
      "color": "#1DBF3A",
      "count": 8,
      "pitch_percent": 0.32,
      "rhh_percent": 0.2727272727272727,
      "lhh_percent": 0.35714285714285715,
      "start_speed": 87.1375,
      "max_start_speed": 88.2,
      "ivb": 8.837499999999999,
      "hb": 13.125,
      "release_pos_z": 6.042339205158009,
      "release_pos_x": 2.2008969988891574,
      "extension": 7.018429135415812,
      "pitches": 103,
      "whiffs": 15,
      "swings": 52,
      "spin_rate": 1940,
      "swing_miss_percent": 28.8,
      "arm_angle": null,
      "barrels_per_pa_percent": 0,
      "hardhit_percent": 27.77777777777778,
      "whiffs_per_pitch": 0.14563106796116504,
      "active_spin_percent": null
    },
    {
      "code": "FF",
      "title": "four-seam fastball",
      "color": "#D22D49",
      "count": 6,
      "pitch_percent": 0.24,
      "rhh_percent": 0.09090909090909091,
      "lhh_percent": 0.35714285714285715,
      "start_speed": 93.08333333333333,
      "max_start_speed": 94.1,
      "ivb": 16.333333333333336,
      "hb": 6.516666666666668,
      "release_pos_z": 6.22181002103305,
      "release_pos_x": 2.340862975905346,
      "extension": 6.840737520925824,
      "pitches": 74,
      "whiffs": 6,
      "swings": 33,
      "spin_rate": 2301,
      "swing_miss_percent": 18.2,
      "arm_angle": null,
      "barrels_per_pa_percent": 13.636363636363635,
      "hardhit_percent": 54.54545454545454,
      "whiffs_per_pitch": 0.08108108108108109,
      "active_spin_percent": null
    },
    {
      "code": "SL",
      "title": "slider",
      "color": "#EEE716",
      "count": 2,
      "pitch_percent": 0.08,
      "rhh_percent": 0.09090909090909091,
      "lhh_percent": 0.07142857142857142,
      "start_speed": 80,
      "max_start_speed": 80.1,
      "ivb": 0.5,
      "hb": -14.95,
      "release_pos_z": 6.065896551709777,
      "release_pos_x": 2.435379799668517,
      "extension": 6.635757135998327,
      "pitches": 37,
      "whiffs": 4,
      "swings": 13,
      "spin_rate": 2215,
      "swing_miss_percent": 30.8,
      "arm_angle": null,
      "barrels_per_pa_percent": 0,
      "hardhit_percent": 75,
      "whiffs_per_pitch": 0.10810810810810811,
      "active_spin_percent": null
    }
  ]
}