{
  "pitcher_id": "668390",
  "pitcher_name": "Cole Winn",
  "mlbam_id": "668390",
  "arm_angle_source": "dataset",
  "pitches": [
    {
      "code": "FF",
      "title": "four-seam fastball",
      "color": "#D22D49",
      "count": 4,
      "pitch_percent": 0.4444444444444444,
      "rhh_percent": 0.4444444444444444,
      "lhh_percent": null,
      "start_speed": 94.80000000000001,
      "max_start_speed": 95.2,
      "ivb": 18.5,
      "hb": 4.675000000000001,
      "release_pos_z": 5.639118756408327,
      "release_pos_x": 1.6982291433534156,
      "extension": 6.864062836247252,
      "pitches": 34,
      "whiffs": 1,
      "swings": 8,
      "spin_rate": 2320,
      "swing_miss_percent": 12.5,
      "arm_angle": null,
      "barrels_per_pa_percent": 11.11111111111111,
      "hardhit_percent": 100,
      "whiffs_per_pitch": 0.029411764705882353,
      "active_spin_percent": null
    },
    {
      "code": "SI",
      "title": "sinker",
      "color": "#FE9E00",
      "count": 2,
      "pitch_percent": 0.2222222222222222,
      "rhh_percent": 0.2222222222222222,
      "lhh_percent": null,
      "start_speed": 93.55000000000001,
      "max_start_speed": 93.7,
      "ivb": 10.1,
      "hb": 13.6,
      "release_pos_z": 5.4706818246808115,
      "release_pos_x": 1.9054188964901593,
      "extension": 6.732034886478128,
      "pitches": 16,
      "whiffs": 0,
      "swings": 3,
      "spin_rate": 2300,
      "swing_miss_percent": 0,
      "arm_angle": null,
      "barrels_per_pa_percent": 0,
      "hardhit_percent": 33.33333333333333,
      "whiffs_per_pitch": 0,
      "active_spin_percent": null
    },
    {
      "code": "FS",
      "title": "splitter",
      "color": "#3BACAC",
      "count": 1,
      "pitch_percent": 0.1111111111111111,
      "rhh_percent": 0.1111111111111111,
      "lhh_percent": null,
      "start_speed": 86.7,
      "max_start_speed": 86.7,
      "ivb": 1.9,
      "hb": 11.2,
      "release_pos_z": 5.313448482564466,
      "release_pos_x": 1.9571892027064004,
      "extension": 6.963777266997705,
      "pitches": 25,
      "whiffs": 5,
      "swings": 12,
      "spin_rate": 1758,
      "swing_miss_percent": 41.7,
      "arm_angle": null,
      "barrels_per_pa_percent": 0,
      "hardhit_percent": 0,
      "whiffs_per_pitch": 0.2,
      "active_spin_percent": null
    },
    {
      "code": "FC",
      "title": "cutter",
      "color": "#933F2C",
      "count": 1,
      "pitch_percent": 0.1111111111111111,
      "rhh_percent": 0.1111111111111111,
      "lhh_percent": null,
      "start_speed": 90,
      "max_start_speed": 90,
      "ivb": 6.4,
      "hb": -6.8,
      "release_pos_z": 5.462909598630691,
      "release_pos_x": 2.0478879182553222,
      "extension": 6.860110352766038,
      "pitches": 38,
      "whiffs": 9,
      "swings": 25,
      "spin_rate": 2431,
      "swing_miss_percent": 36,
      "arm_angle": null,
      "barrels_per_pa_percent": 0,
      "hardhit_percent": 60,
      "whiffs_per_pitch": 0.23684210526315788,
      "active_spin_percent": null
    },
    {
      "code": "SL",
      "title": "slider",
      "color": "#EEE716",
      "count": 1,
      "pitch_percent": 0.1111111111111111,
      "rhh_percent": 0.1111111111111111,
      "lhh_percent": null,
      "start_speed": 85.5,
      "max_start_speed": 85.5,
      "ivb": -5.2,
      "hb": -2.6,
      "release_pos_z": 5.650194166595254,
      "release_pos_x": 1.7253438179505887,
      "extension": 6.701417851115602,
      "pitches": 22,
      "whiffs": 6,
      "swings": 14,
      "spin_rate": 2636,
      "swing_miss_percent": 42.9,
      "arm_angle": null,
      "barrels_per_pa_percent": 0,
      "hardhit_percent": 20,
      "whiffs_per_pitch": 0.2727272727272727,
      "active_spin_percent": null
    }
  ]
}