{
  "pitcher_id": "668470",
  "pitcher_name": "Hagen Danner",
  "mlbam_id": "668470",
  "arm_angle_source": "dataset",
  "pitches": [
    {
      "code": "FF",
      "title": "four-seam fastball",
      "color": "#D22D49",
      "count": 15,
      "pitch_percent": 0.5357142857142857,
      "rhh_percent": 0.4375,
      "lhh_percent": 0.6666666666666666,
      "start_speed": 95.83999999999999,
      "max_start_speed": 97.1,
      "ivb": 16.526666666666667,
      "hb": 7.953333333333332,
      "release_pos_z": 6.087029087765714,
      "release_pos_x": 0.9767363853344438,
      "extension": 6.599518766460394,
      "pitches": 15,
      "whiffs": 1,
      "swings": 6,
      "spin_rate": 2085,
      "swing_miss_percent": 16.7,
      "arm_angle": null,
      "barrels_per_pa_percent": 0,
      "hardhit_percent": 50,
      "whiffs_per_pitch": 0.06666666666666667,
      "active_spin_percent": null
    },
    {
      "code": "SL",
      "title": "slider",
      "color": "#EEE716",
      "count": 11,
      "pitch_percent": 0.39285714285714285,
      "rhh_percent": 0.5,
      "lhh_percent": 0.25,
      "start_speed": 90.88181818181818,
      "max_start_speed": 92.7,
      "ivb": 6.981818181818181,
      "hb": -4.1000000000000005,
      "release_pos_z": 6.090084812603382,
      "release_pos_x": 1.0359605186300647,
      "extension": 6.511724954820835,
      "pitches": 11,
      "whiffs": 2,
      "swings": 5,
      "spin_rate": 2118,
      "swing_miss_percent": 40,
      "arm_angle": null,
      "barrels_per_pa_percent": 0,
      "hardhit_percent": 100,
      "whiffs_per_pitch": 0.18181818181818182,
      "active_spin_percent": null
    },
    {
      "code": "SI",
      "title": "sinker",
      "color": "#FE9E00",
      "count": 2,
      "pitch_percent": 0.07142857142857142,
      "rhh_percent": 0.0625,
      "lhh_percent": 0.08333333333333333,
      "start_speed": 96.44999999999999,
      "max_start_speed": 97.8,
      "ivb": 14.6,
      "hb": 13.149999999999999,
      "release_pos_z": 6.059374398159973,
      "release_pos_x": 0.9982524742938272,
      "extension": 6.6258540694513695,
      "pitches": 2,
      "whiffs": 0,
      "swings": 1,
      "spin_rate": 2262,
      "swing_miss_percent": 0,
      "arm_angle": null,
      "barrels_per_pa_percent": 0,
      "hardhit_percent": 0,
      "whiffs_per_pitch": 0,
      "active_spin_percent": null
    }
  ]
}