{
  "pitcher_id": "668933",
  "pitcher_name": "Graham Ashcraft",
  "mlbam_id": "668933",
  "arm_angle_source": "dataset",
  "pitches": [
    {
      "code": "FC",
      "title": "cutter",
      "color": "#933F2C",
      "count": 12,
      "pitch_percent": 0.5714285714285714,
      "rhh_percent": 0.5,
      "lhh_percent": 0.6153846153846154,
      "start_speed": 97.40833333333335,
      "max_start_speed": 98.4,
      "ivb": 11.583333333333334,
      "hb": 0.19166666666666674,
      "release_pos_z": 6.622695687064691,
      "release_pos_x": 0.33539050773138573,
      "extension": 5.285436839978789,
      "pitches": 57,
      "whiffs": 4,
      "swings": 25,
      "spin_rate": 2368,
      "swing_miss_percent": 16,
      "arm_angle": null,
      "barrels_per_pa_percent": 0,
      "hardhit_percent": 37.5,
      "whiffs_per_pitch": 0.07017543859649122,
      "active_spin_percent": null
    },
    {
      "code": "SL",
      "title": "slider",
      "color": "#EEE716",
      "count": 9,
      "pitch_percent": 0.42857142857142855,
      "rhh_percent": 0.5,
      "lhh_percent": 0.38461538461538464,
      "start_speed": 88.13333333333334,
      "max_start_speed": 89.3,
      "ivb": -0.11111111111111116,
      "hb": -10.78888888888889,
      "release_pos_z": 6.440300130331341,
      "release_pos_x": 0.5786728458943124,
      "extension": 5.359593171504841,
      "pitches": 34,
      "whiffs": 5,
      "swings": 16,
      "spin_rate": 2810,
      "swing_miss_percent": 31.3,
      "arm_angle": null,
      "barrels_per_pa_percent": 18.181818181818183,
      "hardhit_percent": 42.857142857142854,
      "whiffs_per_pitch": 0.14705882352941177,
      "active_spin_percent": null
    }
  ]
}