{
  "pitcher_id": "668933",
  "pitcher_name": "Graham Ashcraft",
  "mlbam_id": "668933",
  "arm_angle_source": "dataset",
  "pitches": [
    {
      "code": "FC",
      "title": "cutter",
      "color": "#933F2C",
      "count": 12,
      "pitch_percent": 0.5714285714285714,
      "rhh_percent": 0.5,
      "lhh_percent": 0.6153846153846154,
      "start_speed": 97.40833333333335,
      "max_start_speed": 98.4,
      "ivb": 11.583333333333334,
      "hb": 0.19166666666666674,
      "release_pos_z": 6.622695687064691,
      "release_pos_x": 0.33539050773138573,
      "extension": 5.285436839978789,
      "pitches": 75,
      "whiffs": 8,
      "swings": 33,
      "spin_rate": 2379,
      "swing_miss_percent": 24.2,
      "arm_angle": null,
      "barrels_per_pa_percent": 5.88235294117647,
      "hardhit_percent": 50,
      "whiffs_per_pitch": 0.10666666666666667,
      "active_spin_percent": null
    },
    {
      "code": "SL",
      "title": "slider",
      "color": "#EEE716",
      "count": 9,
      "pitch_percent": 0.42857142857142855,
      "rhh_percent": 0.5,
      "lhh_percent": 0.38461538461538464,
      "start_speed": 88.13333333333334,
      "max_start_speed": 89.3,
      "ivb": -0.11111111111111116,
      "hb": -10.78888888888889,
      "release_pos_z": 6.440300130331341,
      "release_pos_x": 0.5786728458943124,
      "extension": 5.359593171504841,
      "pitches": 53,
      "whiffs": 7,
      "swings": 24,
      "spin_rate": 2805,
      "swing_miss_percent": 29.2,
      "arm_angle": null,
      "barrels_per_pa_percent": 13.333333333333334,
      "hardhit_percent": 55.55555555555556,
      "whiffs_per_pitch": 0.1320754716981132,
      "active_spin_percent": null
    }
  ]
}