{
  "pitcher_id": "668984",
  "pitcher_name": "Casey Legumina",
  "mlbam_id": "668984",
  "arm_angle_source": "dataset",
  "pitches": [
    {
      "code": "FF",
      "title": "four-seam fastball",
      "color": "#D22D49",
      "count": 4,
      "pitch_percent": 0.4444444444444444,
      "rhh_percent": 0.4444444444444444,
      "lhh_percent": null,
      "start_speed": 94.425,
      "max_start_speed": 94.9,
      "ivb": 14.225,
      "hb": 12.5,
      "release_pos_z": 4.906703317313643,
      "release_pos_x": 1.962951062472257,
      "extension": 6.665932319081141,
      "pitches": 52,
      "whiffs": 4,
      "swings": 24,
      "spin_rate": 2370,
      "swing_miss_percent": 16.7,
      "arm_angle": null,
      "barrels_per_pa_percent": 14.285714285714285,
      "hardhit_percent": 62.5,
      "whiffs_per_pitch": 0.07692307692307693,
      "active_spin_percent": null
    },
    {
      "code": "SI",
      "title": "sinker",
      "color": "#FE9E00",
      "count": 3,
      "pitch_percent": 0.3333333333333333,
      "rhh_percent": 0.3333333333333333,
      "lhh_percent": null,
      "start_speed": 94.86666666666667,
      "max_start_speed": 95.6,
      "ivb": 9.633333333333333,
      "hb": 16.3,
      "release_pos_z": 4.866303254538688,
      "release_pos_x": 1.8901190565425436,
      "extension": 6.737578529236349,
      "pitches": 6,
      "whiffs": 1,
      "swings": 1,
      "spin_rate": 2387,
      "swing_miss_percent": 100,
      "arm_angle": null,
      "barrels_per_pa_percent": null,
      "hardhit_percent": null,
      "whiffs_per_pitch": 0.16666666666666666,
      "active_spin_percent": null
    },
    {
      "code": "ST",
      "title": "sweeper",
      "color": "#DDB43A",
      "count": 2,
      "pitch_percent": 0.2222222222222222,
      "rhh_percent": 0.2222222222222222,
      "lhh_percent": null,
      "start_speed": 78.8,
      "max_start_speed": 79,
      "ivb": 0.7999999999999999,
      "hb": -16.3,
      "release_pos_z": 4.705209741217633,
      "release_pos_x": 2.025298581005834,
      "extension": 6.679475577485531,
      "pitches": 16,
      "whiffs": 2,
      "swings": 7,
      "spin_rate": 2791,
      "swing_miss_percent": 28.6,
      "arm_angle": null,
      "barrels_per_pa_percent": null,
      "hardhit_percent": null,
      "whiffs_per_pitch": 0.125,
      "active_spin_percent": null
    }
  ]
}