{
  "pitcher_id": "669060",
  "pitcher_name": "Bryse Wilson",
  "mlbam_id": "669060",
  "arm_angle_source": "dataset",
  "pitches": [
    {
      "code": "FC",
      "title": "cutter",
      "color": "#933F2C",
      "count": 11,
      "pitch_percent": 0.44,
      "rhh_percent": 0.45,
      "lhh_percent": 0.4,
      "start_speed": 89.18181818181819,
      "max_start_speed": 90.6,
      "ivb": 12.254545454545456,
      "hb": 3.236363636363636,
      "release_pos_z": 5.8865330729721315,
      "release_pos_x": 2.940166573735304,
      "extension": 6.6878184600034185,
      "pitches": 31,
      "whiffs": 2,
      "swings": 14,
      "spin_rate": 1959,
      "swing_miss_percent": 14.3,
      "arm_angle": null,
      "barrels_per_pa_percent": 16.666666666666664,
      "hardhit_percent": 16.666666666666664,
      "whiffs_per_pitch": 0.06451612903225806,
      "active_spin_percent": null
    },
    {
      "code": "SI",
      "title": "sinker",
      "color": "#FE9E00",
      "count": 8,
      "pitch_percent": 0.32,
      "rhh_percent": 0.3,
      "lhh_percent": 0.4,
      "start_speed": 92.2625,
      "max_start_speed": 92.7,
      "ivb": 10.424999999999999,
      "hb": 16.65,
      "release_pos_z": 5.959488362803601,
      "release_pos_x": 2.8058646864970966,
      "extension": 6.524456175201421,
      "pitches": 39,
      "whiffs": 3,
      "swings": 18,
      "spin_rate": 2035,
      "swing_miss_percent": 16.7,
      "arm_angle": null,
      "barrels_per_pa_percent": 0,
      "hardhit_percent": 42.857142857142854,
      "whiffs_per_pitch": 0.07692307692307693,
      "active_spin_percent": null
    },
    {
      "code": "FF",
      "title": "four-seam fastball",
      "color": "#D22D49",
      "count": 3,
      "pitch_percent": 0.12,
      "rhh_percent": 0.15,
      "lhh_percent": 0,
      "start_speed": 91.7,
      "max_start_speed": 92.1,
      "ivb": 16.599999999999998,
      "hb": 11.466666666666669,
      "release_pos_z": 6.046412054966102,
      "release_pos_x": 2.746517189531376,
      "extension": 6.592813865222624,
      "pitches": 18,
      "whiffs": 1,
      "swings": 4,
      "spin_rate": 2110,
      "swing_miss_percent": 25,
      "arm_angle": null,
      "barrels_per_pa_percent": 0,
      "hardhit_percent": 33.33333333333333,
      "whiffs_per_pitch": 0.05555555555555555,
      "active_spin_percent": null
    },
    {
      "code": "CU",
      "title": "curveball",
      "color": "#00D2ED",
      "count": 2,
      "pitch_percent": 0.08,
      "rhh_percent": 0.1,
      "lhh_percent": 0,
      "start_speed": 81.7,
      "max_start_speed": 82.5,
      "ivb": 0.65,
      "hb": -15.25,
      "release_pos_z": 5.717218384502045,
      "release_pos_x": 3.0286064606245446,
      "extension": 6.715842422954815,
      "pitches": 18,
      "whiffs": 3,
      "swings": 10,
      "spin_rate": 2288,
      "swing_miss_percent": 30,
      "arm_angle": null,
      "barrels_per_pa_percent": 0,
      "hardhit_percent": 0,
      "whiffs_per_pitch": 0.16666666666666666,
      "active_spin_percent": null
    },
    {
      "code": "CH",
      "title": "changeup",
      "color": "#1DBF3A",
      "count": 1,
      "pitch_percent": 0.04,
      "rhh_percent": 0,
      "lhh_percent": 0.2,
      "start_speed": 85,
      "max_start_speed": 85,
      "ivb": 3.4,
      "hb": 17.9,
      "release_pos_z": 6.03857105234644,
      "release_pos_x": 2.7731145417414274,
      "extension": 6.55944041536323,
      "pitches": 8,
      "whiffs": 2,
      "swings": 6,
      "spin_rate": 1257,
      "swing_miss_percent": 33.3,
      "arm_angle": null,
      "barrels_per_pa_percent": 0,
      "hardhit_percent": 50,
      "whiffs_per_pitch": 0.25,
      "active_spin_percent": null
    }
  ]
}