{
  "pitcher_id": "669084",
  "pitcher_name": "DL Hall",
  "mlbam_id": "669084",
  "arm_angle_source": "dataset",
  "pitches": [
    {
      "code": "SI",
      "title": "sinker",
      "color": "#FE9E00",
      "count": 5,
      "pitch_percent": 0.3125,
      "rhh_percent": 0.3333333333333333,
      "lhh_percent": 0.2857142857142857,
      "start_speed": 95.26,
      "max_start_speed": 95.8,
      "ivb": 10.8,
      "hb": 12.46,
      "release_pos_z": 5.458909248439825,
      "release_pos_x": 2.361735924611775,
      "extension": 7.174534889605224,
      "pitches": 27,
      "whiffs": 1,
      "swings": 10,
      "spin_rate": 1972,
      "swing_miss_percent": 10,
      "arm_angle": null,
      "barrels_per_pa_percent": 20,
      "hardhit_percent": 25,
      "whiffs_per_pitch": 0.037037037037037035,
      "active_spin_percent": null
    },
    {
      "code": "SL",
      "title": "slider",
      "color": "#EEE716",
      "count": 3,
      "pitch_percent": 0.1875,
      "rhh_percent": 0,
      "lhh_percent": 0.42857142857142855,
      "start_speed": 84.96666666666667,
      "max_start_speed": 86.5,
      "ivb": 2.233333333333333,
      "hb": -10.833333333333334,
      "release_pos_z": 5.47789614259185,
      "release_pos_x": 2.609726553238636,
      "extension": 7.011783067276316,
      "pitches": 9,
      "whiffs": 1,
      "swings": 2,
      "spin_rate": 2498,
      "swing_miss_percent": 50,
      "arm_angle": null,
      "barrels_per_pa_percent": 0,
      "hardhit_percent": 0,
      "whiffs_per_pitch": 0.1111111111111111,
      "active_spin_percent": null
    },
    {
      "code": "FF",
      "title": "four-seam fastball",
      "color": "#D22D49",
      "count": 3,
      "pitch_percent": 0.1875,
      "rhh_percent": 0.3333333333333333,
      "lhh_percent": 0,
      "start_speed": 94.16666666666667,
      "max_start_speed": 95,
      "ivb": 13.333333333333334,
      "hb": 4.3999999999999995,
      "release_pos_z": 5.713177046864645,
      "release_pos_x": 2.2164504801022535,
      "extension": 6.887684644941789,
      "pitches": 25,
      "whiffs": 2,
      "swings": 13,
      "spin_rate": 2016,
      "swing_miss_percent": 15.4,
      "arm_angle": null,
      "barrels_per_pa_percent": 12.5,
      "hardhit_percent": 50,
      "whiffs_per_pitch": 0.08,
      "active_spin_percent": null
    },
    {
      "code": "FC",
      "title": "cutter",
      "color": "#933F2C",
      "count": 2,
      "pitch_percent": 0.125,
      "rhh_percent": 0.1111111111111111,
      "lhh_percent": 0.14285714285714285,
      "start_speed": 92.25,
      "max_start_speed": 93.6,
      "ivb": 7.7,
      "hb": 0.5499999999999999,
      "release_pos_z": 5.535803092201681,
      "release_pos_x": 2.358260741043126,
      "extension": 6.987767478531287,
      "pitches": 17,
      "whiffs": 1,
      "swings": 7,
      "spin_rate": 2107,
      "swing_miss_percent": 14.3,
      "arm_angle": null,
      "barrels_per_pa_percent": 0,
      "hardhit_percent": 0,
      "whiffs_per_pitch": 0.058823529411764705,
      "active_spin_percent": null
    },
    {
      "code": "CU",
      "title": "curveball",
      "color": "#00D2ED",
      "count": 2,
      "pitch_percent": 0.125,
      "rhh_percent": 0.1111111111111111,
      "lhh_percent": 0.14285714285714285,
      "start_speed": 79.75,
      "max_start_speed": 81.7,
      "ivb": -12.5,
      "hb": -10.75,
      "release_pos_z": 5.711798285498956,
      "release_pos_x": 2.514482005104485,
      "extension": 6.784120463974482,
      "pitches": 28,
      "whiffs": 3,
      "swings": 7,
      "spin_rate": 2591,
      "swing_miss_percent": 42.9,
      "arm_angle": null,
      "barrels_per_pa_percent": 0,
      "hardhit_percent": 0,
      "whiffs_per_pitch": 0.10714285714285714,
      "active_spin_percent": null
    },
    {
      "code": "CH",
      "title": "changeup",
      "color": "#1DBF3A",
      "count": 1,
      "pitch_percent": 0.0625,
      "rhh_percent": 0.1111111111111111,
      "lhh_percent": 0,
      "start_speed": 85,
      "max_start_speed": 85,
      "ivb": 10.2,
      "hb": 13.2,
      "release_pos_z": 5.761323333911914,
      "release_pos_x": 2.7991174460314645,
      "extension": 6.792469689496901,
      "pitches": 33,
      "whiffs": 10,
      "swings": 22,
      "spin_rate": 1962,
      "swing_miss_percent": 45.5,
      "arm_angle": null,
      "barrels_per_pa_percent": 0,
      "hardhit_percent": 11.11111111111111,
      "whiffs_per_pitch": 0.30303030303030304,
      "active_spin_percent": null
    }
  ]
}