{
  "pitcher_id": "669067",
  "pitcher_name": "Ryan Webb",
  "mlbam_id": "669067",
  "arm_angle_source": "dataset",
  "pitches": [
    {
      "code": "SI",
      "title": "sinker",
      "color": "#FE9E00",
      "count": 14,
      "pitch_percent": 0.4117647058823529,
      "rhh_percent": 0.21052631578947367,
      "lhh_percent": 0.6666666666666666,
      "start_speed": 89.58571428571429,
      "max_start_speed": 92,
      "ivb": 11.72857142857143,
      "hb": 14.364285714285716,
      "release_pos_z": 6.010756325744217,
      "release_pos_x": 1.144463414031883,
      "extension": 6.356263378960543,
      "pitches": 14,
      "whiffs": 1,
      "swings": 7,
      "spin_rate": 2076,
      "swing_miss_percent": 14.3,
      "arm_angle": null,
      "barrels_per_pa_percent": 0,
      "hardhit_percent": 66.66666666666666,
      "whiffs_per_pitch": 0.07142857142857142,
      "active_spin_percent": null
    },
    {
      "code": "CH",
      "title": "changeup",
      "color": "#1DBF3A",
      "count": 9,
      "pitch_percent": 0.2647058823529412,
      "rhh_percent": 0.3684210526315789,
      "lhh_percent": 0.13333333333333333,
      "start_speed": 82.05555555555554,
      "max_start_speed": 83.3,
      "ivb": 0.9444444444444444,
      "hb": 9.377777777777776,
      "release_pos_z": 6.0218838386535,
      "release_pos_x": 0.9818214068085181,
      "extension": 6.4635235820984,
      "pitches": 9,
      "whiffs": 1,
      "swings": 4,
      "spin_rate": 1112,
      "swing_miss_percent": 25,
      "arm_angle": null,
      "barrels_per_pa_percent": 0,
      "hardhit_percent": 33.33333333333333,
      "whiffs_per_pitch": 0.1111111111111111,
      "active_spin_percent": null
    },
    {
      "code": "SL",
      "title": "slider",
      "color": "#EEE716",
      "count": 4,
      "pitch_percent": 0.11764705882352941,
      "rhh_percent": 0.05263157894736842,
      "lhh_percent": 0.2,
      "start_speed": 81.525,
      "max_start_speed": 83.7,
      "ivb": -1.925,
      "hb": -1.975,
      "release_pos_z": 5.968688684067265,
      "release_pos_x": 1.1337468217362336,
      "extension": 6.429901317184695,
      "pitches": 4,
      "whiffs": 0,
      "swings": 1,
      "spin_rate": 2387,
      "swing_miss_percent": 0,
      "arm_angle": null,
      "barrels_per_pa_percent": null,
      "hardhit_percent": null,
      "whiffs_per_pitch": 0,
      "active_spin_percent": null
    },
    {
      "code": "FC",
      "title": "cutter",
      "color": "#933F2C",
      "count": 4,
      "pitch_percent": 0.11764705882352941,
      "rhh_percent": 0.21052631578947367,
      "lhh_percent": 0,
      "start_speed": 84.275,
      "max_start_speed": 85.1,
      "ivb": 5.35,
      "hb": -2.4499999999999997,
      "release_pos_z": 5.97628110921278,
      "release_pos_x": 1.264160426410144,
      "extension": 6.392059750422543,
      "pitches": 4,
      "whiffs": 0,
      "swings": 2,
      "spin_rate": 2275,
      "swing_miss_percent": 0,
      "arm_angle": null,
      "barrels_per_pa_percent": 0,
      "hardhit_percent": 0,
      "whiffs_per_pitch": 0,
      "active_spin_percent": null
    },
    {
      "code": "CU",
      "title": "curveball",
      "color": "#00D2ED",
      "count": 2,
      "pitch_percent": 0.058823529411764705,
      "rhh_percent": 0.10526315789473684,
      "lhh_percent": 0,
      "start_speed": 77.75,
      "max_start_speed": 78.6,
      "ivb": -15.3,
      "hb": -6.6,
      "release_pos_z": 5.969401179676128,
      "release_pos_x": 1.1459889781345103,
      "extension": 6.337985439944677,
      "pitches": 2,
      "whiffs": 1,
      "swings": 1,
      "spin_rate": 2579,
      "swing_miss_percent": 100,
      "arm_angle": null,
      "barrels_per_pa_percent": null,
      "hardhit_percent": null,
      "whiffs_per_pitch": 0.5,
      "active_spin_percent": null
    },
    {
      "code": "FF",
      "title": "four-seam fastball",
      "color": "#D22D49",
      "count": 1,
      "pitch_percent": 0.029411764705882353,
      "rhh_percent": 0.05263157894736842,
      "lhh_percent": 0,
      "start_speed": 91.3,
      "max_start_speed": 91.3,
      "ivb": 15.5,
      "hb": 4.9,
      "release_pos_z": 6.2100582355728235,
      "release_pos_x": 0.8904078310910243,
      "extension": 6.281881093749863,
      "pitches": 1,
      "whiffs": 0,
      "swings": 0,
      "spin_rate": 2150,
      "swing_miss_percent": null,
      "arm_angle": null,
      "barrels_per_pa_percent": null,
      "hardhit_percent": null,
      "whiffs_per_pitch": 0,
      "active_spin_percent": null
    }
  ]
}