{
  "pitcher_id": "669022",
  "pitcher_name": "MacKenzie Gore",
  "mlbam_id": "669022",
  "arm_angle_source": "dataset",
  "pitches": [
    {
      "code": "FF",
      "title": "four-seam fastball",
      "color": "#D22D49",
      "count": 14,
      "pitch_percent": 0.42424242424242425,
      "rhh_percent": 0.2,
      "lhh_percent": 0.4642857142857143,
      "start_speed": 96.17857142857142,
      "max_start_speed": 97,
      "ivb": 15.5,
      "hb": 5.364285714285715,
      "release_pos_z": 5.586342458025707,
      "release_pos_x": 2.0138062008716155,
      "extension": 6.737997092941727,
      "pitches": 95,
      "whiffs": 8,
      "swings": 48,
      "spin_rate": 2280,
      "swing_miss_percent": 16.7,
      "arm_angle": null,
      "barrels_per_pa_percent": 4.3478260869565215,
      "hardhit_percent": 46.666666666666664,
      "whiffs_per_pitch": 0.08421052631578947,
      "active_spin_percent": null
    },
    {
      "code": "SL",
      "title": "slider",
      "color": "#EEE716",
      "count": 11,
      "pitch_percent": 0.3333333333333333,
      "rhh_percent": 0,
      "lhh_percent": 0.39285714285714285,
      "start_speed": 86.59090909090908,
      "max_start_speed": 88,
      "ivb": 2.8818181818181823,
      "hb": -2.609090909090909,
      "release_pos_z": 5.481143976329235,
      "release_pos_x": 2.054396716466918,
      "extension": 6.7577933358177855,
      "pitches": 46,
      "whiffs": 10,
      "swings": 21,
      "spin_rate": 2060,
      "swing_miss_percent": 47.6,
      "arm_angle": null,
      "barrels_per_pa_percent": 0,
      "hardhit_percent": 57.14285714285714,
      "whiffs_per_pitch": 0.21739130434782608,
      "active_spin_percent": null
    },
    {
      "code": "CU",
      "title": "curveball",
      "color": "#00D2ED",
      "count": 5,
      "pitch_percent": 0.15151515151515152,
      "rhh_percent": 0.4,
      "lhh_percent": 0.10714285714285714,
      "start_speed": 81.72,
      "max_start_speed": 83.6,
      "ivb": -10.120000000000001,
      "hb": -4.32,
      "release_pos_z": 5.654871625251766,
      "release_pos_x": 1.736331555531051,
      "extension": 6.740830089169348,
      "pitches": 37,
      "whiffs": 3,
      "swings": 13,
      "spin_rate": 2283,
      "swing_miss_percent": 23.1,
      "arm_angle": null,
      "barrels_per_pa_percent": 9.090909090909092,
      "hardhit_percent": 42.857142857142854,
      "whiffs_per_pitch": 0.08108108108108109,
      "active_spin_percent": null
    },
    {
      "code": "CH",
      "title": "changeup",
      "color": "#1DBF3A",
      "count": 2,
      "pitch_percent": 0.06060606060606061,
      "rhh_percent": 0.2,
      "lhh_percent": 0.03571428571428571,
      "start_speed": 85.35,
      "max_start_speed": 86,
      "ivb": 9,
      "hb": 12.8,
      "release_pos_z": 5.435094758886555,
      "release_pos_x": 2.0334997416610934,
      "extension": 6.89951693734521,
      "pitches": 21,
      "whiffs": 4,
      "swings": 12,
      "spin_rate": 1973,
      "swing_miss_percent": 33.3,
      "arm_angle": null,
      "barrels_per_pa_percent": 11.11111111111111,
      "hardhit_percent": 57.14285714285714,
      "whiffs_per_pitch": 0.19047619047619047,
      "active_spin_percent": null
    },
    {
      "code": "FC",
      "title": "cutter",
      "color": "#933F2C",
      "count": 1,
      "pitch_percent": 0.030303030303030304,
      "rhh_percent": 0.2,
      "lhh_percent": 0,
      "start_speed": 89,
      "max_start_speed": 89,
      "ivb": 3.5,
      "hb": -2.4,
      "release_pos_z": 5.601516880037334,
      "release_pos_x": 2.179717750945711,
      "extension": 6.689062890217385,
      "active_spin_percent": null
    }
  ]
}