{
  "pitcher_id": "669169",
  "pitcher_name": "Jonathan Heasley",
  "mlbam_id": "669169",
  "arm_angle_source": "dataset",
  "pitches": [
    {
      "code": "FF",
      "title": "four-seam fastball",
      "color": "#D22D49",
      "count": 7,
      "pitch_percent": 0.4666666666666667,
      "rhh_percent": 0.45454545454545453,
      "lhh_percent": 0.5,
      "start_speed": 93.97142857142858,
      "max_start_speed": 94.5,
      "ivb": 16.24285714285714,
      "hb": 8.414285714285713,
      "release_pos_z": 6.039675836882241,
      "release_pos_x": 1.1352181348257726,
      "extension": 6.3593722596376505,
      "pitches": 18,
      "whiffs": 2,
      "swings": 8,
      "spin_rate": 1986,
      "swing_miss_percent": 25,
      "arm_angle": null,
      "barrels_per_pa_percent": 16.666666666666664,
      "hardhit_percent": 50,
      "whiffs_per_pitch": 0.1111111111111111,
      "active_spin_percent": null
    },
    {
      "code": "CU",
      "title": "curveball",
      "color": "#00D2ED",
      "count": 5,
      "pitch_percent": 0.3333333333333333,
      "rhh_percent": 0.45454545454545453,
      "lhh_percent": 0,
      "start_speed": 80.88,
      "max_start_speed": 81.8,
      "ivb": -11.72,
      "hb": -5.28,
      "release_pos_z": 6.058515052943969,
      "release_pos_x": 1.2633095891609871,
      "extension": 6.255586286771009,
      "pitches": 6,
      "whiffs": 0,
      "swings": 3,
      "spin_rate": 2323,
      "swing_miss_percent": 0,
      "arm_angle": null,
      "barrels_per_pa_percent": 33.33333333333333,
      "hardhit_percent": 66.66666666666666,
      "whiffs_per_pitch": 0,
      "active_spin_percent": null
    },
    {
      "code": "SL",
      "title": "slider",
      "color": "#EEE716",
      "count": 2,
      "pitch_percent": 0.13333333333333333,
      "rhh_percent": 0.09090909090909091,
      "lhh_percent": 0.25,
      "start_speed": 87.15,
      "max_start_speed": 87.3,
      "ivb": 0.9500000000000002,
      "hb": 1.8000000000000003,
      "release_pos_z": 5.984705323882427,
      "release_pos_x": 1.4230725479742168,
      "extension": 6.404548482049222,
      "pitches": 14,
      "whiffs": 5,
      "swings": 11,
      "spin_rate": 1859,
      "swing_miss_percent": 45.5,
      "arm_angle": null,
      "barrels_per_pa_percent": 0,
      "hardhit_percent": 50,
      "whiffs_per_pitch": 0.35714285714285715,
      "active_spin_percent": null
    },
    {
      "code": "CH",
      "title": "changeup",
      "color": "#1DBF3A",
      "count": 1,
      "pitch_percent": 0.06666666666666667,
      "rhh_percent": 0,
      "lhh_percent": 0.25,
      "start_speed": 87.2,
      "max_start_speed": 87.2,
      "ivb": -2.4,
      "hb": 8.6,
      "release_pos_z": 5.8608506101926805,
      "release_pos_x": 1.574792788787451,
      "extension": 6.503897948860594,
      "pitches": 8,
      "whiffs": 0,
      "swings": 5,
      "spin_rate": 1385,
      "swing_miss_percent": 0,
      "arm_angle": null,
      "barrels_per_pa_percent": 0,
      "hardhit_percent": 0,
      "whiffs_per_pitch": 0,
      "active_spin_percent": null
    }
  ]
}