{
  "pitcher_id": "669199",
  "pitcher_name": "Lake Bachar",
  "mlbam_id": "669199",
  "arm_angle_source": "dataset",
  "pitches": [
    {
      "code": "FF",
      "title": "four-seam fastball",
      "color": "#D22D49",
      "count": 9,
      "pitch_percent": 0.34615384615384615,
      "rhh_percent": 0.14285714285714285,
      "lhh_percent": 0.5833333333333334,
      "start_speed": 94,
      "max_start_speed": 94.6,
      "ivb": 17.577777777777776,
      "hb": 10.933333333333332,
      "release_pos_z": 6.0381529703422,
      "release_pos_x": 1.5652850295872645,
      "extension": 5.871003500206513,
      "pitches": 18,
      "whiffs": 4,
      "swings": 7,
      "spin_rate": 2631,
      "swing_miss_percent": 57.1,
      "arm_angle": null,
      "barrels_per_pa_percent": 0,
      "hardhit_percent": 100,
      "whiffs_per_pitch": 0.2222222222222222,
      "active_spin_percent": null
    },
    {
      "code": "SL",
      "title": "slider",
      "color": "#EEE716",
      "count": 7,
      "pitch_percent": 0.2692307692307692,
      "rhh_percent": 0.42857142857142855,
      "lhh_percent": 0.08333333333333333,
      "start_speed": 89.62857142857142,
      "max_start_speed": 90.4,
      "ivb": 3.8571428571428568,
      "hb": -2.2428571428571424,
      "release_pos_z": 5.964765446980157,
      "release_pos_x": 1.5919503476869623,
      "extension": 5.742134276239226,
      "pitches": 18,
      "whiffs": 5,
      "swings": 10,
      "spin_rate": 2690,
      "swing_miss_percent": 50,
      "arm_angle": null,
      "barrels_per_pa_percent": null,
      "hardhit_percent": null,
      "whiffs_per_pitch": 0.2777777777777778,
      "active_spin_percent": null
    },
    {
      "code": "FS",
      "title": "splitter",
      "color": "#3BACAC",
      "count": 6,
      "pitch_percent": 0.23076923076923078,
      "rhh_percent": 0.14285714285714285,
      "lhh_percent": 0.3333333333333333,
      "start_speed": 84.13333333333333,
      "max_start_speed": 84.6,
      "ivb": 7.483333333333334,
      "hb": 15.549999999999999,
      "release_pos_z": 5.788231285809495,
      "release_pos_x": 1.7721541341472034,
      "extension": 6.0165548907351445,
      "pitches": 14,
      "whiffs": 4,
      "swings": 6,
      "spin_rate": 1743,
      "swing_miss_percent": 66.7,
      "arm_angle": null,
      "barrels_per_pa_percent": 0,
      "hardhit_percent": 100,
      "whiffs_per_pitch": 0.2857142857142857,
      "active_spin_percent": null
    },
    {
      "code": "ST",
      "title": "sweeper",
      "color": "#DDB43A",
      "count": 4,
      "pitch_percent": 0.15384615384615385,
      "rhh_percent": 0.2857142857142857,
      "lhh_percent": 0,
      "start_speed": 85.42500000000001,
      "max_start_speed": 86.3,
      "ivb": -2.975,
      "hb": -12.125,
      "release_pos_z": 5.716926855213879,
      "release_pos_x": 1.9041232865452118,
      "extension": 5.8281094668371765,
      "pitches": 12,
      "whiffs": 3,
      "swings": 4,
      "spin_rate": 3008,
      "swing_miss_percent": 75,
      "arm_angle": null,
      "barrels_per_pa_percent": null,
      "hardhit_percent": null,
      "whiffs_per_pitch": 0.25,
      "active_spin_percent": null
    }
  ]
}