{
  "pitcher_id": "669270",
  "pitcher_name": "Joel Kuhnel",
  "mlbam_id": "669270",
  "arm_angle_source": "dataset",
  "pitches": [
    {
      "code": "SI",
      "title": "sinker",
      "color": "#FE9E00",
      "count": 7,
      "pitch_percent": 0.2916666666666667,
      "rhh_percent": 0.5555555555555556,
      "lhh_percent": 0.13333333333333333,
      "start_speed": 94.60000000000001,
      "max_start_speed": 95.7,
      "ivb": 7.3999999999999995,
      "hb": 13.700000000000001,
      "release_pos_z": 6.220355450752386,
      "release_pos_x": 1.2751843513607841,
      "extension": 6.899629985241247,
      "pitches": 7,
      "whiffs": 1,
      "swings": 3,
      "spin_rate": 2215,
      "swing_miss_percent": 33.3,
      "arm_angle": null,
      "barrels_per_pa_percent": 0,
      "hardhit_percent": 50,
      "whiffs_per_pitch": 0.14285714285714285,
      "active_spin_percent": null
    },
    {
      "code": "CH",
      "title": "changeup",
      "color": "#1DBF3A",
      "count": 7,
      "pitch_percent": 0.2916666666666667,
      "rhh_percent": 0.1111111111111111,
      "lhh_percent": 0.4,
      "start_speed": 89.55714285714285,
      "max_start_speed": 92.3,
      "ivb": 5.385714285714285,
      "hb": 9.671428571428569,
      "release_pos_z": 6.20692075716656,
      "release_pos_x": 1.661097859486836,
      "extension": 6.819656263021536,
      "pitches": 7,
      "whiffs": 3,
      "swings": 5,
      "spin_rate": 1316,
      "swing_miss_percent": 60,
      "arm_angle": null,
      "barrels_per_pa_percent": 0,
      "hardhit_percent": 100,
      "whiffs_per_pitch": 0.42857142857142855,
      "active_spin_percent": null
    },
    {
      "code": "FF",
      "title": "four-seam fastball",
      "color": "#D22D49",
      "count": 6,
      "pitch_percent": 0.25,
      "rhh_percent": 0.1111111111111111,
      "lhh_percent": 0.3333333333333333,
      "start_speed": 95.39999999999999,
      "max_start_speed": 96.8,
      "ivb": 13.116666666666667,
      "hb": 5.3166666666666655,
      "release_pos_z": 6.249329417201448,
      "release_pos_x": 1.3285878587668023,
      "extension": 6.866038250133598,
      "pitches": 6,
      "whiffs": 0,
      "swings": 4,
      "spin_rate": 2236,
      "swing_miss_percent": 0,
      "arm_angle": null,
      "barrels_per_pa_percent": 0,
      "hardhit_percent": 50,
      "whiffs_per_pitch": 0,
      "active_spin_percent": null
    },
    {
      "code": "SL",
      "title": "slider",
      "color": "#EEE716",
      "count": 3,
      "pitch_percent": 0.125,
      "rhh_percent": 0.1111111111111111,
      "lhh_percent": 0.13333333333333333,
      "start_speed": 86.33333333333333,
      "max_start_speed": 86.9,
      "ivb": 2.566666666666667,
      "hb": -4.1000000000000005,
      "release_pos_z": 6.116939933269087,
      "release_pos_x": 1.9273824631560108,
      "extension": 6.7636192325790505,
      "pitches": 4,
      "whiffs": 1,
      "swings": 2,
      "spin_rate": 2402,
      "swing_miss_percent": 50,
      "arm_angle": null,
      "barrels_per_pa_percent": 100,
      "hardhit_percent": 100,
      "whiffs_per_pitch": 0.25,
      "active_spin_percent": null
    },
    {
      "code": "CU",
      "title": "curveball",
      "color": "#00D2ED",
      "count": 1,
      "pitch_percent": 0.041666666666666664,
      "rhh_percent": 0.1111111111111111,
      "lhh_percent": 0,
      "start_speed": 84.4,
      "max_start_speed": 84.4,
      "ivb": -2.4,
      "hb": -2.5,
      "release_pos_z": 5.98856804862565,
      "release_pos_x": 1.8857894894261042,
      "extension": 6.697024076872118,
      "active_spin_percent": null
    }
  ]
}