{
  "pitcher_id": "669212",
  "pitcher_name": "Eli Morgan",
  "mlbam_id": "669212",
  "arm_angle_source": "dataset",
  "pitches": [
    {
      "code": "FF",
      "title": "four-seam fastball",
      "color": "#D22D49",
      "count": 12,
      "pitch_percent": 0.46153846153846156,
      "rhh_percent": 0.5454545454545454,
      "lhh_percent": 0.4,
      "start_speed": 90.46666666666665,
      "max_start_speed": 91.3,
      "ivb": 18.15,
      "hb": 9.908333333333331,
      "release_pos_z": 5.8059612988753,
      "release_pos_x": 0.39864510554155785,
      "extension": 6.523555302657809,
      "pitches": 12,
      "whiffs": 0,
      "swings": 5,
      "spin_rate": 2307,
      "swing_miss_percent": 0,
      "arm_angle": null,
      "barrels_per_pa_percent": null,
      "hardhit_percent": 0,
      "whiffs_per_pitch": 0,
      "active_spin_percent": null
    },
    {
      "code": "CH",
      "title": "changeup",
      "color": "#1DBF3A",
      "count": 9,
      "pitch_percent": 0.34615384615384615,
      "rhh_percent": 0.2727272727272727,
      "lhh_percent": 0.4,
      "start_speed": 77.64444444444445,
      "max_start_speed": 79.2,
      "ivb": 4.233333333333333,
      "hb": 16.844444444444445,
      "release_pos_z": 5.773683815530131,
      "release_pos_x": 0.6763895280969776,
      "extension": 6.402753638069189,
      "pitches": 9,
      "whiffs": 3,
      "swings": 7,
      "spin_rate": 2147,
      "swing_miss_percent": 42.9,
      "arm_angle": null,
      "barrels_per_pa_percent": 0,
      "hardhit_percent": 33.33333333333333,
      "whiffs_per_pitch": 0.3333333333333333,
      "active_spin_percent": null
    },
    {
      "code": "SL",
      "title": "slider",
      "color": "#EEE716",
      "count": 5,
      "pitch_percent": 0.19230769230769232,
      "rhh_percent": 0.18181818181818182,
      "lhh_percent": 0.2,
      "start_speed": 85.82000000000001,
      "max_start_speed": 86.1,
      "ivb": 4.279999999999999,
      "hb": -2.4200000000000004,
      "release_pos_z": 5.763392513186128,
      "release_pos_x": 0.6986819248549627,
      "extension": 6.363314662057055,
      "pitches": 5,
      "whiffs": 1,
      "swings": 2,
      "spin_rate": 2457,
      "swing_miss_percent": 50,
      "arm_angle": null,
      "barrels_per_pa_percent": null,
      "hardhit_percent": null,
      "whiffs_per_pitch": 0.2,
      "active_spin_percent": null
    }
  ]
}