{
  "pitcher_id": "669310",
  "pitcher_name": "CJ Van Eyk",
  "mlbam_id": "669310",
  "arm_angle_source": "dataset",
  "pitches": [
    {
      "code": "FF",
      "title": "four-seam fastball",
      "color": "#D22D49",
      "count": 13,
      "pitch_percent": 0.35135135135135137,
      "rhh_percent": 0.3,
      "lhh_percent": 0.5714285714285714,
      "start_speed": 94.1076923076923,
      "max_start_speed": 97.4,
      "ivb": 15.100000000000001,
      "hb": 6.684615384615385,
      "release_pos_z": 5.464738203040971,
      "release_pos_x": 1.4191806669318925,
      "extension": 6.489874368336156,
      "pitches": 46,
      "whiffs": 3,
      "swings": 18,
      "spin_rate": 2059,
      "swing_miss_percent": 16.7,
      "arm_angle": null,
      "barrels_per_pa_percent": 0,
      "hardhit_percent": 42.857142857142854,
      "whiffs_per_pitch": 0.06521739130434782,
      "active_spin_percent": null
    },
    {
      "code": "SI",
      "title": "sinker",
      "color": "#FE9E00",
      "count": 8,
      "pitch_percent": 0.21621621621621623,
      "rhh_percent": 0.23333333333333334,
      "lhh_percent": 0.14285714285714285,
      "start_speed": 92.97500000000001,
      "max_start_speed": 96.6,
      "ivb": 9.312499999999998,
      "hb": 17.55,
      "release_pos_z": 5.335930479007215,
      "release_pos_x": 1.624651164910273,
      "extension": 6.187960973351467,
      "pitches": 12,
      "whiffs": 1,
      "swings": 5,
      "spin_rate": 1964,
      "swing_miss_percent": 20,
      "arm_angle": null,
      "barrels_per_pa_percent": 0,
      "hardhit_percent": 100,
      "whiffs_per_pitch": 0.08333333333333333,
      "active_spin_percent": null
    },
    {
      "code": "CU",
      "title": "curveball",
      "color": "#00D2ED",
      "count": 7,
      "pitch_percent": 0.1891891891891892,
      "rhh_percent": 0.2,
      "lhh_percent": 0.14285714285714285,
      "start_speed": 82.37142857142858,
      "max_start_speed": 84.7,
      "ivb": -8.357142857142858,
      "hb": -7.357142857142857,
      "release_pos_z": 5.4117325457053,
      "release_pos_x": 1.7664391969456053,
      "extension": 6.358026155000781,
      "pitches": 27,
      "whiffs": 1,
      "swings": 8,
      "spin_rate": 2193,
      "swing_miss_percent": 12.5,
      "arm_angle": null,
      "barrels_per_pa_percent": 0,
      "hardhit_percent": 75,
      "whiffs_per_pitch": 0.037037037037037035,
      "active_spin_percent": null
    },
    {
      "code": "FC",
      "title": "cutter",
      "color": "#933F2C",
      "count": 7,
      "pitch_percent": 0.1891891891891892,
      "rhh_percent": 0.2,
      "lhh_percent": 0.14285714285714285,
      "start_speed": 88.14285714285714,
      "max_start_speed": 89.7,
      "ivb": 6.257142857142857,
      "hb": -1.7428571428571427,
      "release_pos_z": 5.411437095343605,
      "release_pos_x": 1.6234652321441725,
      "extension": 6.487805458175635,
      "pitches": 12,
      "whiffs": 2,
      "swings": 6,
      "spin_rate": 2158,
      "swing_miss_percent": 33.3,
      "arm_angle": null,
      "barrels_per_pa_percent": 0,
      "hardhit_percent": 0,
      "whiffs_per_pitch": 0.16666666666666666,
      "active_spin_percent": null
    },
    {
      "code": "CH",
      "title": "changeup",
      "color": "#1DBF3A",
      "count": 1,
      "pitch_percent": 0.02702702702702703,
      "rhh_percent": 0.03333333333333333,
      "lhh_percent": 0,
      "start_speed": 81.4,
      "max_start_speed": 81.4,
      "ivb": 6.4,
      "hb": 23,
      "release_pos_z": 5.300402527040288,
      "release_pos_x": 1.9377325952299207,
      "extension": 6.580520832985568,
      "pitches": 6,
      "whiffs": 1,
      "swings": 3,
      "spin_rate": 2030,
      "swing_miss_percent": 33.3,
      "arm_angle": null,
      "barrels_per_pa_percent": 0,
      "hardhit_percent": 0,
      "whiffs_per_pitch": 0.16666666666666666,
      "active_spin_percent": null
    },
    {
      "code": "SL",
      "title": "slider",
      "color": "#EEE716",
      "count": 1,
      "pitch_percent": 0.02702702702702703,
      "rhh_percent": 0.03333333333333333,
      "lhh_percent": 0,
      "start_speed": 83,
      "max_start_speed": 83,
      "ivb": -4.4,
      "hb": -9.5,
      "release_pos_z": 5.328352557670306,
      "release_pos_x": 1.873665090061917,
      "extension": 6.49449112864024,
      "pitches": 9,
      "whiffs": 1,
      "swings": 3,
      "spin_rate": 2124,
      "swing_miss_percent": 33.3,
      "arm_angle": null,
      "barrels_per_pa_percent": null,
      "hardhit_percent": null,
      "whiffs_per_pitch": 0.1111111111111111,
      "active_spin_percent": null
    }
  ]
}