{
  "pitcher_id": "669461",
  "pitcher_name": "Matthew Liberatore",
  "mlbam_id": "669461",
  "arm_angle_source": "dataset",
  "pitches": [
    {
      "code": "SL",
      "title": "slider",
      "color": "#EEE716",
      "count": 14,
      "pitch_percent": 0.358974358974359,
      "rhh_percent": 0.4,
      "lhh_percent": 0.3333333333333333,
      "start_speed": 85.35000000000001,
      "max_start_speed": 86.7,
      "ivb": -0.6714285714285716,
      "hb": -3.7357142857142853,
      "release_pos_z": 6.615920156027215,
      "release_pos_x": 0.4042364438580474,
      "extension": 6.179178970090668,
      "pitches": 39,
      "whiffs": 14,
      "swings": 27,
      "spin_rate": 2540,
      "swing_miss_percent": 51.9,
      "arm_angle": null,
      "barrels_per_pa_percent": 6.25,
      "hardhit_percent": 25,
      "whiffs_per_pitch": 0.358974358974359,
      "active_spin_percent": null
    },
    {
      "code": "FF",
      "title": "four-seam fastball",
      "color": "#D22D49",
      "count": 12,
      "pitch_percent": 0.3076923076923077,
      "rhh_percent": 0.2,
      "lhh_percent": 0.375,
      "start_speed": 93.90833333333332,
      "max_start_speed": 95.3,
      "ivb": 16.066666666666666,
      "hb": 5.1,
      "release_pos_z": 6.664895747092719,
      "release_pos_x": 0.2155782619394581,
      "extension": 6.330334883744551,
      "pitches": 47,
      "whiffs": 7,
      "swings": 19,
      "spin_rate": 2118,
      "swing_miss_percent": 36.8,
      "arm_angle": null,
      "barrels_per_pa_percent": 0,
      "hardhit_percent": 66.66666666666666,
      "whiffs_per_pitch": 0.14893617021276595,
      "active_spin_percent": null
    },
    {
      "code": "CH",
      "title": "changeup",
      "color": "#1DBF3A",
      "count": 4,
      "pitch_percent": 0.10256410256410256,
      "rhh_percent": 0.26666666666666666,
      "lhh_percent": 0,
      "start_speed": 87.92500000000001,
      "max_start_speed": 88.6,
      "ivb": 9.625,
      "hb": 13.125,
      "release_pos_z": 6.545514348375125,
      "release_pos_x": 0.5377253957647095,
      "extension": 6.0676428131719025,
      "pitches": 25,
      "whiffs": 6,
      "swings": 13,
      "spin_rate": 1661,
      "swing_miss_percent": 46.2,
      "arm_angle": null,
      "barrels_per_pa_percent": 0,
      "hardhit_percent": 40,
      "whiffs_per_pitch": 0.24,
      "active_spin_percent": null
    },
    {
      "code": "SI",
      "title": "sinker",
      "color": "#FE9E00",
      "count": 4,
      "pitch_percent": 0.10256410256410256,
      "rhh_percent": 0,
      "lhh_percent": 0.16666666666666666,
      "start_speed": 94.775,
      "max_start_speed": 95.9,
      "ivb": 12.85,
      "hb": 10.85,
      "release_pos_z": 6.594458905781197,
      "release_pos_x": 0.23551210729831001,
      "extension": 6.3029625696204095,
      "pitches": 19,
      "whiffs": 4,
      "swings": 10,
      "spin_rate": 2076,
      "swing_miss_percent": 40,
      "arm_angle": null,
      "barrels_per_pa_percent": 20,
      "hardhit_percent": 75,
      "whiffs_per_pitch": 0.21052631578947367,
      "active_spin_percent": null
    },
    {
      "code": "CU",
      "title": "curveball",
      "color": "#00D2ED",
      "count": 3,
      "pitch_percent": 0.07692307692307693,
      "rhh_percent": 0.06666666666666667,
      "lhh_percent": 0.08333333333333333,
      "start_speed": 77.73333333333333,
      "max_start_speed": 78.5,
      "ivb": -18.3,
      "hb": -10.166666666666666,
      "release_pos_z": 6.724586030389215,
      "release_pos_x": 0.2847363498191217,
      "extension": 6.1445911530288875,
      "pitches": 14,
      "whiffs": 1,
      "swings": 3,
      "spin_rate": 2930,
      "swing_miss_percent": 33.3,
      "arm_angle": null,
      "barrels_per_pa_percent": null,
      "hardhit_percent": null,
      "whiffs_per_pitch": 0.07142857142857142,
      "active_spin_percent": null
    },
    {
      "code": "FC",
      "title": "cutter",
      "color": "#933F2C",
      "count": 2,
      "pitch_percent": 0.05128205128205128,
      "rhh_percent": 0.06666666666666667,
      "lhh_percent": 0.041666666666666664,
      "start_speed": 92.85,
      "max_start_speed": 93.6,
      "ivb": 15.200000000000001,
      "hb": 1.6,
      "release_pos_z": 6.67794734588298,
      "release_pos_x": 0.3055275047208087,
      "extension": 6.206038104237765,
      "pitches": 11,
      "whiffs": 1,
      "swings": 9,
      "spin_rate": 2282,
      "swing_miss_percent": 11.1,
      "arm_angle": null,
      "barrels_per_pa_percent": 40,
      "hardhit_percent": 60,
      "whiffs_per_pitch": 0.09090909090909091,
      "active_spin_percent": null
    }
  ]
}