{
  "pitcher_id": "670090",
  "pitcher_name": "Wyatt Mills",
  "mlbam_id": "670090",
  "arm_angle_source": "dataset",
  "pitches": [
    {
      "code": "SL",
      "title": "slider",
      "color": "#EEE716",
      "count": 13,
      "pitch_percent": 0.6190476190476191,
      "rhh_percent": 0.4444444444444444,
      "lhh_percent": 0.75,
      "start_speed": 77.63076923076923,
      "max_start_speed": 82,
      "ivb": 5.223076923076923,
      "hb": -10.646153846153847,
      "release_pos_z": 3.5953041901182066,
      "release_pos_x": 2.4896257262027115,
      "extension": 7.120444233028853,
      "pitches": 13,
      "whiffs": 3,
      "swings": 4,
      "spin_rate": null,
      "swing_miss_percent": 75,
      "arm_angle": null,
      "barrels_per_pa_percent": 0,
      "hardhit_percent": 0,
      "whiffs_per_pitch": 0.23076923076923078,
      "active_spin_percent": null
    },
    {
      "code": "FF",
      "title": "four-seam fastball",
      "color": "#D22D49",
      "count": 6,
      "pitch_percent": 0.2857142857142857,
      "rhh_percent": 0.3333333333333333,
      "lhh_percent": 0.25,
      "start_speed": 90.3,
      "max_start_speed": 91.3,
      "ivb": 8.233333333333333,
      "hb": 13.383333333333333,
      "release_pos_z": 3.8673381367396615,
      "release_pos_x": 2.303848497061065,
      "extension": 7.6720029923641375,
      "pitches": 6,
      "whiffs": 0,
      "swings": 2,
      "spin_rate": null,
      "swing_miss_percent": 0,
      "arm_angle": null,
      "barrels_per_pa_percent": 0,
      "hardhit_percent": 0,
      "whiffs_per_pitch": 0,
      "active_spin_percent": null
    },
    {
      "code": "SI",
      "title": "sinker",
      "color": "#FE9E00",
      "count": 2,
      "pitch_percent": 0.09523809523809523,
      "rhh_percent": 0.2222222222222222,
      "lhh_percent": 0,
      "start_speed": 87.85,
      "max_start_speed": 88.7,
      "ivb": 2.2,
      "hb": 14.85,
      "release_pos_z": 3.787238563535903,
      "release_pos_x": 2.429023554023881,
      "extension": 7.018493895020755,
      "pitches": 2,
      "whiffs": 0,
      "swings": 1,
      "spin_rate": null,
      "swing_miss_percent": 0,
      "arm_angle": null,
      "barrels_per_pa_percent": null,
      "hardhit_percent": null,
      "whiffs_per_pitch": 0,
      "active_spin_percent": null
    }
  ]
}