{
  "pitcher_id": "670245",
  "pitcher_name": "Ryan Watson",
  "mlbam_id": "670245",
  "arm_angle_source": "dataset",
  "pitches": [
    {
      "code": "SL",
      "title": "slider",
      "color": "#EEE716",
      "count": 4,
      "pitch_percent": 0.36363636363636365,
      "rhh_percent": 0.36363636363636365,
      "lhh_percent": null,
      "start_speed": 84.35,
      "max_start_speed": 84.9,
      "ivb": 5.125,
      "hb": -7.3,
      "release_pos_z": 5.513218582896249,
      "release_pos_x": 1.2394561537354425,
      "extension": 6.89250273190899,
      "active_spin_percent": null
    },
    {
      "code": "SI",
      "title": "sinker",
      "color": "#FE9E00",
      "count": 3,
      "pitch_percent": 0.2727272727272727,
      "rhh_percent": 0.2727272727272727,
      "lhh_percent": null,
      "start_speed": 92.76666666666667,
      "max_start_speed": 93.3,
      "ivb": 9.166666666666666,
      "hb": 16.466666666666665,
      "release_pos_z": 5.556011721127267,
      "release_pos_x": 1.1007972470767466,
      "extension": 7.078925000796535,
      "pitches": 44,
      "whiffs": 2,
      "swings": 17,
      "spin_rate": 2161,
      "swing_miss_percent": 11.8,
      "arm_angle": null,
      "barrels_per_pa_percent": 0,
      "hardhit_percent": 0,
      "whiffs_per_pitch": 0.045454545454545456,
      "active_spin_percent": null
    },
    {
      "code": "FF",
      "title": "four-seam fastball",
      "color": "#D22D49",
      "count": 2,
      "pitch_percent": 0.18181818181818182,
      "rhh_percent": 0.18181818181818182,
      "lhh_percent": null,
      "start_speed": 92.15,
      "max_start_speed": 93.2,
      "ivb": 12.25,
      "hb": 3.85,
      "release_pos_z": 5.510372036642082,
      "release_pos_x": 1.195997332100831,
      "extension": 6.957811528617903,
      "pitches": 42,
      "whiffs": 6,
      "swings": 26,
      "spin_rate": 2171,
      "swing_miss_percent": 23.1,
      "arm_angle": null,
      "barrels_per_pa_percent": 7.6923076923076925,
      "hardhit_percent": 55.55555555555556,
      "whiffs_per_pitch": 0.14285714285714285,
      "active_spin_percent": null
    },
    {
      "code": "FS",
      "title": "splitter",
      "color": "#3BACAC",
      "count": 2,
      "pitch_percent": 0.18181818181818182,
      "rhh_percent": 0.18181818181818182,
      "lhh_percent": null,
      "start_speed": 90.15,
      "max_start_speed": 90.3,
      "ivb": 7.65,
      "hb": -3,
      "release_pos_z": 5.5275688181050455,
      "release_pos_x": 1.179528169182587,
      "extension": 7.090876294267124,
      "pitches": 11,
      "whiffs": 0,
      "swings": 2,
      "spin_rate": 1354,
      "swing_miss_percent": 0,
      "arm_angle": null,
      "barrels_per_pa_percent": 0,
      "hardhit_percent": 50,
      "whiffs_per_pitch": 0,
      "active_spin_percent": null
    }
  ]
}