{
  "pitcher_id": "670329",
  "pitcher_name": "Rico Garcia",
  "mlbam_id": "670329",
  "arm_angle_source": "dataset",
  "pitches": [
    {
      "code": "FF",
      "title": "four-seam fastball",
      "color": "#D22D49",
      "count": 8,
      "pitch_percent": 0.4444444444444444,
      "rhh_percent": 0.25,
      "lhh_percent": 0.6,
      "start_speed": 94.58750000000002,
      "max_start_speed": 95.9,
      "ivb": 18.4125,
      "hb": 13.862499999999999,
      "release_pos_z": 6.027095499166625,
      "release_pos_x": 1.5253076007987791,
      "extension": 5.683089873570597,
      "pitches": 23,
      "whiffs": 2,
      "swings": 11,
      "spin_rate": 2483,
      "swing_miss_percent": 18.2,
      "arm_angle": null,
      "barrels_per_pa_percent": 0,
      "hardhit_percent": 40,
      "whiffs_per_pitch": 0.08695652173913043,
      "active_spin_percent": null
    },
    {
      "code": "SL",
      "title": "slider",
      "color": "#EEE716",
      "count": 7,
      "pitch_percent": 0.3888888888888889,
      "rhh_percent": 0.75,
      "lhh_percent": 0.1,
      "start_speed": 87.35714285714288,
      "max_start_speed": 89.7,
      "ivb": 6.628571428571428,
      "hb": 1.1714285714285715,
      "release_pos_z": 5.8519832572306,
      "release_pos_x": 1.6771751632389733,
      "extension": 5.713405719171434,
      "pitches": 19,
      "whiffs": 6,
      "swings": 11,
      "spin_rate": 2359,
      "swing_miss_percent": 54.5,
      "arm_angle": null,
      "barrels_per_pa_percent": 0,
      "hardhit_percent": 0,
      "whiffs_per_pitch": 0.3157894736842105,
      "active_spin_percent": null
    },
    {
      "code": "CH",
      "title": "changeup",
      "color": "#1DBF3A",
      "count": 3,
      "pitch_percent": 0.16666666666666666,
      "rhh_percent": 0,
      "lhh_percent": 0.3,
      "start_speed": 86,
      "max_start_speed": 86.5,
      "ivb": 14.5,
      "hb": 17.366666666666664,
      "release_pos_z": 5.88182119315993,
      "release_pos_x": 1.7550629105440418,
      "extension": 5.944335816873757,
      "pitches": 12,
      "whiffs": 6,
      "swings": 10,
      "spin_rate": 2351,
      "swing_miss_percent": 60,
      "arm_angle": null,
      "barrels_per_pa_percent": 50,
      "hardhit_percent": 50,
      "whiffs_per_pitch": 0.5,
      "active_spin_percent": null
    }
  ]
}