{
  "pitcher_id": "671109",
  "pitcher_name": "Jake Eder",
  "mlbam_id": "671109",
  "arm_angle_source": "dataset",
  "pitches": [
    {
      "code": "SL",
      "title": "slider",
      "color": "#EEE716",
      "count": 19,
      "pitch_percent": 0.4523809523809524,
      "rhh_percent": 0.391304347826087,
      "lhh_percent": 0.5263157894736842,
      "start_speed": 88.05263157894736,
      "max_start_speed": 89.4,
      "ivb": 4.847368421052631,
      "hb": -3.0789473684210527,
      "release_pos_z": 5.9144795546456,
      "release_pos_x": 1.3176313915869289,
      "extension": 6.828865461912777,
      "pitches": 35,
      "whiffs": 3,
      "swings": 12,
      "spin_rate": 2265,
      "swing_miss_percent": 25,
      "arm_angle": null,
      "barrels_per_pa_percent": 0,
      "hardhit_percent": 0,
      "whiffs_per_pitch": 0.08571428571428572,
      "active_spin_percent": null
    },
    {
      "code": "FF",
      "title": "four-seam fastball",
      "color": "#D22D49",
      "count": 19,
      "pitch_percent": 0.4523809523809524,
      "rhh_percent": 0.43478260869565216,
      "lhh_percent": 0.47368421052631576,
      "start_speed": 94.24736842105263,
      "max_start_speed": 96.4,
      "ivb": 14.694736842105263,
      "hb": 9.773684210526316,
      "release_pos_z": 5.864783699617576,
      "release_pos_x": 1.166794209719095,
      "extension": 6.8404741790386545,
      "pitches": 34,
      "whiffs": 5,
      "swings": 20,
      "spin_rate": 2018,
      "swing_miss_percent": 25,
      "arm_angle": null,
      "barrels_per_pa_percent": 0,
      "hardhit_percent": 33.33333333333333,
      "whiffs_per_pitch": 0.14705882352941177,
      "active_spin_percent": null
    },
    {
      "code": "CH",
      "title": "changeup",
      "color": "#1DBF3A",
      "count": 2,
      "pitch_percent": 0.047619047619047616,
      "rhh_percent": 0.08695652173913043,
      "lhh_percent": 0,
      "start_speed": 85.55,
      "max_start_speed": 86.3,
      "ivb": 6.5,
      "hb": 14.1,
      "release_pos_z": 5.7861964646802875,
      "release_pos_x": 1.3569056013586702,
      "extension": 7.105996082442848,
      "pitches": 3,
      "whiffs": 1,
      "swings": 1,
      "spin_rate": 1578,
      "swing_miss_percent": 100,
      "arm_angle": null,
      "barrels_per_pa_percent": null,
      "hardhit_percent": null,
      "whiffs_per_pitch": 0.3333333333333333,
      "active_spin_percent": null
    },
    {
      "code": "ST",
      "title": "sweeper",
      "color": "#DDB43A",
      "count": 2,
      "pitch_percent": 0.047619047619047616,
      "rhh_percent": 0.08695652173913043,
      "lhh_percent": 0,
      "start_speed": 84.65,
      "max_start_speed": 85,
      "ivb": 0.4,
      "hb": -5.9,
      "release_pos_z": 5.945702358034342,
      "release_pos_x": 1.2342412041504145,
      "extension": 6.780250997462874,
      "pitches": 6,
      "whiffs": 0,
      "swings": 2,
      "spin_rate": 2563,
      "swing_miss_percent": 0,
      "arm_angle": null,
      "barrels_per_pa_percent": 0,
      "hardhit_percent": 0,
      "whiffs_per_pitch": 0,
      "active_spin_percent": null
    }
  ]
}