{
  "pitcher_id": "672487",
  "pitcher_name": "Helcris Olivárez",
  "mlbam_id": "672487",
  "arm_angle_source": "dataset",
  "pitches": [
    {
      "code": "FF",
      "title": "four-seam fastball",
      "color": "#D22D49",
      "count": 6,
      "pitch_percent": 0.6666666666666666,
      "rhh_percent": 0.5,
      "lhh_percent": 0.8,
      "start_speed": 95.68333333333334,
      "max_start_speed": 98.1,
      "ivb": 12.316666666666668,
      "hb": 9.133333333333335,
      "release_pos_z": 5.8852438028167215,
      "release_pos_x": 2.519239237548916,
      "extension": 6.429554692573562,
      "pitches": 74,
      "whiffs": 8,
      "swings": 30,
      "spin_rate": 2072,
      "swing_miss_percent": 26.7,
      "arm_angle": null,
      "barrels_per_pa_percent": 0,
      "hardhit_percent": 30.76923076923077,
      "whiffs_per_pitch": 0.10810810810810811,
      "active_spin_percent": null
    },
    {
      "code": "CH",
      "title": "changeup",
      "color": "#1DBF3A",
      "count": 1,
      "pitch_percent": 0.1111111111111111,
      "rhh_percent": 0.25,
      "lhh_percent": 0,
      "start_speed": 91.3,
      "max_start_speed": 91.3,
      "ivb": 7.8,
      "hb": 18.4,
      "release_pos_z": 5.527536527662993,
      "release_pos_x": 2.707273437549611,
      "extension": 6.586229823063976,
      "pitches": 20,
      "whiffs": 3,
      "swings": 12,
      "spin_rate": 2031,
      "swing_miss_percent": 25,
      "arm_angle": null,
      "barrels_per_pa_percent": 12.5,
      "hardhit_percent": 66.66666666666666,
      "whiffs_per_pitch": 0.15,
      "active_spin_percent": null
    },
    {
      "code": "SI",
      "title": "sinker",
      "color": "#FE9E00",
      "count": 1,
      "pitch_percent": 0.1111111111111111,
      "rhh_percent": 0.25,
      "lhh_percent": 0,
      "start_speed": 97,
      "max_start_speed": 97,
      "ivb": 10.8,
      "hb": 13.7,
      "release_pos_z": 5.920168117904985,
      "release_pos_x": 2.5303277702774216,
      "extension": 6.418534045192078,
      "pitches": 28,
      "whiffs": 2,
      "swings": 9,
      "spin_rate": 2056,
      "swing_miss_percent": 22.2,
      "arm_angle": null,
      "barrels_per_pa_percent": 0,
      "hardhit_percent": 33.33333333333333,
      "whiffs_per_pitch": 0.07142857142857142,
      "active_spin_percent": null
    },
    {
      "code": "CU",
      "title": "curveball",
      "color": "#00D2ED",
      "count": 1,
      "pitch_percent": 0.1111111111111111,
      "rhh_percent": 0,
      "lhh_percent": 0.2,
      "start_speed": 85.8,
      "max_start_speed": 85.8,
      "ivb": -2.6,
      "hb": -4.1,
      "release_pos_z": 5.822233953896989,
      "release_pos_x": 2.5794369316886128,
      "extension": 6.327630459170821,
      "pitches": 15,
      "whiffs": 2,
      "swings": 3,
      "spin_rate": 2149,
      "swing_miss_percent": 66.7,
      "arm_angle": null,
      "barrels_per_pa_percent": null,
      "hardhit_percent": null,
      "whiffs_per_pitch": 0.13333333333333333,
      "active_spin_percent": null
    }
  ]
}