{
  "pitcher_id": "672456",
  "pitcher_name": "Keider Montero",
  "mlbam_id": "672456",
  "arm_angle_source": "dataset",
  "pitches": [
    {
      "code": "FF",
      "title": "four-seam fastball",
      "color": "#D22D49",
      "count": 11,
      "pitch_percent": 0.3793103448275862,
      "rhh_percent": 0.3125,
      "lhh_percent": 0.46153846153846156,
      "start_speed": 96.30909090909091,
      "max_start_speed": 97.5,
      "ivb": 16.227272727272727,
      "hb": 6.5,
      "release_pos_z": 5.880146326771128,
      "release_pos_x": 2.1510878234004203,
      "extension": 6.168503315469359,
      "pitches": 11,
      "whiffs": 1,
      "swings": 5,
      "spin_rate": 2297,
      "swing_miss_percent": 20,
      "arm_angle": null,
      "barrels_per_pa_percent": 20,
      "hardhit_percent": 66.66666666666666,
      "whiffs_per_pitch": 0.09090909090909091,
      "active_spin_percent": null
    },
    {
      "code": "SL",
      "title": "slider",
      "color": "#EEE716",
      "count": 5,
      "pitch_percent": 0.1724137931034483,
      "rhh_percent": 0.3125,
      "lhh_percent": 0,
      "start_speed": 86.42,
      "max_start_speed": 87.6,
      "ivb": 1.2599999999999998,
      "hb": -7.839999999999999,
      "release_pos_z": 5.804190272884575,
      "release_pos_x": 2.3755402780815458,
      "extension": 6.048229379664521,
      "pitches": 5,
      "whiffs": 1,
      "swings": 3,
      "spin_rate": 2747,
      "swing_miss_percent": 33.3,
      "arm_angle": null,
      "barrels_per_pa_percent": 0,
      "hardhit_percent": 0,
      "whiffs_per_pitch": 0.2,
      "active_spin_percent": null
    },
    {
      "code": "KC",
      "title": "knuckle curve",
      "color": "#6236CD",
      "count": 5,
      "pitch_percent": 0.1724137931034483,
      "rhh_percent": 0.125,
      "lhh_percent": 0.23076923076923078,
      "start_speed": 81.32000000000001,
      "max_start_speed": 83.6,
      "ivb": -9.040000000000001,
      "hb": -12.959999999999999,
      "release_pos_z": 5.941586005987697,
      "release_pos_x": 2.0681412172303055,
      "extension": 6.029496753528434,
      "pitches": 5,
      "whiffs": 0,
      "swings": 1,
      "spin_rate": 2946,
      "swing_miss_percent": 0,
      "arm_angle": null,
      "barrels_per_pa_percent": 0,
      "hardhit_percent": 0,
      "whiffs_per_pitch": 0,
      "active_spin_percent": null
    },
    {
      "code": "SI",
      "title": "sinker",
      "color": "#FE9E00",
      "count": 4,
      "pitch_percent": 0.13793103448275862,
      "rhh_percent": 0.25,
      "lhh_percent": 0,
      "start_speed": 96.25,
      "max_start_speed": 96.5,
      "ivb": 12.675,
      "hb": 14.3,
      "release_pos_z": 5.803718344368767,
      "release_pos_x": 2.155710689065328,
      "extension": 6.313082067743442,
      "pitches": 4,
      "whiffs": 0,
      "swings": 2,
      "spin_rate": 2227,
      "swing_miss_percent": 0,
      "arm_angle": null,
      "barrels_per_pa_percent": 0,
      "hardhit_percent": 0,
      "whiffs_per_pitch": 0,
      "active_spin_percent": null
    },
    {
      "code": "CH",
      "title": "changeup",
      "color": "#1DBF3A",
      "count": 4,
      "pitch_percent": 0.13793103448275862,
      "rhh_percent": 0,
      "lhh_percent": 0.3076923076923077,
      "start_speed": 88.77499999999999,
      "max_start_speed": 89.1,
      "ivb": 7.175,
      "hb": 14.025,
      "release_pos_z": 5.723414708272625,
      "release_pos_x": 2.40383614785142,
      "extension": 6.293376170244729,
      "pitches": 4,
      "whiffs": 0,
      "swings": 0,
      "spin_rate": 1966,
      "swing_miss_percent": null,
      "arm_angle": null,
      "barrels_per_pa_percent": null,
      "hardhit_percent": null,
      "whiffs_per_pitch": 0,
      "active_spin_percent": null
    }
  ]
}