{
  "pitcher_id": "674681",
  "pitcher_name": "Michael Plassmeyer",
  "mlbam_id": "674681",
  "arm_angle_source": "dataset",
  "pitches": [
    {
      "code": "SI",
      "title": "sinker",
      "color": "#FE9E00",
      "count": 6,
      "pitch_percent": 0.2608695652173913,
      "rhh_percent": 0.25,
      "lhh_percent": 0.2857142857142857,
      "start_speed": 88.88333333333333,
      "max_start_speed": 89.5,
      "ivb": 7.933333333333333,
      "hb": 15.050000000000002,
      "release_pos_z": 5.240339039881832,
      "release_pos_x": 3.4123851322501206,
      "extension": 6.181853896264165,
      "pitches": 9,
      "whiffs": 2,
      "swings": 3,
      "spin_rate": 2196,
      "swing_miss_percent": 66.7,
      "arm_angle": null,
      "barrels_per_pa_percent": null,
      "hardhit_percent": null,
      "whiffs_per_pitch": 0.2222222222222222,
      "active_spin_percent": null
    },
    {
      "code": "FC",
      "title": "cutter",
      "color": "#933F2C",
      "count": 5,
      "pitch_percent": 0.21739130434782608,
      "rhh_percent": 0.3125,
      "lhh_percent": 0,
      "start_speed": 85.84,
      "max_start_speed": 87,
      "ivb": 7.860000000000001,
      "hb": -0.7999999999999997,
      "release_pos_z": 5.322242563004542,
      "release_pos_x": 3.523103788039743,
      "extension": 6.139476502800694,
      "pitches": 9,
      "whiffs": 0,
      "swings": 7,
      "spin_rate": 2437,
      "swing_miss_percent": 0,
      "arm_angle": null,
      "barrels_per_pa_percent": 0,
      "hardhit_percent": 0,
      "whiffs_per_pitch": 0,
      "active_spin_percent": null
    },
    {
      "code": "SL",
      "title": "slider",
      "color": "#EEE716",
      "count": 5,
      "pitch_percent": 0.21739130434782608,
      "rhh_percent": 0.0625,
      "lhh_percent": 0.5714285714285714,
      "start_speed": 76.64000000000001,
      "max_start_speed": 77.7,
      "ivb": 2.04,
      "hb": -12.78,
      "release_pos_z": 5.2892100999705205,
      "release_pos_x": 3.634280662019381,
      "extension": 5.538705463856798,
      "pitches": 11,
      "whiffs": 1,
      "swings": 4,
      "spin_rate": 2291,
      "swing_miss_percent": 25,
      "arm_angle": null,
      "barrels_per_pa_percent": 0,
      "hardhit_percent": 0,
      "whiffs_per_pitch": 0.09090909090909091,
      "active_spin_percent": null
    },
    {
      "code": "CH",
      "title": "changeup",
      "color": "#1DBF3A",
      "count": 5,
      "pitch_percent": 0.21739130434782608,
      "rhh_percent": 0.3125,
      "lhh_percent": 0,
      "start_speed": 83.66,
      "max_start_speed": 84.4,
      "ivb": -0.020000000000000018,
      "hb": 15.1,
      "release_pos_z": 5.214456555592564,
      "release_pos_x": 3.537519734053248,
      "extension": 6.097596522109799,
      "pitches": 7,
      "whiffs": 1,
      "swings": 4,
      "spin_rate": 1801,
      "swing_miss_percent": 25,
      "arm_angle": null,
      "barrels_per_pa_percent": 0,
      "hardhit_percent": 33.33333333333333,
      "whiffs_per_pitch": 0.14285714285714285,
      "active_spin_percent": null
    },
    {
      "code": "FF",
      "title": "four-seam fastball",
      "color": "#D22D49",
      "count": 2,
      "pitch_percent": 0.08695652173913043,
      "rhh_percent": 0.0625,
      "lhh_percent": 0.14285714285714285,
      "start_speed": 88.3,
      "max_start_speed": 89.1,
      "ivb": 16.15,
      "hb": 13,
      "release_pos_z": 5.358804651566603,
      "release_pos_x": 3.491675887252911,
      "extension": 5.656639419189524,
      "pitches": 4,
      "whiffs": 0,
      "swings": 1,
      "spin_rate": 2280,
      "swing_miss_percent": 0,
      "arm_angle": null,
      "barrels_per_pa_percent": null,
      "hardhit_percent": null,
      "whiffs_per_pitch": 0,
      "active_spin_percent": null
    }
  ]
}