{
  "pitcher_id": "675916",
  "pitcher_name": "James Karinchak",
  "mlbam_id": "675916",
  "arm_angle_source": "dataset",
  "pitches": [
    {
      "code": "FF",
      "title": "four-seam fastball",
      "color": "#D22D49",
      "count": 7,
      "pitch_percent": 0.6363636363636364,
      "rhh_percent": 0.75,
      "lhh_percent": 0.3333333333333333,
      "start_speed": 94.68571428571428,
      "max_start_speed": 95.1,
      "ivb": 19.957142857142856,
      "hb": 7.385714285714285,
      "release_pos_z": 6.504267183818885,
      "release_pos_x": 0.18845860388434293,
      "extension": 5.945044877156877,
      "pitches": 34,
      "whiffs": 11,
      "swings": 23,
      "spin_rate": 2329,
      "swing_miss_percent": 47.8,
      "arm_angle": null,
      "barrels_per_pa_percent": 0,
      "hardhit_percent": 33.33333333333333,
      "whiffs_per_pitch": 0.3235294117647059,
      "active_spin_percent": null
    },
    {
      "code": "CU",
      "title": "curveball",
      "color": "#00D2ED",
      "count": 4,
      "pitch_percent": 0.36363636363636365,
      "rhh_percent": 0.25,
      "lhh_percent": 0.6666666666666666,
      "start_speed": 83.425,
      "max_start_speed": 84.5,
      "ivb": -7.074999999999999,
      "hb": -0.775,
      "release_pos_z": 6.516008062933069,
      "release_pos_x": 0.080784516275447,
      "extension": 5.708737184389048,
      "pitches": 30,
      "whiffs": 3,
      "swings": 6,
      "spin_rate": 2363,
      "swing_miss_percent": 50,
      "arm_angle": null,
      "barrels_per_pa_percent": 0,
      "hardhit_percent": 50,
      "whiffs_per_pitch": 0.1,
      "active_spin_percent": null
    }
  ]
}