{
  "pitcher_id": "676106",
  "pitcher_name": "Emerson Hancock",
  "mlbam_id": "676106",
  "arm_angle_source": "dataset",
  "pitches": [
    {
      "code": "SI",
      "title": "sinker",
      "color": "#FE9E00",
      "count": 15,
      "pitch_percent": 0.40540540540540543,
      "rhh_percent": 0.4411764705882353,
      "lhh_percent": 0,
      "start_speed": 95.90000000000002,
      "max_start_speed": 96.7,
      "ivb": 2.44,
      "hb": 18.266666666666666,
      "release_pos_z": 5.469958752089614,
      "release_pos_x": 2.624806130662247,
      "extension": 6.118770750557557,
      "pitches": 17,
      "whiffs": 1,
      "swings": 8,
      "spin_rate": 2326,
      "swing_miss_percent": 12.5,
      "arm_angle": null,
      "barrels_per_pa_percent": 0,
      "hardhit_percent": 50,
      "whiffs_per_pitch": 0.058823529411764705,
      "active_spin_percent": null
    },
    {
      "code": "FF",
      "title": "four-seam fastball",
      "color": "#D22D49",
      "count": 13,
      "pitch_percent": 0.35135135135135137,
      "rhh_percent": 0.35294117647058826,
      "lhh_percent": 0.3333333333333333,
      "start_speed": 95.6923076923077,
      "max_start_speed": 96.9,
      "ivb": 12.153846153846157,
      "hb": 10.36923076923077,
      "release_pos_z": 5.867398381824889,
      "release_pos_x": 2.305770206880702,
      "extension": 6.051971629820718,
      "pitches": 28,
      "whiffs": 11,
      "swings": 18,
      "spin_rate": 2455,
      "swing_miss_percent": 61.1,
      "arm_angle": null,
      "barrels_per_pa_percent": 0,
      "hardhit_percent": 0,
      "whiffs_per_pitch": 0.39285714285714285,
      "active_spin_percent": null
    },
    {
      "code": "ST",
      "title": "sweeper",
      "color": "#DDB43A",
      "count": 7,
      "pitch_percent": 0.1891891891891892,
      "rhh_percent": 0.20588235294117646,
      "lhh_percent": 0,
      "start_speed": 78.42857142857143,
      "max_start_speed": 80.9,
      "ivb": 0.5714285714285714,
      "hb": -16.014285714285712,
      "release_pos_z": 5.566994165962801,
      "release_pos_x": 2.791200125986574,
      "extension": 5.874172730050327,
      "pitches": 10,
      "whiffs": 2,
      "swings": 3,
      "spin_rate": 2724,
      "swing_miss_percent": 66.7,
      "arm_angle": null,
      "barrels_per_pa_percent": null,
      "hardhit_percent": null,
      "whiffs_per_pitch": 0.2,
      "active_spin_percent": null
    },
    {
      "code": "SL",
      "title": "slider",
      "color": "#EEE716",
      "count": 2,
      "pitch_percent": 0.05405405405405406,
      "rhh_percent": 0,
      "lhh_percent": 0.6666666666666666,
      "start_speed": 86.5,
      "max_start_speed": 86.6,
      "ivb": 5.45,
      "hb": -3.4,
      "release_pos_z": 5.916013240926432,
      "release_pos_x": 2.3168510586372753,
      "extension": 5.977067780020653,
      "pitches": 13,
      "whiffs": 1,
      "swings": 3,
      "spin_rate": 2231,
      "swing_miss_percent": 33.3,
      "arm_angle": null,
      "barrels_per_pa_percent": 0,
      "hardhit_percent": 50,
      "whiffs_per_pitch": 0.07692307692307693,
      "active_spin_percent": null
    }
  ]
}