{
  "pitcher_id": "676106",
  "pitcher_name": "Emerson Hancock",
  "mlbam_id": "676106",
  "arm_angle_source": "dataset",
  "pitches": [
    {
      "code": "SI",
      "title": "sinker",
      "color": "#FE9E00",
      "count": 15,
      "pitch_percent": 0.40540540540540543,
      "rhh_percent": 0.4411764705882353,
      "lhh_percent": 0,
      "start_speed": 95.90000000000002,
      "max_start_speed": 96.7,
      "ivb": 2.44,
      "hb": 18.266666666666666,
      "release_pos_z": 5.469958752089614,
      "release_pos_x": 2.624806130662247,
      "extension": 6.118770750557557,
      "pitches": 57,
      "whiffs": 4,
      "swings": 27,
      "spin_rate": 2317,
      "swing_miss_percent": 14.8,
      "arm_angle": null,
      "barrels_per_pa_percent": 0,
      "hardhit_percent": 40,
      "whiffs_per_pitch": 0.07017543859649122,
      "active_spin_percent": null
    },
    {
      "code": "FF",
      "title": "four-seam fastball",
      "color": "#D22D49",
      "count": 13,
      "pitch_percent": 0.35135135135135137,
      "rhh_percent": 0.35294117647058826,
      "lhh_percent": 0.3333333333333333,
      "start_speed": 95.6923076923077,
      "max_start_speed": 96.9,
      "ivb": 12.153846153846157,
      "hb": 10.36923076923077,
      "release_pos_z": 5.867398381824889,
      "release_pos_x": 2.305770206880702,
      "extension": 6.051971629820718,
      "pitches": 76,
      "whiffs": 26,
      "swings": 51,
      "spin_rate": 2408,
      "swing_miss_percent": 51,
      "arm_angle": null,
      "barrels_per_pa_percent": 4.166666666666666,
      "hardhit_percent": 72.72727272727273,
      "whiffs_per_pitch": 0.34210526315789475,
      "active_spin_percent": null
    },
    {
      "code": "ST",
      "title": "sweeper",
      "color": "#DDB43A",
      "count": 7,
      "pitch_percent": 0.1891891891891892,
      "rhh_percent": 0.20588235294117646,
      "lhh_percent": 0,
      "start_speed": 78.42857142857143,
      "max_start_speed": 80.9,
      "ivb": 0.5714285714285714,
      "hb": -16.014285714285712,
      "release_pos_z": 5.566994165962801,
      "release_pos_x": 2.791200125986574,
      "extension": 5.874172730050327,
      "pitches": 50,
      "whiffs": 11,
      "swings": 21,
      "spin_rate": 2701,
      "swing_miss_percent": 52.4,
      "arm_angle": null,
      "barrels_per_pa_percent": 11.11111111111111,
      "hardhit_percent": 25,
      "whiffs_per_pitch": 0.22,
      "active_spin_percent": null
    },
    {
      "code": "SL",
      "title": "slider",
      "color": "#EEE716",
      "count": 2,
      "pitch_percent": 0.05405405405405406,
      "rhh_percent": 0,
      "lhh_percent": 0.6666666666666666,
      "start_speed": 86.5,
      "max_start_speed": 86.6,
      "ivb": 5.45,
      "hb": -3.4,
      "release_pos_z": 5.916013240926432,
      "release_pos_x": 2.3168510586372753,
      "extension": 5.977067780020653,
      "active_spin_percent": null
    }
  ]
}