{
  "pitcher_id": "676568",
  "pitcher_name": "Ricky Vanasco",
  "mlbam_id": "676568",
  "arm_angle_source": "dataset",
  "pitches": [
    {
      "code": "FF",
      "title": "four-seam fastball",
      "color": "#D22D49",
      "count": 16,
      "pitch_percent": 0.6153846153846154,
      "rhh_percent": 0.7058823529411765,
      "lhh_percent": 0.4444444444444444,
      "start_speed": 95.0375,
      "max_start_speed": 96.8,
      "ivb": 13.450000000000001,
      "hb": 10.50625,
      "release_pos_z": 5.772580653325663,
      "release_pos_x": 1.5140582103083993,
      "extension": 6.61024236583589,
      "pitches": 38,
      "whiffs": 2,
      "swings": 18,
      "spin_rate": 2148,
      "swing_miss_percent": 11.1,
      "arm_angle": null,
      "barrels_per_pa_percent": 18.181818181818183,
      "hardhit_percent": 75,
      "whiffs_per_pitch": 0.05263157894736842,
      "active_spin_percent": null
    },
    {
      "code": "CH",
      "title": "changeup",
      "color": "#1DBF3A",
      "count": 4,
      "pitch_percent": 0.15384615384615385,
      "rhh_percent": 0.058823529411764705,
      "lhh_percent": 0.3333333333333333,
      "start_speed": 84.675,
      "max_start_speed": 86.2,
      "ivb": 3.925,
      "hb": 10.325,
      "release_pos_z": 5.650396770606303,
      "release_pos_x": 1.6899723454350983,
      "extension": 6.538731568450447,
      "pitches": 8,
      "whiffs": 2,
      "swings": 6,
      "spin_rate": 1344,
      "swing_miss_percent": 33.3,
      "arm_angle": null,
      "barrels_per_pa_percent": 0,
      "hardhit_percent": 0,
      "whiffs_per_pitch": 0.25,
      "active_spin_percent": null
    },
    {
      "code": "FC",
      "title": "cutter",
      "color": "#933F2C",
      "count": 2,
      "pitch_percent": 0.07692307692307693,
      "rhh_percent": 0.058823529411764705,
      "lhh_percent": 0.1111111111111111,
      "start_speed": 89.25,
      "max_start_speed": 89.4,
      "ivb": 5.1,
      "hb": -0.25,
      "release_pos_z": 5.746606823254552,
      "release_pos_x": 1.7193865585327432,
      "extension": 6.411350155783219,
      "pitches": 3,
      "whiffs": 1,
      "swings": 1,
      "spin_rate": 1990,
      "swing_miss_percent": 100,
      "arm_angle": null,
      "barrels_per_pa_percent": null,
      "hardhit_percent": null,
      "whiffs_per_pitch": 0.3333333333333333,
      "active_spin_percent": null
    },
    {
      "code": "CU",
      "title": "curveball",
      "color": "#00D2ED",
      "count": 2,
      "pitch_percent": 0.07692307692307693,
      "rhh_percent": 0.058823529411764705,
      "lhh_percent": 0.1111111111111111,
      "start_speed": 83.7,
      "max_start_speed": 84.9,
      "ivb": -9.45,
      "hb": -3.45,
      "release_pos_z": 5.787191413377454,
      "release_pos_x": 1.667137234387957,
      "extension": 6.450626142343312,
      "pitches": 6,
      "whiffs": 0,
      "swings": 1,
      "spin_rate": 2257,
      "swing_miss_percent": 0,
      "arm_angle": null,
      "barrels_per_pa_percent": null,
      "hardhit_percent": null,
      "whiffs_per_pitch": 0,
      "active_spin_percent": null
    },
    {
      "code": "SL",
      "title": "slider",
      "color": "#EEE716",
      "count": 1,
      "pitch_percent": 0.038461538461538464,
      "rhh_percent": 0.058823529411764705,
      "lhh_percent": 0,
      "start_speed": 87.7,
      "max_start_speed": 87.7,
      "ivb": 2.2,
      "hb": -3.4,
      "release_pos_z": 5.700215766221371,
      "release_pos_x": 1.6237636368885235,
      "extension": 6.385291996436935,
      "pitches": 6,
      "whiffs": 0,
      "swings": 0,
      "spin_rate": 2016,
      "swing_miss_percent": null,
      "arm_angle": null,
      "barrels_per_pa_percent": null,
      "hardhit_percent": null,
      "whiffs_per_pitch": 0,
      "active_spin_percent": null
    },
    {
      "code": "SI",
      "title": "sinker",
      "color": "#FE9E00",
      "count": 1,
      "pitch_percent": 0.038461538461538464,
      "rhh_percent": 0.058823529411764705,
      "lhh_percent": 0,
      "start_speed": 91.9,
      "max_start_speed": 91.9,
      "ivb": 9.2,
      "hb": 12,
      "release_pos_z": 5.687556779191996,
      "release_pos_x": 1.7206011728198365,
      "extension": 6.5860683683394,
      "pitches": 5,
      "whiffs": 0,
      "swings": 2,
      "spin_rate": 2110,
      "swing_miss_percent": 0,
      "arm_angle": null,
      "barrels_per_pa_percent": 0,
      "hardhit_percent": 0,
      "whiffs_per_pitch": 0,
      "active_spin_percent": null
    }
  ]
}