{
  "pitcher_id": "676510",
  "pitcher_name": "Nolan Hoffman",
  "mlbam_id": "676510",
  "arm_angle_source": "dataset",
  "pitches": [
    {
      "code": "SI",
      "title": "sinker",
      "color": "#FE9E00",
      "count": 13,
      "pitch_percent": 0.5909090909090909,
      "rhh_percent": 0.75,
      "lhh_percent": 0.5,
      "start_speed": 94.7923076923077,
      "max_start_speed": 95.7,
      "ivb": 5.261538461538462,
      "hb": 20.361538461538466,
      "release_pos_z": 4.14411162677966,
      "release_pos_x": 2.290386323722422,
      "extension": 6.296765622995158,
      "pitches": 15,
      "whiffs": 2,
      "swings": 8,
      "spin_rate": 2530,
      "swing_miss_percent": 25,
      "arm_angle": null,
      "barrels_per_pa_percent": 0,
      "hardhit_percent": 0,
      "whiffs_per_pitch": 0.13333333333333333,
      "active_spin_percent": null
    },
    {
      "code": "CU",
      "title": "curveball",
      "color": "#00D2ED",
      "count": 4,
      "pitch_percent": 0.18181818181818182,
      "rhh_percent": 0.25,
      "lhh_percent": 0.14285714285714285,
      "start_speed": 79.1,
      "max_start_speed": 80,
      "ivb": -4.525,
      "hb": -15.524999999999999,
      "release_pos_z": 4.2618289003298235,
      "release_pos_x": 2.427017560711486,
      "extension": 6.140701908486654,
      "pitches": 6,
      "whiffs": 0,
      "swings": 2,
      "spin_rate": 2598,
      "swing_miss_percent": 0,
      "arm_angle": null,
      "barrels_per_pa_percent": null,
      "hardhit_percent": null,
      "whiffs_per_pitch": 0,
      "active_spin_percent": null
    },
    {
      "code": "FC",
      "title": "cutter",
      "color": "#933F2C",
      "count": 3,
      "pitch_percent": 0.13636363636363635,
      "rhh_percent": 0,
      "lhh_percent": 0.21428571428571427,
      "start_speed": 89.26666666666667,
      "max_start_speed": 90.1,
      "ivb": 7.133333333333333,
      "hb": 0.7000000000000001,
      "release_pos_z": 4.228805923980971,
      "release_pos_x": 2.4406361408141692,
      "extension": 6.136191428674547,
      "pitches": 8,
      "whiffs": 1,
      "swings": 5,
      "spin_rate": 2394,
      "swing_miss_percent": 20,
      "arm_angle": null,
      "barrels_per_pa_percent": 0,
      "hardhit_percent": 0,
      "whiffs_per_pitch": 0.125,
      "active_spin_percent": null
    },
    {
      "code": "CH",
      "title": "changeup",
      "color": "#1DBF3A",
      "count": 2,
      "pitch_percent": 0.09090909090909091,
      "rhh_percent": 0,
      "lhh_percent": 0.14285714285714285,
      "start_speed": 87.55,
      "max_start_speed": 87.8,
      "ivb": -3.55,
      "hb": 17.1,
      "release_pos_z": 3.97052317838516,
      "release_pos_x": 2.3107251144185668,
      "extension": 6.351190567060938,
      "pitches": 3,
      "whiffs": 0,
      "swings": 2,
      "spin_rate": 1963,
      "swing_miss_percent": 0,
      "arm_angle": null,
      "barrels_per_pa_percent": 50,
      "hardhit_percent": 100,
      "whiffs_per_pitch": 0,
      "active_spin_percent": null
    }
  ]
}