{
  "pitcher_id": "676614",
  "pitcher_name": "Bryan Sammons",
  "mlbam_id": "676614",
  "arm_angle_source": "dataset",
  "pitches": [
    {
      "code": "FF",
      "title": "four-seam fastball",
      "color": "#D22D49",
      "count": 17,
      "pitch_percent": 0.4146341463414634,
      "rhh_percent": 0.3793103448275862,
      "lhh_percent": 0.5,
      "start_speed": 91.28823529411764,
      "max_start_speed": 92.6,
      "ivb": 15.947058823529414,
      "hb": 8.064705882352941,
      "release_pos_z": 5.820005172841612,
      "release_pos_x": 2.127682383883143,
      "extension": 6.524802271021743,
      "pitches": 17,
      "whiffs": 3,
      "swings": 7,
      "spin_rate": 2174,
      "swing_miss_percent": 42.9,
      "arm_angle": null,
      "barrels_per_pa_percent": null,
      "hardhit_percent": null,
      "whiffs_per_pitch": 0.17647058823529413,
      "active_spin_percent": null
    },
    {
      "code": "FC",
      "title": "cutter",
      "color": "#933F2C",
      "count": 9,
      "pitch_percent": 0.21951219512195122,
      "rhh_percent": 0.2413793103448276,
      "lhh_percent": 0.16666666666666666,
      "start_speed": 86.03333333333332,
      "max_start_speed": 87,
      "ivb": 6.666666666666667,
      "hb": -1.488888888888889,
      "release_pos_z": 5.797181671968189,
      "release_pos_x": 2.195848962743792,
      "extension": 6.484320182571331,
      "pitches": 9,
      "whiffs": 1,
      "swings": 6,
      "spin_rate": 2255,
      "swing_miss_percent": 16.7,
      "arm_angle": null,
      "barrels_per_pa_percent": 0,
      "hardhit_percent": 0,
      "whiffs_per_pitch": 0.1111111111111111,
      "active_spin_percent": null
    },
    {
      "code": "CU",
      "title": "curveball",
      "color": "#00D2ED",
      "count": 7,
      "pitch_percent": 0.17073170731707318,
      "rhh_percent": 0.20689655172413793,
      "lhh_percent": 0.08333333333333333,
      "start_speed": 77.57142857142857,
      "max_start_speed": 79,
      "ivb": -10.757142857142856,
      "hb": -6.557142857142856,
      "release_pos_z": 5.917151091777862,
      "release_pos_x": 1.9099019375235595,
      "extension": 6.436304237053972,
      "pitches": 7,
      "whiffs": 0,
      "swings": 1,
      "spin_rate": 2354,
      "swing_miss_percent": 0,
      "arm_angle": null,
      "barrels_per_pa_percent": 0,
      "hardhit_percent": 0,
      "whiffs_per_pitch": 0,
      "active_spin_percent": null
    },
    {
      "code": "CH",
      "title": "changeup",
      "color": "#1DBF3A",
      "count": 5,
      "pitch_percent": 0.12195121951219512,
      "rhh_percent": 0.1724137931034483,
      "lhh_percent": 0,
      "start_speed": 82.69999999999999,
      "max_start_speed": 84.3,
      "ivb": 1.9599999999999997,
      "hb": 6.42,
      "release_pos_z": 5.609668153648568,
      "release_pos_x": 2.1152220105248167,
      "extension": 6.676746156434767,
      "pitches": 5,
      "whiffs": 0,
      "swings": 4,
      "spin_rate": 1060,
      "swing_miss_percent": 0,
      "arm_angle": null,
      "barrels_per_pa_percent": 0,
      "hardhit_percent": 0,
      "whiffs_per_pitch": 0,
      "active_spin_percent": null
    },
    {
      "code": "ST",
      "title": "sweeper",
      "color": "#DDB43A",
      "count": 3,
      "pitch_percent": 0.07317073170731707,
      "rhh_percent": 0,
      "lhh_percent": 0.25,
      "start_speed": 81.13333333333334,
      "max_start_speed": 82.1,
      "ivb": 1.5666666666666664,
      "hb": -15.466666666666667,
      "release_pos_z": 5.828763007848688,
      "release_pos_x": 2.295927301684418,
      "extension": 6.514461476317209,
      "pitches": 3,
      "whiffs": 1,
      "swings": 2,
      "spin_rate": 2626,
      "swing_miss_percent": 50,
      "arm_angle": null,
      "barrels_per_pa_percent": 0,
      "hardhit_percent": 0,
      "whiffs_per_pitch": 0.3333333333333333,
      "active_spin_percent": null
    }
  ]
}