{
  "pitcher_id": "676680",
  "pitcher_name": "Tom Cosgrove",
  "mlbam_id": "676680",
  "arm_angle_source": "dataset",
  "pitches": [
    {
      "code": "ST",
      "title": "sweeper",
      "color": "#DDB43A",
      "count": 6,
      "pitch_percent": 0.5454545454545454,
      "rhh_percent": 0.5714285714285714,
      "lhh_percent": 0.5,
      "start_speed": 76.35000000000001,
      "max_start_speed": 77.8,
      "ivb": 4.625929269271486e-17,
      "hb": -22.150000000000002,
      "release_pos_z": 5.150336316143359,
      "release_pos_x": 2.9317103388037586,
      "extension": 5.488898809772515,
      "pitches": 54,
      "whiffs": 4,
      "swings": 14,
      "spin_rate": 2774,
      "swing_miss_percent": 28.6,
      "arm_angle": null,
      "barrels_per_pa_percent": 0,
      "hardhit_percent": 16.666666666666664,
      "whiffs_per_pitch": 0.07407407407407407,
      "active_spin_percent": null
    },
    {
      "code": "SI",
      "title": "sinker",
      "color": "#FE9E00",
      "count": 3,
      "pitch_percent": 0.2727272727272727,
      "rhh_percent": 0.2857142857142857,
      "lhh_percent": 0.25,
      "start_speed": 89.8,
      "max_start_speed": 90.6,
      "ivb": 6.933333333333333,
      "hb": 11.6,
      "release_pos_z": 5.165448357185212,
      "release_pos_x": 2.7221002166737063,
      "extension": 5.683323250669974,
      "pitches": 18,
      "whiffs": 2,
      "swings": 10,
      "spin_rate": 2446,
      "swing_miss_percent": 20,
      "arm_angle": null,
      "barrels_per_pa_percent": 0,
      "hardhit_percent": 66.66666666666666,
      "whiffs_per_pitch": 0.1111111111111111,
      "active_spin_percent": null
    },
    {
      "code": "FF",
      "title": "four-seam fastball",
      "color": "#D22D49",
      "count": 2,
      "pitch_percent": 0.18181818181818182,
      "rhh_percent": 0.14285714285714285,
      "lhh_percent": 0.25,
      "start_speed": 91.45,
      "max_start_speed": 92.2,
      "ivb": 12.45,
      "hb": 6.6,
      "release_pos_z": 5.214011999460416,
      "release_pos_x": 2.6045858319816726,
      "extension": 5.900150251489299,
      "pitches": 36,
      "whiffs": 3,
      "swings": 20,
      "spin_rate": 2511,
      "swing_miss_percent": 15,
      "arm_angle": null,
      "barrels_per_pa_percent": 7.142857142857142,
      "hardhit_percent": 20,
      "whiffs_per_pitch": 0.08333333333333333,
      "active_spin_percent": null
    }
  ]
}