{
  "pitcher_id": "676760",
  "pitcher_name": "Ron Marinaccio",
  "mlbam_id": "676760",
  "arm_angle_source": "dataset",
  "pitches": [
    {
      "code": "FF",
      "title": "four-seam fastball",
      "color": "#D22D49",
      "count": 9,
      "pitch_percent": 0.6428571428571429,
      "rhh_percent": 0.5833333333333334,
      "lhh_percent": 1,
      "start_speed": 93.62222222222222,
      "max_start_speed": 94.4,
      "ivb": 14.555555555555555,
      "hb": 12.655555555555555,
      "release_pos_z": 5.0148236958821455,
      "release_pos_x": 3.0740801504597153,
      "extension": 6.516677091218098,
      "pitches": 29,
      "whiffs": 5,
      "swings": 18,
      "spin_rate": 2168,
      "swing_miss_percent": 27.8,
      "arm_angle": null,
      "barrels_per_pa_percent": 20,
      "hardhit_percent": 57.14285714285714,
      "whiffs_per_pitch": 0.1724137931034483,
      "active_spin_percent": null
    },
    {
      "code": "CH",
      "title": "changeup",
      "color": "#1DBF3A",
      "count": 2,
      "pitch_percent": 0.14285714285714285,
      "rhh_percent": 0.16666666666666666,
      "lhh_percent": 0,
      "start_speed": 80.1,
      "max_start_speed": 80.2,
      "ivb": -3.25,
      "hb": 17.95,
      "release_pos_z": 4.9369004953712015,
      "release_pos_x": 3.173170301162818,
      "extension": 6.749049542840783,
      "pitches": 10,
      "whiffs": 1,
      "swings": 4,
      "spin_rate": 2172,
      "swing_miss_percent": 25,
      "arm_angle": null,
      "barrels_per_pa_percent": 0,
      "hardhit_percent": 0,
      "whiffs_per_pitch": 0.1,
      "active_spin_percent": null
    },
    {
      "code": "ST",
      "title": "sweeper",
      "color": "#DDB43A",
      "count": 2,
      "pitch_percent": 0.14285714285714285,
      "rhh_percent": 0.16666666666666666,
      "lhh_percent": 0,
      "start_speed": 81.5,
      "max_start_speed": 82.8,
      "ivb": 6.800000000000001,
      "hb": -11.5,
      "release_pos_z": 4.880865157505641,
      "release_pos_x": 3.161091786765274,
      "extension": 6.534895589564902,
      "pitches": 4,
      "whiffs": 1,
      "swings": 2,
      "spin_rate": 2325,
      "swing_miss_percent": 50,
      "arm_angle": null,
      "barrels_per_pa_percent": null,
      "hardhit_percent": null,
      "whiffs_per_pitch": 0.25,
      "active_spin_percent": null
    },
    {
      "code": "FC",
      "title": "cutter",
      "color": "#933F2C",
      "count": 1,
      "pitch_percent": 0.07142857142857142,
      "rhh_percent": 0.08333333333333333,
      "lhh_percent": 0,
      "start_speed": 84.7,
      "max_start_speed": 84.7,
      "ivb": 3.4,
      "hb": 0.5,
      "release_pos_z": 5.089138438108923,
      "release_pos_x": 3.054546846338144,
      "extension": 6.6639828609212595,
      "pitches": 4,
      "whiffs": 0,
      "swings": 2,
      "spin_rate": 2153,
      "swing_miss_percent": 0,
      "arm_angle": null,
      "barrels_per_pa_percent": 0,
      "hardhit_percent": 0,
      "whiffs_per_pitch": 0,
      "active_spin_percent": null
    }
  ]
}