{
  "pitcher_id": "676831",
  "pitcher_name": "Kodi Whitley",
  "mlbam_id": "676831",
  "arm_angle_source": "dataset",
  "pitches": [
    {
      "code": "CH",
      "title": "changeup",
      "color": "#1DBF3A",
      "count": 11,
      "pitch_percent": 0.5,
      "rhh_percent": 0.2222222222222222,
      "lhh_percent": 0.6923076923076923,
      "start_speed": 82.32727272727273,
      "max_start_speed": 83.2,
      "ivb": 11.018181818181818,
      "hb": 13.572727272727274,
      "release_pos_z": 6.267329873908361,
      "release_pos_x": 0.4443176901005288,
      "extension": 6.390809453977687,
      "pitches": 22,
      "whiffs": 5,
      "swings": 12,
      "spin_rate": 1828,
      "swing_miss_percent": 41.7,
      "arm_angle": null,
      "barrels_per_pa_percent": 0,
      "hardhit_percent": 50,
      "whiffs_per_pitch": 0.22727272727272727,
      "active_spin_percent": null
    },
    {
      "code": "FF",
      "title": "four-seam fastball",
      "color": "#D22D49",
      "count": 8,
      "pitch_percent": 0.36363636363636365,
      "rhh_percent": 0.5555555555555556,
      "lhh_percent": 0.23076923076923078,
      "start_speed": 93.7875,
      "max_start_speed": 95.3,
      "ivb": 19.2,
      "hb": 8.575,
      "release_pos_z": 6.36012322479403,
      "release_pos_x": 0.2794661852134786,
      "extension": 6.397670905654161,
      "pitches": 41,
      "whiffs": 4,
      "swings": 25,
      "spin_rate": 2200,
      "swing_miss_percent": 16,
      "arm_angle": null,
      "barrels_per_pa_percent": 9.090909090909092,
      "hardhit_percent": 55.55555555555556,
      "whiffs_per_pitch": 0.0975609756097561,
      "active_spin_percent": null
    },
    {
      "code": "SL",
      "title": "slider",
      "color": "#EEE716",
      "count": 3,
      "pitch_percent": 0.13636363636363635,
      "rhh_percent": 0.2222222222222222,
      "lhh_percent": 0.07692307692307693,
      "start_speed": 84.73333333333333,
      "max_start_speed": 86.7,
      "ivb": 6.900000000000001,
      "hb": -3.6333333333333333,
      "release_pos_z": 6.30812422233619,
      "release_pos_x": 0.39425820044084614,
      "extension": 6.321961195338147,
      "pitches": 22,
      "whiffs": 2,
      "swings": 9,
      "spin_rate": 1982,
      "swing_miss_percent": 22.2,
      "arm_angle": null,
      "barrels_per_pa_percent": 14.285714285714285,
      "hardhit_percent": 40,
      "whiffs_per_pitch": 0.09090909090909091,
      "active_spin_percent": null
    }
  ]
}