{
  "pitcher_id": "676910",
  "pitcher_name": "Matt Seelinger",
  "mlbam_id": "676910",
  "arm_angle_source": "dataset",
  "pitches": [
    {
      "code": "FF",
      "title": "four-seam fastball",
      "color": "#D22D49",
      "count": 10,
      "pitch_percent": 0.4166666666666667,
      "rhh_percent": 0.47058823529411764,
      "lhh_percent": 0.2857142857142857,
      "start_speed": 92.68999999999998,
      "max_start_speed": 93.7,
      "ivb": 18.910000000000004,
      "hb": 0.59,
      "release_pos_z": 5.631762404423099,
      "release_pos_x": 0.5065078856697877,
      "extension": 6.2487064485909745,
      "pitches": 14,
      "whiffs": 0,
      "swings": 4,
      "spin_rate": 2434,
      "swing_miss_percent": 0,
      "arm_angle": null,
      "barrels_per_pa_percent": 0,
      "hardhit_percent": 33.33333333333333,
      "whiffs_per_pitch": 0,
      "active_spin_percent": null
    },
    {
      "code": "FC",
      "title": "cutter",
      "color": "#933F2C",
      "count": 9,
      "pitch_percent": 0.375,
      "rhh_percent": 0.29411764705882354,
      "lhh_percent": 0.5714285714285714,
      "start_speed": 86.66666666666666,
      "max_start_speed": 87.7,
      "ivb": 7.144444444444444,
      "hb": -3.611111111111111,
      "release_pos_z": 5.65078204478564,
      "release_pos_x": 0.6414099379006264,
      "extension": 6.13073338050457,
      "pitches": 13,
      "whiffs": 1,
      "swings": 4,
      "spin_rate": 2421,
      "swing_miss_percent": 25,
      "arm_angle": null,
      "barrels_per_pa_percent": 0,
      "hardhit_percent": 0,
      "whiffs_per_pitch": 0.07692307692307693,
      "active_spin_percent": null
    },
    {
      "code": "KC",
      "title": "knuckle curve",
      "color": "#6236CD",
      "count": 5,
      "pitch_percent": 0.20833333333333334,
      "rhh_percent": 0.23529411764705882,
      "lhh_percent": 0.14285714285714285,
      "start_speed": 80.86000000000001,
      "max_start_speed": 82.2,
      "ivb": -3.5,
      "hb": 0.10000000000000002,
      "release_pos_z": 5.874103642803131,
      "release_pos_x": -0.056227552030729155,
      "extension": 6.1421772810669,
      "pitches": 7,
      "whiffs": 2,
      "swings": 3,
      "spin_rate": 1399,
      "swing_miss_percent": 66.7,
      "arm_angle": null,
      "barrels_per_pa_percent": null,
      "hardhit_percent": null,
      "whiffs_per_pitch": 0.2857142857142857,
      "active_spin_percent": null
    }
  ]
}