{
  "pitcher_id": "677952",
  "pitcher_name": "Braxton Ashcraft",
  "mlbam_id": "677952",
  "arm_angle_source": "dataset",
  "pitches": [
    {
      "code": "FF",
      "title": "four-seam fastball",
      "color": "#D22D49",
      "count": 12,
      "pitch_percent": 0.375,
      "rhh_percent": 0.17647058823529413,
      "lhh_percent": 0.6,
      "start_speed": 96.45833333333333,
      "max_start_speed": 97.5,
      "ivb": 14.633333333333333,
      "hb": 6.833333333333333,
      "release_pos_z": 6.320748577417316,
      "release_pos_x": 1.1239220444900793,
      "extension": 6.302070324664894,
      "pitches": 42,
      "whiffs": 2,
      "swings": 22,
      "spin_rate": 2345,
      "swing_miss_percent": 9.1,
      "arm_angle": null,
      "barrels_per_pa_percent": 0,
      "hardhit_percent": 33.33333333333333,
      "whiffs_per_pitch": 0.047619047619047616,
      "active_spin_percent": null
    },
    {
      "code": "SI",
      "title": "sinker",
      "color": "#FE9E00",
      "count": 8,
      "pitch_percent": 0.25,
      "rhh_percent": 0.47058823529411764,
      "lhh_percent": 0,
      "start_speed": 95.55,
      "max_start_speed": 97,
      "ivb": 6.475,
      "hb": 14.125,
      "release_pos_z": 6.337359188435823,
      "release_pos_x": 1.112721001266953,
      "extension": 6.310320643919778,
      "pitches": 48,
      "whiffs": 4,
      "swings": 18,
      "spin_rate": 2324,
      "swing_miss_percent": 22.2,
      "arm_angle": null,
      "barrels_per_pa_percent": 0,
      "hardhit_percent": 60,
      "whiffs_per_pitch": 0.08333333333333333,
      "active_spin_percent": null
    },
    {
      "code": "SL",
      "title": "slider",
      "color": "#EEE716",
      "count": 7,
      "pitch_percent": 0.21875,
      "rhh_percent": 0.29411764705882354,
      "lhh_percent": 0.13333333333333333,
      "start_speed": 92.20000000000002,
      "max_start_speed": 93.5,
      "ivb": 6.200000000000001,
      "hb": -1.2571428571428573,
      "release_pos_z": 6.35172862720883,
      "release_pos_x": 1.1370351733906918,
      "extension": 6.094983245711272,
      "pitches": 55,
      "whiffs": 10,
      "swings": 34,
      "spin_rate": 2556,
      "swing_miss_percent": 29.4,
      "arm_angle": null,
      "barrels_per_pa_percent": 10.526315789473683,
      "hardhit_percent": 53.84615384615385,
      "whiffs_per_pitch": 0.18181818181818182,
      "active_spin_percent": null
    },
    {
      "code": "CU",
      "title": "curveball",
      "color": "#00D2ED",
      "count": 5,
      "pitch_percent": 0.15625,
      "rhh_percent": 0.058823529411764705,
      "lhh_percent": 0.26666666666666666,
      "start_speed": 83.26000000000002,
      "max_start_speed": 84.6,
      "ivb": -9.78,
      "hb": -9.36,
      "release_pos_z": 6.499951877037257,
      "release_pos_x": 1.2213279484621116,
      "extension": 5.942909232989654,
      "pitches": 44,
      "whiffs": 7,
      "swings": 18,
      "spin_rate": 2548,
      "swing_miss_percent": 38.9,
      "arm_angle": null,
      "barrels_per_pa_percent": 5.555555555555555,
      "hardhit_percent": 28.57142857142857,
      "whiffs_per_pitch": 0.1590909090909091,
      "active_spin_percent": null
    }
  ]
}