{
  "pitcher_id": "678024",
  "pitcher_name": "Mike Vasil",
  "mlbam_id": "678024",
  "arm_angle_source": "dataset",
  "pitches": [
    {
      "code": "SI",
      "title": "sinker",
      "color": "#FE9E00",
      "count": 13,
      "pitch_percent": 0.30952380952380953,
      "rhh_percent": 0.3333333333333333,
      "lhh_percent": 0.26666666666666666,
      "start_speed": 94.02307692307691,
      "max_start_speed": 95.2,
      "ivb": 5.976923076923077,
      "hb": 10.976923076923079,
      "release_pos_z": 6.020037364176186,
      "release_pos_x": 1.6052338935575667,
      "extension": 6.324229659991384,
      "pitches": 13,
      "whiffs": 1,
      "swings": 4,
      "spin_rate": 2142,
      "swing_miss_percent": 25,
      "arm_angle": null,
      "barrels_per_pa_percent": 0,
      "hardhit_percent": 0,
      "whiffs_per_pitch": 0.07692307692307693,
      "active_spin_percent": null
    },
    {
      "code": "FF",
      "title": "four-seam fastball",
      "color": "#D22D49",
      "count": 12,
      "pitch_percent": 0.2857142857142857,
      "rhh_percent": 0.3333333333333333,
      "lhh_percent": 0.2,
      "start_speed": 93.88333333333333,
      "max_start_speed": 95.2,
      "ivb": 10.191666666666666,
      "hb": 3.8083333333333336,
      "release_pos_z": 6.131610069869564,
      "release_pos_x": 1.4954270955915654,
      "extension": 6.327318514125873,
      "pitches": 12,
      "whiffs": 1,
      "swings": 6,
      "spin_rate": 2160,
      "swing_miss_percent": 16.7,
      "arm_angle": null,
      "barrels_per_pa_percent": 0,
      "hardhit_percent": 0,
      "whiffs_per_pitch": 0.08333333333333333,
      "active_spin_percent": null
    },
    {
      "code": "CU",
      "title": "curveball",
      "color": "#00D2ED",
      "count": 6,
      "pitch_percent": 0.14285714285714285,
      "rhh_percent": 0.07407407407407407,
      "lhh_percent": 0.26666666666666666,
      "start_speed": 81.16666666666666,
      "max_start_speed": 82.2,
      "ivb": -12.766666666666666,
      "hb": -11.166666666666664,
      "release_pos_z": 6.110078905580309,
      "release_pos_x": 1.5269025865504335,
      "extension": 6.262665683883902,
      "pitches": 6,
      "whiffs": 1,
      "swings": 2,
      "spin_rate": 2373,
      "swing_miss_percent": 50,
      "arm_angle": null,
      "barrels_per_pa_percent": null,
      "hardhit_percent": null,
      "whiffs_per_pitch": 0.16666666666666666,
      "active_spin_percent": null
    },
    {
      "code": "ST",
      "title": "sweeper",
      "color": "#DDB43A",
      "count": 5,
      "pitch_percent": 0.11904761904761904,
      "rhh_percent": 0.18518518518518517,
      "lhh_percent": 0,
      "start_speed": 80.8,
      "max_start_speed": 81.6,
      "ivb": -4.74,
      "hb": -15.040000000000001,
      "release_pos_z": 5.940506519204369,
      "release_pos_x": 1.6490228333815686,
      "extension": 6.258248128610708,
      "pitches": 5,
      "whiffs": 0,
      "swings": 0,
      "spin_rate": 2255,
      "swing_miss_percent": null,
      "arm_angle": null,
      "barrels_per_pa_percent": null,
      "hardhit_percent": null,
      "whiffs_per_pitch": 0,
      "active_spin_percent": null
    },
    {
      "code": "FC",
      "title": "cutter",
      "color": "#933F2C",
      "count": 4,
      "pitch_percent": 0.09523809523809523,
      "rhh_percent": 0.037037037037037035,
      "lhh_percent": 0.2,
      "start_speed": 88.675,
      "max_start_speed": 89.8,
      "ivb": 5.55,
      "hb": -2.925,
      "release_pos_z": 6.035101930932546,
      "release_pos_x": 1.545663139968923,
      "extension": 6.298009627238535,
      "pitches": 5,
      "whiffs": 1,
      "swings": 3,
      "spin_rate": 2343,
      "swing_miss_percent": 33.3,
      "arm_angle": null,
      "barrels_per_pa_percent": 0,
      "hardhit_percent": 0,
      "whiffs_per_pitch": 0.2,
      "active_spin_percent": null
    },
    {
      "code": "CH",
      "title": "changeup",
      "color": "#1DBF3A",
      "count": 2,
      "pitch_percent": 0.047619047619047616,
      "rhh_percent": 0.037037037037037035,
      "lhh_percent": 0.06666666666666667,
      "start_speed": 88.5,
      "max_start_speed": 89.7,
      "ivb": 6.2,
      "hb": 4.2,
      "release_pos_z": 6.081892845249554,
      "release_pos_x": 1.5448258230219574,
      "extension": 6.392593106686187,
      "pitches": 1,
      "whiffs": 0,
      "swings": 0,
      "spin_rate": 1478,
      "swing_miss_percent": null,
      "arm_angle": null,
      "barrels_per_pa_percent": null,
      "hardhit_percent": null,
      "whiffs_per_pitch": 0,
      "active_spin_percent": null
    }
  ]
}