{
  "pitcher_id": "678022",
  "pitcher_name": "Jack Perkins",
  "mlbam_id": "678022",
  "arm_angle_source": "dataset",
  "pitches": [
    {
      "code": "FF",
      "title": "four-seam fastball",
      "color": "#D22D49",
      "count": 11,
      "pitch_percent": 0.4230769230769231,
      "rhh_percent": 0.35714285714285715,
      "lhh_percent": 0.5,
      "start_speed": 96.31818181818181,
      "max_start_speed": 97,
      "ivb": 14.972727272727274,
      "hb": 7.5,
      "release_pos_z": 5.608867284782855,
      "release_pos_x": 2.033425448342143,
      "extension": 6.301563880395332,
      "pitches": 66,
      "whiffs": 8,
      "swings": 35,
      "spin_rate": 2167,
      "swing_miss_percent": 22.9,
      "arm_angle": null,
      "barrels_per_pa_percent": 0,
      "hardhit_percent": 35.714285714285715,
      "whiffs_per_pitch": 0.12121212121212122,
      "active_spin_percent": null
    },
    {
      "code": "ST",
      "title": "sweeper",
      "color": "#DDB43A",
      "count": 8,
      "pitch_percent": 0.3076923076923077,
      "rhh_percent": 0.35714285714285715,
      "lhh_percent": 0.25,
      "start_speed": 86.39999999999999,
      "max_start_speed": 87.4,
      "ivb": -0.2375,
      "hb": -12.4125,
      "release_pos_z": 5.512611804403486,
      "release_pos_x": 2.159091981646754,
      "extension": 6.205353230895769,
      "pitches": 42,
      "whiffs": 4,
      "swings": 14,
      "spin_rate": 2674,
      "swing_miss_percent": 28.6,
      "arm_angle": null,
      "barrels_per_pa_percent": 14.285714285714285,
      "hardhit_percent": 20,
      "whiffs_per_pitch": 0.09523809523809523,
      "active_spin_percent": null
    },
    {
      "code": "SI",
      "title": "sinker",
      "color": "#FE9E00",
      "count": 4,
      "pitch_percent": 0.15384615384615385,
      "rhh_percent": 0.2857142857142857,
      "lhh_percent": 0,
      "start_speed": 95.92499999999998,
      "max_start_speed": 96.6,
      "ivb": 9.3,
      "hb": 14.95,
      "release_pos_z": 5.529239296094541,
      "release_pos_x": 2.045019185069611,
      "extension": 6.326459533139915,
      "pitches": 20,
      "whiffs": 2,
      "swings": 9,
      "spin_rate": 2171,
      "swing_miss_percent": 22.2,
      "arm_angle": null,
      "barrels_per_pa_percent": 0,
      "hardhit_percent": 50,
      "whiffs_per_pitch": 0.1,
      "active_spin_percent": null
    },
    {
      "code": "FC",
      "title": "cutter",
      "color": "#933F2C",
      "count": 3,
      "pitch_percent": 0.11538461538461539,
      "rhh_percent": 0,
      "lhh_percent": 0.25,
      "start_speed": 94.86666666666667,
      "max_start_speed": 95.3,
      "ivb": 10.699999999999998,
      "hb": 0,
      "release_pos_z": 5.5945891750932715,
      "release_pos_x": 2.125962920844182,
      "extension": 6.283544466477049,
      "pitches": 17,
      "whiffs": 4,
      "swings": 7,
      "spin_rate": 2336,
      "swing_miss_percent": 57.1,
      "arm_angle": null,
      "barrels_per_pa_percent": null,
      "hardhit_percent": null,
      "whiffs_per_pitch": 0.23529411764705882,
      "active_spin_percent": null
    }
  ]
}