{
  "pitcher_id": "678184",
  "pitcher_name": "Garrett Hawkins",
  "mlbam_id": "678184",
  "arm_angle_source": "dataset",
  "pitches": [
    {
      "code": "FF",
      "title": "four-seam fastball",
      "color": "#D22D49",
      "count": 7,
      "pitch_percent": 0.7,
      "rhh_percent": 0.6,
      "lhh_percent": 0.8,
      "start_speed": 95.4142857142857,
      "max_start_speed": 96,
      "ivb": 20.185714285714283,
      "hb": 5.114285714285714,
      "release_pos_z": 6.855491228687042,
      "release_pos_x": 0.30908588430655853,
      "extension": 6.194635024336425,
      "pitches": 81,
      "whiffs": 15,
      "swings": 37,
      "spin_rate": 2312,
      "swing_miss_percent": 40.5,
      "arm_angle": null,
      "barrels_per_pa_percent": 4.761904761904762,
      "hardhit_percent": 63.63636363636363,
      "whiffs_per_pitch": 0.18518518518518517,
      "active_spin_percent": null
    },
    {
      "code": "CH",
      "title": "changeup",
      "color": "#1DBF3A",
      "count": 3,
      "pitch_percent": 0.3,
      "rhh_percent": 0.4,
      "lhh_percent": 0.2,
      "start_speed": 87.06666666666668,
      "max_start_speed": 87.3,
      "ivb": 9.4,
      "hb": 11.6,
      "release_pos_z": 6.877108300161159,
      "release_pos_x": 0.3938524122466893,
      "extension": 6.077522189637789,
      "pitches": 22,
      "whiffs": 4,
      "swings": 9,
      "spin_rate": 1639,
      "swing_miss_percent": 44.4,
      "arm_angle": null,
      "barrels_per_pa_percent": 0,
      "hardhit_percent": 0,
      "whiffs_per_pitch": 0.18181818181818182,
      "active_spin_percent": null
    }
  ]
}