{
  "pitcher_id": "678368",
  "pitcher_name": "Valente Bellozo",
  "mlbam_id": "678368",
  "arm_angle_source": "dataset",
  "pitches": [
    {
      "code": "FC",
      "title": "cutter",
      "color": "#933F2C",
      "count": 14,
      "pitch_percent": 0.35,
      "rhh_percent": 0.38235294117647056,
      "lhh_percent": 0.16666666666666666,
      "start_speed": 86.52857142857144,
      "max_start_speed": 87.9,
      "ivb": 10.471428571428572,
      "hb": -3.364285714285714,
      "release_pos_z": 5.95276977142566,
      "release_pos_x": 1.1681815302078138,
      "extension": 5.8206827293006755,
      "pitches": 59,
      "whiffs": 8,
      "swings": 31,
      "spin_rate": 2365,
      "swing_miss_percent": 25.8,
      "arm_angle": null,
      "barrels_per_pa_percent": 14.285714285714285,
      "hardhit_percent": 71.42857142857143,
      "whiffs_per_pitch": 0.13559322033898305,
      "active_spin_percent": null
    },
    {
      "code": "FF",
      "title": "four-seam fastball",
      "color": "#D22D49",
      "count": 13,
      "pitch_percent": 0.325,
      "rhh_percent": 0.3235294117647059,
      "lhh_percent": 0.3333333333333333,
      "start_speed": 90.60000000000001,
      "max_start_speed": 91.5,
      "ivb": 16.06153846153846,
      "hb": 2.9076923076923076,
      "release_pos_z": 5.980213313741179,
      "release_pos_x": 1.0921456484623544,
      "extension": 5.7954907177868495,
      "pitches": 52,
      "whiffs": 3,
      "swings": 29,
      "spin_rate": 2093,
      "swing_miss_percent": 10.3,
      "arm_angle": null,
      "barrels_per_pa_percent": 5,
      "hardhit_percent": 46.666666666666664,
      "whiffs_per_pitch": 0.057692307692307696,
      "active_spin_percent": null
    },
    {
      "code": "CH",
      "title": "changeup",
      "color": "#1DBF3A",
      "count": 6,
      "pitch_percent": 0.15,
      "rhh_percent": 0.11764705882352941,
      "lhh_percent": 0.3333333333333333,
      "start_speed": 79.76666666666667,
      "max_start_speed": 80.9,
      "ivb": 0.8166666666666665,
      "hb": 12.166666666666666,
      "release_pos_z": 5.592211482721417,
      "release_pos_x": 1.443107930648533,
      "extension": 5.851645893490876,
      "pitches": 41,
      "whiffs": 6,
      "swings": 16,
      "spin_rate": 1723,
      "swing_miss_percent": 37.5,
      "arm_angle": null,
      "barrels_per_pa_percent": 10,
      "hardhit_percent": 16.666666666666664,
      "whiffs_per_pitch": 0.14634146341463414,
      "active_spin_percent": null
    },
    {
      "code": "ST",
      "title": "sweeper",
      "color": "#DDB43A",
      "count": 5,
      "pitch_percent": 0.125,
      "rhh_percent": 0.14705882352941177,
      "lhh_percent": 0,
      "start_speed": 79.97999999999999,
      "max_start_speed": 80.4,
      "ivb": 2.34,
      "hb": -13.8,
      "release_pos_z": 5.852926980413176,
      "release_pos_x": 1.2861006547073035,
      "extension": 5.874773668845269,
      "pitches": 21,
      "whiffs": 1,
      "swings": 11,
      "spin_rate": 2647,
      "swing_miss_percent": 9.1,
      "arm_angle": null,
      "barrels_per_pa_percent": 20,
      "hardhit_percent": 40,
      "whiffs_per_pitch": 0.047619047619047616,
      "active_spin_percent": null
    },
    {
      "code": "CU",
      "title": "curveball",
      "color": "#00D2ED",
      "count": 1,
      "pitch_percent": 0.025,
      "rhh_percent": 0,
      "lhh_percent": 0.16666666666666666,
      "start_speed": 76,
      "max_start_speed": 76,
      "ivb": -8.6,
      "hb": -19.4,
      "release_pos_z": 6.020816396002502,
      "release_pos_x": 1.3704250702819438,
      "extension": 5.856852531693829,
      "pitches": 15,
      "whiffs": 0,
      "swings": 6,
      "spin_rate": 2739,
      "swing_miss_percent": 0,
      "arm_angle": null,
      "barrels_per_pa_percent": 20,
      "hardhit_percent": 50,
      "whiffs_per_pitch": 0,
      "active_spin_percent": null
    },
    {
      "code": "SI",
      "title": "sinker",
      "color": "#FE9E00",
      "count": 1,
      "pitch_percent": 0.025,
      "rhh_percent": 0.029411764705882353,
      "lhh_percent": 0,
      "start_speed": 87.7,
      "max_start_speed": 87.7,
      "ivb": 12,
      "hb": 4.3,
      "release_pos_z": 5.953447306770849,
      "release_pos_x": 1.412512388656356,
      "extension": 5.685524199490723,
      "pitches": 11,
      "whiffs": 1,
      "swings": 6,
      "spin_rate": 2105,
      "swing_miss_percent": 16.7,
      "arm_angle": null,
      "barrels_per_pa_percent": 0,
      "hardhit_percent": 20,
      "whiffs_per_pitch": 0.09090909090909091,
      "active_spin_percent": null
    }
  ]
}