{
  "pitcher_id": "678738",
  "pitcher_name": "Juan Sanchez",
  "mlbam_id": "678738",
  "arm_angle_source": "dataset",
  "pitches": [
    {
      "code": "SI",
      "title": "sinker",
      "color": "#FE9E00",
      "count": 10,
      "pitch_percent": 0.45454545454545453,
      "rhh_percent": 0.3684210526315789,
      "lhh_percent": 1,
      "start_speed": 93.67999999999999,
      "max_start_speed": 94.3,
      "ivb": 10.02,
      "hb": 14.86,
      "release_pos_z": 5.823104111783207,
      "release_pos_x": 1.8245074847800875,
      "extension": 5.729199181437931,
      "pitches": 30,
      "whiffs": 2,
      "swings": 11,
      "spin_rate": 2222,
      "swing_miss_percent": 18.2,
      "arm_angle": null,
      "barrels_per_pa_percent": 0,
      "hardhit_percent": 33.33333333333333,
      "whiffs_per_pitch": 0.06666666666666667,
      "active_spin_percent": null
    },
    {
      "code": "CH",
      "title": "changeup",
      "color": "#1DBF3A",
      "count": 8,
      "pitch_percent": 0.36363636363636365,
      "rhh_percent": 0.42105263157894735,
      "lhh_percent": 0,
      "start_speed": 85.5625,
      "max_start_speed": 86.1,
      "ivb": 0.12499999999999999,
      "hb": 12.1125,
      "release_pos_z": 5.828804083870365,
      "release_pos_x": 1.798774124182019,
      "extension": 5.580764843540292,
      "pitches": 22,
      "whiffs": 2,
      "swings": 8,
      "spin_rate": 2026,
      "swing_miss_percent": 25,
      "arm_angle": null,
      "barrels_per_pa_percent": 0,
      "hardhit_percent": 75,
      "whiffs_per_pitch": 0.09090909090909091,
      "active_spin_percent": null
    },
    {
      "code": "FF",
      "title": "four-seam fastball",
      "color": "#D22D49",
      "count": 4,
      "pitch_percent": 0.18181818181818182,
      "rhh_percent": 0.21052631578947367,
      "lhh_percent": 0,
      "start_speed": 93.55000000000001,
      "max_start_speed": 94.1,
      "ivb": 13.85,
      "hb": 8.725,
      "release_pos_z": 5.9512494075946005,
      "release_pos_x": 1.846015069877473,
      "extension": 5.628267464043589,
      "pitches": 7,
      "whiffs": 1,
      "swings": 1,
      "spin_rate": 2308,
      "swing_miss_percent": 100,
      "arm_angle": null,
      "barrels_per_pa_percent": null,
      "hardhit_percent": null,
      "whiffs_per_pitch": 0.14285714285714285,
      "active_spin_percent": null
    }
  ]
}