{
  "pitcher_id": "678821",
  "pitcher_name": "Luis Peralta",
  "mlbam_id": "678821",
  "arm_angle_source": "dataset",
  "pitches": [
    {
      "code": "FF",
      "title": "four-seam fastball",
      "color": "#D22D49",
      "count": 7,
      "pitch_percent": 0.4375,
      "rhh_percent": 0.46153846153846156,
      "lhh_percent": 0.3333333333333333,
      "start_speed": 92.2,
      "max_start_speed": 93.9,
      "ivb": 16.242857142857144,
      "hb": 10.114285714285716,
      "release_pos_z": 5.161172860722535,
      "release_pos_x": 2.665094947535836,
      "extension": 6.068341733595666,
      "pitches": 13,
      "whiffs": 2,
      "swings": 5,
      "spin_rate": 2241,
      "swing_miss_percent": 40,
      "arm_angle": null,
      "barrels_per_pa_percent": 0,
      "hardhit_percent": 100,
      "whiffs_per_pitch": 0.15384615384615385,
      "active_spin_percent": null
    },
    {
      "code": "CH",
      "title": "changeup",
      "color": "#1DBF3A",
      "count": 6,
      "pitch_percent": 0.375,
      "rhh_percent": 0.46153846153846156,
      "lhh_percent": 0,
      "start_speed": 84.83333333333334,
      "max_start_speed": 85.5,
      "ivb": 10.800000000000002,
      "hb": 12.800000000000002,
      "release_pos_z": 5.047393740305883,
      "release_pos_x": 2.8634840200377174,
      "extension": 5.986113370336992,
      "pitches": 9,
      "whiffs": 1,
      "swings": 4,
      "spin_rate": 1722,
      "swing_miss_percent": 25,
      "arm_angle": null,
      "barrels_per_pa_percent": 0,
      "hardhit_percent": 0,
      "whiffs_per_pitch": 0.1111111111111111,
      "active_spin_percent": null
    },
    {
      "code": "CU",
      "title": "curveball",
      "color": "#00D2ED",
      "count": 3,
      "pitch_percent": 0.1875,
      "rhh_percent": 0.07692307692307693,
      "lhh_percent": 0.6666666666666666,
      "start_speed": 79.76666666666667,
      "max_start_speed": 80.3,
      "ivb": -0.2333333333333333,
      "hb": -15.266666666666666,
      "release_pos_z": 5.192791604476436,
      "release_pos_x": 2.734478756874242,
      "extension": 5.831661203436504,
      "pitches": 6,
      "whiffs": 0,
      "swings": 2,
      "spin_rate": 2434,
      "swing_miss_percent": 0,
      "arm_angle": null,
      "barrels_per_pa_percent": 0,
      "hardhit_percent": 100,
      "whiffs_per_pitch": 0,
      "active_spin_percent": null
    }
  ]
}