{
  "pitcher_id": "679928",
  "pitcher_name": "Evan McKendry",
  "mlbam_id": "679928",
  "arm_angle_source": "dataset",
  "pitches": [
    {
      "code": "CH",
      "title": "changeup",
      "color": "#1DBF3A",
      "count": 10,
      "pitch_percent": 0.3225806451612903,
      "rhh_percent": 0.2,
      "lhh_percent": 0.38095238095238093,
      "start_speed": 80.11999999999999,
      "max_start_speed": 81.2,
      "ivb": 1.7299999999999998,
      "hb": 12.86,
      "release_pos_z": 4.909089979457155,
      "release_pos_x": 2.447318319642902,
      "extension": 6.292624632591917,
      "pitches": 10,
      "whiffs": 2,
      "swings": 5,
      "spin_rate": 1763,
      "swing_miss_percent": 40,
      "arm_angle": null,
      "barrels_per_pa_percent": 25,
      "hardhit_percent": 33.33333333333333,
      "whiffs_per_pitch": 0.2,
      "active_spin_percent": null
    },
    {
      "code": "FF",
      "title": "four-seam fastball",
      "color": "#D22D49",
      "count": 7,
      "pitch_percent": 0.22580645161290322,
      "rhh_percent": 0.3,
      "lhh_percent": 0.19047619047619047,
      "start_speed": 90.89999999999999,
      "max_start_speed": 91.8,
      "ivb": 14.657142857142857,
      "hb": 11.985714285714286,
      "release_pos_z": 5.332409791782865,
      "release_pos_x": 2.1885365526414344,
      "extension": 6.352669040010841,
      "pitches": 6,
      "whiffs": 2,
      "swings": 3,
      "spin_rate": 1985,
      "swing_miss_percent": 66.7,
      "arm_angle": null,
      "barrels_per_pa_percent": null,
      "hardhit_percent": null,
      "whiffs_per_pitch": 0.3333333333333333,
      "active_spin_percent": null
    },
    {
      "code": "ST",
      "title": "sweeper",
      "color": "#DDB43A",
      "count": 6,
      "pitch_percent": 0.1935483870967742,
      "rhh_percent": 0.2,
      "lhh_percent": 0.19047619047619047,
      "start_speed": 77.33333333333333,
      "max_start_speed": 78.3,
      "ivb": 0.8333333333333334,
      "hb": -13.4,
      "release_pos_z": 4.912557008605532,
      "release_pos_x": 2.4139710260814486,
      "extension": 6.2860908979868695,
      "pitches": 6,
      "whiffs": 0,
      "swings": 3,
      "spin_rate": 2249,
      "swing_miss_percent": 0,
      "arm_angle": null,
      "barrels_per_pa_percent": 0,
      "hardhit_percent": 100,
      "whiffs_per_pitch": 0,
      "active_spin_percent": null
    },
    {
      "code": "CU",
      "title": "curveball",
      "color": "#00D2ED",
      "count": 5,
      "pitch_percent": 0.16129032258064516,
      "rhh_percent": 0.1,
      "lhh_percent": 0.19047619047619047,
      "start_speed": 74.96000000000001,
      "max_start_speed": 75.8,
      "ivb": -8.42,
      "hb": -12.079999999999998,
      "release_pos_z": 5.024892386417109,
      "release_pos_x": 2.362491612158367,
      "extension": 6.266959561868697,
      "pitches": 5,
      "whiffs": 0,
      "swings": 2,
      "spin_rate": 2198,
      "swing_miss_percent": 0,
      "arm_angle": null,
      "barrels_per_pa_percent": 0,
      "hardhit_percent": 0,
      "whiffs_per_pitch": 0,
      "active_spin_percent": null
    },
    {
      "code": "FC",
      "title": "cutter",
      "color": "#933F2C",
      "count": 2,
      "pitch_percent": 0.06451612903225806,
      "rhh_percent": 0.1,
      "lhh_percent": 0.047619047619047616,
      "start_speed": 84.25,
      "max_start_speed": 84.8,
      "ivb": 4.2,
      "hb": -1.45,
      "release_pos_z": null,
      "release_pos_x": null,
      "extension": null,
      "pitches": 2,
      "whiffs": 0,
      "swings": 0,
      "spin_rate": 2146,
      "swing_miss_percent": null,
      "arm_angle": null,
      "barrels_per_pa_percent": null,
      "hardhit_percent": null,
      "whiffs_per_pitch": 0,
      "active_spin_percent": null
    },
    {
      "code": "SI",
      "title": "sinker",
      "color": "#FE9E00",
      "count": 1,
      "pitch_percent": 0.03225806451612903,
      "rhh_percent": 0.1,
      "lhh_percent": 0,
      "start_speed": 90,
      "max_start_speed": 90,
      "ivb": 7.4,
      "hb": 16.2,
      "release_pos_z": 5.190449109457049,
      "release_pos_x": 2.3328631165880918,
      "extension": 6.3214689957296475,
      "pitches": 2,
      "whiffs": 0,
      "swings": 1,
      "spin_rate": 2023,
      "swing_miss_percent": 0,
      "arm_angle": null,
      "barrels_per_pa_percent": 100,
      "hardhit_percent": 100,
      "whiffs_per_pitch": 0,
      "active_spin_percent": null
    }
  ]
}