{
  "pitcher_id": "680232",
  "pitcher_name": "Jackson Wolf",
  "mlbam_id": "680232",
  "arm_angle_source": "dataset",
  "pitches": [
    {
      "code": "SI",
      "title": "sinker",
      "color": "#FE9E00",
      "count": 12,
      "pitch_percent": 0.32432432432432434,
      "rhh_percent": 0.3333333333333333,
      "lhh_percent": 0.3125,
      "start_speed": 89.90833333333332,
      "max_start_speed": 91.6,
      "ivb": 8.499999999999998,
      "hb": 17.466666666666665,
      "release_pos_z": 5.400984192457767,
      "release_pos_x": 3.3865046129306897,
      "extension": 7.205796042139391,
      "pitches": 12,
      "whiffs": 2,
      "swings": 5,
      "spin_rate": 2149,
      "swing_miss_percent": 40,
      "arm_angle": null,
      "barrels_per_pa_percent": 0,
      "hardhit_percent": 33.33333333333333,
      "whiffs_per_pitch": 0.16666666666666666,
      "active_spin_percent": null
    },
    {
      "code": "FF",
      "title": "four-seam fastball",
      "color": "#D22D49",
      "count": 11,
      "pitch_percent": 0.2972972972972973,
      "rhh_percent": 0.23809523809523808,
      "lhh_percent": 0.375,
      "start_speed": 90.24545454545454,
      "max_start_speed": 91.4,
      "ivb": 14.054545454545455,
      "hb": 9.827272727272726,
      "release_pos_z": 5.399587937765461,
      "release_pos_x": 3.3837462509571434,
      "extension": 7.183774569083986,
      "pitches": 11,
      "whiffs": 0,
      "swings": 6,
      "spin_rate": 2079,
      "swing_miss_percent": 0,
      "arm_angle": null,
      "barrels_per_pa_percent": 0,
      "hardhit_percent": 33.33333333333333,
      "whiffs_per_pitch": 0,
      "active_spin_percent": null
    },
    {
      "code": "SL",
      "title": "slider",
      "color": "#EEE716",
      "count": 6,
      "pitch_percent": 0.16216216216216217,
      "rhh_percent": 0.047619047619047616,
      "lhh_percent": 0.3125,
      "start_speed": 77.55,
      "max_start_speed": 78.8,
      "ivb": 2.7833333333333337,
      "hb": -12.700000000000001,
      "release_pos_z": 5.544185395922065,
      "release_pos_x": 3.2633792447230685,
      "extension": 7.199454631039958,
      "pitches": 6,
      "whiffs": 1,
      "swings": 2,
      "spin_rate": 2350,
      "swing_miss_percent": 50,
      "arm_angle": null,
      "barrels_per_pa_percent": 0,
      "hardhit_percent": 0,
      "whiffs_per_pitch": 0.16666666666666666,
      "active_spin_percent": null
    },
    {
      "code": "FC",
      "title": "cutter",
      "color": "#933F2C",
      "count": 4,
      "pitch_percent": 0.10810810810810811,
      "rhh_percent": 0.19047619047619047,
      "lhh_percent": 0,
      "start_speed": 84.075,
      "max_start_speed": 86.6,
      "ivb": 6.525,
      "hb": -4.125,
      "release_pos_z": 5.304245203486357,
      "release_pos_x": 3.5242934259982146,
      "extension": 7.149574518883622,
      "pitches": 4,
      "whiffs": 0,
      "swings": 1,
      "spin_rate": 2209,
      "swing_miss_percent": 0,
      "arm_angle": null,
      "barrels_per_pa_percent": null,
      "hardhit_percent": null,
      "whiffs_per_pitch": 0,
      "active_spin_percent": null
    },
    {
      "code": "CH",
      "title": "changeup",
      "color": "#1DBF3A",
      "count": 3,
      "pitch_percent": 0.08108108108108109,
      "rhh_percent": 0.14285714285714285,
      "lhh_percent": 0,
      "start_speed": 86.46666666666665,
      "max_start_speed": 87.5,
      "ivb": 1.2999999999999998,
      "hb": 15.466666666666669,
      "release_pos_z": 5.293582488982371,
      "release_pos_x": 3.6251459892916316,
      "extension": 7.011965575042119,
      "pitches": 3,
      "whiffs": 0,
      "swings": 0,
      "spin_rate": 1759,
      "swing_miss_percent": null,
      "arm_angle": null,
      "barrels_per_pa_percent": null,
      "hardhit_percent": null,
      "whiffs_per_pitch": 0,
      "active_spin_percent": null
    },
    {
      "code": "CU",
      "title": "curveball",
      "color": "#00D2ED",
      "count": 1,
      "pitch_percent": 0.02702702702702703,
      "rhh_percent": 0.047619047619047616,
      "lhh_percent": 0,
      "start_speed": 76.6,
      "max_start_speed": 76.6,
      "ivb": -4.9,
      "hb": -8.8,
      "release_pos_z": 5.585203929932995,
      "release_pos_x": 3.3927306130366537,
      "extension": 7.06890596520591,
      "pitches": 1,
      "whiffs": 1,
      "swings": 1,
      "spin_rate": 2237,
      "swing_miss_percent": 100,
      "arm_angle": null,
      "barrels_per_pa_percent": null,
      "hardhit_percent": null,
      "whiffs_per_pitch": 1,
      "active_spin_percent": null
    }
  ]
}