{
  "pitcher_id": "680573",
  "pitcher_name": "Simeon Woods Richardson",
  "mlbam_id": "680573",
  "arm_angle_source": "dataset",
  "pitches": [
    {
      "code": "FS",
      "title": "splitter",
      "color": "#3BACAC",
      "count": 6,
      "pitch_percent": 0.2857142857142857,
      "rhh_percent": 0.2,
      "lhh_percent": 0.36363636363636365,
      "start_speed": 86.13333333333334,
      "max_start_speed": 87.6,
      "ivb": 9.950000000000001,
      "hb": 9.799999999999999,
      "release_pos_z": 6.6045387679715795,
      "release_pos_x": 1.0183729765278446,
      "extension": 6.7239966333846155,
      "pitches": 6,
      "whiffs": 2,
      "swings": 4,
      "spin_rate": 1000,
      "swing_miss_percent": 50,
      "arm_angle": null,
      "barrels_per_pa_percent": 0,
      "hardhit_percent": 0,
      "whiffs_per_pitch": 0.3333333333333333,
      "active_spin_percent": null
    },
    {
      "code": "SL",
      "title": "slider",
      "color": "#EEE716",
      "count": 6,
      "pitch_percent": 0.2857142857142857,
      "rhh_percent": 0.3,
      "lhh_percent": 0.2727272727272727,
      "start_speed": 85.7,
      "max_start_speed": 86.8,
      "ivb": 8,
      "hb": -2.25,
      "release_pos_z": 6.590475922090202,
      "release_pos_x": 1.0962383878874185,
      "extension": 6.46044321595651,
      "pitches": 6,
      "whiffs": 0,
      "swings": 1,
      "spin_rate": 1802,
      "swing_miss_percent": 0,
      "arm_angle": null,
      "barrels_per_pa_percent": null,
      "hardhit_percent": null,
      "whiffs_per_pitch": 0,
      "active_spin_percent": null
    },
    {
      "code": "FF",
      "title": "four-seam fastball",
      "color": "#D22D49",
      "count": 6,
      "pitch_percent": 0.2857142857142857,
      "rhh_percent": 0.3,
      "lhh_percent": 0.2727272727272727,
      "start_speed": 92.71666666666665,
      "max_start_speed": 93.3,
      "ivb": 17.783333333333335,
      "hb": 3.766666666666667,
      "release_pos_z": 6.714536730522475,
      "release_pos_x": 0.876706148867758,
      "extension": 6.634297374438447,
      "pitches": 6,
      "whiffs": 0,
      "swings": 3,
      "spin_rate": 2141,
      "swing_miss_percent": 0,
      "arm_angle": null,
      "barrels_per_pa_percent": 0,
      "hardhit_percent": 0,
      "whiffs_per_pitch": 0,
      "active_spin_percent": null
    },
    {
      "code": "CU",
      "title": "curveball",
      "color": "#00D2ED",
      "count": 3,
      "pitch_percent": 0.14285714285714285,
      "rhh_percent": 0.2,
      "lhh_percent": 0.09090909090909091,
      "start_speed": 78,
      "max_start_speed": 78.4,
      "ivb": -10.5,
      "hb": -4.766666666666667,
      "release_pos_z": 6.638660301075344,
      "release_pos_x": 0.8720180241889889,
      "extension": 6.472387563288404,
      "pitches": 3,
      "whiffs": 0,
      "swings": 1,
      "spin_rate": 2530,
      "swing_miss_percent": 0,
      "arm_angle": null,
      "barrels_per_pa_percent": null,
      "hardhit_percent": null,
      "whiffs_per_pitch": 0,
      "active_spin_percent": null
    }
  ]
}