{
  "pitcher_id": "680604",
  "pitcher_name": "Blas Castaño",
  "mlbam_id": "680604",
  "arm_angle_source": "dataset",
  "pitches": [
    {
      "code": "SI",
      "title": "sinker",
      "color": "#FE9E00",
      "count": 5,
      "pitch_percent": 0.38461538461538464,
      "rhh_percent": 0.625,
      "lhh_percent": 0,
      "start_speed": 93.62,
      "max_start_speed": 94.1,
      "ivb": 4.659999999999999,
      "hb": 15.719999999999999,
      "release_pos_z": 5.067868132640946,
      "release_pos_x": 2.083532224781351,
      "extension": 5.3416717223472,
      "pitches": 26,
      "whiffs": 2,
      "swings": 10,
      "spin_rate": 2075,
      "swing_miss_percent": 20,
      "arm_angle": null,
      "barrels_per_pa_percent": 0,
      "hardhit_percent": 71.42857142857143,
      "whiffs_per_pitch": 0.07692307692307693,
      "active_spin_percent": null
    },
    {
      "code": "ST",
      "title": "sweeper",
      "color": "#DDB43A",
      "count": 5,
      "pitch_percent": 0.38461538461538464,
      "rhh_percent": 0.375,
      "lhh_percent": 0.4,
      "start_speed": 82.17999999999999,
      "max_start_speed": 83.2,
      "ivb": 4.06,
      "hb": -14.1,
      "release_pos_z": 4.94338051030569,
      "release_pos_x": 2.5616071046301037,
      "extension": 5.377897921607001,
      "pitches": 29,
      "whiffs": 5,
      "swings": 9,
      "spin_rate": 2532,
      "swing_miss_percent": 55.6,
      "arm_angle": null,
      "barrels_per_pa_percent": 0,
      "hardhit_percent": 100,
      "whiffs_per_pitch": 0.1724137931034483,
      "active_spin_percent": null
    },
    {
      "code": "FC",
      "title": "cutter",
      "color": "#933F2C",
      "count": 2,
      "pitch_percent": 0.15384615384615385,
      "rhh_percent": 0,
      "lhh_percent": 0.4,
      "start_speed": 90.95,
      "max_start_speed": 91,
      "ivb": 8.35,
      "hb": -1.8499999999999999,
      "release_pos_z": 5.133510345030478,
      "release_pos_x": 2.385420885728526,
      "extension": 5.340391348504168,
      "pitches": 19,
      "whiffs": 2,
      "swings": 7,
      "spin_rate": 2411,
      "swing_miss_percent": 28.6,
      "arm_angle": null,
      "barrels_per_pa_percent": 50,
      "hardhit_percent": 100,
      "whiffs_per_pitch": 0.10526315789473684,
      "active_spin_percent": null
    },
    {
      "code": "CH",
      "title": "changeup",
      "color": "#1DBF3A",
      "count": 1,
      "pitch_percent": 0.07692307692307693,
      "rhh_percent": 0,
      "lhh_percent": 0.2,
      "start_speed": 87.6,
      "max_start_speed": 87.6,
      "ivb": 0.7,
      "hb": 14.2,
      "release_pos_z": 4.833833295928556,
      "release_pos_x": 2.3298402989888958,
      "extension": 5.632424491556857,
      "pitches": 10,
      "whiffs": 2,
      "swings": 9,
      "spin_rate": 1412,
      "swing_miss_percent": 22.2,
      "arm_angle": null,
      "barrels_per_pa_percent": 0,
      "hardhit_percent": 16.666666666666664,
      "whiffs_per_pitch": 0.2,
      "active_spin_percent": null
    }
  ]
}