{
  "pitcher_id": "680694",
  "pitcher_name": "Kyle Bradish",
  "mlbam_id": "680694",
  "arm_angle_source": "dataset",
  "pitches": [
    {
      "code": "SL",
      "title": "slider",
      "color": "#EEE716",
      "count": 11,
      "pitch_percent": 0.3142857142857143,
      "rhh_percent": 0.3888888888888889,
      "lhh_percent": 0.23529411764705882,
      "start_speed": 85.76363636363637,
      "max_start_speed": 87.7,
      "ivb": -2.1727272727272724,
      "hb": -13.436363636363636,
      "release_pos_z": 6.3232207468891435,
      "release_pos_x": 1.4133750190268786,
      "extension": 6.205809200239071,
      "pitches": 11,
      "whiffs": 1,
      "swings": 4,
      "spin_rate": 2589,
      "swing_miss_percent": 25,
      "arm_angle": null,
      "barrels_per_pa_percent": 0,
      "hardhit_percent": 50,
      "whiffs_per_pitch": 0.09090909090909091,
      "active_spin_percent": null
    },
    {
      "code": "SI",
      "title": "sinker",
      "color": "#FE9E00",
      "count": 10,
      "pitch_percent": 0.2857142857142857,
      "rhh_percent": 0.4444444444444444,
      "lhh_percent": 0.11764705882352941,
      "start_speed": 94.55999999999999,
      "max_start_speed": 95.8,
      "ivb": 12.67,
      "hb": 12.32,
      "release_pos_z": 6.377811612179654,
      "release_pos_x": 1.0471205654074907,
      "extension": 6.330338886556704,
      "pitches": 10,
      "whiffs": 1,
      "swings": 6,
      "spin_rate": 2153,
      "swing_miss_percent": 16.7,
      "arm_angle": null,
      "barrels_per_pa_percent": 0,
      "hardhit_percent": 50,
      "whiffs_per_pitch": 0.1,
      "active_spin_percent": null
    },
    {
      "code": "FF",
      "title": "four-seam fastball",
      "color": "#D22D49",
      "count": 8,
      "pitch_percent": 0.22857142857142856,
      "rhh_percent": 0,
      "lhh_percent": 0.47058823529411764,
      "start_speed": 93.975,
      "max_start_speed": 94.9,
      "ivb": 14.037500000000001,
      "hb": -2.325,
      "release_pos_z": 6.430158604939332,
      "release_pos_x": 1.3541939138570047,
      "extension": 6.197601901754445,
      "pitches": 8,
      "whiffs": 0,
      "swings": 2,
      "spin_rate": 2378,
      "swing_miss_percent": 0,
      "arm_angle": null,
      "barrels_per_pa_percent": 0,
      "hardhit_percent": 0,
      "whiffs_per_pitch": 0,
      "active_spin_percent": null
    },
    {
      "code": "CU",
      "title": "curveball",
      "color": "#00D2ED",
      "count": 6,
      "pitch_percent": 0.17142857142857143,
      "rhh_percent": 0.16666666666666666,
      "lhh_percent": 0.17647058823529413,
      "start_speed": 83.13333333333334,
      "max_start_speed": 84.6,
      "ivb": -12.416666666666666,
      "hb": -6.266666666666667,
      "release_pos_z": 6.472622317559774,
      "release_pos_x": 1.1362576488478349,
      "extension": 6.19402177291501,
      "pitches": 6,
      "whiffs": 0,
      "swings": 1,
      "spin_rate": 2599,
      "swing_miss_percent": 0,
      "arm_angle": null,
      "barrels_per_pa_percent": null,
      "hardhit_percent": null,
      "whiffs_per_pitch": 0,
      "active_spin_percent": null
    }
  ]
}