{
  "pitcher_id": "680729",
  "pitcher_name": "Garrett McDaniels",
  "mlbam_id": "680729",
  "arm_angle_source": "dataset",
  "pitches": [
    {
      "code": "SI",
      "title": "sinker",
      "color": "#FE9E00",
      "count": 6,
      "pitch_percent": 0.6,
      "rhh_percent": 0.5714285714285714,
      "lhh_percent": 0.6666666666666666,
      "start_speed": 93.88333333333334,
      "max_start_speed": 94.2,
      "ivb": 7.266666666666667,
      "hb": 13.666666666666666,
      "release_pos_z": 6.331317206206729,
      "release_pos_x": 1.556452998572497,
      "extension": 5.921091259314565,
      "pitches": 33,
      "whiffs": 0,
      "swings": 14,
      "spin_rate": 2283,
      "swing_miss_percent": 0,
      "arm_angle": null,
      "barrels_per_pa_percent": 20,
      "hardhit_percent": 70,
      "whiffs_per_pitch": 0,
      "active_spin_percent": null
    },
    {
      "code": "SL",
      "title": "slider",
      "color": "#EEE716",
      "count": 3,
      "pitch_percent": 0.3,
      "rhh_percent": 0.42857142857142855,
      "lhh_percent": 0,
      "start_speed": 86,
      "max_start_speed": 86.3,
      "ivb": -0.10000000000000002,
      "hb": -1.2666666666666666,
      "release_pos_z": 6.295673481662692,
      "release_pos_x": 1.5161071499298557,
      "extension": 5.845090215183013,
      "pitches": 28,
      "whiffs": 3,
      "swings": 15,
      "spin_rate": 2528,
      "swing_miss_percent": 20,
      "arm_angle": null,
      "barrels_per_pa_percent": 12.5,
      "hardhit_percent": 42.857142857142854,
      "whiffs_per_pitch": 0.10714285714285714,
      "active_spin_percent": null
    },
    {
      "code": "FC",
      "title": "cutter",
      "color": "#933F2C",
      "count": 1,
      "pitch_percent": 0.1,
      "rhh_percent": 0,
      "lhh_percent": 0.3333333333333333,
      "start_speed": 84.9,
      "max_start_speed": 84.9,
      "ivb": -4,
      "hb": 0.5,
      "release_pos_z": 6.3272689541528315,
      "release_pos_x": 1.5434268503888517,
      "extension": 5.8813096044394015,
      "active_spin_percent": null
    }
  ]
}