{
  "pitcher_id": "680891",
  "pitcher_name": "Jack Neely",
  "mlbam_id": "680891",
  "arm_angle_source": "dataset",
  "pitches": [
    {
      "code": "SL",
      "title": "slider",
      "color": "#EEE716",
      "count": 10,
      "pitch_percent": 0.5555555555555556,
      "rhh_percent": 0.7142857142857143,
      "lhh_percent": 0.45454545454545453,
      "start_speed": 84.38000000000001,
      "max_start_speed": 85.5,
      "ivb": 3.2700000000000005,
      "hb": -1.52,
      "release_pos_z": 6.230468599928647,
      "release_pos_x": 1.5024503667322187,
      "extension": 6.751773511659349,
      "pitches": 10,
      "whiffs": 3,
      "swings": 4,
      "spin_rate": 1711,
      "swing_miss_percent": 75,
      "arm_angle": null,
      "barrels_per_pa_percent": null,
      "hardhit_percent": null,
      "whiffs_per_pitch": 0.3,
      "active_spin_percent": null
    },
    {
      "code": "FF",
      "title": "four-seam fastball",
      "color": "#D22D49",
      "count": 8,
      "pitch_percent": 0.4444444444444444,
      "rhh_percent": 0.2857142857142857,
      "lhh_percent": 0.5454545454545454,
      "start_speed": 93.66250000000001,
      "max_start_speed": 94.9,
      "ivb": 16.5875,
      "hb": 6.6875,
      "release_pos_z": 6.188225371301777,
      "release_pos_x": 1.4960485227366334,
      "extension": 6.827012687784766,
      "pitches": 8,
      "whiffs": 2,
      "swings": 4,
      "spin_rate": 2201,
      "swing_miss_percent": 50,
      "arm_angle": null,
      "barrels_per_pa_percent": null,
      "hardhit_percent": null,
      "whiffs_per_pitch": 0.25,
      "active_spin_percent": null
    }
  ]
}