{
  "pitcher_id": "680951",
  "pitcher_name": "Doug Nikhazy",
  "mlbam_id": "680951",
  "arm_angle_source": "dataset",
  "pitches": [
    {
      "code": "SL",
      "title": "slider",
      "color": "#EEE716",
      "count": 7,
      "pitch_percent": 0.2916666666666667,
      "rhh_percent": 0.30434782608695654,
      "lhh_percent": 0,
      "start_speed": 90.02857142857144,
      "max_start_speed": 92.1,
      "ivb": 10.571428571428571,
      "hb": -6.5,
      "release_pos_z": 5.729347784102876,
      "release_pos_x": 2.6515037941141344,
      "extension": 7.080616927733252,
      "pitches": 7,
      "whiffs": 0,
      "swings": 3,
      "spin_rate": 2114,
      "swing_miss_percent": 0,
      "arm_angle": null,
      "barrels_per_pa_percent": 50,
      "hardhit_percent": 100,
      "whiffs_per_pitch": 0,
      "active_spin_percent": null
    },
    {
      "code": "CH",
      "title": "changeup",
      "color": "#1DBF3A",
      "count": 6,
      "pitch_percent": 0.25,
      "rhh_percent": 0.2608695652173913,
      "lhh_percent": 0,
      "start_speed": 83.53333333333332,
      "max_start_speed": 84.9,
      "ivb": 8.033333333333333,
      "hb": 8.733333333333333,
      "release_pos_z": 5.61325551314438,
      "release_pos_x": 2.7010315792477186,
      "extension": 7.025354345841902,
      "pitches": 6,
      "whiffs": 2,
      "swings": 4,
      "spin_rate": 2042,
      "swing_miss_percent": 50,
      "arm_angle": null,
      "barrels_per_pa_percent": 0,
      "hardhit_percent": 100,
      "whiffs_per_pitch": 0.3333333333333333,
      "active_spin_percent": null
    },
    {
      "code": "FF",
      "title": "four-seam fastball",
      "color": "#D22D49",
      "count": 5,
      "pitch_percent": 0.20833333333333334,
      "rhh_percent": 0.17391304347826086,
      "lhh_percent": 1,
      "start_speed": 91.28,
      "max_start_speed": 92.2,
      "ivb": 16.540000000000003,
      "hb": 5.38,
      "release_pos_z": 5.803966304094109,
      "release_pos_x": 2.497334867328207,
      "extension": 7.082644100847384,
      "pitches": 5,
      "whiffs": 1,
      "swings": 4,
      "spin_rate": 2008,
      "swing_miss_percent": 25,
      "arm_angle": null,
      "barrels_per_pa_percent": 50,
      "hardhit_percent": 100,
      "whiffs_per_pitch": 0.2,
      "active_spin_percent": null
    },
    {
      "code": "ST",
      "title": "sweeper",
      "color": "#DDB43A",
      "count": 4,
      "pitch_percent": 0.16666666666666666,
      "rhh_percent": 0.17391304347826086,
      "lhh_percent": 0,
      "start_speed": 82.875,
      "max_start_speed": 83.8,
      "ivb": 2.975,
      "hb": -22.6,
      "release_pos_z": 5.48586555291087,
      "release_pos_x": 3.04858804298699,
      "extension": 6.903960642206316,
      "pitches": 4,
      "whiffs": 0,
      "swings": 3,
      "spin_rate": 2549,
      "swing_miss_percent": 0,
      "arm_angle": null,
      "barrels_per_pa_percent": 0,
      "hardhit_percent": 0,
      "whiffs_per_pitch": 0,
      "active_spin_percent": null
    },
    {
      "code": "CU",
      "title": "curveball",
      "color": "#00D2ED",
      "count": 2,
      "pitch_percent": 0.08333333333333333,
      "rhh_percent": 0.08695652173913043,
      "lhh_percent": 0,
      "start_speed": 79.65,
      "max_start_speed": 80.9,
      "ivb": -10.3,
      "hb": -18.200000000000003,
      "release_pos_z": 5.757480405660492,
      "release_pos_x": 2.7259520437176707,
      "extension": 6.957996563530346,
      "pitches": 2,
      "whiffs": 0,
      "swings": 0,
      "spin_rate": 2743,
      "swing_miss_percent": null,
      "arm_angle": null,
      "barrels_per_pa_percent": null,
      "hardhit_percent": null,
      "whiffs_per_pitch": 0,
      "active_spin_percent": null
    }
  ]
}