{
  "pitcher_id": "681004",
  "pitcher_name": "Jack Carey",
  "mlbam_id": "681004",
  "arm_angle_source": "dataset",
  "pitches": [
    {
      "code": "FF",
      "title": "four-seam fastball",
      "color": "#D22D49",
      "count": 7,
      "pitch_percent": 0.5,
      "rhh_percent": 0.625,
      "lhh_percent": 0.3333333333333333,
      "start_speed": 91.5,
      "max_start_speed": 92.1,
      "ivb": 18.471428571428568,
      "hb": 7.828571428571429,
      "release_pos_z": 5.9178483683329315,
      "release_pos_x": 2.1354946433725526,
      "extension": 6.643120957031931,
      "pitches": 8,
      "whiffs": 0,
      "swings": 4,
      "spin_rate": 2068,
      "swing_miss_percent": 0,
      "arm_angle": null,
      "barrels_per_pa_percent": 0,
      "hardhit_percent": 33.33333333333333,
      "whiffs_per_pitch": 0,
      "active_spin_percent": null
    },
    {
      "code": "FC",
      "title": "cutter",
      "color": "#933F2C",
      "count": 3,
      "pitch_percent": 0.21428571428571427,
      "rhh_percent": 0,
      "lhh_percent": 0.5,
      "start_speed": 89.16666666666667,
      "max_start_speed": 89.3,
      "ivb": 9.566666666666666,
      "hb": -0.9333333333333332,
      "release_pos_z": 5.877409482593045,
      "release_pos_x": 2.381385264083273,
      "extension": 6.41505261078454,
      "pitches": 3,
      "whiffs": 0,
      "swings": 0,
      "spin_rate": 2121,
      "swing_miss_percent": null,
      "arm_angle": null,
      "barrels_per_pa_percent": null,
      "hardhit_percent": null,
      "whiffs_per_pitch": 0,
      "active_spin_percent": null
    },
    {
      "code": "SL",
      "title": "slider",
      "color": "#EEE716",
      "count": 3,
      "pitch_percent": 0.21428571428571427,
      "rhh_percent": 0.25,
      "lhh_percent": 0.16666666666666666,
      "start_speed": 82.96666666666665,
      "max_start_speed": 84,
      "ivb": 2.3666666666666667,
      "hb": -1.1999999999999995,
      "release_pos_z": 5.887098794930005,
      "release_pos_x": 2.384990069789165,
      "extension": 6.493112326894099,
      "pitches": 3,
      "whiffs": 0,
      "swings": 1,
      "spin_rate": 1517,
      "swing_miss_percent": 0,
      "arm_angle": null,
      "barrels_per_pa_percent": 0,
      "hardhit_percent": 100,
      "whiffs_per_pitch": 0,
      "active_spin_percent": null
    },
    {
      "code": "CU",
      "title": "curveball",
      "color": "#00D2ED",
      "count": 1,
      "pitch_percent": 0.07142857142857142,
      "rhh_percent": 0.125,
      "lhh_percent": 0,
      "start_speed": 79.6,
      "max_start_speed": 79.6,
      "ivb": 1,
      "hb": -16.8,
      "release_pos_z": 5.918073700201993,
      "release_pos_x": 2.2793776132668806,
      "extension": 6.495381347446814,
      "pitches": 1,
      "whiffs": 0,
      "swings": 1,
      "spin_rate": 2547,
      "swing_miss_percent": 0,
      "arm_angle": null,
      "barrels_per_pa_percent": null,
      "hardhit_percent": null,
      "whiffs_per_pitch": 0,
      "active_spin_percent": null
    }
  ]
}