{
  "pitcher_id": "681347",
  "pitcher_name": "Mike Burrows",
  "mlbam_id": "681347",
  "arm_angle_source": "dataset",
  "pitches": [
    {
      "code": "SI",
      "title": "sinker",
      "color": "#FE9E00",
      "count": 6,
      "pitch_percent": 0.25,
      "rhh_percent": 0.5,
      "lhh_percent": 0,
      "start_speed": 95.2,
      "max_start_speed": 96.1,
      "ivb": 12.5,
      "hb": 13.549999999999999,
      "release_pos_z": 5.979631975004506,
      "release_pos_x": 2.332921916887254,
      "extension": 6.306666603072016,
      "pitches": 15,
      "whiffs": 2,
      "swings": 10,
      "spin_rate": 2130,
      "swing_miss_percent": 20,
      "arm_angle": null,
      "barrels_per_pa_percent": 0,
      "hardhit_percent": 25,
      "whiffs_per_pitch": 0.13333333333333333,
      "active_spin_percent": null
    },
    {
      "code": "FF",
      "title": "four-seam fastball",
      "color": "#D22D49",
      "count": 6,
      "pitch_percent": 0.25,
      "rhh_percent": 0.16666666666666666,
      "lhh_percent": 0.3333333333333333,
      "start_speed": 95.13333333333333,
      "max_start_speed": 96.6,
      "ivb": 18.016666666666662,
      "hb": 6.516666666666667,
      "release_pos_z": 6.020913265385641,
      "release_pos_x": 2.3332146688916526,
      "extension": 6.306476793954514,
      "pitches": 14,
      "whiffs": 3,
      "swings": 9,
      "spin_rate": 2280,
      "swing_miss_percent": 33.3,
      "arm_angle": null,
      "barrels_per_pa_percent": 33.33333333333333,
      "hardhit_percent": 66.66666666666666,
      "whiffs_per_pitch": 0.21428571428571427,
      "active_spin_percent": null
    },
    {
      "code": "CH",
      "title": "changeup",
      "color": "#1DBF3A",
      "count": 6,
      "pitch_percent": 0.25,
      "rhh_percent": 0.16666666666666666,
      "lhh_percent": 0.3333333333333333,
      "start_speed": 86.38333333333333,
      "max_start_speed": 87.3,
      "ivb": 7.266666666666667,
      "hb": 15.300000000000002,
      "release_pos_z": 6.022858951263391,
      "release_pos_x": 2.274484107443652,
      "extension": 6.273106072729767,
      "pitches": 13,
      "whiffs": 3,
      "swings": 8,
      "spin_rate": 1460,
      "swing_miss_percent": 37.5,
      "arm_angle": null,
      "barrels_per_pa_percent": 0,
      "hardhit_percent": 0,
      "whiffs_per_pitch": 0.23076923076923078,
      "active_spin_percent": null
    },
    {
      "code": "CU",
      "title": "curveball",
      "color": "#00D2ED",
      "count": 3,
      "pitch_percent": 0.125,
      "rhh_percent": 0,
      "lhh_percent": 0.25,
      "start_speed": 78.86666666666667,
      "max_start_speed": 79.8,
      "ivb": -10.5,
      "hb": -8.4,
      "release_pos_z": 6.107562308360421,
      "release_pos_x": 2.172366187031861,
      "extension": 5.866474628211351,
      "pitches": 9,
      "whiffs": 0,
      "swings": 1,
      "spin_rate": 2835,
      "swing_miss_percent": 0,
      "arm_angle": null,
      "barrels_per_pa_percent": null,
      "hardhit_percent": null,
      "whiffs_per_pitch": 0,
      "active_spin_percent": null
    },
    {
      "code": "SL",
      "title": "slider",
      "color": "#EEE716",
      "count": 3,
      "pitch_percent": 0.125,
      "rhh_percent": 0.16666666666666666,
      "lhh_percent": 0.08333333333333333,
      "start_speed": 90.63333333333333,
      "max_start_speed": 91.4,
      "ivb": 8.566666666666668,
      "hb": -3.366666666666667,
      "release_pos_z": 5.9710237459606885,
      "release_pos_x": 2.4032196568304003,
      "extension": 6.166533501278507,
      "pitches": 14,
      "whiffs": 4,
      "swings": 8,
      "spin_rate": 2505,
      "swing_miss_percent": 50,
      "arm_angle": null,
      "barrels_per_pa_percent": 0,
      "hardhit_percent": 0,
      "whiffs_per_pitch": 0.2857142857142857,
      "active_spin_percent": null
    }
  ]
}