{
  "pitcher_id": "681520",
  "pitcher_name": "Antoine Kelly",
  "mlbam_id": "681520",
  "arm_angle_source": "dataset",
  "pitches": [
    {
      "code": "SL",
      "title": "slider",
      "color": "#EEE716",
      "count": 5,
      "pitch_percent": 0.5555555555555556,
      "rhh_percent": 0.3333333333333333,
      "lhh_percent": 0.6666666666666666,
      "start_speed": 85.8,
      "max_start_speed": 87.2,
      "ivb": 9.320000000000002,
      "hb": -5,
      "release_pos_z": 5.675205045868994,
      "release_pos_x": 1.9507158731821268,
      "extension": 6.683482357134379,
      "pitches": 43,
      "whiffs": 9,
      "swings": 18,
      "spin_rate": 2359,
      "swing_miss_percent": 50,
      "arm_angle": null,
      "barrels_per_pa_percent": 0,
      "hardhit_percent": 100,
      "whiffs_per_pitch": 0.20930232558139536,
      "active_spin_percent": null
    },
    {
      "code": "FF",
      "title": "four-seam fastball",
      "color": "#D22D49",
      "count": 3,
      "pitch_percent": 0.3333333333333333,
      "rhh_percent": 0.6666666666666666,
      "lhh_percent": 0.16666666666666666,
      "start_speed": 96.56666666666666,
      "max_start_speed": 97.8,
      "ivb": 11.566666666666665,
      "hb": 7.333333333333333,
      "release_pos_z": 5.874140415766036,
      "release_pos_x": 1.716251749310181,
      "extension": 6.777453828891869,
      "pitches": 65,
      "whiffs": 7,
      "swings": 36,
      "spin_rate": 2187,
      "swing_miss_percent": 19.4,
      "arm_angle": null,
      "barrels_per_pa_percent": 0,
      "hardhit_percent": 30,
      "whiffs_per_pitch": 0.1076923076923077,
      "active_spin_percent": null
    },
    {
      "code": "SI",
      "title": "sinker",
      "color": "#FE9E00",
      "count": 1,
      "pitch_percent": 0.1111111111111111,
      "rhh_percent": 0,
      "lhh_percent": 0.16666666666666666,
      "start_speed": 94.4,
      "max_start_speed": 94.4,
      "ivb": 8.9,
      "hb": 15.5,
      "release_pos_z": 5.816143756891193,
      "release_pos_x": 1.7093413597414664,
      "extension": 6.729030892421052,
      "pitches": 15,
      "whiffs": 1,
      "swings": 3,
      "spin_rate": 2191,
      "swing_miss_percent": 33.3,
      "arm_angle": null,
      "barrels_per_pa_percent": 0,
      "hardhit_percent": 0,
      "whiffs_per_pitch": 0.06666666666666667,
      "active_spin_percent": null
    }
  ]
}