{
  "pitcher_id": "681676",
  "pitcher_name": "Ryan Fernandez",
  "mlbam_id": "681676",
  "arm_angle_source": "dataset",
  "pitches": [
    {
      "code": "FF",
      "title": "four-seam fastball",
      "color": "#D22D49",
      "count": 12,
      "pitch_percent": 0.3870967741935484,
      "rhh_percent": 0.4166666666666667,
      "lhh_percent": 0.3684210526315789,
      "start_speed": 93.25,
      "max_start_speed": 95.2,
      "ivb": 17.400000000000002,
      "hb": 8.15,
      "release_pos_z": 5.974811275572928,
      "release_pos_x": 1.4498618848193516,
      "extension": 6.526923110036011,
      "pitches": 16,
      "whiffs": 2,
      "swings": 5,
      "spin_rate": 2198,
      "swing_miss_percent": 40,
      "arm_angle": null,
      "barrels_per_pa_percent": 25,
      "hardhit_percent": 100,
      "whiffs_per_pitch": 0.125,
      "active_spin_percent": null
    },
    {
      "code": "SL",
      "title": "slider",
      "color": "#EEE716",
      "count": 11,
      "pitch_percent": 0.3548387096774194,
      "rhh_percent": 0.5,
      "lhh_percent": 0.2631578947368421,
      "start_speed": 87.89090909090909,
      "max_start_speed": 89.9,
      "ivb": 4.718181818181818,
      "hb": -3.1818181818181817,
      "release_pos_z": 6.020595926493152,
      "release_pos_x": 1.785917320738054,
      "extension": 6.299762051163805,
      "pitches": 17,
      "whiffs": 5,
      "swings": 10,
      "spin_rate": 2498,
      "swing_miss_percent": 50,
      "arm_angle": null,
      "barrels_per_pa_percent": 0,
      "hardhit_percent": 0,
      "whiffs_per_pitch": 0.29411764705882354,
      "active_spin_percent": null
    },
    {
      "code": "CH",
      "title": "changeup",
      "color": "#1DBF3A",
      "count": 7,
      "pitch_percent": 0.22580645161290322,
      "rhh_percent": 0,
      "lhh_percent": 0.3684210526315789,
      "start_speed": 85.39999999999999,
      "max_start_speed": 87.3,
      "ivb": 4.6571428571428575,
      "hb": 12.842857142857143,
      "release_pos_z": 5.886823372006072,
      "release_pos_x": 1.8296788222629765,
      "extension": 6.477306338679786,
      "pitches": 10,
      "whiffs": 2,
      "swings": 3,
      "spin_rate": 1211,
      "swing_miss_percent": 66.7,
      "arm_angle": null,
      "barrels_per_pa_percent": null,
      "hardhit_percent": null,
      "whiffs_per_pitch": 0.2,
      "active_spin_percent": null
    },
    {
      "code": "FC",
      "title": "cutter",
      "color": "#933F2C",
      "count": 1,
      "pitch_percent": 0.03225806451612903,
      "rhh_percent": 0.08333333333333333,
      "lhh_percent": 0,
      "start_speed": 90.1,
      "max_start_speed": 90.1,
      "ivb": 6.7,
      "hb": -5,
      "release_pos_z": 5.975395816635045,
      "release_pos_x": 1.4989975606809256,
      "extension": 6.355959599060212,
      "pitches": 2,
      "whiffs": 0,
      "swings": 1,
      "spin_rate": 2424,
      "swing_miss_percent": 0,
      "arm_angle": null,
      "barrels_per_pa_percent": 0,
      "hardhit_percent": 0,
      "whiffs_per_pitch": 0,
      "active_spin_percent": null
    }
  ]
}