{
  "pitcher_id": "681895",
  "pitcher_name": "Evan Sisk",
  "mlbam_id": "681895",
  "arm_angle_source": "dataset",
  "pitches": [
    {
      "code": "SI",
      "title": "sinker",
      "color": "#FE9E00",
      "count": 3,
      "pitch_percent": 0.25,
      "rhh_percent": 0.25,
      "lhh_percent": 0.25,
      "start_speed": 91.73333333333335,
      "max_start_speed": 92.5,
      "ivb": 3.1999999999999997,
      "hb": 19.8,
      "release_pos_z": 5.266596501144579,
      "release_pos_x": 3.7418994048751952,
      "extension": 6.585083983147443,
      "pitches": 46,
      "whiffs": 7,
      "swings": 18,
      "spin_rate": 1989,
      "swing_miss_percent": 38.9,
      "arm_angle": null,
      "barrels_per_pa_percent": 0,
      "hardhit_percent": 40,
      "whiffs_per_pitch": 0.15217391304347827,
      "active_spin_percent": null
    },
    {
      "code": "ST",
      "title": "sweeper",
      "color": "#DDB43A",
      "count": 3,
      "pitch_percent": 0.25,
      "rhh_percent": 0.125,
      "lhh_percent": 0.5,
      "start_speed": 80.46666666666667,
      "max_start_speed": 80.8,
      "ivb": 0.1666666666666666,
      "hb": -5.366666666666667,
      "release_pos_z": 4.978197319084249,
      "release_pos_x": 4.044456509962949,
      "extension": 6.737793115543192,
      "pitches": 22,
      "whiffs": 6,
      "swings": 9,
      "spin_rate": 2232,
      "swing_miss_percent": 66.7,
      "arm_angle": null,
      "barrels_per_pa_percent": 0,
      "hardhit_percent": 0,
      "whiffs_per_pitch": 0.2727272727272727,
      "active_spin_percent": null
    },
    {
      "code": "CU",
      "title": "curveball",
      "color": "#00D2ED",
      "count": 3,
      "pitch_percent": 0.25,
      "rhh_percent": 0.25,
      "lhh_percent": 0.25,
      "start_speed": 78.23333333333333,
      "max_start_speed": 79.5,
      "ivb": -4.866666666666667,
      "hb": -8.299999999999999,
      "release_pos_z": 5.1443058848489756,
      "release_pos_x": 3.9426632490313835,
      "extension": 6.78405260042602,
      "pitches": 27,
      "whiffs": 1,
      "swings": 6,
      "spin_rate": 2182,
      "swing_miss_percent": 16.7,
      "arm_angle": null,
      "barrels_per_pa_percent": 0,
      "hardhit_percent": 25,
      "whiffs_per_pitch": 0.037037037037037035,
      "active_spin_percent": null
    },
    {
      "code": "CH",
      "title": "changeup",
      "color": "#1DBF3A",
      "count": 2,
      "pitch_percent": 0.16666666666666666,
      "rhh_percent": 0.25,
      "lhh_percent": 0,
      "start_speed": 83.15,
      "max_start_speed": 84,
      "ivb": 2.8,
      "hb": 21.6,
      "release_pos_z": 5.249794231246835,
      "release_pos_x": 3.6606203595770066,
      "extension": 6.68912191002776,
      "pitches": 8,
      "whiffs": 2,
      "swings": 2,
      "spin_rate": 2121,
      "swing_miss_percent": 100,
      "arm_angle": null,
      "barrels_per_pa_percent": null,
      "hardhit_percent": null,
      "whiffs_per_pitch": 0.25,
      "active_spin_percent": null
    },
    {
      "code": "FF",
      "title": "four-seam fastball",
      "color": "#D22D49",
      "count": 1,
      "pitch_percent": 0.08333333333333333,
      "rhh_percent": 0.125,
      "lhh_percent": 0,
      "start_speed": 94.3,
      "max_start_speed": 94.3,
      "ivb": 14.4,
      "hb": 9.1,
      "release_pos_z": 5.530830972964247,
      "release_pos_x": 3.497041120577561,
      "extension": 6.651981345463684,
      "pitches": 13,
      "whiffs": 1,
      "swings": 4,
      "spin_rate": 2071,
      "swing_miss_percent": 25,
      "arm_angle": null,
      "barrels_per_pa_percent": 0,
      "hardhit_percent": 33.33333333333333,
      "whiffs_per_pitch": 0.07692307692307693,
      "active_spin_percent": null
    }
  ]
}