{
  "pitcher_id": "682087",
  "pitcher_name": "Antonio Knowles",
  "mlbam_id": "682087",
  "arm_angle_source": "dataset",
  "pitches": [
    {
      "code": "SL",
      "title": "slider",
      "color": "#EEE716",
      "count": 4,
      "pitch_percent": 0.6666666666666666,
      "rhh_percent": 0.6666666666666666,
      "lhh_percent": null,
      "start_speed": 81.975,
      "max_start_speed": 82.7,
      "ivb": -0.45,
      "hb": -13.674999999999997,
      "release_pos_z": 5.833645460532068,
      "release_pos_x": 2.17197043810606,
      "extension": 6.165947662038165,
      "pitches": 22,
      "whiffs": 6,
      "swings": 8,
      "spin_rate": 2678,
      "swing_miss_percent": 75,
      "arm_angle": null,
      "barrels_per_pa_percent": 0,
      "hardhit_percent": 50,
      "whiffs_per_pitch": 0.2727272727272727,
      "active_spin_percent": null
    },
    {
      "code": "SI",
      "title": "sinker",
      "color": "#FE9E00",
      "count": 2,
      "pitch_percent": 0.3333333333333333,
      "rhh_percent": 0.3333333333333333,
      "lhh_percent": null,
      "start_speed": 92.6,
      "max_start_speed": 92.7,
      "ivb": 10.95,
      "hb": 14.2,
      "release_pos_z": 5.873622462982276,
      "release_pos_x": 2.046434795273681,
      "extension": 6.340159592428352,
      "pitches": 26,
      "whiffs": 1,
      "swings": 9,
      "spin_rate": 2366,
      "swing_miss_percent": 11.1,
      "arm_angle": null,
      "barrels_per_pa_percent": 0,
      "hardhit_percent": 66.66666666666666,
      "whiffs_per_pitch": 0.038461538461538464,
      "active_spin_percent": null
    }
  ]
}