{
  "pitcher_id": "682126",
  "pitcher_name": "Evan Reifert",
  "mlbam_id": "682126",
  "arm_angle_source": "dataset",
  "pitches": [
    {
      "code": "SL",
      "title": "slider",
      "color": "#EEE716",
      "count": 12,
      "pitch_percent": 0.6666666666666666,
      "rhh_percent": 0.6923076923076923,
      "lhh_percent": 0.6,
      "start_speed": 84.2,
      "max_start_speed": 85.3,
      "ivb": -3.85,
      "hb": -3.033333333333333,
      "release_pos_z": 6.1163716660733485,
      "release_pos_x": 1.7795670960238674,
      "extension": 6.1051622243672625,
      "pitches": 12,
      "whiffs": 3,
      "swings": 6,
      "spin_rate": 2544,
      "swing_miss_percent": 50,
      "arm_angle": null,
      "barrels_per_pa_percent": 0,
      "hardhit_percent": 100,
      "whiffs_per_pitch": 0.25,
      "active_spin_percent": null
    },
    {
      "code": "SI",
      "title": "sinker",
      "color": "#FE9E00",
      "count": 3,
      "pitch_percent": 0.16666666666666666,
      "rhh_percent": 0.15384615384615385,
      "lhh_percent": 0.2,
      "start_speed": 94.76666666666667,
      "max_start_speed": 94.8,
      "ivb": 3.3333333333333335,
      "hb": 18.2,
      "release_pos_z": 5.643738786603762,
      "release_pos_x": 2.133624281646496,
      "extension": 6.275958107812978,
      "pitches": 3,
      "whiffs": 0,
      "swings": 0,
      "spin_rate": 2201,
      "swing_miss_percent": null,
      "arm_angle": null,
      "barrels_per_pa_percent": null,
      "hardhit_percent": null,
      "whiffs_per_pitch": 0,
      "active_spin_percent": null
    },
    {
      "code": "FF",
      "title": "four-seam fastball",
      "color": "#D22D49",
      "count": 3,
      "pitch_percent": 0.16666666666666666,
      "rhh_percent": 0.15384615384615385,
      "lhh_percent": 0.2,
      "start_speed": 93.8,
      "max_start_speed": 94.3,
      "ivb": 13.199999999999998,
      "hb": 4.033333333333333,
      "release_pos_z": 5.919990107737011,
      "release_pos_x": 1.8849023676171732,
      "extension": 6.249820784499918,
      "pitches": 3,
      "whiffs": 1,
      "swings": 1,
      "spin_rate": 2321,
      "swing_miss_percent": 100,
      "arm_angle": null,
      "barrels_per_pa_percent": null,
      "hardhit_percent": null,
      "whiffs_per_pitch": 0.3333333333333333,
      "active_spin_percent": null
    }
  ]
}