{
  "pitcher_id": "682274",
  "pitcher_name": "Yaramil Hiraldo",
  "mlbam_id": "682274",
  "arm_angle_source": "dataset",
  "pitches": [
    {
      "code": "FF",
      "title": "four-seam fastball",
      "color": "#D22D49",
      "count": 6,
      "pitch_percent": 0.6,
      "rhh_percent": 0.6666666666666666,
      "lhh_percent": 0.5,
      "start_speed": 95.48333333333333,
      "max_start_speed": 96.2,
      "ivb": 20.633333333333336,
      "hb": 5.366666666666667,
      "release_pos_z": 6.26407304290539,
      "release_pos_x": 0.4192481534511736,
      "extension": 5.8418209394861735,
      "pitches": 38,
      "whiffs": 7,
      "swings": 20,
      "spin_rate": 2335,
      "swing_miss_percent": 35,
      "arm_angle": null,
      "barrels_per_pa_percent": 11.11111111111111,
      "hardhit_percent": 42.857142857142854,
      "whiffs_per_pitch": 0.18421052631578946,
      "active_spin_percent": null
    },
    {
      "code": "SL",
      "title": "slider",
      "color": "#EEE716",
      "count": 2,
      "pitch_percent": 0.2,
      "rhh_percent": 0.3333333333333333,
      "lhh_percent": 0,
      "start_speed": 86.4,
      "max_start_speed": 87.7,
      "ivb": 3.9499999999999997,
      "hb": -2.95,
      "release_pos_z": 6.214304329831662,
      "release_pos_x": 0.5687754113185856,
      "extension": 6.0442881085959375,
      "pitches": 27,
      "whiffs": 5,
      "swings": 16,
      "spin_rate": 2329,
      "swing_miss_percent": 31.3,
      "arm_angle": null,
      "barrels_per_pa_percent": 16.666666666666664,
      "hardhit_percent": 60,
      "whiffs_per_pitch": 0.18518518518518517,
      "active_spin_percent": null
    },
    {
      "code": "CH",
      "title": "changeup",
      "color": "#1DBF3A",
      "count": 2,
      "pitch_percent": 0.2,
      "rhh_percent": 0,
      "lhh_percent": 0.5,
      "start_speed": 87.15,
      "max_start_speed": 87.9,
      "ivb": 12.15,
      "hb": 9.9,
      "release_pos_z": 6.2251124126742665,
      "release_pos_x": 0.36078269805013563,
      "extension": 6.065626487891134,
      "active_spin_percent": null
    }
  ]
}