{
  "pitcher_id": "682610",
  "pitcher_name": "Roddery Muñoz",
  "mlbam_id": "682610",
  "arm_angle_source": "dataset",
  "pitches": [
    {
      "code": "SL",
      "title": "slider",
      "color": "#EEE716",
      "count": 7,
      "pitch_percent": 0.3333333333333333,
      "rhh_percent": 0.38461538461538464,
      "lhh_percent": 0.25,
      "start_speed": 85.9,
      "max_start_speed": 87.4,
      "ivb": -4.628571428571428,
      "hb": -2.1285714285714286,
      "release_pos_z": 5.844590849529978,
      "release_pos_x": 1.817704510002592,
      "extension": 6.093135933484995,
      "pitches": 15,
      "whiffs": 4,
      "swings": 7,
      "spin_rate": 2368,
      "swing_miss_percent": 57.1,
      "arm_angle": null,
      "barrels_per_pa_percent": 0,
      "hardhit_percent": 0,
      "whiffs_per_pitch": 0.26666666666666666,
      "active_spin_percent": null
    },
    {
      "code": "SI",
      "title": "sinker",
      "color": "#FE9E00",
      "count": 7,
      "pitch_percent": 0.3333333333333333,
      "rhh_percent": 0.38461538461538464,
      "lhh_percent": 0.25,
      "start_speed": 95.55714285714285,
      "max_start_speed": 95.8,
      "ivb": 5.042857142857144,
      "hb": 16.000000000000004,
      "release_pos_z": 5.57675764620918,
      "release_pos_x": 1.9797803910865266,
      "extension": 5.95031433689869,
      "pitches": 10,
      "whiffs": 1,
      "swings": 5,
      "spin_rate": 2313,
      "swing_miss_percent": 20,
      "arm_angle": null,
      "barrels_per_pa_percent": 0,
      "hardhit_percent": 75,
      "whiffs_per_pitch": 0.1,
      "active_spin_percent": null
    },
    {
      "code": "FC",
      "title": "cutter",
      "color": "#933F2C",
      "count": 4,
      "pitch_percent": 0.19047619047619047,
      "rhh_percent": 0.15384615384615385,
      "lhh_percent": 0.25,
      "start_speed": 91.85,
      "max_start_speed": 92.3,
      "ivb": 7,
      "hb": 1.225,
      "release_pos_z": 5.558397689828938,
      "release_pos_x": 2.1070893739104903,
      "extension": 6.0079830912118855,
      "pitches": 6,
      "whiffs": 2,
      "swings": 5,
      "spin_rate": 2341,
      "swing_miss_percent": 40,
      "arm_angle": null,
      "barrels_per_pa_percent": 0,
      "hardhit_percent": 50,
      "whiffs_per_pitch": 0.3333333333333333,
      "active_spin_percent": null
    },
    {
      "code": "CH",
      "title": "changeup",
      "color": "#1DBF3A",
      "count": 2,
      "pitch_percent": 0.09523809523809523,
      "rhh_percent": 0,
      "lhh_percent": 0.25,
      "start_speed": 91.2,
      "max_start_speed": 91.9,
      "ivb": 5.300000000000001,
      "hb": 16.4,
      "release_pos_z": 5.811539733159833,
      "release_pos_x": 1.7783004303425984,
      "extension": 5.952808853229271,
      "pitches": 2,
      "whiffs": 0,
      "swings": 2,
      "spin_rate": 1940,
      "swing_miss_percent": 0,
      "arm_angle": null,
      "barrels_per_pa_percent": null,
      "hardhit_percent": null,
      "whiffs_per_pitch": 0,
      "active_spin_percent": null
    },
    {
      "code": "FF",
      "title": "four-seam fastball",
      "color": "#D22D49",
      "count": 1,
      "pitch_percent": 0.047619047619047616,
      "rhh_percent": 0.07692307692307693,
      "lhh_percent": 0,
      "start_speed": 96.9,
      "max_start_speed": 96.9,
      "ivb": 13.3,
      "hb": 9.4,
      "release_pos_z": 5.628752757426761,
      "release_pos_x": 1.7620288177142809,
      "extension": 5.908920443125847,
      "pitches": 2,
      "whiffs": 1,
      "swings": 2,
      "spin_rate": 2331,
      "swing_miss_percent": 50,
      "arm_angle": null,
      "barrels_per_pa_percent": 0,
      "hardhit_percent": 100,
      "whiffs_per_pitch": 0.5,
      "active_spin_percent": null
    }
  ]
}