{
  "pitcher_id": "682790",
  "pitcher_name": "Wikelman González",
  "mlbam_id": "682790",
  "arm_angle_source": "dataset",
  "pitches": [
    {
      "code": "FF",
      "title": "four-seam fastball",
      "color": "#D22D49",
      "count": 14,
      "pitch_percent": 0.6666666666666666,
      "rhh_percent": 0.6666666666666666,
      "lhh_percent": null,
      "start_speed": 94.71428571428574,
      "max_start_speed": 95.7,
      "ivb": 13.035714285714283,
      "hb": 10.178571428571429,
      "release_pos_z": 5.237974902150354,
      "release_pos_x": 1.909148190479707,
      "extension": 6.758619600616546,
      "pitches": 41,
      "whiffs": 4,
      "swings": 13,
      "spin_rate": 2353,
      "swing_miss_percent": 30.8,
      "arm_angle": null,
      "barrels_per_pa_percent": 0,
      "hardhit_percent": 75,
      "whiffs_per_pitch": 0.0975609756097561,
      "active_spin_percent": null
    },
    {
      "code": "SV",
      "title": "slurve",
      "color": "#93AFD4",
      "count": 4,
      "pitch_percent": 0.19047619047619047,
      "rhh_percent": 0.19047619047619047,
      "lhh_percent": null,
      "start_speed": 80.4,
      "max_start_speed": 81.6,
      "ivb": -0.7000000000000001,
      "hb": -18.2,
      "release_pos_z": 5.393904390427536,
      "release_pos_x": 1.85777570619556,
      "extension": 6.664897260394114,
      "pitches": 5,
      "whiffs": 1,
      "swings": 2,
      "spin_rate": 2717,
      "swing_miss_percent": 50,
      "arm_angle": null,
      "barrels_per_pa_percent": 0,
      "hardhit_percent": 0,
      "whiffs_per_pitch": 0.2,
      "active_spin_percent": null
    },
    {
      "code": "CH",
      "title": "changeup",
      "color": "#1DBF3A",
      "count": 3,
      "pitch_percent": 0.14285714285714285,
      "rhh_percent": 0.14285714285714285,
      "lhh_percent": null,
      "start_speed": 89.46666666666665,
      "max_start_speed": 89.9,
      "ivb": 4.3,
      "hb": 15.5,
      "release_pos_z": 5.246687037837926,
      "release_pos_x": 1.942912025799634,
      "extension": 6.747871985942402,
      "pitches": 9,
      "whiffs": 0,
      "swings": 5,
      "spin_rate": 1735,
      "swing_miss_percent": 0,
      "arm_angle": null,
      "barrels_per_pa_percent": 33.33333333333333,
      "hardhit_percent": 100,
      "whiffs_per_pitch": 0,
      "active_spin_percent": null
    }
  ]
}