{
  "pitcher_id": "682897",
  "pitcher_name": "Steven Pérez",
  "mlbam_id": "682897",
  "arm_angle_source": "dataset",
  "pitches": [
    {
      "code": "FF",
      "title": "four-seam fastball",
      "color": "#D22D49",
      "count": 13,
      "pitch_percent": 0.5416666666666666,
      "rhh_percent": 0.5416666666666666,
      "lhh_percent": null,
      "start_speed": 94.80000000000001,
      "max_start_speed": 95.9,
      "ivb": 14.946153846153846,
      "hb": -0.8230769230769233,
      "release_pos_z": 6.427864979600205,
      "release_pos_x": 1.9149883256981317,
      "extension": 6.14189943143064,
      "pitches": 22,
      "whiffs": 3,
      "swings": 11,
      "spin_rate": 1904,
      "swing_miss_percent": 27.3,
      "arm_angle": null,
      "barrels_per_pa_percent": 25,
      "hardhit_percent": 80,
      "whiffs_per_pitch": 0.13636363636363635,
      "active_spin_percent": null
    },
    {
      "code": "SL",
      "title": "slider",
      "color": "#EEE716",
      "count": 11,
      "pitch_percent": 0.4583333333333333,
      "rhh_percent": 0.4583333333333333,
      "lhh_percent": null,
      "start_speed": 84.91818181818182,
      "max_start_speed": 86.2,
      "ivb": 2.909090909090909,
      "hb": -6.1909090909090905,
      "release_pos_z": 6.174563065372204,
      "release_pos_x": 2.3182421091519685,
      "extension": 6.269216125671841,
      "pitches": 19,
      "whiffs": 4,
      "swings": 8,
      "spin_rate": 2161,
      "swing_miss_percent": 50,
      "arm_angle": null,
      "barrels_per_pa_percent": null,
      "hardhit_percent": null,
      "whiffs_per_pitch": 0.21052631578947367,
      "active_spin_percent": null
    }
  ]
}