{
  "pitcher_id": "682967",
  "pitcher_name": "Devin Sweet",
  "mlbam_id": "682967",
  "arm_angle_source": "dataset",
  "pitches": [
    {
      "code": "FF",
      "title": "four-seam fastball",
      "color": "#D22D49",
      "count": 9,
      "pitch_percent": 0.375,
      "rhh_percent": 0.36363636363636365,
      "lhh_percent": 0.38461538461538464,
      "start_speed": 92.42222222222223,
      "max_start_speed": 93.4,
      "ivb": 21.1,
      "hb": 4.788888888888888,
      "release_pos_z": 6.240202702717372,
      "release_pos_x": 0.6093300821169838,
      "extension": 6.417276324107643,
      "pitches": 9,
      "whiffs": 0,
      "swings": 4,
      "spin_rate": 2247,
      "swing_miss_percent": 0,
      "arm_angle": null,
      "barrels_per_pa_percent": 33.33333333333333,
      "hardhit_percent": 50,
      "whiffs_per_pitch": 0,
      "active_spin_percent": null
    },
    {
      "code": "CH",
      "title": "changeup",
      "color": "#1DBF3A",
      "count": 7,
      "pitch_percent": 0.2916666666666667,
      "rhh_percent": 0.2727272727272727,
      "lhh_percent": 0.3076923076923077,
      "start_speed": 78.01428571428572,
      "max_start_speed": 79.4,
      "ivb": 4.6000000000000005,
      "hb": 9.557142857142859,
      "release_pos_z": 5.953222305126624,
      "release_pos_x": 0.8123690960566317,
      "extension": 6.404425732828975,
      "pitches": 7,
      "whiffs": 0,
      "swings": 1,
      "spin_rate": 1896,
      "swing_miss_percent": 0,
      "arm_angle": null,
      "barrels_per_pa_percent": 50,
      "hardhit_percent": 100,
      "whiffs_per_pitch": 0,
      "active_spin_percent": null
    },
    {
      "code": "FC",
      "title": "cutter",
      "color": "#933F2C",
      "count": 4,
      "pitch_percent": 0.16666666666666666,
      "rhh_percent": 0,
      "lhh_percent": 0.3076923076923077,
      "start_speed": 89.325,
      "max_start_speed": 90.7,
      "ivb": 10.725000000000001,
      "hb": -0.37500000000000006,
      "release_pos_z": 6.239274652596281,
      "release_pos_x": 0.7044028585538499,
      "extension": 6.402789662696529,
      "pitches": 4,
      "whiffs": 0,
      "swings": 0,
      "spin_rate": 2327,
      "swing_miss_percent": null,
      "arm_angle": null,
      "barrels_per_pa_percent": null,
      "hardhit_percent": null,
      "whiffs_per_pitch": 0,
      "active_spin_percent": null
    },
    {
      "code": "SL",
      "title": "slider",
      "color": "#EEE716",
      "count": 4,
      "pitch_percent": 0.16666666666666666,
      "rhh_percent": 0.36363636363636365,
      "lhh_percent": 0,
      "start_speed": 86.22500000000001,
      "max_start_speed": 87.2,
      "ivb": 3.175,
      "hb": -5.925,
      "release_pos_z": 6.246277621633248,
      "release_pos_x": 0.5998311889423891,
      "extension": 6.371740349499119,
      "pitches": 4,
      "whiffs": 3,
      "swings": 4,
      "spin_rate": 2324,
      "swing_miss_percent": 75,
      "arm_angle": null,
      "barrels_per_pa_percent": null,
      "hardhit_percent": null,
      "whiffs_per_pitch": 0.75,
      "active_spin_percent": null
    }
  ]
}