{
  "pitcher_id": "683175",
  "pitcher_name": "Connor Phillips",
  "mlbam_id": "683175",
  "arm_angle_source": "dataset",
  "pitches": [
    {
      "code": "FF",
      "title": "four-seam fastball",
      "color": "#D22D49",
      "count": 6,
      "pitch_percent": 0.46153846153846156,
      "rhh_percent": 0.2,
      "lhh_percent": 0.625,
      "start_speed": 97.48333333333333,
      "max_start_speed": 98.7,
      "ivb": 13.966666666666669,
      "hb": 5.783333333333332,
      "release_pos_z": 6.110029233140496,
      "release_pos_x": 1.6230139470403173,
      "extension": 5.955544971601885,
      "pitches": 63,
      "whiffs": 4,
      "swings": 25,
      "spin_rate": 2345,
      "swing_miss_percent": 16,
      "arm_angle": null,
      "barrels_per_pa_percent": 0,
      "hardhit_percent": 30,
      "whiffs_per_pitch": 0.06349206349206349,
      "active_spin_percent": null
    },
    {
      "code": "ST",
      "title": "sweeper",
      "color": "#DDB43A",
      "count": 5,
      "pitch_percent": 0.38461538461538464,
      "rhh_percent": 0.8,
      "lhh_percent": 0.125,
      "start_speed": 85.38,
      "max_start_speed": 85.9,
      "ivb": -0.68,
      "hb": -14.979999999999999,
      "release_pos_z": 5.878646136291061,
      "release_pos_x": 1.847877345062352,
      "extension": 5.801140235598184,
      "pitches": 54,
      "whiffs": 10,
      "swings": 25,
      "spin_rate": 2379,
      "swing_miss_percent": 40,
      "arm_angle": null,
      "barrels_per_pa_percent": 16.666666666666664,
      "hardhit_percent": 55.55555555555556,
      "whiffs_per_pitch": 0.18518518518518517,
      "active_spin_percent": null
    },
    {
      "code": "CU",
      "title": "curveball",
      "color": "#00D2ED",
      "count": 2,
      "pitch_percent": 0.15384615384615385,
      "rhh_percent": 0,
      "lhh_percent": 0.25,
      "start_speed": 86.7,
      "max_start_speed": 86.9,
      "ivb": -10.8,
      "hb": -4.5,
      "release_pos_z": 6.007582923965964,
      "release_pos_x": 1.384692787250427,
      "extension": 6.016547017971291,
      "pitches": 3,
      "whiffs": 0,
      "swings": 0,
      "spin_rate": 2253,
      "swing_miss_percent": null,
      "arm_angle": null,
      "barrels_per_pa_percent": null,
      "hardhit_percent": null,
      "whiffs_per_pitch": 0,
      "active_spin_percent": null
    }
  ]
}