{
  "pitcher_id": "683352",
  "pitcher_name": "Mitch Bratt",
  "mlbam_id": "683352",
  "arm_angle_source": "dataset",
  "pitches": [
    {
      "code": "FF",
      "title": "four-seam fastball",
      "color": "#D22D49",
      "count": 18,
      "pitch_percent": 0.5142857142857142,
      "rhh_percent": 0.5517241379310345,
      "lhh_percent": 0.3333333333333333,
      "start_speed": 91.65555555555552,
      "max_start_speed": 93.2,
      "ivb": 15.777777777777779,
      "hb": 5.833333333333333,
      "release_pos_z": 5.4957399459898095,
      "release_pos_x": 2.5483855472620105,
      "extension": 5.930352304408769,
      "pitches": 35,
      "whiffs": 5,
      "swings": 24,
      "spin_rate": 2267,
      "swing_miss_percent": 20.8,
      "arm_angle": null,
      "barrels_per_pa_percent": 0,
      "hardhit_percent": 16.666666666666664,
      "whiffs_per_pitch": 0.14285714285714285,
      "active_spin_percent": null
    },
    {
      "code": "SL",
      "title": "slider",
      "color": "#EEE716",
      "count": 12,
      "pitch_percent": 0.34285714285714286,
      "rhh_percent": 0.3103448275862069,
      "lhh_percent": 0.5,
      "start_speed": 83.23333333333333,
      "max_start_speed": 87.4,
      "ivb": 2.066666666666667,
      "hb": -6.425000000000001,
      "release_pos_z": 5.574931450434363,
      "release_pos_x": 2.4953830359224862,
      "extension": 6.002619458552739,
      "pitches": 35,
      "whiffs": 4,
      "swings": 14,
      "spin_rate": 2324,
      "swing_miss_percent": 28.6,
      "arm_angle": null,
      "barrels_per_pa_percent": 16.666666666666664,
      "hardhit_percent": 66.66666666666666,
      "whiffs_per_pitch": 0.11428571428571428,
      "active_spin_percent": null
    },
    {
      "code": "CH",
      "title": "changeup",
      "color": "#1DBF3A",
      "count": 3,
      "pitch_percent": 0.08571428571428572,
      "rhh_percent": 0.10344827586206896,
      "lhh_percent": 0,
      "start_speed": 85.03333333333333,
      "max_start_speed": 86,
      "ivb": 4.966666666666667,
      "hb": 13.566666666666668,
      "release_pos_z": 5.4665123727345675,
      "release_pos_x": 2.585717941457441,
      "extension": 5.725571649293376,
      "pitches": 7,
      "whiffs": 1,
      "swings": 2,
      "spin_rate": 1703,
      "swing_miss_percent": 50,
      "arm_angle": null,
      "barrels_per_pa_percent": 0,
      "hardhit_percent": 100,
      "whiffs_per_pitch": 0.14285714285714285,
      "active_spin_percent": null
    },
    {
      "code": "SI",
      "title": "sinker",
      "color": "#FE9E00",
      "count": 2,
      "pitch_percent": 0.05714285714285714,
      "rhh_percent": 0.034482758620689655,
      "lhh_percent": 0.16666666666666666,
      "start_speed": 90.8,
      "max_start_speed": 91.1,
      "ivb": 11.649999999999999,
      "hb": 11.7,
      "release_pos_z": 5.450946957916956,
      "release_pos_x": 2.6148660701039628,
      "extension": 5.728551703057658,
      "pitches": 7,
      "whiffs": 0,
      "swings": 4,
      "spin_rate": 2131,
      "swing_miss_percent": 0,
      "arm_angle": null,
      "barrels_per_pa_percent": 0,
      "hardhit_percent": 50,
      "whiffs_per_pitch": 0,
      "active_spin_percent": null
    }
  ]
}