{
  "pitcher_id": "683409",
  "pitcher_name": "Angel Chivilli",
  "mlbam_id": "683409",
  "arm_angle_source": "dataset",
  "pitches": [
    {
      "code": "CH",
      "title": "changeup",
      "color": "#1DBF3A",
      "count": 6,
      "pitch_percent": 0.46153846153846156,
      "rhh_percent": 0.2,
      "lhh_percent": 0.625,
      "start_speed": 87.38333333333333,
      "max_start_speed": 88,
      "ivb": 8.633333333333333,
      "hb": 12.816666666666665,
      "release_pos_z": 5.818318486976466,
      "release_pos_x": 1.6428084051884737,
      "extension": 6.043445091180409,
      "pitches": 67,
      "whiffs": 20,
      "swings": 47,
      "spin_rate": 1739,
      "swing_miss_percent": 42.6,
      "arm_angle": null,
      "barrels_per_pa_percent": 4.761904761904762,
      "hardhit_percent": 27.27272727272727,
      "whiffs_per_pitch": 0.29850746268656714,
      "active_spin_percent": null
    },
    {
      "code": "FF",
      "title": "four-seam fastball",
      "color": "#D22D49",
      "count": 4,
      "pitch_percent": 0.3076923076923077,
      "rhh_percent": 0.2,
      "lhh_percent": 0.375,
      "start_speed": 95.9,
      "max_start_speed": 96.3,
      "ivb": 9.8,
      "hb": 16.1,
      "release_pos_z": 5.71519645994683,
      "release_pos_x": 1.6878060666630958,
      "extension": 6.178830011836212,
      "pitches": 36,
      "whiffs": 3,
      "swings": 23,
      "spin_rate": 2174,
      "swing_miss_percent": 13,
      "arm_angle": null,
      "barrels_per_pa_percent": 20,
      "hardhit_percent": 75,
      "whiffs_per_pitch": 0.08333333333333333,
      "active_spin_percent": null
    },
    {
      "code": "SL",
      "title": "slider",
      "color": "#EEE716",
      "count": 3,
      "pitch_percent": 0.23076923076923078,
      "rhh_percent": 0.6,
      "lhh_percent": 0,
      "start_speed": 89.06666666666666,
      "max_start_speed": 90.3,
      "ivb": 6.6000000000000005,
      "hb": -1.6666666666666667,
      "release_pos_z": 5.843313326027172,
      "release_pos_x": 1.7502447275416806,
      "extension": 5.9471184497053216,
      "pitches": 36,
      "whiffs": 7,
      "swings": 18,
      "spin_rate": 2009,
      "swing_miss_percent": 38.9,
      "arm_angle": null,
      "barrels_per_pa_percent": 14.285714285714285,
      "hardhit_percent": 50,
      "whiffs_per_pitch": 0.19444444444444445,
      "active_spin_percent": null
    }
  ]
}