{
  "pitcher_id": "684320",
  "pitcher_name": "Yariel Rodríguez",
  "mlbam_id": "684320",
  "arm_angle_source": "dataset",
  "pitches": [
    {
      "code": "SL",
      "title": "slider",
      "color": "#EEE716",
      "count": 10,
      "pitch_percent": 0.38461538461538464,
      "rhh_percent": 0.46153846153846156,
      "lhh_percent": 0.3076923076923077,
      "start_speed": 84.79,
      "max_start_speed": 89.7,
      "ivb": 4.7700000000000005,
      "hb": -5.1899999999999995,
      "release_pos_z": 6.003355752509863,
      "release_pos_x": 1.6623462583618642,
      "extension": 6.026922483578983,
      "pitches": 17,
      "whiffs": 0,
      "swings": 5,
      "spin_rate": 2737,
      "swing_miss_percent": 0,
      "arm_angle": null,
      "barrels_per_pa_percent": 0,
      "hardhit_percent": 33.33333333333333,
      "whiffs_per_pitch": 0,
      "active_spin_percent": null
    },
    {
      "code": "FF",
      "title": "four-seam fastball",
      "color": "#D22D49",
      "count": 8,
      "pitch_percent": 0.3076923076923077,
      "rhh_percent": 0.38461538461538464,
      "lhh_percent": 0.23076923076923078,
      "start_speed": 92.55000000000001,
      "max_start_speed": 94.5,
      "ivb": 14.587500000000002,
      "hb": 4.4125,
      "release_pos_z": 6.100507830326006,
      "release_pos_x": 1.50632274355382,
      "extension": 6.192822455683157,
      "pitches": 18,
      "whiffs": 0,
      "swings": 6,
      "spin_rate": 2422,
      "swing_miss_percent": 0,
      "arm_angle": null,
      "barrels_per_pa_percent": 0,
      "hardhit_percent": 100,
      "whiffs_per_pitch": 0,
      "active_spin_percent": null
    },
    {
      "code": "SI",
      "title": "sinker",
      "color": "#FE9E00",
      "count": 4,
      "pitch_percent": 0.15384615384615385,
      "rhh_percent": 0.07692307692307693,
      "lhh_percent": 0.23076923076923078,
      "start_speed": 93.65,
      "max_start_speed": 94,
      "ivb": 12.35,
      "hb": 15.625,
      "release_pos_z": 6.060750910566416,
      "release_pos_x": 1.5576720006943554,
      "extension": 6.221698274486128,
      "pitches": 6,
      "whiffs": 0,
      "swings": 4,
      "spin_rate": 2328,
      "swing_miss_percent": 0,
      "arm_angle": null,
      "barrels_per_pa_percent": 0,
      "hardhit_percent": 0,
      "whiffs_per_pitch": 0,
      "active_spin_percent": null
    },
    {
      "code": "FS",
      "title": "splitter",
      "color": "#3BACAC",
      "count": 4,
      "pitch_percent": 0.15384615384615385,
      "rhh_percent": 0.07692307692307693,
      "lhh_percent": 0.23076923076923078,
      "start_speed": 86.9,
      "max_start_speed": 88.8,
      "ivb": 6.775,
      "hb": 16.55,
      "release_pos_z": 6.106285154612579,
      "release_pos_x": 1.3308708051676177,
      "extension": 6.523459399961687,
      "pitches": 9,
      "whiffs": 0,
      "swings": 2,
      "spin_rate": 1790,
      "swing_miss_percent": 0,
      "arm_angle": null,
      "barrels_per_pa_percent": 0,
      "hardhit_percent": 0,
      "whiffs_per_pitch": 0,
      "active_spin_percent": null
    }
  ]
}