{
  "pitcher_id": "684442",
  "pitcher_name": "Kohl Drake",
  "mlbam_id": "684442",
  "arm_angle_source": "dataset",
  "pitches": [
    {
      "code": "FF",
      "title": "four-seam fastball",
      "color": "#D22D49",
      "count": 17,
      "pitch_percent": 0.5,
      "rhh_percent": 0.4444444444444444,
      "lhh_percent": 0.7142857142857143,
      "start_speed": 91.61764705882354,
      "max_start_speed": 92.4,
      "ivb": 14.205882352941176,
      "hb": 11.164705882352942,
      "release_pos_z": 6.018207248281343,
      "release_pos_x": 1.3596551496256832,
      "extension": 6.328865030083631,
      "pitches": 36,
      "whiffs": 3,
      "swings": 16,
      "spin_rate": 2143,
      "swing_miss_percent": 18.8,
      "arm_angle": null,
      "barrels_per_pa_percent": 0,
      "hardhit_percent": 0,
      "whiffs_per_pitch": 0.08333333333333333,
      "active_spin_percent": null
    },
    {
      "code": "CU",
      "title": "curveball",
      "color": "#00D2ED",
      "count": 8,
      "pitch_percent": 0.23529411764705882,
      "rhh_percent": 0.2222222222222222,
      "lhh_percent": 0.2857142857142857,
      "start_speed": 79.95,
      "max_start_speed": 80.9,
      "ivb": -9.1875,
      "hb": -6.050000000000001,
      "release_pos_z": 5.953964967939302,
      "release_pos_x": 1.2676517837176984,
      "extension": 6.296323558329118,
      "pitches": 22,
      "whiffs": 4,
      "swings": 10,
      "spin_rate": 2485,
      "swing_miss_percent": 40,
      "arm_angle": null,
      "barrels_per_pa_percent": 22.22222222222222,
      "hardhit_percent": 40,
      "whiffs_per_pitch": 0.18181818181818182,
      "active_spin_percent": null
    },
    {
      "code": "SL",
      "title": "slider",
      "color": "#EEE716",
      "count": 7,
      "pitch_percent": 0.20588235294117646,
      "rhh_percent": 0.25925925925925924,
      "lhh_percent": 0,
      "start_speed": 86.38571428571427,
      "max_start_speed": 87.7,
      "ivb": 8.885714285714286,
      "hb": 0.48571428571428565,
      "release_pos_z": 5.911232742219847,
      "release_pos_x": 1.3055212032440286,
      "extension": 6.426737557430438,
      "pitches": 8,
      "whiffs": 0,
      "swings": 6,
      "spin_rate": 2204,
      "swing_miss_percent": 0,
      "arm_angle": null,
      "barrels_per_pa_percent": 33.33333333333333,
      "hardhit_percent": 33.33333333333333,
      "whiffs_per_pitch": 0,
      "active_spin_percent": null
    },
    {
      "code": "CH",
      "title": "changeup",
      "color": "#1DBF3A",
      "count": 2,
      "pitch_percent": 0.058823529411764705,
      "rhh_percent": 0.07407407407407407,
      "lhh_percent": 0,
      "start_speed": 83,
      "max_start_speed": 84.2,
      "ivb": 9,
      "hb": 14.149999999999999,
      "release_pos_z": 5.981970168372225,
      "release_pos_x": 1.363046524835625,
      "extension": 6.359377235373991,
      "pitches": 4,
      "whiffs": 0,
      "swings": 2,
      "spin_rate": 1813,
      "swing_miss_percent": 0,
      "arm_angle": null,
      "barrels_per_pa_percent": null,
      "hardhit_percent": null,
      "whiffs_per_pitch": 0,
      "active_spin_percent": null
    }
  ]
}