{
  "pitcher_id": "685299",
  "pitcher_name": "Tanner Gordon",
  "mlbam_id": "685299",
  "arm_angle_source": "dataset",
  "pitches": [
    {
      "code": "FF",
      "title": "four-seam fastball",
      "color": "#D22D49",
      "count": 7,
      "pitch_percent": 0.3888888888888889,
      "rhh_percent": 0.5,
      "lhh_percent": 0.25,
      "start_speed": 93.84285714285714,
      "max_start_speed": 94.6,
      "ivb": 16.642857142857146,
      "hb": 9.842857142857143,
      "release_pos_z": 6.303110607731779,
      "release_pos_x": 2.6277096421174138,
      "extension": 6.227373529280604,
      "pitches": 67,
      "whiffs": 6,
      "swings": 34,
      "spin_rate": 2229,
      "swing_miss_percent": 17.6,
      "arm_angle": null,
      "barrels_per_pa_percent": 4.761904761904762,
      "hardhit_percent": 38.46153846153847,
      "whiffs_per_pitch": 0.08955223880597014,
      "active_spin_percent": null
    },
    {
      "code": "SL",
      "title": "slider",
      "color": "#EEE716",
      "count": 6,
      "pitch_percent": 0.3333333333333333,
      "rhh_percent": 0.4,
      "lhh_percent": 0.25,
      "start_speed": 86.61666666666666,
      "max_start_speed": 89.1,
      "ivb": 4.216666666666667,
      "hb": -2.766666666666666,
      "release_pos_z": 6.204052284271714,
      "release_pos_x": 2.79441693172827,
      "extension": 6.063693652835937,
      "pitches": 41,
      "whiffs": 5,
      "swings": 19,
      "spin_rate": 2173,
      "swing_miss_percent": 26.3,
      "arm_angle": null,
      "barrels_per_pa_percent": 11.11111111111111,
      "hardhit_percent": 33.33333333333333,
      "whiffs_per_pitch": 0.12195121951219512,
      "active_spin_percent": null
    },
    {
      "code": "CH",
      "title": "changeup",
      "color": "#1DBF3A",
      "count": 5,
      "pitch_percent": 0.2777777777777778,
      "rhh_percent": 0.1,
      "lhh_percent": 0.5,
      "start_speed": 85.25999999999999,
      "max_start_speed": 85.8,
      "ivb": 11,
      "hb": 13.960000000000003,
      "release_pos_z": 6.288223912886492,
      "release_pos_x": 2.706377022249317,
      "extension": 6.242227340038076,
      "pitches": 30,
      "whiffs": 6,
      "swings": 20,
      "spin_rate": 2092,
      "swing_miss_percent": 30,
      "arm_angle": null,
      "barrels_per_pa_percent": 11.11111111111111,
      "hardhit_percent": 14.285714285714285,
      "whiffs_per_pitch": 0.2,
      "active_spin_percent": null
    }
  ]
}