{
  "pitcher_id": "685464",
  "pitcher_name": "Cade Winquest",
  "mlbam_id": "685464",
  "arm_angle_source": "dataset",
  "pitches": [
    {
      "code": "FF",
      "title": "four-seam fastball",
      "color": "#D22D49",
      "count": 7,
      "pitch_percent": 0.3684210526315789,
      "rhh_percent": 0.25,
      "lhh_percent": 0.45454545454545453,
      "start_speed": 94.24285714285715,
      "max_start_speed": 95,
      "ivb": 16.47142857142857,
      "hb": 4.757142857142857,
      "release_pos_z": 5.3646892873897665,
      "release_pos_x": 0.8711923304482553,
      "extension": 6.748976959900909,
      "pitches": 7,
      "whiffs": 1,
      "swings": 2,
      "spin_rate": 2428,
      "swing_miss_percent": 50,
      "arm_angle": null,
      "barrels_per_pa_percent": 0,
      "hardhit_percent": 100,
      "whiffs_per_pitch": 0.14285714285714285,
      "active_spin_percent": null
    },
    {
      "code": "SI",
      "title": "sinker",
      "color": "#FE9E00",
      "count": 6,
      "pitch_percent": 0.3157894736842105,
      "rhh_percent": 0.625,
      "lhh_percent": 0.09090909090909091,
      "start_speed": 94.68333333333334,
      "max_start_speed": 95.8,
      "ivb": 9.25,
      "hb": 14.783333333333333,
      "release_pos_z": 5.195597346805843,
      "release_pos_x": 1.172650356682366,
      "extension": 6.710782990458068,
      "pitches": 6,
      "whiffs": 1,
      "swings": 4,
      "spin_rate": 2414,
      "swing_miss_percent": 25,
      "arm_angle": null,
      "barrels_per_pa_percent": 50,
      "hardhit_percent": 50,
      "whiffs_per_pitch": 0.16666666666666666,
      "active_spin_percent": null
    },
    {
      "code": "CU",
      "title": "curveball",
      "color": "#00D2ED",
      "count": 5,
      "pitch_percent": 0.2631578947368421,
      "rhh_percent": 0.125,
      "lhh_percent": 0.36363636363636365,
      "start_speed": 76.94000000000001,
      "max_start_speed": 77.3,
      "ivb": -12.819999999999999,
      "hb": -10.7,
      "release_pos_z": 5.199898113443399,
      "release_pos_x": 1.1144358550152194,
      "extension": 6.4735360729589875,
      "pitches": 5,
      "whiffs": 2,
      "swings": 3,
      "spin_rate": 2293,
      "swing_miss_percent": 66.7,
      "arm_angle": null,
      "barrels_per_pa_percent": 0,
      "hardhit_percent": 0,
      "whiffs_per_pitch": 0.4,
      "active_spin_percent": null
    },
    {
      "code": "CH",
      "title": "changeup",
      "color": "#1DBF3A",
      "count": 1,
      "pitch_percent": 0.05263157894736842,
      "rhh_percent": 0,
      "lhh_percent": 0.09090909090909091,
      "start_speed": 88.6,
      "max_start_speed": 88.6,
      "ivb": -1.8,
      "hb": 9.6,
      "release_pos_z": 5.208922982425514,
      "release_pos_x": 1.2466982415526435,
      "extension": 6.624917917184178,
      "pitches": 1,
      "whiffs": 0,
      "swings": 0,
      "spin_rate": 958,
      "swing_miss_percent": null,
      "arm_angle": null,
      "barrels_per_pa_percent": null,
      "hardhit_percent": null,
      "whiffs_per_pitch": 0,
      "active_spin_percent": null
    }
  ]
}