{
  "pitcher_id": "686294",
  "pitcher_name": "Amos Willingham",
  "mlbam_id": "686294",
  "arm_angle_source": "dataset",
  "pitches": [
    {
      "code": "FF",
      "title": "four-seam fastball",
      "color": "#D22D49",
      "count": 6,
      "pitch_percent": 0.35294117647058826,
      "rhh_percent": 0.2222222222222222,
      "lhh_percent": 0.5,
      "start_speed": 95.46666666666668,
      "max_start_speed": 96.1,
      "ivb": 18.2,
      "hb": 5.766666666666667,
      "release_pos_z": 6.141127825006099,
      "release_pos_x": 1.3801618579659045,
      "extension": 6.401697075740112,
      "pitches": 31,
      "whiffs": 3,
      "swings": 11,
      "spin_rate": 2355,
      "swing_miss_percent": 27.3,
      "arm_angle": null,
      "barrels_per_pa_percent": 28.57142857142857,
      "hardhit_percent": 80,
      "whiffs_per_pitch": 0.0967741935483871,
      "active_spin_percent": null
    },
    {
      "code": "FC",
      "title": "cutter",
      "color": "#933F2C",
      "count": 6,
      "pitch_percent": 0.35294117647058826,
      "rhh_percent": 0.3333333333333333,
      "lhh_percent": 0.375,
      "start_speed": 89.96666666666668,
      "max_start_speed": 91.2,
      "ivb": 8.316666666666666,
      "hb": -2.5,
      "release_pos_z": 6.073395144281929,
      "release_pos_x": 1.4765153711569194,
      "extension": 6.352573703687464,
      "pitches": 20,
      "whiffs": 5,
      "swings": 13,
      "spin_rate": 2277,
      "swing_miss_percent": 38.5,
      "arm_angle": null,
      "barrels_per_pa_percent": 0,
      "hardhit_percent": 33.33333333333333,
      "whiffs_per_pitch": 0.25,
      "active_spin_percent": null
    },
    {
      "code": "SL",
      "title": "slider",
      "color": "#EEE716",
      "count": 4,
      "pitch_percent": 0.23529411764705882,
      "rhh_percent": 0.4444444444444444,
      "lhh_percent": 0,
      "start_speed": 86.425,
      "max_start_speed": 87,
      "ivb": 0.8500000000000001,
      "hb": -1.3,
      "release_pos_z": 6.057047255911954,
      "release_pos_x": 1.4052508116307243,
      "extension": 6.515428489309803,
      "pitches": 9,
      "whiffs": 0,
      "swings": 2,
      "spin_rate": 2237,
      "swing_miss_percent": 0,
      "arm_angle": null,
      "barrels_per_pa_percent": 0,
      "hardhit_percent": 0,
      "whiffs_per_pitch": 0,
      "active_spin_percent": null
    },
    {
      "code": "CH",
      "title": "changeup",
      "color": "#1DBF3A",
      "count": 1,
      "pitch_percent": 0.058823529411764705,
      "rhh_percent": 0,
      "lhh_percent": 0.125,
      "start_speed": 88.1,
      "max_start_speed": 88.1,
      "ivb": 8.9,
      "hb": 13.9,
      "release_pos_z": 5.89535999620028,
      "release_pos_x": 1.251563380635528,
      "extension": 6.906123053684176,
      "pitches": 11,
      "whiffs": 4,
      "swings": 7,
      "spin_rate": 1066,
      "swing_miss_percent": 57.1,
      "arm_angle": null,
      "barrels_per_pa_percent": 16.666666666666664,
      "hardhit_percent": 100,
      "whiffs_per_pitch": 0.36363636363636365,
      "active_spin_percent": null
    }
  ]
}