{
  "pitcher_id": "686563",
  "pitcher_name": "Jonathan Cannon",
  "mlbam_id": "686563",
  "arm_angle_source": "dataset",
  "pitches": [
    {
      "code": "FF",
      "title": "four-seam fastball",
      "color": "#D22D49",
      "count": 14,
      "pitch_percent": 0.34146341463414637,
      "rhh_percent": 0.3448275862068966,
      "lhh_percent": 0.3333333333333333,
      "start_speed": 93.80714285714285,
      "max_start_speed": 95.9,
      "ivb": 13.935714285714285,
      "hb": 5.492857142857143,
      "release_pos_z": 6.005689849926632,
      "release_pos_x": 2.199847301681552,
      "extension": 6.098321730768672,
      "pitches": 44,
      "whiffs": 5,
      "swings": 22,
      "spin_rate": 2294,
      "swing_miss_percent": 22.7,
      "arm_angle": null,
      "barrels_per_pa_percent": 0,
      "hardhit_percent": 71.42857142857143,
      "whiffs_per_pitch": 0.11363636363636363,
      "active_spin_percent": null
    },
    {
      "code": "SI",
      "title": "sinker",
      "color": "#FE9E00",
      "count": 10,
      "pitch_percent": 0.24390243902439024,
      "rhh_percent": 0.3103448275862069,
      "lhh_percent": 0.08333333333333333,
      "start_speed": 93.91,
      "max_start_speed": 94.8,
      "ivb": 7.389999999999999,
      "hb": 16.34,
      "release_pos_z": 5.9342182868388855,
      "release_pos_x": 2.1840138022352447,
      "extension": 6.253498747162826,
      "pitches": 26,
      "whiffs": 2,
      "swings": 11,
      "spin_rate": 2138,
      "swing_miss_percent": 18.2,
      "arm_angle": null,
      "barrels_per_pa_percent": 11.11111111111111,
      "hardhit_percent": 33.33333333333333,
      "whiffs_per_pitch": 0.07692307692307693,
      "active_spin_percent": null
    },
    {
      "code": "ST",
      "title": "sweeper",
      "color": "#DDB43A",
      "count": 7,
      "pitch_percent": 0.17073170731707318,
      "rhh_percent": 0.20689655172413793,
      "lhh_percent": 0.08333333333333333,
      "start_speed": 84.3142857142857,
      "max_start_speed": 86.4,
      "ivb": 1.5285714285714287,
      "hb": -12.642857142857142,
      "release_pos_z": 5.882034801995297,
      "release_pos_x": 2.2599562264051998,
      "extension": 6.228645017113756,
      "pitches": 18,
      "whiffs": 2,
      "swings": 8,
      "spin_rate": 2495,
      "swing_miss_percent": 25,
      "arm_angle": null,
      "barrels_per_pa_percent": 0,
      "hardhit_percent": 0,
      "whiffs_per_pitch": 0.1111111111111111,
      "active_spin_percent": null
    },
    {
      "code": "CH",
      "title": "changeup",
      "color": "#1DBF3A",
      "count": 6,
      "pitch_percent": 0.14634146341463414,
      "rhh_percent": 0.10344827586206896,
      "lhh_percent": 0.25,
      "start_speed": 86.64999999999999,
      "max_start_speed": 87.7,
      "ivb": 1.5166666666666668,
      "hb": 14.133333333333333,
      "release_pos_z": 5.782508426427333,
      "release_pos_x": 2.303856033114264,
      "extension": 6.220884556625108,
      "pitches": 13,
      "whiffs": 2,
      "swings": 8,
      "spin_rate": 1667,
      "swing_miss_percent": 25,
      "arm_angle": null,
      "barrels_per_pa_percent": 0,
      "hardhit_percent": 50,
      "whiffs_per_pitch": 0.15384615384615385,
      "active_spin_percent": null
    },
    {
      "code": "FC",
      "title": "cutter",
      "color": "#933F2C",
      "count": 4,
      "pitch_percent": 0.0975609756097561,
      "rhh_percent": 0.034482758620689655,
      "lhh_percent": 0.25,
      "start_speed": 88.35000000000001,
      "max_start_speed": 89.8,
      "ivb": 8.275,
      "hb": -2.1,
      "release_pos_z": 5.9904713494627675,
      "release_pos_x": 2.182425456960728,
      "extension": 6.0793203576552735,
      "pitches": 6,
      "whiffs": 1,
      "swings": 3,
      "spin_rate": 2287,
      "swing_miss_percent": 33.3,
      "arm_angle": null,
      "barrels_per_pa_percent": 100,
      "hardhit_percent": 100,
      "whiffs_per_pitch": 0.16666666666666666,
      "active_spin_percent": null
    }
  ]
}