{
  "pitcher_id": "686560",
  "pitcher_name": "Gavin Collyer",
  "mlbam_id": "686560",
  "arm_angle_source": "dataset",
  "pitches": [
    {
      "code": "FC",
      "title": "cutter",
      "color": "#933F2C",
      "count": 9,
      "pitch_percent": 0.5,
      "rhh_percent": 0.4444444444444444,
      "lhh_percent": 0.5555555555555556,
      "start_speed": 91.45555555555556,
      "max_start_speed": 92.9,
      "ivb": 4.7333333333333325,
      "hb": -0.6000000000000001,
      "release_pos_z": 4.984015364546063,
      "release_pos_x": 4.1582705915014,
      "extension": 6.172111788220693,
      "pitches": 26,
      "whiffs": 4,
      "swings": 13,
      "spin_rate": 2624,
      "swing_miss_percent": 30.8,
      "arm_angle": null,
      "barrels_per_pa_percent": 22.22222222222222,
      "hardhit_percent": 57.14285714285714,
      "whiffs_per_pitch": 0.15384615384615385,
      "active_spin_percent": null
    },
    {
      "code": "SI",
      "title": "sinker",
      "color": "#FE9E00",
      "count": 9,
      "pitch_percent": 0.5,
      "rhh_percent": 0.5555555555555556,
      "lhh_percent": 0.4444444444444444,
      "start_speed": 96.7888888888889,
      "max_start_speed": 98.4,
      "ivb": 9.222222222222223,
      "hb": 10.422222222222224,
      "release_pos_z": 5.108643486452386,
      "release_pos_x": 4.053132063085363,
      "extension": 6.224574442068171,
      "pitches": 7,
      "whiffs": 1,
      "swings": 3,
      "spin_rate": 2464,
      "swing_miss_percent": 33.3,
      "arm_angle": null,
      "barrels_per_pa_percent": null,
      "hardhit_percent": null,
      "whiffs_per_pitch": 0.14285714285714285,
      "active_spin_percent": null
    }
  ]
}