{
  "pitcher_id": "686701",
  "pitcher_name": "Ryan Bergert",
  "mlbam_id": "686701",
  "arm_angle_source": "dataset",
  "pitches": [
    {
      "code": "FF",
      "title": "four-seam fastball",
      "color": "#D22D49",
      "count": 4,
      "pitch_percent": 0.3333333333333333,
      "rhh_percent": 0,
      "lhh_percent": 0.6666666666666666,
      "start_speed": 95.625,
      "max_start_speed": 96.2,
      "ivb": 17.85,
      "hb": 9.025,
      "release_pos_z": 5.997633860287682,
      "release_pos_x": 1.7416121399459192,
      "extension": 6.201691844057591,
      "pitches": 58,
      "whiffs": 7,
      "swings": 28,
      "spin_rate": 2375,
      "swing_miss_percent": 25,
      "arm_angle": null,
      "barrels_per_pa_percent": 9.090909090909092,
      "hardhit_percent": 46.666666666666664,
      "whiffs_per_pitch": 0.1206896551724138,
      "active_spin_percent": null
    },
    {
      "code": "SL",
      "title": "slider",
      "color": "#EEE716",
      "count": 3,
      "pitch_percent": 0.25,
      "rhh_percent": 0.5,
      "lhh_percent": 0,
      "start_speed": 88.5,
      "max_start_speed": 88.6,
      "ivb": 2.433333333333333,
      "hb": -2.3,
      "release_pos_z": 5.966206125431699,
      "release_pos_x": 1.7866973535506485,
      "extension": 6.171417445205641,
      "pitches": 46,
      "whiffs": 12,
      "swings": 26,
      "spin_rate": 2615,
      "swing_miss_percent": 46.2,
      "arm_angle": null,
      "barrels_per_pa_percent": 11.11111111111111,
      "hardhit_percent": 42.857142857142854,
      "whiffs_per_pitch": 0.2608695652173913,
      "active_spin_percent": null
    },
    {
      "code": "ST",
      "title": "sweeper",
      "color": "#DDB43A",
      "count": 2,
      "pitch_percent": 0.16666666666666666,
      "rhh_percent": 0.16666666666666666,
      "lhh_percent": 0.16666666666666666,
      "start_speed": 83.65,
      "max_start_speed": 84,
      "ivb": 1.35,
      "hb": -12.05,
      "release_pos_z": 5.832554755929762,
      "release_pos_x": 2.1134548588315623,
      "extension": 6.199224564142733,
      "pitches": 14,
      "whiffs": 3,
      "swings": 8,
      "spin_rate": 2582,
      "swing_miss_percent": 37.5,
      "arm_angle": null,
      "barrels_per_pa_percent": 20,
      "hardhit_percent": 66.66666666666666,
      "whiffs_per_pitch": 0.21428571428571427,
      "active_spin_percent": null
    },
    {
      "code": "SI",
      "title": "sinker",
      "color": "#FE9E00",
      "count": 2,
      "pitch_percent": 0.16666666666666666,
      "rhh_percent": 0.3333333333333333,
      "lhh_percent": 0,
      "start_speed": 94.15,
      "max_start_speed": 94.4,
      "ivb": 12.6,
      "hb": 16.2,
      "release_pos_z": 5.684317164697431,
      "release_pos_x": 2.0069239121839026,
      "extension": 6.2841514625722095,
      "pitches": 13,
      "whiffs": 1,
      "swings": 8,
      "spin_rate": 2318,
      "swing_miss_percent": 12.5,
      "arm_angle": null,
      "barrels_per_pa_percent": 0,
      "hardhit_percent": 66.66666666666666,
      "whiffs_per_pitch": 0.07692307692307693,
      "active_spin_percent": null
    },
    {
      "code": "CH",
      "title": "changeup",
      "color": "#1DBF3A",
      "count": 1,
      "pitch_percent": 0.08333333333333333,
      "rhh_percent": 0,
      "lhh_percent": 0.16666666666666666,
      "start_speed": 89.8,
      "max_start_speed": 89.8,
      "ivb": 5.5,
      "hb": 15.1,
      "release_pos_z": 5.615630894017902,
      "release_pos_x": 2.182507843194114,
      "extension": 6.229159678022988,
      "pitches": 17,
      "whiffs": 3,
      "swings": 8,
      "spin_rate": 1351,
      "swing_miss_percent": 37.5,
      "arm_angle": null,
      "barrels_per_pa_percent": 0,
      "hardhit_percent": 50,
      "whiffs_per_pitch": 0.17647058823529413,
      "active_spin_percent": null
    }
  ]
}