{
  "pitcher_id": "686972",
  "pitcher_name": "Cole Waites",
  "mlbam_id": "686972",
  "arm_angle_source": "dataset",
  "pitches": [
    {
      "code": "FF",
      "title": "four-seam fastball",
      "color": "#D22D49",
      "count": 16,
      "pitch_percent": 0.6153846153846154,
      "rhh_percent": 0.6,
      "lhh_percent": 0.6666666666666666,
      "start_speed": 92.60624999999999,
      "max_start_speed": 94.6,
      "ivb": 17.168750000000006,
      "hb": 4.8687499999999995,
      "release_pos_z": 5.195555217142438,
      "release_pos_x": 1.8655926454190912,
      "extension": 6.805768228009521,
      "pitches": 16,
      "whiffs": 1,
      "swings": 4,
      "spin_rate": 2312,
      "swing_miss_percent": 25,
      "arm_angle": null,
      "barrels_per_pa_percent": 20,
      "hardhit_percent": 100,
      "whiffs_per_pitch": 0.0625,
      "active_spin_percent": null
    },
    {
      "code": "SL",
      "title": "slider",
      "color": "#EEE716",
      "count": 10,
      "pitch_percent": 0.38461538461538464,
      "rhh_percent": 0.4,
      "lhh_percent": 0.3333333333333333,
      "start_speed": 82.54999999999998,
      "max_start_speed": 83.7,
      "ivb": 0.52,
      "hb": -5.430000000000001,
      "release_pos_z": 4.983141810129451,
      "release_pos_x": 2.0639356091416814,
      "extension": 6.681054924808981,
      "pitches": 10,
      "whiffs": 3,
      "swings": 5,
      "spin_rate": 2053,
      "swing_miss_percent": 60,
      "arm_angle": null,
      "barrels_per_pa_percent": null,
      "hardhit_percent": null,
      "whiffs_per_pitch": 0.3,
      "active_spin_percent": null
    }
  ]
}