{
  "pitcher_id": "687064",
  "pitcher_name": "Brandon Young",
  "mlbam_id": "687064",
  "arm_angle_source": "dataset",
  "pitches": [
    {
      "code": "FF",
      "title": "four-seam fastball",
      "color": "#D22D49",
      "count": 9,
      "pitch_percent": 0.34615384615384615,
      "rhh_percent": 0.23076923076923078,
      "lhh_percent": 0.46153846153846156,
      "start_speed": 92.93333333333334,
      "max_start_speed": 93.6,
      "ivb": 17.599999999999998,
      "hb": 4.388888888888888,
      "release_pos_z": 6.146715127151121,
      "release_pos_x": 0.9766725769375267,
      "extension": 6.387528801949213,
      "pitches": 18,
      "whiffs": 2,
      "swings": 9,
      "spin_rate": 2151,
      "swing_miss_percent": 22.2,
      "arm_angle": null,
      "barrels_per_pa_percent": 0,
      "hardhit_percent": 0,
      "whiffs_per_pitch": 0.1111111111111111,
      "active_spin_percent": null
    },
    {
      "code": "SL",
      "title": "slider",
      "color": "#EEE716",
      "count": 9,
      "pitch_percent": 0.34615384615384615,
      "rhh_percent": 0.5384615384615384,
      "lhh_percent": 0.15384615384615385,
      "start_speed": 83.3,
      "max_start_speed": 84.8,
      "ivb": 2.466666666666667,
      "hb": -2.7444444444444445,
      "release_pos_z": 6.224582618532761,
      "release_pos_x": 0.9053391222408403,
      "extension": 6.0925832233093296,
      "pitches": 13,
      "whiffs": 2,
      "swings": 8,
      "spin_rate": 2170,
      "swing_miss_percent": 25,
      "arm_angle": null,
      "barrels_per_pa_percent": 0,
      "hardhit_percent": 66.66666666666666,
      "whiffs_per_pitch": 0.15384615384615385,
      "active_spin_percent": null
    },
    {
      "code": "FS",
      "title": "splitter",
      "color": "#3BACAC",
      "count": 4,
      "pitch_percent": 0.15384615384615385,
      "rhh_percent": 0,
      "lhh_percent": 0.3076923076923077,
      "start_speed": 86.525,
      "max_start_speed": 87.9,
      "ivb": 1.15,
      "hb": 9.825,
      "release_pos_z": 6.103516523463387,
      "release_pos_x": 1.1385258470899602,
      "extension": 6.395486659822088,
      "pitches": 10,
      "whiffs": 1,
      "swings": 8,
      "spin_rate": 1525,
      "swing_miss_percent": 12.5,
      "arm_angle": null,
      "barrels_per_pa_percent": 0,
      "hardhit_percent": 50,
      "whiffs_per_pitch": 0.1,
      "active_spin_percent": null
    },
    {
      "code": "SI",
      "title": "sinker",
      "color": "#FE9E00",
      "count": 3,
      "pitch_percent": 0.11538461538461539,
      "rhh_percent": 0.23076923076923078,
      "lhh_percent": 0,
      "start_speed": 91.73333333333333,
      "max_start_speed": 92.8,
      "ivb": 14.299999999999999,
      "hb": 13.533333333333331,
      "release_pos_z": 6.067376117994754,
      "release_pos_x": 0.9646977866109107,
      "extension": 6.3857162827053715,
      "pitches": 3,
      "whiffs": 1,
      "swings": 2,
      "spin_rate": 2040,
      "swing_miss_percent": 50,
      "arm_angle": null,
      "barrels_per_pa_percent": 100,
      "hardhit_percent": 100,
      "whiffs_per_pitch": 0.3333333333333333,
      "active_spin_percent": null
    },
    {
      "code": "CU",
      "title": "curveball",
      "color": "#00D2ED",
      "count": 1,
      "pitch_percent": 0.038461538461538464,
      "rhh_percent": 0,
      "lhh_percent": 0.07692307692307693,
      "start_speed": 74.3,
      "max_start_speed": 74.3,
      "ivb": -16.8,
      "hb": -9.7,
      "release_pos_z": 6.249045590871096,
      "release_pos_x": 0.9883171629992312,
      "extension": 6.104028526202195,
      "pitches": 2,
      "whiffs": 0,
      "swings": 1,
      "spin_rate": 2751,
      "swing_miss_percent": 0,
      "arm_angle": null,
      "barrels_per_pa_percent": 0,
      "hardhit_percent": 0,
      "whiffs_per_pitch": 0,
      "active_spin_percent": null
    }
  ]
}