{
  "pitcher_id": "687239",
  "pitcher_name": "Ben Peoples",
  "mlbam_id": "687239",
  "arm_angle_source": "dataset",
  "pitches": [
    {
      "code": "FF",
      "title": "four-seam fastball",
      "color": "#D22D49",
      "count": 11,
      "pitch_percent": 0.6470588235294118,
      "rhh_percent": 0.6363636363636364,
      "lhh_percent": 0.6666666666666666,
      "start_speed": 95.08181818181819,
      "max_start_speed": 96.1,
      "ivb": 16.736363636363635,
      "hb": 0.2727272727272727,
      "release_pos_z": 6.180280263797954,
      "release_pos_x": 0.7750022056836507,
      "extension": 6.596284990315829,
      "pitches": 69,
      "whiffs": 6,
      "swings": 30,
      "spin_rate": 2346,
      "swing_miss_percent": 20,
      "arm_angle": null,
      "barrels_per_pa_percent": 0,
      "hardhit_percent": 35.714285714285715,
      "whiffs_per_pitch": 0.08695652173913043,
      "active_spin_percent": null
    },
    {
      "code": "SL",
      "title": "slider",
      "color": "#EEE716",
      "count": 6,
      "pitch_percent": 0.35294117647058826,
      "rhh_percent": 0.36363636363636365,
      "lhh_percent": 0.3333333333333333,
      "start_speed": 88.78333333333332,
      "max_start_speed": 89.6,
      "ivb": 4.283333333333333,
      "hb": -4.916666666666667,
      "release_pos_z": 6.14421707699564,
      "release_pos_x": 1.017780946296121,
      "extension": 6.553652450355741,
      "pitches": 38,
      "whiffs": 9,
      "swings": 18,
      "spin_rate": 2379,
      "swing_miss_percent": 50,
      "arm_angle": null,
      "barrels_per_pa_percent": 0,
      "hardhit_percent": 0,
      "whiffs_per_pitch": 0.23684210526315788,
      "active_spin_percent": null
    }
  ]
}