{
  "pitcher_id": "687223",
  "pitcher_name": "Carson Palmquist",
  "mlbam_id": "687223",
  "arm_angle_source": "dataset",
  "pitches": [
    {
      "code": "FF",
      "title": "four-seam fastball",
      "color": "#D22D49",
      "count": 12,
      "pitch_percent": 0.631578947368421,
      "rhh_percent": 0.631578947368421,
      "lhh_percent": null,
      "start_speed": 91.05833333333334,
      "max_start_speed": 92.6,
      "ivb": 11.725,
      "hb": 13.966666666666667,
      "release_pos_z": 4.947295278797739,
      "release_pos_x": 3.2072069142968824,
      "extension": 7.529134777580435,
      "pitches": 36,
      "whiffs": 3,
      "swings": 17,
      "spin_rate": 2118,
      "swing_miss_percent": 17.6,
      "arm_angle": null,
      "barrels_per_pa_percent": 10,
      "hardhit_percent": 71.42857142857143,
      "whiffs_per_pitch": 0.08333333333333333,
      "active_spin_percent": null
    },
    {
      "code": "ST",
      "title": "sweeper",
      "color": "#DDB43A",
      "count": 7,
      "pitch_percent": 0.3684210526315789,
      "rhh_percent": 0.3684210526315789,
      "lhh_percent": null,
      "start_speed": 77.02857142857142,
      "max_start_speed": 78.5,
      "ivb": 2.514285714285714,
      "hb": -6.9,
      "release_pos_z": 5.088520314144523,
      "release_pos_x": 2.933640839206862,
      "extension": 7.582206767869076,
      "pitches": 16,
      "whiffs": 4,
      "swings": 8,
      "spin_rate": 2028,
      "swing_miss_percent": 50,
      "arm_angle": null,
      "barrels_per_pa_percent": 50,
      "hardhit_percent": 100,
      "whiffs_per_pitch": 0.25,
      "active_spin_percent": null
    }
  ]
}