{
  "pitcher_id": "687273",
  "pitcher_name": "Quinn Mathews",
  "mlbam_id": "687273",
  "arm_angle_source": "dataset",
  "pitches": [
    {
      "code": "FF",
      "title": "four-seam fastball",
      "color": "#D22D49",
      "count": 16,
      "pitch_percent": 0.3902439024390244,
      "rhh_percent": 0.34782608695652173,
      "lhh_percent": 0.4444444444444444,
      "start_speed": 95.47500000000001,
      "max_start_speed": 96.7,
      "ivb": 15.825,
      "hb": 3.5500000000000003,
      "release_pos_z": 5.567188138705135,
      "release_pos_x": 1.3018437964613483,
      "extension": 6.463720337243049,
      "pitches": 16,
      "whiffs": 2,
      "swings": 5,
      "spin_rate": 2076,
      "swing_miss_percent": 40,
      "arm_angle": null,
      "barrels_per_pa_percent": 0,
      "hardhit_percent": 0,
      "whiffs_per_pitch": 0.125,
      "active_spin_percent": null
    },
    {
      "code": "CH",
      "title": "changeup",
      "color": "#1DBF3A",
      "count": 9,
      "pitch_percent": 0.21951219512195122,
      "rhh_percent": 0.391304347826087,
      "lhh_percent": 0,
      "start_speed": 83.21111111111111,
      "max_start_speed": 84.5,
      "ivb": 5.188888888888889,
      "hb": 9.355555555555556,
      "release_pos_z": 5.3937438505114965,
      "release_pos_x": 1.6184063459875113,
      "extension": 6.201733929445552,
      "pitches": 9,
      "whiffs": 1,
      "swings": 4,
      "spin_rate": 1363,
      "swing_miss_percent": 25,
      "arm_angle": null,
      "barrels_per_pa_percent": 0,
      "hardhit_percent": 0,
      "whiffs_per_pitch": 0.1111111111111111,
      "active_spin_percent": null
    },
    {
      "code": "SL",
      "title": "slider",
      "color": "#EEE716",
      "count": 8,
      "pitch_percent": 0.1951219512195122,
      "rhh_percent": 0,
      "lhh_percent": 0.4444444444444444,
      "start_speed": 88.05,
      "max_start_speed": 89.4,
      "ivb": 2.0124999999999997,
      "hb": -5.7,
      "release_pos_z": 5.537635273931046,
      "release_pos_x": 1.3083814484565859,
      "extension": 6.424382868911799,
      "pitches": 8,
      "whiffs": 1,
      "swings": 3,
      "spin_rate": 2228,
      "swing_miss_percent": 33.3,
      "arm_angle": null,
      "barrels_per_pa_percent": null,
      "hardhit_percent": null,
      "whiffs_per_pitch": 0.125,
      "active_spin_percent": null
    },
    {
      "code": "CU",
      "title": "curveball",
      "color": "#00D2ED",
      "count": 6,
      "pitch_percent": 0.14634146341463414,
      "rhh_percent": 0.2608695652173913,
      "lhh_percent": 0,
      "start_speed": 77.26666666666667,
      "max_start_speed": 79.3,
      "ivb": -11.016666666666666,
      "hb": -9.166666666666666,
      "release_pos_z": 5.754193749714374,
      "release_pos_x": 1.040204226468371,
      "extension": 6.198463930284228,
      "pitches": 6,
      "whiffs": 0,
      "swings": 2,
      "spin_rate": 2358,
      "swing_miss_percent": 0,
      "arm_angle": null,
      "barrels_per_pa_percent": 0,
      "hardhit_percent": 0,
      "whiffs_per_pitch": 0,
      "active_spin_percent": null
    },
    {
      "code": "SI",
      "title": "sinker",
      "color": "#FE9E00",
      "count": 2,
      "pitch_percent": 0.04878048780487805,
      "rhh_percent": 0,
      "lhh_percent": 0.1111111111111111,
      "start_speed": 95.3,
      "max_start_speed": 95.8,
      "ivb": 9.95,
      "hb": 11,
      "release_pos_z": 5.5475631675980335,
      "release_pos_x": 1.4585174792499127,
      "extension": 6.3075424372894835,
      "pitches": 2,
      "whiffs": 0,
      "swings": 1,
      "spin_rate": 2088,
      "swing_miss_percent": 0,
      "arm_angle": null,
      "barrels_per_pa_percent": null,
      "hardhit_percent": null,
      "whiffs_per_pitch": 0,
      "active_spin_percent": null
    }
  ]
}