{
  "pitcher_id": "687473",
  "pitcher_name": "Ryan Gusto",
  "mlbam_id": "687473",
  "arm_angle_source": "dataset",
  "pitches": [
    {
      "code": "CU",
      "title": "curveball",
      "color": "#00D2ED",
      "count": 5,
      "pitch_percent": 0.2777777777777778,
      "rhh_percent": 0.2857142857142857,
      "lhh_percent": 0.2727272727272727,
      "start_speed": 79.99999999999999,
      "max_start_speed": 81.6,
      "ivb": -12.260000000000002,
      "hb": -8.42,
      "release_pos_z": 6.117288867650162,
      "release_pos_x": 2.3133509104469807,
      "extension": 6.649625242168646,
      "pitches": 5,
      "whiffs": 0,
      "swings": 4,
      "spin_rate": 2582,
      "swing_miss_percent": 0,
      "arm_angle": null,
      "barrels_per_pa_percent": 0,
      "hardhit_percent": 50,
      "whiffs_per_pitch": 0,
      "active_spin_percent": null
    },
    {
      "code": "FF",
      "title": "four-seam fastball",
      "color": "#D22D49",
      "count": 3,
      "pitch_percent": 0.16666666666666666,
      "rhh_percent": 0.14285714285714285,
      "lhh_percent": 0.18181818181818182,
      "start_speed": 94.63333333333333,
      "max_start_speed": 95,
      "ivb": 17.133333333333333,
      "hb": 3.033333333333333,
      "release_pos_z": 6.050578076323632,
      "release_pos_x": 2.3180864673844557,
      "extension": 6.770163035714481,
      "pitches": 3,
      "whiffs": 1,
      "swings": 1,
      "spin_rate": 2344,
      "swing_miss_percent": 100,
      "arm_angle": null,
      "barrels_per_pa_percent": null,
      "hardhit_percent": null,
      "whiffs_per_pitch": 0.3333333333333333,
      "active_spin_percent": null
    },
    {
      "code": "FC",
      "title": "cutter",
      "color": "#933F2C",
      "count": 3,
      "pitch_percent": 0.16666666666666666,
      "rhh_percent": 0,
      "lhh_percent": 0.2727272727272727,
      "start_speed": 90.13333333333333,
      "max_start_speed": 90.7,
      "ivb": 10.499999999999998,
      "hb": -3.4,
      "release_pos_z": 6.041203545680531,
      "release_pos_x": 2.4040311123873823,
      "extension": 6.212258917398148,
      "pitches": 3,
      "whiffs": 0,
      "swings": 2,
      "spin_rate": 2318,
      "swing_miss_percent": 0,
      "arm_angle": null,
      "barrels_per_pa_percent": null,
      "hardhit_percent": null,
      "whiffs_per_pitch": 0,
      "active_spin_percent": null
    },
    {
      "code": "CH",
      "title": "changeup",
      "color": "#1DBF3A",
      "count": 3,
      "pitch_percent": 0.16666666666666666,
      "rhh_percent": 0,
      "lhh_percent": 0.2727272727272727,
      "start_speed": 88.5,
      "max_start_speed": 89.2,
      "ivb": 4.833333333333333,
      "hb": 14,
      "release_pos_z": 6.079680087593836,
      "release_pos_x": 2.3124977020226587,
      "extension": 7.334794907034724,
      "pitches": 3,
      "whiffs": 0,
      "swings": 1,
      "spin_rate": 1166,
      "swing_miss_percent": 0,
      "arm_angle": null,
      "barrels_per_pa_percent": 0,
      "hardhit_percent": 0,
      "whiffs_per_pitch": 0,
      "active_spin_percent": null
    },
    {
      "code": "ST",
      "title": "sweeper",
      "color": "#DDB43A",
      "count": 2,
      "pitch_percent": 0.1111111111111111,
      "rhh_percent": 0.2857142857142857,
      "lhh_percent": 0,
      "start_speed": 81.45,
      "max_start_speed": 81.9,
      "ivb": -2.2,
      "hb": -11.85,
      "release_pos_z": 5.931287262610494,
      "release_pos_x": 2.567741936977717,
      "extension": 6.504183746890929,
      "pitches": 2,
      "whiffs": 0,
      "swings": 0,
      "spin_rate": 2445,
      "swing_miss_percent": null,
      "arm_angle": null,
      "barrels_per_pa_percent": null,
      "hardhit_percent": null,
      "whiffs_per_pitch": 0,
      "active_spin_percent": null
    },
    {
      "code": "SI",
      "title": "sinker",
      "color": "#FE9E00",
      "count": 2,
      "pitch_percent": 0.1111111111111111,
      "rhh_percent": 0.2857142857142857,
      "lhh_percent": 0,
      "start_speed": 94,
      "max_start_speed": 94.2,
      "ivb": 7.5,
      "hb": 16.799999999999997,
      "release_pos_z": 5.884270735122729,
      "release_pos_x": 2.555820605707045,
      "extension": 6.555805020275874,
      "pitches": 2,
      "whiffs": 0,
      "swings": 0,
      "spin_rate": 2152,
      "swing_miss_percent": null,
      "arm_angle": null,
      "barrels_per_pa_percent": null,
      "hardhit_percent": null,
      "whiffs_per_pitch": 0,
      "active_spin_percent": null
    }
  ]
}