{
  "pitcher_id": "687593",
  "pitcher_name": "Hunter Patteson",
  "mlbam_id": "687593",
  "arm_angle_source": "dataset",
  "pitches": [
    {
      "code": "SI",
      "title": "sinker",
      "color": "#FE9E00",
      "count": 9,
      "pitch_percent": 0.45,
      "rhh_percent": 0.5294117647058824,
      "lhh_percent": 0,
      "start_speed": 91.84444444444445,
      "max_start_speed": 92.7,
      "ivb": 14.944444444444445,
      "hb": 12.52222222222222,
      "release_pos_z": 5.953574396622882,
      "release_pos_x": 1.4155675084708808,
      "extension": 6.058884387907963,
      "active_spin_percent": null
    },
    {
      "code": "SL",
      "title": "slider",
      "color": "#EEE716",
      "count": 3,
      "pitch_percent": 0.15,
      "rhh_percent": 0.17647058823529413,
      "lhh_percent": 0,
      "start_speed": 76.39999999999999,
      "max_start_speed": 76.8,
      "ivb": -7.333333333333333,
      "hb": -0.6,
      "release_pos_z": 5.977302932220815,
      "release_pos_x": 1.4348786637517739,
      "extension": 6.119610961595877,
      "pitches": 31,
      "whiffs": 8,
      "swings": 15,
      "spin_rate": 2364,
      "swing_miss_percent": 53.3,
      "arm_angle": null,
      "barrels_per_pa_percent": 0,
      "hardhit_percent": 50,
      "whiffs_per_pitch": 0.25806451612903225,
      "active_spin_percent": null
    },
    {
      "code": "FC",
      "title": "cutter",
      "color": "#933F2C",
      "count": 3,
      "pitch_percent": 0.15,
      "rhh_percent": 0.058823529411764705,
      "lhh_percent": 0.6666666666666666,
      "start_speed": 82.96666666666668,
      "max_start_speed": 84.7,
      "ivb": 6.366666666666667,
      "hb": 0.39999999999999997,
      "release_pos_z": 5.861709581670827,
      "release_pos_x": 1.6312129061718694,
      "extension": 5.978920847783745,
      "active_spin_percent": null
    },
    {
      "code": "CH",
      "title": "changeup",
      "color": "#1DBF3A",
      "count": 3,
      "pitch_percent": 0.15,
      "rhh_percent": 0.17647058823529413,
      "lhh_percent": 0,
      "start_speed": 85.2,
      "max_start_speed": 85.9,
      "ivb": 9.333333333333334,
      "hb": 13.466666666666669,
      "release_pos_z": 5.865222341162276,
      "release_pos_x": 1.568175798462151,
      "extension": 6.162105776929235,
      "pitches": 14,
      "whiffs": 0,
      "swings": 2,
      "spin_rate": 1803,
      "swing_miss_percent": 0,
      "arm_angle": null,
      "barrels_per_pa_percent": 0,
      "hardhit_percent": 0,
      "whiffs_per_pitch": 0,
      "active_spin_percent": null
    },
    {
      "code": "FF",
      "title": "four-seam fastball",
      "color": "#D22D49",
      "count": 2,
      "pitch_percent": 0.1,
      "rhh_percent": 0.058823529411764705,
      "lhh_percent": 0.3333333333333333,
      "start_speed": 92.6,
      "max_start_speed": 93.3,
      "ivb": 17.1,
      "hb": 8.75,
      "release_pos_z": 5.99283033798143,
      "release_pos_x": 1.5807440849195082,
      "extension": 6.03984190939744,
      "pitches": 55,
      "whiffs": 2,
      "swings": 29,
      "spin_rate": 2156,
      "swing_miss_percent": 6.9,
      "arm_angle": null,
      "barrels_per_pa_percent": 16,
      "hardhit_percent": 75,
      "whiffs_per_pitch": 0.03636363636363636,
      "active_spin_percent": null
    }
  ]
}