{
  "pitcher_id": "687721",
  "pitcher_name": "Cameron Weston",
  "mlbam_id": "687721",
  "arm_angle_source": "dataset",
  "pitches": [
    {
      "code": "SL",
      "title": "slider",
      "color": "#EEE716",
      "count": 10,
      "pitch_percent": 0.2702702702702703,
      "rhh_percent": 0.45454545454545453,
      "lhh_percent": 0.19230769230769232,
      "start_speed": 83.77000000000001,
      "max_start_speed": 84.8,
      "ivb": 4.220000000000001,
      "hb": -2.6799999999999997,
      "release_pos_z": 4.732839008692582,
      "release_pos_x": 1.1633251303151115,
      "extension": 6.000906855584245,
      "pitches": 10,
      "whiffs": 2,
      "swings": 5,
      "spin_rate": 2328,
      "swing_miss_percent": 40,
      "arm_angle": null,
      "barrels_per_pa_percent": null,
      "hardhit_percent": null,
      "whiffs_per_pitch": 0.2,
      "active_spin_percent": null
    },
    {
      "code": "SI",
      "title": "sinker",
      "color": "#FE9E00",
      "count": 9,
      "pitch_percent": 0.24324324324324326,
      "rhh_percent": 0.18181818181818182,
      "lhh_percent": 0.2692307692307692,
      "start_speed": 92.23333333333332,
      "max_start_speed": 93.5,
      "ivb": 5.4222222222222225,
      "hb": 19.41111111111111,
      "release_pos_z": 4.835036094004083,
      "release_pos_x": 1.256451318189607,
      "extension": 6.103019660208564,
      "pitches": 9,
      "whiffs": 1,
      "swings": 3,
      "spin_rate": 2230,
      "swing_miss_percent": 33.3,
      "arm_angle": null,
      "barrels_per_pa_percent": 100,
      "hardhit_percent": 100,
      "whiffs_per_pitch": 0.1111111111111111,
      "active_spin_percent": null
    },
    {
      "code": "FS",
      "title": "splitter",
      "color": "#3BACAC",
      "count": 7,
      "pitch_percent": 0.1891891891891892,
      "rhh_percent": 0.09090909090909091,
      "lhh_percent": 0.23076923076923078,
      "start_speed": 80.60000000000001,
      "max_start_speed": 81.9,
      "ivb": -2.3714285714285714,
      "hb": 9.342857142857143,
      "release_pos_z": 4.762527047543789,
      "release_pos_x": 1.031409126499485,
      "extension": 6.2731932507414285,
      "pitches": 7,
      "whiffs": 3,
      "swings": 4,
      "spin_rate": 838,
      "swing_miss_percent": 75,
      "arm_angle": null,
      "barrels_per_pa_percent": 0,
      "hardhit_percent": 0,
      "whiffs_per_pitch": 0.42857142857142855,
      "active_spin_percent": null
    },
    {
      "code": "ST",
      "title": "sweeper",
      "color": "#DDB43A",
      "count": 6,
      "pitch_percent": 0.16216216216216217,
      "rhh_percent": 0.18181818181818182,
      "lhh_percent": 0.15384615384615385,
      "start_speed": 76.53333333333333,
      "max_start_speed": 78,
      "ivb": 4.666666666666667,
      "hb": -12.75,
      "release_pos_z": 4.615616868379413,
      "release_pos_x": 1.2708411699585929,
      "extension": 5.923003676700728,
      "pitches": 6,
      "whiffs": 0,
      "swings": 2,
      "spin_rate": 2339,
      "swing_miss_percent": 0,
      "arm_angle": null,
      "barrels_per_pa_percent": 0,
      "hardhit_percent": 0,
      "whiffs_per_pitch": 0,
      "active_spin_percent": null
    },
    {
      "code": "FF",
      "title": "four-seam fastball",
      "color": "#D22D49",
      "count": 4,
      "pitch_percent": 0.10810810810810811,
      "rhh_percent": 0.09090909090909091,
      "lhh_percent": 0.11538461538461539,
      "start_speed": 92.75,
      "max_start_speed": 93.5,
      "ivb": 10.425,
      "hb": 13.274999999999999,
      "release_pos_z": 4.792103558603341,
      "release_pos_x": 1.2369161922774081,
      "extension": 6.027008439512064,
      "pitches": 4,
      "whiffs": 1,
      "swings": 2,
      "spin_rate": 2251,
      "swing_miss_percent": 50,
      "arm_angle": null,
      "barrels_per_pa_percent": null,
      "hardhit_percent": null,
      "whiffs_per_pitch": 0.25,
      "active_spin_percent": null
    },
    {
      "code": "CH",
      "title": "changeup",
      "color": "#1DBF3A",
      "count": 1,
      "pitch_percent": 0.02702702702702703,
      "rhh_percent": 0,
      "lhh_percent": 0.038461538461538464,
      "start_speed": 83.7,
      "max_start_speed": 83.7,
      "ivb": 1.2,
      "hb": 23.4,
      "release_pos_z": 4.456290916126,
      "release_pos_x": 1.3700039070633936,
      "extension": 6.200146841251496,
      "pitches": 1,
      "whiffs": 0,
      "swings": 0,
      "spin_rate": 2428,
      "swing_miss_percent": null,
      "arm_angle": null,
      "barrels_per_pa_percent": null,
      "hardhit_percent": null,
      "whiffs_per_pitch": 0,
      "active_spin_percent": null
    }
  ]
}