{
  "pitcher_id": "687900",
  "pitcher_name": "Andrew Baker",
  "mlbam_id": "687900",
  "arm_angle_source": "dataset",
  "pitches": [
    {
      "code": "SL",
      "title": "slider",
      "color": "#EEE716",
      "count": 11,
      "pitch_percent": 0.5,
      "rhh_percent": 0.6153846153846154,
      "lhh_percent": 0.3333333333333333,
      "start_speed": 85.89999999999999,
      "max_start_speed": 87.5,
      "ivb": -0.7818181818181817,
      "hb": -2.372727272727273,
      "release_pos_z": 6.060377310309372,
      "release_pos_x": 1.6452235448162684,
      "extension": 6.384838929853483,
      "pitches": 11,
      "whiffs": 3,
      "swings": 5,
      "spin_rate": 2250,
      "swing_miss_percent": 60,
      "arm_angle": null,
      "barrels_per_pa_percent": 0,
      "hardhit_percent": 50,
      "whiffs_per_pitch": 0.2727272727272727,
      "active_spin_percent": null
    },
    {
      "code": "FF",
      "title": "four-seam fastball",
      "color": "#D22D49",
      "count": 11,
      "pitch_percent": 0.5,
      "rhh_percent": 0.38461538461538464,
      "lhh_percent": 0.6666666666666666,
      "start_speed": 95.23636363636363,
      "max_start_speed": 96.7,
      "ivb": 15.245454545454548,
      "hb": 7.181818181818182,
      "release_pos_z": 6.1561960339891275,
      "release_pos_x": 1.460430487553748,
      "extension": 6.312664909012572,
      "pitches": 11,
      "whiffs": 0,
      "swings": 4,
      "spin_rate": 2385,
      "swing_miss_percent": 0,
      "arm_angle": null,
      "barrels_per_pa_percent": 50,
      "hardhit_percent": 100,
      "whiffs_per_pitch": 0,
      "active_spin_percent": null
    }
  ]
}