{
  "pitcher_id": "688642",
  "pitcher_name": "Zach Agnos",
  "mlbam_id": "688642",
  "arm_angle_source": "dataset",
  "pitches": [
    {
      "code": "ST",
      "title": "sweeper",
      "color": "#DDB43A",
      "count": 3,
      "pitch_percent": 0.3333333333333333,
      "rhh_percent": 0.3333333333333333,
      "lhh_percent": 0.3333333333333333,
      "start_speed": 84.53333333333335,
      "max_start_speed": 86.2,
      "ivb": -4.3999999999999995,
      "hb": -8.833333333333334,
      "release_pos_z": 5.882204033396317,
      "release_pos_x": 1.9275793887079204,
      "extension": 5.966678654206525,
      "pitches": 3,
      "whiffs": 0,
      "swings": 0,
      "spin_rate": 2377,
      "swing_miss_percent": null,
      "arm_angle": null,
      "barrels_per_pa_percent": null,
      "hardhit_percent": null,
      "whiffs_per_pitch": 0,
      "active_spin_percent": null
    },
    {
      "code": "FC",
      "title": "cutter",
      "color": "#933F2C",
      "count": 3,
      "pitch_percent": 0.3333333333333333,
      "rhh_percent": 0.3333333333333333,
      "lhh_percent": 0.3333333333333333,
      "start_speed": 92.7,
      "max_start_speed": 92.9,
      "ivb": 10.966666666666669,
      "hb": -1.6666666666666667,
      "release_pos_z": 5.905668828930069,
      "release_pos_x": 1.835739528109911,
      "extension": 6.10107780869382,
      "pitches": 3,
      "whiffs": 0,
      "swings": 1,
      "spin_rate": 2383,
      "swing_miss_percent": 0,
      "arm_angle": null,
      "barrels_per_pa_percent": 0,
      "hardhit_percent": 0,
      "whiffs_per_pitch": 0,
      "active_spin_percent": null
    },
    {
      "code": "FF",
      "title": "four-seam fastball",
      "color": "#D22D49",
      "count": 2,
      "pitch_percent": 0.2222222222222222,
      "rhh_percent": 0.3333333333333333,
      "lhh_percent": 0,
      "start_speed": 93.9,
      "max_start_speed": 93.9,
      "ivb": 7.35,
      "hb": 16.4,
      "release_pos_z": 5.77447365784749,
      "release_pos_x": 1.9566096547938827,
      "extension": 6.026552031875353,
      "pitches": 2,
      "whiffs": 1,
      "swings": 2,
      "spin_rate": 2235,
      "swing_miss_percent": 50,
      "arm_angle": null,
      "barrels_per_pa_percent": 0,
      "hardhit_percent": 100,
      "whiffs_per_pitch": 0.5,
      "active_spin_percent": null
    },
    {
      "code": "FS",
      "title": "splitter",
      "color": "#3BACAC",
      "count": 1,
      "pitch_percent": 0.1111111111111111,
      "rhh_percent": 0,
      "lhh_percent": 0.3333333333333333,
      "start_speed": 86,
      "max_start_speed": 86,
      "ivb": 1.9,
      "hb": 11.2,
      "release_pos_z": 5.796955341169243,
      "release_pos_x": 1.9960248618524978,
      "extension": 6.122156248931997,
      "pitches": 1,
      "whiffs": 0,
      "swings": 0,
      "spin_rate": 1296,
      "swing_miss_percent": null,
      "arm_angle": null,
      "barrels_per_pa_percent": null,
      "hardhit_percent": null,
      "whiffs_per_pitch": 0,
      "active_spin_percent": null
    }
  ]
}