{
  "pitcher_id": "689546",
  "pitcher_name": "Nick Davila",
  "mlbam_id": "689546",
  "arm_angle_source": "dataset",
  "pitches": [
    {
      "code": "SL",
      "title": "slider",
      "color": "#EEE716",
      "count": 15,
      "pitch_percent": 0.8333333333333334,
      "rhh_percent": 0.8333333333333334,
      "lhh_percent": null,
      "start_speed": 86.82666666666667,
      "max_start_speed": 88.4,
      "ivb": -8.22,
      "hb": -3.5599999999999996,
      "release_pos_z": 6.09594328926226,
      "release_pos_x": 1.3143186744026594,
      "extension": 6.033233932855897,
      "pitches": 32,
      "whiffs": 2,
      "swings": 10,
      "spin_rate": 2172,
      "swing_miss_percent": 20,
      "arm_angle": null,
      "barrels_per_pa_percent": 0,
      "hardhit_percent": 25,
      "whiffs_per_pitch": 0.0625,
      "active_spin_percent": null
    },
    {
      "code": "SI",
      "title": "sinker",
      "color": "#FE9E00",
      "count": 3,
      "pitch_percent": 0.16666666666666666,
      "rhh_percent": 0.16666666666666666,
      "lhh_percent": null,
      "start_speed": 95.43333333333334,
      "max_start_speed": 96.4,
      "ivb": 12.966666666666667,
      "hb": 13.4,
      "release_pos_z": 6.067130525686686,
      "release_pos_x": 1.134607329033592,
      "extension": 6.294446634393336,
      "pitches": 7,
      "whiffs": 1,
      "swings": 4,
      "spin_rate": 2106,
      "swing_miss_percent": 25,
      "arm_angle": null,
      "barrels_per_pa_percent": 0,
      "hardhit_percent": 100,
      "whiffs_per_pitch": 0.14285714285714285,
      "active_spin_percent": null
    }
  ]
}