{
  "pitcher_id": "689690",
  "pitcher_name": "Alek Jacob",
  "mlbam_id": "689690",
  "arm_angle_source": "dataset",
  "pitches": [
    {
      "code": "FF",
      "title": "four-seam fastball",
      "color": "#D22D49",
      "count": 7,
      "pitch_percent": 0.4375,
      "rhh_percent": 0,
      "lhh_percent": 0.6363636363636364,
      "start_speed": 87.81428571428572,
      "max_start_speed": 89.2,
      "ivb": 13.528571428571428,
      "hb": 16.4,
      "release_pos_z": 3.9801664022915526,
      "release_pos_x": 3.3833230398285004,
      "extension": 7.305854359673524,
      "pitches": 19,
      "whiffs": 4,
      "swings": 11,
      "spin_rate": 2410,
      "swing_miss_percent": 36.4,
      "arm_angle": null,
      "barrels_per_pa_percent": 0,
      "hardhit_percent": 0,
      "whiffs_per_pitch": 0.21052631578947367,
      "active_spin_percent": null
    },
    {
      "code": "CH",
      "title": "changeup",
      "color": "#1DBF3A",
      "count": 4,
      "pitch_percent": 0.25,
      "rhh_percent": 0.2,
      "lhh_percent": 0.2727272727272727,
      "start_speed": 74.175,
      "max_start_speed": 75.4,
      "ivb": 1.0499999999999998,
      "hb": 20.2,
      "release_pos_z": 3.9075876478603258,
      "release_pos_x": 3.087532355044868,
      "extension": 7.353868322320586,
      "pitches": 17,
      "whiffs": 5,
      "swings": 8,
      "spin_rate": 2028,
      "swing_miss_percent": 62.5,
      "arm_angle": null,
      "barrels_per_pa_percent": 0,
      "hardhit_percent": 0,
      "whiffs_per_pitch": 0.29411764705882354,
      "active_spin_percent": null
    },
    {
      "code": "SI",
      "title": "sinker",
      "color": "#FE9E00",
      "count": 3,
      "pitch_percent": 0.1875,
      "rhh_percent": 0.4,
      "lhh_percent": 0.09090909090909091,
      "start_speed": 86.43333333333332,
      "max_start_speed": 88.3,
      "ivb": 7.233333333333333,
      "hb": 19.366666666666667,
      "release_pos_z": 3.8253188297367586,
      "release_pos_x": 2.6370530274661705,
      "extension": 7.385241910261706,
      "pitches": 7,
      "whiffs": 2,
      "swings": 4,
      "spin_rate": 2309,
      "swing_miss_percent": 50,
      "arm_angle": null,
      "barrels_per_pa_percent": 0,
      "hardhit_percent": 0,
      "whiffs_per_pitch": 0.2857142857142857,
      "active_spin_percent": null
    },
    {
      "code": "ST",
      "title": "sweeper",
      "color": "#DDB43A",
      "count": 2,
      "pitch_percent": 0.125,
      "rhh_percent": 0.4,
      "lhh_percent": 0,
      "start_speed": 71.85,
      "max_start_speed": 73,
      "ivb": 3.5,
      "hb": -17.1,
      "release_pos_z": 3.8647433629170376,
      "release_pos_x": 2.3600958926268527,
      "extension": 6.953700200697121,
      "pitches": 7,
      "whiffs": 2,
      "swings": 3,
      "spin_rate": 2289,
      "swing_miss_percent": 66.7,
      "arm_angle": null,
      "barrels_per_pa_percent": null,
      "hardhit_percent": null,
      "whiffs_per_pitch": 0.2857142857142857,
      "active_spin_percent": null
    }
  ]
}