{
  "pitcher_id": "690440",
  "pitcher_name": "Bradley Hanner",
  "mlbam_id": "690440",
  "arm_angle_source": "dataset",
  "pitches": [
    {
      "code": "FF",
      "title": "four-seam fastball",
      "color": "#D22D49",
      "count": 8,
      "pitch_percent": 0.3333333333333333,
      "rhh_percent": 0.2857142857142857,
      "lhh_percent": 0.4,
      "start_speed": 92.7,
      "max_start_speed": 94.2,
      "ivb": 14.075,
      "hb": 8.45,
      "release_pos_z": 5.278149650954461,
      "release_pos_x": 2.0140687658698644,
      "extension": 6.217093888080589,
      "pitches": 41,
      "whiffs": 5,
      "swings": 22,
      "spin_rate": 2443,
      "swing_miss_percent": 22.7,
      "arm_angle": null,
      "barrels_per_pa_percent": 0,
      "hardhit_percent": 14.285714285714285,
      "whiffs_per_pitch": 0.12195121951219512,
      "active_spin_percent": null
    },
    {
      "code": "ST",
      "title": "sweeper",
      "color": "#DDB43A",
      "count": 6,
      "pitch_percent": 0.25,
      "rhh_percent": 0.2857142857142857,
      "lhh_percent": 0.2,
      "start_speed": 79.13333333333333,
      "max_start_speed": 79.6,
      "ivb": 0.11666666666666663,
      "hb": -16.366666666666664,
      "release_pos_z": 5.076591227482691,
      "release_pos_x": 2.253915667274162,
      "extension": 6.1572580070467255,
      "pitches": 40,
      "whiffs": 4,
      "swings": 20,
      "spin_rate": 3030,
      "swing_miss_percent": 20,
      "arm_angle": null,
      "barrels_per_pa_percent": 16.666666666666664,
      "hardhit_percent": 20,
      "whiffs_per_pitch": 0.1,
      "active_spin_percent": null
    },
    {
      "code": "SI",
      "title": "sinker",
      "color": "#FE9E00",
      "count": 6,
      "pitch_percent": 0.25,
      "rhh_percent": 0.42857142857142855,
      "lhh_percent": 0,
      "start_speed": 92.71666666666668,
      "max_start_speed": 94.2,
      "ivb": 7.25,
      "hb": 16.150000000000002,
      "release_pos_z": 5.247347911587885,
      "release_pos_x": 2.037425064043853,
      "extension": 6.27460051108559,
      "pitches": 35,
      "whiffs": 2,
      "swings": 15,
      "spin_rate": 2384,
      "swing_miss_percent": 13.3,
      "arm_angle": null,
      "barrels_per_pa_percent": 0,
      "hardhit_percent": 37.5,
      "whiffs_per_pitch": 0.05714285714285714,
      "active_spin_percent": null
    },
    {
      "code": "FC",
      "title": "cutter",
      "color": "#933F2C",
      "count": 3,
      "pitch_percent": 0.125,
      "rhh_percent": 0,
      "lhh_percent": 0.3,
      "start_speed": 87.2,
      "max_start_speed": 87.3,
      "ivb": 5.166666666666667,
      "hb": -3.3666666666666667,
      "release_pos_z": 5.245637829458274,
      "release_pos_x": 2.1866746451434116,
      "extension": 6.170721777288203,
      "pitches": 21,
      "whiffs": 2,
      "swings": 5,
      "spin_rate": 2598,
      "swing_miss_percent": 40,
      "arm_angle": null,
      "barrels_per_pa_percent": 0,
      "hardhit_percent": 0,
      "whiffs_per_pitch": 0.09523809523809523,
      "active_spin_percent": null
    },
    {
      "code": "CH",
      "title": "changeup",
      "color": "#1DBF3A",
      "count": 1,
      "pitch_percent": 0.041666666666666664,
      "rhh_percent": 0,
      "lhh_percent": 0.1,
      "start_speed": 84.4,
      "max_start_speed": 84.4,
      "ivb": 3.4,
      "hb": 17.8,
      "release_pos_z": 5.132314301888768,
      "release_pos_x": 2.0778632927371095,
      "extension": 6.421932774144071,
      "pitches": 1,
      "whiffs": 0,
      "swings": 0,
      "spin_rate": 2222,
      "swing_miss_percent": null,
      "arm_angle": null,
      "barrels_per_pa_percent": null,
      "hardhit_percent": null,
      "whiffs_per_pitch": 0,
      "active_spin_percent": null
    }
  ]
}