{
  "pitcher_id": "690939",
  "pitcher_name": "Connor Noland",
  "mlbam_id": "690939",
  "arm_angle_source": "dataset",
  "pitches": [
    {
      "code": "SL",
      "title": "slider",
      "color": "#EEE716",
      "count": 10,
      "pitch_percent": 0.30303030303030304,
      "rhh_percent": 0.5,
      "lhh_percent": 0.15789473684210525,
      "start_speed": 82.89,
      "max_start_speed": 83.9,
      "ivb": -2.31,
      "hb": -15.479999999999999,
      "release_pos_z": 5.881747405585293,
      "release_pos_x": 2.740634259876353,
      "extension": 6.652552057983367,
      "pitches": 18,
      "whiffs": 1,
      "swings": 6,
      "spin_rate": 2439,
      "swing_miss_percent": 16.7,
      "arm_angle": null,
      "barrels_per_pa_percent": 0,
      "hardhit_percent": 33.33333333333333,
      "whiffs_per_pitch": 0.05555555555555555,
      "active_spin_percent": null
    },
    {
      "code": "FC",
      "title": "cutter",
      "color": "#933F2C",
      "count": 8,
      "pitch_percent": 0.24242424242424243,
      "rhh_percent": 0.07142857142857142,
      "lhh_percent": 0.3684210526315789,
      "start_speed": 91.53750000000001,
      "max_start_speed": 93.2,
      "ivb": 11.025,
      "hb": -2.9625000000000004,
      "release_pos_z": 6.177960100261402,
      "release_pos_x": 2.2277967074313856,
      "extension": 6.58299925674234,
      "pitches": 16,
      "whiffs": 0,
      "swings": 9,
      "spin_rate": 2230,
      "swing_miss_percent": 0,
      "arm_angle": null,
      "barrels_per_pa_percent": 0,
      "hardhit_percent": 40,
      "whiffs_per_pitch": 0,
      "active_spin_percent": null
    },
    {
      "code": "CU",
      "title": "curveball",
      "color": "#00D2ED",
      "count": 5,
      "pitch_percent": 0.15151515151515152,
      "rhh_percent": 0.07142857142857142,
      "lhh_percent": 0.21052631578947367,
      "start_speed": 80.44,
      "max_start_speed": 81.8,
      "ivb": -7.3,
      "hb": -9.64,
      "release_pos_z": 6.166847152439532,
      "release_pos_x": 2.4724475978554508,
      "extension": 6.600316166181382,
      "pitches": 6,
      "whiffs": 0,
      "swings": 1,
      "spin_rate": 2281,
      "swing_miss_percent": 0,
      "arm_angle": null,
      "barrels_per_pa_percent": null,
      "hardhit_percent": null,
      "whiffs_per_pitch": 0,
      "active_spin_percent": null
    },
    {
      "code": "CH",
      "title": "changeup",
      "color": "#1DBF3A",
      "count": 4,
      "pitch_percent": 0.12121212121212122,
      "rhh_percent": 0,
      "lhh_percent": 0.21052631578947367,
      "start_speed": 87.875,
      "max_start_speed": 88.8,
      "ivb": 3.6249999999999996,
      "hb": 8.4,
      "release_pos_z": 6.067685174649661,
      "release_pos_x": 2.684421922780428,
      "extension": 6.645830651146238,
      "pitches": 4,
      "whiffs": 0,
      "swings": 2,
      "spin_rate": 1327,
      "swing_miss_percent": 0,
      "arm_angle": null,
      "barrels_per_pa_percent": 0,
      "hardhit_percent": 100,
      "whiffs_per_pitch": 0,
      "active_spin_percent": null
    },
    {
      "code": "SI",
      "title": "sinker",
      "color": "#FE9E00",
      "count": 4,
      "pitch_percent": 0.12121212121212122,
      "rhh_percent": 0.2857142857142857,
      "lhh_percent": 0,
      "start_speed": 92.1,
      "max_start_speed": 92.6,
      "ivb": 7.9,
      "hb": 11.075,
      "release_pos_z": 6.221999615775857,
      "release_pos_x": 2.131456855279667,
      "extension": 6.668430248851966,
      "pitches": 5,
      "whiffs": 0,
      "swings": 1,
      "spin_rate": 2149,
      "swing_miss_percent": 0,
      "arm_angle": null,
      "barrels_per_pa_percent": null,
      "hardhit_percent": null,
      "whiffs_per_pitch": 0,
      "active_spin_percent": null
    },
    {
      "code": "FF",
      "title": "four-seam fastball",
      "color": "#D22D49",
      "count": 2,
      "pitch_percent": 0.06060606060606061,
      "rhh_percent": 0.07142857142857142,
      "lhh_percent": 0.05263157894736842,
      "start_speed": 92.7,
      "max_start_speed": 93.2,
      "ivb": 10.4,
      "hb": 3.3,
      "release_pos_z": 6.269181871907328,
      "release_pos_x": 2.2208599682006334,
      "extension": 6.640342640545866,
      "pitches": 8,
      "whiffs": 1,
      "swings": 3,
      "spin_rate": 2239,
      "swing_miss_percent": 33.3,
      "arm_angle": null,
      "barrels_per_pa_percent": 0,
      "hardhit_percent": 100,
      "whiffs_per_pitch": 0.125,
      "active_spin_percent": null
    }
  ]
}