{
  "pitcher_id": "691008",
  "pitcher_name": "Max Rajcic",
  "mlbam_id": "691008",
  "arm_angle_source": "dataset",
  "pitches": [
    {
      "code": "FF",
      "title": "four-seam fastball",
      "color": "#D22D49",
      "count": 11,
      "pitch_percent": 0.4782608695652174,
      "rhh_percent": 0.4666666666666667,
      "lhh_percent": 0.5,
      "start_speed": 94.81818181818181,
      "max_start_speed": 96.6,
      "ivb": 15.036363636363637,
      "hb": 12.636363636363637,
      "release_pos_z": 5.859762399556701,
      "release_pos_x": 1.3182128562565099,
      "extension": 6.499215903282073,
      "pitches": 23,
      "whiffs": 2,
      "swings": 11,
      "spin_rate": 2218,
      "swing_miss_percent": 18.2,
      "arm_angle": null,
      "barrels_per_pa_percent": 20,
      "hardhit_percent": 50,
      "whiffs_per_pitch": 0.08695652173913043,
      "active_spin_percent": null
    },
    {
      "code": "ST",
      "title": "sweeper",
      "color": "#DDB43A",
      "count": 7,
      "pitch_percent": 0.30434782608695654,
      "rhh_percent": 0.4666666666666667,
      "lhh_percent": 0,
      "start_speed": 83.42857142857143,
      "max_start_speed": 88,
      "ivb": -2.5,
      "hb": -10.914285714285715,
      "release_pos_z": 5.7991003064401045,
      "release_pos_x": 1.3744618106679956,
      "extension": 6.445730889274239,
      "pitches": 13,
      "whiffs": 3,
      "swings": 7,
      "spin_rate": 2639,
      "swing_miss_percent": 42.9,
      "arm_angle": null,
      "barrels_per_pa_percent": 0,
      "hardhit_percent": 0,
      "whiffs_per_pitch": 0.23076923076923078,
      "active_spin_percent": null
    },
    {
      "code": "CH",
      "title": "changeup",
      "color": "#1DBF3A",
      "count": 3,
      "pitch_percent": 0.13043478260869565,
      "rhh_percent": 0.06666666666666667,
      "lhh_percent": 0.25,
      "start_speed": 86.5,
      "max_start_speed": 87.1,
      "ivb": 6.333333333333333,
      "hb": 15.666666666666666,
      "release_pos_z": 5.723633762312247,
      "release_pos_x": 1.3468818320423372,
      "extension": 6.543487306157473,
      "pitches": 10,
      "whiffs": 2,
      "swings": 6,
      "spin_rate": 1965,
      "swing_miss_percent": 33.3,
      "arm_angle": null,
      "barrels_per_pa_percent": 0,
      "hardhit_percent": 0,
      "whiffs_per_pitch": 0.2,
      "active_spin_percent": null
    },
    {
      "code": "CU",
      "title": "curveball",
      "color": "#00D2ED",
      "count": 2,
      "pitch_percent": 0.08695652173913043,
      "rhh_percent": 0,
      "lhh_percent": 0.25,
      "start_speed": 82.75,
      "max_start_speed": 83.2,
      "ivb": -13.05,
      "hb": -6.75,
      "release_pos_z": 6.114194777874515,
      "release_pos_x": 1.1472415622704175,
      "extension": 6.540154846124357,
      "pitches": 5,
      "whiffs": 0,
      "swings": 1,
      "spin_rate": 2867,
      "swing_miss_percent": 0,
      "arm_angle": null,
      "barrels_per_pa_percent": 0,
      "hardhit_percent": 0,
      "whiffs_per_pitch": 0,
      "active_spin_percent": null
    }
  ]
}