{
  "pitcher_id": "691769",
  "pitcher_name": "Philip Abner",
  "mlbam_id": "691769",
  "arm_angle_source": "dataset",
  "pitches": [
    {
      "code": "FF",
      "title": "four-seam fastball",
      "color": "#D22D49",
      "count": 6,
      "pitch_percent": 0.6666666666666666,
      "rhh_percent": null,
      "lhh_percent": 0.6666666666666666,
      "start_speed": 91.39999999999999,
      "max_start_speed": 92,
      "ivb": 13.700000000000001,
      "hb": 2.9666666666666663,
      "release_pos_z": 5.647699413227312,
      "release_pos_x": 2.8648578934117546,
      "extension": 6.372921530623915,
      "pitches": 85,
      "whiffs": 9,
      "swings": 43,
      "spin_rate": 2332,
      "swing_miss_percent": 20.9,
      "arm_angle": null,
      "barrels_per_pa_percent": 8.695652173913043,
      "hardhit_percent": 41.66666666666667,
      "whiffs_per_pitch": 0.10588235294117647,
      "active_spin_percent": null
    },
    {
      "code": "SL",
      "title": "slider",
      "color": "#EEE716",
      "count": 3,
      "pitch_percent": 0.3333333333333333,
      "rhh_percent": null,
      "lhh_percent": 0.3333333333333333,
      "start_speed": 80.96666666666665,
      "max_start_speed": 81.3,
      "ivb": 7.833333333333333,
      "hb": -9.166666666666666,
      "release_pos_z": 5.34617852145074,
      "release_pos_x": 3.119585928340084,
      "extension": 6.283014822450749,
      "pitches": 28,
      "whiffs": 6,
      "swings": 14,
      "spin_rate": 2254,
      "swing_miss_percent": 42.9,
      "arm_angle": null,
      "barrels_per_pa_percent": 14.285714285714285,
      "hardhit_percent": 66.66666666666666,
      "whiffs_per_pitch": 0.21428571428571427,
      "active_spin_percent": null
    }
  ]
}