{
  "pitcher_id": "691908",
  "pitcher_name": "Giussepe Velasquez",
  "mlbam_id": "691908",
  "arm_angle_source": "dataset",
  "pitches": [
    {
      "code": "FF",
      "title": "four-seam fastball",
      "color": "#D22D49",
      "count": 9,
      "pitch_percent": 0.5,
      "rhh_percent": 0.5,
      "lhh_percent": 0.5,
      "start_speed": 92.52222222222221,
      "max_start_speed": 93.6,
      "ivb": 11.044444444444444,
      "hb": 1.2444444444444445,
      "release_pos_z": 5.601728141537583,
      "release_pos_x": 2.27671009101032,
      "extension": 6.37883865910061,
      "pitches": 9,
      "whiffs": 2,
      "swings": 5,
      "spin_rate": 2228,
      "swing_miss_percent": 40,
      "arm_angle": null,
      "barrels_per_pa_percent": null,
      "hardhit_percent": null,
      "whiffs_per_pitch": 0.2222222222222222,
      "active_spin_percent": null
    },
    {
      "code": "CU",
      "title": "curveball",
      "color": "#00D2ED",
      "count": 6,
      "pitch_percent": 0.3333333333333333,
      "rhh_percent": 0.42857142857142855,
      "lhh_percent": 0,
      "start_speed": 82.28333333333333,
      "max_start_speed": 83.6,
      "ivb": -3.483333333333333,
      "hb": -9.116666666666667,
      "release_pos_z": 5.310202570531281,
      "release_pos_x": 2.6682991426131095,
      "extension": 6.312551198237403,
      "pitches": 6,
      "whiffs": 2,
      "swings": 3,
      "spin_rate": 2468,
      "swing_miss_percent": 66.7,
      "arm_angle": null,
      "barrels_per_pa_percent": 0,
      "hardhit_percent": 100,
      "whiffs_per_pitch": 0.3333333333333333,
      "active_spin_percent": null
    },
    {
      "code": "CH",
      "title": "changeup",
      "color": "#1DBF3A",
      "count": 3,
      "pitch_percent": 0.16666666666666666,
      "rhh_percent": 0.07142857142857142,
      "lhh_percent": 0.5,
      "start_speed": 87.16666666666667,
      "max_start_speed": 88,
      "ivb": -0.20000000000000004,
      "hb": 8.433333333333334,
      "release_pos_z": 5.288181891455121,
      "release_pos_x": 2.667768796042772,
      "extension": 6.409142474325061,
      "pitches": 3,
      "whiffs": 0,
      "swings": 0,
      "spin_rate": 1999,
      "swing_miss_percent": null,
      "arm_angle": null,
      "barrels_per_pa_percent": null,
      "hardhit_percent": null,
      "whiffs_per_pitch": 0,
      "active_spin_percent": null
    }
  ]
}