{
  "pitcher_id": "691951",
  "pitcher_name": "Sam Aldegheri",
  "mlbam_id": "691951",
  "arm_angle_source": "dataset",
  "pitches": [
    {
      "code": "FF",
      "title": "four-seam fastball",
      "color": "#D22D49",
      "count": 21,
      "pitch_percent": 0.4666666666666667,
      "rhh_percent": 0.46875,
      "lhh_percent": 0.46153846153846156,
      "start_speed": 90.86190476190477,
      "max_start_speed": 92.3,
      "ivb": 17.333333333333332,
      "hb": 3.400000000000001,
      "release_pos_z": 6.388541068497018,
      "release_pos_x": 1.4689903506815791,
      "extension": 5.6169569764871925,
      "pitches": 21,
      "whiffs": 2,
      "swings": 11,
      "spin_rate": null,
      "swing_miss_percent": 18.2,
      "arm_angle": null,
      "barrels_per_pa_percent": 20,
      "hardhit_percent": 66.66666666666666,
      "whiffs_per_pitch": 0.09523809523809523,
      "active_spin_percent": null
    },
    {
      "code": "CH",
      "title": "changeup",
      "color": "#1DBF3A",
      "count": 14,
      "pitch_percent": 0.3111111111111111,
      "rhh_percent": 0.375,
      "lhh_percent": 0.15384615384615385,
      "start_speed": 80.74285714285713,
      "max_start_speed": 82.1,
      "ivb": 9.242857142857144,
      "hb": 12.178571428571427,
      "release_pos_z": 6.0773756493141065,
      "release_pos_x": 1.6350694677350486,
      "extension": 5.823702244000876,
      "pitches": 14,
      "whiffs": 2,
      "swings": 6,
      "spin_rate": null,
      "swing_miss_percent": 33.3,
      "arm_angle": null,
      "barrels_per_pa_percent": 0,
      "hardhit_percent": 0,
      "whiffs_per_pitch": 0.14285714285714285,
      "active_spin_percent": null
    },
    {
      "code": "SL",
      "title": "slider",
      "color": "#EEE716",
      "count": 6,
      "pitch_percent": 0.13333333333333333,
      "rhh_percent": 0.125,
      "lhh_percent": 0.15384615384615385,
      "start_speed": 81.71666666666667,
      "max_start_speed": 82.4,
      "ivb": -3.4666666666666663,
      "hb": -3.4666666666666663,
      "release_pos_z": 6.279500631861673,
      "release_pos_x": 1.4978019432148413,
      "extension": 5.5777624894583395,
      "pitches": 6,
      "whiffs": 1,
      "swings": 2,
      "spin_rate": null,
      "swing_miss_percent": 50,
      "arm_angle": null,
      "barrels_per_pa_percent": null,
      "hardhit_percent": null,
      "whiffs_per_pitch": 0.16666666666666666,
      "active_spin_percent": null
    },
    {
      "code": "CU",
      "title": "curveball",
      "color": "#00D2ED",
      "count": 4,
      "pitch_percent": 0.08888888888888889,
      "rhh_percent": 0.03125,
      "lhh_percent": 0.23076923076923078,
      "start_speed": 77.5,
      "max_start_speed": 79.9,
      "ivb": -4.1,
      "hb": -6.25,
      "release_pos_z": 6.342408844214713,
      "release_pos_x": 1.608500816743615,
      "extension": 5.500865737561271,
      "pitches": 4,
      "whiffs": 0,
      "swings": 2,
      "spin_rate": null,
      "swing_miss_percent": 0,
      "arm_angle": null,
      "barrels_per_pa_percent": 0,
      "hardhit_percent": 0,
      "whiffs_per_pitch": 0,
      "active_spin_percent": null
    }
  ]
}