{
  "pitcher_id": "692230",
  "pitcher_name": "Carlos Rodriguez",
  "mlbam_id": "692230",
  "arm_angle_source": "dataset",
  "pitches": [
    {
      "code": "FF",
      "title": "four-seam fastball",
      "color": "#D22D49",
      "count": 7,
      "pitch_percent": 0.30434782608695654,
      "rhh_percent": 0.29411764705882354,
      "lhh_percent": 0.3333333333333333,
      "start_speed": 93.6857142857143,
      "max_start_speed": 94.2,
      "ivb": 15.942857142857145,
      "hb": 4.414285714285714,
      "release_pos_z": 6.0234378746098995,
      "release_pos_x": 1.3071335338964836,
      "extension": 6.211949435614984,
      "pitches": 20,
      "whiffs": 0,
      "swings": 13,
      "spin_rate": 2247,
      "swing_miss_percent": 0,
      "arm_angle": null,
      "barrels_per_pa_percent": 0,
      "hardhit_percent": 0,
      "whiffs_per_pitch": 0,
      "active_spin_percent": null
    },
    {
      "code": "SL",
      "title": "slider",
      "color": "#EEE716",
      "count": 6,
      "pitch_percent": 0.2608695652173913,
      "rhh_percent": 0.35294117647058826,
      "lhh_percent": 0,
      "start_speed": 80.66666666666667,
      "max_start_speed": 81.4,
      "ivb": -0.7000000000000001,
      "hb": -13.383333333333333,
      "release_pos_z": 6.014079354911947,
      "release_pos_x": 1.0563085260529013,
      "extension": 6.287978623747702,
      "pitches": 12,
      "whiffs": 1,
      "swings": 8,
      "spin_rate": 2139,
      "swing_miss_percent": 12.5,
      "arm_angle": null,
      "barrels_per_pa_percent": 33.33333333333333,
      "hardhit_percent": 50,
      "whiffs_per_pitch": 0.08333333333333333,
      "active_spin_percent": null
    },
    {
      "code": "CH",
      "title": "changeup",
      "color": "#1DBF3A",
      "count": 4,
      "pitch_percent": 0.17391304347826086,
      "rhh_percent": 0.058823529411764705,
      "lhh_percent": 0.5,
      "start_speed": 88.22500000000001,
      "max_start_speed": 89.3,
      "ivb": 4.775,
      "hb": 14.025,
      "release_pos_z": 5.833289605213646,
      "release_pos_x": 1.3658792095944137,
      "extension": 6.2579972022141135,
      "pitches": 9,
      "whiffs": 1,
      "swings": 5,
      "spin_rate": 1717,
      "swing_miss_percent": 20,
      "arm_angle": null,
      "barrels_per_pa_percent": 0,
      "hardhit_percent": 0,
      "whiffs_per_pitch": 0.1111111111111111,
      "active_spin_percent": null
    },
    {
      "code": "FC",
      "title": "cutter",
      "color": "#933F2C",
      "count": 4,
      "pitch_percent": 0.17391304347826086,
      "rhh_percent": 0.17647058823529413,
      "lhh_percent": 0.16666666666666666,
      "start_speed": 90.375,
      "max_start_speed": 91.8,
      "ivb": 8.225,
      "hb": -3.725,
      "release_pos_z": 6.045075548634821,
      "release_pos_x": 1.1179492787249705,
      "extension": 6.204120395906176,
      "pitches": 12,
      "whiffs": 3,
      "swings": 5,
      "spin_rate": 2180,
      "swing_miss_percent": 60,
      "arm_angle": null,
      "barrels_per_pa_percent": 0,
      "hardhit_percent": 50,
      "whiffs_per_pitch": 0.25,
      "active_spin_percent": null
    },
    {
      "code": "CU",
      "title": "curveball",
      "color": "#00D2ED",
      "count": 2,
      "pitch_percent": 0.08695652173913043,
      "rhh_percent": 0.11764705882352941,
      "lhh_percent": 0,
      "start_speed": 78,
      "max_start_speed": 78.1,
      "ivb": -5.85,
      "hb": -8.95,
      "release_pos_z": 6.092188371447275,
      "release_pos_x": 0.9571489382230665,
      "extension": 6.234240749064714,
      "pitches": 5,
      "whiffs": 0,
      "swings": 1,
      "spin_rate": 2376,
      "swing_miss_percent": 0,
      "arm_angle": null,
      "barrels_per_pa_percent": null,
      "hardhit_percent": null,
      "whiffs_per_pitch": 0,
      "active_spin_percent": null
    }
  ]
}