{
  "pitcher_id": "693739",
  "pitcher_name": "Alexander Alberto",
  "mlbam_id": "693739",
  "arm_angle_source": "dataset",
  "pitches": [
    {
      "code": "FF",
      "title": "four-seam fastball",
      "color": "#D22D49",
      "count": 11,
      "pitch_percent": 0.5789473684210527,
      "rhh_percent": 0.5,
      "lhh_percent": 0.6666666666666666,
      "start_speed": 97.11818181818181,
      "max_start_speed": 98.7,
      "ivb": 8.336363636363638,
      "hb": 1.9636363636363634,
      "release_pos_z": 5.638348029687688,
      "release_pos_x": 2.2255962096614508,
      "extension": 7.031597343700205,
      "active_spin_percent": null
    },
    {
      "code": "FC",
      "title": "cutter",
      "color": "#933F2C",
      "count": 4,
      "pitch_percent": 0.21052631578947367,
      "rhh_percent": 0.4,
      "lhh_percent": 0,
      "start_speed": 97.5,
      "max_start_speed": 98,
      "ivb": 8.875,
      "hb": -1.575,
      "release_pos_z": 5.493655406454318,
      "release_pos_x": 2.244821823112377,
      "extension": 7.056180417171358,
      "pitches": 51,
      "whiffs": 5,
      "swings": 21,
      "spin_rate": 2118,
      "swing_miss_percent": 23.8,
      "arm_angle": null,
      "barrels_per_pa_percent": 0,
      "hardhit_percent": 58.333333333333336,
      "whiffs_per_pitch": 0.09803921568627451,
      "active_spin_percent": null
    },
    {
      "code": "SL",
      "title": "slider",
      "color": "#EEE716",
      "count": 3,
      "pitch_percent": 0.15789473684210525,
      "rhh_percent": 0,
      "lhh_percent": 0.3333333333333333,
      "start_speed": 84.36666666666666,
      "max_start_speed": 85.4,
      "ivb": -2.6333333333333333,
      "hb": -8.966666666666667,
      "release_pos_z": 5.591136540109676,
      "release_pos_x": 2.446257131063351,
      "extension": 6.9464446934875,
      "pitches": 19,
      "whiffs": 6,
      "swings": 9,
      "spin_rate": 2392,
      "swing_miss_percent": 66.7,
      "arm_angle": null,
      "barrels_per_pa_percent": 0,
      "hardhit_percent": 33.33333333333333,
      "whiffs_per_pitch": 0.3157894736842105,
      "active_spin_percent": null
    },
    {
      "code": "SI",
      "title": "sinker",
      "color": "#FE9E00",
      "count": 1,
      "pitch_percent": 0.05263157894736842,
      "rhh_percent": 0.1,
      "lhh_percent": 0,
      "start_speed": 97.5,
      "max_start_speed": 97.5,
      "ivb": 8.2,
      "hb": 12.1,
      "release_pos_z": 5.7668139917036045,
      "release_pos_x": 1.8333286966517752,
      "extension": 6.993168611102753,
      "pitches": 12,
      "whiffs": 1,
      "swings": 4,
      "spin_rate": 2301,
      "swing_miss_percent": 25,
      "arm_angle": null,
      "barrels_per_pa_percent": 0,
      "hardhit_percent": 50,
      "whiffs_per_pitch": 0.08333333333333333,
      "active_spin_percent": null
    }
  ]
}