{
  "pitcher_id": "693739",
  "pitcher_name": "Alexander Alberto",
  "mlbam_id": "693739",
  "arm_angle_source": "dataset",
  "pitches": [
    {
      "code": "FF",
      "title": "four-seam fastball",
      "color": "#D22D49",
      "count": 11,
      "pitch_percent": 0.5789473684210527,
      "rhh_percent": 0.5,
      "lhh_percent": 0.6666666666666666,
      "start_speed": 97.11818181818181,
      "max_start_speed": 98.7,
      "ivb": 8.336363636363638,
      "hb": 1.9636363636363634,
      "release_pos_z": 5.638348029687688,
      "release_pos_x": 2.2255962096614508,
      "extension": 7.031597343700205,
      "pitches": 21,
      "whiffs": 2,
      "swings": 7,
      "spin_rate": 2159,
      "swing_miss_percent": 28.6,
      "arm_angle": null,
      "barrels_per_pa_percent": 0,
      "hardhit_percent": 100,
      "whiffs_per_pitch": 0.09523809523809523,
      "active_spin_percent": null
    },
    {
      "code": "FC",
      "title": "cutter",
      "color": "#933F2C",
      "count": 4,
      "pitch_percent": 0.21052631578947367,
      "rhh_percent": 0.4,
      "lhh_percent": 0,
      "start_speed": 97.5,
      "max_start_speed": 98,
      "ivb": 8.875,
      "hb": -1.575,
      "release_pos_z": 5.493655406454318,
      "release_pos_x": 2.244821823112377,
      "extension": 7.056180417171358,
      "pitches": 16,
      "whiffs": 2,
      "swings": 7,
      "spin_rate": 2098,
      "swing_miss_percent": 28.6,
      "arm_angle": null,
      "barrels_per_pa_percent": 0,
      "hardhit_percent": 80,
      "whiffs_per_pitch": 0.125,
      "active_spin_percent": null
    },
    {
      "code": "SL",
      "title": "slider",
      "color": "#EEE716",
      "count": 3,
      "pitch_percent": 0.15789473684210525,
      "rhh_percent": 0,
      "lhh_percent": 0.3333333333333333,
      "start_speed": 84.36666666666666,
      "max_start_speed": 85.4,
      "ivb": -2.6333333333333333,
      "hb": -8.966666666666667,
      "release_pos_z": 5.591136540109676,
      "release_pos_x": 2.446257131063351,
      "extension": 6.9464446934875,
      "pitches": 10,
      "whiffs": 3,
      "swings": 3,
      "spin_rate": 2422,
      "swing_miss_percent": 100,
      "arm_angle": null,
      "barrels_per_pa_percent": null,
      "hardhit_percent": null,
      "whiffs_per_pitch": 0.3,
      "active_spin_percent": null
    },
    {
      "code": "SI",
      "title": "sinker",
      "color": "#FE9E00",
      "count": 1,
      "pitch_percent": 0.05263157894736842,
      "rhh_percent": 0.1,
      "lhh_percent": 0,
      "start_speed": 97.5,
      "max_start_speed": 97.5,
      "ivb": 8.2,
      "hb": 12.1,
      "release_pos_z": 5.7668139917036045,
      "release_pos_x": 1.8333286966517752,
      "extension": 6.993168611102753,
      "pitches": 1,
      "whiffs": 0,
      "swings": 0,
      "spin_rate": 2358,
      "swing_miss_percent": null,
      "arm_angle": null,
      "barrels_per_pa_percent": null,
      "hardhit_percent": null,
      "whiffs_per_pitch": 0,
      "active_spin_percent": null
    }
  ]
}