{
  "pitcher_id": "694207",
  "pitcher_name": "Brayan Mendoza",
  "mlbam_id": "694207",
  "arm_angle_source": "dataset",
  "pitches": [
    {
      "code": "SI",
      "title": "sinker",
      "color": "#FE9E00",
      "count": 3,
      "pitch_percent": 0.3333333333333333,
      "rhh_percent": null,
      "lhh_percent": 0.3333333333333333,
      "start_speed": 91.13333333333333,
      "max_start_speed": 92.1,
      "ivb": 6.599999999999999,
      "hb": 13.466666666666669,
      "release_pos_z": 5.346493556104664,
      "release_pos_x": 2.790879626721417,
      "extension": 6.110450924599721,
      "pitches": 3,
      "whiffs": 0,
      "swings": 0,
      "spin_rate": 2159,
      "swing_miss_percent": null,
      "arm_angle": null,
      "barrels_per_pa_percent": null,
      "hardhit_percent": null,
      "whiffs_per_pitch": 0,
      "active_spin_percent": null
    },
    {
      "code": "FC",
      "title": "cutter",
      "color": "#933F2C",
      "count": 3,
      "pitch_percent": 0.3333333333333333,
      "rhh_percent": null,
      "lhh_percent": 0.3333333333333333,
      "start_speed": 84.93333333333334,
      "max_start_speed": 85.5,
      "ivb": 1.3333333333333333,
      "hb": -3.5666666666666664,
      "release_pos_z": 5.300524306175901,
      "release_pos_x": 3.0055009463093825,
      "extension": 6.15452756988478,
      "pitches": 3,
      "whiffs": 0,
      "swings": 3,
      "spin_rate": 2342,
      "swing_miss_percent": 0,
      "arm_angle": null,
      "barrels_per_pa_percent": 0,
      "hardhit_percent": 0,
      "whiffs_per_pitch": 0,
      "active_spin_percent": null
    },
    {
      "code": "SL",
      "title": "slider",
      "color": "#EEE716",
      "count": 3,
      "pitch_percent": 0.3333333333333333,
      "rhh_percent": null,
      "lhh_percent": 0.3333333333333333,
      "start_speed": 78.36666666666667,
      "max_start_speed": 78.9,
      "ivb": -1.1,
      "hb": -16.133333333333336,
      "release_pos_z": 5.285836239719528,
      "release_pos_x": 3.0563541148534035,
      "extension": 6.1407996679476105,
      "pitches": 3,
      "whiffs": 0,
      "swings": 1,
      "spin_rate": 2617,
      "swing_miss_percent": 0,
      "arm_angle": null,
      "barrels_per_pa_percent": null,
      "hardhit_percent": null,
      "whiffs_per_pitch": 0,
      "active_spin_percent": null
    }
  ]
}