{
  "pitcher_id": "694361",
  "pitcher_name": "Will Klein",
  "mlbam_id": "694361",
  "arm_angle_source": "dataset",
  "pitches": [
    {
      "code": "FF",
      "title": "four-seam fastball",
      "color": "#D22D49",
      "count": 4,
      "pitch_percent": 0.4,
      "rhh_percent": 0.5,
      "lhh_percent": 0.25,
      "start_speed": 97.89999999999999,
      "max_start_speed": 98.4,
      "ivb": 15.25,
      "hb": 10.125,
      "release_pos_z": 5.856631952492095,
      "release_pos_x": 1.2405038026646094,
      "extension": 6.8342363644649415,
      "pitches": 72,
      "whiffs": 6,
      "swings": 31,
      "spin_rate": 2155,
      "swing_miss_percent": 19.4,
      "arm_angle": null,
      "barrels_per_pa_percent": 5.263157894736842,
      "hardhit_percent": 57.14285714285714,
      "whiffs_per_pitch": 0.08333333333333333,
      "active_spin_percent": null
    },
    {
      "code": "CU",
      "title": "curveball",
      "color": "#00D2ED",
      "count": 3,
      "pitch_percent": 0.3,
      "rhh_percent": 0.16666666666666666,
      "lhh_percent": 0.5,
      "start_speed": 84.63333333333334,
      "max_start_speed": 86.2,
      "ivb": -12.166666666666666,
      "hb": -7,
      "release_pos_z": 6.1124450070564125,
      "release_pos_x": 1.1211911543716362,
      "extension": 6.325186348097041,
      "pitches": 27,
      "whiffs": 2,
      "swings": 10,
      "spin_rate": 2375,
      "swing_miss_percent": 20,
      "arm_angle": null,
      "barrels_per_pa_percent": 0,
      "hardhit_percent": 33.33333333333333,
      "whiffs_per_pitch": 0.07407407407407407,
      "active_spin_percent": null
    },
    {
      "code": "ST",
      "title": "sweeper",
      "color": "#DDB43A",
      "count": 2,
      "pitch_percent": 0.2,
      "rhh_percent": 0.3333333333333333,
      "lhh_percent": 0,
      "start_speed": 88.15,
      "max_start_speed": 88.4,
      "ivb": -2.8,
      "hb": -9.35,
      "release_pos_z": 5.638745706827227,
      "release_pos_x": 1.6641316019632277,
      "extension": 6.456305771682899,
      "pitches": 21,
      "whiffs": 6,
      "swings": 11,
      "spin_rate": 2377,
      "swing_miss_percent": 54.5,
      "arm_angle": null,
      "barrels_per_pa_percent": 11.11111111111111,
      "hardhit_percent": 100,
      "whiffs_per_pitch": 0.2857142857142857,
      "active_spin_percent": null
    },
    {
      "code": "FC",
      "title": "cutter",
      "color": "#933F2C",
      "count": 1,
      "pitch_percent": 0.1,
      "rhh_percent": 0,
      "lhh_percent": 0.25,
      "start_speed": 92,
      "max_start_speed": 92,
      "ivb": 6.1,
      "hb": -4.6,
      "release_pos_z": 5.82521610092367,
      "release_pos_x": 1.6109062713129076,
      "extension": 6.616778896206147,
      "pitches": 20,
      "whiffs": 1,
      "swings": 7,
      "spin_rate": 2345,
      "swing_miss_percent": 14.3,
      "arm_angle": null,
      "barrels_per_pa_percent": 0,
      "hardhit_percent": 33.33333333333333,
      "whiffs_per_pitch": 0.05,
      "active_spin_percent": null
    }
  ]
}