{
  "pitcher_id": "694312",
  "pitcher_name": "Logan Workman",
  "mlbam_id": "694312",
  "arm_angle_source": "dataset",
  "pitches": [
    {
      "code": "FF",
      "title": "four-seam fastball",
      "color": "#D22D49",
      "count": 5,
      "pitch_percent": 0.5555555555555556,
      "rhh_percent": 0.3333333333333333,
      "lhh_percent": 0.6666666666666666,
      "start_speed": 94.6,
      "max_start_speed": 95.1,
      "ivb": 16.4,
      "hb": 6.459999999999999,
      "release_pos_z": 5.903759312107204,
      "release_pos_x": 1.8613152331524572,
      "extension": 6.121295238898531,
      "pitches": 21,
      "whiffs": 2,
      "swings": 7,
      "spin_rate": 2275,
      "swing_miss_percent": 28.6,
      "arm_angle": null,
      "barrels_per_pa_percent": 0,
      "hardhit_percent": 50,
      "whiffs_per_pitch": 0.09523809523809523,
      "active_spin_percent": null
    },
    {
      "code": "SL",
      "title": "slider",
      "color": "#EEE716",
      "count": 3,
      "pitch_percent": 0.3333333333333333,
      "rhh_percent": 0.6666666666666666,
      "lhh_percent": 0.16666666666666666,
      "start_speed": 87.39999999999999,
      "max_start_speed": 88.3,
      "ivb": 1.3666666666666665,
      "hb": -6.833333333333333,
      "release_pos_z": 5.863349189740542,
      "release_pos_x": 1.9262306604542105,
      "extension": 5.93986652753581,
      "pitches": 10,
      "whiffs": 1,
      "swings": 4,
      "spin_rate": 2495,
      "swing_miss_percent": 25,
      "arm_angle": null,
      "barrels_per_pa_percent": 0,
      "hardhit_percent": 100,
      "whiffs_per_pitch": 0.1,
      "active_spin_percent": null
    },
    {
      "code": "CH",
      "title": "changeup",
      "color": "#1DBF3A",
      "count": 1,
      "pitch_percent": 0.1111111111111111,
      "rhh_percent": 0,
      "lhh_percent": 0.16666666666666666,
      "start_speed": 84.4,
      "max_start_speed": 84.4,
      "ivb": 6.1,
      "hb": 16.4,
      "release_pos_z": 5.802811499934396,
      "release_pos_x": 2.234096633019513,
      "extension": 5.782468382879191,
      "pitches": 5,
      "whiffs": 1,
      "swings": 2,
      "spin_rate": 2157,
      "swing_miss_percent": 50,
      "arm_angle": null,
      "barrels_per_pa_percent": 0,
      "hardhit_percent": 0,
      "whiffs_per_pitch": 0.2,
      "active_spin_percent": null
    }
  ]
}