{
  "pitcher_id": "694375",
  "pitcher_name": "T.J. Nichols",
  "mlbam_id": "694375",
  "arm_angle_source": "dataset",
  "pitches": [
    {
      "code": "FF",
      "title": "four-seam fastball",
      "color": "#D22D49",
      "count": 9,
      "pitch_percent": 0.8181818181818182,
      "rhh_percent": 0.75,
      "lhh_percent": 0.8571428571428571,
      "start_speed": 95.71111111111111,
      "max_start_speed": 97.1,
      "ivb": 16.15555555555555,
      "hb": 10.488888888888889,
      "release_pos_z": 5.979471607818751,
      "release_pos_x": 1.001723962849431,
      "extension": 6.210929650444876,
      "pitches": 44,
      "whiffs": 2,
      "swings": 16,
      "spin_rate": 2027,
      "swing_miss_percent": 12.5,
      "arm_angle": null,
      "barrels_per_pa_percent": 16.666666666666664,
      "hardhit_percent": 62.5,
      "whiffs_per_pitch": 0.045454545454545456,
      "active_spin_percent": null
    },
    {
      "code": "SL",
      "title": "slider",
      "color": "#EEE716",
      "count": 2,
      "pitch_percent": 0.18181818181818182,
      "rhh_percent": 0.25,
      "lhh_percent": 0.14285714285714285,
      "start_speed": 87.2,
      "max_start_speed": 88,
      "ivb": 4.05,
      "hb": -4.3,
      "release_pos_z": 6.016367863817814,
      "release_pos_x": 1.0740499867656772,
      "extension": 6.06252179964618,
      "pitches": 24,
      "whiffs": 2,
      "swings": 11,
      "spin_rate": 1858,
      "swing_miss_percent": 18.2,
      "arm_angle": null,
      "barrels_per_pa_percent": 33.33333333333333,
      "hardhit_percent": 66.66666666666666,
      "whiffs_per_pitch": 0.08333333333333333,
      "active_spin_percent": null
    }
  ]
}