{
  "pitcher_id": "694536",
  "pitcher_name": "Trent Baker",
  "mlbam_id": "694536",
  "arm_angle_source": "dataset",
  "pitches": [
    {
      "code": "SI",
      "title": "sinker",
      "color": "#FE9E00",
      "count": 9,
      "pitch_percent": 0.47368421052631576,
      "rhh_percent": 0.4,
      "lhh_percent": 0.5,
      "start_speed": 95.98888888888888,
      "max_start_speed": 97.2,
      "ivb": 14.455555555555556,
      "hb": 13.966666666666665,
      "release_pos_z": 5.225781455294068,
      "release_pos_x": 1.8525542299523632,
      "extension": 6.4957560973880515,
      "active_spin_percent": null
    },
    {
      "code": "CH",
      "title": "changeup",
      "color": "#1DBF3A",
      "count": 5,
      "pitch_percent": 0.2631578947368421,
      "rhh_percent": 0,
      "lhh_percent": 0.35714285714285715,
      "start_speed": 87.97999999999999,
      "max_start_speed": 88.6,
      "ivb": 6.08,
      "hb": 17.160000000000004,
      "release_pos_z": 5.201095286983675,
      "release_pos_x": 1.9502860803757585,
      "extension": 6.544192901192977,
      "pitches": 11,
      "whiffs": 1,
      "swings": 5,
      "spin_rate": 1844,
      "swing_miss_percent": 20,
      "arm_angle": null,
      "barrels_per_pa_percent": 0,
      "hardhit_percent": 33.33333333333333,
      "whiffs_per_pitch": 0.09090909090909091,
      "active_spin_percent": null
    },
    {
      "code": "SL",
      "title": "slider",
      "color": "#EEE716",
      "count": 5,
      "pitch_percent": 0.2631578947368421,
      "rhh_percent": 0.6,
      "lhh_percent": 0.14285714285714285,
      "start_speed": 88.35999999999999,
      "max_start_speed": 89.7,
      "ivb": 5.5200000000000005,
      "hb": 0.1600000000000001,
      "release_pos_z": 5.057592219819659,
      "release_pos_x": 1.9879730078477054,
      "extension": 6.465997230107692,
      "pitches": 17,
      "whiffs": 3,
      "swings": 7,
      "spin_rate": 2230,
      "swing_miss_percent": 42.9,
      "arm_angle": null,
      "barrels_per_pa_percent": 0,
      "hardhit_percent": 33.33333333333333,
      "whiffs_per_pitch": 0.17647058823529413,
      "active_spin_percent": null
    }
  ]
}