{
  "pitcher_id": "694646",
  "pitcher_name": "Chayce McDermott",
  "mlbam_id": "694646",
  "arm_angle_source": "dataset",
  "pitches": [
    {
      "code": "FF",
      "title": "four-seam fastball",
      "color": "#D22D49",
      "count": 9,
      "pitch_percent": 0.5294117647058824,
      "rhh_percent": 0.6153846153846154,
      "lhh_percent": 0.25,
      "start_speed": 96.33333333333333,
      "max_start_speed": 97.5,
      "ivb": 19.01111111111111,
      "hb": 5.466666666666666,
      "release_pos_z": 5.7887891392948765,
      "release_pos_x": 0.9765589238373924,
      "extension": 6.323266951522352,
      "pitches": 22,
      "whiffs": 3,
      "swings": 7,
      "spin_rate": 2218,
      "swing_miss_percent": 42.9,
      "arm_angle": null,
      "barrels_per_pa_percent": null,
      "hardhit_percent": null,
      "whiffs_per_pitch": 0.13636363636363635,
      "active_spin_percent": null
    },
    {
      "code": "FS",
      "title": "splitter",
      "color": "#3BACAC",
      "count": 4,
      "pitch_percent": 0.23529411764705882,
      "rhh_percent": 0.07692307692307693,
      "lhh_percent": 0.75,
      "start_speed": 85.07499999999999,
      "max_start_speed": 86.7,
      "ivb": 6.625,
      "hb": 9.95,
      "release_pos_z": 5.677832664667416,
      "release_pos_x": 0.9891770391987327,
      "extension": 6.357305634344441,
      "pitches": 8,
      "whiffs": 4,
      "swings": 6,
      "spin_rate": 1164,
      "swing_miss_percent": 66.7,
      "arm_angle": null,
      "barrels_per_pa_percent": 33.33333333333333,
      "hardhit_percent": 100,
      "whiffs_per_pitch": 0.5,
      "active_spin_percent": null
    },
    {
      "code": "SL",
      "title": "slider",
      "color": "#EEE716",
      "count": 2,
      "pitch_percent": 0.11764705882352941,
      "rhh_percent": 0.15384615384615385,
      "lhh_percent": 0,
      "start_speed": 84.4,
      "max_start_speed": 85.3,
      "ivb": 7.8999999999999995,
      "hb": -10.65,
      "release_pos_z": 5.529999245848261,
      "release_pos_x": 1.2205822944043958,
      "extension": 6.302611287155544,
      "active_spin_percent": null
    },
    {
      "code": "ST",
      "title": "sweeper",
      "color": "#DDB43A",
      "count": 1,
      "pitch_percent": 0.058823529411764705,
      "rhh_percent": 0.07692307692307693,
      "lhh_percent": 0,
      "start_speed": 84.8,
      "max_start_speed": 84.8,
      "ivb": 6.4,
      "hb": -13,
      "release_pos_z": 5.5800760165909145,
      "release_pos_x": 1.248278341212463,
      "extension": 6.268889015469672,
      "pitches": 10,
      "whiffs": 2,
      "swings": 6,
      "spin_rate": 2868,
      "swing_miss_percent": 33.3,
      "arm_angle": null,
      "barrels_per_pa_percent": 0,
      "hardhit_percent": 50,
      "whiffs_per_pitch": 0.2,
      "active_spin_percent": null
    },
    {
      "code": "FC",
      "title": "cutter",
      "color": "#933F2C",
      "count": 1,
      "pitch_percent": 0.058823529411764705,
      "rhh_percent": 0.07692307692307693,
      "lhh_percent": 0,
      "start_speed": 92.6,
      "max_start_speed": 92.6,
      "ivb": 12.8,
      "hb": -3.6,
      "release_pos_z": 5.651648670725449,
      "release_pos_x": 0.998483808119009,
      "extension": 6.36453359429825,
      "pitches": 12,
      "whiffs": 2,
      "swings": 8,
      "spin_rate": 2514,
      "swing_miss_percent": 25,
      "arm_angle": null,
      "barrels_per_pa_percent": 0,
      "hardhit_percent": 66.66666666666666,
      "whiffs_per_pitch": 0.16666666666666666,
      "active_spin_percent": null
    }
  ]
}