{
  "pitcher_id": "695076",
  "pitcher_name": "Rhett Lowder",
  "mlbam_id": "695076",
  "arm_angle_source": "dataset",
  "pitches": [
    {
      "code": "SI",
      "title": "sinker",
      "color": "#FE9E00",
      "count": 12,
      "pitch_percent": 0.32432432432432434,
      "rhh_percent": 0.6363636363636364,
      "lhh_percent": 0.19230769230769232,
      "start_speed": 92.84166666666668,
      "max_start_speed": 94.2,
      "ivb": 6.983333333333334,
      "hb": 20.599999999999998,
      "release_pos_z": 5.751323625703971,
      "release_pos_x": 2.5037902496893056,
      "extension": 6.261885494334052,
      "pitches": 88,
      "whiffs": 2,
      "swings": 40,
      "spin_rate": 2279,
      "swing_miss_percent": 5,
      "arm_angle": null,
      "barrels_per_pa_percent": 6.25,
      "hardhit_percent": 55.00000000000001,
      "whiffs_per_pitch": 0.022727272727272728,
      "active_spin_percent": null
    },
    {
      "code": "FF",
      "title": "four-seam fastball",
      "color": "#D22D49",
      "count": 9,
      "pitch_percent": 0.24324324324324326,
      "rhh_percent": 0.09090909090909091,
      "lhh_percent": 0.3076923076923077,
      "start_speed": 93.78888888888888,
      "max_start_speed": 95.2,
      "ivb": 14.244444444444444,
      "hb": 11.144444444444446,
      "release_pos_z": 6.021526009589919,
      "release_pos_x": 2.2527910615401905,
      "extension": 6.190585552651426,
      "pitches": 46,
      "whiffs": 6,
      "swings": 20,
      "spin_rate": 2229,
      "swing_miss_percent": 30,
      "arm_angle": null,
      "barrels_per_pa_percent": 0,
      "hardhit_percent": 42.857142857142854,
      "whiffs_per_pitch": 0.13043478260869565,
      "active_spin_percent": null
    },
    {
      "code": "CH",
      "title": "changeup",
      "color": "#1DBF3A",
      "count": 8,
      "pitch_percent": 0.21621621621621623,
      "rhh_percent": 0,
      "lhh_percent": 0.3076923076923077,
      "start_speed": 86.6125,
      "max_start_speed": 88,
      "ivb": -0.8875,
      "hb": 18.225,
      "release_pos_z": 5.673935876173257,
      "release_pos_x": 2.541048714844155,
      "extension": 6.283572336394657,
      "pitches": 59,
      "whiffs": 12,
      "swings": 29,
      "spin_rate": 2026,
      "swing_miss_percent": 41.4,
      "arm_angle": null,
      "barrels_per_pa_percent": 0,
      "hardhit_percent": 44.44444444444444,
      "whiffs_per_pitch": 0.2033898305084746,
      "active_spin_percent": null
    },
    {
      "code": "SL",
      "title": "slider",
      "color": "#EEE716",
      "count": 8,
      "pitch_percent": 0.21621621621621623,
      "rhh_percent": 0.2727272727272727,
      "lhh_percent": 0.19230769230769232,
      "start_speed": 84.08749999999999,
      "max_start_speed": 84.9,
      "ivb": -3.3124999999999996,
      "hb": -3.5625,
      "release_pos_z": 5.9071258414338805,
      "release_pos_x": 2.360208354523821,
      "extension": 6.069531644316794,
      "pitches": 59,
      "whiffs": 10,
      "swings": 24,
      "spin_rate": 2812,
      "swing_miss_percent": 41.7,
      "arm_angle": null,
      "barrels_per_pa_percent": 11.11111111111111,
      "hardhit_percent": 62.5,
      "whiffs_per_pitch": 0.1694915254237288,
      "active_spin_percent": null
    }
  ]
}