{
  "pitcher_id": "695076",
  "pitcher_name": "Rhett Lowder",
  "mlbam_id": "695076",
  "arm_angle_source": "dataset",
  "pitches": [
    {
      "code": "SI",
      "title": "sinker",
      "color": "#FE9E00",
      "count": 12,
      "pitch_percent": 0.32432432432432434,
      "rhh_percent": 0.6363636363636364,
      "lhh_percent": 0.19230769230769232,
      "start_speed": 92.84166666666668,
      "max_start_speed": 94.2,
      "ivb": 6.983333333333334,
      "hb": 20.599999999999998,
      "release_pos_z": 5.751323625703971,
      "release_pos_x": 2.5037902496893056,
      "extension": 6.261885494334052,
      "pitches": 38,
      "whiffs": 1,
      "swings": 16,
      "spin_rate": 2269,
      "swing_miss_percent": 6.3,
      "arm_angle": null,
      "barrels_per_pa_percent": 12.5,
      "hardhit_percent": 50,
      "whiffs_per_pitch": 0.02631578947368421,
      "active_spin_percent": null
    },
    {
      "code": "FF",
      "title": "four-seam fastball",
      "color": "#D22D49",
      "count": 9,
      "pitch_percent": 0.24324324324324326,
      "rhh_percent": 0.09090909090909091,
      "lhh_percent": 0.3076923076923077,
      "start_speed": 93.78888888888888,
      "max_start_speed": 95.2,
      "ivb": 14.244444444444444,
      "hb": 11.144444444444446,
      "release_pos_z": 6.021526009589919,
      "release_pos_x": 2.2527910615401905,
      "extension": 6.190585552651426,
      "pitches": 21,
      "whiffs": 1,
      "swings": 9,
      "spin_rate": 2199,
      "swing_miss_percent": 11.1,
      "arm_angle": null,
      "barrels_per_pa_percent": 0,
      "hardhit_percent": 20,
      "whiffs_per_pitch": 0.047619047619047616,
      "active_spin_percent": null
    },
    {
      "code": "CH",
      "title": "changeup",
      "color": "#1DBF3A",
      "count": 8,
      "pitch_percent": 0.21621621621621623,
      "rhh_percent": 0,
      "lhh_percent": 0.3076923076923077,
      "start_speed": 86.6125,
      "max_start_speed": 88,
      "ivb": -0.8875,
      "hb": 18.225,
      "release_pos_z": 5.673935876173257,
      "release_pos_x": 2.541048714844155,
      "extension": 6.283572336394657,
      "pitches": 32,
      "whiffs": 8,
      "swings": 17,
      "spin_rate": 2046,
      "swing_miss_percent": 47.1,
      "arm_angle": null,
      "barrels_per_pa_percent": 0,
      "hardhit_percent": 40,
      "whiffs_per_pitch": 0.25,
      "active_spin_percent": null
    },
    {
      "code": "SL",
      "title": "slider",
      "color": "#EEE716",
      "count": 8,
      "pitch_percent": 0.21621621621621623,
      "rhh_percent": 0.2727272727272727,
      "lhh_percent": 0.19230769230769232,
      "start_speed": 84.08749999999999,
      "max_start_speed": 84.9,
      "ivb": -3.3124999999999996,
      "hb": -3.5625,
      "release_pos_z": 5.9071258414338805,
      "release_pos_x": 2.360208354523821,
      "extension": 6.069531644316794,
      "pitches": 35,
      "whiffs": 10,
      "swings": 16,
      "spin_rate": 2833,
      "swing_miss_percent": 62.5,
      "arm_angle": null,
      "barrels_per_pa_percent": 33.33333333333333,
      "hardhit_percent": 100,
      "whiffs_per_pitch": 0.2857142857142857,
      "active_spin_percent": null
    }
  ]
}