{
  "pitcher_id": "695229",
  "pitcher_name": "Camden Minacci",
  "mlbam_id": "695229",
  "arm_angle_source": "dataset",
  "pitches": [
    {
      "code": "FF",
      "title": "four-seam fastball",
      "color": "#D22D49",
      "count": 9,
      "pitch_percent": 0.5294117647058824,
      "rhh_percent": 0.3333333333333333,
      "lhh_percent": 0.5714285714285714,
      "start_speed": 94.6888888888889,
      "max_start_speed": 96,
      "ivb": 14.222222222222221,
      "hb": 7.644444444444444,
      "release_pos_z": 5.893707992069011,
      "release_pos_x": 1.3970013783836335,
      "extension": 6.71644371356543,
      "pitches": 9,
      "whiffs": 3,
      "swings": 4,
      "spin_rate": null,
      "swing_miss_percent": 75,
      "arm_angle": null,
      "barrels_per_pa_percent": 0,
      "hardhit_percent": 0,
      "whiffs_per_pitch": 0.3333333333333333,
      "active_spin_percent": null
    },
    {
      "code": "FC",
      "title": "cutter",
      "color": "#933F2C",
      "count": 6,
      "pitch_percent": 0.35294117647058826,
      "rhh_percent": 0.6666666666666666,
      "lhh_percent": 0.2857142857142857,
      "start_speed": 88.08333333333333,
      "max_start_speed": 89.4,
      "ivb": 2.6833333333333336,
      "hb": -4.166666666666667,
      "release_pos_z": 6.042908657829268,
      "release_pos_x": 1.2854334267517824,
      "extension": 6.55073366534148,
      "pitches": 6,
      "whiffs": 0,
      "swings": 2,
      "spin_rate": null,
      "swing_miss_percent": 0,
      "arm_angle": null,
      "barrels_per_pa_percent": null,
      "hardhit_percent": null,
      "whiffs_per_pitch": 0,
      "active_spin_percent": null
    },
    {
      "code": "CU",
      "title": "curveball",
      "color": "#00D2ED",
      "count": 1,
      "pitch_percent": 0.058823529411764705,
      "rhh_percent": 0,
      "lhh_percent": 0.07142857142857142,
      "start_speed": 79.6,
      "max_start_speed": 79.6,
      "ivb": 1.2,
      "hb": -16.4,
      "release_pos_z": 5.995986212674109,
      "release_pos_x": 1.4346749188746164,
      "extension": 6.331524610541703,
      "pitches": 1,
      "whiffs": 0,
      "swings": 0,
      "spin_rate": null,
      "swing_miss_percent": null,
      "arm_angle": null,
      "barrels_per_pa_percent": null,
      "hardhit_percent": null,
      "whiffs_per_pitch": 0,
      "active_spin_percent": null
    },
    {
      "code": "SL",
      "title": "slider",
      "color": "#EEE716",
      "count": 1,
      "pitch_percent": 0.058823529411764705,
      "rhh_percent": 0,
      "lhh_percent": 0.07142857142857142,
      "start_speed": 85.8,
      "max_start_speed": 85.8,
      "ivb": -2.6,
      "hb": -9.6,
      "release_pos_z": 5.853378062896598,
      "release_pos_x": 1.279195400373808,
      "extension": 6.368078105732837,
      "pitches": 1,
      "whiffs": 0,
      "swings": 0,
      "spin_rate": null,
      "swing_miss_percent": null,
      "arm_angle": null,
      "barrels_per_pa_percent": null,
      "hardhit_percent": null,
      "whiffs_per_pitch": 0,
      "active_spin_percent": null
    }
  ]
}