{
  "pitcher_id": "695380",
  "pitcher_name": "Alex Hoppe",
  "mlbam_id": "695380",
  "arm_angle_source": "dataset",
  "pitches": [
    {
      "code": "FF",
      "title": "four-seam fastball",
      "color": "#D22D49",
      "count": 13,
      "pitch_percent": 0.5416666666666666,
      "rhh_percent": 0.5416666666666666,
      "lhh_percent": null,
      "start_speed": 97.29999999999998,
      "max_start_speed": 98.3,
      "ivb": 15.630769230769234,
      "hb": 5.015384615384615,
      "release_pos_z": 5.952703167409814,
      "release_pos_x": 1.128943183257707,
      "extension": 6.441688961323093,
      "pitches": 64,
      "whiffs": 6,
      "swings": 28,
      "spin_rate": 2160,
      "swing_miss_percent": 21.4,
      "arm_angle": null,
      "barrels_per_pa_percent": 0,
      "hardhit_percent": 44.44444444444444,
      "whiffs_per_pitch": 0.09375,
      "active_spin_percent": null
    },
    {
      "code": "SL",
      "title": "slider",
      "color": "#EEE716",
      "count": 9,
      "pitch_percent": 0.375,
      "rhh_percent": 0.375,
      "lhh_percent": null,
      "start_speed": 88.30000000000001,
      "max_start_speed": 90.1,
      "ivb": 0.4444444444444444,
      "hb": -5.133333333333333,
      "release_pos_z": 5.945223416875606,
      "release_pos_x": 1.1649361163625465,
      "extension": 6.446397293509318,
      "pitches": 54,
      "whiffs": 9,
      "swings": 21,
      "spin_rate": 2268,
      "swing_miss_percent": 42.9,
      "arm_angle": null,
      "barrels_per_pa_percent": 0,
      "hardhit_percent": 37.5,
      "whiffs_per_pitch": 0.16666666666666666,
      "active_spin_percent": null
    },
    {
      "code": "FC",
      "title": "cutter",
      "color": "#933F2C",
      "count": 2,
      "pitch_percent": 0.08333333333333333,
      "rhh_percent": 0.08333333333333333,
      "lhh_percent": null,
      "start_speed": 91.8,
      "max_start_speed": 92,
      "ivb": 4.6,
      "hb": -4,
      "release_pos_z": 5.913865241157147,
      "release_pos_x": 1.2235838477090186,
      "extension": 6.430406091987564,
      "pitches": 19,
      "whiffs": 4,
      "swings": 14,
      "spin_rate": 2309,
      "swing_miss_percent": 28.6,
      "arm_angle": null,
      "barrels_per_pa_percent": 16.666666666666664,
      "hardhit_percent": 75,
      "whiffs_per_pitch": 0.21052631578947367,
      "active_spin_percent": null
    }
  ]
}