{
  "pitcher_id": "695380",
  "pitcher_name": "Alex Hoppe",
  "mlbam_id": "695380",
  "arm_angle_source": "dataset",
  "pitches": [
    {
      "code": "FF",
      "title": "four-seam fastball",
      "color": "#D22D49",
      "count": 13,
      "pitch_percent": 0.5416666666666666,
      "rhh_percent": 0.5416666666666666,
      "lhh_percent": null,
      "start_speed": 97.29999999999998,
      "max_start_speed": 98.3,
      "ivb": 15.630769230769234,
      "hb": 5.015384615384615,
      "release_pos_z": 5.952703167409814,
      "release_pos_x": 1.128943183257707,
      "extension": 6.441688961323093,
      "pitches": 46,
      "whiffs": 5,
      "swings": 22,
      "spin_rate": 2198,
      "swing_miss_percent": 22.7,
      "arm_angle": null,
      "barrels_per_pa_percent": 0,
      "hardhit_percent": 57.14285714285714,
      "whiffs_per_pitch": 0.10869565217391304,
      "active_spin_percent": null
    },
    {
      "code": "SL",
      "title": "slider",
      "color": "#EEE716",
      "count": 9,
      "pitch_percent": 0.375,
      "rhh_percent": 0.375,
      "lhh_percent": null,
      "start_speed": 88.30000000000001,
      "max_start_speed": 90.1,
      "ivb": 0.4444444444444444,
      "hb": -5.133333333333333,
      "release_pos_z": 5.945223416875606,
      "release_pos_x": 1.1649361163625465,
      "extension": 6.446397293509318,
      "pitches": 29,
      "whiffs": 4,
      "swings": 13,
      "spin_rate": 2283,
      "swing_miss_percent": 30.8,
      "arm_angle": null,
      "barrels_per_pa_percent": 0,
      "hardhit_percent": 60,
      "whiffs_per_pitch": 0.13793103448275862,
      "active_spin_percent": null
    },
    {
      "code": "FC",
      "title": "cutter",
      "color": "#933F2C",
      "count": 2,
      "pitch_percent": 0.08333333333333333,
      "rhh_percent": 0.08333333333333333,
      "lhh_percent": null,
      "start_speed": 91.8,
      "max_start_speed": 92,
      "ivb": 4.6,
      "hb": -4,
      "release_pos_z": 5.913865241157147,
      "release_pos_x": 1.2235838477090186,
      "extension": 6.430406091987564,
      "pitches": 11,
      "whiffs": 2,
      "swings": 8,
      "spin_rate": 2306,
      "swing_miss_percent": 25,
      "arm_angle": null,
      "barrels_per_pa_percent": 33.33333333333333,
      "hardhit_percent": 66.66666666666666,
      "whiffs_per_pitch": 0.18181818181818182,
      "active_spin_percent": null
    }
  ]
}