{
  "pitcher_id": "696070",
  "pitcher_name": "Kendry Rojas",
  "mlbam_id": "696070",
  "arm_angle_source": "dataset",
  "pitches": [
    {
      "code": "FF",
      "title": "four-seam fastball",
      "color": "#D22D49",
      "count": 12,
      "pitch_percent": 0.5,
      "rhh_percent": 0.5555555555555556,
      "lhh_percent": 0.3333333333333333,
      "start_speed": 96.46666666666665,
      "max_start_speed": 98.5,
      "ivb": 15.225000000000001,
      "hb": 8.275,
      "release_pos_z": 6.168746278378854,
      "release_pos_x": 1.4992199187620956,
      "extension": 7.1983852071128736,
      "pitches": 30,
      "whiffs": 3,
      "swings": 14,
      "spin_rate": 2065,
      "swing_miss_percent": 21.4,
      "arm_angle": null,
      "barrels_per_pa_percent": 11.11111111111111,
      "hardhit_percent": 16.666666666666664,
      "whiffs_per_pitch": 0.1,
      "active_spin_percent": null
    },
    {
      "code": "SL",
      "title": "slider",
      "color": "#EEE716",
      "count": 8,
      "pitch_percent": 0.3333333333333333,
      "rhh_percent": 0.2222222222222222,
      "lhh_percent": 0.6666666666666666,
      "start_speed": 87.91250000000001,
      "max_start_speed": 89.5,
      "ivb": 2.9999999999999996,
      "hb": -2.1875,
      "release_pos_z": 5.9705554510864784,
      "release_pos_x": 1.6052840667351949,
      "extension": 7.376129764431959,
      "pitches": 13,
      "whiffs": 4,
      "swings": 5,
      "spin_rate": 2422,
      "swing_miss_percent": 80,
      "arm_angle": null,
      "barrels_per_pa_percent": null,
      "hardhit_percent": null,
      "whiffs_per_pitch": 0.3076923076923077,
      "active_spin_percent": null
    },
    {
      "code": "CH",
      "title": "changeup",
      "color": "#1DBF3A",
      "count": 4,
      "pitch_percent": 0.16666666666666666,
      "rhh_percent": 0.2222222222222222,
      "lhh_percent": 0,
      "start_speed": 89.25000000000001,
      "max_start_speed": 89.8,
      "ivb": 4.5,
      "hb": 10.675,
      "release_pos_z": 6.020156348862287,
      "release_pos_x": 1.3654681578334842,
      "extension": 7.679041024661498,
      "pitches": 16,
      "whiffs": 2,
      "swings": 7,
      "spin_rate": 1235,
      "swing_miss_percent": 28.6,
      "arm_angle": null,
      "barrels_per_pa_percent": 0,
      "hardhit_percent": 50,
      "whiffs_per_pitch": 0.125,
      "active_spin_percent": null
    }
  ]
}