{
  "pitcher_id": "696131",
  "pitcher_name": "Mason Black",
  "mlbam_id": "696131",
  "arm_angle_source": "dataset",
  "pitches": [
    {
      "code": "SI",
      "title": "sinker",
      "color": "#FE9E00",
      "count": 8,
      "pitch_percent": 0.2222222222222222,
      "rhh_percent": 0.4,
      "lhh_percent": 0.09523809523809523,
      "start_speed": 95.05,
      "max_start_speed": 96.9,
      "ivb": 9.5625,
      "hb": 17.462500000000002,
      "release_pos_z": 5.2574667220391795,
      "release_pos_x": 2.0013238344679465,
      "extension": 6.6282849633151155,
      "pitches": 8,
      "whiffs": 0,
      "swings": 2,
      "spin_rate": 2196,
      "swing_miss_percent": 0,
      "arm_angle": null,
      "barrels_per_pa_percent": null,
      "hardhit_percent": null,
      "whiffs_per_pitch": 0,
      "active_spin_percent": null
    },
    {
      "code": "FF",
      "title": "four-seam fastball",
      "color": "#D22D49",
      "count": 8,
      "pitch_percent": 0.2222222222222222,
      "rhh_percent": 0.06666666666666667,
      "lhh_percent": 0.3333333333333333,
      "start_speed": 95.02499999999999,
      "max_start_speed": 96.6,
      "ivb": 14.649999999999999,
      "hb": 12.9375,
      "release_pos_z": 5.351691749847271,
      "release_pos_x": 1.8926357232240307,
      "extension": 6.608376380473406,
      "pitches": 8,
      "whiffs": 1,
      "swings": 2,
      "spin_rate": 2083,
      "swing_miss_percent": 50,
      "arm_angle": null,
      "barrels_per_pa_percent": null,
      "hardhit_percent": null,
      "whiffs_per_pitch": 0.125,
      "active_spin_percent": null
    },
    {
      "code": "SL",
      "title": "slider",
      "color": "#EEE716",
      "count": 7,
      "pitch_percent": 0.19444444444444445,
      "rhh_percent": 0.26666666666666666,
      "lhh_percent": 0.14285714285714285,
      "start_speed": 84.82857142857142,
      "max_start_speed": 86.7,
      "ivb": -2.585714285714286,
      "hb": -5.257142857142858,
      "release_pos_z": 5.214519278008049,
      "release_pos_x": 2.192613474210208,
      "extension": 6.494139229374981,
      "pitches": 7,
      "whiffs": 1,
      "swings": 3,
      "spin_rate": 2560,
      "swing_miss_percent": 33.3,
      "arm_angle": null,
      "barrels_per_pa_percent": null,
      "hardhit_percent": null,
      "whiffs_per_pitch": 0.14285714285714285,
      "active_spin_percent": null
    },
    {
      "code": "ST",
      "title": "sweeper",
      "color": "#DDB43A",
      "count": 6,
      "pitch_percent": 0.16666666666666666,
      "rhh_percent": 0.2,
      "lhh_percent": 0.14285714285714285,
      "start_speed": 83.60000000000001,
      "max_start_speed": 85.1,
      "ivb": -1.75,
      "hb": -7.433333333333334,
      "release_pos_z": 5.201998697951093,
      "release_pos_x": 2.2224342031633815,
      "extension": 6.389696012696587,
      "pitches": 6,
      "whiffs": 1,
      "swings": 4,
      "spin_rate": 2531,
      "swing_miss_percent": 25,
      "arm_angle": null,
      "barrels_per_pa_percent": 0,
      "hardhit_percent": 100,
      "whiffs_per_pitch": 0.16666666666666666,
      "active_spin_percent": null
    },
    {
      "code": "FC",
      "title": "cutter",
      "color": "#933F2C",
      "count": 4,
      "pitch_percent": 0.1111111111111111,
      "rhh_percent": 0,
      "lhh_percent": 0.19047619047619047,
      "start_speed": 92.4,
      "max_start_speed": 93.5,
      "ivb": 6.800000000000001,
      "hb": 4.550000000000001,
      "release_pos_z": 5.282485604883455,
      "release_pos_x": 2.12636895676703,
      "extension": 6.533457442822651,
      "pitches": 4,
      "whiffs": 1,
      "swings": 3,
      "spin_rate": 2152,
      "swing_miss_percent": 33.3,
      "arm_angle": null,
      "barrels_per_pa_percent": 0,
      "hardhit_percent": 50,
      "whiffs_per_pitch": 0.25,
      "active_spin_percent": null
    },
    {
      "code": "CH",
      "title": "changeup",
      "color": "#1DBF3A",
      "count": 3,
      "pitch_percent": 0.08333333333333333,
      "rhh_percent": 0.06666666666666667,
      "lhh_percent": 0.09523809523809523,
      "start_speed": 89.36666666666667,
      "max_start_speed": 89.8,
      "ivb": 1.2333333333333334,
      "hb": 16.633333333333333,
      "release_pos_z": 5.044957311990682,
      "release_pos_x": 2.1757770597291453,
      "extension": 6.591493628218995,
      "pitches": 3,
      "whiffs": 0,
      "swings": 2,
      "spin_rate": 1331,
      "swing_miss_percent": 0,
      "arm_angle": null,
      "barrels_per_pa_percent": 100,
      "hardhit_percent": 100,
      "whiffs_per_pitch": 0,
      "active_spin_percent": null
    }
  ]
}