{
  "pitcher_id": "696519",
  "pitcher_name": "Samy Natera Jr.",
  "mlbam_id": "696519",
  "arm_angle_source": "dataset",
  "pitches": [
    {
      "code": "FF",
      "title": "four-seam fastball",
      "color": "#D22D49",
      "count": 16,
      "pitch_percent": 0.64,
      "rhh_percent": 0.5384615384615384,
      "lhh_percent": 0.75,
      "start_speed": 94.05,
      "max_start_speed": 94.9,
      "ivb": 18.462500000000002,
      "hb": 6.2437499999999995,
      "release_pos_z": 6.18828431133898,
      "release_pos_x": 1.0863797778367157,
      "extension": 6.674465664803345,
      "pitches": 26,
      "whiffs": 6,
      "swings": 14,
      "spin_rate": 2200,
      "swing_miss_percent": 42.9,
      "arm_angle": null,
      "barrels_per_pa_percent": 0,
      "hardhit_percent": 100,
      "whiffs_per_pitch": 0.23076923076923078,
      "active_spin_percent": null
    },
    {
      "code": "SL",
      "title": "slider",
      "color": "#EEE716",
      "count": 9,
      "pitch_percent": 0.36,
      "rhh_percent": 0.46153846153846156,
      "lhh_percent": 0.25,
      "start_speed": 85.73333333333335,
      "max_start_speed": 86.7,
      "ivb": 6.7,
      "hb": -5.044444444444445,
      "release_pos_z": 6.139633281180185,
      "release_pos_x": 1.310706529380352,
      "extension": 6.480401077543952,
      "pitches": 12,
      "whiffs": 2,
      "swings": 4,
      "spin_rate": 2528,
      "swing_miss_percent": 50,
      "arm_angle": null,
      "barrels_per_pa_percent": 0,
      "hardhit_percent": 100,
      "whiffs_per_pitch": 0.16666666666666666,
      "active_spin_percent": null
    }
  ]
}