{
  "pitcher_id": "700183",
  "pitcher_name": "Blake Holub",
  "mlbam_id": "700183",
  "arm_angle_source": "dataset",
  "pitches": [
    {
      "code": "FC",
      "title": "cutter",
      "color": "#933F2C",
      "count": 7,
      "pitch_percent": 0.5833333333333334,
      "rhh_percent": null,
      "lhh_percent": 0.5833333333333334,
      "start_speed": 95.25714285714285,
      "max_start_speed": 95.9,
      "ivb": 17.814285714285713,
      "hb": -1.0142857142857142,
      "release_pos_z": 6.809330939556534,
      "release_pos_x": 0.07575979629503594,
      "extension": 6.701340625776674,
      "pitches": 38,
      "whiffs": 9,
      "swings": 21,
      "spin_rate": 2240,
      "swing_miss_percent": 42.9,
      "arm_angle": null,
      "barrels_per_pa_percent": 0,
      "hardhit_percent": 40,
      "whiffs_per_pitch": 0.23684210526315788,
      "active_spin_percent": null
    },
    {
      "code": "SL",
      "title": "slider",
      "color": "#EEE716",
      "count": 5,
      "pitch_percent": 0.4166666666666667,
      "rhh_percent": null,
      "lhh_percent": 0.4166666666666667,
      "start_speed": 86.24,
      "max_start_speed": 87.4,
      "ivb": -0.27999999999999997,
      "hb": -3.8,
      "release_pos_z": 6.6954522456982914,
      "release_pos_x": 0.2721953440331357,
      "extension": 6.742105343070799,
      "pitches": 35,
      "whiffs": 2,
      "swings": 14,
      "spin_rate": 2311,
      "swing_miss_percent": 14.3,
      "arm_angle": null,
      "barrels_per_pa_percent": 0,
      "hardhit_percent": 33.33333333333333,
      "whiffs_per_pitch": 0.05714285714285714,
      "active_spin_percent": null
    }
  ]
}