{
  "pitcher_id": "700187",
  "pitcher_name": "Troy Taylor",
  "mlbam_id": "700187",
  "arm_angle_source": "dataset",
  "pitches": [
    {
      "code": "ST",
      "title": "sweeper",
      "color": "#DDB43A",
      "count": 6,
      "pitch_percent": 0.375,
      "rhh_percent": 0.36363636363636365,
      "lhh_percent": 0.4,
      "start_speed": 87.86666666666666,
      "max_start_speed": 88.9,
      "ivb": -1.383333333333333,
      "hb": -2.2166666666666663,
      "release_pos_z": 5.792600918736035,
      "release_pos_x": 1.766524349258334,
      "extension": 5.986558317738969,
      "pitches": 43,
      "whiffs": 4,
      "swings": 13,
      "spin_rate": 2589,
      "swing_miss_percent": 30.8,
      "arm_angle": null,
      "barrels_per_pa_percent": 0,
      "hardhit_percent": 40,
      "whiffs_per_pitch": 0.09302325581395349,
      "active_spin_percent": null
    },
    {
      "code": "SI",
      "title": "sinker",
      "color": "#FE9E00",
      "count": 6,
      "pitch_percent": 0.375,
      "rhh_percent": 0.36363636363636365,
      "lhh_percent": 0.4,
      "start_speed": 95.89999999999999,
      "max_start_speed": 97,
      "ivb": 9.45,
      "hb": 16.65,
      "release_pos_z": 5.79906194172695,
      "release_pos_x": 1.7966233676475003,
      "extension": 6.226339120603453,
      "pitches": 12,
      "whiffs": 0,
      "swings": 7,
      "spin_rate": 2282,
      "swing_miss_percent": 0,
      "arm_angle": null,
      "barrels_per_pa_percent": 11.11111111111111,
      "hardhit_percent": 83.33333333333334,
      "whiffs_per_pitch": 0,
      "active_spin_percent": null
    },
    {
      "code": "FF",
      "title": "four-seam fastball",
      "color": "#D22D49",
      "count": 4,
      "pitch_percent": 0.25,
      "rhh_percent": 0.2727272727272727,
      "lhh_percent": 0.2,
      "start_speed": 96.225,
      "max_start_speed": 96.9,
      "ivb": 12.1,
      "hb": 15.174999999999999,
      "release_pos_z": 5.797709996317073,
      "release_pos_x": 1.823597865722065,
      "extension": 6.146040177191001,
      "pitches": 28,
      "whiffs": 0,
      "swings": 15,
      "spin_rate": 2288,
      "swing_miss_percent": 0,
      "arm_angle": null,
      "barrels_per_pa_percent": 11.11111111111111,
      "hardhit_percent": 42.857142857142854,
      "whiffs_per_pitch": 0,
      "active_spin_percent": null
    }
  ]
}