{
  "pitcher_id": "700280",
  "pitcher_name": "Miguel Mendez",
  "mlbam_id": "700280",
  "arm_angle_source": "dataset",
  "pitches": [
    {
      "code": "FF",
      "title": "four-seam fastball",
      "color": "#D22D49",
      "count": 17,
      "pitch_percent": 0.5151515151515151,
      "rhh_percent": 0.5714285714285714,
      "lhh_percent": 0.47368421052631576,
      "start_speed": 98.28235294117648,
      "max_start_speed": 100.1,
      "ivb": 15.811764705882354,
      "hb": 12.96470588235294,
      "release_pos_z": 5.990573070538519,
      "release_pos_x": 2.254026327832367,
      "extension": 6.448117257027772,
      "pitches": 34,
      "whiffs": 1,
      "swings": 14,
      "spin_rate": 2335,
      "swing_miss_percent": 7.1,
      "arm_angle": null,
      "barrels_per_pa_percent": 11.11111111111111,
      "hardhit_percent": 75,
      "whiffs_per_pitch": 0.029411764705882353,
      "active_spin_percent": null
    },
    {
      "code": "FC",
      "title": "cutter",
      "color": "#933F2C",
      "count": 12,
      "pitch_percent": 0.36363636363636365,
      "rhh_percent": 0.35714285714285715,
      "lhh_percent": 0.3684210526315789,
      "start_speed": 85.10833333333333,
      "max_start_speed": 87.9,
      "ivb": 1.0166666666666668,
      "hb": -5.5249999999999995,
      "release_pos_z": 5.913307203378331,
      "release_pos_x": 2.204725371513542,
      "extension": 6.385520474608202,
      "pitches": 18,
      "whiffs": 2,
      "swings": 4,
      "spin_rate": 2521,
      "swing_miss_percent": 50,
      "arm_angle": null,
      "barrels_per_pa_percent": 0,
      "hardhit_percent": 100,
      "whiffs_per_pitch": 0.1111111111111111,
      "active_spin_percent": null
    },
    {
      "code": "CH",
      "title": "changeup",
      "color": "#1DBF3A",
      "count": 4,
      "pitch_percent": 0.12121212121212122,
      "rhh_percent": 0.07142857142857142,
      "lhh_percent": 0.15789473684210525,
      "start_speed": 89.475,
      "max_start_speed": 90.4,
      "ivb": 8.85,
      "hb": 16.05,
      "release_pos_z": 5.84977321942767,
      "release_pos_x": 2.2669194148058627,
      "extension": 6.5054359453518815,
      "pitches": 8,
      "whiffs": 2,
      "swings": 4,
      "spin_rate": 1935,
      "swing_miss_percent": 50,
      "arm_angle": null,
      "barrels_per_pa_percent": 0,
      "hardhit_percent": 100,
      "whiffs_per_pitch": 0.25,
      "active_spin_percent": null
    }
  ]
}