{
  "pitcher_id": "700712",
  "pitcher_name": "Walbert Urena",
  "mlbam_id": "700712",
  "arm_angle_source": "dataset",
  "pitches": [
    {
      "code": "SI",
      "title": "sinker",
      "color": "#FE9E00",
      "count": 14,
      "pitch_percent": 0.4375,
      "rhh_percent": 0.45454545454545453,
      "lhh_percent": 0.42857142857142855,
      "start_speed": 97.99285714285715,
      "max_start_speed": 99.8,
      "ivb": 7.407142857142857,
      "hb": 13.107142857142858,
      "release_pos_z": 6.305576106512198,
      "release_pos_x": 1.5327052020782281,
      "extension": 6.0461132865335765,
      "pitches": 23,
      "whiffs": 3,
      "swings": 10,
      "spin_rate": 2250,
      "swing_miss_percent": 30,
      "arm_angle": null,
      "barrels_per_pa_percent": 0,
      "hardhit_percent": 40,
      "whiffs_per_pitch": 0.13043478260869565,
      "active_spin_percent": null
    },
    {
      "code": "CH",
      "title": "changeup",
      "color": "#1DBF3A",
      "count": 9,
      "pitch_percent": 0.28125,
      "rhh_percent": 0.09090909090909091,
      "lhh_percent": 0.38095238095238093,
      "start_speed": 91.43333333333334,
      "max_start_speed": 92.9,
      "ivb": 4.6,
      "hb": 16.666666666666668,
      "release_pos_z": 6.306528639587062,
      "release_pos_x": 1.486158865448425,
      "extension": 6.146460936837864,
      "pitches": 15,
      "whiffs": 2,
      "swings": 9,
      "spin_rate": 1860,
      "swing_miss_percent": 22.2,
      "arm_angle": null,
      "barrels_per_pa_percent": 0,
      "hardhit_percent": 20,
      "whiffs_per_pitch": 0.13333333333333333,
      "active_spin_percent": null
    },
    {
      "code": "SL",
      "title": "slider",
      "color": "#EEE716",
      "count": 9,
      "pitch_percent": 0.28125,
      "rhh_percent": 0.45454545454545453,
      "lhh_percent": 0.19047619047619047,
      "start_speed": 84.37777777777778,
      "max_start_speed": 85.8,
      "ivb": -3.344444444444445,
      "hb": -9.577777777777778,
      "release_pos_z": 6.349999755831593,
      "release_pos_x": 1.5265097934938436,
      "extension": 6.009689800634859,
      "pitches": 12,
      "whiffs": 1,
      "swings": 3,
      "spin_rate": 2584,
      "swing_miss_percent": 33.3,
      "arm_angle": null,
      "barrels_per_pa_percent": 0,
      "hardhit_percent": 50,
      "whiffs_per_pitch": 0.08333333333333333,
      "active_spin_percent": null
    }
  ]
}