{
  "pitcher_id": "700786",
  "pitcher_name": "Ben Sears",
  "mlbam_id": "700786",
  "arm_angle_source": "dataset",
  "pitches": [
    {
      "code": "SI",
      "title": "sinker",
      "color": "#FE9E00",
      "count": 5,
      "pitch_percent": 0.38461538461538464,
      "rhh_percent": 0.3333333333333333,
      "lhh_percent": 0.4,
      "start_speed": 94.98,
      "max_start_speed": 95.7,
      "ivb": 11.4,
      "hb": 12.180000000000001,
      "release_pos_z": 5.550710812322896,
      "release_pos_x": 2.060318169701421,
      "extension": 6.346388694468433,
      "pitches": 29,
      "whiffs": 3,
      "swings": 15,
      "spin_rate": 2228,
      "swing_miss_percent": 20,
      "arm_angle": null,
      "barrels_per_pa_percent": 11.11111111111111,
      "hardhit_percent": 71.42857142857143,
      "whiffs_per_pitch": 0.10344827586206896,
      "active_spin_percent": null
    },
    {
      "code": "CH",
      "title": "changeup",
      "color": "#1DBF3A",
      "count": 3,
      "pitch_percent": 0.23076923076923078,
      "rhh_percent": 0,
      "lhh_percent": 0.3,
      "start_speed": 86.93333333333334,
      "max_start_speed": 87.4,
      "ivb": 6.3,
      "hb": 16.466666666666665,
      "release_pos_z": 5.210813732716662,
      "release_pos_x": 2.2529036937816187,
      "extension": 6.428088997692288,
      "pitches": 11,
      "whiffs": 1,
      "swings": 6,
      "spin_rate": 1802,
      "swing_miss_percent": 16.7,
      "arm_angle": null,
      "barrels_per_pa_percent": null,
      "hardhit_percent": null,
      "whiffs_per_pitch": 0.09090909090909091,
      "active_spin_percent": null
    },
    {
      "code": "SL",
      "title": "slider",
      "color": "#EEE716",
      "count": 2,
      "pitch_percent": 0.15384615384615385,
      "rhh_percent": 0.6666666666666666,
      "lhh_percent": 0,
      "start_speed": 81.9,
      "max_start_speed": 82.1,
      "ivb": 0.3999999999999999,
      "hb": -17.6,
      "release_pos_z": 5.194965246653007,
      "release_pos_x": 2.357349724901971,
      "extension": 6.131095454816999,
      "pitches": 22,
      "whiffs": 1,
      "swings": 8,
      "spin_rate": 2542,
      "swing_miss_percent": 12.5,
      "arm_angle": null,
      "barrels_per_pa_percent": 20,
      "hardhit_percent": 66.66666666666666,
      "whiffs_per_pitch": 0.045454545454545456,
      "active_spin_percent": null
    },
    {
      "code": "FC",
      "title": "cutter",
      "color": "#933F2C",
      "count": 2,
      "pitch_percent": 0.15384615384615385,
      "rhh_percent": 0,
      "lhh_percent": 0.2,
      "start_speed": 90.8,
      "max_start_speed": 90.8,
      "ivb": 7.9,
      "hb": -0.95,
      "release_pos_z": 5.540369133415075,
      "release_pos_x": 2.0618075466207832,
      "extension": 6.292687801667322,
      "pitches": 9,
      "whiffs": 0,
      "swings": 3,
      "spin_rate": 2397,
      "swing_miss_percent": 0,
      "arm_angle": null,
      "barrels_per_pa_percent": null,
      "hardhit_percent": null,
      "whiffs_per_pitch": 0,
      "active_spin_percent": null
    },
    {
      "code": "FF",
      "title": "four-seam fastball",
      "color": "#D22D49",
      "count": 1,
      "pitch_percent": 0.07692307692307693,
      "rhh_percent": 0,
      "lhh_percent": 0.1,
      "start_speed": 92.5,
      "max_start_speed": 92.5,
      "ivb": 10.4,
      "hb": 2.3,
      "release_pos_z": 5.597147091283244,
      "release_pos_x": 1.983451564415501,
      "extension": 6.154796155024816,
      "pitches": 7,
      "whiffs": 1,
      "swings": 4,
      "spin_rate": 2217,
      "swing_miss_percent": 25,
      "arm_angle": null,
      "barrels_per_pa_percent": null,
      "hardhit_percent": null,
      "whiffs_per_pitch": 0.14285714285714285,
      "active_spin_percent": null
    }
  ]
}