{
  "pitcher_id": "701565",
  "pitcher_name": "Connor Schultz",
  "mlbam_id": "701565",
  "arm_angle_source": "dataset",
  "pitches": [
    {
      "code": "CH",
      "title": "changeup",
      "color": "#1DBF3A",
      "count": 11,
      "pitch_percent": 0.4230769230769231,
      "rhh_percent": 0.18181818181818182,
      "lhh_percent": 0.6,
      "start_speed": 80.36363636363637,
      "max_start_speed": 81.6,
      "ivb": 6.427272727272728,
      "hb": 13.409090909090912,
      "release_pos_z": 6.035053550562416,
      "release_pos_x": 1.3500213694393812,
      "extension": 6.703419130396926,
      "pitches": 28,
      "whiffs": 5,
      "swings": 12,
      "spin_rate": 1847,
      "swing_miss_percent": 41.7,
      "arm_angle": null,
      "barrels_per_pa_percent": 14.285714285714285,
      "hardhit_percent": 50,
      "whiffs_per_pitch": 0.17857142857142858,
      "active_spin_percent": null
    },
    {
      "code": "SL",
      "title": "slider",
      "color": "#EEE716",
      "count": 7,
      "pitch_percent": 0.2692307692307692,
      "rhh_percent": 0.6363636363636364,
      "lhh_percent": 0,
      "start_speed": 83.54285714285716,
      "max_start_speed": 85.3,
      "ivb": -0.5714285714285714,
      "hb": -1.742857142857143,
      "release_pos_z": 6.113597646603226,
      "release_pos_x": 1.2831885627685964,
      "extension": 6.441496342320645,
      "pitches": 21,
      "whiffs": 5,
      "swings": 11,
      "spin_rate": 2147,
      "swing_miss_percent": 45.5,
      "arm_angle": null,
      "barrels_per_pa_percent": 0,
      "hardhit_percent": 40,
      "whiffs_per_pitch": 0.23809523809523808,
      "active_spin_percent": null
    },
    {
      "code": "SI",
      "title": "sinker",
      "color": "#FE9E00",
      "count": 6,
      "pitch_percent": 0.23076923076923078,
      "rhh_percent": 0.18181818181818182,
      "lhh_percent": 0.26666666666666666,
      "start_speed": 91.28333333333332,
      "max_start_speed": 92.4,
      "ivb": 12.233333333333334,
      "hb": 15.200000000000001,
      "release_pos_z": 6.080718115034675,
      "release_pos_x": 1.2386509162259218,
      "extension": 6.590267771056606,
      "pitches": 16,
      "whiffs": 1,
      "swings": 10,
      "spin_rate": 1995,
      "swing_miss_percent": 10,
      "arm_angle": null,
      "barrels_per_pa_percent": 25,
      "hardhit_percent": 75,
      "whiffs_per_pitch": 0.0625,
      "active_spin_percent": null
    },
    {
      "code": "FF",
      "title": "four-seam fastball",
      "color": "#D22D49",
      "count": 2,
      "pitch_percent": 0.07692307692307693,
      "rhh_percent": 0,
      "lhh_percent": 0.13333333333333333,
      "start_speed": 92.55000000000001,
      "max_start_speed": 93.2,
      "ivb": 15.55,
      "hb": 11.05,
      "release_pos_z": 6.142123013245693,
      "release_pos_x": 1.2517104313432232,
      "extension": 6.394674982959586,
      "pitches": 31,
      "whiffs": 3,
      "swings": 24,
      "spin_rate": 2053,
      "swing_miss_percent": 12.5,
      "arm_angle": null,
      "barrels_per_pa_percent": 11.11111111111111,
      "hardhit_percent": 50,
      "whiffs_per_pitch": 0.0967741935483871,
      "active_spin_percent": null
    }
  ]
}