{
  "pitcher_id": "701656",
  "pitcher_name": "Logan Henderson",
  "mlbam_id": "701656",
  "arm_angle_source": "dataset",
  "pitches": [
    {
      "code": "FF",
      "title": "four-seam fastball",
      "color": "#D22D49",
      "count": 8,
      "pitch_percent": 0.5714285714285714,
      "rhh_percent": 0.5714285714285714,
      "lhh_percent": 0.5714285714285714,
      "start_speed": 93.1,
      "max_start_speed": 94.2,
      "ivb": 17.9625,
      "hb": 8.0375,
      "release_pos_z": 5.227668263267818,
      "release_pos_x": 1.2234245838075413,
      "extension": 6.37622919054232,
      "pitches": 8,
      "whiffs": 1,
      "swings": 5,
      "spin_rate": 2245,
      "swing_miss_percent": 20,
      "arm_angle": null,
      "barrels_per_pa_percent": 0,
      "hardhit_percent": 0,
      "whiffs_per_pitch": 0.125,
      "active_spin_percent": null
    },
    {
      "code": "CH",
      "title": "changeup",
      "color": "#1DBF3A",
      "count": 3,
      "pitch_percent": 0.21428571428571427,
      "rhh_percent": 0.2857142857142857,
      "lhh_percent": 0.14285714285714285,
      "start_speed": 84.16666666666666,
      "max_start_speed": 84.6,
      "ivb": 8.766666666666667,
      "hb": 16.933333333333334,
      "release_pos_z": 5.170904056507783,
      "release_pos_x": 1.3341879908088903,
      "extension": 6.3328878057941145,
      "pitches": 3,
      "whiffs": 0,
      "swings": 2,
      "spin_rate": 2422,
      "swing_miss_percent": 0,
      "arm_angle": null,
      "barrels_per_pa_percent": 100,
      "hardhit_percent": 100,
      "whiffs_per_pitch": 0,
      "active_spin_percent": null
    },
    {
      "code": "FC",
      "title": "cutter",
      "color": "#933F2C",
      "count": 2,
      "pitch_percent": 0.14285714285714285,
      "rhh_percent": 0.14285714285714285,
      "lhh_percent": 0.14285714285714285,
      "start_speed": 87,
      "max_start_speed": 87.4,
      "ivb": 7.3999999999999995,
      "hb": -2.6500000000000004,
      "release_pos_z": 5.1020140578264535,
      "release_pos_x": 1.2954331814637956,
      "extension": 6.444714818190631,
      "pitches": 2,
      "whiffs": 0,
      "swings": 1,
      "spin_rate": 2273,
      "swing_miss_percent": 0,
      "arm_angle": null,
      "barrels_per_pa_percent": null,
      "hardhit_percent": null,
      "whiffs_per_pitch": 0,
      "active_spin_percent": null
    },
    {
      "code": "SL",
      "title": "slider",
      "color": "#EEE716",
      "count": 1,
      "pitch_percent": 0.07142857142857142,
      "rhh_percent": 0,
      "lhh_percent": 0.14285714285714285,
      "start_speed": 77.4,
      "max_start_speed": 77.4,
      "ivb": -12.8,
      "hb": -7.8,
      "release_pos_z": 5.358189178409399,
      "release_pos_x": 1.22067891563085,
      "extension": 6.404444164993017,
      "active_spin_percent": null
    }
  ]
}