{
  "pitcher_id": "701643",
  "pitcher_name": "Grant Hartwig",
  "mlbam_id": "701643",
  "arm_angle_source": "dataset",
  "pitches": [
    {
      "code": "SI",
      "title": "sinker",
      "color": "#FE9E00",
      "count": 9,
      "pitch_percent": 0.375,
      "rhh_percent": 0.5,
      "lhh_percent": 0.36363636363636365,
      "start_speed": 93.17777777777778,
      "max_start_speed": 94,
      "ivb": 5.422222222222222,
      "hb": 17.188888888888886,
      "release_pos_z": 5.317482391196126,
      "release_pos_x": 3.1327046630914968,
      "extension": 6.156118165753934,
      "pitches": 9,
      "whiffs": 1,
      "swings": 3,
      "spin_rate": 2093,
      "swing_miss_percent": 33.3,
      "arm_angle": null,
      "barrels_per_pa_percent": 0,
      "hardhit_percent": 0,
      "whiffs_per_pitch": 0.1111111111111111,
      "active_spin_percent": null
    },
    {
      "code": "FC",
      "title": "cutter",
      "color": "#933F2C",
      "count": 7,
      "pitch_percent": 0.2916666666666667,
      "rhh_percent": 0,
      "lhh_percent": 0.3181818181818182,
      "start_speed": 91.17142857142858,
      "max_start_speed": 91.9,
      "ivb": 8.114285714285714,
      "hb": 0.9428571428571431,
      "release_pos_z": 5.243654512112817,
      "release_pos_x": 3.467911169600086,
      "extension": 6.221366640193975,
      "pitches": 7,
      "whiffs": 1,
      "swings": 5,
      "spin_rate": 2144,
      "swing_miss_percent": 20,
      "arm_angle": null,
      "barrels_per_pa_percent": 33.33333333333333,
      "hardhit_percent": 66.66666666666666,
      "whiffs_per_pitch": 0.14285714285714285,
      "active_spin_percent": null
    },
    {
      "code": "ST",
      "title": "sweeper",
      "color": "#DDB43A",
      "count": 6,
      "pitch_percent": 0.25,
      "rhh_percent": 0.5,
      "lhh_percent": 0.22727272727272727,
      "start_speed": 81.63333333333334,
      "max_start_speed": 82.7,
      "ivb": 4.866666666666667,
      "hb": -11.733333333333334,
      "release_pos_z": 5.054600109932387,
      "release_pos_x": 3.3554248404204885,
      "extension": 6.078091085659195,
      "pitches": 6,
      "whiffs": 0,
      "swings": 3,
      "spin_rate": 2486,
      "swing_miss_percent": 0,
      "arm_angle": null,
      "barrels_per_pa_percent": 0,
      "hardhit_percent": 50,
      "whiffs_per_pitch": 0,
      "active_spin_percent": null
    },
    {
      "code": "CH",
      "title": "changeup",
      "color": "#1DBF3A",
      "count": 1,
      "pitch_percent": 0.041666666666666664,
      "rhh_percent": 0,
      "lhh_percent": 0.045454545454545456,
      "start_speed": 85.8,
      "max_start_speed": 85.8,
      "ivb": -1.2,
      "hb": 15.5,
      "release_pos_z": 5.112944917233026,
      "release_pos_x": 3.6417114703527655,
      "extension": 6.042454755290486,
      "pitches": 1,
      "whiffs": 0,
      "swings": 1,
      "spin_rate": 1706,
      "swing_miss_percent": 0,
      "arm_angle": null,
      "barrels_per_pa_percent": null,
      "hardhit_percent": null,
      "whiffs_per_pitch": 0,
      "active_spin_percent": null
    },
    {
      "code": "SL",
      "title": "slider",
      "color": "#EEE716",
      "count": 1,
      "pitch_percent": 0.041666666666666664,
      "rhh_percent": 0,
      "lhh_percent": 0.045454545454545456,
      "start_speed": 86.3,
      "max_start_speed": 86.3,
      "ivb": 1.7,
      "hb": -1,
      "release_pos_z": 5.371301344441752,
      "release_pos_x": 3.445785255230299,
      "extension": 6.262796690398207,
      "pitches": 1,
      "whiffs": 0,
      "swings": 1,
      "spin_rate": 2267,
      "swing_miss_percent": 0,
      "arm_angle": null,
      "barrels_per_pa_percent": null,
      "hardhit_percent": null,
      "whiffs_per_pitch": 0,
      "active_spin_percent": null
    }
  ]
}