{
  "pitcher_id": "702065",
  "pitcher_name": "Aaron Rozek",
  "mlbam_id": "702065",
  "arm_angle_source": "dataset",
  "pitches": [
    {
      "code": "FF",
      "title": "four-seam fastball",
      "color": "#D22D49",
      "count": 3,
      "pitch_percent": 0.23076923076923078,
      "rhh_percent": 0.2727272727272727,
      "lhh_percent": 0,
      "start_speed": 90.5,
      "max_start_speed": 91.2,
      "ivb": 10.399999999999999,
      "hb": 11.800000000000002,
      "release_pos_z": 5.4480379699059105,
      "release_pos_x": 3.685220809253284,
      "extension": 6.005306276340495,
      "pitches": 6,
      "whiffs": 0,
      "swings": 5,
      "spin_rate": 2238,
      "swing_miss_percent": 0,
      "arm_angle": null,
      "barrels_per_pa_percent": 0,
      "hardhit_percent": 100,
      "whiffs_per_pitch": 0,
      "active_spin_percent": null
    },
    {
      "code": "SL",
      "title": "slider",
      "color": "#EEE716",
      "count": 3,
      "pitch_percent": 0.23076923076923078,
      "rhh_percent": 0.2727272727272727,
      "lhh_percent": 0,
      "start_speed": 79.60000000000001,
      "max_start_speed": 80.3,
      "ivb": 0.7000000000000002,
      "hb": -12.6,
      "release_pos_z": 5.511215926054628,
      "release_pos_x": 3.927323216623071,
      "extension": 5.775158999091016,
      "pitches": 8,
      "whiffs": 0,
      "swings": 2,
      "spin_rate": 2561,
      "swing_miss_percent": 0,
      "arm_angle": null,
      "barrels_per_pa_percent": 0,
      "hardhit_percent": 50,
      "whiffs_per_pitch": 0,
      "active_spin_percent": null
    },
    {
      "code": "FC",
      "title": "cutter",
      "color": "#933F2C",
      "count": 3,
      "pitch_percent": 0.23076923076923078,
      "rhh_percent": 0.2727272727272727,
      "lhh_percent": 0,
      "start_speed": 86.39999999999999,
      "max_start_speed": 86.9,
      "ivb": 8.933333333333332,
      "hb": -0.7999999999999999,
      "release_pos_z": 5.498404863897194,
      "release_pos_x": 3.9322152094823903,
      "extension": 5.776768898281545,
      "pitches": 5,
      "whiffs": 1,
      "swings": 3,
      "spin_rate": 2434,
      "swing_miss_percent": 33.3,
      "arm_angle": null,
      "barrels_per_pa_percent": null,
      "hardhit_percent": null,
      "whiffs_per_pitch": 0.2,
      "active_spin_percent": null
    },
    {
      "code": "SI",
      "title": "sinker",
      "color": "#FE9E00",
      "count": 3,
      "pitch_percent": 0.23076923076923078,
      "rhh_percent": 0.09090909090909091,
      "lhh_percent": 1,
      "start_speed": 89.3,
      "max_start_speed": 89.7,
      "ivb": 1.5333333333333332,
      "hb": 14.233333333333334,
      "release_pos_z": 5.433822323624486,
      "release_pos_x": 3.7773545857932898,
      "extension": 5.864859179913117,
      "pitches": 8,
      "whiffs": 1,
      "swings": 7,
      "spin_rate": 2132,
      "swing_miss_percent": 14.3,
      "arm_angle": null,
      "barrels_per_pa_percent": 0,
      "hardhit_percent": 33.33333333333333,
      "whiffs_per_pitch": 0.125,
      "active_spin_percent": null
    },
    {
      "code": "CH",
      "title": "changeup",
      "color": "#1DBF3A",
      "count": 1,
      "pitch_percent": 0.07692307692307693,
      "rhh_percent": 0.09090909090909091,
      "lhh_percent": 0,
      "start_speed": 83,
      "max_start_speed": 83,
      "ivb": 2.9,
      "hb": 14.2,
      "release_pos_z": 5.45718949994963,
      "release_pos_x": 3.4449469079632307,
      "extension": 5.865968210461525,
      "pitches": 2,
      "whiffs": 0,
      "swings": 0,
      "spin_rate": 2106,
      "swing_miss_percent": null,
      "arm_angle": null,
      "barrels_per_pa_percent": null,
      "hardhit_percent": null,
      "whiffs_per_pitch": 0,
      "active_spin_percent": null
    }
  ]
}