{
  "pitcher_id": "702281",
  "pitcher_name": "Robby Snelling",
  "mlbam_id": "702281",
  "arm_angle_source": "dataset",
  "pitches": [
    {
      "code": "FF",
      "title": "four-seam fastball",
      "color": "#D22D49",
      "count": 5,
      "pitch_percent": 0.5,
      "rhh_percent": 0.42857142857142855,
      "lhh_percent": 0.6666666666666666,
      "start_speed": 96.38000000000001,
      "max_start_speed": 96.9,
      "ivb": 18.54,
      "hb": 2.5,
      "release_pos_z": 5.848968278446861,
      "release_pos_x": 2.602330149928656,
      "extension": 6.307208824195234,
      "pitches": 51,
      "whiffs": 7,
      "swings": 23,
      "spin_rate": 2518,
      "swing_miss_percent": 30.4,
      "arm_angle": null,
      "barrels_per_pa_percent": 0,
      "hardhit_percent": 66.66666666666666,
      "whiffs_per_pitch": 0.13725490196078433,
      "active_spin_percent": null
    },
    {
      "code": "CU",
      "title": "curveball",
      "color": "#00D2ED",
      "count": 5,
      "pitch_percent": 0.5,
      "rhh_percent": 0.5714285714285714,
      "lhh_percent": 0.3333333333333333,
      "start_speed": 84.32000000000001,
      "max_start_speed": 84.8,
      "ivb": -6.659999999999999,
      "hb": -11.02,
      "release_pos_z": 5.626302524645148,
      "release_pos_x": 2.847429935454051,
      "extension": 6.156938545750286,
      "pitches": 25,
      "whiffs": 1,
      "swings": 10,
      "spin_rate": 2560,
      "swing_miss_percent": 10,
      "arm_angle": null,
      "barrels_per_pa_percent": 0,
      "hardhit_percent": 75,
      "whiffs_per_pitch": 0.04,
      "active_spin_percent": null
    }
  ]
}