{
  "pitcher_id": "702352",
  "pitcher_name": "Spencer Bivens",
  "mlbam_id": "702352",
  "arm_angle_source": "dataset",
  "pitches": [
    {
      "code": "SI",
      "title": "sinker",
      "color": "#FE9E00",
      "count": 11,
      "pitch_percent": 0.5238095238095238,
      "rhh_percent": 0.75,
      "lhh_percent": 0.2222222222222222,
      "start_speed": 93.83636363636364,
      "max_start_speed": 94.9,
      "ivb": 4.145454545454546,
      "hb": 15.009090909090908,
      "release_pos_z": 5.894219146235056,
      "release_pos_x": 2.091502189280704,
      "extension": 6.5846316000079845,
      "pitches": 52,
      "whiffs": 3,
      "swings": 25,
      "spin_rate": 1847,
      "swing_miss_percent": 12,
      "arm_angle": null,
      "barrels_per_pa_percent": 0,
      "hardhit_percent": 43.75,
      "whiffs_per_pitch": 0.057692307692307696,
      "active_spin_percent": null
    },
    {
      "code": "ST",
      "title": "sweeper",
      "color": "#DDB43A",
      "count": 5,
      "pitch_percent": 0.23809523809523808,
      "rhh_percent": 0.25,
      "lhh_percent": 0.2222222222222222,
      "start_speed": 81.5,
      "max_start_speed": 82.8,
      "ivb": 3.9,
      "hb": -14.080000000000002,
      "release_pos_z": 5.81555803339797,
      "release_pos_x": 2.1384276474902535,
      "extension": 6.39982735396977,
      "pitches": 21,
      "whiffs": 1,
      "swings": 7,
      "spin_rate": 2191,
      "swing_miss_percent": 14.3,
      "arm_angle": null,
      "barrels_per_pa_percent": 25,
      "hardhit_percent": 66.66666666666666,
      "whiffs_per_pitch": 0.047619047619047616,
      "active_spin_percent": null
    },
    {
      "code": "CH",
      "title": "changeup",
      "color": "#1DBF3A",
      "count": 2,
      "pitch_percent": 0.09523809523809523,
      "rhh_percent": 0,
      "lhh_percent": 0.2222222222222222,
      "start_speed": 87.85,
      "max_start_speed": 88.2,
      "ivb": 1.25,
      "hb": 11.05,
      "release_pos_z": 5.841361190965987,
      "release_pos_x": 2.115691542092504,
      "extension": 6.706608676603109,
      "pitches": 15,
      "whiffs": 2,
      "swings": 8,
      "spin_rate": 1827,
      "swing_miss_percent": 25,
      "arm_angle": null,
      "barrels_per_pa_percent": 0,
      "hardhit_percent": 100,
      "whiffs_per_pitch": 0.13333333333333333,
      "active_spin_percent": null
    },
    {
      "code": "FF",
      "title": "four-seam fastball",
      "color": "#D22D49",
      "count": 2,
      "pitch_percent": 0.09523809523809523,
      "rhh_percent": 0,
      "lhh_percent": 0.2222222222222222,
      "start_speed": 94.15,
      "max_start_speed": 94.2,
      "ivb": 13,
      "hb": 8.55,
      "release_pos_z": 6.034023658073322,
      "release_pos_x": 2.02200932023857,
      "extension": 6.464217495801078,
      "pitches": 6,
      "whiffs": 0,
      "swings": 4,
      "spin_rate": 1901,
      "swing_miss_percent": 0,
      "arm_angle": null,
      "barrels_per_pa_percent": 0,
      "hardhit_percent": 100,
      "whiffs_per_pitch": 0,
      "active_spin_percent": null
    },
    {
      "code": "FC",
      "title": "cutter",
      "color": "#933F2C",
      "count": 1,
      "pitch_percent": 0.047619047619047616,
      "rhh_percent": 0,
      "lhh_percent": 0.1111111111111111,
      "start_speed": 90.7,
      "max_start_speed": 90.7,
      "ivb": 11.5,
      "hb": 2.6,
      "release_pos_z": 6.017475604579797,
      "release_pos_x": 1.9472308913474041,
      "extension": 6.574728030020074,
      "pitches": 29,
      "whiffs": 4,
      "swings": 11,
      "spin_rate": 2097,
      "swing_miss_percent": 36.4,
      "arm_angle": null,
      "barrels_per_pa_percent": 0,
      "hardhit_percent": 50,
      "whiffs_per_pitch": 0.13793103448275862,
      "active_spin_percent": null
    }
  ]
}