{
  "pitcher_id": "702303",
  "pitcher_name": "Riley Martin",
  "mlbam_id": "702303",
  "arm_angle_source": "dataset",
  "pitches": [
    {
      "code": "FF",
      "title": "four-seam fastball",
      "color": "#D22D49",
      "count": 25,
      "pitch_percent": 0.6578947368421053,
      "rhh_percent": 0.5,
      "lhh_percent": 0.75,
      "start_speed": 94.28,
      "max_start_speed": 96,
      "ivb": 17.96,
      "hb": 3.8320000000000003,
      "release_pos_z": 6.171886845950431,
      "release_pos_x": 1.995521012762901,
      "extension": 5.5462749811098035,
      "pitches": 33,
      "whiffs": 4,
      "swings": 19,
      "spin_rate": 2377,
      "swing_miss_percent": 21.1,
      "arm_angle": null,
      "barrels_per_pa_percent": 0,
      "hardhit_percent": 33.33333333333333,
      "whiffs_per_pitch": 0.12121212121212122,
      "active_spin_percent": null
    },
    {
      "code": "CU",
      "title": "curveball",
      "color": "#00D2ED",
      "count": 11,
      "pitch_percent": 0.2894736842105263,
      "rhh_percent": 0.42857142857142855,
      "lhh_percent": 0.20833333333333334,
      "start_speed": 83.71818181818183,
      "max_start_speed": 86.2,
      "ivb": -13.309090909090907,
      "hb": -6.1,
      "release_pos_z": 6.189180364281313,
      "release_pos_x": 2.1569076247402665,
      "extension": 5.377842134235989,
      "pitches": 14,
      "whiffs": 1,
      "swings": 8,
      "spin_rate": 2567,
      "swing_miss_percent": 12.5,
      "arm_angle": null,
      "barrels_per_pa_percent": 0,
      "hardhit_percent": 50,
      "whiffs_per_pitch": 0.07142857142857142,
      "active_spin_percent": null
    },
    {
      "code": "SL",
      "title": "slider",
      "color": "#EEE716",
      "count": 2,
      "pitch_percent": 0.05263157894736842,
      "rhh_percent": 0.07142857142857142,
      "lhh_percent": 0.041666666666666664,
      "start_speed": 89.85,
      "max_start_speed": 90.4,
      "ivb": 6.199999999999999,
      "hb": -2.9,
      "release_pos_z": 5.9646058570641,
      "release_pos_x": 2.3054533384701412,
      "extension": 5.6406275767732925,
      "pitches": 2,
      "whiffs": 0,
      "swings": 1,
      "spin_rate": 2395,
      "swing_miss_percent": 0,
      "arm_angle": null,
      "barrels_per_pa_percent": null,
      "hardhit_percent": null,
      "whiffs_per_pitch": 0,
      "active_spin_percent": null
    }
  ]
}