{
  "pitcher_id": "800048",
  "pitcher_name": "Parker Messick",
  "mlbam_id": "800048",
  "arm_angle_source": "dataset",
  "pitches": [
    {
      "code": "FF",
      "title": "four-seam fastball",
      "color": "#D22D49",
      "count": 17,
      "pitch_percent": 0.4358974358974359,
      "rhh_percent": 0.3888888888888889,
      "lhh_percent": 0.47619047619047616,
      "start_speed": 93.53529411764704,
      "max_start_speed": 94.8,
      "ivb": 16.8,
      "hb": 4.541176470588236,
      "release_pos_z": 5.489211402407536,
      "release_pos_x": 1.0022638930191536,
      "extension": 6.405205486276664,
      "pitches": 91,
      "whiffs": 9,
      "swings": 48,
      "spin_rate": 2116,
      "swing_miss_percent": 18.8,
      "arm_angle": null,
      "barrels_per_pa_percent": 11.11111111111111,
      "hardhit_percent": 55.00000000000001,
      "whiffs_per_pitch": 0.0989010989010989,
      "active_spin_percent": null
    },
    {
      "code": "SI",
      "title": "sinker",
      "color": "#FE9E00",
      "count": 7,
      "pitch_percent": 0.1794871794871795,
      "rhh_percent": 0.16666666666666666,
      "lhh_percent": 0.19047619047619047,
      "start_speed": 92.1857142857143,
      "max_start_speed": 93.5,
      "ivb": 10.685714285714287,
      "hb": 11.942857142857141,
      "release_pos_z": 5.438175994230037,
      "release_pos_x": 1.1871297902015516,
      "extension": 6.34647000639877,
      "pitches": 30,
      "whiffs": 3,
      "swings": 17,
      "spin_rate": 2055,
      "swing_miss_percent": 17.6,
      "arm_angle": null,
      "barrels_per_pa_percent": 0,
      "hardhit_percent": 30,
      "whiffs_per_pitch": 0.1,
      "active_spin_percent": null
    },
    {
      "code": "CH",
      "title": "changeup",
      "color": "#1DBF3A",
      "count": 7,
      "pitch_percent": 0.1794871794871795,
      "rhh_percent": 0.2777777777777778,
      "lhh_percent": 0.09523809523809523,
      "start_speed": 85.52857142857142,
      "max_start_speed": 87,
      "ivb": 3.614285714285714,
      "hb": 13.757142857142858,
      "release_pos_z": 5.448540099576292,
      "release_pos_x": 1.277481427664263,
      "extension": 6.205776104991899,
      "pitches": 46,
      "whiffs": 9,
      "swings": 25,
      "spin_rate": 1851,
      "swing_miss_percent": 36,
      "arm_angle": null,
      "barrels_per_pa_percent": 20,
      "hardhit_percent": 62.5,
      "whiffs_per_pitch": 0.1956521739130435,
      "active_spin_percent": null
    },
    {
      "code": "SL",
      "title": "slider",
      "color": "#EEE716",
      "count": 6,
      "pitch_percent": 0.15384615384615385,
      "rhh_percent": 0.05555555555555555,
      "lhh_percent": 0.23809523809523808,
      "start_speed": 86.53333333333332,
      "max_start_speed": 88.2,
      "ivb": 2.0500000000000003,
      "hb": -5.866666666666667,
      "release_pos_z": 5.475869975958972,
      "release_pos_x": 1.1137267686104348,
      "extension": 6.381856722349705,
      "pitches": 28,
      "whiffs": 4,
      "swings": 11,
      "spin_rate": 2265,
      "swing_miss_percent": 36.4,
      "arm_angle": null,
      "barrels_per_pa_percent": 0,
      "hardhit_percent": 50,
      "whiffs_per_pitch": 0.14285714285714285,
      "active_spin_percent": null
    },
    {
      "code": "CU",
      "title": "curveball",
      "color": "#00D2ED",
      "count": 2,
      "pitch_percent": 0.05128205128205128,
      "rhh_percent": 0.1111111111111111,
      "lhh_percent": 0,
      "start_speed": 78.65,
      "max_start_speed": 79,
      "ivb": -6,
      "hb": -11.55,
      "release_pos_z": 5.566111610615493,
      "release_pos_x": 1.0710666737835508,
      "extension": 6.254748229675494,
      "pitches": 29,
      "whiffs": 1,
      "swings": 8,
      "spin_rate": 2288,
      "swing_miss_percent": 12.5,
      "arm_angle": null,
      "barrels_per_pa_percent": 20,
      "hardhit_percent": 80,
      "whiffs_per_pitch": 0.034482758620689655,
      "active_spin_percent": null
    }
  ]
}