{
  "pitcher_id": "801179",
  "pitcher_name": "Yu-Min Lin",
  "mlbam_id": "801179",
  "arm_angle_source": "dataset",
  "pitches": [
    {
      "code": "FF",
      "title": "four-seam fastball",
      "color": "#D22D49",
      "count": 14,
      "pitch_percent": 0.4117647058823529,
      "rhh_percent": 0.4444444444444444,
      "lhh_percent": 0.375,
      "start_speed": 91.39285714285714,
      "max_start_speed": 93.2,
      "ivb": 13.850000000000003,
      "hb": 13.035714285714286,
      "release_pos_z": 5.754380259476908,
      "release_pos_x": 1.8041153256186033,
      "extension": 6.008618257492396,
      "pitches": 14,
      "whiffs": 1,
      "swings": 7,
      "spin_rate": 2143,
      "swing_miss_percent": 14.3,
      "arm_angle": null,
      "barrels_per_pa_percent": 25,
      "hardhit_percent": 33.33333333333333,
      "whiffs_per_pitch": 0.07142857142857142,
      "active_spin_percent": null
    },
    {
      "code": "SI",
      "title": "sinker",
      "color": "#FE9E00",
      "count": 5,
      "pitch_percent": 0.14705882352941177,
      "rhh_percent": 0.1111111111111111,
      "lhh_percent": 0.1875,
      "start_speed": 90.54,
      "max_start_speed": 91.8,
      "ivb": 6.040000000000001,
      "hb": 15.66,
      "release_pos_z": 5.693909934700066,
      "release_pos_x": 1.9310948972160022,
      "extension": 5.924932648108718,
      "pitches": 5,
      "whiffs": 0,
      "swings": 2,
      "spin_rate": 1920,
      "swing_miss_percent": 0,
      "arm_angle": null,
      "barrels_per_pa_percent": 0,
      "hardhit_percent": 100,
      "whiffs_per_pitch": 0,
      "active_spin_percent": null
    },
    {
      "code": "CH",
      "title": "changeup",
      "color": "#1DBF3A",
      "count": 5,
      "pitch_percent": 0.14705882352941177,
      "rhh_percent": 0.2777777777777778,
      "lhh_percent": 0,
      "start_speed": 81.16,
      "max_start_speed": 82.3,
      "ivb": 11.900000000000002,
      "hb": 16.46,
      "release_pos_z": 5.743120045205226,
      "release_pos_x": 1.83887830964861,
      "extension": 5.926697318583355,
      "pitches": 5,
      "whiffs": 2,
      "swings": 3,
      "spin_rate": 1925,
      "swing_miss_percent": 66.7,
      "arm_angle": null,
      "barrels_per_pa_percent": null,
      "hardhit_percent": null,
      "whiffs_per_pitch": 0.4,
      "active_spin_percent": null
    },
    {
      "code": "ST",
      "title": "sweeper",
      "color": "#DDB43A",
      "count": 4,
      "pitch_percent": 0.11764705882352941,
      "rhh_percent": 0,
      "lhh_percent": 0.25,
      "start_speed": 81.82499999999999,
      "max_start_speed": 82.9,
      "ivb": -2.475,
      "hb": -7.6,
      "release_pos_z": 5.606969145930286,
      "release_pos_x": 1.9485759687290187,
      "extension": 6.083010289765643,
      "pitches": 4,
      "whiffs": 1,
      "swings": 2,
      "spin_rate": 2806,
      "swing_miss_percent": 50,
      "arm_angle": null,
      "barrels_per_pa_percent": 0,
      "hardhit_percent": 0,
      "whiffs_per_pitch": 0.25,
      "active_spin_percent": null
    },
    {
      "code": "FC",
      "title": "cutter",
      "color": "#933F2C",
      "count": 3,
      "pitch_percent": 0.08823529411764706,
      "rhh_percent": 0,
      "lhh_percent": 0.1875,
      "start_speed": 84.13333333333334,
      "max_start_speed": 84.8,
      "ivb": 2.1333333333333333,
      "hb": -4,
      "release_pos_z": 5.454930190855387,
      "release_pos_x": 2.07255298800511,
      "extension": 6.1432091664428645,
      "pitches": 3,
      "whiffs": 0,
      "swings": 1,
      "spin_rate": 2621,
      "swing_miss_percent": 0,
      "arm_angle": null,
      "barrels_per_pa_percent": null,
      "hardhit_percent": null,
      "whiffs_per_pitch": 0,
      "active_spin_percent": null
    },
    {
      "code": "CU",
      "title": "curveball",
      "color": "#00D2ED",
      "count": 3,
      "pitch_percent": 0.08823529411764706,
      "rhh_percent": 0.16666666666666666,
      "lhh_percent": 0,
      "start_speed": 79.33333333333333,
      "max_start_speed": 80.5,
      "ivb": -12.700000000000001,
      "hb": -14.299999999999999,
      "release_pos_z": 5.72202021875999,
      "release_pos_x": 1.8830847458991204,
      "extension": 6.035008309088753,
      "pitches": 3,
      "whiffs": 0,
      "swings": 0,
      "spin_rate": 3341,
      "swing_miss_percent": null,
      "arm_angle": null,
      "barrels_per_pa_percent": null,
      "hardhit_percent": null,
      "whiffs_per_pitch": 0,
      "active_spin_percent": null
    }
  ]
}