{
  "pitcher_id": "801219",
  "pitcher_name": "Alfred Morillo",
  "mlbam_id": "801219",
  "arm_angle_source": "dataset",
  "pitches": [
    {
      "code": "SI",
      "title": "sinker",
      "color": "#FE9E00",
      "count": 8,
      "pitch_percent": 0.4444444444444444,
      "rhh_percent": 0.5384615384615384,
      "lhh_percent": 0.2,
      "start_speed": 95.2,
      "max_start_speed": 97.8,
      "ivb": 9.924999999999999,
      "hb": 12.4,
      "release_pos_z": 6.029940801462175,
      "release_pos_x": 1.6921017676758854,
      "extension": 6.085367581465327,
      "pitches": 14,
      "whiffs": 0,
      "swings": 5,
      "spin_rate": 2128,
      "swing_miss_percent": 0,
      "arm_angle": null,
      "barrels_per_pa_percent": 0,
      "hardhit_percent": 75,
      "whiffs_per_pitch": 0,
      "active_spin_percent": null
    },
    {
      "code": "FF",
      "title": "four-seam fastball",
      "color": "#D22D49",
      "count": 5,
      "pitch_percent": 0.2777777777777778,
      "rhh_percent": 0.23076923076923078,
      "lhh_percent": 0.4,
      "start_speed": 95.72,
      "max_start_speed": 98.1,
      "ivb": 13.680000000000001,
      "hb": 2.12,
      "release_pos_z": 6.077965666498665,
      "release_pos_x": 1.6110127342748566,
      "extension": 6.151950703963875,
      "pitches": 19,
      "whiffs": 4,
      "swings": 7,
      "spin_rate": 2121,
      "swing_miss_percent": 57.1,
      "arm_angle": null,
      "barrels_per_pa_percent": 16.666666666666664,
      "hardhit_percent": 100,
      "whiffs_per_pitch": 0.21052631578947367,
      "active_spin_percent": null
    },
    {
      "code": "FC",
      "title": "cutter",
      "color": "#933F2C",
      "count": 5,
      "pitch_percent": 0.2777777777777778,
      "rhh_percent": 0.23076923076923078,
      "lhh_percent": 0.4,
      "start_speed": 88.88,
      "max_start_speed": 90.4,
      "ivb": 3.2599999999999993,
      "hb": -4.62,
      "release_pos_z": 5.910655019477422,
      "release_pos_x": 1.891243610999156,
      "extension": 6.136992933030049,
      "pitches": 11,
      "whiffs": 0,
      "swings": 4,
      "spin_rate": 2391,
      "swing_miss_percent": 0,
      "arm_angle": null,
      "barrels_per_pa_percent": 0,
      "hardhit_percent": 100,
      "whiffs_per_pitch": 0,
      "active_spin_percent": null
    }
  ]
}