{
  "pitcher_id": "801434",
  "pitcher_name": "Paul Gervase",
  "mlbam_id": "801434",
  "arm_angle_source": "dataset",
  "pitches": [
    {
      "code": "SL",
      "title": "slider",
      "color": "#EEE716",
      "count": 9,
      "pitch_percent": 0.4090909090909091,
      "rhh_percent": 0.5555555555555556,
      "lhh_percent": 0.3076923076923077,
      "start_speed": 84.37777777777778,
      "max_start_speed": 86.8,
      "ivb": -1.1666666666666665,
      "hb": -0.8555555555555556,
      "release_pos_z": 5.984410868866385,
      "release_pos_x": 2.2100822994254634,
      "extension": 7.692282912636007,
      "pitches": 48,
      "whiffs": 9,
      "swings": 24,
      "spin_rate": 2192,
      "swing_miss_percent": 37.5,
      "arm_angle": null,
      "barrels_per_pa_percent": 5.555555555555555,
      "hardhit_percent": 58.333333333333336,
      "whiffs_per_pitch": 0.1875,
      "active_spin_percent": null
    },
    {
      "code": "FF",
      "title": "four-seam fastball",
      "color": "#D22D49",
      "count": 8,
      "pitch_percent": 0.36363636363636365,
      "rhh_percent": 0.2222222222222222,
      "lhh_percent": 0.46153846153846156,
      "start_speed": 93.66250000000001,
      "max_start_speed": 96.4,
      "ivb": 17.3625,
      "hb": 5.2749999999999995,
      "release_pos_z": 6.0603846719436705,
      "release_pos_x": 2.2126473000550906,
      "extension": 7.498014350080279,
      "pitches": 56,
      "whiffs": 9,
      "swings": 25,
      "spin_rate": 2146,
      "swing_miss_percent": 36,
      "arm_angle": null,
      "barrels_per_pa_percent": 8.333333333333332,
      "hardhit_percent": 42.857142857142854,
      "whiffs_per_pitch": 0.16071428571428573,
      "active_spin_percent": null
    },
    {
      "code": "FC",
      "title": "cutter",
      "color": "#933F2C",
      "count": 5,
      "pitch_percent": 0.22727272727272727,
      "rhh_percent": 0.2222222222222222,
      "lhh_percent": 0.23076923076923078,
      "start_speed": 89.66,
      "max_start_speed": 91.5,
      "ivb": 12.120000000000001,
      "hb": -2.8600000000000003,
      "release_pos_z": 5.9580729382987245,
      "release_pos_x": 2.3270228876281545,
      "extension": 7.545900316930599,
      "pitches": 30,
      "whiffs": 3,
      "swings": 11,
      "spin_rate": 2274,
      "swing_miss_percent": 27.3,
      "arm_angle": null,
      "barrels_per_pa_percent": 0,
      "hardhit_percent": 0,
      "whiffs_per_pitch": 0.1,
      "active_spin_percent": null
    }
  ]
}