{
  "pitcher_id": "801546",
  "pitcher_name": "Zane Russell",
  "mlbam_id": "801546",
  "arm_angle_source": "dataset",
  "pitches": [
    {
      "code": "FF",
      "title": "four-seam fastball",
      "color": "#D22D49",
      "count": 18,
      "pitch_percent": 0.6666666666666666,
      "rhh_percent": 0.65,
      "lhh_percent": 0.7142857142857143,
      "start_speed": 91.44444444444443,
      "max_start_speed": 92.5,
      "ivb": 17.344444444444445,
      "hb": 5.611111111111111,
      "release_pos_z": 6.439451978246663,
      "release_pos_x": 1.1146460231662798,
      "extension": 5.945575208679666,
      "pitches": 18,
      "whiffs": 1,
      "swings": 6,
      "spin_rate": 2046,
      "swing_miss_percent": 16.7,
      "arm_angle": null,
      "barrels_per_pa_percent": 0,
      "hardhit_percent": 0,
      "whiffs_per_pitch": 0.05555555555555555,
      "active_spin_percent": null
    },
    {
      "code": "CH",
      "title": "changeup",
      "color": "#1DBF3A",
      "count": 7,
      "pitch_percent": 0.25925925925925924,
      "rhh_percent": 0.25,
      "lhh_percent": 0.2857142857142857,
      "start_speed": 84.12857142857145,
      "max_start_speed": 84.9,
      "ivb": 5.257142857142858,
      "hb": 13.342857142857142,
      "release_pos_z": 6.28601312648785,
      "release_pos_x": 1.4033110736124563,
      "extension": 5.928466729780154,
      "pitches": 7,
      "whiffs": 0,
      "swings": 4,
      "spin_rate": 1466,
      "swing_miss_percent": 0,
      "arm_angle": null,
      "barrels_per_pa_percent": 0,
      "hardhit_percent": 100,
      "whiffs_per_pitch": 0,
      "active_spin_percent": null
    },
    {
      "code": "SL",
      "title": "slider",
      "color": "#EEE716",
      "count": 2,
      "pitch_percent": 0.07407407407407407,
      "rhh_percent": 0.1,
      "lhh_percent": 0,
      "start_speed": 83.65,
      "max_start_speed": 84.3,
      "ivb": 4.9,
      "hb": -1.9499999999999997,
      "release_pos_z": 6.31246777268395,
      "release_pos_x": 1.3325311585047386,
      "extension": 5.929452972032486,
      "pitches": 2,
      "whiffs": 0,
      "swings": 1,
      "spin_rate": 1988,
      "swing_miss_percent": 0,
      "arm_angle": null,
      "barrels_per_pa_percent": null,
      "hardhit_percent": null,
      "whiffs_per_pitch": 0,
      "active_spin_percent": null
    }
  ]
}