{
  "pitcher_id": "801739",
  "pitcher_name": "Carlos Lagrange",
  "mlbam_id": "801739",
  "arm_angle_source": "dataset",
  "pitches": [
    {
      "code": "FF",
      "title": "four-seam fastball",
      "color": "#D22D49",
      "count": 19,
      "pitch_percent": 0.3584905660377358,
      "rhh_percent": 0.4444444444444444,
      "lhh_percent": 0.2692307692307692,
      "start_speed": 99.76315789473684,
      "max_start_speed": 102.4,
      "ivb": 17.610526315789475,
      "hb": 9.110526315789473,
      "release_pos_z": 6.53166045299223,
      "release_pos_x": 1.8314442773381718,
      "extension": 5.8539517369918626,
      "pitches": 106,
      "whiffs": 17,
      "swings": 58,
      "spin_rate": 2406,
      "swing_miss_percent": 29.3,
      "arm_angle": null,
      "barrels_per_pa_percent": 6.0606060606060606,
      "hardhit_percent": 38.46153846153847,
      "whiffs_per_pitch": 0.16037735849056603,
      "active_spin_percent": null
    },
    {
      "code": "SL",
      "title": "slider",
      "color": "#EEE716",
      "count": 14,
      "pitch_percent": 0.2641509433962264,
      "rhh_percent": 0.14814814814814814,
      "lhh_percent": 0.38461538461538464,
      "start_speed": 82.62857142857145,
      "max_start_speed": 84.2,
      "ivb": 3.492857142857143,
      "hb": -15.185714285714285,
      "release_pos_z": 6.395947465013646,
      "release_pos_x": 2.210228171825389,
      "extension": 5.625415142978325,
      "pitches": 62,
      "whiffs": 16,
      "swings": 29,
      "spin_rate": 2341,
      "swing_miss_percent": 55.2,
      "arm_angle": null,
      "barrels_per_pa_percent": 9.090909090909092,
      "hardhit_percent": 33.33333333333333,
      "whiffs_per_pitch": 0.25806451612903225,
      "active_spin_percent": null
    },
    {
      "code": "CH",
      "title": "changeup",
      "color": "#1DBF3A",
      "count": 11,
      "pitch_percent": 0.20754716981132076,
      "rhh_percent": 0.2222222222222222,
      "lhh_percent": 0.19230769230769232,
      "start_speed": 91.53636363636363,
      "max_start_speed": 93.2,
      "ivb": 8.52727272727273,
      "hb": 14.48181818181818,
      "release_pos_z": 6.504902603344612,
      "release_pos_x": 1.9634450888270372,
      "extension": 5.880466836913073,
      "pitches": 42,
      "whiffs": 9,
      "swings": 23,
      "spin_rate": 2164,
      "swing_miss_percent": 39.1,
      "arm_angle": null,
      "barrels_per_pa_percent": 11.11111111111111,
      "hardhit_percent": 20,
      "whiffs_per_pitch": 0.21428571428571427,
      "active_spin_percent": null
    },
    {
      "code": "FC",
      "title": "cutter",
      "color": "#933F2C",
      "count": 9,
      "pitch_percent": 0.16981132075471697,
      "rhh_percent": 0.18518518518518517,
      "lhh_percent": 0.15384615384615385,
      "start_speed": 87.05555555555554,
      "max_start_speed": 89,
      "ivb": 2.488888888888889,
      "hb": -5.911111111111111,
      "release_pos_z": 6.6703147819216575,
      "release_pos_x": 1.9130934169140654,
      "extension": 5.777338002504097,
      "active_spin_percent": null
    }
  ]
}