{
  "pitcher_id": "804948",
  "pitcher_name": "Gage Stanifer",
  "mlbam_id": "804948",
  "arm_angle_source": "dataset",
  "pitches": [
    {
      "code": "SI",
      "title": "sinker",
      "color": "#FE9E00",
      "count": 8,
      "pitch_percent": 0.5714285714285714,
      "rhh_percent": 0.5714285714285714,
      "lhh_percent": null,
      "start_speed": 93.72499999999998,
      "max_start_speed": 95,
      "ivb": 15.975000000000001,
      "hb": 13.875000000000002,
      "release_pos_z": 5.99420958455126,
      "release_pos_x": 1.3264223566471554,
      "extension": 6.1906496420526596,
      "pitches": 26,
      "whiffs": 2,
      "swings": 9,
      "spin_rate": 2235,
      "swing_miss_percent": 22.2,
      "arm_angle": null,
      "barrels_per_pa_percent": 0,
      "hardhit_percent": 50,
      "whiffs_per_pitch": 0.07692307692307693,
      "active_spin_percent": null
    },
    {
      "code": "SL",
      "title": "slider",
      "color": "#EEE716",
      "count": 6,
      "pitch_percent": 0.42857142857142855,
      "rhh_percent": 0.42857142857142855,
      "lhh_percent": null,
      "start_speed": 84.83333333333333,
      "max_start_speed": 85.8,
      "ivb": -0.5833333333333334,
      "hb": 5.583333333333333,
      "release_pos_z": 5.773693172987958,
      "release_pos_x": 1.5635267975594687,
      "extension": 6.038517119252802,
      "pitches": 8,
      "whiffs": 1,
      "swings": 4,
      "spin_rate": 2102,
      "swing_miss_percent": 25,
      "arm_angle": null,
      "barrels_per_pa_percent": 0,
      "hardhit_percent": 50,
      "whiffs_per_pitch": 0.125,
      "active_spin_percent": null
    }
  ]
}