{
  "pitcher_id": "805326",
  "pitcher_name": "Tyler Schweitzer",
  "mlbam_id": "805326",
  "arm_angle_source": "dataset",
  "pitches": [
    {
      "code": "FF",
      "title": "four-seam fastball",
      "color": "#D22D49",
      "count": 12,
      "pitch_percent": 0.5217391304347826,
      "rhh_percent": 0.5625,
      "lhh_percent": 0.42857142857142855,
      "start_speed": 93.90833333333335,
      "max_start_speed": 95.6,
      "ivb": 14.608333333333334,
      "hb": 4.916666666666666,
      "release_pos_z": 5.948099618628386,
      "release_pos_x": 2.221820687896797,
      "extension": 6.0837893608316085,
      "pitches": 27,
      "whiffs": 1,
      "swings": 14,
      "spin_rate": 2368,
      "swing_miss_percent": 7.1,
      "arm_angle": null,
      "barrels_per_pa_percent": 0,
      "hardhit_percent": 80,
      "whiffs_per_pitch": 0.037037037037037035,
      "active_spin_percent": null
    },
    {
      "code": "SL",
      "title": "slider",
      "color": "#EEE716",
      "count": 5,
      "pitch_percent": 0.21739130434782608,
      "rhh_percent": 0.125,
      "lhh_percent": 0.42857142857142855,
      "start_speed": 86.02000000000001,
      "max_start_speed": 87.1,
      "ivb": 4.58,
      "hb": -6.1000000000000005,
      "release_pos_z": 5.911339203061016,
      "release_pos_x": 2.2545604314652627,
      "extension": 6.261017584188238,
      "pitches": 15,
      "whiffs": 3,
      "swings": 10,
      "spin_rate": 2380,
      "swing_miss_percent": 30,
      "arm_angle": null,
      "barrels_per_pa_percent": 0,
      "hardhit_percent": 75,
      "whiffs_per_pitch": 0.2,
      "active_spin_percent": null
    },
    {
      "code": "CH",
      "title": "changeup",
      "color": "#1DBF3A",
      "count": 5,
      "pitch_percent": 0.21739130434782608,
      "rhh_percent": 0.25,
      "lhh_percent": 0.14285714285714285,
      "start_speed": 87.66,
      "max_start_speed": 88.3,
      "ivb": 4.74,
      "hb": 15,
      "release_pos_z": 5.961331152386502,
      "release_pos_x": 2.317268227715547,
      "extension": 5.963187633248128,
      "pitches": 10,
      "whiffs": 3,
      "swings": 5,
      "spin_rate": 2055,
      "swing_miss_percent": 60,
      "arm_angle": null,
      "barrels_per_pa_percent": 0,
      "hardhit_percent": 100,
      "whiffs_per_pitch": 0.3,
      "active_spin_percent": null
    },
    {
      "code": "CU",
      "title": "curveball",
      "color": "#00D2ED",
      "count": 1,
      "pitch_percent": 0.043478260869565216,
      "rhh_percent": 0.0625,
      "lhh_percent": 0,
      "start_speed": 79,
      "max_start_speed": 79,
      "ivb": -5.3,
      "hb": -8.6,
      "release_pos_z": 5.972346536993622,
      "release_pos_x": 2.216388906955317,
      "extension": 6.278993137199303,
      "pitches": 6,
      "whiffs": 0,
      "swings": 2,
      "spin_rate": 2537,
      "swing_miss_percent": 0,
      "arm_angle": null,
      "barrels_per_pa_percent": 0,
      "hardhit_percent": 100,
      "whiffs_per_pitch": 0,
      "active_spin_percent": null
    }
  ]
}