{
  "pitcher_id": "805427",
  "pitcher_name": "Drew Sommers",
  "mlbam_id": "805427",
  "arm_angle_source": "dataset",
  "pitches": [
    {
      "code": "SI",
      "title": "sinker",
      "color": "#FE9E00",
      "count": 13,
      "pitch_percent": 0.6190476190476191,
      "rhh_percent": 0.6470588235294118,
      "lhh_percent": 0.5,
      "start_speed": 94.1,
      "max_start_speed": 94.7,
      "ivb": 3.807692307692307,
      "hb": 17.153846153846153,
      "release_pos_z": 4.606925907789161,
      "release_pos_x": 2.968173854502271,
      "extension": 7.132104694882177,
      "pitches": 13,
      "whiffs": 2,
      "swings": 3,
      "spin_rate": 1919,
      "swing_miss_percent": 66.7,
      "arm_angle": null,
      "barrels_per_pa_percent": null,
      "hardhit_percent": null,
      "whiffs_per_pitch": 0.15384615384615385,
      "active_spin_percent": null
    },
    {
      "code": "SL",
      "title": "slider",
      "color": "#EEE716",
      "count": 4,
      "pitch_percent": 0.19047619047619047,
      "rhh_percent": 0.11764705882352941,
      "lhh_percent": 0.5,
      "start_speed": 83.025,
      "max_start_speed": 83.4,
      "ivb": -4.525,
      "hb": -6.525,
      "release_pos_z": 4.6493113218424,
      "release_pos_x": 2.870732318381933,
      "extension": 7.154106422584529,
      "pitches": 4,
      "whiffs": 1,
      "swings": 2,
      "spin_rate": 2135,
      "swing_miss_percent": 50,
      "arm_angle": null,
      "barrels_per_pa_percent": 0,
      "hardhit_percent": 0,
      "whiffs_per_pitch": 0.25,
      "active_spin_percent": null
    },
    {
      "code": "CH",
      "title": "changeup",
      "color": "#1DBF3A",
      "count": 2,
      "pitch_percent": 0.09523809523809523,
      "rhh_percent": 0.11764705882352941,
      "lhh_percent": 0,
      "start_speed": 88.44999999999999,
      "max_start_speed": 88.6,
      "ivb": -0.19999999999999998,
      "hb": 17.9,
      "release_pos_z": 4.570644102711639,
      "release_pos_x": 3.046068614223846,
      "extension": 7.279363599389354,
      "pitches": 2,
      "whiffs": 0,
      "swings": 1,
      "spin_rate": 1845,
      "swing_miss_percent": 0,
      "arm_angle": null,
      "barrels_per_pa_percent": 0,
      "hardhit_percent": 0,
      "whiffs_per_pitch": 0,
      "active_spin_percent": null
    },
    {
      "code": "FF",
      "title": "four-seam fastball",
      "color": "#D22D49",
      "count": 2,
      "pitch_percent": 0.09523809523809523,
      "rhh_percent": 0.11764705882352941,
      "lhh_percent": 0,
      "start_speed": 93.15,
      "max_start_speed": 93.3,
      "ivb": 9.3,
      "hb": 11.4,
      "release_pos_z": 4.689247862358988,
      "release_pos_x": 2.9146060407719285,
      "extension": 7.138357043126,
      "pitches": 2,
      "whiffs": 0,
      "swings": 0,
      "spin_rate": 2108,
      "swing_miss_percent": null,
      "arm_angle": null,
      "barrels_per_pa_percent": null,
      "hardhit_percent": null,
      "whiffs_per_pitch": 0,
      "active_spin_percent": null
    }
  ]
}