{
  "pitcher_id": "805990",
  "pitcher_name": "Grant Kipp",
  "mlbam_id": "805990",
  "arm_angle_source": "dataset",
  "pitches": [
    {
      "code": "FF",
      "title": "four-seam fastball",
      "color": "#D22D49",
      "count": 4,
      "pitch_percent": 0.25,
      "rhh_percent": 0,
      "lhh_percent": 0.5714285714285714,
      "start_speed": 92.825,
      "max_start_speed": 94,
      "ivb": 14.025,
      "hb": 5.249999999999999,
      "release_pos_z": 5.862661035461433,
      "release_pos_x": 2.182790949473959,
      "extension": 7.06314200459855,
      "pitches": 29,
      "whiffs": 2,
      "swings": 15,
      "spin_rate": 2426,
      "swing_miss_percent": 13.3,
      "arm_angle": null,
      "barrels_per_pa_percent": 0,
      "hardhit_percent": 40,
      "whiffs_per_pitch": 0.06896551724137931,
      "active_spin_percent": null
    },
    {
      "code": "CU",
      "title": "curveball",
      "color": "#00D2ED",
      "count": 4,
      "pitch_percent": 0.25,
      "rhh_percent": 0.2222222222222222,
      "lhh_percent": 0.2857142857142857,
      "start_speed": 80.525,
      "max_start_speed": 81.6,
      "ivb": -7.975,
      "hb": -14.925,
      "release_pos_z": 5.863716293433411,
      "release_pos_x": 2.1321762936856183,
      "extension": 6.7054303798088135,
      "pitches": 27,
      "whiffs": 1,
      "swings": 11,
      "spin_rate": 2754,
      "swing_miss_percent": 9.1,
      "arm_angle": null,
      "barrels_per_pa_percent": 22.22222222222222,
      "hardhit_percent": 71.42857142857143,
      "whiffs_per_pitch": 0.037037037037037035,
      "active_spin_percent": null
    },
    {
      "code": "SL",
      "title": "slider",
      "color": "#EEE716",
      "count": 4,
      "pitch_percent": 0.25,
      "rhh_percent": 0.4444444444444444,
      "lhh_percent": 0,
      "start_speed": 85.5,
      "max_start_speed": 86,
      "ivb": 1.5750000000000002,
      "hb": -3.6500000000000004,
      "release_pos_z": 5.835270373713592,
      "release_pos_x": 2.0659743731443654,
      "extension": 6.531582562227911,
      "pitches": 33,
      "whiffs": 9,
      "swings": 21,
      "spin_rate": 2560,
      "swing_miss_percent": 42.9,
      "arm_angle": null,
      "barrels_per_pa_percent": 22.22222222222222,
      "hardhit_percent": 83.33333333333334,
      "whiffs_per_pitch": 0.2727272727272727,
      "active_spin_percent": null
    },
    {
      "code": "SI",
      "title": "sinker",
      "color": "#FE9E00",
      "count": 2,
      "pitch_percent": 0.125,
      "rhh_percent": 0.2222222222222222,
      "lhh_percent": 0,
      "start_speed": 90.69999999999999,
      "max_start_speed": 91.1,
      "ivb": 7.05,
      "hb": 15.9,
      "release_pos_z": 5.830207504196962,
      "release_pos_x": 2.102560981765188,
      "extension": 6.956794671933173,
      "pitches": 10,
      "whiffs": 1,
      "swings": 3,
      "spin_rate": 2115,
      "swing_miss_percent": 33.3,
      "arm_angle": null,
      "barrels_per_pa_percent": 0,
      "hardhit_percent": 100,
      "whiffs_per_pitch": 0.1,
      "active_spin_percent": null
    },
    {
      "code": "FC",
      "title": "cutter",
      "color": "#933F2C",
      "count": 2,
      "pitch_percent": 0.125,
      "rhh_percent": 0.1111111111111111,
      "lhh_percent": 0.14285714285714285,
      "start_speed": 87,
      "max_start_speed": 87.3,
      "ivb": 4.6,
      "hb": 2.2,
      "release_pos_z": 5.76972892862895,
      "release_pos_x": 2.1075191141685803,
      "extension": 7.043975780210944,
      "active_spin_percent": null
    }
  ]
}