{
  "pitcher_id": "807743",
  "pitcher_name": "Sean Sullivan",
  "mlbam_id": "807743",
  "arm_angle_source": "dataset",
  "pitches": [
    {
      "code": "SI",
      "title": "sinker",
      "color": "#FE9E00",
      "count": 15,
      "pitch_percent": 0.6818181818181818,
      "rhh_percent": 0.6818181818181818,
      "lhh_percent": null,
      "start_speed": 90.12666666666664,
      "max_start_speed": 91.5,
      "ivb": 16.26,
      "hb": 11.446666666666667,
      "release_pos_z": 5.4550101072206,
      "release_pos_x": 3.38150673369614,
      "extension": 7.433659495488276,
      "pitches": 29,
      "whiffs": 3,
      "swings": 13,
      "spin_rate": 2281,
      "swing_miss_percent": 23.1,
      "arm_angle": null,
      "barrels_per_pa_percent": 0,
      "hardhit_percent": 33.33333333333333,
      "whiffs_per_pitch": 0.10344827586206896,
      "active_spin_percent": null
    },
    {
      "code": "CH",
      "title": "changeup",
      "color": "#1DBF3A",
      "count": 7,
      "pitch_percent": 0.3181818181818182,
      "rhh_percent": 0.3181818181818182,
      "lhh_percent": null,
      "start_speed": 83.38571428571429,
      "max_start_speed": 89.2,
      "ivb": 11.585714285714285,
      "hb": 11.828571428571431,
      "release_pos_z": 5.441234648076219,
      "release_pos_x": 3.1882031375895505,
      "extension": 7.53273966537828,
      "pitches": 22,
      "whiffs": 3,
      "swings": 9,
      "spin_rate": 1949,
      "swing_miss_percent": 33.3,
      "arm_angle": null,
      "barrels_per_pa_percent": 25,
      "hardhit_percent": 50,
      "whiffs_per_pitch": 0.13636363636363635,
      "active_spin_percent": null
    }
  ]
}