{
  "pitcher_id": "808970",
  "pitcher_name": "Woo-Suk Go",
  "mlbam_id": "808970",
  "arm_angle_source": "dataset",
  "pitches": [
    {
      "code": "FF",
      "title": "four-seam fastball",
      "color": "#D22D49",
      "count": 9,
      "pitch_percent": 0.5,
      "rhh_percent": 0.45454545454545453,
      "lhh_percent": 0.5714285714285714,
      "start_speed": 93.6222222222222,
      "max_start_speed": 94.3,
      "ivb": 15.866666666666665,
      "hb": 5.055555555555555,
      "release_pos_z": 5.138690758918881,
      "release_pos_x": 1.7204949711397328,
      "extension": 6.164083366826974,
      "pitches": 9,
      "whiffs": 1,
      "swings": 6,
      "spin_rate": 2245,
      "swing_miss_percent": 16.7,
      "arm_angle": null,
      "barrels_per_pa_percent": 20,
      "hardhit_percent": 80,
      "whiffs_per_pitch": 0.1111111111111111,
      "active_spin_percent": null
    },
    {
      "code": "FC",
      "title": "cutter",
      "color": "#933F2C",
      "count": 4,
      "pitch_percent": 0.2222222222222222,
      "rhh_percent": 0.2727272727272727,
      "lhh_percent": 0.14285714285714285,
      "start_speed": 89.25,
      "max_start_speed": 89.7,
      "ivb": 4.05,
      "hb": -1.85,
      "release_pos_z": 5.169648689748533,
      "release_pos_x": 1.6933715591802416,
      "extension": 6.167496448202202,
      "pitches": 4,
      "whiffs": 1,
      "swings": 2,
      "spin_rate": 2356,
      "swing_miss_percent": 50,
      "arm_angle": null,
      "barrels_per_pa_percent": null,
      "hardhit_percent": null,
      "whiffs_per_pitch": 0.25,
      "active_spin_percent": null
    },
    {
      "code": "CU",
      "title": "curveball",
      "color": "#00D2ED",
      "count": 4,
      "pitch_percent": 0.2222222222222222,
      "rhh_percent": 0.18181818181818182,
      "lhh_percent": 0.2857142857142857,
      "start_speed": 81.075,
      "max_start_speed": 82.1,
      "ivb": -13.499999999999998,
      "hb": -9.45,
      "release_pos_z": 5.218730781892027,
      "release_pos_x": 1.6545640932662655,
      "extension": 6.045987515703334,
      "pitches": 4,
      "whiffs": 1,
      "swings": 1,
      "spin_rate": 2613,
      "swing_miss_percent": 100,
      "arm_angle": null,
      "barrels_per_pa_percent": null,
      "hardhit_percent": null,
      "whiffs_per_pitch": 0.25,
      "active_spin_percent": null
    },
    {
      "code": "FS",
      "title": "splitter",
      "color": "#3BACAC",
      "count": 1,
      "pitch_percent": 0.05555555555555555,
      "rhh_percent": 0.09090909090909091,
      "lhh_percent": 0,
      "start_speed": 89.6,
      "max_start_speed": 89.6,
      "ivb": 4.4,
      "hb": -3.1,
      "release_pos_z": 5.197145442632887,
      "release_pos_x": 1.5643736121416323,
      "extension": 5.85187334998127,
      "pitches": 1,
      "whiffs": 0,
      "swings": 1,
      "spin_rate": 2388,
      "swing_miss_percent": 0,
      "arm_angle": null,
      "barrels_per_pa_percent": null,
      "hardhit_percent": null,
      "whiffs_per_pitch": 0,
      "active_spin_percent": null
    }
  ]
}