{
  "pitcher_id": "808967",
  "pitcher_name": "Yoshinobu Yamamoto",
  "mlbam_id": "808967",
  "arm_angle_source": "dataset",
  "pitches": [
    {
      "code": "FS",
      "title": "splitter",
      "color": "#3BACAC",
      "count": 8,
      "pitch_percent": 0.26666666666666666,
      "rhh_percent": 0.2,
      "lhh_percent": 0.4,
      "start_speed": 88.3875,
      "max_start_speed": 89,
      "ivb": 2.9124999999999996,
      "hb": 7.925000000000001,
      "release_pos_z": 5.734058655321946,
      "release_pos_x": 1.8679622412786832,
      "extension": 6.485770372907946,
      "pitches": 50,
      "whiffs": 12,
      "swings": 24,
      "spin_rate": 1312,
      "swing_miss_percent": 50,
      "arm_angle": null,
      "barrels_per_pa_percent": 0,
      "hardhit_percent": 66.66666666666666,
      "whiffs_per_pitch": 0.24,
      "active_spin_percent": null
    },
    {
      "code": "FF",
      "title": "four-seam fastball",
      "color": "#D22D49",
      "count": 6,
      "pitch_percent": 0.2,
      "rhh_percent": 0.25,
      "lhh_percent": 0.1,
      "start_speed": 93.23333333333335,
      "max_start_speed": 94.9,
      "ivb": 15.466666666666663,
      "hb": 7.383333333333334,
      "release_pos_z": 5.781396162822549,
      "release_pos_x": 1.7664100221809316,
      "extension": 6.584587941176449,
      "pitches": 29,
      "whiffs": 2,
      "swings": 15,
      "spin_rate": 2152,
      "swing_miss_percent": 13.3,
      "arm_angle": null,
      "barrels_per_pa_percent": 22.22222222222222,
      "hardhit_percent": 85.71428571428571,
      "whiffs_per_pitch": 0.06896551724137931,
      "active_spin_percent": null
    },
    {
      "code": "SI",
      "title": "sinker",
      "color": "#FE9E00",
      "count": 5,
      "pitch_percent": 0.16666666666666666,
      "rhh_percent": 0.2,
      "lhh_percent": 0.1,
      "start_speed": 93.88,
      "max_start_speed": 94.7,
      "ivb": 12.88,
      "hb": 11.5,
      "release_pos_z": 5.707290527013427,
      "release_pos_x": 1.8379282228080644,
      "extension": 6.658882102597798,
      "pitches": 19,
      "whiffs": 1,
      "swings": 8,
      "spin_rate": 2281,
      "swing_miss_percent": 12.5,
      "arm_angle": null,
      "barrels_per_pa_percent": 0,
      "hardhit_percent": 50,
      "whiffs_per_pitch": 0.05263157894736842,
      "active_spin_percent": null
    },
    {
      "code": "CU",
      "title": "curveball",
      "color": "#00D2ED",
      "count": 4,
      "pitch_percent": 0.13333333333333333,
      "rhh_percent": 0.15,
      "lhh_percent": 0.1,
      "start_speed": 75.5,
      "max_start_speed": 77.4,
      "ivb": -14.875,
      "hb": -12.45,
      "release_pos_z": 5.894513478732252,
      "release_pos_x": 1.5918652020395727,
      "extension": 6.818179526274202,
      "pitches": 24,
      "whiffs": 4,
      "swings": 11,
      "spin_rate": 2771,
      "swing_miss_percent": 36.4,
      "arm_angle": null,
      "barrels_per_pa_percent": 16.666666666666664,
      "hardhit_percent": 20,
      "whiffs_per_pitch": 0.16666666666666666,
      "active_spin_percent": null
    },
    {
      "code": "FC",
      "title": "cutter",
      "color": "#933F2C",
      "count": 4,
      "pitch_percent": 0.13333333333333333,
      "rhh_percent": 0.1,
      "lhh_percent": 0.2,
      "start_speed": 90.44999999999999,
      "max_start_speed": 91.5,
      "ivb": 8.8,
      "hb": -5.3,
      "release_pos_z": 5.732045837508518,
      "release_pos_x": 1.8038017630860288,
      "extension": 6.477687309034268,
      "pitches": 18,
      "whiffs": 8,
      "swings": 13,
      "spin_rate": 2410,
      "swing_miss_percent": 61.5,
      "arm_angle": null,
      "barrels_per_pa_percent": 0,
      "hardhit_percent": 50,
      "whiffs_per_pitch": 0.4444444444444444,
      "active_spin_percent": null
    },
    {
      "code": "SL",
      "title": "slider",
      "color": "#EEE716",
      "count": 3,
      "pitch_percent": 0.1,
      "rhh_percent": 0.1,
      "lhh_percent": 0.1,
      "start_speed": 87.06666666666666,
      "max_start_speed": 89,
      "ivb": 5.433333333333334,
      "hb": -2.7000000000000006,
      "release_pos_z": 5.78441187277597,
      "release_pos_x": 1.8176744150814905,
      "extension": 6.611065932800497,
      "pitches": 10,
      "whiffs": 1,
      "swings": 3,
      "spin_rate": 2642,
      "swing_miss_percent": 33.3,
      "arm_angle": null,
      "barrels_per_pa_percent": 0,
      "hardhit_percent": 50,
      "whiffs_per_pitch": 0.1,
      "active_spin_percent": null
    }
  ]
}