{
  "pitcher_id": "809229",
  "pitcher_name": "Jaron DeBerry",
  "mlbam_id": "809229",
  "arm_angle_source": "dataset",
  "pitches": [
    {
      "code": "FF",
      "title": "four-seam fastball",
      "color": "#D22D49",
      "count": 13,
      "pitch_percent": 0.4642857142857143,
      "rhh_percent": 0.3333333333333333,
      "lhh_percent": 0.5,
      "start_speed": 92.25384615384615,
      "max_start_speed": 94.3,
      "ivb": 9.253846153846155,
      "hb": 0.8692307692307691,
      "release_pos_z": 5.296659491669895,
      "release_pos_x": 2.3437539143776496,
      "extension": 6.928871042183805,
      "pitches": 13,
      "whiffs": 0,
      "swings": 5,
      "spin_rate": 2385,
      "swing_miss_percent": 0,
      "arm_angle": null,
      "barrels_per_pa_percent": 0,
      "hardhit_percent": 100,
      "whiffs_per_pitch": 0,
      "active_spin_percent": null
    },
    {
      "code": "FC",
      "title": "cutter",
      "color": "#933F2C",
      "count": 8,
      "pitch_percent": 0.2857142857142857,
      "rhh_percent": 0.5,
      "lhh_percent": 0.22727272727272727,
      "start_speed": 88.4125,
      "max_start_speed": 89.3,
      "ivb": 3.1249999999999996,
      "hb": -5.55,
      "release_pos_z": 5.381639092274674,
      "release_pos_x": 2.271124369641309,
      "extension": 6.949640065743777,
      "pitches": 8,
      "whiffs": 1,
      "swings": 1,
      "spin_rate": 2499,
      "swing_miss_percent": 100,
      "arm_angle": null,
      "barrels_per_pa_percent": null,
      "hardhit_percent": null,
      "whiffs_per_pitch": 0.125,
      "active_spin_percent": null
    },
    {
      "code": "SI",
      "title": "sinker",
      "color": "#FE9E00",
      "count": 3,
      "pitch_percent": 0.10714285714285714,
      "rhh_percent": 0,
      "lhh_percent": 0.13636363636363635,
      "start_speed": 91.16666666666667,
      "max_start_speed": 91.8,
      "ivb": 9.799999999999999,
      "hb": 8.833333333333334,
      "release_pos_z": 5.20389415267912,
      "release_pos_x": 2.1984914107943774,
      "extension": 7.1033805334585205,
      "pitches": 3,
      "whiffs": 0,
      "swings": 2,
      "spin_rate": 2336,
      "swing_miss_percent": 0,
      "arm_angle": null,
      "barrels_per_pa_percent": 0,
      "hardhit_percent": 100,
      "whiffs_per_pitch": 0,
      "active_spin_percent": null
    },
    {
      "code": "SL",
      "title": "slider",
      "color": "#EEE716",
      "count": 2,
      "pitch_percent": 0.07142857142857142,
      "rhh_percent": 0.16666666666666666,
      "lhh_percent": 0.045454545454545456,
      "start_speed": 82,
      "max_start_speed": 82.4,
      "ivb": 1.9,
      "hb": -15.25,
      "release_pos_z": 5.101589762592875,
      "release_pos_x": 2.4902146239751533,
      "extension": 6.953894545072692,
      "pitches": 2,
      "whiffs": 0,
      "swings": 0,
      "spin_rate": 2871,
      "swing_miss_percent": null,
      "arm_angle": null,
      "barrels_per_pa_percent": null,
      "hardhit_percent": null,
      "whiffs_per_pitch": 0,
      "active_spin_percent": null
    },
    {
      "code": "CH",
      "title": "changeup",
      "color": "#1DBF3A",
      "count": 2,
      "pitch_percent": 0.07142857142857142,
      "rhh_percent": 0,
      "lhh_percent": 0.09090909090909091,
      "start_speed": 87.69999999999999,
      "max_start_speed": 87.8,
      "ivb": 0.1,
      "hb": 13,
      "release_pos_z": 5.329540022496715,
      "release_pos_x": 2.214195205475408,
      "extension": 6.878279312577309,
      "pitches": 2,
      "whiffs": 0,
      "swings": 0,
      "spin_rate": 1718,
      "swing_miss_percent": null,
      "arm_angle": null,
      "barrels_per_pa_percent": null,
      "hardhit_percent": null,
      "whiffs_per_pitch": 0,
      "active_spin_percent": null
    }
  ]
}