{
  "pitcher_id": "814280",
  "pitcher_name": "Landon Tomkins",
  "mlbam_id": "814280",
  "arm_angle_source": "dataset",
  "pitches": [
    {
      "code": "SI",
      "title": "sinker",
      "color": "#FE9E00",
      "count": 12,
      "pitch_percent": 0.7058823529411765,
      "rhh_percent": 0.6428571428571429,
      "lhh_percent": 1,
      "start_speed": 93.85000000000001,
      "max_start_speed": 94.8,
      "ivb": 0.6166666666666668,
      "hb": 10.299999999999999,
      "release_pos_z": 5.5998500026995925,
      "release_pos_x": 2.381279232291305,
      "extension": 6.267855871627134,
      "pitches": 12,
      "whiffs": 0,
      "swings": 4,
      "spin_rate": 2052,
      "swing_miss_percent": 0,
      "arm_angle": null,
      "barrels_per_pa_percent": 0,
      "hardhit_percent": 0,
      "whiffs_per_pitch": 0,
      "active_spin_percent": null
    },
    {
      "code": "SL",
      "title": "slider",
      "color": "#EEE716",
      "count": 5,
      "pitch_percent": 0.29411764705882354,
      "rhh_percent": 0.35714285714285715,
      "lhh_percent": 0,
      "start_speed": 87.08,
      "max_start_speed": 89.9,
      "ivb": 5.340000000000001,
      "hb": -6.840000000000001,
      "release_pos_z": 5.688568020703359,
      "release_pos_x": 2.524460923229075,
      "extension": 6.244822520160334,
      "pitches": 5,
      "whiffs": 1,
      "swings": 4,
      "spin_rate": 2476,
      "swing_miss_percent": 25,
      "arm_angle": null,
      "barrels_per_pa_percent": 0,
      "hardhit_percent": 0,
      "whiffs_per_pitch": 0.2,
      "active_spin_percent": null
    }
  ]
}