{
  "pitcher_id": "814489",
  "pitcher_name": "Brett Wichrowski",
  "mlbam_id": "814489",
  "arm_angle_source": "dataset",
  "pitches": [
    {
      "code": "FF",
      "title": "four-seam fastball",
      "color": "#D22D49",
      "count": 15,
      "pitch_percent": 0.5769230769230769,
      "rhh_percent": 0.5,
      "lhh_percent": 0.6,
      "start_speed": 95.88666666666668,
      "max_start_speed": 98.3,
      "ivb": 12.946666666666667,
      "hb": 3.6466666666666665,
      "release_pos_z": 5.608730440374045,
      "release_pos_x": 1.6003158014839383,
      "extension": 6.7791351842817615,
      "pitches": 23,
      "whiffs": 2,
      "swings": 15,
      "spin_rate": 2521,
      "swing_miss_percent": 13.3,
      "arm_angle": null,
      "barrels_per_pa_percent": 16.666666666666664,
      "hardhit_percent": 80,
      "whiffs_per_pitch": 0.08695652173913043,
      "active_spin_percent": null
    },
    {
      "code": "SL",
      "title": "slider",
      "color": "#EEE716",
      "count": 5,
      "pitch_percent": 0.19230769230769232,
      "rhh_percent": 0.3333333333333333,
      "lhh_percent": 0.15,
      "start_speed": 83.88,
      "max_start_speed": 84.8,
      "ivb": 5.42,
      "hb": -15.059999999999999,
      "release_pos_z": 5.33215075909772,
      "release_pos_x": 1.8284273929820472,
      "extension": 6.582204997269978,
      "pitches": 10,
      "whiffs": 0,
      "swings": 1,
      "spin_rate": 2539,
      "swing_miss_percent": 0,
      "arm_angle": null,
      "barrels_per_pa_percent": null,
      "hardhit_percent": null,
      "whiffs_per_pitch": 0,
      "active_spin_percent": null
    },
    {
      "code": "SI",
      "title": "sinker",
      "color": "#FE9E00",
      "count": 3,
      "pitch_percent": 0.11538461538461539,
      "rhh_percent": 0.16666666666666666,
      "lhh_percent": 0.1,
      "start_speed": 95.66666666666667,
      "max_start_speed": 96.9,
      "ivb": 5.666666666666667,
      "hb": 13.233333333333333,
      "release_pos_z": 5.181151959712384,
      "release_pos_x": 1.822561329749225,
      "extension": 6.6661498791003835,
      "pitches": 6,
      "whiffs": 1,
      "swings": 2,
      "spin_rate": 2397,
      "swing_miss_percent": 50,
      "arm_angle": null,
      "barrels_per_pa_percent": 0,
      "hardhit_percent": 100,
      "whiffs_per_pitch": 0.16666666666666666,
      "active_spin_percent": null
    },
    {
      "code": "FC",
      "title": "cutter",
      "color": "#933F2C",
      "count": 3,
      "pitch_percent": 0.11538461538461539,
      "rhh_percent": 0,
      "lhh_percent": 0.15,
      "start_speed": 92.13333333333333,
      "max_start_speed": 94.2,
      "ivb": 7.033333333333334,
      "hb": -1,
      "release_pos_z": 5.493983102326568,
      "release_pos_x": 1.7576311183326394,
      "extension": 6.639215876676247,
      "pitches": 5,
      "whiffs": 0,
      "swings": 1,
      "spin_rate": 2492,
      "swing_miss_percent": 0,
      "arm_angle": null,
      "barrels_per_pa_percent": 0,
      "hardhit_percent": 0,
      "whiffs_per_pitch": 0,
      "active_spin_percent": null
    }
  ]
}