{
  "pitcher_id": "814527",
  "pitcher_name": "Patrick Copen",
  "mlbam_id": "814527",
  "arm_angle_source": "dataset",
  "pitches": [
    {
      "code": "FF",
      "title": "four-seam fastball",
      "color": "#D22D49",
      "count": 5,
      "pitch_percent": 0.45454545454545453,
      "rhh_percent": 0.6,
      "lhh_percent": 0.3333333333333333,
      "start_speed": 98.13999999999999,
      "max_start_speed": 98.9,
      "ivb": 14.179999999999998,
      "hb": -0.5399999999999999,
      "release_pos_z": 6.4448772870460065,
      "release_pos_x": 1.6880337910231404,
      "extension": 6.079095844701391,
      "pitches": 15,
      "whiffs": 1,
      "swings": 11,
      "spin_rate": 2398,
      "swing_miss_percent": 9.1,
      "arm_angle": null,
      "barrels_per_pa_percent": 0,
      "hardhit_percent": 33.33333333333333,
      "whiffs_per_pitch": 0.06666666666666667,
      "active_spin_percent": null
    },
    {
      "code": "FC",
      "title": "cutter",
      "color": "#933F2C",
      "count": 4,
      "pitch_percent": 0.36363636363636365,
      "rhh_percent": 0.2,
      "lhh_percent": 0.5,
      "start_speed": 91.75,
      "max_start_speed": 96.7,
      "ivb": 2.35,
      "hb": -8.6,
      "release_pos_z": 6.358404712575485,
      "release_pos_x": 1.721304735700345,
      "extension": 5.96565393982146,
      "pitches": 12,
      "whiffs": 2,
      "swings": 6,
      "spin_rate": 2469,
      "swing_miss_percent": 33.3,
      "arm_angle": null,
      "barrels_per_pa_percent": 33.33333333333333,
      "hardhit_percent": 50,
      "whiffs_per_pitch": 0.16666666666666666,
      "active_spin_percent": null
    },
    {
      "code": "SL",
      "title": "slider",
      "color": "#EEE716",
      "count": 2,
      "pitch_percent": 0.18181818181818182,
      "rhh_percent": 0.2,
      "lhh_percent": 0.16666666666666666,
      "start_speed": 85.55000000000001,
      "max_start_speed": 85.9,
      "ivb": -1.5,
      "hb": -12.95,
      "release_pos_z": 6.425868277042047,
      "release_pos_x": 1.8632787156522017,
      "extension": 5.89823115650863,
      "active_spin_percent": null
    }
  ]
}