{
  "pitcher_id": "815084",
  "pitcher_name": "Ben Simon",
  "mlbam_id": "815084",
  "arm_angle_source": "dataset",
  "pitches": [
    {
      "code": "SI",
      "title": "sinker",
      "color": "#FE9E00",
      "count": 6,
      "pitch_percent": 0.4,
      "rhh_percent": 0.3076923076923077,
      "lhh_percent": 1,
      "start_speed": 95.71666666666665,
      "max_start_speed": 97.9,
      "ivb": 16.816666666666663,
      "hb": 13.866666666666667,
      "release_pos_z": 5.566170633625268,
      "release_pos_x": 1.7540088938991245,
      "extension": 6.469841159913108,
      "pitches": 14,
      "whiffs": 0,
      "swings": 1,
      "spin_rate": 2338,
      "swing_miss_percent": 0,
      "arm_angle": null,
      "barrels_per_pa_percent": 0,
      "hardhit_percent": 0,
      "whiffs_per_pitch": 0,
      "active_spin_percent": null
    },
    {
      "code": "FC",
      "title": "cutter",
      "color": "#933F2C",
      "count": 6,
      "pitch_percent": 0.4,
      "rhh_percent": 0.46153846153846156,
      "lhh_percent": 0,
      "start_speed": 88,
      "max_start_speed": 88.7,
      "ivb": 0.8166666666666664,
      "hb": -0.23333333333333336,
      "release_pos_z": 5.477033927299001,
      "release_pos_x": 1.9152278788073323,
      "extension": 6.432480994537335,
      "pitches": 1,
      "whiffs": 1,
      "swings": 1,
      "spin_rate": 2177,
      "swing_miss_percent": 100,
      "arm_angle": null,
      "barrels_per_pa_percent": null,
      "hardhit_percent": null,
      "whiffs_per_pitch": 1,
      "active_spin_percent": null
    },
    {
      "code": "FF",
      "title": "four-seam fastball",
      "color": "#D22D49",
      "count": 3,
      "pitch_percent": 0.2,
      "rhh_percent": 0.23076923076923078,
      "lhh_percent": 0,
      "start_speed": 98.13333333333333,
      "max_start_speed": 98.2,
      "ivb": 19.033333333333335,
      "hb": 11.766666666666666,
      "release_pos_z": 5.745762925959959,
      "release_pos_x": 1.473981252673788,
      "extension": 6.474599372553989,
      "pitches": 23,
      "whiffs": 1,
      "swings": 9,
      "spin_rate": 2344,
      "swing_miss_percent": 11.1,
      "arm_angle": null,
      "barrels_per_pa_percent": 0,
      "hardhit_percent": 50,
      "whiffs_per_pitch": 0.043478260869565216,
      "active_spin_percent": null
    }
  ]
}