{
  "pitcher_id": "815081",
  "pitcher_name": "Mark Manfredi",
  "mlbam_id": "815081",
  "arm_angle_source": "dataset",
  "pitches": [
    {
      "code": "SI",
      "title": "sinker",
      "color": "#FE9E00",
      "count": 6,
      "pitch_percent": 0.35294117647058826,
      "rhh_percent": 0.5714285714285714,
      "lhh_percent": 0.2,
      "start_speed": 94.5,
      "max_start_speed": 96,
      "ivb": 13.466666666666667,
      "hb": 11.65,
      "release_pos_z": 5.36667207468308,
      "release_pos_x": 1.9345680221306194,
      "extension": 6.816034339607139,
      "pitches": 6,
      "whiffs": 1,
      "swings": 3,
      "spin_rate": 2378,
      "swing_miss_percent": 33.3,
      "arm_angle": null,
      "barrels_per_pa_percent": null,
      "hardhit_percent": null,
      "whiffs_per_pitch": 0.16666666666666666,
      "active_spin_percent": null
    },
    {
      "code": "SL",
      "title": "slider",
      "color": "#EEE716",
      "count": 6,
      "pitch_percent": 0.35294117647058826,
      "rhh_percent": 0.14285714285714285,
      "lhh_percent": 0.5,
      "start_speed": 82.40000000000002,
      "max_start_speed": 85.4,
      "ivb": 4.8999999999999995,
      "hb": -5.816666666666666,
      "release_pos_z": 5.284403485453558,
      "release_pos_x": 2.0856645642755627,
      "extension": 6.6684330097135565,
      "pitches": 8,
      "whiffs": 2,
      "swings": 2,
      "spin_rate": 2320,
      "swing_miss_percent": 100,
      "arm_angle": null,
      "barrels_per_pa_percent": null,
      "hardhit_percent": null,
      "whiffs_per_pitch": 0.25,
      "active_spin_percent": null
    },
    {
      "code": "FF",
      "title": "four-seam fastball",
      "color": "#D22D49",
      "count": 4,
      "pitch_percent": 0.23529411764705882,
      "rhh_percent": 0.14285714285714285,
      "lhh_percent": 0.3,
      "start_speed": 93.925,
      "max_start_speed": 95,
      "ivb": 14.475000000000001,
      "hb": 7.625,
      "release_pos_z": 5.442986759326119,
      "release_pos_x": 1.9648462280839087,
      "extension": 6.747972574631419,
      "pitches": 10,
      "whiffs": 0,
      "swings": 2,
      "spin_rate": 2411,
      "swing_miss_percent": 0,
      "arm_angle": null,
      "barrels_per_pa_percent": 0,
      "hardhit_percent": 100,
      "whiffs_per_pitch": 0,
      "active_spin_percent": null
    },
    {
      "code": "CH",
      "title": "changeup",
      "color": "#1DBF3A",
      "count": 1,
      "pitch_percent": 0.058823529411764705,
      "rhh_percent": 0.14285714285714285,
      "lhh_percent": 0,
      "start_speed": 84.6,
      "max_start_speed": 84.6,
      "ivb": -0.1,
      "hb": 17.2,
      "release_pos_z": 5.304526752660451,
      "release_pos_x": 2.1210632747532787,
      "extension": 6.800344819499807,
      "pitches": 3,
      "whiffs": 0,
      "swings": 2,
      "spin_rate": 1623,
      "swing_miss_percent": 0,
      "arm_angle": null,
      "barrels_per_pa_percent": 0,
      "hardhit_percent": 50,
      "whiffs_per_pitch": 0,
      "active_spin_percent": null
    }
  ]
}