{
  "pitcher_id": "822416",
  "pitcher_name": "Cooper Adams",
  "mlbam_id": "822416",
  "arm_angle_source": "dataset",
  "pitches": [
    {
      "code": "SI",
      "title": "sinker",
      "color": "#FE9E00",
      "count": 9,
      "pitch_percent": 0.5,
      "rhh_percent": 0.5,
      "lhh_percent": null,
      "start_speed": 96.18888888888888,
      "max_start_speed": 96.9,
      "ivb": 10.166666666666666,
      "hb": 13.555555555555557,
      "release_pos_z": 5.495161225390646,
      "release_pos_x": 2.2025462482837628,
      "extension": 6.02867190700945,
      "pitches": 23,
      "whiffs": 2,
      "swings": 8,
      "spin_rate": 2090,
      "swing_miss_percent": 25,
      "arm_angle": null,
      "barrels_per_pa_percent": 0,
      "hardhit_percent": 100,
      "whiffs_per_pitch": 0.08695652173913043,
      "active_spin_percent": null
    },
    {
      "code": "FC",
      "title": "cutter",
      "color": "#933F2C",
      "count": 6,
      "pitch_percent": 0.3333333333333333,
      "rhh_percent": 0.3333333333333333,
      "lhh_percent": null,
      "start_speed": 87.14999999999999,
      "max_start_speed": 89.2,
      "ivb": 1.6166666666666665,
      "hb": -1.1999999999999997,
      "release_pos_z": 5.509773125149015,
      "release_pos_x": 2.170162095312311,
      "extension": 6.242113818618695,
      "pitches": 16,
      "whiffs": 3,
      "swings": 6,
      "spin_rate": 2186,
      "swing_miss_percent": 50,
      "arm_angle": null,
      "barrels_per_pa_percent": null,
      "hardhit_percent": null,
      "whiffs_per_pitch": 0.1875,
      "active_spin_percent": null
    },
    {
      "code": "CH",
      "title": "changeup",
      "color": "#1DBF3A",
      "count": 2,
      "pitch_percent": 0.1111111111111111,
      "rhh_percent": 0.1111111111111111,
      "lhh_percent": null,
      "start_speed": 90.4,
      "max_start_speed": 91.3,
      "ivb": 1.2,
      "hb": 13.399999999999999,
      "release_pos_z": 5.258963133579021,
      "release_pos_x": 2.3510772223371745,
      "extension": 6.17188754377166,
      "pitches": 3,
      "whiffs": 0,
      "swings": 1,
      "spin_rate": 1598,
      "swing_miss_percent": 0,
      "arm_angle": null,
      "barrels_per_pa_percent": null,
      "hardhit_percent": null,
      "whiffs_per_pitch": 0,
      "active_spin_percent": null
    },
    {
      "code": "SL",
      "title": "slider",
      "color": "#EEE716",
      "count": 1,
      "pitch_percent": 0.05555555555555555,
      "rhh_percent": 0.05555555555555555,
      "lhh_percent": null,
      "start_speed": 85.4,
      "max_start_speed": 85.4,
      "ivb": 3.2,
      "hb": -2.3,
      "release_pos_z": 5.259409300261396,
      "release_pos_x": 2.333488367998977,
      "extension": 6.184908217341399,
      "pitches": 7,
      "whiffs": 1,
      "swings": 3,
      "spin_rate": 2301,
      "swing_miss_percent": 33.3,
      "arm_angle": null,
      "barrels_per_pa_percent": 0,
      "hardhit_percent": 50,
      "whiffs_per_pitch": 0.14285714285714285,
      "active_spin_percent": null
    }
  ]
}