{
  "pitcher_id": "448179",
  "pitcher_name": "Rich Hill",
  "pitches": [
    {
      "code": "FF",
      "title": "four-seam fastball",
      "color": "#D22D49",
      "count": 63,
      "pitch_percent": 0.3684210526315789,
      "rhh_percent": 0.35877862595419846,
      "lhh_percent": 0.4,
      "start_speed": 88.5238095238095,
      "max_start_speed": 91.1,
      "ivb": 16.093650793650795,
      "hb": 4.738095238095237,
      "release_pos_z": 5.581662536946337,
      "release_pos_x": 1.5267519913847274,
      "extension": 6.572833137586086,
      "pitches": 63,
      "whiffs": 4,
      "swings": 19,
      "spin_rate": 2245,
      "swing_miss_percent": 21.1,
      "arm_angle": 40.6,
      "barrels_per_pa_percent": 7.142857142857142,
      "hardhit_percent": 66.66666666666666,
      "whiffs_per_pitch": 0.06349206349206349,
      "active_spin_percent": 81.9
    },
    {
      "code": "CU",
      "title": "curveball",
      "color": "#00D2ED",
      "count": 59,
      "pitch_percent": 0.34502923976608185,
      "rhh_percent": 0.40458015267175573,
      "lhh_percent": 0.15,
      "start_speed": 72.41355932203388,
      "max_start_speed": 74.8,
      "ivb": -9.14406779661017,
      "hb": -17.055932203389826,
      "release_pos_z": 5.430380049093821,
      "release_pos_x": 1.675870366396194,
      "extension": 6.33261678563402,
      "pitches": 59,
      "whiffs": 9,
      "swings": 28,
      "spin_rate": 2570,
      "swing_miss_percent": 32.1,
      "arm_angle": 37,
      "barrels_per_pa_percent": 9.090909090909092,
      "hardhit_percent": 37.5,
      "whiffs_per_pitch": 0.15254237288135594,
      "active_spin_percent": 94.1
    },
    {
      "code": "FC",
      "title": "cutter",
      "color": "#933F2C",
      "count": 27,
      "pitch_percent": 0.15789473684210525,
      "rhh_percent": 0.17557251908396945,
      "lhh_percent": 0.1,
      "start_speed": 83.70370370370371,
      "max_start_speed": 85.7,
      "ivb": 8.407407407407407,
      "hb": -2.4777777777777774,
      "release_pos_z": 5.421104918129806,
      "release_pos_x": 1.719359185334849,
      "extension": 6.406074580246651,
      "pitches": 27,
      "whiffs": 0,
      "swings": 12,
      "spin_rate": 2289,
      "swing_miss_percent": 0,
      "arm_angle": 35.3,
      "barrels_per_pa_percent": 0,
      "hardhit_percent": 14.285714285714285,
      "whiffs_per_pitch": 0,
      "active_spin_percent": 45.7
    },
    {
      "code": "SI",
      "title": "sinker",
      "color": "#FE9E00",
      "count": 11,
      "pitch_percent": 0.06432748538011696,
      "rhh_percent": 0.03816793893129771,
      "lhh_percent": 0.15,
      "start_speed": 87.23636363636365,
      "max_start_speed": 88.6,
      "ivb": 8.00909090909091,
      "hb": 15.97272727272727,
      "release_pos_z": 5.072239912747841,
      "release_pos_x": 1.909805824678157,
      "extension": 6.54103160496171,
      "pitches": 11,
      "whiffs": 0,
      "swings": 4,
      "spin_rate": 2184,
      "swing_miss_percent": 0,
      "arm_angle": 27.8,
      "barrels_per_pa_percent": 0,
      "hardhit_percent": 33.33333333333333,
      "whiffs_per_pitch": 0,
      "active_spin_percent": 78.9
    },
    {
      "code": "ST",
      "title": "sweeper",
      "color": "#DDB43A",
      "count": 10,
      "pitch_percent": 0.05847953216374269,
      "rhh_percent": 0.015267175572519083,
      "lhh_percent": 0.2,
      "start_speed": 70.9,
      "max_start_speed": 72.2,
      "ivb": 2.37,
      "hb": -19.009999999999998,
      "release_pos_z": 4.088746647983739,
      "release_pos_x": 2.4225603759250554,
      "extension": 6.314699302970809,
      "pitches": 10,
      "whiffs": 0,
      "swings": 3,
      "spin_rate": 2492,
      "swing_miss_percent": 0,
      "arm_angle": 4.5,
      "barrels_per_pa_percent": 0,
      "hardhit_percent": 33.33333333333333,
      "whiffs_per_pitch": 0,
      "active_spin_percent": 87.8
    },
    {
      "code": "CH",
      "title": "changeup",
      "color": "#1DBF3A",
      "count": 1,
      "pitch_percent": 0.005847953216374269,
      "rhh_percent": 0.007633587786259542,
      "lhh_percent": 0,
      "start_speed": 80.5,
      "max_start_speed": 80.5,
      "ivb": 3.8,
      "hb": 10.3,
      "release_pos_z": 5.471032700543797,
      "release_pos_x": 1.6923486223631994,
      "extension": 6.615452186372007,
      "pitches": 1,
      "whiffs": 0,
      "swings": 1,
      "spin_rate": 1432,
      "swing_miss_percent": 0,
      "arm_angle": 37,
      "barrels_per_pa_percent": 0,
      "hardhit_percent": 0,
      "whiffs_per_pitch": 0,
      "active_spin_percent": null
    }
  ]
}