{
  "pitcher_id": "493603",
  "pitcher_name": "Adam Ottavino",
  "pitches": [
    {
      "code": "SI",
      "title": "sinker",
      "color": "#FE9E00",
      "count": 15,
      "pitch_percent": 0.35714285714285715,
      "rhh_percent": 0.46153846153846156,
      "lhh_percent": 0.1875,
      "start_speed": 92.34,
      "max_start_speed": 93.2,
      "ivb": 6.426666666666667,
      "hb": 17.82,
      "release_pos_z": 5.385595308241637,
      "release_pos_x": 2.557289834316445,
      "extension": 7.080483250875093,
      "pitches": 15,
      "whiffs": 1,
      "swings": 2,
      "spin_rate": 2216,
      "swing_miss_percent": 50,
      "arm_angle": 24.7,
      "barrels_per_pa_percent": 0,
      "hardhit_percent": 0,
      "whiffs_per_pitch": 0.06666666666666667,
      "active_spin_percent": null
    },
    {
      "code": "ST",
      "title": "sweeper",
      "color": "#DDB43A",
      "count": 14,
      "pitch_percent": 0.3333333333333333,
      "rhh_percent": 0.23076923076923078,
      "lhh_percent": 0.5,
      "start_speed": 78.74285714285715,
      "max_start_speed": 80.3,
      "ivb": 3.557142857142857,
      "hb": -17.25,
      "release_pos_z": 5.303842434855755,
      "release_pos_x": 2.883704685207045,
      "extension": 6.980582084318482,
      "pitches": 14,
      "whiffs": 2,
      "swings": 4,
      "spin_rate": 2715,
      "swing_miss_percent": 50,
      "arm_angle": 22.3,
      "barrels_per_pa_percent": 0,
      "hardhit_percent": 0,
      "whiffs_per_pitch": 0.14285714285714285,
      "active_spin_percent": null
    },
    {
      "code": "FF",
      "title": "four-seam fastball",
      "color": "#D22D49",
      "count": 10,
      "pitch_percent": 0.23809523809523808,
      "rhh_percent": 0.19230769230769232,
      "lhh_percent": 0.3125,
      "start_speed": 93.10999999999999,
      "max_start_speed": 94.2,
      "ivb": 16.25,
      "hb": 11.1,
      "release_pos_z": 5.45558902541139,
      "release_pos_x": 2.518664234507857,
      "extension": 7.016724715737749,
      "pitches": 10,
      "whiffs": 1,
      "swings": 3,
      "spin_rate": 2266,
      "swing_miss_percent": 33.3,
      "arm_angle": 27.2,
      "barrels_per_pa_percent": null,
      "hardhit_percent": null,
      "whiffs_per_pitch": 0.1,
      "active_spin_percent": null
    },
    {
      "code": "FC",
      "title": "cutter",
      "color": "#933F2C",
      "count": 3,
      "pitch_percent": 0.07142857142857142,
      "rhh_percent": 0.11538461538461539,
      "lhh_percent": 0,
      "start_speed": 86.89999999999999,
      "max_start_speed": 87.4,
      "ivb": 5.433333333333334,
      "hb": -8.899999999999999,
      "release_pos_z": 5.566920364334686,
      "release_pos_x": 2.6309705203260845,
      "extension": 6.939365142497645,
      "pitches": 3,
      "whiffs": 0,
      "swings": 1,
      "spin_rate": 2643,
      "swing_miss_percent": 0,
      "arm_angle": 27.5,
      "barrels_per_pa_percent": null,
      "hardhit_percent": null,
      "whiffs_per_pitch": 0,
      "active_spin_percent": null
    }
  ]
}