{
  "pitcher_id": "502085",
  "pitcher_name": "David Robertson",
  "pitches": [
    {
      "code": "FC",
      "title": "cutter",
      "color": "#933F2C",
      "count": 152,
      "pitch_percent": 0.5,
      "rhh_percent": 0.46296296296296297,
      "lhh_percent": 0.5422535211267606,
      "start_speed": 91.72302631578944,
      "max_start_speed": 93.6,
      "ivb": 14.080921052631581,
      "hb": -3.7717105263157906,
      "release_pos_z": 5.910153100908509,
      "release_pos_x": 2.7398134596029324,
      "extension": 6.568782759992969,
      "pitches": 152,
      "whiffs": 10,
      "swings": 60,
      "spin_rate": 2682,
      "swing_miss_percent": 16.7,
      "arm_angle": 43.4,
      "barrels_per_pa_percent": 8.333333333333332,
      "hardhit_percent": 52.38095238095239,
      "whiffs_per_pitch": 0.06578947368421052,
      "active_spin_percent": 64.5
    },
    {
      "code": "KC",
      "title": "knuckle curve",
      "color": "#6236CD",
      "count": 102,
      "pitch_percent": 0.3355263157894737,
      "rhh_percent": 0.30246913580246915,
      "lhh_percent": 0.3732394366197183,
      "start_speed": 84.51078431372551,
      "max_start_speed": 87.7,
      "ivb": -11.516666666666667,
      "hb": -7.401960784313724,
      "release_pos_z": 5.957223036404413,
      "release_pos_x": 2.7326722886981964,
      "extension": 6.504949398247503,
      "pitches": 102,
      "whiffs": 14,
      "swings": 48,
      "spin_rate": 2683,
      "swing_miss_percent": 29.2,
      "arm_angle": 44.1,
      "barrels_per_pa_percent": 0,
      "hardhit_percent": 26.31578947368421,
      "whiffs_per_pitch": 0.13725490196078433,
      "active_spin_percent": null
    },
    {
      "code": "SL",
      "title": "slider",
      "color": "#EEE716",
      "count": 32,
      "pitch_percent": 0.10526315789473684,
      "rhh_percent": 0.14814814814814814,
      "lhh_percent": 0.056338028169014086,
      "start_speed": 83.73124999999999,
      "max_start_speed": 87.7,
      "ivb": 6.3343750000000005,
      "hb": -12.171875000000002,
      "release_pos_z": 5.8040687887641305,
      "release_pos_x": 2.9011046048493574,
      "extension": 6.462942185387976,
      "pitches": 32,
      "whiffs": 6,
      "swings": 14,
      "spin_rate": 2652,
      "swing_miss_percent": 42.9,
      "arm_angle": 39,
      "barrels_per_pa_percent": 28.57142857142857,
      "hardhit_percent": 50,
      "whiffs_per_pitch": 0.1875,
      "active_spin_percent": 45.8
    },
    {
      "code": "SI",
      "title": "sinker",
      "color": "#FE9E00",
      "count": 15,
      "pitch_percent": 0.049342105263157895,
      "rhh_percent": 0.08641975308641975,
      "lhh_percent": 0.007042253521126761,
      "start_speed": 91.19333333333333,
      "max_start_speed": 92.8,
      "ivb": 14.46,
      "hb": 12.006666666666666,
      "release_pos_z": 5.859007598466249,
      "release_pos_x": 2.6367044875853383,
      "extension": 6.659612546253303,
      "pitches": 15,
      "whiffs": 0,
      "swings": 3,
      "spin_rate": 2404,
      "swing_miss_percent": 0,
      "arm_angle": 45.4,
      "barrels_per_pa_percent": null,
      "hardhit_percent": null,
      "whiffs_per_pitch": 0,
      "active_spin_percent": 75.7
    },
    {
      "code": "CH",
      "title": "changeup",
      "color": "#1DBF3A",
      "count": 3,
      "pitch_percent": 0.009868421052631578,
      "rhh_percent": 0,
      "lhh_percent": 0.02112676056338028,
      "start_speed": 86.76666666666667,
      "max_start_speed": 87.9,
      "ivb": 9.333333333333334,
      "hb": 14.4,
      "release_pos_z": 5.894425369674739,
      "release_pos_x": 2.719862604050691,
      "extension": 6.640589864474545,
      "pitches": 3,
      "whiffs": 0,
      "swings": 1,
      "spin_rate": 2301,
      "swing_miss_percent": 0,
      "arm_angle": 42.3,
      "barrels_per_pa_percent": 0,
      "hardhit_percent": 0,
      "whiffs_per_pitch": 0,
      "active_spin_percent": null
    }
  ]
}