{
  "pitcher_id": "519151",
  "pitcher_name": "Ryan Pressly",
  "pitches": [
    {
      "code": "FF",
      "title": "four-seam fastball",
      "color": "#D22D49",
      "count": 243,
      "pitch_percent": 0.367624810892587,
      "rhh_percent": 0.3558282208588957,
      "lhh_percent": 0.37910447761194027,
      "start_speed": 93.36008230452673,
      "max_start_speed": 96,
      "ivb": 15.968724279835387,
      "hb": -0.21316872427983538,
      "release_pos_z": 5.879376927137222,
      "release_pos_x": 0.5579232464126298,
      "extension": 6.434274165363914,
      "pitches": 242,
      "whiffs": 11,
      "swings": 118,
      "spin_rate": 2574,
      "swing_miss_percent": 9.3,
      "arm_angle": 55.9,
      "barrels_per_pa_percent": 9.090909090909092,
      "hardhit_percent": 57.89473684210527,
      "whiffs_per_pitch": 0.045454545454545456,
      "active_spin_percent": 71.3
    },
    {
      "code": "CU",
      "title": "curveball",
      "color": "#00D2ED",
      "count": 163,
      "pitch_percent": 0.24659606656580937,
      "rhh_percent": 0.2331288343558282,
      "lhh_percent": 0.25970149253731345,
      "start_speed": 81.36441717791415,
      "max_start_speed": 83.9,
      "ivb": -11.953374233128827,
      "hb": -16.365644171779152,
      "release_pos_z": 5.957402042331516,
      "release_pos_x": 0.6635952358103601,
      "extension": 6.149745893691255,
      "pitches": 163,
      "whiffs": 20,
      "swings": 68,
      "spin_rate": 3240,
      "swing_miss_percent": 29.4,
      "arm_angle": 56.4,
      "barrels_per_pa_percent": 3.0303030303030303,
      "hardhit_percent": 52.38095238095239,
      "whiffs_per_pitch": 0.12269938650306748,
      "active_spin_percent": 70.7
    },
    {
      "code": "SL",
      "title": "slider",
      "color": "#EEE716",
      "count": 140,
      "pitch_percent": 0.2118003025718608,
      "rhh_percent": 0.25153374233128833,
      "lhh_percent": 0.17313432835820897,
      "start_speed": 88.78071428571431,
      "max_start_speed": 91.2,
      "ivb": 2.619285714285714,
      "hb": -4.767857142857144,
      "release_pos_z": 5.958806949160414,
      "release_pos_x": 0.5609748210650181,
      "extension": 6.298628236737891,
      "pitches": 140,
      "whiffs": 14,
      "swings": 74,
      "spin_rate": 2706,
      "swing_miss_percent": 18.9,
      "arm_angle": 57.7,
      "barrels_per_pa_percent": 0,
      "hardhit_percent": 51.515151515151516,
      "whiffs_per_pitch": 0.1,
      "active_spin_percent": 29.3
    },
    {
      "code": "SI",
      "title": "sinker",
      "color": "#FE9E00",
      "count": 78,
      "pitch_percent": 0.11800302571860817,
      "rhh_percent": 0.15950920245398773,
      "lhh_percent": 0.07761194029850746,
      "start_speed": 93.37820512820518,
      "max_start_speed": 95.4,
      "ivb": 9.144871794871792,
      "hb": 13.244871794871793,
      "release_pos_z": 5.797943275083448,
      "release_pos_x": 0.7183434969283495,
      "extension": 6.416192789151789,
      "pitches": 77,
      "whiffs": 6,
      "swings": 29,
      "spin_rate": 2371,
      "swing_miss_percent": 20.7,
      "arm_angle": 52.6,
      "barrels_per_pa_percent": 0,
      "hardhit_percent": 23.076923076923077,
      "whiffs_per_pitch": 0.07792207792207792,
      "active_spin_percent": 72.1
    },
    {
      "code": "CH",
      "title": "changeup",
      "color": "#1DBF3A",
      "count": 37,
      "pitch_percent": 0.05597579425113464,
      "rhh_percent": 0,
      "lhh_percent": 0.11044776119402985,
      "start_speed": 88.7108108108108,
      "max_start_speed": 90.6,
      "ivb": 5.1108108108108095,
      "hb": 10.640540540540538,
      "release_pos_z": 5.738628581691031,
      "release_pos_x": 0.9281643113194722,
      "extension": 6.407534420645985,
      "pitches": 37,
      "whiffs": 2,
      "swings": 13,
      "spin_rate": 2066,
      "swing_miss_percent": 15.4,
      "arm_angle": 49.5,
      "barrels_per_pa_percent": 11.11111111111111,
      "hardhit_percent": 37.5,
      "whiffs_per_pitch": 0.05405405405405406,
      "active_spin_percent": 57.1
    }
  ]
}