{
  "pitcher_id": "543243",
  "pitcher_name": "Sonny Gray",
  "pitches": [
    {
      "code": "FF",
      "title": "four-seam fastball",
      "color": "#D22D49",
      "count": 606,
      "pitch_percent": 0.22287605737403457,
      "rhh_percent": 0.14511041009463724,
      "lhh_percent": 0.29083390764989664,
      "start_speed": 91.72673267326732,
      "max_start_speed": 93.7,
      "ivb": 10.450495049504944,
      "hb": -1.3904290429042898,
      "release_pos_z": 5.563246653569797,
      "release_pos_x": 0.8144781655240688,
      "extension": 6.490449924935791,
      "pitches": 589,
      "whiffs": 53,
      "swings": 277,
      "spin_rate": 2502,
      "swing_miss_percent": 19.1,
      "arm_angle": 46.8,
      "barrels_per_pa_percent": 9.933774834437086,
      "hardhit_percent": 40.94488188976378,
      "whiffs_per_pitch": 0.0899830220713073,
      "active_spin_percent": 58.3
    },
    {
      "code": "ST",
      "title": "sweeper",
      "color": "#DDB43A",
      "count": 524,
      "pitch_percent": 0.19271791099668997,
      "rhh_percent": 0.23186119873817035,
      "lhh_percent": 0.15851137146795313,
      "start_speed": 85.09217557251911,
      "max_start_speed": 87.2,
      "ivb": -4.059923664122137,
      "hb": -14.93473282442747,
      "release_pos_z": 5.57650905264356,
      "release_pos_x": 0.8006121214863028,
      "extension": 6.460697979367307,
      "pitches": 523,
      "whiffs": 132,
      "swings": 311,
      "spin_rate": 2661,
      "swing_miss_percent": 42.4,
      "arm_angle": 48.1,
      "barrels_per_pa_percent": 3.7037037037037033,
      "hardhit_percent": 37.254901960784316,
      "whiffs_per_pitch": 0.25239005736137665,
      "active_spin_percent": 56.6
    },
    {
      "code": "CU",
      "title": "curveball",
      "color": "#00D2ED",
      "count": 497,
      "pitch_percent": 0.1827877896285399,
      "rhh_percent": 0.10173501577287067,
      "lhh_percent": 0.253618194348725,
      "start_speed": 80.26981891348093,
      "max_start_speed": 82.9,
      "ivb": -13.75513078470825,
      "hb": -12.695171026156947,
      "release_pos_z": 5.63114914063711,
      "release_pos_x": 0.728686508288267,
      "extension": 6.452152991686722,
      "pitches": 498,
      "whiffs": 68,
      "swings": 204,
      "spin_rate": 2584,
      "swing_miss_percent": 33.3,
      "arm_angle": 51,
      "barrels_per_pa_percent": 8.080808080808081,
      "hardhit_percent": 44.61538461538462,
      "whiffs_per_pitch": 0.13654618473895583,
      "active_spin_percent": 89.7
    },
    {
      "code": "SI",
      "title": "sinker",
      "color": "#FE9E00",
      "count": 473,
      "pitch_percent": 0.1739610150790732,
      "rhh_percent": 0.277602523659306,
      "lhh_percent": 0.0833907649896623,
      "start_speed": 92.36807610993661,
      "max_start_speed": 95,
      "ivb": 8.379492600422832,
      "hb": 10.569344608879497,
      "release_pos_z": 5.542625811862217,
      "release_pos_x": 0.7894977084620358,
      "extension": 6.535616754359804,
      "pitches": 489,
      "whiffs": 33,
      "swings": 225,
      "spin_rate": 2391,
      "swing_miss_percent": 14.7,
      "arm_angle": 47,
      "barrels_per_pa_percent": 5.952380952380952,
      "hardhit_percent": 43.63636363636363,
      "whiffs_per_pitch": 0.06748466257668712,
      "active_spin_percent": 57
    },
    {
      "code": "FC",
      "title": "cutter",
      "color": "#933F2C",
      "count": 344,
      "pitch_percent": 0.1265171018756896,
      "rhh_percent": 0.20662460567823343,
      "lhh_percent": 0.05651274982770503,
      "start_speed": 87.843023255814,
      "max_start_speed": 91.1,
      "ivb": 2.188953488372093,
      "hb": -5.133720930232559,
      "release_pos_z": 5.574699274033735,
      "release_pos_x": 0.8404502560404379,
      "extension": 6.488865015200406,
      "pitches": 343,
      "whiffs": 37,
      "swings": 159,
      "spin_rate": 2680,
      "swing_miss_percent": 23.3,
      "arm_angle": 47.6,
      "barrels_per_pa_percent": 5.88235294117647,
      "hardhit_percent": 45,
      "whiffs_per_pitch": 0.10787172011661808,
      "active_spin_percent": 31.7
    },
    {
      "code": "CH",
      "title": "changeup",
      "color": "#1DBF3A",
      "count": 229,
      "pitch_percent": 0.08422214049282825,
      "rhh_percent": 0.003943217665615142,
      "lhh_percent": 0.1543762922122674,
      "start_speed": 86.19475982532747,
      "max_start_speed": 89.8,
      "ivb": 6.879475982532751,
      "hb": 13.648471615720519,
      "release_pos_z": 5.382812088671622,
      "release_pos_x": 1.010150695155004,
      "extension": 6.53034156073579,
      "pitches": 229,
      "whiffs": 23,
      "swings": 90,
      "spin_rate": 1860,
      "swing_miss_percent": 25.6,
      "arm_angle": 42.8,
      "barrels_per_pa_percent": 12.5,
      "hardhit_percent": 30.555555555555557,
      "whiffs_per_pitch": 0.10043668122270742,
      "active_spin_percent": 75.1
    },
    {
      "code": "SL",
      "title": "slider",
      "color": "#EEE716",
      "count": 44,
      "pitch_percent": 0.016182420007355647,
      "rhh_percent": 0.032334384858044164,
      "lhh_percent": 0.002067539627842867,
      "start_speed": 84.3681818181818,
      "max_start_speed": 86.7,
      "ivb": -1.0363636363636364,
      "hb": -4.968181818181818,
      "release_pos_z": 5.513052480973776,
      "release_pos_x": 0.8198233437106821,
      "extension": 6.489600067742057,
      "pitches": 43,
      "whiffs": 8,
      "swings": 20,
      "spin_rate": 2621,
      "swing_miss_percent": 40,
      "arm_angle": 46.7,
      "barrels_per_pa_percent": 0,
      "hardhit_percent": 33.33333333333333,
      "whiffs_per_pitch": 0.18604651162790697,
      "active_spin_percent": 34.4
    },
    {
      "code": "CS",
      "title": "slow curve",
      "color": "#0068FF",
      "count": 2,
      "pitch_percent": 0.000735564545788893,
      "rhh_percent": 0.0007886435331230284,
      "lhh_percent": 0.0006891798759476223,
      "start_speed": 74.9,
      "max_start_speed": 76.2,
      "ivb": -14.100000000000001,
      "hb": -13.7,
      "release_pos_z": 5.511037284015872,
      "release_pos_x": 0.7283245238290432,
      "extension": 6.3427420527573375,
      "pitches": 2,
      "whiffs": 1,
      "swings": 1,
      "spin_rate": 2359,
      "swing_miss_percent": 100,
      "arm_angle": 49.9,
      "barrels_per_pa_percent": null,
      "hardhit_percent": null,
      "whiffs_per_pitch": 0.5,
      "active_spin_percent": null
    }
  ]
}