{
  "pitcher_id": "544150",
  "pitcher_name": "Albert Suárez",
  "pitches": [
    {
      "code": "FF",
      "title": "four-seam fastball",
      "color": "#D22D49",
      "count": 75,
      "pitch_percent": 0.43352601156069365,
      "rhh_percent": 0.3157894736842105,
      "lhh_percent": 0.5769230769230769,
      "start_speed": 93.8133333333333,
      "max_start_speed": 96.6,
      "ivb": 16.929333333333332,
      "hb": 4.589333333333333,
      "release_pos_z": 6.4750215652177605,
      "release_pos_x": 1.2816075029521472,
      "extension": 6.550577174647776,
      "pitches": 75,
      "whiffs": 10,
      "swings": 39,
      "spin_rate": 2390,
      "swing_miss_percent": 25.6,
      "arm_angle": 44.1,
      "barrels_per_pa_percent": 4.3478260869565215,
      "hardhit_percent": 50,
      "whiffs_per_pitch": 0.13333333333333333,
      "active_spin_percent": 86.6
    },
    {
      "code": "FC",
      "title": "cutter",
      "color": "#933F2C",
      "count": 34,
      "pitch_percent": 0.19653179190751446,
      "rhh_percent": 0.3263157894736842,
      "lhh_percent": 0.038461538461538464,
      "start_speed": 86.22941176470592,
      "max_start_speed": 88.6,
      "ivb": 9.579411764705881,
      "hb": -1.3882352941176472,
      "release_pos_z": 6.100977700797951,
      "release_pos_x": 1.573140073016864,
      "extension": 6.671228282480051,
      "pitches": 34,
      "whiffs": 5,
      "swings": 19,
      "spin_rate": 2186,
      "swing_miss_percent": 26.3,
      "arm_angle": 36.4,
      "barrels_per_pa_percent": 0,
      "hardhit_percent": 22.22222222222222,
      "whiffs_per_pitch": 0.14705882352941177,
      "active_spin_percent": 52.4
    },
    {
      "code": "SV",
      "title": "slurve",
      "color": "#93AFD4",
      "count": 23,
      "pitch_percent": 0.1329479768786127,
      "rhh_percent": 0.24210526315789474,
      "lhh_percent": 0,
      "start_speed": 80.98695652173913,
      "max_start_speed": 84.6,
      "ivb": -1.9956521739130437,
      "hb": -5.834782608695652,
      "release_pos_z": 6.095835626922578,
      "release_pos_x": 1.5364330385206784,
      "extension": 6.722516368677043,
      "pitches": 23,
      "whiffs": 1,
      "swings": 6,
      "spin_rate": 2478,
      "swing_miss_percent": 16.7,
      "arm_angle": 36.8,
      "barrels_per_pa_percent": 0,
      "hardhit_percent": 0,
      "whiffs_per_pitch": 0.043478260869565216,
      "active_spin_percent": 33.9
    },
    {
      "code": "CU",
      "title": "curveball",
      "color": "#00D2ED",
      "count": 22,
      "pitch_percent": 0.12716763005780346,
      "rhh_percent": 0.09473684210526316,
      "lhh_percent": 0.16666666666666666,
      "start_speed": 79.99545454545455,
      "max_start_speed": 82.2,
      "ivb": -6.1,
      "hb": -3.5727272727272723,
      "release_pos_z": 6.434934800166278,
      "release_pos_x": 1.2316538176956167,
      "extension": 6.52315918471393,
      "pitches": 22,
      "whiffs": 1,
      "swings": 6,
      "spin_rate": 2349,
      "swing_miss_percent": 16.7,
      "arm_angle": 46,
      "barrels_per_pa_percent": 0,
      "hardhit_percent": 33.33333333333333,
      "whiffs_per_pitch": 0.045454545454545456,
      "active_spin_percent": 50.8
    },
    {
      "code": "CH",
      "title": "changeup",
      "color": "#1DBF3A",
      "count": 19,
      "pitch_percent": 0.10982658959537572,
      "rhh_percent": 0.021052631578947368,
      "lhh_percent": 0.21794871794871795,
      "start_speed": 85.66315789473683,
      "max_start_speed": 87.5,
      "ivb": 8.36842105263158,
      "hb": 16.578947368421055,
      "release_pos_z": 6.007191503919736,
      "release_pos_x": 1.5569935718056425,
      "extension": 6.82636145929249,
      "pitches": 19,
      "whiffs": 3,
      "swings": 13,
      "spin_rate": 2038,
      "swing_miss_percent": 23.1,
      "arm_angle": 33.2,
      "barrels_per_pa_percent": 0,
      "hardhit_percent": 0,
      "whiffs_per_pitch": 0.15789473684210525,
      "active_spin_percent": 96.4
    }
  ]
}