{
  "pitcher_id": "547184",
  "pitcher_name": "Michael Kelly",
  "pitches": [
    {
      "code": "ST",
      "title": "sweeper",
      "color": "#DDB43A",
      "count": 332,
      "pitch_percent": 0.5045592705167173,
      "rhh_percent": 0.5384615384615384,
      "lhh_percent": 0.45907473309608543,
      "start_speed": 82.92740963855415,
      "max_start_speed": 85.9,
      "ivb": -2.342168674698795,
      "hb": -16.757228915662647,
      "release_pos_z": 6.061421970031747,
      "release_pos_x": 1.626726106547503,
      "extension": 5.657360256672352,
      "pitches": 330,
      "whiffs": 33,
      "swings": 158,
      "spin_rate": 2813,
      "swing_miss_percent": 20.9,
      "arm_angle": 33.5,
      "barrels_per_pa_percent": 8.653846153846153,
      "hardhit_percent": 34.61538461538461,
      "whiffs_per_pitch": 0.1,
      "active_spin_percent": 65.4
    },
    {
      "code": "FF",
      "title": "four-seam fastball",
      "color": "#D22D49",
      "count": 192,
      "pitch_percent": 0.2917933130699088,
      "rhh_percent": 0.27320954907161804,
      "lhh_percent": 0.3167259786476868,
      "start_speed": 95.81406250000002,
      "max_start_speed": 99,
      "ivb": 14.708854166666649,
      "hb": 5.674479166666667,
      "release_pos_z": 6.280777373872978,
      "release_pos_x": 1.4432473271264534,
      "extension": 5.706580306269565,
      "pitches": 191,
      "whiffs": 15,
      "swings": 69,
      "spin_rate": 2405,
      "swing_miss_percent": 21.7,
      "arm_angle": 38.1,
      "barrels_per_pa_percent": 4.878048780487805,
      "hardhit_percent": 44,
      "whiffs_per_pitch": 0.07853403141361257,
      "active_spin_percent": 81.2
    },
    {
      "code": "SL",
      "title": "slider",
      "color": "#EEE716",
      "count": 77,
      "pitch_percent": 0.11702127659574468,
      "rhh_percent": 0.11936339522546419,
      "lhh_percent": 0.11387900355871886,
      "start_speed": 89.9077922077922,
      "max_start_speed": 93,
      "ivb": 5.336363636363636,
      "hb": -4.838961038961038,
      "release_pos_z": 6.13422960499119,
      "release_pos_x": 1.575218776226784,
      "extension": 5.679253596512302,
      "pitches": 77,
      "whiffs": 9,
      "swings": 32,
      "spin_rate": 2778,
      "swing_miss_percent": 28.1,
      "arm_angle": 34.6,
      "barrels_per_pa_percent": 0,
      "hardhit_percent": 42.857142857142854,
      "whiffs_per_pitch": 0.11688311688311688,
      "active_spin_percent": 30.7
    },
    {
      "code": "SI",
      "title": "sinker",
      "color": "#FE9E00",
      "count": 30,
      "pitch_percent": 0.04559270516717325,
      "rhh_percent": 0.0636604774535809,
      "lhh_percent": 0.021352313167259787,
      "start_speed": 95.06,
      "max_start_speed": 97.3,
      "ivb": 9.64666666666667,
      "hb": 14.886666666666665,
      "release_pos_z": 6.062271430348409,
      "release_pos_x": 1.5727799673753031,
      "extension": 5.761745612742433,
      "pitches": 30,
      "whiffs": 1,
      "swings": 11,
      "spin_rate": 2355,
      "swing_miss_percent": 9.1,
      "arm_angle": 32.9,
      "barrels_per_pa_percent": 33.33333333333333,
      "hardhit_percent": 50,
      "whiffs_per_pitch": 0.03333333333333333,
      "active_spin_percent": 78.2
    },
    {
      "code": "FC",
      "title": "cutter",
      "color": "#933F2C",
      "count": 17,
      "pitch_percent": 0.025835866261398176,
      "rhh_percent": 0.005305039787798408,
      "lhh_percent": 0.05338078291814947,
      "start_speed": 91.88823529411765,
      "max_start_speed": 93.1,
      "ivb": 7.058823529411764,
      "hb": -1.811764705882353,
      "release_pos_z": 6.060138152809397,
      "release_pos_x": 1.743058519907682,
      "extension": 5.778218127809213,
      "pitches": 17,
      "whiffs": 1,
      "swings": 5,
      "spin_rate": 2818,
      "swing_miss_percent": 20,
      "arm_angle": 31.3,
      "barrels_per_pa_percent": 0,
      "hardhit_percent": 0,
      "whiffs_per_pitch": 0.058823529411764705,
      "active_spin_percent": 34
    },
    {
      "code": "CH",
      "title": "changeup",
      "color": "#1DBF3A",
      "count": 10,
      "pitch_percent": 0.015197568389057751,
      "rhh_percent": 0,
      "lhh_percent": 0.03558718861209965,
      "start_speed": 89.16,
      "max_start_speed": 90.4,
      "ivb": 5.39,
      "hb": 11.59,
      "release_pos_z": 6.063512072544525,
      "release_pos_x": 1.5443868054365344,
      "extension": 5.864115207010235,
      "pitches": 10,
      "whiffs": 4,
      "swings": 6,
      "spin_rate": 1622,
      "swing_miss_percent": 66.7,
      "arm_angle": 32.6,
      "barrels_per_pa_percent": 0,
      "hardhit_percent": 0,
      "whiffs_per_pitch": 0.4,
      "active_spin_percent": 72.2
    }
  ]
}