{
  "pitcher_id": "548384",
  "pitcher_name": "Brooks Raley",
  "pitches": [
    {
      "code": "ST",
      "title": "sweeper",
      "color": "#DDB43A",
      "count": 163,
      "pitch_percent": 0.42010309278350516,
      "rhh_percent": 0.3940520446096654,
      "lhh_percent": 0.4789915966386555,
      "start_speed": 81.31595092024537,
      "max_start_speed": 84.4,
      "ivb": 5.021472392638039,
      "hb": -15.958282208588953,
      "release_pos_z": 5.403760545200985,
      "release_pos_x": 3.2878021391405894,
      "extension": 5.9631354062009505,
      "pitches": 163,
      "whiffs": 22,
      "swings": 83,
      "spin_rate": 2920,
      "swing_miss_percent": 26.5,
      "arm_angle": 27.5,
      "barrels_per_pa_percent": 0,
      "hardhit_percent": 52,
      "whiffs_per_pitch": 0.13496932515337423,
      "active_spin_percent": 51.9
    },
    {
      "code": "SI",
      "title": "sinker",
      "color": "#FE9E00",
      "count": 94,
      "pitch_percent": 0.2422680412371134,
      "rhh_percent": 0.20446096654275092,
      "lhh_percent": 0.3277310924369748,
      "start_speed": 90.65319148936167,
      "max_start_speed": 92.4,
      "ivb": 3.953191489361702,
      "hb": 17.810638297872337,
      "release_pos_z": 5.616323822689858,
      "release_pos_x": 2.9974254175204877,
      "extension": 6.044851300925794,
      "pitches": 94,
      "whiffs": 4,
      "swings": 31,
      "spin_rate": 2347,
      "swing_miss_percent": 12.9,
      "arm_angle": 32,
      "barrels_per_pa_percent": 0,
      "hardhit_percent": 53.84615384615385,
      "whiffs_per_pitch": 0.0425531914893617,
      "active_spin_percent": 77.5
    },
    {
      "code": "FC",
      "title": "cutter",
      "color": "#933F2C",
      "count": 78,
      "pitch_percent": 0.20103092783505155,
      "rhh_percent": 0.21561338289962825,
      "lhh_percent": 0.16806722689075632,
      "start_speed": 87.12435897435894,
      "max_start_speed": 91.7,
      "ivb": 6.8307692307692305,
      "hb": -2.948717948717949,
      "release_pos_z": 5.712663075469515,
      "release_pos_x": 3.0285960997945125,
      "extension": 6.025331016940561,
      "pitches": 78,
      "whiffs": 5,
      "swings": 35,
      "spin_rate": 2560,
      "swing_miss_percent": 14.3,
      "arm_angle": 33.9,
      "barrels_per_pa_percent": 0,
      "hardhit_percent": 29.411764705882355,
      "whiffs_per_pitch": 0.0641025641025641,
      "active_spin_percent": 37.6
    },
    {
      "code": "CH",
      "title": "changeup",
      "color": "#1DBF3A",
      "count": 53,
      "pitch_percent": 0.13659793814432988,
      "rhh_percent": 0.18587360594795538,
      "lhh_percent": 0.025210084033613446,
      "start_speed": 84.0320754716981,
      "max_start_speed": 86.1,
      "ivb": -0.4735849056603773,
      "hb": 17.703773584905658,
      "release_pos_z": 5.714424975440968,
      "release_pos_x": 2.9434375592780047,
      "extension": 5.862696206316145,
      "pitches": 53,
      "whiffs": 5,
      "swings": 24,
      "spin_rate": 1951,
      "swing_miss_percent": 20.8,
      "arm_angle": 33.6,
      "barrels_per_pa_percent": 0,
      "hardhit_percent": 0,
      "whiffs_per_pitch": 0.09433962264150944,
      "active_spin_percent": 86.9
    }
  ]
}