{
  "pitcher_id": "592773",
  "pitcher_name": "Ryne Stanek",
  "pitches": [
    {
      "code": "FF",
      "title": "four-seam fastball",
      "color": "#D22D49",
      "count": 607,
      "pitch_percent": 0.5710253998118533,
      "rhh_percent": 0.5411764705882353,
      "lhh_percent": 0.6089743589743589,
      "start_speed": 98.55008237232293,
      "max_start_speed": 101.6,
      "ivb": 18.3329489291598,
      "hb": 8.642668863261948,
      "release_pos_z": 6.556922908306174,
      "release_pos_x": 0.46479976167905357,
      "extension": 5.916133381935242,
      "pitches": 607,
      "whiffs": 87,
      "swings": 356,
      "spin_rate": 2349,
      "swing_miss_percent": 24.4,
      "arm_angle": 49.3,
      "barrels_per_pa_percent": 8,
      "hardhit_percent": 44.79166666666667,
      "whiffs_per_pitch": 0.14332784184514002,
      "active_spin_percent": 99.5
    },
    {
      "code": "SL",
      "title": "slider",
      "color": "#EEE716",
      "count": 227,
      "pitch_percent": 0.21354656632173094,
      "rhh_percent": 0.2605042016806723,
      "lhh_percent": 0.15384615384615385,
      "start_speed": 88.65374449339208,
      "max_start_speed": 90.8,
      "ivb": 0.3955947136563877,
      "hb": -2.84581497797357,
      "release_pos_z": 6.453855504711456,
      "release_pos_x": 0.6215425215460366,
      "extension": 5.999143659787511,
      "pitches": 227,
      "whiffs": 46,
      "swings": 102,
      "spin_rate": 2465,
      "swing_miss_percent": 45.1,
      "arm_angle": 50.8,
      "barrels_per_pa_percent": 3.571428571428571,
      "hardhit_percent": 34.375,
      "whiffs_per_pitch": 0.2026431718061674,
      "active_spin_percent": 21.3
    },
    {
      "code": "FS",
      "title": "splitter",
      "color": "#3BACAC",
      "count": 126,
      "pitch_percent": 0.11853245531514581,
      "rhh_percent": 0.06554621848739496,
      "lhh_percent": 0.1858974358974359,
      "start_speed": 89.30634920634921,
      "max_start_speed": 91.7,
      "ivb": 5.439682539682541,
      "hb": 10.656349206349208,
      "release_pos_z": 6.450872063098416,
      "release_pos_x": 0.397782389013247,
      "extension": 6.1103609724429795,
      "pitches": 126,
      "whiffs": 14,
      "swings": 53,
      "spin_rate": 961,
      "swing_miss_percent": 26.4,
      "arm_angle": 50.9,
      "barrels_per_pa_percent": 0,
      "hardhit_percent": 53.333333333333336,
      "whiffs_per_pitch": 0.1111111111111111,
      "active_spin_percent": 94.4
    },
    {
      "code": "ST",
      "title": "sweeper",
      "color": "#DDB43A",
      "count": 102,
      "pitch_percent": 0.09595484477892756,
      "rhh_percent": 0.13109243697478992,
      "lhh_percent": 0.05128205128205128,
      "start_speed": 84.8735294117647,
      "max_start_speed": 89.3,
      "ivb": 0.5852941176470587,
      "hb": -10.432352941176468,
      "release_pos_z": 6.313371105304156,
      "release_pos_x": 0.9110929748960677,
      "extension": 6.031322898339426,
      "pitches": 102,
      "whiffs": 8,
      "swings": 47,
      "spin_rate": 2572,
      "swing_miss_percent": 17,
      "arm_angle": 45.6,
      "barrels_per_pa_percent": 16,
      "hardhit_percent": 45.45454545454545,
      "whiffs_per_pitch": 0.0784313725490196,
      "active_spin_percent": 41.4
    },
    {
      "code": "SI",
      "title": "sinker",
      "color": "#FE9E00",
      "count": 1,
      "pitch_percent": 0.0009407337723424271,
      "rhh_percent": 0.0016806722689075631,
      "lhh_percent": 0,
      "start_speed": 91.7,
      "max_start_speed": 91.7,
      "ivb": 9.2,
      "hb": 16,
      "release_pos_z": 6.322956825543691,
      "release_pos_x": 0.5147040037045656,
      "extension": 6.187944635983709,
      "pitches": 1,
      "whiffs": 0,
      "swings": 0,
      "spin_rate": 1211,
      "swing_miss_percent": null,
      "arm_angle": 48.4,
      "barrels_per_pa_percent": null,
      "hardhit_percent": null,
      "whiffs_per_pitch": 0,
      "active_spin_percent": null
    }
  ]
}