{
  "pitcher_id": "593423",
  "pitcher_name": "Frankie Montas",
  "pitches": [
    {
      "code": "FF",
      "title": "four-seam fastball",
      "color": "#D22D49",
      "count": 172,
      "pitch_percent": 0.24293785310734464,
      "rhh_percent": 0.21951219512195122,
      "lhh_percent": 0.26843657817109146,
      "start_speed": 95.64011627906974,
      "max_start_speed": 97.9,
      "ivb": 15.862209302325574,
      "hb": 4.856976744186046,
      "release_pos_z": 6.082284887840197,
      "release_pos_x": 0.6887400762717263,
      "extension": 5.930355721231154,
      "pitches": 177,
      "whiffs": 28,
      "swings": 100,
      "spin_rate": 2358,
      "swing_miss_percent": 28,
      "arm_angle": 46.8,
      "barrels_per_pa_percent": 9.75609756097561,
      "hardhit_percent": 48.148148148148145,
      "whiffs_per_pitch": 0.15819209039548024,
      "active_spin_percent": 83.3
    },
    {
      "code": "FS",
      "title": "splitter",
      "color": "#3BACAC",
      "count": 146,
      "pitch_percent": 0.2062146892655367,
      "rhh_percent": 0.16802168021680217,
      "lhh_percent": 0.24778761061946902,
      "start_speed": 86.25890410958905,
      "max_start_speed": 89.2,
      "ivb": 3.2136986301369856,
      "hb": 11.989041095890409,
      "release_pos_z": 6.0855580994624825,
      "release_pos_x": 0.7971399046829571,
      "extension": 5.924942667095842,
      "pitches": 146,
      "whiffs": 24,
      "swings": 75,
      "spin_rate": 1585,
      "swing_miss_percent": 32,
      "arm_angle": 47.4,
      "barrels_per_pa_percent": 2.4390243902439024,
      "hardhit_percent": 29.629629629629626,
      "whiffs_per_pitch": 0.1643835616438356,
      "active_spin_percent": 85
    },
    {
      "code": "SI",
      "title": "sinker",
      "color": "#FE9E00",
      "count": 130,
      "pitch_percent": 0.18361581920903955,
      "rhh_percent": 0.25474254742547425,
      "lhh_percent": 0.10619469026548672,
      "start_speed": 95.09230769230771,
      "max_start_speed": 97.8,
      "ivb": 10.235384615384614,
      "hb": 14.51692307692308,
      "release_pos_z": 6.0752276778028325,
      "release_pos_x": 0.6659222896139689,
      "extension": 5.9016625315074815,
      "pitches": 124,
      "whiffs": 6,
      "swings": 55,
      "spin_rate": 2239,
      "swing_miss_percent": 10.9,
      "arm_angle": 46.8,
      "barrels_per_pa_percent": 10,
      "hardhit_percent": 43.333333333333336,
      "whiffs_per_pitch": 0.04838709677419355,
      "active_spin_percent": 80.4
    },
    {
      "code": "SL",
      "title": "slider",
      "color": "#EEE716",
      "count": 113,
      "pitch_percent": 0.1596045197740113,
      "rhh_percent": 0.20596205962059622,
      "lhh_percent": 0.10914454277286136,
      "start_speed": 86.69203539823009,
      "max_start_speed": 89.2,
      "ivb": 2.1946902654867264,
      "hb": -5.838938053097345,
      "release_pos_z": 6.0372116855841425,
      "release_pos_x": 0.7620347620022221,
      "extension": 5.983398758110844,
      "pitches": 111,
      "whiffs": 11,
      "swings": 52,
      "spin_rate": 2474,
      "swing_miss_percent": 21.2,
      "arm_angle": 47.4,
      "barrels_per_pa_percent": 13.793103448275861,
      "hardhit_percent": 45.45454545454545,
      "whiffs_per_pitch": 0.0990990990990991,
      "active_spin_percent": 32.9
    },
    {
      "code": "ST",
      "title": "sweeper",
      "color": "#DDB43A",
      "count": 75,
      "pitch_percent": 0.1059322033898305,
      "rhh_percent": 0.10298102981029811,
      "lhh_percent": 0.10914454277286136,
      "start_speed": 84.656,
      "max_start_speed": 87.8,
      "ivb": 8.986666666666672,
      "hb": -10.694666666666665,
      "release_pos_z": 6.014761925447371,
      "release_pos_x": 0.9041913711425377,
      "extension": 5.9386958955335984,
      "pitches": 77,
      "whiffs": 4,
      "swings": 22,
      "spin_rate": 2448,
      "swing_miss_percent": 18.2,
      "arm_angle": 46.6,
      "barrels_per_pa_percent": 8.333333333333332,
      "hardhit_percent": 40,
      "whiffs_per_pitch": 0.05194805194805195,
      "active_spin_percent": 39.5
    },
    {
      "code": "FC",
      "title": "cutter",
      "color": "#933F2C",
      "count": 72,
      "pitch_percent": 0.1016949152542373,
      "rhh_percent": 0.04878048780487805,
      "lhh_percent": 0.1592920353982301,
      "start_speed": 91.40138888888886,
      "max_start_speed": 93.5,
      "ivb": 8.019444444444442,
      "hb": -1.1500000000000001,
      "release_pos_z": 6.087305439041027,
      "release_pos_x": 0.7465868844817051,
      "extension": 5.906767388526031,
      "pitches": 72,
      "whiffs": 9,
      "swings": 39,
      "spin_rate": 2350,
      "swing_miss_percent": 23.1,
      "arm_angle": 47.1,
      "barrels_per_pa_percent": 7.142857142857142,
      "hardhit_percent": 38.46153846153847,
      "whiffs_per_pitch": 0.125,
      "active_spin_percent": 61.5
    }
  ]
}