{
  "pitcher_id": "593974",
  "pitcher_name": "Wandy Peralta",
  "pitches": [
    {
      "code": "SI",
      "title": "sinker",
      "color": "#FE9E00",
      "count": 496,
      "pitch_percent": 0.4354697102721686,
      "rhh_percent": 0.3886255924170616,
      "lhh_percent": 0.49407114624505927,
      "start_speed": 95.35201612903224,
      "max_start_speed": 97.7,
      "ivb": 9.25745967741936,
      "hb": 15.915524193548405,
      "release_pos_z": 6.248486622479566,
      "release_pos_x": 0.418183963163104,
      "extension": 5.664110223233646,
      "pitches": 520,
      "whiffs": 39,
      "swings": 230,
      "spin_rate": 2113,
      "swing_miss_percent": 17,
      "arm_angle": 47.6,
      "barrels_per_pa_percent": 6.122448979591836,
      "hardhit_percent": 44.230769230769226,
      "whiffs_per_pitch": 0.075,
      "active_spin_percent": 94.8
    },
    {
      "code": "CH",
      "title": "changeup",
      "color": "#1DBF3A",
      "count": 393,
      "pitch_percent": 0.34503950834064967,
      "rhh_percent": 0.5102685624012638,
      "lhh_percent": 0.1383399209486166,
      "start_speed": 88.91170483460563,
      "max_start_speed": 91.5,
      "ivb": 5.0486005089058485,
      "hb": 16.104834605597958,
      "release_pos_z": 5.899423615676674,
      "release_pos_x": 0.723359337966875,
      "extension": 5.724215695084511,
      "pitches": 392,
      "whiffs": 82,
      "swings": 221,
      "spin_rate": 2165,
      "swing_miss_percent": 37.1,
      "arm_angle": 41.6,
      "barrels_per_pa_percent": 4.23728813559322,
      "hardhit_percent": 30.76923076923077,
      "whiffs_per_pitch": 0.20918367346938777,
      "active_spin_percent": 84.1
    },
    {
      "code": "SL",
      "title": "slider",
      "color": "#EEE716",
      "count": 189,
      "pitch_percent": 0.16593503072870938,
      "rhh_percent": 0.04897314375987362,
      "lhh_percent": 0.31225296442687744,
      "start_speed": 87.92380952380954,
      "max_start_speed": 90.8,
      "ivb": 5.2148148148148135,
      "hb": -1.4788359788359797,
      "release_pos_z": 5.973311684342237,
      "release_pos_x": 0.6961061654153353,
      "extension": 5.8559335351509105,
      "pitches": 189,
      "whiffs": 35,
      "swings": 84,
      "spin_rate": 2243,
      "swing_miss_percent": 41.7,
      "arm_angle": 45,
      "barrels_per_pa_percent": 2.7777777777777777,
      "hardhit_percent": 28.57142857142857,
      "whiffs_per_pitch": 0.18518518518518517,
      "active_spin_percent": 27.9
    },
    {
      "code": "FF",
      "title": "four-seam fastball",
      "color": "#D22D49",
      "count": 61,
      "pitch_percent": 0.053555750658472345,
      "rhh_percent": 0.052132701421800945,
      "lhh_percent": 0.05533596837944664,
      "start_speed": 95.41803278688528,
      "max_start_speed": 96.7,
      "ivb": 13.063934426229508,
      "hb": 10.042622950819673,
      "release_pos_z": 6.267311898413084,
      "release_pos_x": 0.3203500889365301,
      "extension": 5.696926690753187,
      "pitches": 35,
      "whiffs": 4,
      "swings": 15,
      "spin_rate": 2092,
      "swing_miss_percent": 26.7,
      "arm_angle": 48.2,
      "barrels_per_pa_percent": 0,
      "hardhit_percent": 20,
      "whiffs_per_pitch": 0.11428571428571428,
      "active_spin_percent": 95.1
    }
  ]
}