{
  "pitcher_id": "594580",
  "pitcher_name": "Sam Moll",
  "pitches": [
    {
      "code": "ST",
      "title": "sweeper",
      "color": "#DDB43A",
      "count": 148,
      "pitch_percent": 0.4457831325301205,
      "rhh_percent": 0.2206896551724138,
      "lhh_percent": 0.6203208556149733,
      "start_speed": 81.1432432432432,
      "max_start_speed": 83,
      "ivb": -0.888513513513514,
      "hb": -15.089189189189185,
      "release_pos_z": 4.7930400305249625,
      "release_pos_x": 2.299795347042433,
      "extension": 4.4940258735757626,
      "pitches": 147,
      "whiffs": 29,
      "swings": 65,
      "spin_rate": 2915,
      "swing_miss_percent": 44.6,
      "arm_angle": 10.8,
      "barrels_per_pa_percent": 5,
      "hardhit_percent": 55.00000000000001,
      "whiffs_per_pitch": 0.19727891156462585,
      "active_spin_percent": 49.4
    },
    {
      "code": "SI",
      "title": "sinker",
      "color": "#FE9E00",
      "count": 79,
      "pitch_percent": 0.23795180722891565,
      "rhh_percent": 0.2689655172413793,
      "lhh_percent": 0.21390374331550802,
      "start_speed": 91.5810126582279,
      "max_start_speed": 93.9,
      "ivb": -1.3810126582278481,
      "hb": 16.286075949367092,
      "release_pos_z": 4.947080797366566,
      "release_pos_x": 2.097883040197965,
      "extension": 4.638940652976968,
      "pitches": 78,
      "whiffs": 3,
      "swings": 20,
      "spin_rate": 2403,
      "swing_miss_percent": 15,
      "arm_angle": 14.3,
      "barrels_per_pa_percent": 0,
      "hardhit_percent": 54.54545454545454,
      "whiffs_per_pitch": 0.038461538461538464,
      "active_spin_percent": 75.5
    },
    {
      "code": "FF",
      "title": "four-seam fastball",
      "color": "#D22D49",
      "count": 69,
      "pitch_percent": 0.20783132530120482,
      "rhh_percent": 0.2620689655172414,
      "lhh_percent": 0.1657754010695187,
      "start_speed": 92.06376811594203,
      "max_start_speed": 94.7,
      "ivb": 10.965217391304344,
      "hb": 10.807246376811587,
      "release_pos_z": 5.009183550929493,
      "release_pos_x": 2.0409806119861353,
      "extension": 4.688196505249385,
      "pitches": 69,
      "whiffs": 3,
      "swings": 26,
      "spin_rate": 2622,
      "swing_miss_percent": 11.5,
      "arm_angle": 16.8,
      "barrels_per_pa_percent": 5.555555555555555,
      "hardhit_percent": 50,
      "whiffs_per_pitch": 0.043478260869565216,
      "active_spin_percent": 69.5
    },
    {
      "code": "CH",
      "title": "changeup",
      "color": "#1DBF3A",
      "count": 36,
      "pitch_percent": 0.10843373493975904,
      "rhh_percent": 0.2482758620689655,
      "lhh_percent": 0,
      "start_speed": 85.66666666666669,
      "max_start_speed": 88.1,
      "ivb": -7.716666666666667,
      "hb": 11.619444444444447,
      "release_pos_z": 4.862801404902346,
      "release_pos_x": 2.137041759726603,
      "extension": 4.649229465189135,
      "pitches": 36,
      "whiffs": 8,
      "swings": 17,
      "spin_rate": 1735,
      "swing_miss_percent": 47.1,
      "arm_angle": 14.5,
      "barrels_per_pa_percent": 16.666666666666664,
      "hardhit_percent": 50,
      "whiffs_per_pitch": 0.2222222222222222,
      "active_spin_percent": 83.9
    }
  ]
}