{
  "pitcher_id": "601713",
  "pitcher_name": "Nick Pivetta",
  "pitches": [
    {
      "code": "FF",
      "title": "four-seam fastball",
      "color": "#D22D49",
      "count": 1312,
      "pitch_percent": 0.4601894072255349,
      "rhh_percent": 0.4011220196353436,
      "lhh_percent": 0.519298245614035,
      "start_speed": 93.75243902439044,
      "max_start_speed": 96.7,
      "ivb": 19.71897865853659,
      "hb": 2.5392530487804894,
      "release_pos_z": 6.814725649381004,
      "release_pos_x": 0.9891397361598531,
      "extension": 6.864513031520332,
      "pitches": 1381,
      "whiffs": 173,
      "swings": 692,
      "spin_rate": 2325,
      "swing_miss_percent": 25,
      "arm_angle": 56.9,
      "barrels_per_pa_percent": 8.241758241758241,
      "hardhit_percent": 55.04587155963303,
      "whiffs_per_pitch": 0.12527154236060825,
      "active_spin_percent": 94.9
    },
    {
      "code": "CU",
      "title": "curveball",
      "color": "#00D2ED",
      "count": 638,
      "pitch_percent": 0.22378112942827078,
      "rhh_percent": 0.07223001402524544,
      "lhh_percent": 0.37543859649122807,
      "start_speed": 78.97758620689658,
      "max_start_speed": 82.7,
      "ivb": -16.720689655172407,
      "hb": -7.049999999999994,
      "release_pos_z": 6.842033857427153,
      "release_pos_x": 1.0051358473404834,
      "extension": 6.73299327075701,
      "pitches": 638,
      "whiffs": 43,
      "swings": 266,
      "spin_rate": 2797,
      "swing_miss_percent": 16.2,
      "arm_angle": 58,
      "barrels_per_pa_percent": 8.074534161490684,
      "hardhit_percent": 43.333333333333336,
      "whiffs_per_pitch": 0.06739811912225706,
      "active_spin_percent": 82.3
    },
    {
      "code": "ST",
      "title": "sweeper",
      "color": "#DDB43A",
      "count": 481,
      "pitch_percent": 0.1687127323746054,
      "rhh_percent": 0.29873772791023845,
      "lhh_percent": 0.03859649122807018,
      "start_speed": 81.76257796257796,
      "max_start_speed": 88,
      "ivb": 2.74844074844075,
      "hb": -13.710602910602901,
      "release_pos_z": 6.715307398358271,
      "release_pos_x": 1.2563385295464398,
      "extension": 6.727363170212827,
      "pitches": 526,
      "whiffs": 101,
      "swings": 270,
      "spin_rate": 2443,
      "swing_miss_percent": 37.4,
      "arm_angle": 53.9,
      "barrels_per_pa_percent": 3.2520325203252036,
      "hardhit_percent": 23.076923076923077,
      "whiffs_per_pitch": 0.1920152091254753,
      "active_spin_percent": 42.2
    },
    {
      "code": "FC",
      "title": "cutter",
      "color": "#933F2C",
      "count": 253,
      "pitch_percent": 0.08874079270431427,
      "rhh_percent": 0.13674614305750352,
      "lhh_percent": 0.04070175438596491,
      "start_speed": 90.1545454545454,
      "max_start_speed": 94,
      "ivb": 10.697233201581037,
      "hb": -4.551383399209484,
      "release_pos_z": 6.7409514273921385,
      "release_pos_x": 1.207447137352974,
      "extension": 6.765893498903784,
      "pitches": 230,
      "whiffs": 14,
      "swings": 99,
      "spin_rate": 2351,
      "swing_miss_percent": 14.1,
      "arm_angle": 54.4,
      "barrels_per_pa_percent": 10.204081632653061,
      "hardhit_percent": 48.78048780487805,
      "whiffs_per_pitch": 0.06086956521739131,
      "active_spin_percent": 65.5
    },
    {
      "code": "SI",
      "title": "sinker",
      "color": "#FE9E00",
      "count": 113,
      "pitch_percent": 0.03963521571378464,
      "rhh_percent": 0.05890603085553997,
      "lhh_percent": 0.020350877192982456,
      "start_speed": 93.78495575221231,
      "max_start_speed": 95.9,
      "ivb": 18.47787610619469,
      "hb": 9.328318584070793,
      "release_pos_z": 6.598150517325273,
      "release_pos_x": 1.3463002371660553,
      "extension": 6.842989855833412,
      "pitches": 65,
      "whiffs": 2,
      "swings": 26,
      "spin_rate": 2236,
      "swing_miss_percent": 7.7,
      "arm_angle": 51.3,
      "barrels_per_pa_percent": 0,
      "hardhit_percent": 28.57142857142857,
      "whiffs_per_pitch": 0.03076923076923077,
      "active_spin_percent": 96.3
    },
    {
      "code": "SL",
      "title": "slider",
      "color": "#EEE716",
      "count": 49,
      "pitch_percent": 0.017186951946685375,
      "rhh_percent": 0.03225806451612903,
      "lhh_percent": 0.002105263157894737,
      "start_speed": 83.41020408163266,
      "max_start_speed": 85.5,
      "ivb": 6.716326530612242,
      "hb": -7.748979591836735,
      "release_pos_z": 6.593384244445322,
      "release_pos_x": 1.3944314709733967,
      "extension": 6.684898397487514,
      "pitches": 1,
      "whiffs": 0,
      "swings": 1,
      "spin_rate": 2583,
      "swing_miss_percent": 0,
      "arm_angle": 58.6,
      "barrels_per_pa_percent": 0,
      "hardhit_percent": 0,
      "whiffs_per_pitch": 0,
      "active_spin_percent": null
    },
    {
      "code": "FS",
      "title": "splitter",
      "color": "#3BACAC",
      "count": 5,
      "pitch_percent": 0.00175377060680463,
      "rhh_percent": 0,
      "lhh_percent": 0.0035087719298245615,
      "start_speed": 87.32,
      "max_start_speed": 90.1,
      "ivb": 13.120000000000001,
      "hb": 12.280000000000001,
      "release_pos_z": 6.449944193788966,
      "release_pos_x": 1.6994493367011632,
      "extension": 6.784538905503179,
      "pitches": 6,
      "whiffs": 1,
      "swings": 2,
      "spin_rate": 1603,
      "swing_miss_percent": 50,
      "arm_angle": 46.5,
      "barrels_per_pa_percent": 0,
      "hardhit_percent": 100,
      "whiffs_per_pitch": 0.16666666666666666,
      "active_spin_percent": null
    }
  ]
}