{
  "pitcher_id": "605280",
  "pitcher_name": "Clay Holmes",
  "pitches": [
    {
      "code": "SI",
      "title": "sinker",
      "color": "#FE9E00",
      "count": 1133,
      "pitch_percent": 0.40991316931982635,
      "rhh_percent": 0.45605700712589076,
      "lhh_percent": 0.37108594270486345,
      "start_speed": 93.73512797881727,
      "max_start_speed": 97,
      "ivb": 2.9133274492497785,
      "hb": 14.953662842012372,
      "release_pos_z": 6.461633884407411,
      "release_pos_x": 0.8299791714246477,
      "extension": 5.858009476563619,
      "pitches": 1128,
      "whiffs": 84,
      "swings": 505,
      "spin_rate": 2179,
      "swing_miss_percent": 16.6,
      "arm_angle": 43.1,
      "barrels_per_pa_percent": 5.111821086261981,
      "hardhit_percent": 51.76991150442478,
      "whiffs_per_pitch": 0.07446808510638298,
      "active_spin_percent": 68.4
    },
    {
      "code": "ST",
      "title": "sweeper",
      "color": "#DDB43A",
      "count": 527,
      "pitch_percent": 0.19066570188133142,
      "rhh_percent": 0.25336500395882816,
      "lhh_percent": 0.13790806129247168,
      "start_speed": 81.94098671726752,
      "max_start_speed": 84.5,
      "ivb": -6.106831119544592,
      "hb": -16.717647058823527,
      "release_pos_z": 6.458243399882675,
      "release_pos_x": 0.8840537104589996,
      "extension": 5.703657396861103,
      "pitches": 526,
      "whiffs": 49,
      "swings": 192,
      "spin_rate": 2815,
      "swing_miss_percent": 25.5,
      "arm_angle": 42.5,
      "barrels_per_pa_percent": 2.5210084033613445,
      "hardhit_percent": 30.37974683544304,
      "whiffs_per_pitch": 0.09315589353612168,
      "active_spin_percent": 59.9
    },
    {
      "code": "CH",
      "title": "changeup",
      "color": "#1DBF3A",
      "count": 432,
      "pitch_percent": 0.15629522431259044,
      "rhh_percent": 0.06730007917656373,
      "lhh_percent": 0.23117921385742837,
      "start_speed": 88.09768518518516,
      "max_start_speed": 91,
      "ivb": 0.34537037037037027,
      "hb": 12.138888888888895,
      "release_pos_z": 6.391862539759319,
      "release_pos_x": 0.8722322455846856,
      "extension": 5.95536710787355,
      "pitches": 431,
      "whiffs": 69,
      "swings": 230,
      "spin_rate": 1105,
      "swing_miss_percent": 30,
      "arm_angle": 42,
      "barrels_per_pa_percent": 3.7383177570093453,
      "hardhit_percent": 30.555555555555557,
      "whiffs_per_pitch": 0.16009280742459397,
      "active_spin_percent": 86.5
    },
    {
      "code": "SL",
      "title": "slider",
      "color": "#EEE716",
      "count": 296,
      "pitch_percent": 0.10709117221418235,
      "rhh_percent": 0.14251781472684086,
      "lhh_percent": 0.07728181212524983,
      "start_speed": 85.3510135135135,
      "max_start_speed": 88.8,
      "ivb": -4.132094594594596,
      "hb": -1.933445945945945,
      "release_pos_z": 6.52451479425532,
      "release_pos_x": 0.6878624264355864,
      "extension": 5.843410505218039,
      "pitches": 297,
      "whiffs": 45,
      "swings": 143,
      "spin_rate": 2592,
      "swing_miss_percent": 31.5,
      "arm_angle": 46.5,
      "barrels_per_pa_percent": 9.333333333333334,
      "hardhit_percent": 42.10526315789473,
      "whiffs_per_pitch": 0.15151515151515152,
      "active_spin_percent": 32.6
    },
    {
      "code": "FC",
      "title": "cutter",
      "color": "#933F2C",
      "count": 229,
      "pitch_percent": 0.08285094066570188,
      "rhh_percent": 0.038796516231195566,
      "lhh_percent": 0.11992005329780146,
      "start_speed": 89.79868995633188,
      "max_start_speed": 93.8,
      "ivb": 5.148471615720522,
      "hb": -1.0563318777292576,
      "release_pos_z": 6.571739722519161,
      "release_pos_x": 0.6751638434351719,
      "extension": 5.8757853493574626,
      "pitches": 228,
      "whiffs": 13,
      "swings": 92,
      "spin_rate": 2447,
      "swing_miss_percent": 14.1,
      "arm_angle": 46.9,
      "barrels_per_pa_percent": 2.083333333333333,
      "hardhit_percent": 21.21212121212121,
      "whiffs_per_pitch": 0.05701754385964912,
      "active_spin_percent": 27.7
    },
    {
      "code": "FF",
      "title": "four-seam fastball",
      "color": "#D22D49",
      "count": 147,
      "pitch_percent": 0.05318379160636758,
      "rhh_percent": 0.04196357878068092,
      "lhh_percent": 0.0626249167221852,
      "start_speed": 93.20272108843542,
      "max_start_speed": 96.7,
      "ivb": 13.836054421768704,
      "hb": 6.464625850340135,
      "release_pos_z": 6.479842352694221,
      "release_pos_x": 0.7235105446045544,
      "extension": 5.893055107257078,
      "pitches": 150,
      "whiffs": 14,
      "swings": 73,
      "spin_rate": 2303,
      "swing_miss_percent": 19.2,
      "arm_angle": 44.9,
      "barrels_per_pa_percent": 7.142857142857142,
      "hardhit_percent": 62.96296296296296,
      "whiffs_per_pitch": 0.09333333333333334,
      "active_spin_percent": 77.3
    }
  ]
}