{
  "pitcher_id": "605447",
  "pitcher_name": "Jordan Romano",
  "pitches": [
    {
      "code": "SL",
      "title": "slider",
      "color": "#EEE716",
      "count": 443,
      "pitch_percent": 0.6319543509272468,
      "rhh_percent": 0.6520547945205479,
      "lhh_percent": 0.6101190476190477,
      "start_speed": 85.82889390519183,
      "max_start_speed": 89.6,
      "ivb": -0.31241534988713354,
      "hb": -2.2733634311512416,
      "release_pos_z": 6.11299762624373,
      "release_pos_x": 2.1548013770497487,
      "extension": 7.326371148138517,
      "pitches": 443,
      "whiffs": 69,
      "swings": 234,
      "spin_rate": 1983,
      "swing_miss_percent": 29.5,
      "arm_angle": 49.5,
      "barrels_per_pa_percent": 7.03125,
      "hardhit_percent": 37.93103448275862,
      "whiffs_per_pitch": 0.15575620767494355,
      "active_spin_percent": 18.5
    },
    {
      "code": "FF",
      "title": "four-seam fastball",
      "color": "#D22D49",
      "count": 258,
      "pitch_percent": 0.3680456490727532,
      "rhh_percent": 0.34794520547945207,
      "lhh_percent": 0.3898809523809524,
      "start_speed": 95.47945736434109,
      "max_start_speed": 99.8,
      "ivb": 17.903875968992242,
      "hb": 7.295736434108529,
      "release_pos_z": 6.114272361630014,
      "release_pos_x": 2.068912557794647,
      "extension": 7.522265344921451,
      "pitches": 257,
      "whiffs": 25,
      "swings": 93,
      "spin_rate": 2269,
      "swing_miss_percent": 26.9,
      "arm_angle": 50.6,
      "barrels_per_pa_percent": 5.263157894736842,
      "hardhit_percent": 43.75,
      "whiffs_per_pitch": 0.09727626459143969,
      "active_spin_percent": 97.6
    }
  ]
}