{
  "pitcher_id": "607067",
  "pitcher_name": "Colin Rea",
  "pitches": [
    {
      "code": "FF",
      "title": "four-seam fastball",
      "color": "#D22D49",
      "count": 1067,
      "pitch_percent": 0.4210734017363852,
      "rhh_percent": 0.37043330501274424,
      "lhh_percent": 0.46499631540162123,
      "start_speed": 93.82071227741328,
      "max_start_speed": 96.2,
      "ivb": 14.00880974695408,
      "hb": 8.530552952202445,
      "release_pos_z": 5.545554294127333,
      "release_pos_x": 1.643885413171156,
      "extension": 6.679665127158102,
      "pitches": 1049,
      "whiffs": 86,
      "swings": 505,
      "spin_rate": 2195,
      "swing_miss_percent": 17,
      "arm_angle": 29.2,
      "barrels_per_pa_percent": 10.357142857142858,
      "hardhit_percent": 50,
      "whiffs_per_pitch": 0.08198284080076262,
      "active_spin_percent": 87.4
    },
    {
      "code": "FS",
      "title": "splitter",
      "color": "#3BACAC",
      "count": 306,
      "pitch_percent": 0.12075769534333071,
      "rhh_percent": 0.0237892948173322,
      "lhh_percent": 0.20486366985998525,
      "start_speed": 87.35228758169937,
      "max_start_speed": 89.8,
      "ivb": -0.20653594771241812,
      "hb": 13.265032679738553,
      "release_pos_z": 5.605162848403109,
      "release_pos_x": 1.667387239742357,
      "extension": 6.641698893523207,
      "pitches": 304,
      "whiffs": 51,
      "swings": 155,
      "spin_rate": 1420,
      "swing_miss_percent": 32.9,
      "arm_angle": 31.2,
      "barrels_per_pa_percent": 5.952380952380952,
      "hardhit_percent": 40.38461538461539,
      "whiffs_per_pitch": 0.16776315789473684,
      "active_spin_percent": 90.6
    },
    {
      "code": "SL",
      "title": "slider",
      "color": "#EEE716",
      "count": 258,
      "pitch_percent": 0.10181531176006314,
      "rhh_percent": 0.17247238742565846,
      "lhh_percent": 0.040530582166543844,
      "start_speed": 85.16279069767451,
      "max_start_speed": 88.4,
      "ivb": -1.8251937984496116,
      "hb": -4.0166666666666675,
      "release_pos_z": 5.553088252956479,
      "release_pos_x": 1.6444088684546907,
      "extension": 6.616185890528859,
      "pitches": 256,
      "whiffs": 46,
      "swings": 120,
      "spin_rate": 2212,
      "swing_miss_percent": 38.3,
      "arm_angle": 31.3,
      "barrels_per_pa_percent": 7.575757575757576,
      "hardhit_percent": 48.78048780487805,
      "whiffs_per_pitch": 0.1796875,
      "active_spin_percent": 31.3
    },
    {
      "code": "SI",
      "title": "sinker",
      "color": "#FE9E00",
      "count": 253,
      "pitch_percent": 0.09984214680347277,
      "rhh_percent": 0.17247238742565846,
      "lhh_percent": 0.036845983787767135,
      "start_speed": 93.08537549407114,
      "max_start_speed": 95.6,
      "ivb": 8.146640316205536,
      "hb": 14.87193675889328,
      "release_pos_z": 5.537932033253077,
      "release_pos_x": 1.6456529049810407,
      "extension": 6.700093107245827,
      "pitches": 266,
      "whiffs": 17,
      "swings": 140,
      "spin_rate": 2152,
      "swing_miss_percent": 12.1,
      "arm_angle": 30.1,
      "barrels_per_pa_percent": 7.5,
      "hardhit_percent": 38.095238095238095,
      "whiffs_per_pitch": 0.06390977443609022,
      "active_spin_percent": 78.9
    },
    {
      "code": "ST",
      "title": "sweeper",
      "color": "#DDB43A",
      "count": 232,
      "pitch_percent": 0.09155485398579322,
      "rhh_percent": 0.18691588785046728,
      "lhh_percent": 0.008843036109064112,
      "start_speed": 82.78663793103443,
      "max_start_speed": 86.6,
      "ivb": 2.1025862068965515,
      "hb": -13.835775862068965,
      "release_pos_z": 5.545580747134989,
      "release_pos_x": 1.7066153085876798,
      "extension": 6.5263759770072625,
      "pitches": 234,
      "whiffs": 32,
      "swings": 128,
      "spin_rate": 2451,
      "swing_miss_percent": 25,
      "arm_angle": 29.5,
      "barrels_per_pa_percent": 3.076923076923077,
      "hardhit_percent": 20.833333333333336,
      "whiffs_per_pitch": 0.13675213675213677,
      "active_spin_percent": 54.2
    },
    {
      "code": "CU",
      "title": "curveball",
      "color": "#00D2ED",
      "count": 232,
      "pitch_percent": 0.09155485398579322,
      "rhh_percent": 0.0118946474086661,
      "lhh_percent": 0.1606484893146647,
      "start_speed": 80.31551724137935,
      "max_start_speed": 84,
      "ivb": -7.574568965517239,
      "hb": -10.23577586206897,
      "release_pos_z": 5.7156363511487935,
      "release_pos_x": 1.6406995143686283,
      "extension": 6.460349414134456,
      "pitches": 231,
      "whiffs": 20,
      "swings": 73,
      "spin_rate": 2208,
      "swing_miss_percent": 27.4,
      "arm_angle": 34.7,
      "barrels_per_pa_percent": 7.317073170731707,
      "hardhit_percent": 29.03225806451613,
      "whiffs_per_pitch": 0.08658008658008658,
      "active_spin_percent": 73
    },
    {
      "code": "FC",
      "title": "cutter",
      "color": "#933F2C",
      "count": 186,
      "pitch_percent": 0.0734017363851618,
      "rhh_percent": 0.062022090059473234,
      "lhh_percent": 0.08327192336035372,
      "start_speed": 88.19623655913979,
      "max_start_speed": 90.8,
      "ivb": 7.78494623655914,
      "hb": -1.6198924731182802,
      "release_pos_z": 5.578976873985149,
      "release_pos_x": 1.6339631195369295,
      "extension": 6.618628006587594,
      "pitches": 187,
      "whiffs": 13,
      "swings": 80,
      "spin_rate": 2209,
      "swing_miss_percent": 16.3,
      "arm_angle": 30.7,
      "barrels_per_pa_percent": 0,
      "hardhit_percent": 29.411764705882355,
      "whiffs_per_pitch": 0.06951871657754011,
      "active_spin_percent": 50.9
    }
  ]
}