{
  "pitcher_id": "607536",
  "pitcher_name": "Kyle Freeland",
  "pitches": [
    {
      "code": "FF",
      "title": "four-seam fastball",
      "color": "#D22D49",
      "count": 830,
      "pitch_percent": 0.33454252317613864,
      "rhh_percent": 0.3448101265822785,
      "lhh_percent": 0.29446640316205536,
      "start_speed": 91.57819277108433,
      "max_start_speed": 95.1,
      "ivb": 15.053855421686748,
      "hb": 7.9009638554217005,
      "release_pos_z": 5.8950338137691345,
      "release_pos_x": 2.439292598158479,
      "extension": 6.5949676780778885,
      "pitches": 830,
      "whiffs": 51,
      "swings": 439,
      "spin_rate": 2401,
      "swing_miss_percent": 11.6,
      "arm_angle": 31.4,
      "barrels_per_pa_percent": 10.612244897959183,
      "hardhit_percent": 49.504950495049506,
      "whiffs_per_pitch": 0.06144578313253012,
      "active_spin_percent": 89
    },
    {
      "code": "KC",
      "title": "knuckle curve",
      "color": "#6236CD",
      "count": 648,
      "pitch_percent": 0.26118500604594924,
      "rhh_percent": 0.27645569620253163,
      "lhh_percent": 0.2015810276679842,
      "start_speed": 82.57453703703705,
      "max_start_speed": 86,
      "ivb": -6.539197530864194,
      "hb": -2.047685185185183,
      "release_pos_z": 5.6466492451369605,
      "release_pos_x": 2.6118282692301484,
      "extension": 6.538130041615223,
      "pitches": 648,
      "whiffs": 117,
      "swings": 315,
      "spin_rate": 2395,
      "swing_miss_percent": 37.1,
      "arm_angle": 27.3,
      "barrels_per_pa_percent": 1.0869565217391304,
      "hardhit_percent": 44.24778761061947,
      "whiffs_per_pitch": 0.18055555555555555,
      "active_spin_percent": null
    },
    {
      "code": "FC",
      "title": "cutter",
      "color": "#933F2C",
      "count": 388,
      "pitch_percent": 0.15638855300282145,
      "rhh_percent": 0.16151898734177214,
      "lhh_percent": 0.13636363636363635,
      "start_speed": 87.29381443298968,
      "max_start_speed": 90.4,
      "ivb": 6.144587628865979,
      "hb": 0.4811855670103092,
      "release_pos_z": 5.667354842716828,
      "release_pos_x": 2.6809133242368173,
      "extension": 6.573480128309407,
      "pitches": 385,
      "whiffs": 40,
      "swings": 200,
      "spin_rate": 2372,
      "swing_miss_percent": 20,
      "arm_angle": 25.4,
      "barrels_per_pa_percent": 12.087912087912088,
      "hardhit_percent": 50.602409638554214,
      "whiffs_per_pitch": 0.1038961038961039,
      "active_spin_percent": 33
    },
    {
      "code": "ST",
      "title": "sweeper",
      "color": "#DDB43A",
      "count": 318,
      "pitch_percent": 0.12817412333736397,
      "rhh_percent": 0.0820253164556962,
      "lhh_percent": 0.308300395256917,
      "start_speed": 83.60471698113203,
      "max_start_speed": 87.2,
      "ivb": -3.1770440251572345,
      "hb": -9.617295597484274,
      "release_pos_z": 5.563495109074293,
      "release_pos_x": 2.746255132681074,
      "extension": 6.527906337072036,
      "pitches": 318,
      "whiffs": 44,
      "swings": 171,
      "spin_rate": 2337,
      "swing_miss_percent": 25.7,
      "arm_angle": 24.4,
      "barrels_per_pa_percent": 2.912621359223301,
      "hardhit_percent": 43.75,
      "whiffs_per_pitch": 0.13836477987421383,
      "active_spin_percent": 43.7
    },
    {
      "code": "SI",
      "title": "sinker",
      "color": "#FE9E00",
      "count": 150,
      "pitch_percent": 0.060459492140266025,
      "rhh_percent": 0.060759493670886074,
      "lhh_percent": 0.05928853754940711,
      "start_speed": 91.33666666666669,
      "max_start_speed": 94.1,
      "ivb": 8.033333333333339,
      "hb": 14.102000000000004,
      "release_pos_z": 5.8241978795075156,
      "release_pos_x": 2.5771159247149233,
      "extension": 6.614647286331583,
      "pitches": 148,
      "whiffs": 8,
      "swings": 84,
      "spin_rate": 2272,
      "swing_miss_percent": 9.5,
      "arm_angle": 29.9,
      "barrels_per_pa_percent": 8.16326530612245,
      "hardhit_percent": 42.22222222222222,
      "whiffs_per_pitch": 0.05405405405405406,
      "active_spin_percent": 83.1
    },
    {
      "code": "CH",
      "title": "changeup",
      "color": "#1DBF3A",
      "count": 147,
      "pitch_percent": 0.0592503022974607,
      "rhh_percent": 0.07443037974683545,
      "lhh_percent": 0,
      "start_speed": 86.3952380952381,
      "max_start_speed": 90.4,
      "ivb": 6.7,
      "hb": 12.295238095238092,
      "release_pos_z": 5.686354964120721,
      "release_pos_x": 2.5963709678769797,
      "extension": 6.5434405213971445,
      "pitches": 147,
      "whiffs": 8,
      "swings": 59,
      "spin_rate": 1487,
      "swing_miss_percent": 13.6,
      "arm_angle": 29.6,
      "barrels_per_pa_percent": 17.24137931034483,
      "hardhit_percent": 60.71428571428571,
      "whiffs_per_pitch": 0.05442176870748299,
      "active_spin_percent": 96.9
    }
  ]
}