{
  "pitcher_id": "607732",
  "pitcher_name": "Jacob Stallings",
  "pitches": [
    {
      "code": "CS",
      "title": "slow curve",
      "color": "#0068FF",
      "count": 6,
      "pitch_percent": 0.23076923076923078,
      "rhh_percent": 0.2857142857142857,
      "lhh_percent": 0.21052631578947367,
      "start_speed": 42.516666666666666,
      "max_start_speed": 52,
      "ivb": -0.4333333333333333,
      "hb": -10.516666666666667,
      "release_pos_z": 6.597245984549464,
      "release_pos_x": 2.455068784634136,
      "extension": 4.861739465304331,
      "pitches": 6,
      "whiffs": 0,
      "swings": 4,
      "spin_rate": 1415,
      "swing_miss_percent": 0,
      "arm_angle": 37.4,
      "barrels_per_pa_percent": 33.33333333333333,
      "hardhit_percent": 33.33333333333333,
      "whiffs_per_pitch": 0,
      "active_spin_percent": null
    },
    {
      "code": "CH",
      "title": "changeup",
      "color": "#1DBF3A",
      "count": 3,
      "pitch_percent": 0.11538461538461539,
      "rhh_percent": 0,
      "lhh_percent": 0.15789473684210525,
      "start_speed": 55.5,
      "max_start_speed": 59.5,
      "ivb": 16.466666666666665,
      "hb": 8.966666666666667,
      "release_pos_z": 5.886969352625606,
      "release_pos_x": 2.7333078251125027,
      "extension": 4.9836161278933755,
      "pitches": 3,
      "whiffs": 0,
      "swings": 1,
      "spin_rate": 1525,
      "swing_miss_percent": 0,
      "arm_angle": 21.2,
      "barrels_per_pa_percent": 0,
      "hardhit_percent": 0,
      "whiffs_per_pitch": 0,
      "active_spin_percent": null
    }
  ]
}