{
  "pitcher_id": "608334",
  "pitcher_name": "Carson Fulmer",
  "pitches": [
    {
      "code": "CH",
      "title": "changeup",
      "color": "#1DBF3A",
      "count": 131,
      "pitch_percent": 0.2841648590021692,
      "rhh_percent": 0.15384615384615385,
      "lhh_percent": 0.4041666666666667,
      "start_speed": 86.97251908396947,
      "max_start_speed": 89.6,
      "ivb": 2.4282442748091606,
      "hb": 13.903053435114503,
      "release_pos_z": 5.506964560698818,
      "release_pos_x": 2.5312268839302927,
      "extension": 6.342460271243384,
      "pitches": 130,
      "whiffs": 29,
      "swings": 85,
      "spin_rate": 1420,
      "swing_miss_percent": 34.1,
      "arm_angle": 34,
      "barrels_per_pa_percent": 7.317073170731707,
      "hardhit_percent": 30,
      "whiffs_per_pitch": 0.2230769230769231,
      "active_spin_percent": 92.2
    },
    {
      "code": "FF",
      "title": "four-seam fastball",
      "color": "#D22D49",
      "count": 123,
      "pitch_percent": 0.2668112798264642,
      "rhh_percent": 0.19457013574660634,
      "lhh_percent": 0.3333333333333333,
      "start_speed": 92.67479674796749,
      "max_start_speed": 94.5,
      "ivb": 15.908943089430895,
      "hb": 8.973983739837395,
      "release_pos_z": 5.548382972485935,
      "release_pos_x": 2.4273356675911835,
      "extension": 6.29890131259604,
      "pitches": 114,
      "whiffs": 10,
      "swings": 43,
      "spin_rate": 2347,
      "swing_miss_percent": 23.3,
      "arm_angle": 35.1,
      "barrels_per_pa_percent": 11.76470588235294,
      "hardhit_percent": 60,
      "whiffs_per_pitch": 0.08771929824561403,
      "active_spin_percent": 88.9
    },
    {
      "code": "SI",
      "title": "sinker",
      "color": "#FE9E00",
      "count": 97,
      "pitch_percent": 0.210412147505423,
      "rhh_percent": 0.29411764705882354,
      "lhh_percent": 0.13333333333333333,
      "start_speed": 92.35257731958764,
      "max_start_speed": 94.4,
      "ivb": 9.227835051546393,
      "hb": 14.779381443298977,
      "release_pos_z": 5.554519362617554,
      "release_pos_x": 2.459870412485925,
      "extension": 6.316944172820205,
      "pitches": 106,
      "whiffs": 9,
      "swings": 56,
      "spin_rate": 2206,
      "swing_miss_percent": 16.1,
      "arm_angle": 34.9,
      "barrels_per_pa_percent": 6.896551724137931,
      "hardhit_percent": 56.52173913043478,
      "whiffs_per_pitch": 0.08490566037735849,
      "active_spin_percent": 79.4
    },
    {
      "code": "SL",
      "title": "slider",
      "color": "#EEE716",
      "count": 81,
      "pitch_percent": 0.175704989154013,
      "rhh_percent": 0.2895927601809955,
      "lhh_percent": 0.07083333333333333,
      "start_speed": 86.63456790123455,
      "max_start_speed": 89.5,
      "ivb": 4.193827160493827,
      "hb": -4.548148148148148,
      "release_pos_z": 5.607003802803423,
      "release_pos_x": 2.454852723552079,
      "extension": 6.279390939967926,
      "pitches": 80,
      "whiffs": 5,
      "swings": 22,
      "spin_rate": 2517,
      "swing_miss_percent": 22.7,
      "arm_angle": 35.8,
      "barrels_per_pa_percent": 0,
      "hardhit_percent": 8.333333333333332,
      "whiffs_per_pitch": 0.0625,
      "active_spin_percent": 26.2
    },
    {
      "code": "CU",
      "title": "curveball",
      "color": "#00D2ED",
      "count": 29,
      "pitch_percent": 0.06290672451193059,
      "rhh_percent": 0.06787330316742081,
      "lhh_percent": 0.058333333333333334,
      "start_speed": 81.28965517241377,
      "max_start_speed": 83.6,
      "ivb": -7.789655172413794,
      "hb": -7.403448275862068,
      "release_pos_z": 5.64843722557622,
      "release_pos_x": 2.396991322297304,
      "extension": 6.198746175072073,
      "pitches": 29,
      "whiffs": 1,
      "swings": 10,
      "spin_rate": 2647,
      "swing_miss_percent": 10,
      "arm_angle": 37.2,
      "barrels_per_pa_percent": 20,
      "hardhit_percent": 40,
      "whiffs_per_pitch": 0.034482758620689655,
      "active_spin_percent": 59.4
    }
  ]
}