{
  "pitcher_id": "608665",
  "pitcher_name": "Kendall Graveman",
  "pitches": [
    {
      "code": "SI",
      "title": "sinker",
      "color": "#FE9E00",
      "count": 128,
      "pitch_percent": 0.3950617283950617,
      "rhh_percent": 0.5124378109452736,
      "lhh_percent": 0.2032520325203252,
      "start_speed": 94.56406249999996,
      "max_start_speed": 96.6,
      "ivb": 9.510156249999998,
      "hb": 15.51875,
      "release_pos_z": 5.768441968820802,
      "release_pos_x": 1.0955996671449937,
      "extension": 6.375507406004378,
      "pitches": 127,
      "whiffs": 9,
      "swings": 53,
      "spin_rate": 2216,
      "swing_miss_percent": 17,
      "arm_angle": 42.2,
      "barrels_per_pa_percent": 13.953488372093023,
      "hardhit_percent": 64.51612903225806,
      "whiffs_per_pitch": 0.07086614173228346,
      "active_spin_percent": 94.1
    },
    {
      "code": "SL",
      "title": "slider",
      "color": "#EEE716",
      "count": 71,
      "pitch_percent": 0.2191358024691358,
      "rhh_percent": 0.32338308457711445,
      "lhh_percent": 0.04878048780487805,
      "start_speed": 85.24929577464789,
      "max_start_speed": 88.7,
      "ivb": 1.6239436619718306,
      "hb": -5.518309859154929,
      "release_pos_z": 5.734737609876842,
      "release_pos_x": 1.1006904004931573,
      "extension": 6.415638037184826,
      "pitches": 71,
      "whiffs": 12,
      "swings": 27,
      "spin_rate": 2494,
      "swing_miss_percent": 44.4,
      "arm_angle": 42.8,
      "barrels_per_pa_percent": 0,
      "hardhit_percent": 45.45454545454545,
      "whiffs_per_pitch": 0.16901408450704225,
      "active_spin_percent": 29.1
    },
    {
      "code": "CH",
      "title": "changeup",
      "color": "#1DBF3A",
      "count": 66,
      "pitch_percent": 0.2037037037037037,
      "rhh_percent": 0.009950248756218905,
      "lhh_percent": 0.5203252032520326,
      "start_speed": 87.87878787878788,
      "max_start_speed": 90.2,
      "ivb": 3.2833333333333323,
      "hb": 12.719696969696972,
      "release_pos_z": 5.681890897809163,
      "release_pos_x": 1.2214184021210361,
      "extension": 6.466194846262643,
      "pitches": 66,
      "whiffs": 10,
      "swings": 33,
      "spin_rate": 1694,
      "swing_miss_percent": 30.3,
      "arm_angle": 39.9,
      "barrels_per_pa_percent": 0,
      "hardhit_percent": 20,
      "whiffs_per_pitch": 0.15151515151515152,
      "active_spin_percent": 84.8
    },
    {
      "code": "FF",
      "title": "four-seam fastball",
      "color": "#D22D49",
      "count": 52,
      "pitch_percent": 0.16049382716049382,
      "rhh_percent": 0.15422885572139303,
      "lhh_percent": 0.17073170731707318,
      "start_speed": 94.15961538461539,
      "max_start_speed": 96.2,
      "ivb": 15.301923076923078,
      "hb": 7.209615384615384,
      "release_pos_z": 5.776380694097024,
      "release_pos_x": 1.0322009547678894,
      "extension": 6.337724358748113,
      "pitches": 52,
      "whiffs": 7,
      "swings": 23,
      "spin_rate": 2283,
      "swing_miss_percent": 30.4,
      "arm_angle": 42.3,
      "barrels_per_pa_percent": 0,
      "hardhit_percent": 42.857142857142854,
      "whiffs_per_pitch": 0.1346153846153846,
      "active_spin_percent": 89.5
    },
    {
      "code": "CU",
      "title": "curveball",
      "color": "#00D2ED",
      "count": 7,
      "pitch_percent": 0.021604938271604937,
      "rhh_percent": 0,
      "lhh_percent": 0.056910569105691054,
      "start_speed": 81.11428571428571,
      "max_start_speed": 82.9,
      "ivb": -9.042857142857143,
      "hb": -7.557142857142857,
      "release_pos_z": 5.796355950699207,
      "release_pos_x": 1.0075872150886893,
      "extension": 6.430485301129916,
      "pitches": 7,
      "whiffs": 1,
      "swings": 2,
      "spin_rate": 2464,
      "swing_miss_percent": 50,
      "arm_angle": 46.1,
      "barrels_per_pa_percent": null,
      "hardhit_percent": null,
      "whiffs_per_pitch": 0.14285714285714285,
      "active_spin_percent": null
    }
  ]
}