{
  "pitcher_id": "622663",
  "pitcher_name": "Luis Severino",
  "pitches": [
    {
      "code": "FF",
      "title": "four-seam fastball",
      "color": "#D22D49",
      "count": 755,
      "pitch_percent": 0.27645551080190406,
      "rhh_percent": 0.2660882140274765,
      "lhh_percent": 0.2870919881305638,
      "start_speed": 96.07774834437082,
      "max_start_speed": 99.9,
      "ivb": 16.339735099337737,
      "hb": 7.04675496688742,
      "release_pos_z": 6.072560194442942,
      "release_pos_x": 1.8844445032613393,
      "extension": 6.253107539071778,
      "pitches": 770,
      "whiffs": 84,
      "swings": 385,
      "spin_rate": 2284,
      "swing_miss_percent": 21.8,
      "arm_angle": 41.7,
      "barrels_per_pa_percent": 6.857142857142858,
      "hardhit_percent": 56.00000000000001,
      "whiffs_per_pitch": 0.10909090909090909,
      "active_spin_percent": 92.5
    },
    {
      "code": "ST",
      "title": "sweeper",
      "color": "#DDB43A",
      "count": 678,
      "pitch_percent": 0.24826071036250458,
      "rhh_percent": 0.25234996384671005,
      "lhh_percent": 0.24406528189910978,
      "start_speed": 84.54144542772858,
      "max_start_speed": 90.8,
      "ivb": 2.4033923303834834,
      "hb": -15.73333333333336,
      "release_pos_z": 5.789250786920505,
      "release_pos_x": 2.2420911161344304,
      "extension": 6.294088663973691,
      "pitches": 677,
      "whiffs": 67,
      "swings": 295,
      "spin_rate": 2581,
      "swing_miss_percent": 22.7,
      "arm_angle": 36.2,
      "barrels_per_pa_percent": 5.142857142857142,
      "hardhit_percent": 36.44859813084112,
      "whiffs_per_pitch": 0.09896602658788774,
      "active_spin_percent": 61
    },
    {
      "code": "SI",
      "title": "sinker",
      "color": "#FE9E00",
      "count": 568,
      "pitch_percent": 0.20798242402050532,
      "rhh_percent": 0.2668112798264642,
      "lhh_percent": 0.1476261127596439,
      "start_speed": 95.65968309859157,
      "max_start_speed": 99.3,
      "ivb": 12.18098591549297,
      "hb": 13.998767605633793,
      "release_pos_z": 5.978926785815163,
      "release_pos_x": 1.9047481331003733,
      "extension": 6.333319847204092,
      "pitches": 551,
      "whiffs": 29,
      "swings": 283,
      "spin_rate": 2121,
      "swing_miss_percent": 10.2,
      "arm_angle": 41,
      "barrels_per_pa_percent": 2.6455026455026456,
      "hardhit_percent": 39.58333333333333,
      "whiffs_per_pitch": 0.05263157894736842,
      "active_spin_percent": 91.3
    },
    {
      "code": "FC",
      "title": "cutter",
      "color": "#933F2C",
      "count": 477,
      "pitch_percent": 0.17466129622848772,
      "rhh_percent": 0.13665943600867678,
      "lhh_percent": 0.21364985163204747,
      "start_speed": 93.20545073375268,
      "max_start_speed": 97.1,
      "ivb": 9.264360587002093,
      "hb": -0.7899371069182394,
      "release_pos_z": 5.959778444155934,
      "release_pos_x": 1.988412716610023,
      "extension": 6.3361860869200575,
      "pitches": 477,
      "whiffs": 36,
      "swings": 223,
      "spin_rate": 2287,
      "swing_miss_percent": 16.1,
      "arm_angle": 40.6,
      "barrels_per_pa_percent": 3.8461538461538463,
      "hardhit_percent": 32.18390804597701,
      "whiffs_per_pitch": 0.07547169811320754,
      "active_spin_percent": 62.6
    },
    {
      "code": "CH",
      "title": "changeup",
      "color": "#1DBF3A",
      "count": 145,
      "pitch_percent": 0.05309410472354449,
      "rhh_percent": 0.03036876355748373,
      "lhh_percent": 0.07640949554896143,
      "start_speed": 86.20275862068965,
      "max_start_speed": 89.1,
      "ivb": 7.237241379310346,
      "hb": 13.83241379310345,
      "release_pos_z": 5.754237603172443,
      "release_pos_x": 1.9543853104478248,
      "extension": 6.478665613436724,
      "pitches": 145,
      "whiffs": 13,
      "swings": 65,
      "spin_rate": 1597,
      "swing_miss_percent": 20,
      "arm_angle": 36,
      "barrels_per_pa_percent": 3.225806451612903,
      "hardhit_percent": 56.666666666666664,
      "whiffs_per_pitch": 0.0896551724137931,
      "active_spin_percent": 98.1
    },
    {
      "code": "SL",
      "title": "slider",
      "color": "#EEE716",
      "count": 108,
      "pitch_percent": 0.039545953863053825,
      "rhh_percent": 0.04772234273318872,
      "lhh_percent": 0.03115727002967359,
      "start_speed": 86.96018518518515,
      "max_start_speed": 90.3,
      "ivb": 3.1222222222222196,
      "hb": -6.569444444444441,
      "release_pos_z": 5.826206948710136,
      "release_pos_x": 2.0987674156035756,
      "extension": 6.355711642334177,
      "pitches": 106,
      "whiffs": 7,
      "swings": 35,
      "spin_rate": 2484,
      "swing_miss_percent": 20,
      "arm_angle": 37.6,
      "barrels_per_pa_percent": 0,
      "hardhit_percent": 33.33333333333333,
      "whiffs_per_pitch": 0.0660377358490566,
      "active_spin_percent": 42.6
    }
  ]
}