{
  "pitcher_id": "623167",
  "pitcher_name": "Chris Flexen",
  "pitches": [
    {
      "code": "FF",
      "title": "four-seam fastball",
      "color": "#D22D49",
      "count": 277,
      "pitch_percent": 0.4115898959881129,
      "rhh_percent": 0.3515625,
      "lhh_percent": 0.4913494809688581,
      "start_speed": 92.4259927797834,
      "max_start_speed": 95.3,
      "ivb": 17.735018050541516,
      "hb": 2.1588447653429603,
      "release_pos_z": 6.825294927740277,
      "release_pos_x": 0.6809691594323115,
      "extension": 6.195094848080145,
      "pitches": 274,
      "whiffs": 20,
      "swings": 140,
      "spin_rate": 2246,
      "swing_miss_percent": 14.3,
      "arm_angle": 64.8,
      "barrels_per_pa_percent": 12.121212121212121,
      "hardhit_percent": 46.2962962962963,
      "whiffs_per_pitch": 0.072992700729927,
      "active_spin_percent": 89.7
    },
    {
      "code": "FC",
      "title": "cutter",
      "color": "#933F2C",
      "count": 190,
      "pitch_percent": 0.2823179791976226,
      "rhh_percent": 0.3567708333333333,
      "lhh_percent": 0.18339100346020762,
      "start_speed": 89.06210526315789,
      "max_start_speed": 91.7,
      "ivb": 8.17842105263158,
      "hb": -7.431578947368428,
      "release_pos_z": 6.824496729697327,
      "release_pos_x": 0.7602025044495054,
      "extension": 6.181034601848539,
      "pitches": 190,
      "whiffs": 11,
      "swings": 96,
      "spin_rate": 2500,
      "swing_miss_percent": 11.5,
      "arm_angle": 64,
      "barrels_per_pa_percent": 5.660377358490567,
      "hardhit_percent": 51.02040816326531,
      "whiffs_per_pitch": 0.05789473684210526,
      "active_spin_percent": 53.4
    },
    {
      "code": "CU",
      "title": "curveball",
      "color": "#00D2ED",
      "count": 115,
      "pitch_percent": 0.17087667161961367,
      "rhh_percent": 0.15885416666666666,
      "lhh_percent": 0.18685121107266436,
      "start_speed": 72.84260869565219,
      "max_start_speed": 75.6,
      "ivb": -15.033043478260876,
      "hb": -9.15739130434783,
      "release_pos_z": 6.803924951108601,
      "release_pos_x": 0.6356798475406656,
      "extension": 6.18334227831906,
      "pitches": 115,
      "whiffs": 17,
      "swings": 59,
      "spin_rate": 2636,
      "swing_miss_percent": 28.8,
      "arm_angle": 66.3,
      "barrels_per_pa_percent": 3.125,
      "hardhit_percent": 25,
      "whiffs_per_pitch": 0.14782608695652175,
      "active_spin_percent": 89.1
    },
    {
      "code": "SL",
      "title": "slider",
      "color": "#EEE716",
      "count": 60,
      "pitch_percent": 0.08915304606240713,
      "rhh_percent": 0.10677083333333333,
      "lhh_percent": 0.0657439446366782,
      "start_speed": 80.98833333333333,
      "max_start_speed": 83.6,
      "ivb": -11.19833333333333,
      "hb": -1.235,
      "release_pos_z": 6.837631709323213,
      "release_pos_x": 0.5408877225781751,
      "extension": 6.258511936114237,
      "pitches": 60,
      "whiffs": 7,
      "swings": 28,
      "spin_rate": 2517,
      "swing_miss_percent": 25,
      "arm_angle": 66.5,
      "barrels_per_pa_percent": 5.263157894736842,
      "hardhit_percent": 30.76923076923077,
      "whiffs_per_pitch": 0.11666666666666667,
      "active_spin_percent": 64.3
    },
    {
      "code": "SV",
      "title": "slurve",
      "color": "#93AFD4",
      "count": 17,
      "pitch_percent": 0.02526002971768202,
      "rhh_percent": 0.026041666666666668,
      "lhh_percent": 0.02422145328719723,
      "start_speed": 77.61764705882354,
      "max_start_speed": 79.2,
      "ivb": -16.888235294117646,
      "hb": -4.582352941176471,
      "release_pos_z": 6.795213763924449,
      "release_pos_x": 0.7181142797920694,
      "extension": 6.179316122109482,
      "pitches": 17,
      "whiffs": 0,
      "swings": 6,
      "spin_rate": 2623,
      "swing_miss_percent": 0,
      "arm_angle": 67.6,
      "barrels_per_pa_percent": 0,
      "hardhit_percent": 33.33333333333333,
      "whiffs_per_pitch": 0,
      "active_spin_percent": 83.1
    },
    {
      "code": "CH",
      "title": "changeup",
      "color": "#1DBF3A",
      "count": 14,
      "pitch_percent": 0.020802377414561663,
      "rhh_percent": 0,
      "lhh_percent": 0.04844290657439446,
      "start_speed": 81.13571428571427,
      "max_start_speed": 82.9,
      "ivb": 8.114285714285714,
      "hb": 12.021428571428572,
      "release_pos_z": 6.582406511835164,
      "release_pos_x": 0.9359224068767649,
      "extension": 6.13168643359854,
      "pitches": 14,
      "whiffs": 1,
      "swings": 3,
      "spin_rate": 1296,
      "swing_miss_percent": 33.3,
      "arm_angle": 58.4,
      "barrels_per_pa_percent": 0,
      "hardhit_percent": 0,
      "whiffs_per_pitch": 0.07142857142857142,
      "active_spin_percent": 97.1
    }
  ]
}