{
  "pitcher_id": "623465",
  "pitcher_name": "Evan Phillips",
  "pitches": [
    {
      "code": "ST",
      "title": "sweeper",
      "color": "#DDB43A",
      "count": 49,
      "pitch_percent": 0.532608695652174,
      "rhh_percent": 0.6333333333333333,
      "lhh_percent": 0.34375,
      "start_speed": 85.12857142857145,
      "max_start_speed": 87.5,
      "ivb": -0.7346938775510207,
      "hb": -16.542857142857144,
      "release_pos_z": 5.463449138161234,
      "release_pos_x": 2.95458556751154,
      "extension": 6.127031727962537,
      "pitches": 49,
      "whiffs": 8,
      "swings": 22,
      "spin_rate": 2723,
      "swing_miss_percent": 36.4,
      "arm_angle": 25.6,
      "barrels_per_pa_percent": 0,
      "hardhit_percent": 16.666666666666664,
      "whiffs_per_pitch": 0.16326530612244897,
      "active_spin_percent": null
    },
    {
      "code": "FF",
      "title": "four-seam fastball",
      "color": "#D22D49",
      "count": 29,
      "pitch_percent": 0.31521739130434784,
      "rhh_percent": 0.26666666666666666,
      "lhh_percent": 0.40625,
      "start_speed": 95.44827586206898,
      "max_start_speed": 96.7,
      "ivb": 15.858620689655176,
      "hb": 10.696551724137931,
      "release_pos_z": 5.587301189419769,
      "release_pos_x": 2.721879505582399,
      "extension": 6.365937794746786,
      "pitches": 29,
      "whiffs": 4,
      "swings": 12,
      "spin_rate": 2393,
      "swing_miss_percent": 33.3,
      "arm_angle": 28.5,
      "barrels_per_pa_percent": 0,
      "hardhit_percent": 75,
      "whiffs_per_pitch": 0.13793103448275862,
      "active_spin_percent": null
    },
    {
      "code": "FC",
      "title": "cutter",
      "color": "#933F2C",
      "count": 7,
      "pitch_percent": 0.07608695652173914,
      "rhh_percent": 0,
      "lhh_percent": 0.21875,
      "start_speed": 92.51428571428572,
      "max_start_speed": 94,
      "ivb": 8.571428571428571,
      "hb": 1.6857142857142857,
      "release_pos_z": 5.5557117863632675,
      "release_pos_x": 2.8633172391992696,
      "extension": 6.234311031523947,
      "pitches": 7,
      "whiffs": 1,
      "swings": 4,
      "spin_rate": 2440,
      "swing_miss_percent": 25,
      "arm_angle": 26.7,
      "barrels_per_pa_percent": 0,
      "hardhit_percent": 0,
      "whiffs_per_pitch": 0.14285714285714285,
      "active_spin_percent": null
    },
    {
      "code": "SI",
      "title": "sinker",
      "color": "#FE9E00",
      "count": 7,
      "pitch_percent": 0.07608695652173914,
      "rhh_percent": 0.1,
      "lhh_percent": 0.03125,
      "start_speed": 95.42857142857142,
      "max_start_speed": 96,
      "ivb": 9.157142857142857,
      "hb": 17.085714285714285,
      "release_pos_z": 5.5070212854786735,
      "release_pos_x": 2.781181731145714,
      "extension": 6.394029235641262,
      "pitches": 7,
      "whiffs": 0,
      "swings": 5,
      "spin_rate": 2181,
      "swing_miss_percent": 0,
      "arm_angle": 27.4,
      "barrels_per_pa_percent": 0,
      "hardhit_percent": 0,
      "whiffs_per_pitch": 0,
      "active_spin_percent": null
    }
  ]
}