{
  "pitcher_id": "623433",
  "pitcher_name": "Nick Anderson",
  "pitches": [
    {
      "code": "FF",
      "title": "four-seam fastball",
      "color": "#D22D49",
      "count": 118,
      "pitch_percent": 0.48360655737704916,
      "rhh_percent": 0.49635036496350365,
      "lhh_percent": 0.4672897196261682,
      "start_speed": 95.2542372881356,
      "max_start_speed": 97.2,
      "ivb": 15.290677966101686,
      "hb": 6.241525423728812,
      "release_pos_z": 6.434841510356141,
      "release_pos_x": 0.8485356850242827,
      "extension": 6.178723582757891,
      "pitches": 115,
      "whiffs": 8,
      "swings": 66,
      "spin_rate": 2298,
      "swing_miss_percent": 12.1,
      "arm_angle": 46.3,
      "barrels_per_pa_percent": 7.4074074074074066,
      "hardhit_percent": 35,
      "whiffs_per_pitch": 0.06956521739130435,
      "active_spin_percent": 98.2
    },
    {
      "code": "CU",
      "title": "curveball",
      "color": "#00D2ED",
      "count": 71,
      "pitch_percent": 0.29098360655737704,
      "rhh_percent": 0.4233576642335766,
      "lhh_percent": 0.12149532710280374,
      "start_speed": 83.46338028169014,
      "max_start_speed": 85.6,
      "ivb": -0.0690140845070422,
      "hb": -1.8183098591549298,
      "release_pos_z": 6.411551819692164,
      "release_pos_x": 0.7763542514091725,
      "extension": 6.2581180962718586,
      "pitches": 71,
      "whiffs": 6,
      "swings": 29,
      "spin_rate": 1980,
      "swing_miss_percent": 20.7,
      "arm_angle": 48.5,
      "barrels_per_pa_percent": 5,
      "hardhit_percent": 35.294117647058826,
      "whiffs_per_pitch": 0.08450704225352113,
      "active_spin_percent": 21.2
    },
    {
      "code": "CH",
      "title": "changeup",
      "color": "#1DBF3A",
      "count": 51,
      "pitch_percent": 0.20901639344262296,
      "rhh_percent": 0.08029197080291971,
      "lhh_percent": 0.37383177570093457,
      "start_speed": 88.45490196078433,
      "max_start_speed": 90.2,
      "ivb": 5.447058823529412,
      "hb": 12.525490196078433,
      "release_pos_z": 6.344369195815388,
      "release_pos_x": 1.0335305948443132,
      "extension": 6.209300706669446,
      "pitches": 51,
      "whiffs": 10,
      "swings": 30,
      "spin_rate": 1672,
      "swing_miss_percent": 33.3,
      "arm_angle": 43.1,
      "barrels_per_pa_percent": 7.6923076923076925,
      "hardhit_percent": 20,
      "whiffs_per_pitch": 0.19607843137254902,
      "active_spin_percent": 99
    },
    {
      "code": "SI",
      "title": "sinker",
      "color": "#FE9E00",
      "count": 3,
      "pitch_percent": 0.012295081967213115,
      "rhh_percent": 0,
      "lhh_percent": 0.028037383177570093,
      "start_speed": 95.16666666666667,
      "max_start_speed": 95.3,
      "ivb": 15.5,
      "hb": 11.299999999999999,
      "release_pos_z": 6.451621544110407,
      "release_pos_x": 0.9512420210690405,
      "extension": 6.020063125599125,
      "pitches": 3,
      "whiffs": 0,
      "swings": 0,
      "spin_rate": 2320,
      "swing_miss_percent": null,
      "arm_angle": 46.3,
      "barrels_per_pa_percent": null,
      "hardhit_percent": null,
      "whiffs_per_pitch": 0,
      "active_spin_percent": null
    },
    {
      "code": "FC",
      "title": "cutter",
      "color": "#933F2C",
      "count": 1,
      "pitch_percent": 0.004098360655737705,
      "rhh_percent": 0,
      "lhh_percent": 0.009345794392523364,
      "start_speed": 93.9,
      "max_start_speed": 93.9,
      "ivb": 10.3,
      "hb": -0.2,
      "release_pos_z": 5.8429308206086,
      "release_pos_x": 1.8357683490926524,
      "extension": 6.151242516909821,
      "active_spin_percent": null
    }
  ]
}