{
  "pitcher_id": "625643",
  "pitcher_name": "Reynaldo López",
  "pitches": [
    {
      "code": "FF",
      "title": "four-seam fastball",
      "color": "#D22D49",
      "count": 49,
      "pitch_percent": 0.5212765957446809,
      "rhh_percent": 0.5384615384615384,
      "lhh_percent": 0.509090909090909,
      "start_speed": 95.55714285714288,
      "max_start_speed": 98.1,
      "ivb": 17.606122448979594,
      "hb": 7.49591836734694,
      "release_pos_z": 5.7114769024013325,
      "release_pos_x": 1.7821799574411776,
      "extension": 6.450692679299093,
      "pitches": 49,
      "whiffs": 1,
      "swings": 27,
      "spin_rate": 2108,
      "swing_miss_percent": 3.7,
      "arm_angle": 40.5,
      "barrels_per_pa_percent": 5.555555555555555,
      "hardhit_percent": 43.75,
      "whiffs_per_pitch": 0.02040816326530612,
      "active_spin_percent": null
    },
    {
      "code": "SL",
      "title": "slider",
      "color": "#EEE716",
      "count": 31,
      "pitch_percent": 0.32978723404255317,
      "rhh_percent": 0.4358974358974359,
      "lhh_percent": 0.2545454545454545,
      "start_speed": 84.19999999999999,
      "max_start_speed": 87.8,
      "ivb": -1.4419354838709686,
      "hb": -6.825806451612901,
      "release_pos_z": 5.621937637287214,
      "release_pos_x": 1.9834908629688914,
      "extension": 6.463428790236242,
      "pitches": 31,
      "whiffs": 2,
      "swings": 8,
      "spin_rate": 2357,
      "swing_miss_percent": 25,
      "arm_angle": 37.6,
      "barrels_per_pa_percent": 0,
      "hardhit_percent": 50,
      "whiffs_per_pitch": 0.06451612903225806,
      "active_spin_percent": null
    },
    {
      "code": "CU",
      "title": "curveball",
      "color": "#00D2ED",
      "count": 12,
      "pitch_percent": 0.1276595744680851,
      "rhh_percent": 0.02564102564102564,
      "lhh_percent": 0.2,
      "start_speed": 73.88333333333334,
      "max_start_speed": 75.8,
      "ivb": -11.675000000000002,
      "hb": -8.525,
      "release_pos_z": 6.066611704099809,
      "release_pos_x": 1.5915660412030803,
      "extension": 6.213724081449354,
      "pitches": 12,
      "whiffs": 0,
      "swings": 4,
      "spin_rate": 2403,
      "swing_miss_percent": 0,
      "arm_angle": 49.3,
      "barrels_per_pa_percent": 0,
      "hardhit_percent": 66.66666666666666,
      "whiffs_per_pitch": 0,
      "active_spin_percent": null
    },
    {
      "code": "CH",
      "title": "changeup",
      "color": "#1DBF3A",
      "count": 2,
      "pitch_percent": 0.02127659574468085,
      "rhh_percent": 0,
      "lhh_percent": 0.03636363636363636,
      "start_speed": 86.1,
      "max_start_speed": 86.9,
      "ivb": 9.4,
      "hb": 12.65,
      "release_pos_z": 5.78735116536674,
      "release_pos_x": 1.8138119391360004,
      "extension": 6.551779171895978,
      "pitches": 2,
      "whiffs": 0,
      "swings": 2,
      "spin_rate": 1564,
      "swing_miss_percent": 0,
      "arm_angle": 38.6,
      "barrels_per_pa_percent": 0,
      "hardhit_percent": 100,
      "whiffs_per_pitch": 0,
      "active_spin_percent": null
    }
  ]
}