{
  "pitcher_id": "640462",
  "pitcher_name": "A.J. Puk",
  "pitches": [
    {
      "code": "FF",
      "title": "four-seam fastball",
      "color": "#D22D49",
      "count": 97,
      "pitch_percent": 0.6217948717948718,
      "rhh_percent": 0.6122448979591837,
      "lhh_percent": 0.6379310344827587,
      "start_speed": 96.44948453608244,
      "max_start_speed": 98.4,
      "ivb": 14.865979381443301,
      "hb": 11.249484536082482,
      "release_pos_z": 5.551564958013784,
      "release_pos_x": 3.337101559769088,
      "extension": 7.169135243912208,
      "pitches": 97,
      "whiffs": 18,
      "swings": 57,
      "spin_rate": 2300,
      "swing_miss_percent": 31.6,
      "arm_angle": 25.8,
      "barrels_per_pa_percent": 5,
      "hardhit_percent": 36.36363636363637,
      "whiffs_per_pitch": 0.18556701030927836,
      "active_spin_percent": 91
    },
    {
      "code": "SL",
      "title": "slider",
      "color": "#EEE716",
      "count": 57,
      "pitch_percent": 0.36538461538461536,
      "rhh_percent": 0.3877551020408163,
      "lhh_percent": 0.3275862068965517,
      "start_speed": 85.44210526315791,
      "max_start_speed": 87.3,
      "ivb": -1.7333333333333334,
      "hb": -4.494736842105263,
      "release_pos_z": 5.555701883377799,
      "release_pos_x": 3.2896961377507834,
      "extension": 7.1239924611962095,
      "pitches": 57,
      "whiffs": 9,
      "swings": 26,
      "spin_rate": 2297,
      "swing_miss_percent": 34.6,
      "arm_angle": 27.6,
      "barrels_per_pa_percent": 0,
      "hardhit_percent": 11.11111111111111,
      "whiffs_per_pitch": 0.15789473684210525,
      "active_spin_percent": 21.3
    },
    {
      "code": "SI",
      "title": "sinker",
      "color": "#FE9E00",
      "count": 2,
      "pitch_percent": 0.01282051282051282,
      "rhh_percent": 0,
      "lhh_percent": 0.034482758620689655,
      "start_speed": 95.85,
      "max_start_speed": 96.1,
      "ivb": 6,
      "hb": 18,
      "release_pos_z": 5.570306842924893,
      "release_pos_x": 3.227949237407569,
      "extension": 7.1285641014828425,
      "pitches": 2,
      "whiffs": 0,
      "swings": 0,
      "spin_rate": 2095,
      "swing_miss_percent": null,
      "arm_angle": 27.6,
      "barrels_per_pa_percent": null,
      "hardhit_percent": null,
      "whiffs_per_pitch": 0,
      "active_spin_percent": null
    }
  ]
}