{
  "pitcher_id": "641672",
  "pitcher_name": "Thomas Hatch",
  "pitches": [
    {
      "code": "FC",
      "title": "cutter",
      "color": "#933F2C",
      "count": 161,
      "pitch_percent": 0.27521367521367524,
      "rhh_percent": 0.23045267489711935,
      "lhh_percent": 0.30701754385964913,
      "start_speed": 90.1086956521739,
      "max_start_speed": 92.2,
      "ivb": 11.145341614906828,
      "hb": -2.012422360248447,
      "release_pos_z": 5.64829309507274,
      "release_pos_x": 1.5037060291092839,
      "extension": 6.41355392283228,
      "pitches": 161,
      "whiffs": 19,
      "swings": 84,
      "spin_rate": 2545,
      "swing_miss_percent": 22.6,
      "arm_angle": 39.4,
      "barrels_per_pa_percent": 8.823529411764707,
      "hardhit_percent": 29.166666666666668,
      "whiffs_per_pitch": 0.11801242236024845,
      "active_spin_percent": 52
    },
    {
      "code": "SL",
      "title": "slider",
      "color": "#EEE716",
      "count": 106,
      "pitch_percent": 0.1811965811965812,
      "rhh_percent": 0.2139917695473251,
      "lhh_percent": 0.15789473684210525,
      "start_speed": 85.48207547169808,
      "max_start_speed": 87.6,
      "ivb": 2.7132075471698123,
      "hb": -4.876415094339624,
      "release_pos_z": 5.7572452631222815,
      "release_pos_x": 1.4278542180056784,
      "extension": 6.372678331047295,
      "pitches": 106,
      "whiffs": 14,
      "swings": 55,
      "spin_rate": 2500,
      "swing_miss_percent": 25.5,
      "arm_angle": 42.9,
      "barrels_per_pa_percent": 6.666666666666667,
      "hardhit_percent": 43.47826086956522,
      "whiffs_per_pitch": 0.1320754716981132,
      "active_spin_percent": 30
    },
    {
      "code": "CH",
      "title": "changeup",
      "color": "#1DBF3A",
      "count": 103,
      "pitch_percent": 0.17606837606837608,
      "rhh_percent": 0.07407407407407407,
      "lhh_percent": 0.24853801169590642,
      "start_speed": 88.56699029126214,
      "max_start_speed": 91.2,
      "ivb": 7.37281553398058,
      "hb": 13.84660194174758,
      "release_pos_z": 5.7424094889745465,
      "release_pos_x": 1.358080660062385,
      "extension": 6.508271761054314,
      "pitches": 103,
      "whiffs": 7,
      "swings": 43,
      "spin_rate": 1984,
      "swing_miss_percent": 16.3,
      "arm_angle": 44.2,
      "barrels_per_pa_percent": 0,
      "hardhit_percent": 23.076923076923077,
      "whiffs_per_pitch": 0.06796116504854369,
      "active_spin_percent": 82.8
    },
    {
      "code": "SI",
      "title": "sinker",
      "color": "#FE9E00",
      "count": 102,
      "pitch_percent": 0.17435897435897435,
      "rhh_percent": 0.3004115226337449,
      "lhh_percent": 0.0847953216374269,
      "start_speed": 93.31568627450986,
      "max_start_speed": 95.8,
      "ivb": 9.545098039215688,
      "hb": 14.016666666666666,
      "release_pos_z": 5.7848344262919325,
      "release_pos_x": 1.2940719453149367,
      "extension": 6.387356173862778,
      "pitches": 103,
      "whiffs": 4,
      "swings": 48,
      "spin_rate": 2397,
      "swing_miss_percent": 8.3,
      "arm_angle": 43.4,
      "barrels_per_pa_percent": 3.0303030303030303,
      "hardhit_percent": 54.166666666666664,
      "whiffs_per_pitch": 0.038834951456310676,
      "active_spin_percent": 83.7
    },
    {
      "code": "FF",
      "title": "four-seam fastball",
      "color": "#D22D49",
      "count": 69,
      "pitch_percent": 0.11794871794871795,
      "rhh_percent": 0.053497942386831275,
      "lhh_percent": 0.16374269005847952,
      "start_speed": 93.3,
      "max_start_speed": 95,
      "ivb": 16.52028985507247,
      "hb": 5.565217391304347,
      "release_pos_z": 5.703896444058412,
      "release_pos_x": 1.3647118087756784,
      "extension": 6.374372164430452,
      "pitches": 69,
      "whiffs": 8,
      "swings": 38,
      "spin_rate": 2522,
      "swing_miss_percent": 21.1,
      "arm_angle": 41.5,
      "barrels_per_pa_percent": 12.5,
      "hardhit_percent": 54.54545454545454,
      "whiffs_per_pitch": 0.11594202898550725,
      "active_spin_percent": 81.4
    },
    {
      "code": "ST",
      "title": "sweeper",
      "color": "#DDB43A",
      "count": 44,
      "pitch_percent": 0.07521367521367521,
      "rhh_percent": 0.12757201646090535,
      "lhh_percent": 0.038011695906432746,
      "start_speed": 82.23636363636363,
      "max_start_speed": 84.6,
      "ivb": 6.181818181818183,
      "hb": -10.004545454545458,
      "release_pos_z": 5.713860040188314,
      "release_pos_x": 1.476727344388196,
      "extension": 6.449422660305225,
      "pitches": 44,
      "whiffs": 3,
      "swings": 18,
      "spin_rate": 2449,
      "swing_miss_percent": 16.7,
      "arm_angle": 42.8,
      "barrels_per_pa_percent": 12.5,
      "hardhit_percent": 20,
      "whiffs_per_pitch": 0.06818181818181818,
      "active_spin_percent": 38.3
    }
  ]
}