{
  "pitcher_id": "642547",
  "pitcher_name": "Freddy Peralta",
  "pitches": [
    {
      "code": "FF",
      "title": "four-seam fastball",
      "color": "#D22D49",
      "count": 1651,
      "pitch_percent": 0.5349967595593,
      "rhh_percent": 0.5166123778501629,
      "lhh_percent": 0.5531914893617021,
      "start_speed": 94.7791035735917,
      "max_start_speed": 98.9,
      "ivb": 16.754512416717144,
      "hb": 4.61168988491823,
      "release_pos_z": 5.4202293014011,
      "release_pos_x": 3.3659508220868206,
      "extension": 6.802344029961887,
      "pitches": 1648,
      "whiffs": 178,
      "swings": 777,
      "spin_rate": 2441,
      "swing_miss_percent": 22.9,
      "arm_angle": 41.4,
      "barrels_per_pa_percent": 8.16326530612245,
      "hardhit_percent": 42.10526315789473,
      "whiffs_per_pitch": 0.10800970873786407,
      "active_spin_percent": 85.7
    },
    {
      "code": "CH",
      "title": "changeup",
      "color": "#1DBF3A",
      "count": 655,
      "pitch_percent": 0.21224886584575503,
      "rhh_percent": 0.16742671009771987,
      "lhh_percent": 0.256608639587363,
      "start_speed": 88.90152671755733,
      "max_start_speed": 91.8,
      "ivb": 3.68320610687023,
      "hb": 16.75465648854961,
      "release_pos_z": 5.093858878384117,
      "release_pos_x": 3.7034223417545555,
      "extension": 6.748280998564813,
      "pitches": 655,
      "whiffs": 108,
      "swings": 307,
      "spin_rate": 1929,
      "swing_miss_percent": 35.2,
      "arm_angle": 31.5,
      "barrels_per_pa_percent": 4,
      "hardhit_percent": 32.29166666666667,
      "whiffs_per_pitch": 0.1648854961832061,
      "active_spin_percent": 87.9
    },
    {
      "code": "CU",
      "title": "curveball",
      "color": "#00D2ED",
      "count": 489,
      "pitch_percent": 0.15845755022683086,
      "rhh_percent": 0.15765472312703582,
      "lhh_percent": 0.1592520954223082,
      "start_speed": 78.8492842535788,
      "max_start_speed": 83.1,
      "ivb": -5.832924335378323,
      "hb": -5.493456032719837,
      "release_pos_z": 5.377419258352857,
      "release_pos_x": 3.444631809158729,
      "extension": 6.721312752464912,
      "pitches": 466,
      "whiffs": 74,
      "swings": 217,
      "spin_rate": 2331,
      "swing_miss_percent": 34.1,
      "arm_angle": 40.2,
      "barrels_per_pa_percent": 1.694915254237288,
      "hardhit_percent": 18.461538461538463,
      "whiffs_per_pitch": 0.15879828326180256,
      "active_spin_percent": 54.5
    },
    {
      "code": "SL",
      "title": "slider",
      "color": "#EEE716",
      "count": 291,
      "pitch_percent": 0.09429682436811407,
      "rhh_percent": 0.15830618892508144,
      "lhh_percent": 0.030947775628626693,
      "start_speed": 83.68900343642612,
      "max_start_speed": 87,
      "ivb": 5.652577319587632,
      "hb": -5.407560137457049,
      "release_pos_z": 5.170846165490077,
      "release_pos_x": 3.5756552797383825,
      "extension": 6.749658475310098,
      "pitches": 314,
      "whiffs": 75,
      "swings": 142,
      "spin_rate": 2453,
      "swing_miss_percent": 52.8,
      "arm_angle": 34.5,
      "barrels_per_pa_percent": 1.6666666666666667,
      "hardhit_percent": 18.181818181818183,
      "whiffs_per_pitch": 0.23885350318471338,
      "active_spin_percent": 31.5
    }
  ]
}