{
  "pitcher_id": "642585",
  "pitcher_name": "Félix Bautista",
  "pitches": [
    {
      "code": "SI",
      "title": "sinker",
      "color": "#FE9E00",
      "count": 388,
      "pitch_percent": 0.6188197767145136,
      "rhh_percent": 0.5974025974025974,
      "lhh_percent": 0.6394984326018809,
      "start_speed": 97.2162371134021,
      "max_start_speed": 100,
      "ivb": 20.63762886597938,
      "hb": 4.774226804123711,
      "release_pos_z": 7.024244843585419,
      "release_pos_x": -0.12249852798554305,
      "extension": 6.622761827838526,
      "pitches": 387,
      "whiffs": 48,
      "swings": 172,
      "spin_rate": 2393,
      "swing_miss_percent": 27.9,
      "arm_angle": 69.3,
      "barrels_per_pa_percent": 4.819277108433735,
      "hardhit_percent": 56.41025641025641,
      "whiffs_per_pitch": 0.12403100775193798,
      "active_spin_percent": 99.4
    },
    {
      "code": "FS",
      "title": "splitter",
      "color": "#3BACAC",
      "count": 179,
      "pitch_percent": 0.28548644338118023,
      "rhh_percent": 0.23376623376623376,
      "lhh_percent": 0.335423197492163,
      "start_speed": 88.90614525139667,
      "max_start_speed": 92.1,
      "ivb": 10.514525139664809,
      "hb": 8.800558659217877,
      "release_pos_z": 6.913510131733715,
      "release_pos_x": 0.40117422181920215,
      "extension": 6.761788384383561,
      "pitches": 179,
      "whiffs": 45,
      "swings": 88,
      "spin_rate": 1050,
      "swing_miss_percent": 51.1,
      "arm_angle": 61.1,
      "barrels_per_pa_percent": 2.0408163265306123,
      "hardhit_percent": 22.727272727272727,
      "whiffs_per_pitch": 0.25139664804469275,
      "active_spin_percent": 97.3
    },
    {
      "code": "SL",
      "title": "slider",
      "color": "#EEE716",
      "count": 58,
      "pitch_percent": 0.09250398724082935,
      "rhh_percent": 0.16558441558441558,
      "lhh_percent": 0.0219435736677116,
      "start_speed": 85.47758620689656,
      "max_start_speed": 90.3,
      "ivb": 0.8482758620689657,
      "hb": -5.818965517241379,
      "release_pos_z": 6.774234267770207,
      "release_pos_x": 0.6447592876648327,
      "extension": 6.752119779532008,
      "pitches": 58,
      "whiffs": 8,
      "swings": 22,
      "spin_rate": 2453,
      "swing_miss_percent": 36.4,
      "arm_angle": 57.6,
      "barrels_per_pa_percent": 11.11111111111111,
      "hardhit_percent": 28.57142857142857,
      "whiffs_per_pitch": 0.13793103448275862,
      "active_spin_percent": 36.4
    },
    {
      "code": "FC",
      "title": "cutter",
      "color": "#933F2C",
      "count": 2,
      "pitch_percent": 0.003189792663476874,
      "rhh_percent": 0.003246753246753247,
      "lhh_percent": 0.003134796238244514,
      "start_speed": 92.6,
      "max_start_speed": 93,
      "ivb": 14.5,
      "hb": -3,
      "release_pos_z": 6.890457799102771,
      "release_pos_x": 0.4182010071331489,
      "extension": 6.921280708203124,
      "pitches": 2,
      "whiffs": 0,
      "swings": 1,
      "spin_rate": 2318,
      "swing_miss_percent": 0,
      "arm_angle": 62.7,
      "barrels_per_pa_percent": 0,
      "hardhit_percent": 0,
      "whiffs_per_pitch": 0,
      "active_spin_percent": null
    }
  ]
}