{
  "pitcher_id": "643410",
  "pitcher_name": "Mark Leiter Jr.",
  "pitches": [
    {
      "code": "SI",
      "title": "sinker",
      "color": "#FE9E00",
      "count": 322,
      "pitch_percent": 0.3870192307692308,
      "rhh_percent": 0.48830409356725146,
      "lhh_percent": 0.3163265306122449,
      "start_speed": 93.74720496894406,
      "max_start_speed": 96,
      "ivb": 13.463975155279496,
      "hb": 13.808385093167706,
      "release_pos_z": 5.7602856133561815,
      "release_pos_x": 1.1550467950805081,
      "extension": 6.706716787786551,
      "pitches": 321,
      "whiffs": 13,
      "swings": 147,
      "spin_rate": 2026,
      "swing_miss_percent": 8.8,
      "arm_angle": 47.7,
      "barrels_per_pa_percent": 4.938271604938271,
      "hardhit_percent": 38.80597014925373,
      "whiffs_per_pitch": 0.040498442367601244,
      "active_spin_percent": 92.9
    },
    {
      "code": "FS",
      "title": "splitter",
      "color": "#3BACAC",
      "count": 254,
      "pitch_percent": 0.30528846153846156,
      "rhh_percent": 0.19298245614035087,
      "lhh_percent": 0.3836734693877551,
      "start_speed": 85.80433070866141,
      "max_start_speed": 88.2,
      "ivb": 4.118897637795277,
      "hb": 7.354330708661417,
      "release_pos_z": 5.7912291579632,
      "release_pos_x": 0.9417593441015261,
      "extension": 6.72138072065468,
      "pitches": 254,
      "whiffs": 59,
      "swings": 138,
      "spin_rate": 675,
      "swing_miss_percent": 42.8,
      "arm_angle": 50.9,
      "barrels_per_pa_percent": 3.3707865168539324,
      "hardhit_percent": 34.78260869565217,
      "whiffs_per_pitch": 0.23228346456692914,
      "active_spin_percent": 86.6
    },
    {
      "code": "CU",
      "title": "curveball",
      "color": "#00D2ED",
      "count": 212,
      "pitch_percent": 0.2548076923076923,
      "rhh_percent": 0.26900584795321636,
      "lhh_percent": 0.24489795918367346,
      "start_speed": 74.05707547169811,
      "max_start_speed": 76.4,
      "ivb": -17.533490566037738,
      "hb": -8.206132075471697,
      "release_pos_z": 5.86306857039748,
      "release_pos_x": 0.9549671363279567,
      "extension": 6.551829476252238,
      "pitches": 212,
      "whiffs": 35,
      "swings": 70,
      "spin_rate": 2287,
      "swing_miss_percent": 50,
      "arm_angle": 53.3,
      "barrels_per_pa_percent": 0,
      "hardhit_percent": 20,
      "whiffs_per_pitch": 0.1650943396226415,
      "active_spin_percent": 97.7
    },
    {
      "code": "FC",
      "title": "cutter",
      "color": "#933F2C",
      "count": 21,
      "pitch_percent": 0.025240384615384616,
      "rhh_percent": 0,
      "lhh_percent": 0.04285714285714286,
      "start_speed": 91.04285714285713,
      "max_start_speed": 92.3,
      "ivb": 8.30952380952381,
      "hb": -1.9761904761904763,
      "release_pos_z": 5.745724580900343,
      "release_pos_x": 1.1561061298158013,
      "extension": 6.657629155009315,
      "pitches": 21,
      "whiffs": 1,
      "swings": 9,
      "spin_rate": 2092,
      "swing_miss_percent": 11.1,
      "arm_angle": 47.2,
      "barrels_per_pa_percent": 25,
      "hardhit_percent": 66.66666666666666,
      "whiffs_per_pitch": 0.047619047619047616,
      "active_spin_percent": 58.2
    },
    {
      "code": "SL",
      "title": "slider",
      "color": "#EEE716",
      "count": 17,
      "pitch_percent": 0.020432692307692308,
      "rhh_percent": 0.04678362573099415,
      "lhh_percent": 0.0020408163265306124,
      "start_speed": 83.63529411764705,
      "max_start_speed": 88.1,
      "ivb": -3.0588235294117645,
      "hb": -4.252941176470589,
      "release_pos_z": 5.724031001304702,
      "release_pos_x": 1.0392261886817205,
      "extension": 6.629623737927493,
      "pitches": 17,
      "whiffs": 0,
      "swings": 10,
      "spin_rate": 2235,
      "swing_miss_percent": 0,
      "arm_angle": 47.2,
      "barrels_per_pa_percent": 0,
      "hardhit_percent": 0,
      "whiffs_per_pitch": 0,
      "active_spin_percent": 39.3
    },
    {
      "code": "FF",
      "title": "four-seam fastball",
      "color": "#D22D49",
      "count": 6,
      "pitch_percent": 0.007211538461538462,
      "rhh_percent": 0.0029239766081871343,
      "lhh_percent": 0.01020408163265306,
      "start_speed": 93.16666666666667,
      "max_start_speed": 94.1,
      "ivb": 13.666666666666666,
      "hb": 3.766666666666666,
      "release_pos_z": 5.776422779629443,
      "release_pos_x": 0.9252447510030203,
      "extension": 6.671874357998715,
      "pitches": 6,
      "whiffs": 2,
      "swings": 3,
      "spin_rate": 2111,
      "swing_miss_percent": 66.7,
      "arm_angle": 48.1,
      "barrels_per_pa_percent": null,
      "hardhit_percent": null,
      "whiffs_per_pitch": 0.3333333333333333,
      "active_spin_percent": null
    }
  ]
}