{
  "pitcher_id": "650644",
  "pitcher_name": "Aaron Civale",
  "pitches": [
    {
      "code": "FC",
      "title": "cutter",
      "color": "#933F2C",
      "count": 611,
      "pitch_percent": 0.34974241556954777,
      "rhh_percent": 0.3386114494518879,
      "lhh_percent": 0.3596112311015119,
      "start_speed": 89.23846153846159,
      "max_start_speed": 91.5,
      "ivb": 11.126677577741404,
      "hb": -4.632733224222593,
      "release_pos_z": 6.2947737258878425,
      "release_pos_x": 0.7747953425932343,
      "extension": 5.557543529223912,
      "pitches": 610,
      "whiffs": 74,
      "swings": 296,
      "spin_rate": 2627,
      "swing_miss_percent": 25,
      "arm_angle": 42.6,
      "barrels_per_pa_percent": 7.236842105263158,
      "hardhit_percent": 41.17647058823529,
      "whiffs_per_pitch": 0.12131147540983607,
      "active_spin_percent": 55.9
    },
    {
      "code": "CU",
      "title": "curveball",
      "color": "#00D2ED",
      "count": 330,
      "pitch_percent": 0.18889524899828278,
      "rhh_percent": 0.18270401948842874,
      "lhh_percent": 0.19438444924406048,
      "start_speed": 77.72181818181822,
      "max_start_speed": 80.9,
      "ivb": -15,
      "hb": -12.37030303030303,
      "release_pos_z": 6.4317805165437525,
      "release_pos_x": 0.6113793122921891,
      "extension": 5.493855099659338,
      "pitches": 329,
      "whiffs": 38,
      "swings": 142,
      "spin_rate": 3134,
      "swing_miss_percent": 26.8,
      "arm_angle": 47.8,
      "barrels_per_pa_percent": 3.6585365853658534,
      "hardhit_percent": 46.2962962962963,
      "whiffs_per_pitch": 0.11550151975683891,
      "active_spin_percent": 79.3
    },
    {
      "code": "SI",
      "title": "sinker",
      "color": "#FE9E00",
      "count": 293,
      "pitch_percent": 0.16771608471665714,
      "rhh_percent": 0.20097442143727162,
      "lhh_percent": 0.13822894168466524,
      "start_speed": 92.27952218430029,
      "max_start_speed": 94.2,
      "ivb": 11.746757679180881,
      "hb": 14.400341296928337,
      "release_pos_z": 6.140599414775041,
      "release_pos_x": 0.8138874184159438,
      "extension": 5.546318853718244,
      "pitches": 292,
      "whiffs": 20,
      "swings": 129,
      "spin_rate": 2261,
      "swing_miss_percent": 15.5,
      "arm_angle": 38.5,
      "barrels_per_pa_percent": 8.75,
      "hardhit_percent": 44.26229508196721,
      "whiffs_per_pitch": 0.0684931506849315,
      "active_spin_percent": 91.6
    },
    {
      "code": "FF",
      "title": "four-seam fastball",
      "color": "#D22D49",
      "count": 271,
      "pitch_percent": 0.1551230681167716,
      "rhh_percent": 0.12423873325213154,
      "lhh_percent": 0.18250539956803455,
      "start_speed": 92.05830258302586,
      "max_start_speed": 94.2,
      "ivb": 17.856457564575642,
      "hb": 7.42361623616236,
      "release_pos_z": 6.262767183802985,
      "release_pos_x": 0.8325726003631224,
      "extension": 5.5780434370456975,
      "pitches": 271,
      "whiffs": 22,
      "swings": 110,
      "spin_rate": 2436,
      "swing_miss_percent": 20,
      "arm_angle": 42.1,
      "barrels_per_pa_percent": 10.344827586206897,
      "hardhit_percent": 36.11111111111111,
      "whiffs_per_pitch": 0.08118081180811808,
      "active_spin_percent": 94.4
    },
    {
      "code": "SL",
      "title": "slider",
      "color": "#EEE716",
      "count": 135,
      "pitch_percent": 0.07727532913566114,
      "rhh_percent": 0.1364190012180268,
      "lhh_percent": 0.024838012958963283,
      "start_speed": 83.3296296296296,
      "max_start_speed": 86.9,
      "ivb": -5.070370370370371,
      "hb": -9.126666666666665,
      "release_pos_z": 6.273502023782561,
      "release_pos_x": 0.5794225053754559,
      "extension": 5.596340470649653,
      "pitches": 135,
      "whiffs": 11,
      "swings": 66,
      "spin_rate": 2876,
      "swing_miss_percent": 16.7,
      "arm_angle": 42.6,
      "barrels_per_pa_percent": 8.571428571428571,
      "hardhit_percent": 36.36363636363637,
      "whiffs_per_pitch": 0.08148148148148149,
      "active_spin_percent": 45.1
    },
    {
      "code": "FS",
      "title": "splitter",
      "color": "#3BACAC",
      "count": 101,
      "pitch_percent": 0.057813394390383514,
      "rhh_percent": 0.012180267965895249,
      "lhh_percent": 0.09827213822894168,
      "start_speed": 85.6811881188119,
      "max_start_speed": 88.1,
      "ivb": 6.030693069306933,
      "hb": 13.538613861386139,
      "release_pos_z": 6.1326903247427,
      "release_pos_x": 1.1556686055283076,
      "extension": 5.510268475920616,
      "pitches": 100,
      "whiffs": 8,
      "swings": 44,
      "spin_rate": 1797,
      "swing_miss_percent": 18.2,
      "arm_angle": 37.8,
      "barrels_per_pa_percent": 0,
      "hardhit_percent": 6.25,
      "whiffs_per_pitch": 0.08,
      "active_spin_percent": 91.6
    },
    {
      "code": "ST",
      "title": "sweeper",
      "color": "#DDB43A",
      "count": 6,
      "pitch_percent": 0.0034344590726960505,
      "rhh_percent": 0.0048721071863581,
      "lhh_percent": 0.0021598272138228943,
      "start_speed": 80.64999999999999,
      "max_start_speed": 81.8,
      "ivb": 6.083333333333333,
      "hb": -14.399999999999999,
      "release_pos_z": 6.242967614783807,
      "release_pos_x": 0.7432692256025649,
      "extension": 5.323079254091431,
      "pitches": 6,
      "whiffs": 0,
      "swings": 3,
      "spin_rate": 2693,
      "swing_miss_percent": 0,
      "arm_angle": 39.1,
      "barrels_per_pa_percent": 0,
      "hardhit_percent": 0,
      "whiffs_per_pitch": 0,
      "active_spin_percent": null
    }
  ]
}