{
  "pitcher_id": "650893",
  "pitcher_name": "Génesis Cabrera",
  "pitches": [
    {
      "code": "SI",
      "title": "sinker",
      "color": "#FE9E00",
      "count": 182,
      "pitch_percent": 0.25383542538354253,
      "rhh_percent": 0.19047619047619047,
      "lhh_percent": 0.3434343434343434,
      "start_speed": 95.43296703296704,
      "max_start_speed": 97.4,
      "ivb": 12.157692307692304,
      "hb": 15.276923076923078,
      "release_pos_z": 5.909898500274939,
      "release_pos_x": 1.270621039024627,
      "extension": 5.959279050293202,
      "pitches": 174,
      "whiffs": 9,
      "swings": 72,
      "spin_rate": 2328,
      "swing_miss_percent": 12.5,
      "arm_angle": 40.8,
      "barrels_per_pa_percent": 8.695652173913043,
      "hardhit_percent": 57.14285714285714,
      "whiffs_per_pitch": 0.05172413793103448,
      "active_spin_percent": 91.9
    },
    {
      "code": "FF",
      "title": "four-seam fastball",
      "color": "#D22D49",
      "count": 155,
      "pitch_percent": 0.21617852161785217,
      "rhh_percent": 0.2357142857142857,
      "lhh_percent": 0.18855218855218855,
      "start_speed": 95.67870967741933,
      "max_start_speed": 97.9,
      "ivb": 16.80064516129032,
      "hb": 8.116129032258065,
      "release_pos_z": 6.03792092918101,
      "release_pos_x": 0.9792420960758366,
      "extension": 5.993513988265652,
      "pitches": 163,
      "whiffs": 20,
      "swings": 89,
      "spin_rate": 2283,
      "swing_miss_percent": 22.5,
      "arm_angle": 45.4,
      "barrels_per_pa_percent": 12.5,
      "hardhit_percent": 43.333333333333336,
      "whiffs_per_pitch": 0.12269938650306748,
      "active_spin_percent": 93.5
    },
    {
      "code": "FC",
      "title": "cutter",
      "color": "#933F2C",
      "count": 146,
      "pitch_percent": 0.20362622036262204,
      "rhh_percent": 0.1261904761904762,
      "lhh_percent": 0.31313131313131315,
      "start_speed": 89.93698630136986,
      "max_start_speed": 93,
      "ivb": 7.152739726027397,
      "hb": -0.22054794520547957,
      "release_pos_z": 5.9260789210403635,
      "release_pos_x": 1.4935166261359505,
      "extension": 6.018866173801559,
      "pitches": 146,
      "whiffs": 26,
      "swings": 76,
      "spin_rate": 2191,
      "swing_miss_percent": 34.2,
      "arm_angle": 44.5,
      "barrels_per_pa_percent": 2.7027027027027026,
      "hardhit_percent": 30.76923076923077,
      "whiffs_per_pitch": 0.1780821917808219,
      "active_spin_percent": 54.9
    },
    {
      "code": "CU",
      "title": "curveball",
      "color": "#00D2ED",
      "count": 139,
      "pitch_percent": 0.19386331938633194,
      "rhh_percent": 0.2261904761904762,
      "lhh_percent": 0.14814814814814814,
      "start_speed": 80.13309352517987,
      "max_start_speed": 83.8,
      "ivb": -8.34100719424461,
      "hb": -7.692086330935255,
      "release_pos_z": 6.066531770192428,
      "release_pos_x": 1.3234558536700858,
      "extension": 5.946995371301701,
      "pitches": 139,
      "whiffs": 13,
      "swings": 58,
      "spin_rate": 2368,
      "swing_miss_percent": 22.4,
      "arm_angle": 49.6,
      "barrels_per_pa_percent": 8.823529411764707,
      "hardhit_percent": 39.285714285714285,
      "whiffs_per_pitch": 0.09352517985611511,
      "active_spin_percent": 65
    },
    {
      "code": "FS",
      "title": "splitter",
      "color": "#3BACAC",
      "count": 93,
      "pitch_percent": 0.1297071129707113,
      "rhh_percent": 0.22142857142857142,
      "lhh_percent": 0,
      "start_speed": 85.03225806451611,
      "max_start_speed": 87.6,
      "ivb": 8.24516129032258,
      "hb": 7.667741935483872,
      "release_pos_z": 5.999113272233425,
      "release_pos_x": 1.3425912027466875,
      "extension": 6.036684254552468,
      "pitches": 93,
      "whiffs": 25,
      "swings": 48,
      "spin_rate": 1223,
      "swing_miss_percent": 52.1,
      "arm_angle": 46.6,
      "barrels_per_pa_percent": 4.761904761904762,
      "hardhit_percent": 30.76923076923077,
      "whiffs_per_pitch": 0.26881720430107525,
      "active_spin_percent": 76.9
    },
    {
      "code": "ST",
      "title": "sweeper",
      "color": "#DDB43A",
      "count": 1,
      "pitch_percent": 0.001394700139470014,
      "rhh_percent": 0,
      "lhh_percent": 0.003367003367003367,
      "start_speed": 82.6,
      "max_start_speed": 82.6,
      "ivb": 7.9,
      "hb": 5,
      "release_pos_z": 4.7778916920491925,
      "release_pos_x": -2.593924213912916,
      "extension": 5.531273381677188,
      "active_spin_percent": null
    },
    {
      "code": "CH",
      "title": "changeup",
      "color": "#1DBF3A",
      "count": 1,
      "pitch_percent": 0.001394700139470014,
      "rhh_percent": 0,
      "lhh_percent": 0.003367003367003367,
      "start_speed": 86.6,
      "max_start_speed": 86.6,
      "ivb": -5.6,
      "hb": -12.8,
      "release_pos_z": 4.824539148055024,
      "release_pos_x": -2.4307965824068525,
      "extension": 5.842077802026758,
      "active_spin_percent": null
    }
  ]
}