{
  "pitcher_id": "656257",
  "pitcher_name": "Jeff Brigham",
  "pitches": [
    {
      "code": "FF",
      "title": "four-seam fastball",
      "color": "#D22D49",
      "count": 26,
      "pitch_percent": 0.4,
      "rhh_percent": 0.3333333333333333,
      "lhh_percent": 0.4107142857142857,
      "start_speed": 94.80000000000001,
      "max_start_speed": 96,
      "ivb": 16.692307692307697,
      "hb": 9.119230769230771,
      "release_pos_z": 5.649533947695564,
      "release_pos_x": 1.797329150664107,
      "extension": 6.12663189712891,
      "pitches": 26,
      "whiffs": 2,
      "swings": 16,
      "spin_rate": 2444,
      "swing_miss_percent": 12.5,
      "arm_angle": 39.3,
      "barrels_per_pa_percent": 12.5,
      "hardhit_percent": 66.66666666666666,
      "whiffs_per_pitch": 0.07692307692307693,
      "active_spin_percent": null
    },
    {
      "code": "FC",
      "title": "cutter",
      "color": "#933F2C",
      "count": 22,
      "pitch_percent": 0.3384615384615385,
      "rhh_percent": 0,
      "lhh_percent": 0.39285714285714285,
      "start_speed": 89.82272727272728,
      "max_start_speed": 91.6,
      "ivb": 10.85909090909091,
      "hb": -1.1636363636363636,
      "release_pos_z": 5.529964274639855,
      "release_pos_x": 2.11624018306207,
      "extension": 6.089699169193787,
      "pitches": 22,
      "whiffs": 2,
      "swings": 10,
      "spin_rate": 2673,
      "swing_miss_percent": 20,
      "arm_angle": 35.3,
      "barrels_per_pa_percent": 0,
      "hardhit_percent": 40,
      "whiffs_per_pitch": 0.09090909090909091,
      "active_spin_percent": null
    },
    {
      "code": "ST",
      "title": "sweeper",
      "color": "#DDB43A",
      "count": 15,
      "pitch_percent": 0.23076923076923078,
      "rhh_percent": 0.4444444444444444,
      "lhh_percent": 0.19642857142857142,
      "start_speed": 82.37333333333332,
      "max_start_speed": 83.5,
      "ivb": 0.1533333333333334,
      "hb": -14.2,
      "release_pos_z": 5.580186137513333,
      "release_pos_x": 2.014210228631753,
      "extension": 5.84064247472803,
      "pitches": 15,
      "whiffs": 0,
      "swings": 6,
      "spin_rate": 2916,
      "swing_miss_percent": 0,
      "arm_angle": 36.2,
      "barrels_per_pa_percent": 0,
      "hardhit_percent": 66.66666666666666,
      "whiffs_per_pitch": 0,
      "active_spin_percent": null
    },
    {
      "code": "SI",
      "title": "sinker",
      "color": "#FE9E00",
      "count": 2,
      "pitch_percent": 0.03076923076923077,
      "rhh_percent": 0.2222222222222222,
      "lhh_percent": 0,
      "start_speed": 97.35,
      "max_start_speed": 97.7,
      "ivb": 7.25,
      "hb": 17.15,
      "release_pos_z": 6.182314180283921,
      "release_pos_x": 3.0057653560308464,
      "extension": 6.431652416186051,
      "active_spin_percent": null
    }
  ]
}