{
  "pitcher_id": "656457",
  "pitcher_name": "Tyler Gilbert",
  "pitches": [
    {
      "code": "SI",
      "title": "sinker",
      "color": "#FE9E00",
      "count": 265,
      "pitch_percent": 0.31660692951015534,
      "rhh_percent": 0.35147392290249435,
      "lhh_percent": 0.2777777777777778,
      "start_speed": 89.8498113207547,
      "max_start_speed": 93.3,
      "ivb": 3.3622641509433957,
      "hb": 17.53622641509434,
      "release_pos_z": 4.780926857191678,
      "release_pos_x": 3.154857097752884,
      "extension": 5.996517831617593,
      "pitches": 264,
      "whiffs": 18,
      "swings": 120,
      "spin_rate": 2149,
      "swing_miss_percent": 15,
      "arm_angle": 8.3,
      "barrels_per_pa_percent": 8.064516129032258,
      "hardhit_percent": 52.38095238095239,
      "whiffs_per_pitch": 0.06818181818181818,
      "active_spin_percent": 84.4
    },
    {
      "code": "ST",
      "title": "sweeper",
      "color": "#DDB43A",
      "count": 252,
      "pitch_percent": 0.3010752688172043,
      "rhh_percent": 0.08616780045351474,
      "lhh_percent": 0.5404040404040404,
      "start_speed": 81.05912698412696,
      "max_start_speed": 85.8,
      "ivb": 0.6992063492063492,
      "hb": -8.910317460317454,
      "release_pos_z": 4.606979835024495,
      "release_pos_x": 3.8554685977951886,
      "extension": 5.737064193956748,
      "pitches": 254,
      "whiffs": 49,
      "swings": 109,
      "spin_rate": 2457,
      "swing_miss_percent": 45,
      "arm_angle": 4.7,
      "barrels_per_pa_percent": 4.918032786885246,
      "hardhit_percent": 20,
      "whiffs_per_pitch": 0.19291338582677164,
      "active_spin_percent": 39.5
    },
    {
      "code": "FC",
      "title": "cutter",
      "color": "#933F2C",
      "count": 156,
      "pitch_percent": 0.1863799283154122,
      "rhh_percent": 0.30839002267573695,
      "lhh_percent": 0.050505050505050504,
      "start_speed": 87.74999999999991,
      "max_start_speed": 91.8,
      "ivb": 11.029487179487168,
      "hb": 0.6993589743589745,
      "release_pos_z": 5.449795789702686,
      "release_pos_x": 2.531872882657066,
      "extension": 5.980298547823587,
      "pitches": 155,
      "whiffs": 20,
      "swings": 89,
      "spin_rate": 2311,
      "swing_miss_percent": 22.5,
      "arm_angle": 23.4,
      "barrels_per_pa_percent": 6.976744186046512,
      "hardhit_percent": 39.285714285714285,
      "whiffs_per_pitch": 0.12903225806451613,
      "active_spin_percent": 55.5
    },
    {
      "code": "FF",
      "title": "four-seam fastball",
      "color": "#D22D49",
      "count": 98,
      "pitch_percent": 0.11708482676224612,
      "rhh_percent": 0.10430839002267574,
      "lhh_percent": 0.13131313131313133,
      "start_speed": 90.5877551020408,
      "max_start_speed": 93,
      "ivb": 10.863265306122448,
      "hb": 10.19387755102041,
      "release_pos_z": 4.868515694028714,
      "release_pos_x": 3.284627225068086,
      "extension": 6.112845263946531,
      "pitches": 98,
      "whiffs": 11,
      "swings": 47,
      "spin_rate": 2258,
      "swing_miss_percent": 23.4,
      "arm_angle": 9.8,
      "barrels_per_pa_percent": 3.3333333333333335,
      "hardhit_percent": 47.368421052631575,
      "whiffs_per_pitch": 0.11224489795918367,
      "active_spin_percent": 85.1
    },
    {
      "code": "FS",
      "title": "splitter",
      "color": "#3BACAC",
      "count": 66,
      "pitch_percent": 0.07885304659498207,
      "rhh_percent": 0.14965986394557823,
      "lhh_percent": 0,
      "start_speed": 82.98333333333335,
      "max_start_speed": 88,
      "ivb": 5.242424242424243,
      "hb": 14.112121212121211,
      "release_pos_z": 5.10683170910532,
      "release_pos_x": 2.4689315742109414,
      "extension": 6.140306203738371,
      "pitches": 66,
      "whiffs": 5,
      "swings": 26,
      "spin_rate": 1402,
      "swing_miss_percent": 19.2,
      "arm_angle": 16.3,
      "barrels_per_pa_percent": 14.285714285714285,
      "hardhit_percent": 61.53846153846154,
      "whiffs_per_pitch": 0.07575757575757576,
      "active_spin_percent": 98.7
    }
  ]
}