{
  "pitcher_id": "656464",
  "pitcher_name": "Kevin Ginkel",
  "pitches": [
    {
      "code": "FF",
      "title": "four-seam fastball",
      "color": "#D22D49",
      "count": 242,
      "pitch_percent": 0.49287169042769857,
      "rhh_percent": 0.4259927797833935,
      "lhh_percent": 0.5794392523364486,
      "start_speed": 94.9235537190083,
      "max_start_speed": 97.7,
      "ivb": 15.696694214876029,
      "hb": 8.769834710743808,
      "release_pos_z": 6.5026507337265205,
      "release_pos_x": 2.131704504803367,
      "extension": 6.82533124649867,
      "pitches": 245,
      "whiffs": 21,
      "swings": 111,
      "spin_rate": 2432,
      "swing_miss_percent": 18.9,
      "arm_angle": 40.9,
      "barrels_per_pa_percent": 5.454545454545454,
      "hardhit_percent": 47.368421052631575,
      "whiffs_per_pitch": 0.08571428571428572,
      "active_spin_percent": 89.8
    },
    {
      "code": "SL",
      "title": "slider",
      "color": "#EEE716",
      "count": 209,
      "pitch_percent": 0.4256619144602851,
      "rhh_percent": 0.4620938628158845,
      "lhh_percent": 0.37850467289719625,
      "start_speed": 84.84306220095692,
      "max_start_speed": 87.2,
      "ivb": -2.663636363636363,
      "hb": -4.335885167464117,
      "release_pos_z": 6.551872175320282,
      "release_pos_x": 2.0980771102483344,
      "extension": 6.720390605612039,
      "pitches": 209,
      "whiffs": 43,
      "swings": 102,
      "spin_rate": 2414,
      "swing_miss_percent": 42.2,
      "arm_angle": 43,
      "barrels_per_pa_percent": 9.090909090909092,
      "hardhit_percent": 51.724137931034484,
      "whiffs_per_pitch": 0.20574162679425836,
      "active_spin_percent": 34
    },
    {
      "code": "SI",
      "title": "sinker",
      "color": "#FE9E00",
      "count": 40,
      "pitch_percent": 0.0814663951120163,
      "rhh_percent": 0.11191335740072202,
      "lhh_percent": 0.04205607476635514,
      "start_speed": 94.46249999999999,
      "max_start_speed": 95.7,
      "ivb": 12.2825,
      "hb": 15.255,
      "release_pos_z": 6.453118021294993,
      "release_pos_x": 2.2085565445825805,
      "extension": 6.9634437781330165,
      "pitches": 34,
      "whiffs": 1,
      "swings": 15,
      "spin_rate": 2238,
      "swing_miss_percent": 6.7,
      "arm_angle": 40.8,
      "barrels_per_pa_percent": 0,
      "hardhit_percent": 28.57142857142857,
      "whiffs_per_pitch": 0.029411764705882353,
      "active_spin_percent": 90.6
    }
  ]
}