{
  "pitcher_id": "656686",
  "pitcher_name": "Corbin Martin",
  "pitches": [
    {
      "code": "FF",
      "title": "four-seam fastball",
      "color": "#D22D49",
      "count": 147,
      "pitch_percent": 0.4427710843373494,
      "rhh_percent": 0.38857142857142857,
      "lhh_percent": 0.5031847133757962,
      "start_speed": 95.8761904761905,
      "max_start_speed": 97.8,
      "ivb": 15.932653061224489,
      "hb": 2.487074829931973,
      "release_pos_z": 5.893033288293603,
      "release_pos_x": 2.344238272247159,
      "extension": 6.449990297789601,
      "pitches": 146,
      "whiffs": 19,
      "swings": 65,
      "spin_rate": 2481,
      "swing_miss_percent": 29.2,
      "arm_angle": 43,
      "barrels_per_pa_percent": 6.8181818181818175,
      "hardhit_percent": 47.82608695652174,
      "whiffs_per_pitch": 0.13013698630136986,
      "active_spin_percent": 83.1
    },
    {
      "code": "SL",
      "title": "slider",
      "color": "#EEE716",
      "count": 107,
      "pitch_percent": 0.32228915662650603,
      "rhh_percent": 0.4,
      "lhh_percent": 0.2356687898089172,
      "start_speed": 91.86728971962613,
      "max_start_speed": 94,
      "ivb": 7.127102803738319,
      "hb": -4.415887850467288,
      "release_pos_z": 5.88317871474709,
      "release_pos_x": 2.4399502452293356,
      "extension": 6.365546356287893,
      "pitches": 106,
      "whiffs": 15,
      "swings": 42,
      "spin_rate": 2451,
      "swing_miss_percent": 35.7,
      "arm_angle": 42.2,
      "barrels_per_pa_percent": 5.263157894736842,
      "hardhit_percent": 50,
      "whiffs_per_pitch": 0.14150943396226415,
      "active_spin_percent": 42.5
    },
    {
      "code": "CU",
      "title": "curveball",
      "color": "#00D2ED",
      "count": 68,
      "pitch_percent": 0.20481927710843373,
      "rhh_percent": 0.21142857142857144,
      "lhh_percent": 0.19745222929936307,
      "start_speed": 86.73823529411766,
      "max_start_speed": 89.4,
      "ivb": -6.649999999999997,
      "hb": 0.8661764705882353,
      "release_pos_z": 5.990106182414591,
      "release_pos_x": 2.202958044701158,
      "extension": 6.314937740619349,
      "pitches": 67,
      "whiffs": 12,
      "swings": 36,
      "spin_rate": 2573,
      "swing_miss_percent": 33.3,
      "arm_angle": 47.6,
      "barrels_per_pa_percent": 8.695652173913043,
      "hardhit_percent": 66.66666666666666,
      "whiffs_per_pitch": 0.1791044776119403,
      "active_spin_percent": 41.6
    },
    {
      "code": "CH",
      "title": "changeup",
      "color": "#1DBF3A",
      "count": 10,
      "pitch_percent": 0.030120481927710843,
      "rhh_percent": 0,
      "lhh_percent": 0.06369426751592357,
      "start_speed": 90.38,
      "max_start_speed": 91,
      "ivb": 5.410000000000001,
      "hb": 13.879999999999995,
      "release_pos_z": 5.776741895246055,
      "release_pos_x": 2.6897407335665617,
      "extension": 6.180992079030201,
      "pitches": 10,
      "whiffs": 0,
      "swings": 2,
      "spin_rate": 2249,
      "swing_miss_percent": 0,
      "arm_angle": 36,
      "barrels_per_pa_percent": null,
      "hardhit_percent": null,
      "whiffs_per_pitch": 0,
      "active_spin_percent": 63.5
    }
  ]
}