{
  "pitcher_id": "656730",
  "pitcher_name": "Trevor Megill",
  "pitches": [
    {
      "code": "FF",
      "title": "four-seam fastball",
      "color": "#D22D49",
      "count": 456,
      "pitch_percent": 0.6055776892430279,
      "rhh_percent": 0.5783475783475783,
      "lhh_percent": 0.6293532338308457,
      "start_speed": 99.15065789473678,
      "max_start_speed": 101.9,
      "ivb": 19.04802631578947,
      "hb": 4.050877192982456,
      "release_pos_z": 6.516060669614831,
      "release_pos_x": 0.07184672701608304,
      "extension": 6.659739837812884,
      "pitches": 453,
      "whiffs": 47,
      "swings": 225,
      "spin_rate": 2461,
      "swing_miss_percent": 20.9,
      "arm_angle": 53.6,
      "barrels_per_pa_percent": 6.837606837606838,
      "hardhit_percent": 44.5945945945946,
      "whiffs_per_pitch": 0.10375275938189846,
      "active_spin_percent": 93.4
    },
    {
      "code": "KC",
      "title": "knuckle curve",
      "color": "#6236CD",
      "count": 297,
      "pitch_percent": 0.3944223107569721,
      "rhh_percent": 0.42165242165242167,
      "lhh_percent": 0.3706467661691542,
      "start_speed": 87.5690235690236,
      "max_start_speed": 90,
      "ivb": -6.375420875420875,
      "hb": -3.1710437710437707,
      "release_pos_z": 6.52559698480147,
      "release_pos_x": 0.1648347124301334,
      "extension": 6.555020493254218,
      "pitches": 297,
      "whiffs": 69,
      "swings": 141,
      "spin_rate": 2840,
      "swing_miss_percent": 48.9,
      "arm_angle": 54.1,
      "barrels_per_pa_percent": 1.4492753623188406,
      "hardhit_percent": 31.57894736842105,
      "whiffs_per_pitch": 0.23232323232323232,
      "active_spin_percent": null
    }
  ]
}