{
  "pitcher_id": "656731",
  "pitcher_name": "Tylor Megill",
  "pitches": [
    {
      "code": "FF",
      "title": "four-seam fastball",
      "color": "#D22D49",
      "count": 521,
      "pitch_percent": 0.4222042139384117,
      "rhh_percent": 0.37362637362637363,
      "lhh_percent": 0.474036850921273,
      "start_speed": 95.43397312859885,
      "max_start_speed": 98.3,
      "ivb": 17.013243761996165,
      "hb": 6.571209213051823,
      "release_pos_z": 5.895020790440482,
      "release_pos_x": 2.728357071004125,
      "extension": 7.143229638363924,
      "pitches": 520,
      "whiffs": 72,
      "swings": 242,
      "spin_rate": 2295,
      "swing_miss_percent": 29.8,
      "arm_angle": 35.5,
      "barrels_per_pa_percent": 4.838709677419355,
      "hardhit_percent": 51.61290322580645,
      "whiffs_per_pitch": 0.13846153846153847,
      "active_spin_percent": 85.1
    },
    {
      "code": "SL",
      "title": "slider",
      "color": "#EEE716",
      "count": 297,
      "pitch_percent": 0.2406807131280389,
      "rhh_percent": 0.2731554160125589,
      "lhh_percent": 0.20603015075376885,
      "start_speed": 83.83535353535348,
      "max_start_speed": 87.7,
      "ivb": -5.752525252525253,
      "hb": -5.708417508417506,
      "release_pos_z": 5.900814298063134,
      "release_pos_x": 2.740749166672442,
      "extension": 7.045213205726455,
      "pitches": 297,
      "whiffs": 61,
      "swings": 134,
      "spin_rate": 2549,
      "swing_miss_percent": 45.5,
      "arm_angle": 36.1,
      "barrels_per_pa_percent": 1.4084507042253522,
      "hardhit_percent": 40,
      "whiffs_per_pitch": 0.2053872053872054,
      "active_spin_percent": 47.2
    },
    {
      "code": "SI",
      "title": "sinker",
      "color": "#FE9E00",
      "count": 242,
      "pitch_percent": 0.19611021069692058,
      "rhh_percent": 0.28885400313971743,
      "lhh_percent": 0.09715242881072027,
      "start_speed": 94.17479338842975,
      "max_start_speed": 96.6,
      "ivb": 7.870247933884296,
      "hb": 15.568181818181822,
      "release_pos_z": 5.856552348543362,
      "release_pos_x": 2.7272801970722167,
      "extension": 7.157762671461875,
      "pitches": 241,
      "whiffs": 18,
      "swings": 111,
      "spin_rate": 2198,
      "swing_miss_percent": 16.2,
      "arm_angle": 34.5,
      "barrels_per_pa_percent": 5.714285714285714,
      "hardhit_percent": 48.97959183673469,
      "whiffs_per_pitch": 0.07468879668049792,
      "active_spin_percent": 80.4
    },
    {
      "code": "CH",
      "title": "changeup",
      "color": "#1DBF3A",
      "count": 89,
      "pitch_percent": 0.07212317666126418,
      "rhh_percent": 0.01726844583987441,
      "lhh_percent": 0.1306532663316583,
      "start_speed": 88.20786516853933,
      "max_start_speed": 91.1,
      "ivb": 2.3022471910112365,
      "hb": 16.755056179775284,
      "release_pos_z": 5.831644808299395,
      "release_pos_x": 2.7712303441868453,
      "extension": 7.06484871994686,
      "pitches": 89,
      "whiffs": 11,
      "swings": 30,
      "spin_rate": 1496,
      "swing_miss_percent": 36.7,
      "arm_angle": 32.5,
      "barrels_per_pa_percent": 0,
      "hardhit_percent": 33.33333333333333,
      "whiffs_per_pitch": 0.12359550561797752,
      "active_spin_percent": 86.3
    },
    {
      "code": "CU",
      "title": "curveball",
      "color": "#00D2ED",
      "count": 85,
      "pitch_percent": 0.06888168557536467,
      "rhh_percent": 0.04709576138147567,
      "lhh_percent": 0.09212730318257957,
      "start_speed": 80.40352941176472,
      "max_start_speed": 82.7,
      "ivb": -15.183529411764702,
      "hb": -10.987058823529413,
      "release_pos_z": 5.9752980445822335,
      "release_pos_x": 2.712305362599005,
      "extension": 6.892141138764528,
      "pitches": 85,
      "whiffs": 8,
      "swings": 35,
      "spin_rate": 2502,
      "swing_miss_percent": 22.9,
      "arm_angle": 37.6,
      "barrels_per_pa_percent": 0,
      "hardhit_percent": 20,
      "whiffs_per_pitch": 0.09411764705882353,
      "active_spin_percent": 90.4
    }
  ]
}