{
  "pitcher_id": "657044",
  "pitcher_name": "Ryan Thompson",
  "pitches": [
    {
      "code": "SI",
      "title": "sinker",
      "color": "#FE9E00",
      "count": 334,
      "pitch_percent": 0.5130568356374808,
      "rhh_percent": 0.48509485094850946,
      "lhh_percent": 0.549645390070922,
      "start_speed": 89.66796407185626,
      "max_start_speed": 93.1,
      "ivb": -7.104191616766465,
      "hb": 12.84940119760479,
      "release_pos_z": 3.5894135563831524,
      "release_pos_x": 3.9429853277874507,
      "extension": 6.791650163711929,
      "pitches": 334,
      "whiffs": 31,
      "swings": 165,
      "spin_rate": 2003,
      "swing_miss_percent": 18.8,
      "arm_angle": -11.2,
      "barrels_per_pa_percent": 5.05050505050505,
      "hardhit_percent": 48.148148148148145,
      "whiffs_per_pitch": 0.09281437125748503,
      "active_spin_percent": 75.1
    },
    {
      "code": "SL",
      "title": "slider",
      "color": "#EEE716",
      "count": 264,
      "pitch_percent": 0.4055299539170507,
      "rhh_percent": 0.4715447154471545,
      "lhh_percent": 0.3191489361702128,
      "start_speed": 77.95075757575756,
      "max_start_speed": 80.3,
      "ivb": 8.877272727272732,
      "hb": -13.900757575757572,
      "release_pos_z": 3.679066659670925,
      "release_pos_x": 4.015740171131236,
      "extension": 6.755257029584826,
      "pitches": 264,
      "whiffs": 46,
      "swings": 131,
      "spin_rate": 2258,
      "swing_miss_percent": 35.1,
      "arm_angle": -7.5,
      "barrels_per_pa_percent": 6.779661016949152,
      "hardhit_percent": 27.27272727272727,
      "whiffs_per_pitch": 0.17424242424242425,
      "active_spin_percent": 72.7
    },
    {
      "code": "FF",
      "title": "four-seam fastball",
      "color": "#D22D49",
      "count": 50,
      "pitch_percent": 0.07680491551459294,
      "rhh_percent": 0.04065040650406504,
      "lhh_percent": 0.12411347517730496,
      "start_speed": 91.14399999999998,
      "max_start_speed": 93.1,
      "ivb": 6.997999999999999,
      "hb": 9.357999999999997,
      "release_pos_z": 4.003266356913261,
      "release_pos_x": 3.985747332457986,
      "extension": 6.825175102480208,
      "pitches": 50,
      "whiffs": 3,
      "swings": 19,
      "spin_rate": 2185,
      "swing_miss_percent": 15.8,
      "arm_angle": -2.1,
      "barrels_per_pa_percent": 0,
      "hardhit_percent": 11.11111111111111,
      "whiffs_per_pitch": 0.06,
      "active_spin_percent": 73.2
    },
    {
      "code": "FS",
      "title": "splitter",
      "color": "#3BACAC",
      "count": 2,
      "pitch_percent": 0.0030721966205837174,
      "rhh_percent": 0,
      "lhh_percent": 0.0070921985815602835,
      "start_speed": 81.15,
      "max_start_speed": 81.2,
      "ivb": 1.4500000000000002,
      "hb": 3.6,
      "release_pos_z": 4.103978952257086,
      "release_pos_x": 3.847516365859084,
      "extension": 7.355139727458158,
      "pitches": 2,
      "whiffs": 0,
      "swings": 1,
      "spin_rate": 832,
      "swing_miss_percent": 0,
      "arm_angle": 1,
      "barrels_per_pa_percent": 100,
      "hardhit_percent": 100,
      "whiffs_per_pitch": 0,
      "active_spin_percent": null
    },
    {
      "code": "FC",
      "title": "cutter",
      "color": "#933F2C",
      "count": 1,
      "pitch_percent": 0.0015360983102918587,
      "rhh_percent": 0.0027100271002710027,
      "lhh_percent": 0,
      "start_speed": 90.2,
      "max_start_speed": 90.2,
      "ivb": 11.4,
      "hb": 5.6,
      "release_pos_z": 5.472123037601472,
      "release_pos_x": 1.9981684929396248,
      "extension": 6.158856122124619,
      "active_spin_percent": null
    }
  ]
}