{
  "pitcher_id": "657240",
  "pitcher_name": "Julian Merryweather",
  "pitches": [
    {
      "code": "SL",
      "title": "slider",
      "color": "#EEE716",
      "count": 176,
      "pitch_percent": 0.4985835694050991,
      "rhh_percent": 0.5524861878453039,
      "lhh_percent": 0.4418604651162791,
      "start_speed": 84.65738636363642,
      "max_start_speed": 88,
      "ivb": -2.532386363636363,
      "hb": -0.09204545454545464,
      "release_pos_z": 6.268920558299218,
      "release_pos_x": 1.5928816336153404,
      "extension": 6.398707947706961,
      "pitches": 175,
      "whiffs": 21,
      "swings": 73,
      "spin_rate": 2125,
      "swing_miss_percent": 28.8,
      "arm_angle": 58.2,
      "barrels_per_pa_percent": 2.7027027027027026,
      "hardhit_percent": 52,
      "whiffs_per_pitch": 0.12,
      "active_spin_percent": 22.6
    },
    {
      "code": "FF",
      "title": "four-seam fastball",
      "color": "#D22D49",
      "count": 169,
      "pitch_percent": 0.47875354107648727,
      "rhh_percent": 0.4198895027624309,
      "lhh_percent": 0.5406976744186046,
      "start_speed": 96.007100591716,
      "max_start_speed": 98.6,
      "ivb": 16.851479289940826,
      "hb": 4.665680473372781,
      "release_pos_z": 6.227304469358032,
      "release_pos_x": 1.687008620622879,
      "extension": 6.521157300312568,
      "pitches": 169,
      "whiffs": 9,
      "swings": 79,
      "spin_rate": 2209,
      "swing_miss_percent": 11.4,
      "arm_angle": 55.5,
      "barrels_per_pa_percent": 10.638297872340425,
      "hardhit_percent": 54.285714285714285,
      "whiffs_per_pitch": 0.05325443786982249,
      "active_spin_percent": 93.5
    },
    {
      "code": "ST",
      "title": "sweeper",
      "color": "#DDB43A",
      "count": 4,
      "pitch_percent": 0.0113314447592068,
      "rhh_percent": 0.022099447513812154,
      "lhh_percent": 0,
      "start_speed": 82.85000000000001,
      "max_start_speed": 84.6,
      "ivb": -5.675,
      "hb": -13.05,
      "release_pos_z": 6.266855147874334,
      "release_pos_x": 1.6191949981099416,
      "extension": 6.309337032897616,
      "pitches": 4,
      "whiffs": 0,
      "swings": 2,
      "spin_rate": 2234,
      "swing_miss_percent": 0,
      "arm_angle": 57.7,
      "barrels_per_pa_percent": null,
      "hardhit_percent": null,
      "whiffs_per_pitch": 0,
      "active_spin_percent": null
    },
    {
      "code": "CH",
      "title": "changeup",
      "color": "#1DBF3A",
      "count": 4,
      "pitch_percent": 0.0113314447592068,
      "rhh_percent": 0.0055248618784530384,
      "lhh_percent": 0.01744186046511628,
      "start_speed": 79.94999999999999,
      "max_start_speed": 81.2,
      "ivb": 15.125,
      "hb": 9.2,
      "release_pos_z": 6.25319624323924,
      "release_pos_x": 1.4812687330244634,
      "extension": 6.448943072425667,
      "pitches": 4,
      "whiffs": 0,
      "swings": 1,
      "spin_rate": 1343,
      "swing_miss_percent": 0,
      "arm_angle": 62.3,
      "barrels_per_pa_percent": 0,
      "hardhit_percent": 0,
      "whiffs_per_pitch": 0,
      "active_spin_percent": null
    }
  ]
}