{
  "pitcher_id": "657514",
  "pitcher_name": "Brennan Bernardino",
  "pitches": [
    {
      "code": "SI",
      "title": "sinker",
      "color": "#FE9E00",
      "count": 373,
      "pitch_percent": 0.4467065868263473,
      "rhh_percent": 0.3360995850622407,
      "lhh_percent": 0.5977337110481586,
      "start_speed": 90.74048257372654,
      "max_start_speed": 93.6,
      "ivb": 5.012332439678283,
      "hb": 15.973458445040203,
      "release_pos_z": 5.1131676786159606,
      "release_pos_x": 2.9154045802207107,
      "extension": 5.754615084297247,
      "pitches": 372,
      "whiffs": 13,
      "swings": 147,
      "spin_rate": 2174,
      "swing_miss_percent": 8.8,
      "arm_angle": 19.7,
      "barrels_per_pa_percent": 4.716981132075472,
      "hardhit_percent": 45.714285714285715,
      "whiffs_per_pitch": 0.03494623655913978,
      "active_spin_percent": 75.5
    },
    {
      "code": "CU",
      "title": "curveball",
      "color": "#00D2ED",
      "count": 219,
      "pitch_percent": 0.2622754491017964,
      "rhh_percent": 0.2157676348547718,
      "lhh_percent": 0.32577903682719545,
      "start_speed": 79.21598173515982,
      "max_start_speed": 82.6,
      "ivb": 1.17123287671233,
      "hb": -15.611872146118719,
      "release_pos_z": 4.865545205821031,
      "release_pos_x": 3.2469158174256645,
      "extension": 5.384018548822411,
      "pitches": 217,
      "whiffs": 34,
      "swings": 99,
      "spin_rate": 2690,
      "swing_miss_percent": 34.3,
      "arm_angle": 12.5,
      "barrels_per_pa_percent": 9.433962264150944,
      "hardhit_percent": 34.375,
      "whiffs_per_pitch": 0.15668202764976957,
      "active_spin_percent": 54.4
    },
    {
      "code": "FC",
      "title": "cutter",
      "color": "#933F2C",
      "count": 104,
      "pitch_percent": 0.12455089820359282,
      "rhh_percent": 0.18672199170124482,
      "lhh_percent": 0.039660056657223795,
      "start_speed": 86.4923076923077,
      "max_start_speed": 89.9,
      "ivb": 5.847115384615384,
      "hb": -1.9096153846153843,
      "release_pos_z": 5.099921271521931,
      "release_pos_x": 3.0623063889990303,
      "extension": 5.580533533511777,
      "pitches": 103,
      "whiffs": 6,
      "swings": 41,
      "spin_rate": 2315,
      "swing_miss_percent": 14.6,
      "arm_angle": 18.6,
      "barrels_per_pa_percent": 5,
      "hardhit_percent": 40,
      "whiffs_per_pitch": 0.05825242718446602,
      "active_spin_percent": 25.8
    },
    {
      "code": "CH",
      "title": "changeup",
      "color": "#1DBF3A",
      "count": 104,
      "pitch_percent": 0.12455089820359282,
      "rhh_percent": 0.2095435684647303,
      "lhh_percent": 0.0084985835694051,
      "start_speed": 79.80192307692309,
      "max_start_speed": 83.3,
      "ivb": 0.6019230769230768,
      "hb": 15.177884615384613,
      "release_pos_z": 5.103612792773386,
      "release_pos_x": 3.083072270876693,
      "extension": 5.649360499977221,
      "pitches": 104,
      "whiffs": 15,
      "swings": 57,
      "spin_rate": 1601,
      "swing_miss_percent": 26.3,
      "arm_angle": 20,
      "barrels_per_pa_percent": 0,
      "hardhit_percent": 20,
      "whiffs_per_pitch": 0.14423076923076922,
      "active_spin_percent": 88.9
    },
    {
      "code": "SL",
      "title": "slider",
      "color": "#EEE716",
      "count": 34,
      "pitch_percent": 0.0407185628742515,
      "rhh_percent": 0.05186721991701245,
      "lhh_percent": 0.025495750708215296,
      "start_speed": 83.93823529411763,
      "max_start_speed": 85.1,
      "ivb": 1.9735294117647058,
      "hb": -2.817647058823529,
      "release_pos_z": 5.091279689019122,
      "release_pos_x": 3.140791554333699,
      "extension": 5.5358728120764775,
      "pitches": 34,
      "whiffs": 2,
      "swings": 16,
      "spin_rate": 2370,
      "swing_miss_percent": 12.5,
      "arm_angle": 17.8,
      "barrels_per_pa_percent": 0,
      "hardhit_percent": 0,
      "whiffs_per_pitch": 0.058823529411764705,
      "active_spin_percent": 16.8
    },
    {
      "code": "KC",
      "title": "knuckle curve",
      "color": "#6236CD",
      "count": 1,
      "pitch_percent": 0.0011976047904191617,
      "rhh_percent": 0,
      "lhh_percent": 0.0028328611898017,
      "start_speed": 76.7,
      "max_start_speed": 76.7,
      "ivb": -17.5,
      "hb": 14.4,
      "release_pos_z": 5.5834809132225764,
      "release_pos_x": -1.0058942027396633,
      "extension": 6.848968816635373,
      "active_spin_percent": null
    }
  ]
}