{
  "pitcher_id": "660271",
  "pitcher_name": "Shohei Ohtani",
  "pitches": [
    {
      "code": "FF",
      "title": "four-seam fastball",
      "color": "#D22D49",
      "count": 291,
      "pitch_percent": 0.38748335552596536,
      "rhh_percent": 0.3350253807106599,
      "lhh_percent": 0.44537815126050423,
      "start_speed": 98.41821305841921,
      "max_start_speed": 101.7,
      "ivb": 14.506529209621995,
      "hb": 5.274226804123708,
      "release_pos_z": 5.653391192521871,
      "release_pos_x": 2.3221943816580457,
      "extension": 6.684345304242543,
      "pitches": 291,
      "whiffs": 37,
      "swings": 149,
      "spin_rate": 2467,
      "swing_miss_percent": 24.8,
      "arm_angle": 34.1,
      "barrels_per_pa_percent": 3.125,
      "hardhit_percent": 35.714285714285715,
      "whiffs_per_pitch": 0.12714776632302405,
      "active_spin_percent": 78.4
    },
    {
      "code": "ST",
      "title": "sweeper",
      "color": "#DDB43A",
      "count": 171,
      "pitch_percent": 0.22769640479360853,
      "rhh_percent": 0.3477157360406091,
      "lhh_percent": 0.09523809523809523,
      "start_speed": 84.97134502923979,
      "max_start_speed": 89.7,
      "ivb": 3.370175438596491,
      "hb": -13.161403508771931,
      "release_pos_z": 5.627780185931093,
      "release_pos_x": 2.350089439728345,
      "extension": 6.580634192589664,
      "pitches": 172,
      "whiffs": 38,
      "swings": 91,
      "spin_rate": 2594,
      "swing_miss_percent": 41.8,
      "arm_angle": 32.7,
      "barrels_per_pa_percent": 2,
      "hardhit_percent": 22.58064516129032,
      "whiffs_per_pitch": 0.22093023255813954,
      "active_spin_percent": 48.1
    },
    {
      "code": "SL",
      "title": "slider",
      "color": "#EEE716",
      "count": 85,
      "pitch_percent": 0.11318242343541944,
      "rhh_percent": 0.1065989847715736,
      "lhh_percent": 0.12044817927170869,
      "start_speed": 88.11529411764708,
      "max_start_speed": 91.7,
      "ivb": -0.468235294117647,
      "hb": -3.355294117647056,
      "release_pos_z": 6.024967361732984,
      "release_pos_x": 2.1423883556162275,
      "extension": 6.587296878920687,
      "pitches": 85,
      "whiffs": 24,
      "swings": 54,
      "spin_rate": 2547,
      "swing_miss_percent": 44.4,
      "arm_angle": 41.3,
      "barrels_per_pa_percent": 0,
      "hardhit_percent": 30,
      "whiffs_per_pitch": 0.2823529411764706,
      "active_spin_percent": 27.6
    },
    {
      "code": "CU",
      "title": "curveball",
      "color": "#00D2ED",
      "count": 66,
      "pitch_percent": 0.08788282290279627,
      "rhh_percent": 0.0583756345177665,
      "lhh_percent": 0.12044817927170869,
      "start_speed": 78.56818181818183,
      "max_start_speed": 84.7,
      "ivb": -13.622727272727273,
      "hb": -10.899999999999999,
      "release_pos_z": 6.122365303666908,
      "release_pos_x": 1.9954300382886656,
      "extension": 6.600184536381105,
      "pitches": 66,
      "whiffs": 11,
      "swings": 20,
      "spin_rate": 2653,
      "swing_miss_percent": 55,
      "arm_angle": 44,
      "barrels_per_pa_percent": 0,
      "hardhit_percent": 25,
      "whiffs_per_pitch": 0.16666666666666666,
      "active_spin_percent": 82.4
    },
    {
      "code": "SI",
      "title": "sinker",
      "color": "#FE9E00",
      "count": 53,
      "pitch_percent": 0.07057256990679095,
      "rhh_percent": 0.1116751269035533,
      "lhh_percent": 0.025210084033613446,
      "start_speed": 96.20943396226417,
      "max_start_speed": 98.9,
      "ivb": 6.7245283018867905,
      "hb": 14.200000000000003,
      "release_pos_z": 5.644204136747036,
      "release_pos_x": 2.260233999858881,
      "extension": 6.726336874439059,
      "pitches": 53,
      "whiffs": 4,
      "swings": 22,
      "spin_rate": 2138,
      "swing_miss_percent": 18.2,
      "arm_angle": 33.6,
      "barrels_per_pa_percent": 0,
      "hardhit_percent": 30,
      "whiffs_per_pitch": 0.07547169811320754,
      "active_spin_percent": 77.7
    },
    {
      "code": "FC",
      "title": "cutter",
      "color": "#933F2C",
      "count": 50,
      "pitch_percent": 0.06657789613848203,
      "rhh_percent": 0.025380710659898477,
      "lhh_percent": 0.11204481792717087,
      "start_speed": 93.874,
      "max_start_speed": 98.7,
      "ivb": 7.512000000000001,
      "hb": -2.174,
      "release_pos_z": 5.619473311097946,
      "release_pos_x": 2.404385371115164,
      "extension": 6.586890616862664,
      "pitches": 50,
      "whiffs": 5,
      "swings": 28,
      "spin_rate": 2532,
      "swing_miss_percent": 17.9,
      "arm_angle": 32.6,
      "barrels_per_pa_percent": 6.25,
      "hardhit_percent": 46.15384615384615,
      "whiffs_per_pitch": 0.1,
      "active_spin_percent": 39.4
    },
    {
      "code": "FS",
      "title": "splitter",
      "color": "#3BACAC",
      "count": 35,
      "pitch_percent": 0.04660452729693742,
      "rhh_percent": 0.015228426395939087,
      "lhh_percent": 0.08123249299719888,
      "start_speed": 90.29999999999998,
      "max_start_speed": 93.2,
      "ivb": 2.56,
      "hb": 13.32857142857143,
      "release_pos_z": 5.7549532105856205,
      "release_pos_x": 2.223250911666401,
      "extension": 6.758705902135911,
      "pitches": 35,
      "whiffs": 3,
      "swings": 10,
      "spin_rate": 1508,
      "swing_miss_percent": 30,
      "arm_angle": 35.9,
      "barrels_per_pa_percent": 0,
      "hardhit_percent": 20,
      "whiffs_per_pitch": 0.08571428571428572,
      "active_spin_percent": 77.9
    }
  ]
}