{
  "pitcher_id": "660730",
  "pitcher_name": "Elvin Rodríguez",
  "pitches": [
    {
      "code": "FF",
      "title": "four-seam fastball",
      "color": "#D22D49",
      "count": 154,
      "pitch_percent": 0.4597014925373134,
      "rhh_percent": 0.42924528301886794,
      "lhh_percent": 0.5121951219512195,
      "start_speed": 94.39610389610395,
      "max_start_speed": 97.1,
      "ivb": 19.341558441558448,
      "hb": 6.216233766233765,
      "release_pos_z": 6.032457634783599,
      "release_pos_x": 1.7392411793042644,
      "extension": 6.607864352887246,
      "pitches": 154,
      "whiffs": 19,
      "swings": 79,
      "spin_rate": 2461,
      "swing_miss_percent": 24.1,
      "arm_angle": 49.1,
      "barrels_per_pa_percent": 18.367346938775512,
      "hardhit_percent": 44.44444444444444,
      "whiffs_per_pitch": 0.12337662337662338,
      "active_spin_percent": 95.5
    },
    {
      "code": "CU",
      "title": "curveball",
      "color": "#00D2ED",
      "count": 70,
      "pitch_percent": 0.208955223880597,
      "rhh_percent": 0.21226415094339623,
      "lhh_percent": 0.2032520325203252,
      "start_speed": 78.6842857142857,
      "max_start_speed": 81.6,
      "ivb": -14.705714285714286,
      "hb": -8.23,
      "release_pos_z": 6.097177445623088,
      "release_pos_x": 1.709800113922589,
      "extension": 6.573404835311923,
      "pitches": 70,
      "whiffs": 5,
      "swings": 26,
      "spin_rate": 2740,
      "swing_miss_percent": 19.2,
      "arm_angle": 54.7,
      "barrels_per_pa_percent": 6.666666666666667,
      "hardhit_percent": 66.66666666666666,
      "whiffs_per_pitch": 0.07142857142857142,
      "active_spin_percent": 79
    },
    {
      "code": "FC",
      "title": "cutter",
      "color": "#933F2C",
      "count": 57,
      "pitch_percent": 0.1701492537313433,
      "rhh_percent": 0.18867924528301888,
      "lhh_percent": 0.13821138211382114,
      "start_speed": 87.69824561403509,
      "max_start_speed": 90.7,
      "ivb": 6.819298245614038,
      "hb": -2.352631578947369,
      "release_pos_z": 5.911491922450975,
      "release_pos_x": 1.8793220004147557,
      "extension": 6.651303643622319,
      "pitches": 57,
      "whiffs": 1,
      "swings": 18,
      "spin_rate": 2384,
      "swing_miss_percent": 5.6,
      "arm_angle": 47.5,
      "barrels_per_pa_percent": 15.384615384615385,
      "hardhit_percent": 50,
      "whiffs_per_pitch": 0.017543859649122806,
      "active_spin_percent": 49.7
    },
    {
      "code": "ST",
      "title": "sweeper",
      "color": "#DDB43A",
      "count": 34,
      "pitch_percent": 0.10149253731343283,
      "rhh_percent": 0.16037735849056603,
      "lhh_percent": 0,
      "start_speed": 82.18235294117648,
      "max_start_speed": 84.1,
      "ivb": 1.802941176470588,
      "hb": -11.502941176470587,
      "release_pos_z": 5.913738452475543,
      "release_pos_x": 1.9323006899198147,
      "extension": 6.626411932485055,
      "pitches": 34,
      "whiffs": 6,
      "swings": 17,
      "spin_rate": 2449,
      "swing_miss_percent": 35.3,
      "arm_angle": 49.2,
      "barrels_per_pa_percent": 11.11111111111111,
      "hardhit_percent": 50,
      "whiffs_per_pitch": 0.17647058823529413,
      "active_spin_percent": 36.1
    },
    {
      "code": "CH",
      "title": "changeup",
      "color": "#1DBF3A",
      "count": 20,
      "pitch_percent": 0.05970149253731343,
      "rhh_percent": 0.009433962264150943,
      "lhh_percent": 0.14634146341463414,
      "start_speed": 86.77,
      "max_start_speed": 87.9,
      "ivb": 12.700000000000001,
      "hb": 15.490000000000004,
      "release_pos_z": 6.076075943504436,
      "release_pos_x": 1.6394820208667893,
      "extension": 6.725457350054262,
      "pitches": 20,
      "whiffs": 2,
      "swings": 8,
      "spin_rate": 2008,
      "swing_miss_percent": 25,
      "arm_angle": 50.6,
      "barrels_per_pa_percent": 0,
      "hardhit_percent": 33.33333333333333,
      "whiffs_per_pitch": 0.1,
      "active_spin_percent": 97.5
    }
  ]
}