{
  "pitcher_id": "661563",
  "pitcher_name": "Luis Gil",
  "pitches": [
    {
      "code": "FF",
      "title": "four-seam fastball",
      "color": "#D22D49",
      "count": 491,
      "pitch_percent": 0.5061855670103093,
      "rhh_percent": 0.44097995545657015,
      "lhh_percent": 0.5623800383877159,
      "start_speed": 95.34887983706722,
      "max_start_speed": 98.8,
      "ivb": 16.30061099796335,
      "hb": 2.782281059063139,
      "release_pos_z": 5.755094048136472,
      "release_pos_x": 2.904652737195691,
      "extension": 6.813410375882333,
      "pitches": 491,
      "whiffs": 42,
      "swings": 223,
      "spin_rate": 2468,
      "swing_miss_percent": 18.8,
      "arm_angle": 38.3,
      "barrels_per_pa_percent": 7.03125,
      "hardhit_percent": 49.473684210526315,
      "whiffs_per_pitch": 0.0855397148676171,
      "active_spin_percent": 76.8
    },
    {
      "code": "SL",
      "title": "slider",
      "color": "#EEE716",
      "count": 250,
      "pitch_percent": 0.25773195876288657,
      "rhh_percent": 0.31625835189309576,
      "lhh_percent": 0.2072936660268714,
      "start_speed": 86.66640000000004,
      "max_start_speed": 90.5,
      "ivb": 5.850399999999998,
      "hb": -7.928799999999997,
      "release_pos_z": 5.655362744317131,
      "release_pos_x": 3.0087237437216747,
      "extension": 6.834330084330322,
      "pitches": 250,
      "whiffs": 35,
      "swings": 111,
      "spin_rate": 2654,
      "swing_miss_percent": 31.5,
      "arm_angle": 37.8,
      "barrels_per_pa_percent": 3.278688524590164,
      "hardhit_percent": 30,
      "whiffs_per_pitch": 0.14,
      "active_spin_percent": 34.4
    },
    {
      "code": "CH",
      "title": "changeup",
      "color": "#1DBF3A",
      "count": 229,
      "pitch_percent": 0.23608247422680412,
      "rhh_percent": 0.24276169265033407,
      "lhh_percent": 0.23032629558541268,
      "start_speed": 90.80349344978167,
      "max_start_speed": 94.5,
      "ivb": 4.850218340611355,
      "hb": 14.433624454148484,
      "release_pos_z": 5.1754554846073075,
      "release_pos_x": 3.1482067962415865,
      "extension": 6.930561890052143,
      "pitches": 229,
      "whiffs": 15,
      "swings": 93,
      "spin_rate": 1732,
      "swing_miss_percent": 16.1,
      "arm_angle": 23.3,
      "barrels_per_pa_percent": 5.454545454545454,
      "hardhit_percent": 36.36363636363637,
      "whiffs_per_pitch": 0.06550218340611354,
      "active_spin_percent": 84.7
    }
  ]
}