{
  "pitcher_id": "661527",
  "pitcher_name": "Seth Martinez",
  "pitches": [
    {
      "code": "ST",
      "title": "sweeper",
      "color": "#DDB43A",
      "count": 44,
      "pitch_percent": 0.36666666666666664,
      "rhh_percent": 0.41935483870967744,
      "lhh_percent": 0.34831460674157305,
      "start_speed": 77.50227272727271,
      "max_start_speed": 80.2,
      "ivb": 9.088636363636367,
      "hb": -16.804545454545455,
      "release_pos_z": 4.419876246192437,
      "release_pos_x": 2.7368172422094523,
      "extension": 6.786683798840059,
      "pitches": 44,
      "whiffs": 6,
      "swings": 21,
      "spin_rate": 2418,
      "swing_miss_percent": 28.6,
      "arm_angle": 10,
      "barrels_per_pa_percent": 25,
      "hardhit_percent": 28.57142857142857,
      "whiffs_per_pitch": 0.13636363636363635,
      "active_spin_percent": 57.4
    },
    {
      "code": "FF",
      "title": "four-seam fastball",
      "color": "#D22D49",
      "count": 32,
      "pitch_percent": 0.26666666666666666,
      "rhh_percent": 0.22580645161290322,
      "lhh_percent": 0.2808988764044944,
      "start_speed": 90.1375,
      "max_start_speed": 91.9,
      "ivb": 11.103124999999999,
      "hb": 10.193750000000001,
      "release_pos_z": 4.396931478161571,
      "release_pos_x": 2.637669847779926,
      "extension": 6.84944913053811,
      "pitches": 32,
      "whiffs": 4,
      "swings": 18,
      "spin_rate": 2150,
      "swing_miss_percent": 22.2,
      "arm_angle": 8.4,
      "barrels_per_pa_percent": 0,
      "hardhit_percent": 40,
      "whiffs_per_pitch": 0.125,
      "active_spin_percent": 76.4
    },
    {
      "code": "FC",
      "title": "cutter",
      "color": "#933F2C",
      "count": 20,
      "pitch_percent": 0.16666666666666666,
      "rhh_percent": 0,
      "lhh_percent": 0.2247191011235955,
      "start_speed": 84.76,
      "max_start_speed": 86.7,
      "ivb": 7.08,
      "hb": -3.7199999999999998,
      "release_pos_z": 4.423111543394329,
      "release_pos_x": 2.7511811126204484,
      "extension": 6.842122490101595,
      "pitches": 20,
      "whiffs": 3,
      "swings": 9,
      "spin_rate": 2379,
      "swing_miss_percent": 33.3,
      "arm_angle": 9.6,
      "barrels_per_pa_percent": 16.666666666666664,
      "hardhit_percent": 66.66666666666666,
      "whiffs_per_pitch": 0.15,
      "active_spin_percent": 37.1
    },
    {
      "code": "CH",
      "title": "changeup",
      "color": "#1DBF3A",
      "count": 13,
      "pitch_percent": 0.10833333333333334,
      "rhh_percent": 0,
      "lhh_percent": 0.14606741573033707,
      "start_speed": 82.6,
      "max_start_speed": 83.8,
      "ivb": 2.1846153846153844,
      "hb": 11.123076923076923,
      "release_pos_z": 4.578922127224608,
      "release_pos_x": 2.495323774537476,
      "extension": 6.935907679156563,
      "pitches": 13,
      "whiffs": 0,
      "swings": 3,
      "spin_rate": 1526,
      "swing_miss_percent": 0,
      "arm_angle": 14.8,
      "barrels_per_pa_percent": 0,
      "hardhit_percent": 0,
      "whiffs_per_pitch": 0,
      "active_spin_percent": 67.2
    },
    {
      "code": "SI",
      "title": "sinker",
      "color": "#FE9E00",
      "count": 11,
      "pitch_percent": 0.09166666666666666,
      "rhh_percent": 0.3548387096774194,
      "lhh_percent": 0,
      "start_speed": 88.79999999999998,
      "max_start_speed": 89.9,
      "ivb": 0.7727272727272729,
      "hb": 13.418181818181818,
      "release_pos_z": 4.414436212688006,
      "release_pos_x": 2.5415019737213234,
      "extension": 6.91825474056211,
      "pitches": 11,
      "whiffs": 0,
      "swings": 5,
      "spin_rate": 2108,
      "swing_miss_percent": 0,
      "arm_angle": 9.3,
      "barrels_per_pa_percent": 75,
      "hardhit_percent": 75,
      "whiffs_per_pitch": 0,
      "active_spin_percent": 76.3
    }
  ]
}