{
  "pitcher_id": "663321",
  "pitcher_name": "Nick Hernandez",
  "pitches": [
    {
      "code": "SL",
      "title": "slider",
      "color": "#EEE716",
      "count": 101,
      "pitch_percent": 0.45701357466063347,
      "rhh_percent": 0.4863013698630137,
      "lhh_percent": 0.4,
      "start_speed": 81.9762376237624,
      "max_start_speed": 83.7,
      "ivb": 1.6118811881188118,
      "hb": -4.308910891089107,
      "release_pos_z": 5.8260427828377255,
      "release_pos_x": 2.681404346353049,
      "extension": 6.457789615106397,
      "pitches": 101,
      "whiffs": 12,
      "swings": 42,
      "spin_rate": 2495,
      "swing_miss_percent": 28.6,
      "arm_angle": 47.6,
      "barrels_per_pa_percent": 14.814814814814813,
      "hardhit_percent": 52.94117647058824,
      "whiffs_per_pitch": 0.1188118811881188,
      "active_spin_percent": 20.8
    },
    {
      "code": "FF",
      "title": "four-seam fastball",
      "color": "#D22D49",
      "count": 95,
      "pitch_percent": 0.4298642533936652,
      "rhh_percent": 0.4726027397260274,
      "lhh_percent": 0.3466666666666667,
      "start_speed": 91.32210526315787,
      "max_start_speed": 93.5,
      "ivb": 18.520000000000003,
      "hb": 4.429473684210525,
      "release_pos_z": 5.666815048569468,
      "release_pos_x": 2.4024475739984346,
      "extension": 6.6063201671079925,
      "pitches": 95,
      "whiffs": 14,
      "swings": 51,
      "spin_rate": 2511,
      "swing_miss_percent": 27.5,
      "arm_angle": 46.8,
      "barrels_per_pa_percent": 0,
      "hardhit_percent": 33.33333333333333,
      "whiffs_per_pitch": 0.14736842105263157,
      "active_spin_percent": 85.8
    },
    {
      "code": "FS",
      "title": "splitter",
      "color": "#3BACAC",
      "count": 25,
      "pitch_percent": 0.11312217194570136,
      "rhh_percent": 0.0410958904109589,
      "lhh_percent": 0.25333333333333335,
      "start_speed": 81.524,
      "max_start_speed": 84.4,
      "ivb": 1.7520000000000007,
      "hb": 8.496,
      "release_pos_z": 5.911976036979947,
      "release_pos_x": 2.4391481056236195,
      "extension": 6.6050405415786795,
      "pitches": 25,
      "whiffs": 5,
      "swings": 7,
      "spin_rate": 1542,
      "swing_miss_percent": 71.4,
      "arm_angle": 50.3,
      "barrels_per_pa_percent": 16.666666666666664,
      "hardhit_percent": 100,
      "whiffs_per_pitch": 0.2,
      "active_spin_percent": 65.7
    }
  ]
}