{
  "pitcher_id": "663372",
  "pitcher_name": "Ryan Feltner",
  "pitches": [
    {
      "code": "FF",
      "title": "four-seam fastball",
      "color": "#D22D49",
      "count": 174,
      "pitch_percent": 0.3333333333333333,
      "rhh_percent": 0.22943722943722944,
      "lhh_percent": 0.41580756013745707,
      "start_speed": 93.5919540229885,
      "max_start_speed": 95.9,
      "ivb": 11.391954022988505,
      "hb": 3.5316091954022983,
      "release_pos_z": 5.550167250426056,
      "release_pos_x": 1.4381941110070031,
      "extension": 6.246176774003164,
      "pitches": 173,
      "whiffs": 13,
      "swings": 78,
      "spin_rate": 2411,
      "swing_miss_percent": 16.7,
      "arm_angle": 40.2,
      "barrels_per_pa_percent": 2.2222222222222223,
      "hardhit_percent": 48.484848484848484,
      "whiffs_per_pitch": 0.07514450867052024,
      "active_spin_percent": 71.6
    },
    {
      "code": "CH",
      "title": "changeup",
      "color": "#1DBF3A",
      "count": 97,
      "pitch_percent": 0.18582375478927204,
      "rhh_percent": 0.03896103896103896,
      "lhh_percent": 0.3024054982817869,
      "start_speed": 84.70412371134022,
      "max_start_speed": 87.5,
      "ivb": 5.421649484536081,
      "hb": 4.722680412371134,
      "release_pos_z": 5.526203560512095,
      "release_pos_x": 1.4678350694549096,
      "extension": 6.305096606382811,
      "pitches": 97,
      "whiffs": 18,
      "swings": 45,
      "spin_rate": 1632,
      "swing_miss_percent": 40,
      "arm_angle": 42.7,
      "barrels_per_pa_percent": 4.545454545454546,
      "hardhit_percent": 21.428571428571427,
      "whiffs_per_pitch": 0.18556701030927836,
      "active_spin_percent": 63.2
    },
    {
      "code": "SL",
      "title": "slider",
      "color": "#EEE716",
      "count": 89,
      "pitch_percent": 0.17049808429118773,
      "rhh_percent": 0.18181818181818182,
      "lhh_percent": 0.16151202749140894,
      "start_speed": 87.97415730337079,
      "max_start_speed": 90.1,
      "ivb": 5.584269662921349,
      "hb": -5.370786516853934,
      "release_pos_z": 5.510768971527121,
      "release_pos_x": 1.4894236915304233,
      "extension": 6.238718853103856,
      "pitches": 89,
      "whiffs": 15,
      "swings": 44,
      "spin_rate": 2514,
      "swing_miss_percent": 34.1,
      "arm_angle": 40.6,
      "barrels_per_pa_percent": 4.545454545454546,
      "hardhit_percent": 31.25,
      "whiffs_per_pitch": 0.16853932584269662,
      "active_spin_percent": 36.8
    },
    {
      "code": "SI",
      "title": "sinker",
      "color": "#FE9E00",
      "count": 65,
      "pitch_percent": 0.12452107279693486,
      "rhh_percent": 0.2597402597402597,
      "lhh_percent": 0.01718213058419244,
      "start_speed": 93.38000000000002,
      "max_start_speed": 95.4,
      "ivb": 7.267692307692305,
      "hb": 10.30923076923077,
      "release_pos_z": 5.503207286837218,
      "release_pos_x": 1.482962655895553,
      "extension": 6.232141137238243,
      "pitches": 65,
      "whiffs": 4,
      "swings": 34,
      "spin_rate": 2357,
      "swing_miss_percent": 11.8,
      "arm_angle": 39.6,
      "barrels_per_pa_percent": 0,
      "hardhit_percent": 43.75,
      "whiffs_per_pitch": 0.06153846153846154,
      "active_spin_percent": 64.9
    },
    {
      "code": "ST",
      "title": "sweeper",
      "color": "#DDB43A",
      "count": 64,
      "pitch_percent": 0.12260536398467432,
      "rhh_percent": 0.2727272727272727,
      "lhh_percent": 0.003436426116838488,
      "start_speed": 81.4734375,
      "max_start_speed": 83.7,
      "ivb": -1.3859374999999998,
      "hb": -14.448437499999997,
      "release_pos_z": 5.479970084872414,
      "release_pos_x": 1.5409896343356617,
      "extension": 6.236165969378605,
      "pitches": 64,
      "whiffs": 13,
      "swings": 33,
      "spin_rate": 2581,
      "swing_miss_percent": 39.4,
      "arm_angle": 41.2,
      "barrels_per_pa_percent": 0,
      "hardhit_percent": 10,
      "whiffs_per_pitch": 0.203125,
      "active_spin_percent": 47.9
    },
    {
      "code": "CU",
      "title": "curveball",
      "color": "#00D2ED",
      "count": 33,
      "pitch_percent": 0.06321839080459771,
      "rhh_percent": 0.017316017316017316,
      "lhh_percent": 0.09965635738831616,
      "start_speed": 78.66060606060606,
      "max_start_speed": 80.8,
      "ivb": -11.651515151515152,
      "hb": -10.248484848484846,
      "release_pos_z": 5.547284991143704,
      "release_pos_x": 1.4297495197010603,
      "extension": 6.199564717894073,
      "pitches": 33,
      "whiffs": 4,
      "swings": 18,
      "spin_rate": 2675,
      "swing_miss_percent": 22.2,
      "arm_angle": 43.9,
      "barrels_per_pa_percent": 11.11111111111111,
      "hardhit_percent": 42.857142857142854,
      "whiffs_per_pitch": 0.12121212121212122,
      "active_spin_percent": 71.5
    }
  ]
}