{
  "pitcher_id": "663423",
  "pitcher_name": "Trent Thornton",
  "pitches": [
    {
      "code": "FF",
      "title": "four-seam fastball",
      "color": "#D22D49",
      "count": 217,
      "pitch_percent": 0.3307926829268293,
      "rhh_percent": 0.32802547770700635,
      "lhh_percent": 0.3333333333333333,
      "start_speed": 94.41336405529952,
      "max_start_speed": 97.1,
      "ivb": 15.86958525345623,
      "hb": 3.626728110599078,
      "release_pos_z": 5.4873556144555335,
      "release_pos_x": 2.241822428010725,
      "extension": 6.2051054056792205,
      "pitches": 216,
      "whiffs": 19,
      "swings": 100,
      "spin_rate": 2456,
      "swing_miss_percent": 19,
      "arm_angle": 43.4,
      "barrels_per_pa_percent": 5.769230769230769,
      "hardhit_percent": 54.285714285714285,
      "whiffs_per_pitch": 0.08796296296296297,
      "active_spin_percent": 74.4
    },
    {
      "code": "FC",
      "title": "cutter",
      "color": "#933F2C",
      "count": 147,
      "pitch_percent": 0.22408536585365854,
      "rhh_percent": 0.2611464968152866,
      "lhh_percent": 0.19005847953216373,
      "start_speed": 90.1095238095238,
      "max_start_speed": 93.7,
      "ivb": 4.970068027210887,
      "hb": -3.6659863945578213,
      "release_pos_z": 5.4099599962054805,
      "release_pos_x": 2.432862458951036,
      "extension": 6.106050417520852,
      "pitches": 147,
      "whiffs": 15,
      "swings": 81,
      "spin_rate": 2734,
      "swing_miss_percent": 18.5,
      "arm_angle": 39.8,
      "barrels_per_pa_percent": 4.3478260869565215,
      "hardhit_percent": 23.684210526315788,
      "whiffs_per_pitch": 0.10204081632653061,
      "active_spin_percent": 31.6
    },
    {
      "code": "ST",
      "title": "sweeper",
      "color": "#DDB43A",
      "count": 123,
      "pitch_percent": 0.1875,
      "rhh_percent": 0.2898089171974522,
      "lhh_percent": 0.0935672514619883,
      "start_speed": 80.17154471544717,
      "max_start_speed": 82.6,
      "ivb": 0.20569105691056902,
      "hb": -16.247967479674795,
      "release_pos_z": 5.174334050170792,
      "release_pos_x": 2.6895591449993703,
      "extension": 6.056080458373422,
      "pitches": 123,
      "whiffs": 14,
      "swings": 64,
      "spin_rate": 2865,
      "swing_miss_percent": 21.9,
      "arm_angle": 33.4,
      "barrels_per_pa_percent": 5.714285714285714,
      "hardhit_percent": 37.93103448275862,
      "whiffs_per_pitch": 0.11382113821138211,
      "active_spin_percent": 52.7
    },
    {
      "code": "CU",
      "title": "curveball",
      "color": "#00D2ED",
      "count": 122,
      "pitch_percent": 0.18597560975609756,
      "rhh_percent": 0.03821656050955414,
      "lhh_percent": 0.3216374269005848,
      "start_speed": 80.95409836065575,
      "max_start_speed": 84.2,
      "ivb": -13.445901639344259,
      "hb": -9.22131147540984,
      "release_pos_z": 5.586820906646039,
      "release_pos_x": 2.224950565729832,
      "extension": 6.055428776747991,
      "pitches": 122,
      "whiffs": 13,
      "swings": 57,
      "spin_rate": 3095,
      "swing_miss_percent": 22.8,
      "arm_angle": 47.4,
      "barrels_per_pa_percent": 3.571428571428571,
      "hardhit_percent": 64.70588235294117,
      "whiffs_per_pitch": 0.10655737704918032,
      "active_spin_percent": 64.6
    },
    {
      "code": "SI",
      "title": "sinker",
      "color": "#FE9E00",
      "count": 16,
      "pitch_percent": 0.024390243902439025,
      "rhh_percent": 0.050955414012738856,
      "lhh_percent": 0,
      "start_speed": 93.54374999999997,
      "max_start_speed": 95.6,
      "ivb": 8.124999999999998,
      "hb": 11.150000000000002,
      "release_pos_z": 5.494523203854783,
      "release_pos_x": 2.200109618968475,
      "extension": 6.2408691900822335,
      "pitches": 16,
      "whiffs": 2,
      "swings": 8,
      "spin_rate": 2298,
      "swing_miss_percent": 25,
      "arm_angle": 45.3,
      "barrels_per_pa_percent": 20,
      "hardhit_percent": 75,
      "whiffs_per_pitch": 0.125,
      "active_spin_percent": 72.2
    },
    {
      "code": "FS",
      "title": "splitter",
      "color": "#3BACAC",
      "count": 15,
      "pitch_percent": 0.022865853658536585,
      "rhh_percent": 0.009554140127388535,
      "lhh_percent": 0.03508771929824561,
      "start_speed": 84.84666666666665,
      "max_start_speed": 86.8,
      "ivb": 6.526666666666666,
      "hb": 10.046666666666669,
      "release_pos_z": 5.248634370876682,
      "release_pos_x": 2.3508910593881254,
      "extension": 6.130167529660996,
      "pitches": 15,
      "whiffs": 2,
      "swings": 4,
      "spin_rate": 1265,
      "swing_miss_percent": 50,
      "arm_angle": 39.9,
      "barrels_per_pa_percent": 0,
      "hardhit_percent": 100,
      "whiffs_per_pitch": 0.13333333333333333,
      "active_spin_percent": 82.8
    },
    {
      "code": "CH",
      "title": "changeup",
      "color": "#1DBF3A",
      "count": 9,
      "pitch_percent": 0.013719512195121951,
      "rhh_percent": 0.0031847133757961785,
      "lhh_percent": 0.023391812865497075,
      "start_speed": 87.12222222222222,
      "max_start_speed": 87.8,
      "ivb": 3.9111111111111114,
      "hb": 10.066666666666668,
      "release_pos_z": 5.1601182699697254,
      "release_pos_x": 2.5100295829216983,
      "extension": 6.11320897006102,
      "pitches": 9,
      "whiffs": 1,
      "swings": 6,
      "spin_rate": 2169,
      "swing_miss_percent": 16.7,
      "arm_angle": 34.6,
      "barrels_per_pa_percent": 0,
      "hardhit_percent": 25,
      "whiffs_per_pitch": 0.1111111111111111,
      "active_spin_percent": null
    },
    {
      "code": "SL",
      "title": "slider",
      "color": "#EEE716",
      "count": 7,
      "pitch_percent": 0.010670731707317074,
      "rhh_percent": 0.01910828025477707,
      "lhh_percent": 0.0029239766081871343,
      "start_speed": 84.8142857142857,
      "max_start_speed": 89.5,
      "ivb": -3.6142857142857143,
      "hb": -6.528571428571429,
      "release_pos_z": 5.4484203000452505,
      "release_pos_x": 2.3304736731191547,
      "extension": 6.11725995100546,
      "pitches": 7,
      "whiffs": 1,
      "swings": 4,
      "spin_rate": 2967,
      "swing_miss_percent": 25,
      "arm_angle": 40.8,
      "barrels_per_pa_percent": 0,
      "hardhit_percent": 0,
      "whiffs_per_pitch": 0.14285714285714285,
      "active_spin_percent": null
    }
  ]
}