{
  "pitcher_id": "663568",
  "pitcher_name": "Stephen Kolek",
  "pitches": [
    {
      "code": "FF",
      "title": "four-seam fastball",
      "color": "#D22D49",
      "count": 432,
      "pitch_percent": 0.2557726465364121,
      "rhh_percent": 0.16551724137931034,
      "lhh_percent": 0.3236514522821577,
      "start_speed": 94.0273148148148,
      "max_start_speed": 96,
      "ivb": 12.880555555555558,
      "hb": 8.238194444444442,
      "release_pos_z": 5.420064807942208,
      "release_pos_x": 2.441389868940262,
      "extension": 6.263298219929457,
      "pitches": 432,
      "whiffs": 27,
      "swings": 175,
      "spin_rate": 2177,
      "swing_miss_percent": 15.4,
      "arm_angle": 36.4,
      "barrels_per_pa_percent": 9.090909090909092,
      "hardhit_percent": 51.388888888888886,
      "whiffs_per_pitch": 0.0625,
      "active_spin_percent": 88.1
    },
    {
      "code": "SI",
      "title": "sinker",
      "color": "#FE9E00",
      "count": 407,
      "pitch_percent": 0.24097098875074008,
      "rhh_percent": 0.4124137931034483,
      "lhh_percent": 0.11203319502074689,
      "start_speed": 93.57174447174447,
      "max_start_speed": 96,
      "ivb": 4.402702702702704,
      "hb": 15.993611793611803,
      "release_pos_z": 5.3157342839163615,
      "release_pos_x": 2.671237030373325,
      "extension": 6.321062104326405,
      "pitches": 407,
      "whiffs": 27,
      "swings": 206,
      "spin_rate": 2148,
      "swing_miss_percent": 13.1,
      "arm_angle": 34.1,
      "barrels_per_pa_percent": 1.5151515151515151,
      "hardhit_percent": 51.9607843137255,
      "whiffs_per_pitch": 0.06633906633906633,
      "active_spin_percent": 75.7
    },
    {
      "code": "SL",
      "title": "slider",
      "color": "#EEE716",
      "count": 280,
      "pitch_percent": 0.16577856719952636,
      "rhh_percent": 0.18344827586206897,
      "lhh_percent": 0.1524896265560166,
      "start_speed": 85.38821428571421,
      "max_start_speed": 88.2,
      "ivb": -0.4217857142857142,
      "hb": -2.7675000000000005,
      "release_pos_z": 5.153333939435136,
      "release_pos_x": 2.6642616051677073,
      "extension": 6.333415624111817,
      "pitches": 280,
      "whiffs": 32,
      "swings": 150,
      "spin_rate": 2520,
      "swing_miss_percent": 21.3,
      "arm_angle": 31.1,
      "barrels_per_pa_percent": 2.4096385542168677,
      "hardhit_percent": 49.25373134328358,
      "whiffs_per_pitch": 0.11428571428571428,
      "active_spin_percent": 24.8
    },
    {
      "code": "FC",
      "title": "cutter",
      "color": "#933F2C",
      "count": 257,
      "pitch_percent": 0.1521610420367081,
      "rhh_percent": 0.11862068965517242,
      "lhh_percent": 0.17738589211618258,
      "start_speed": 90.45914396887164,
      "max_start_speed": 92.7,
      "ivb": 7.660700389105054,
      "hb": -0.008949416342412465,
      "release_pos_z": 5.217697580682091,
      "release_pos_x": 2.6533048077328507,
      "extension": 6.288568267991802,
      "pitches": 257,
      "whiffs": 24,
      "swings": 126,
      "spin_rate": 2354,
      "swing_miss_percent": 19,
      "arm_angle": 31.9,
      "barrels_per_pa_percent": 3.0303030303030303,
      "hardhit_percent": 44,
      "whiffs_per_pitch": 0.0933852140077821,
      "active_spin_percent": 40
    },
    {
      "code": "CH",
      "title": "changeup",
      "color": "#1DBF3A",
      "count": 196,
      "pitch_percent": 0.11604499703966845,
      "rhh_percent": 0.027586206896551724,
      "lhh_percent": 0.1825726141078838,
      "start_speed": 87.48673469387751,
      "max_start_speed": 89.5,
      "ivb": -0.5403061224489797,
      "hb": 13.519897959183679,
      "release_pos_z": 5.144797145694814,
      "release_pos_x": 2.4544488343081894,
      "extension": 6.3589007909506945,
      "pitches": 196,
      "whiffs": 21,
      "swings": 85,
      "spin_rate": 1468,
      "swing_miss_percent": 24.7,
      "arm_angle": 29.8,
      "barrels_per_pa_percent": 4.761904761904762,
      "hardhit_percent": 44.827586206896555,
      "whiffs_per_pitch": 0.10714285714285714,
      "active_spin_percent": 72.1
    },
    {
      "code": "ST",
      "title": "sweeper",
      "color": "#DDB43A",
      "count": 115,
      "pitch_percent": 0.06808762581409118,
      "rhh_percent": 0.09241379310344827,
      "lhh_percent": 0.04979253112033195,
      "start_speed": 82.5295652173913,
      "max_start_speed": 84.4,
      "ivb": -0.18521739130434767,
      "hb": -14.251304347826084,
      "release_pos_z": 5.030406684412679,
      "release_pos_x": 2.744530882343693,
      "extension": 6.348604143960546,
      "pitches": 115,
      "whiffs": 9,
      "swings": 49,
      "spin_rate": 2563,
      "swing_miss_percent": 18.4,
      "arm_angle": 28.4,
      "barrels_per_pa_percent": 11.11111111111111,
      "hardhit_percent": 34.78260869565217,
      "whiffs_per_pitch": 0.0782608695652174,
      "active_spin_percent": 45
    },
    {
      "code": "CU",
      "title": "curveball",
      "color": "#00D2ED",
      "count": 2,
      "pitch_percent": 0.0011841326228537595,
      "rhh_percent": 0,
      "lhh_percent": 0.002074688796680498,
      "start_speed": 80.19999999999999,
      "max_start_speed": 81.8,
      "ivb": -9.45,
      "hb": -8.7,
      "release_pos_z": 5.2532690984291825,
      "release_pos_x": 2.842474741287833,
      "extension": 6.2729235717359115,
      "pitches": 2,
      "whiffs": 0,
      "swings": 0,
      "spin_rate": 2244,
      "swing_miss_percent": null,
      "arm_angle": 34,
      "barrels_per_pa_percent": null,
      "hardhit_percent": null,
      "whiffs_per_pitch": 0,
      "active_spin_percent": null
    }
  ]
}