{
  "pitcher_id": "663947",
  "pitcher_name": "Tyler Holton",
  "pitches": [
    {
      "code": "FC",
      "title": "cutter",
      "color": "#933F2C",
      "count": 350,
      "pitch_percent": 0.3022452504317789,
      "rhh_percent": 0.5161290322580645,
      "lhh_percent": 0.027613412228796843,
      "start_speed": 88.72828571428572,
      "max_start_speed": 91.5,
      "ivb": 8.519714285714286,
      "hb": -3.6171428571428565,
      "release_pos_z": 5.91920227738728,
      "release_pos_x": 1.4707836884662324,
      "extension": 6.499930603244091,
      "pitches": 348,
      "whiffs": 32,
      "swings": 181,
      "spin_rate": 2351,
      "swing_miss_percent": 17.7,
      "arm_angle": 43.2,
      "barrels_per_pa_percent": 5.617977528089887,
      "hardhit_percent": 42.857142857142854,
      "whiffs_per_pitch": 0.09195402298850575,
      "active_spin_percent": 49.3
    },
    {
      "code": "SI",
      "title": "sinker",
      "color": "#FE9E00",
      "count": 253,
      "pitch_percent": 0.21848013816925735,
      "rhh_percent": 0.004608294930875576,
      "lhh_percent": 0.4930966469428008,
      "start_speed": 91.43675889328065,
      "max_start_speed": 93.7,
      "ivb": 9.624110671936755,
      "hb": 15.686956521739132,
      "release_pos_z": 5.788382214535616,
      "release_pos_x": 1.6000455058197471,
      "extension": 6.4941825302236325,
      "pitches": 251,
      "whiffs": 15,
      "swings": 114,
      "spin_rate": 2163,
      "swing_miss_percent": 13.2,
      "arm_angle": 39.5,
      "barrels_per_pa_percent": 5.194805194805195,
      "hardhit_percent": 41.269841269841265,
      "whiffs_per_pitch": 0.05976095617529881,
      "active_spin_percent": 87.5
    },
    {
      "code": "ST",
      "title": "sweeper",
      "color": "#DDB43A",
      "count": 215,
      "pitch_percent": 0.18566493955094993,
      "rhh_percent": 0.0015360983102918587,
      "lhh_percent": 0.42209072978303747,
      "start_speed": 81.3572093023256,
      "max_start_speed": 84.8,
      "ivb": 0.7748837209302329,
      "hb": -14.083720930232554,
      "release_pos_z": 5.724631892292347,
      "release_pos_x": 1.73642962844532,
      "extension": 6.418507169539862,
      "pitches": 214,
      "whiffs": 46,
      "swings": 91,
      "spin_rate": 2740,
      "swing_miss_percent": 50.5,
      "arm_angle": 37,
      "barrels_per_pa_percent": 4.166666666666666,
      "hardhit_percent": 25,
      "whiffs_per_pitch": 0.21495327102803738,
      "active_spin_percent": 48.2
    },
    {
      "code": "CH",
      "title": "changeup",
      "color": "#1DBF3A",
      "count": 169,
      "pitch_percent": 0.1459412780656304,
      "rhh_percent": 0.24731182795698925,
      "lhh_percent": 0.015779092702169626,
      "start_speed": 84.59526627218933,
      "max_start_speed": 87.1,
      "ivb": 4.673372781065087,
      "hb": 14.989349112426034,
      "release_pos_z": 5.748313472693701,
      "release_pos_x": 1.6178577019617126,
      "extension": 6.504947393799008,
      "pitches": 169,
      "whiffs": 22,
      "swings": 84,
      "spin_rate": 1642,
      "swing_miss_percent": 26.2,
      "arm_angle": 37.9,
      "barrels_per_pa_percent": 6.122448979591836,
      "hardhit_percent": 30.23255813953488,
      "whiffs_per_pitch": 0.1301775147928994,
      "active_spin_percent": 96.5
    },
    {
      "code": "FF",
      "title": "four-seam fastball",
      "color": "#D22D49",
      "count": 130,
      "pitch_percent": 0.11226252158894647,
      "rhh_percent": 0.1674347158218126,
      "lhh_percent": 0.04142011834319527,
      "start_speed": 92.00615384615382,
      "max_start_speed": 93.8,
      "ivb": 16.443076923076912,
      "hb": 6.061538461538463,
      "release_pos_z": 5.911479914954448,
      "release_pos_x": 1.4219264930598778,
      "extension": 6.502303853632282,
      "pitches": 131,
      "whiffs": 15,
      "swings": 62,
      "spin_rate": 2257,
      "swing_miss_percent": 24.2,
      "arm_angle": 43.3,
      "barrels_per_pa_percent": 15.151515151515152,
      "hardhit_percent": 64.70588235294117,
      "whiffs_per_pitch": 0.11450381679389313,
      "active_spin_percent": 85.8
    },
    {
      "code": "CU",
      "title": "curveball",
      "color": "#00D2ED",
      "count": 41,
      "pitch_percent": 0.03540587219343696,
      "rhh_percent": 0.0629800307219662,
      "lhh_percent": 0,
      "start_speed": 80.42926829268292,
      "max_start_speed": 82.4,
      "ivb": -14.960975609756094,
      "hb": -9.912195121951218,
      "release_pos_z": 6.073949926782275,
      "release_pos_x": 1.2854320586670507,
      "extension": 6.539884872668259,
      "pitches": 41,
      "whiffs": 6,
      "swings": 15,
      "spin_rate": 2806,
      "swing_miss_percent": 40,
      "arm_angle": 47.9,
      "barrels_per_pa_percent": 0,
      "hardhit_percent": 0,
      "whiffs_per_pitch": 0.14634146341463414,
      "active_spin_percent": 82.9
    }
  ]
}