{
  "pitcher_id": "664299",
  "pitcher_name": "Cristian Javier",
  "pitches": [
    {
      "code": "FF",
      "title": "four-seam fastball",
      "color": "#D22D49",
      "count": 245,
      "pitch_percent": 0.39708265802269044,
      "rhh_percent": 0.43109540636042404,
      "lhh_percent": 0.36826347305389223,
      "start_speed": 92.8885714285714,
      "max_start_speed": 95.6,
      "ivb": 18.486122448979593,
      "hb": 4.7910204081632655,
      "release_pos_z": 5.7103788644922275,
      "release_pos_x": 1.6696701496513386,
      "extension": 6.020975965362485,
      "pitches": 245,
      "whiffs": 25,
      "swings": 124,
      "spin_rate": 2354,
      "swing_miss_percent": 20.2,
      "arm_angle": 34.7,
      "barrels_per_pa_percent": 3.1746031746031744,
      "hardhit_percent": 32.55813953488372,
      "whiffs_per_pitch": 0.10204081632653061,
      "active_spin_percent": 89.7
    },
    {
      "code": "ST",
      "title": "sweeper",
      "color": "#DDB43A",
      "count": 123,
      "pitch_percent": 0.1993517017828201,
      "rhh_percent": 0.2968197879858657,
      "lhh_percent": 0.11676646706586827,
      "start_speed": 78.80650406504067,
      "max_start_speed": 81.5,
      "ivb": -0.4414634146341462,
      "hb": -16.3520325203252,
      "release_pos_z": 5.716087349687024,
      "release_pos_x": 1.7545825847662335,
      "extension": 5.896059556373379,
      "pitches": 123,
      "whiffs": 12,
      "swings": 45,
      "spin_rate": 2702,
      "swing_miss_percent": 26.7,
      "arm_angle": 34.7,
      "barrels_per_pa_percent": 0,
      "hardhit_percent": 38.88888888888889,
      "whiffs_per_pitch": 0.0975609756097561,
      "active_spin_percent": 50.3
    },
    {
      "code": "CH",
      "title": "changeup",
      "color": "#1DBF3A",
      "count": 116,
      "pitch_percent": 0.1880064829821718,
      "rhh_percent": 0.0353356890459364,
      "lhh_percent": 0.31736526946107785,
      "start_speed": 84.15172413793104,
      "max_start_speed": 88.6,
      "ivb": 6.8646551724137925,
      "hb": 12.363793103448266,
      "release_pos_z": 5.7129815155749,
      "release_pos_x": 1.774276903106496,
      "extension": 6.0999604714347155,
      "pitches": 116,
      "whiffs": 24,
      "swings": 69,
      "spin_rate": 2276,
      "swing_miss_percent": 34.8,
      "arm_angle": 34.9,
      "barrels_per_pa_percent": 5.263157894736842,
      "hardhit_percent": 40,
      "whiffs_per_pitch": 0.20689655172413793,
      "active_spin_percent": 78
    },
    {
      "code": "KC",
      "title": "knuckle curve",
      "color": "#6236CD",
      "count": 74,
      "pitch_percent": 0.11993517017828201,
      "rhh_percent": 0.053003533568904596,
      "lhh_percent": 0.17664670658682635,
      "start_speed": 76.37837837837834,
      "max_start_speed": 79.3,
      "ivb": -11.608108108108109,
      "hb": -11.652702702702706,
      "release_pos_z": 5.820200880689728,
      "release_pos_x": 1.6788013131351627,
      "extension": 5.827558459792861,
      "pitches": 74,
      "whiffs": 2,
      "swings": 19,
      "spin_rate": 3016,
      "swing_miss_percent": 10.5,
      "arm_angle": 38.1,
      "barrels_per_pa_percent": 15.384615384615385,
      "hardhit_percent": 40,
      "whiffs_per_pitch": 0.02702702702702703,
      "active_spin_percent": null
    },
    {
      "code": "SI",
      "title": "sinker",
      "color": "#FE9E00",
      "count": 59,
      "pitch_percent": 0.09562398703403566,
      "rhh_percent": 0.18374558303886926,
      "lhh_percent": 0.020958083832335328,
      "start_speed": 92.6118644067797,
      "max_start_speed": 95.2,
      "ivb": 12.86779661016949,
      "hb": 14.571186440677964,
      "release_pos_z": 5.616484239710631,
      "release_pos_x": 1.7131682824781405,
      "extension": 6.025638191778026,
      "pitches": 59,
      "whiffs": 4,
      "swings": 22,
      "spin_rate": 2232,
      "swing_miss_percent": 18.2,
      "arm_angle": 32.6,
      "barrels_per_pa_percent": 7.6923076923076925,
      "hardhit_percent": 54.54545454545454,
      "whiffs_per_pitch": 0.06779661016949153,
      "active_spin_percent": 93.1
    }
  ]
}