{
  "pitcher_id": "665152",
  "pitcher_name": "Dean Kremer",
  "pitches": [
    {
      "code": "FF",
      "title": "four-seam fastball",
      "color": "#D22D49",
      "count": 725,
      "pitch_percent": 0.26921648718900854,
      "rhh_percent": 0.2,
      "lhh_percent": 0.324018629407851,
      "start_speed": 93.28827586206887,
      "max_start_speed": 95.9,
      "ivb": 18.074068965517238,
      "hb": 7.570068965517246,
      "release_pos_z": 6.201463087617943,
      "release_pos_x": 2.20180861387294,
      "extension": 6.102397931578717,
      "pitches": 712,
      "whiffs": 55,
      "swings": 344,
      "spin_rate": 2281,
      "swing_miss_percent": 16,
      "arm_angle": 42.5,
      "barrels_per_pa_percent": 8.074534161490684,
      "hardhit_percent": 51.63934426229508,
      "whiffs_per_pitch": 0.07724719101123595,
      "active_spin_percent": 97.9
    },
    {
      "code": "FS",
      "title": "splitter",
      "color": "#3BACAC",
      "count": 566,
      "pitch_percent": 0.21017452655031563,
      "rhh_percent": 0.10672268907563025,
      "lhh_percent": 0.29208250166334,
      "start_speed": 81.86289752650181,
      "max_start_speed": 86.1,
      "ivb": 9.7439929328622,
      "hb": 10.630388692579503,
      "release_pos_z": 6.331440012771232,
      "release_pos_x": 2.052283386740294,
      "extension": 6.115283584623827,
      "pitches": 567,
      "whiffs": 122,
      "swings": 311,
      "spin_rate": 1131,
      "swing_miss_percent": 39.2,
      "arm_angle": 46.9,
      "barrels_per_pa_percent": 3.75,
      "hardhit_percent": 24.03846153846154,
      "whiffs_per_pitch": 0.21516754850088182,
      "active_spin_percent": 96.3
    },
    {
      "code": "FC",
      "title": "cutter",
      "color": "#933F2C",
      "count": 543,
      "pitch_percent": 0.20163386557742294,
      "rhh_percent": 0.3596638655462185,
      "lhh_percent": 0.07651363938789088,
      "start_speed": 86.8863720073664,
      "max_start_speed": 90.6,
      "ivb": 5.858747697974214,
      "hb": -4.8316758747697985,
      "release_pos_z": 6.331397121095112,
      "release_pos_x": 2.0918679737654444,
      "extension": 5.986054116109287,
      "pitches": 542,
      "whiffs": 64,
      "swings": 263,
      "spin_rate": 2401,
      "swing_miss_percent": 24.3,
      "arm_angle": 46.9,
      "barrels_per_pa_percent": 6.8493150684931505,
      "hardhit_percent": 30.8411214953271,
      "whiffs_per_pitch": 0.11808118081180811,
      "active_spin_percent": 45.5
    },
    {
      "code": "SI",
      "title": "sinker",
      "color": "#FE9E00",
      "count": 512,
      "pitch_percent": 0.19012253991830672,
      "rhh_percent": 0.280672268907563,
      "lhh_percent": 0.11842980705256155,
      "start_speed": 92.85332031250009,
      "max_start_speed": 95.6,
      "ivb": 12.301953125000006,
      "hb": 14.880078125,
      "release_pos_z": 5.89994620082133,
      "release_pos_x": 2.502373293873487,
      "extension": 6.161070895132063,
      "pitches": 522,
      "whiffs": 25,
      "swings": 244,
      "spin_rate": 2155,
      "swing_miss_percent": 10.2,
      "arm_angle": 34,
      "barrels_per_pa_percent": 5.109489051094891,
      "hardhit_percent": 37.37373737373738,
      "whiffs_per_pitch": 0.04789272030651341,
      "active_spin_percent": 92.1
    },
    {
      "code": "CU",
      "title": "curveball",
      "color": "#00D2ED",
      "count": 344,
      "pitch_percent": 0.12773858150761233,
      "rhh_percent": 0.05042016806722689,
      "lhh_percent": 0.18895542248835662,
      "start_speed": 78.3058139534884,
      "max_start_speed": 82.2,
      "ivb": -11.470639534883723,
      "hb": -6.134883720930231,
      "release_pos_z": 6.318026014872704,
      "release_pos_x": 2.097535299595878,
      "extension": 5.978005618823293,
      "pitches": 344,
      "whiffs": 37,
      "swings": 157,
      "spin_rate": 2772,
      "swing_miss_percent": 23.6,
      "arm_angle": 47.3,
      "barrels_per_pa_percent": 9.30232558139535,
      "hardhit_percent": 33.33333333333333,
      "whiffs_per_pitch": 0.10755813953488372,
      "active_spin_percent": 63.5
    },
    {
      "code": "SL",
      "title": "slider",
      "color": "#EEE716",
      "count": 3,
      "pitch_percent": 0.0011139992573338284,
      "rhh_percent": 0.0025210084033613447,
      "lhh_percent": 0,
      "start_speed": 83.86666666666667,
      "max_start_speed": 84.7,
      "ivb": 1,
      "hb": -2.3666666666666667,
      "release_pos_z": 6.111835423611139,
      "release_pos_x": 1.832570977100256,
      "extension": 5.983615580486482,
      "pitches": 3,
      "whiffs": 0,
      "swings": 1,
      "spin_rate": 2471,
      "swing_miss_percent": 0,
      "arm_angle": 48.9,
      "barrels_per_pa_percent": 0,
      "hardhit_percent": 0,
      "whiffs_per_pitch": 0,
      "active_spin_percent": null
    }
  ]
}