{
  "pitcher_id": "665625",
  "pitcher_name": "Elvis Peguero",
  "pitches": [
    {
      "code": "SI",
      "title": "sinker",
      "color": "#FE9E00",
      "count": 94,
      "pitch_percent": 0.5026737967914439,
      "rhh_percent": 0.4406779661016949,
      "lhh_percent": 0.6086956521739131,
      "start_speed": 95.17872340425531,
      "max_start_speed": 96.7,
      "ivb": 3.356382978723405,
      "hb": 16.392553191489366,
      "release_pos_z": 5.426462226382251,
      "release_pos_x": 2.8150005498718724,
      "extension": 7.138636286164788,
      "pitches": 94,
      "whiffs": 6,
      "swings": 39,
      "spin_rate": 1888,
      "swing_miss_percent": 15.4,
      "arm_angle": 20.7,
      "barrels_per_pa_percent": 3.571428571428571,
      "hardhit_percent": 31.57894736842105,
      "whiffs_per_pitch": 0.06382978723404255,
      "active_spin_percent": 91.9
    },
    {
      "code": "SL",
      "title": "slider",
      "color": "#EEE716",
      "count": 93,
      "pitch_percent": 0.49732620320855614,
      "rhh_percent": 0.559322033898305,
      "lhh_percent": 0.391304347826087,
      "start_speed": 88.10430107526882,
      "max_start_speed": 91,
      "ivb": -2.8053763440860204,
      "hb": -3.870967741935484,
      "release_pos_z": 5.4242296900663804,
      "release_pos_x": 2.96153252664837,
      "extension": 7.004542838998637,
      "pitches": 93,
      "whiffs": 22,
      "swings": 49,
      "spin_rate": 2618,
      "swing_miss_percent": 44.9,
      "arm_angle": 21.7,
      "barrels_per_pa_percent": 5.263157894736842,
      "hardhit_percent": 23.076923076923077,
      "whiffs_per_pitch": 0.23655913978494625,
      "active_spin_percent": 27.1
    }
  ]
}