{
  "pitcher_id": "665871",
  "pitcher_name": "Javier Assad",
  "pitches": [
    {
      "code": "SI",
      "title": "sinker",
      "color": "#FE9E00",
      "count": 226,
      "pitch_percent": 0.3985890652557319,
      "rhh_percent": 0.5031446540880503,
      "lhh_percent": 0.26506024096385544,
      "start_speed": 92.16858407079646,
      "max_start_speed": 94.6,
      "ivb": 10.73539823008849,
      "hb": 13.597345132743365,
      "release_pos_z": 6.008378659832492,
      "release_pos_x": 1.563298468929043,
      "extension": 6.539388919409258,
      "pitches": 231,
      "whiffs": 18,
      "swings": 102,
      "spin_rate": 1904,
      "swing_miss_percent": 17.6,
      "arm_angle": 52.7,
      "barrels_per_pa_percent": 0,
      "hardhit_percent": 36.17021276595745,
      "whiffs_per_pitch": 0.07792207792207792,
      "active_spin_percent": 88.3
    },
    {
      "code": "FC",
      "title": "cutter",
      "color": "#933F2C",
      "count": 121,
      "pitch_percent": 0.21340388007054673,
      "rhh_percent": 0.16981132075471697,
      "lhh_percent": 0.26907630522088355,
      "start_speed": 88.9115702479339,
      "max_start_speed": 91.5,
      "ivb": 8.830578512396698,
      "hb": -2.949586776859503,
      "release_pos_z": 5.915668192738431,
      "release_pos_x": 1.7774721808151805,
      "extension": 6.49212832645614,
      "pitches": 124,
      "whiffs": 10,
      "swings": 67,
      "spin_rate": 2062,
      "swing_miss_percent": 14.9,
      "arm_angle": 49.5,
      "barrels_per_pa_percent": 3.571428571428571,
      "hardhit_percent": 48,
      "whiffs_per_pitch": 0.08064516129032258,
      "active_spin_percent": 59.7
    },
    {
      "code": "FF",
      "title": "four-seam fastball",
      "color": "#D22D49",
      "count": 80,
      "pitch_percent": 0.14109347442680775,
      "rhh_percent": 0.059748427672955975,
      "lhh_percent": 0.24497991967871485,
      "start_speed": 92.2025,
      "max_start_speed": 95.1,
      "ivb": 16.133749999999996,
      "hb": 4.91625,
      "release_pos_z": 5.970247333740973,
      "release_pos_x": 1.7355487466981578,
      "extension": 6.494755725299603,
      "pitches": 71,
      "whiffs": 5,
      "swings": 34,
      "spin_rate": 2065,
      "swing_miss_percent": 14.7,
      "arm_angle": 49.7,
      "barrels_per_pa_percent": 5.555555555555555,
      "hardhit_percent": 54.54545454545454,
      "whiffs_per_pitch": 0.07042253521126761,
      "active_spin_percent": 90.1
    },
    {
      "code": "ST",
      "title": "sweeper",
      "color": "#DDB43A",
      "count": 73,
      "pitch_percent": 0.12874779541446207,
      "rhh_percent": 0.22955974842767296,
      "lhh_percent": 0,
      "start_speed": 80.89726027397263,
      "max_start_speed": 83.8,
      "ivb": 2.157534246575342,
      "hb": -13.246575342465759,
      "release_pos_z": 5.893559887816009,
      "release_pos_x": 1.705195659239386,
      "extension": 6.50348848896883,
      "pitches": 73,
      "whiffs": 6,
      "swings": 27,
      "spin_rate": 2357,
      "swing_miss_percent": 22.2,
      "arm_angle": 51.2,
      "barrels_per_pa_percent": 0,
      "hardhit_percent": 25,
      "whiffs_per_pitch": 0.0821917808219178,
      "active_spin_percent": 52.5
    },
    {
      "code": "CU",
      "title": "curveball",
      "color": "#00D2ED",
      "count": 36,
      "pitch_percent": 0.06349206349206349,
      "rhh_percent": 0.012578616352201259,
      "lhh_percent": 0.1285140562248996,
      "start_speed": 76.94722222222222,
      "max_start_speed": 80.2,
      "ivb": -7.272222222222221,
      "hb": -10.752777777777776,
      "release_pos_z": 6.077882082953298,
      "release_pos_x": 1.4975673035794221,
      "extension": 6.413922111351969,
      "pitches": 36,
      "whiffs": 1,
      "swings": 15,
      "spin_rate": 2389,
      "swing_miss_percent": 6.7,
      "arm_angle": 58.1,
      "barrels_per_pa_percent": 11.11111111111111,
      "hardhit_percent": 57.14285714285714,
      "whiffs_per_pitch": 0.027777777777777776,
      "active_spin_percent": 69.4
    },
    {
      "code": "CH",
      "title": "changeup",
      "color": "#1DBF3A",
      "count": 24,
      "pitch_percent": 0.042328042328042326,
      "rhh_percent": 0.0031446540880503146,
      "lhh_percent": 0.09236947791164658,
      "start_speed": 85.24583333333332,
      "max_start_speed": 88.3,
      "ivb": 3.2125000000000004,
      "hb": 13.616666666666669,
      "release_pos_z": 5.951981165229975,
      "release_pos_x": 1.6157644777858644,
      "extension": 6.491603113148713,
      "pitches": 24,
      "whiffs": 3,
      "swings": 11,
      "spin_rate": 1542,
      "swing_miss_percent": 27.3,
      "arm_angle": 51.9,
      "barrels_per_pa_percent": 0,
      "hardhit_percent": 25,
      "whiffs_per_pitch": 0.125,
      "active_spin_percent": 82.6
    },
    {
      "code": "SL",
      "title": "slider",
      "color": "#EEE716",
      "count": 7,
      "pitch_percent": 0.012345679012345678,
      "rhh_percent": 0.0220125786163522,
      "lhh_percent": 0,
      "start_speed": 83.27142857142857,
      "max_start_speed": 85.1,
      "ivb": 1.7714285714285716,
      "hb": -6.071428571428571,
      "release_pos_z": 5.94947013674701,
      "release_pos_x": 1.549639019379937,
      "extension": 6.451221742115921,
      "pitches": 8,
      "whiffs": 0,
      "swings": 5,
      "spin_rate": 2257,
      "swing_miss_percent": 0,
      "arm_angle": 53.7,
      "barrels_per_pa_percent": 25,
      "hardhit_percent": 50,
      "whiffs_per_pitch": 0,
      "active_spin_percent": null
    }
  ]
}