{
  "pitcher_id": "666171",
  "pitcher_name": "Ryan Zeferjahn",
  "pitches": [
    {
      "code": "FF",
      "title": "four-seam fastball",
      "color": "#D22D49",
      "count": 324,
      "pitch_percent": 0.31640625,
      "rhh_percent": 0.293015332197615,
      "lhh_percent": 0.34782608695652173,
      "start_speed": 97.36697530864204,
      "max_start_speed": 100.2,
      "ivb": 15.825617283950601,
      "hb": 4.676851851851855,
      "release_pos_z": 5.804977413093422,
      "release_pos_x": 1.8433637841433024,
      "extension": 6.602513104815168,
      "pitches": 321,
      "whiffs": 35,
      "swings": 148,
      "spin_rate": 2213,
      "swing_miss_percent": 23.6,
      "arm_angle": 36.1,
      "barrels_per_pa_percent": 6.976744186046512,
      "hardhit_percent": 35.41666666666667,
      "whiffs_per_pitch": 0.10903426791277258,
      "active_spin_percent": 86.6
    },
    {
      "code": "ST",
      "title": "sweeper",
      "color": "#DDB43A",
      "count": 276,
      "pitch_percent": 0.26953125,
      "rhh_percent": 0.28620102214650767,
      "lhh_percent": 0.2471395881006865,
      "start_speed": 83.88949275362326,
      "max_start_speed": 88,
      "ivb": 3.140217391304348,
      "hb": -15.256159420289848,
      "release_pos_z": 5.826302692866487,
      "release_pos_x": 2.1515308065171643,
      "extension": 6.45483350929797,
      "pitches": 276,
      "whiffs": 45,
      "swings": 113,
      "spin_rate": 2688,
      "swing_miss_percent": 39.8,
      "arm_angle": 36.4,
      "barrels_per_pa_percent": 3.0303030303030303,
      "hardhit_percent": 28.125,
      "whiffs_per_pitch": 0.16304347826086957,
      "active_spin_percent": 55.4
    },
    {
      "code": "FC",
      "title": "cutter",
      "color": "#933F2C",
      "count": 225,
      "pitch_percent": 0.2197265625,
      "rhh_percent": 0.2010221465076661,
      "lhh_percent": 0.2448512585812357,
      "start_speed": 91.00888888888892,
      "max_start_speed": 95.8,
      "ivb": 4.9742222222222185,
      "hb": -4.3684444444444415,
      "release_pos_z": 5.9872656968518525,
      "release_pos_x": 1.945479239407495,
      "extension": 6.395514762232715,
      "pitches": 224,
      "whiffs": 30,
      "swings": 105,
      "spin_rate": 2395,
      "swing_miss_percent": 28.6,
      "arm_angle": 38.4,
      "barrels_per_pa_percent": 10.869565217391305,
      "hardhit_percent": 44.11764705882353,
      "whiffs_per_pitch": 0.13392857142857142,
      "active_spin_percent": 40.3
    },
    {
      "code": "SL",
      "title": "slider",
      "color": "#EEE716",
      "count": 168,
      "pitch_percent": 0.1640625,
      "rhh_percent": 0.18739352640545145,
      "lhh_percent": 0.13272311212814644,
      "start_speed": 88.0946428571428,
      "max_start_speed": 91.2,
      "ivb": -0.8369047619047617,
      "hb": -6.372023809523809,
      "release_pos_z": 6.020999922258061,
      "release_pos_x": 1.9172138907463288,
      "extension": 6.469304787687226,
      "pitches": 173,
      "whiffs": 23,
      "swings": 80,
      "spin_rate": 2497,
      "swing_miss_percent": 28.7,
      "arm_angle": 40.1,
      "barrels_per_pa_percent": 4.878048780487805,
      "hardhit_percent": 45.45454545454545,
      "whiffs_per_pitch": 0.1329479768786127,
      "active_spin_percent": 36.9
    },
    {
      "code": "SV",
      "title": "slurve",
      "color": "#93AFD4",
      "count": 25,
      "pitch_percent": 0.0244140625,
      "rhh_percent": 0.02385008517887564,
      "lhh_percent": 0.02517162471395881,
      "start_speed": 83.948,
      "max_start_speed": 87.1,
      "ivb": -8.052000000000001,
      "hb": -11.075999999999999,
      "release_pos_z": 6.02145478982103,
      "release_pos_x": 1.6484284141206809,
      "extension": 6.499795516512018,
      "pitches": 25,
      "whiffs": 8,
      "swings": 14,
      "spin_rate": 2730,
      "swing_miss_percent": 57.1,
      "arm_angle": 43.2,
      "barrels_per_pa_percent": 0,
      "hardhit_percent": 66.66666666666666,
      "whiffs_per_pitch": 0.32,
      "active_spin_percent": 59.4
    },
    {
      "code": "SI",
      "title": "sinker",
      "color": "#FE9E00",
      "count": 6,
      "pitch_percent": 0.005859375,
      "rhh_percent": 0.008517887563884156,
      "lhh_percent": 0.002288329519450801,
      "start_speed": 96.60000000000001,
      "max_start_speed": 97.9,
      "ivb": 8.55,
      "hb": 14.233333333333334,
      "release_pos_z": 5.71451699091362,
      "release_pos_x": 1.9085484191529083,
      "extension": 6.48564829545646,
      "pitches": 6,
      "whiffs": 0,
      "swings": 2,
      "spin_rate": 1878,
      "swing_miss_percent": 0,
      "arm_angle": 33.5,
      "barrels_per_pa_percent": 0,
      "hardhit_percent": 50,
      "whiffs_per_pitch": 0,
      "active_spin_percent": null
    }
  ]
}