{
  "pitcher_id": "666200",
  "pitcher_name": "Jesús Luzardo",
  "pitches": [
    {
      "code": "FF",
      "title": "four-seam fastball",
      "color": "#D22D49",
      "count": 1027,
      "pitch_percent": 0.34085628941254564,
      "rhh_percent": 0.37743850720949956,
      "lhh_percent": 0.20916030534351146,
      "start_speed": 96.48928919182077,
      "max_start_speed": 99.3,
      "ivb": 14.028237585199602,
      "hb": 12.08111002921128,
      "release_pos_z": 5.920061891850169,
      "release_pos_x": 2.2747521350539475,
      "extension": 5.843509100062068,
      "pitches": 999,
      "whiffs": 95,
      "swings": 476,
      "spin_rate": 2239,
      "swing_miss_percent": 20,
      "arm_angle": 34.4,
      "barrels_per_pa_percent": 5.857740585774058,
      "hardhit_percent": 46.540880503144656,
      "whiffs_per_pitch": 0.09509509509509509,
      "active_spin_percent": 95
    },
    {
      "code": "ST",
      "title": "sweeper",
      "color": "#DDB43A",
      "count": 933,
      "pitch_percent": 0.309658148025224,
      "rhh_percent": 0.2510602205258694,
      "lhh_percent": 0.5206106870229008,
      "start_speed": 86.09721329046093,
      "max_start_speed": 90.2,
      "ivb": -0.15980707395498406,
      "hb": -8.954769560557335,
      "release_pos_z": 5.699176347033568,
      "release_pos_x": 2.4659151329096702,
      "extension": 5.727165794617774,
      "pitches": 932,
      "whiffs": 171,
      "swings": 390,
      "spin_rate": 2283,
      "swing_miss_percent": 43.8,
      "arm_angle": 30.3,
      "barrels_per_pa_percent": 1.9230769230769231,
      "hardhit_percent": 27,
      "whiffs_per_pitch": 0.1834763948497854,
      "active_spin_percent": 37.5
    },
    {
      "code": "CH",
      "title": "changeup",
      "color": "#1DBF3A",
      "count": 521,
      "pitch_percent": 0.17291735811483572,
      "rhh_percent": 0.21416454622561493,
      "lhh_percent": 0.024427480916030534,
      "start_speed": 87.87543186180416,
      "max_start_speed": 91.6,
      "ivb": 7.210556621880992,
      "hb": 16.483109404990405,
      "release_pos_z": 5.766330517865884,
      "release_pos_x": 2.440221803282361,
      "extension": 5.801722994572371,
      "pitches": 521,
      "whiffs": 105,
      "swings": 290,
      "spin_rate": 1929,
      "swing_miss_percent": 36.2,
      "arm_angle": 32,
      "barrels_per_pa_percent": 3.225806451612903,
      "hardhit_percent": 27.27272727272727,
      "whiffs_per_pitch": 0.20153550863723607,
      "active_spin_percent": 99.5
    },
    {
      "code": "SI",
      "title": "sinker",
      "color": "#FE9E00",
      "count": 301,
      "pitch_percent": 0.09990043146365749,
      "rhh_percent": 0.06615776081424936,
      "lhh_percent": 0.22137404580152673,
      "start_speed": 95.79867109634556,
      "max_start_speed": 99.6,
      "ivb": 8.082392026578077,
      "hb": 17.136212624584708,
      "release_pos_z": 5.872534394766339,
      "release_pos_x": 2.3488517365968127,
      "extension": 5.851946787806728,
      "pitches": 324,
      "whiffs": 29,
      "swings": 158,
      "spin_rate": 2231,
      "swing_miss_percent": 18.4,
      "arm_angle": 33.7,
      "barrels_per_pa_percent": 7.228915662650602,
      "hardhit_percent": 50,
      "whiffs_per_pitch": 0.08950617283950617,
      "active_spin_percent": 95
    },
    {
      "code": "SL",
      "title": "slider",
      "color": "#EEE716",
      "count": 231,
      "pitch_percent": 0.07666777298373714,
      "rhh_percent": 0.09117896522476675,
      "lhh_percent": 0.024427480916030534,
      "start_speed": 86.52251082251082,
      "max_start_speed": 89.5,
      "ivb": 0.6562770562770561,
      "hb": -0.12337662337662338,
      "release_pos_z": 5.846753237004107,
      "release_pos_x": 2.3458661904651397,
      "extension": 5.766489057666137,
      "pitches": 232,
      "whiffs": 44,
      "swings": 121,
      "spin_rate": 2383,
      "swing_miss_percent": 36.4,
      "arm_angle": 32.9,
      "barrels_per_pa_percent": 4.411764705882353,
      "hardhit_percent": 35.483870967741936,
      "whiffs_per_pitch": 0.1896551724137931,
      "active_spin_percent": 19.5
    }
  ]
}