{
  "pitcher_id": "666619",
  "pitcher_name": "Gregory Santos",
  "pitches": [
    {
      "code": "SL",
      "title": "slider",
      "color": "#EEE716",
      "count": 81,
      "pitch_percent": 0.6136363636363636,
      "rhh_percent": 0.632183908045977,
      "lhh_percent": 0.5777777777777777,
      "start_speed": 88.48271604938272,
      "max_start_speed": 93.1,
      "ivb": 1.8641975308641971,
      "hb": -6.602469135802472,
      "release_pos_z": 5.910394750027215,
      "release_pos_x": 1.3955213191879285,
      "extension": 6.463084671168124,
      "pitches": 80,
      "whiffs": 5,
      "swings": 39,
      "spin_rate": 2508,
      "swing_miss_percent": 12.8,
      "arm_angle": 36.3,
      "barrels_per_pa_percent": 4.545454545454546,
      "hardhit_percent": 36.84210526315789,
      "whiffs_per_pitch": 0.0625,
      "active_spin_percent": 40.4
    },
    {
      "code": "SI",
      "title": "sinker",
      "color": "#FE9E00",
      "count": 49,
      "pitch_percent": 0.3712121212121212,
      "rhh_percent": 0.3448275862068966,
      "lhh_percent": 0.4222222222222222,
      "start_speed": 97.38571428571431,
      "max_start_speed": 99.9,
      "ivb": 8.908163265306122,
      "hb": 8.779591836734694,
      "release_pos_z": 6.02960341125632,
      "release_pos_x": 1.2046696245065196,
      "extension": 6.487248672597975,
      "pitches": 49,
      "whiffs": 1,
      "swings": 16,
      "spin_rate": 2386,
      "swing_miss_percent": 6.3,
      "arm_angle": 37.2,
      "barrels_per_pa_percent": 9.090909090909092,
      "hardhit_percent": 50,
      "whiffs_per_pitch": 0.02040816326530612,
      "active_spin_percent": 57.2
    },
    {
      "code": "CH",
      "title": "changeup",
      "color": "#1DBF3A",
      "count": 2,
      "pitch_percent": 0.015151515151515152,
      "rhh_percent": 0.022988505747126436,
      "lhh_percent": 0,
      "start_speed": 93.75,
      "max_start_speed": 94.6,
      "ivb": 9.2,
      "hb": 10.55,
      "release_pos_z": 5.764877782614027,
      "release_pos_x": 1.929135506735349,
      "extension": 6.115345017743024,
      "pitches": 2,
      "whiffs": 0,
      "swings": 0,
      "spin_rate": 2412,
      "swing_miss_percent": null,
      "arm_angle": 24.3,
      "barrels_per_pa_percent": null,
      "hardhit_percent": null,
      "whiffs_per_pitch": 0,
      "active_spin_percent": null
    }
  ]
}