{
  "pitcher_id": "668941",
  "pitcher_name": "JoJo Romero",
  "pitches": [
    {
      "code": "SL",
      "title": "slider",
      "color": "#EEE716",
      "count": 376,
      "pitch_percent": 0.3797979797979798,
      "rhh_percent": 0.23509369676320271,
      "lhh_percent": 0.5905707196029777,
      "start_speed": 82.99069148936177,
      "max_start_speed": 86.5,
      "ivb": -0.8430851063829792,
      "hb": -13.076595744680839,
      "release_pos_z": 5.3767653990683355,
      "release_pos_x": 2.0258063394970387,
      "extension": 5.308222145164984,
      "pitches": 375,
      "whiffs": 55,
      "swings": 160,
      "spin_rate": 2816,
      "swing_miss_percent": 34.4,
      "arm_angle": 31,
      "barrels_per_pa_percent": 2.857142857142857,
      "hardhit_percent": 27.86885245901639,
      "whiffs_per_pitch": 0.14666666666666667,
      "active_spin_percent": 41.4
    },
    {
      "code": "SI",
      "title": "sinker",
      "color": "#FE9E00",
      "count": 319,
      "pitch_percent": 0.32222222222222224,
      "rhh_percent": 0.2879045996592845,
      "lhh_percent": 0.37220843672456577,
      "start_speed": 93.68338557993732,
      "max_start_speed": 96.5,
      "ivb": 2.699999999999998,
      "hb": 17.48275862068966,
      "release_pos_z": 5.34628423656038,
      "release_pos_x": 1.9692701212613428,
      "extension": 5.388943088045817,
      "pitches": 317,
      "whiffs": 17,
      "swings": 124,
      "spin_rate": 2174,
      "swing_miss_percent": 13.7,
      "arm_angle": 28.7,
      "barrels_per_pa_percent": 9.45945945945946,
      "hardhit_percent": 49.152542372881356,
      "whiffs_per_pitch": 0.05362776025236593,
      "active_spin_percent": 83.5
    },
    {
      "code": "CH",
      "title": "changeup",
      "color": "#1DBF3A",
      "count": 223,
      "pitch_percent": 0.22525252525252526,
      "rhh_percent": 0.3798977853492334,
      "lhh_percent": 0,
      "start_speed": 87.26143497757853,
      "max_start_speed": 90.3,
      "ivb": 0.37892376681614354,
      "hb": 14.12511210762331,
      "release_pos_z": 5.435530069479091,
      "release_pos_x": 1.8861167952554723,
      "extension": 5.393477543972988,
      "pitches": 223,
      "whiffs": 31,
      "swings": 100,
      "spin_rate": 1387,
      "swing_miss_percent": 31,
      "arm_angle": 32.1,
      "barrels_per_pa_percent": 1.8518518518518516,
      "hardhit_percent": 30.555555555555557,
      "whiffs_per_pitch": 0.13901345291479822,
      "active_spin_percent": 94.1
    },
    {
      "code": "FF",
      "title": "four-seam fastball",
      "color": "#D22D49",
      "count": 59,
      "pitch_percent": 0.0595959595959596,
      "rhh_percent": 0.07495741056218058,
      "lhh_percent": 0.03722084367245657,
      "start_speed": 94.24745762711865,
      "max_start_speed": 96.5,
      "ivb": 12.855932203389829,
      "hb": 10.596610169491528,
      "release_pos_z": 5.498527576789195,
      "release_pos_x": 1.7457299892753446,
      "extension": 5.393344769247411,
      "pitches": 59,
      "whiffs": 6,
      "swings": 20,
      "spin_rate": 2313,
      "swing_miss_percent": 30,
      "arm_angle": 33.4,
      "barrels_per_pa_percent": 11.11111111111111,
      "hardhit_percent": 33.33333333333333,
      "whiffs_per_pitch": 0.1016949152542373,
      "active_spin_percent": 84
    },
    {
      "code": "SV",
      "title": "slurve",
      "color": "#93AFD4",
      "count": 12,
      "pitch_percent": 0.012121212121212121,
      "rhh_percent": 0.020442930153321975,
      "lhh_percent": 0,
      "start_speed": 82.49166666666666,
      "max_start_speed": 85.3,
      "ivb": -5.916666666666665,
      "hb": -3.9916666666666667,
      "release_pos_z": 5.4487783864140065,
      "release_pos_x": 1.8738296415892863,
      "extension": 5.368579722350307,
      "pitches": 12,
      "whiffs": 2,
      "swings": 4,
      "spin_rate": 2753,
      "swing_miss_percent": 50,
      "arm_angle": 35.4,
      "barrels_per_pa_percent": 0,
      "hardhit_percent": 0,
      "whiffs_per_pitch": 0.16666666666666666,
      "active_spin_percent": 37.5
    },
    {
      "code": "FC",
      "title": "cutter",
      "color": "#933F2C",
      "count": 1,
      "pitch_percent": 0.00101010101010101,
      "rhh_percent": 0.0017035775127768314,
      "lhh_percent": 0,
      "start_speed": 90,
      "max_start_speed": 90,
      "ivb": 4.8,
      "hb": -0.1,
      "release_pos_z": 5.430851827790481,
      "release_pos_x": 2.0388076516143894,
      "extension": 5.21637011723834,
      "pitches": 1,
      "whiffs": 0,
      "swings": 0,
      "spin_rate": 2233,
      "swing_miss_percent": null,
      "arm_angle": 31.8,
      "barrels_per_pa_percent": null,
      "hardhit_percent": null,
      "whiffs_per_pitch": 0,
      "active_spin_percent": null
    }
  ]
}