{
  "pitcher_id": "669022",
  "pitcher_name": "MacKenzie Gore",
  "pitches": [
    {
      "code": "FF",
      "title": "four-seam fastball",
      "color": "#D22D49",
      "count": 1386,
      "pitch_percent": 0.4921875,
      "rhh_percent": 0.5162523900573613,
      "lhh_percent": 0.42265193370165743,
      "start_speed": 95.2568542568543,
      "max_start_speed": 98,
      "ivb": 17.015512265512264,
      "hb": 6.61969696969696,
      "release_pos_z": 5.688121123189499,
      "release_pos_x": 1.985373880678068,
      "extension": 6.868871564998289,
      "pitches": 1387,
      "whiffs": 151,
      "swings": 730,
      "spin_rate": 2260,
      "swing_miss_percent": 20.7,
      "arm_angle": 42.7,
      "barrels_per_pa_percent": 7.792207792207792,
      "hardhit_percent": 47.98206278026906,
      "whiffs_per_pitch": 0.10886806056236481,
      "active_spin_percent": 91.9
    },
    {
      "code": "CU",
      "title": "curveball",
      "color": "#00D2ED",
      "count": 675,
      "pitch_percent": 0.23970170454545456,
      "rhh_percent": 0.27963671128107076,
      "lhh_percent": 0.12430939226519337,
      "start_speed": 81.56385185185181,
      "max_start_speed": 86.1,
      "ivb": -12.98296296296297,
      "hb": -4.639259259259261,
      "release_pos_z": 5.770635376423484,
      "release_pos_x": 1.7159598548054704,
      "extension": 6.831531250295505,
      "pitches": 674,
      "whiffs": 105,
      "swings": 293,
      "spin_rate": 2345,
      "swing_miss_percent": 35.8,
      "arm_angle": 51.2,
      "barrels_per_pa_percent": 6.111111111111111,
      "hardhit_percent": 46.06741573033708,
      "whiffs_per_pitch": 0.15578635014836795,
      "active_spin_percent": 74.8
    },
    {
      "code": "SL",
      "title": "slider",
      "color": "#EEE716",
      "count": 333,
      "pitch_percent": 0.11825284090909091,
      "rhh_percent": 0.0057361376673040155,
      "lhh_percent": 0.44337016574585636,
      "start_speed": 86.67837837837835,
      "max_start_speed": 89.6,
      "ivb": 2.087987987987989,
      "hb": -1.0867867867867875,
      "release_pos_z": 5.600635670217027,
      "release_pos_x": 1.9710210558453494,
      "extension": 6.8412113686222815,
      "pitches": 333,
      "whiffs": 70,
      "swings": 173,
      "spin_rate": 2096,
      "swing_miss_percent": 40.5,
      "arm_angle": 43.7,
      "barrels_per_pa_percent": 4.819277108433735,
      "hardhit_percent": 31.372549019607842,
      "whiffs_per_pitch": 0.21021021021021022,
      "active_spin_percent": 11.9
    },
    {
      "code": "CH",
      "title": "changeup",
      "color": "#1DBF3A",
      "count": 289,
      "pitch_percent": 0.10262784090909091,
      "rhh_percent": 0.1381453154875717,
      "lhh_percent": 0,
      "start_speed": 86.15259515570934,
      "max_start_speed": 88.4,
      "ivb": 8.308304498269898,
      "hb": 14.031487889273349,
      "release_pos_z": 5.567685168546023,
      "release_pos_x": 1.933642353514204,
      "extension": 7.000349158041993,
      "pitches": 287,
      "whiffs": 60,
      "swings": 125,
      "spin_rate": 2093,
      "swing_miss_percent": 48,
      "arm_angle": 42.7,
      "barrels_per_pa_percent": 6.25,
      "hardhit_percent": 29.268292682926827,
      "whiffs_per_pitch": 0.20905923344947736,
      "active_spin_percent": 92.1
    },
    {
      "code": "FC",
      "title": "cutter",
      "color": "#933F2C",
      "count": 133,
      "pitch_percent": 0.04723011363636364,
      "rhh_percent": 0.06022944550669216,
      "lhh_percent": 0.009668508287292817,
      "start_speed": 90.26691729323308,
      "max_start_speed": 92.1,
      "ivb": 8.026315789473687,
      "hb": -0.36015037593984955,
      "release_pos_z": 5.768576832397607,
      "release_pos_x": 1.8365489189920268,
      "extension": 6.843965088007244,
      "pitches": 133,
      "whiffs": 27,
      "swings": 66,
      "spin_rate": 1966,
      "swing_miss_percent": 40.9,
      "arm_angle": 46.6,
      "barrels_per_pa_percent": 5,
      "hardhit_percent": 66.66666666666666,
      "whiffs_per_pitch": 0.20300751879699247,
      "active_spin_percent": 51.1
    }
  ]
}