{
  "pitcher_id": "669020",
  "pitcher_name": "Ryan Rolison",
  "pitches": [
    {
      "code": "FF",
      "title": "four-seam fastball",
      "color": "#D22D49",
      "count": 315,
      "pitch_percent": 0.46597633136094674,
      "rhh_percent": 0.5,
      "lhh_percent": 0.423841059602649,
      "start_speed": 92.85714285714276,
      "max_start_speed": 95.7,
      "ivb": 11.95682539682539,
      "hb": 0.8920634920634919,
      "release_pos_z": 5.914061120590245,
      "release_pos_x": 1.9928119933713218,
      "extension": 6.5470569604326325,
      "pitches": 314,
      "whiffs": 23,
      "swings": 136,
      "spin_rate": 2323,
      "swing_miss_percent": 16.9,
      "arm_angle": 44.8,
      "barrels_per_pa_percent": 7.777777777777778,
      "hardhit_percent": 42.857142857142854,
      "whiffs_per_pitch": 0.0732484076433121,
      "active_spin_percent": 67.4
    },
    {
      "code": "CU",
      "title": "curveball",
      "color": "#00D2ED",
      "count": 226,
      "pitch_percent": 0.3343195266272189,
      "rhh_percent": 0.40106951871657753,
      "lhh_percent": 0.25165562913907286,
      "start_speed": 79.50530973451333,
      "max_start_speed": 81.4,
      "ivb": -11.397345132743373,
      "hb": -7.962389380530975,
      "release_pos_z": 6.026830375493233,
      "release_pos_x": 1.9303067554642992,
      "extension": 6.40795828895227,
      "pitches": 226,
      "whiffs": 23,
      "swings": 112,
      "spin_rate": 2654,
      "swing_miss_percent": 20.5,
      "arm_angle": 50.1,
      "barrels_per_pa_percent": 7.246376811594203,
      "hardhit_percent": 36.53846153846153,
      "whiffs_per_pitch": 0.10176991150442478,
      "active_spin_percent": 76.6
    },
    {
      "code": "SL",
      "title": "slider",
      "color": "#EEE716",
      "count": 112,
      "pitch_percent": 0.16568047337278108,
      "rhh_percent": 0.0374331550802139,
      "lhh_percent": 0.32450331125827814,
      "start_speed": 85.46160714285716,
      "max_start_speed": 88.1,
      "ivb": -2.1330357142857137,
      "hb": -3.9767857142857124,
      "release_pos_z": 5.862476176082238,
      "release_pos_x": 2.16819996333558,
      "extension": 6.409367767688482,
      "pitches": 111,
      "whiffs": 8,
      "swings": 53,
      "spin_rate": 2519,
      "swing_miss_percent": 15.1,
      "arm_angle": 43.6,
      "barrels_per_pa_percent": 7.6923076923076925,
      "hardhit_percent": 41.66666666666667,
      "whiffs_per_pitch": 0.07207207207207207,
      "active_spin_percent": 34.6
    },
    {
      "code": "CH",
      "title": "changeup",
      "color": "#1DBF3A",
      "count": 23,
      "pitch_percent": 0.034023668639053255,
      "rhh_percent": 0.06149732620320856,
      "lhh_percent": 0,
      "start_speed": 87.2913043478261,
      "max_start_speed": 88.9,
      "ivb": 4.578260869565217,
      "hb": 5.804347826086956,
      "release_pos_z": 5.78378390229383,
      "release_pos_x": 2.1893351784068273,
      "extension": 6.309319035708989,
      "pitches": 23,
      "whiffs": 0,
      "swings": 8,
      "spin_rate": 1702,
      "swing_miss_percent": 0,
      "arm_angle": 39.8,
      "barrels_per_pa_percent": 0,
      "hardhit_percent": 16.666666666666664,
      "whiffs_per_pitch": 0,
      "active_spin_percent": 63.3
    }
  ]
}