{
  "pitcher_id": "669387",
  "pitcher_name": "Carmen Mlodzinski",
  "pitches": [
    {
      "code": "FF",
      "title": "four-seam fastball",
      "color": "#D22D49",
      "count": 602,
      "pitch_percent": 0.3655130540376442,
      "rhh_percent": 0.30246189917936694,
      "lhh_percent": 0.4332493702770781,
      "start_speed": 96.08372093023264,
      "max_start_speed": 99.4,
      "ivb": 11.631893687707626,
      "hb": 9.703654485049835,
      "release_pos_z": 5.326479380556074,
      "release_pos_x": 2.4170597359971993,
      "extension": 6.373538468340403,
      "pitches": 592,
      "whiffs": 49,
      "swings": 272,
      "spin_rate": 2144,
      "swing_miss_percent": 18,
      "arm_angle": 32,
      "barrels_per_pa_percent": 4.375,
      "hardhit_percent": 44.44444444444444,
      "whiffs_per_pitch": 0.08277027027027027,
      "active_spin_percent": 91.4
    },
    {
      "code": "FS",
      "title": "splitter",
      "color": "#3BACAC",
      "count": 250,
      "pitch_percent": 0.15179113539769276,
      "rhh_percent": 0.0738569753810082,
      "lhh_percent": 0.23551637279596976,
      "start_speed": 87.60759999999996,
      "max_start_speed": 90,
      "ivb": -0.7052,
      "hb": 10.139599999999996,
      "release_pos_z": 5.338195516361894,
      "release_pos_x": 2.2584293976329763,
      "extension": 6.273056202788094,
      "pitches": 249,
      "whiffs": 59,
      "swings": 136,
      "spin_rate": 1719,
      "swing_miss_percent": 43.4,
      "arm_angle": 31.4,
      "barrels_per_pa_percent": 2.941176470588235,
      "hardhit_percent": 35.294117647058826,
      "whiffs_per_pitch": 0.23694779116465864,
      "active_spin_percent": 65.5
    },
    {
      "code": "SI",
      "title": "sinker",
      "color": "#FE9E00",
      "count": 241,
      "pitch_percent": 0.14632665452337584,
      "rhh_percent": 0.2672919109026964,
      "lhh_percent": 0.0163727959697733,
      "start_speed": 95.78630705394193,
      "max_start_speed": 98.5,
      "ivb": 6.286307053941908,
      "hb": 16.896265560165972,
      "release_pos_z": 5.091270261491393,
      "release_pos_x": 2.4077905543162443,
      "extension": 6.440908318970064,
      "pitches": 249,
      "whiffs": 9,
      "swings": 98,
      "spin_rate": 2102,
      "swing_miss_percent": 9.2,
      "arm_angle": 26.2,
      "barrels_per_pa_percent": 0,
      "hardhit_percent": 44.680851063829785,
      "whiffs_per_pitch": 0.03614457831325301,
      "active_spin_percent": 90.7
    },
    {
      "code": "SL",
      "title": "slider",
      "color": "#EEE716",
      "count": 236,
      "pitch_percent": 0.143290831815422,
      "rhh_percent": 0.1735052754982415,
      "lhh_percent": 0.11083123425692695,
      "start_speed": 88.65169491525424,
      "max_start_speed": 93,
      "ivb": 2.4656779661016937,
      "hb": -2.7118644067796613,
      "release_pos_z": 5.170306972697001,
      "release_pos_x": 2.832336529397352,
      "extension": 6.30222026708097,
      "pitches": 236,
      "whiffs": 26,
      "swings": 126,
      "spin_rate": 2469,
      "swing_miss_percent": 20.6,
      "arm_angle": 28.6,
      "barrels_per_pa_percent": 5.88235294117647,
      "hardhit_percent": 47.27272727272727,
      "whiffs_per_pitch": 0.11016949152542373,
      "active_spin_percent": 18.5
    },
    {
      "code": "ST",
      "title": "sweeper",
      "color": "#DDB43A",
      "count": 170,
      "pitch_percent": 0.10321797207043108,
      "rhh_percent": 0.11137162954279015,
      "lhh_percent": 0.09445843828715365,
      "start_speed": 83.93588235294119,
      "max_start_speed": 86.6,
      "ivb": 4.689411764705884,
      "hb": -8.198823529411769,
      "release_pos_z": 4.941932590120411,
      "release_pos_x": 3.049578675238979,
      "extension": 6.3396212457371695,
      "pitches": 169,
      "whiffs": 16,
      "swings": 70,
      "spin_rate": 2551,
      "swing_miss_percent": 22.9,
      "arm_angle": 23.8,
      "barrels_per_pa_percent": 8.333333333333332,
      "hardhit_percent": 20.689655172413794,
      "whiffs_per_pitch": 0.09467455621301775,
      "active_spin_percent": 29.8
    },
    {
      "code": "CU",
      "title": "curveball",
      "color": "#00D2ED",
      "count": 145,
      "pitch_percent": 0.0880388585306618,
      "rhh_percent": 0.07033997655334115,
      "lhh_percent": 0.1070528967254408,
      "start_speed": 84.78068965517244,
      "max_start_speed": 87,
      "ivb": -10.700689655172416,
      "hb": -7.451034482758624,
      "release_pos_z": 5.569313202681057,
      "release_pos_x": 1.7003222572529395,
      "extension": 6.111387697866879,
      "pitches": 145,
      "whiffs": 18,
      "swings": 61,
      "spin_rate": 2627,
      "swing_miss_percent": 29.5,
      "arm_angle": 39,
      "barrels_per_pa_percent": 7.4074074074074066,
      "hardhit_percent": 36.84210526315789,
      "whiffs_per_pitch": 0.12413793103448276,
      "active_spin_percent": 75.1
    },
    {
      "code": "FC",
      "title": "cutter",
      "color": "#933F2C",
      "count": 3,
      "pitch_percent": 0.0018214936247723133,
      "rhh_percent": 0.0011723329425556857,
      "lhh_percent": 0.0025188916876574307,
      "start_speed": 94.46666666666665,
      "max_start_speed": 95.9,
      "ivb": 9.200000000000001,
      "hb": 4.166666666666667,
      "release_pos_z": 4.923104604452777,
      "release_pos_x": 2.890175166029984,
      "extension": 6.4891254851767775,
      "pitches": 3,
      "whiffs": 0,
      "swings": 1,
      "spin_rate": 2311,
      "swing_miss_percent": 0,
      "arm_angle": 22.6,
      "barrels_per_pa_percent": 0,
      "hardhit_percent": 0,
      "whiffs_per_pitch": 0,
      "active_spin_percent": null
    }
  ]
}