{
  "pitcher_id": "669302",
  "pitcher_name": "Logan Gilbert",
  "pitches": [
    {
      "code": "FF",
      "title": "four-seam fastball",
      "color": "#D22D49",
      "count": 779,
      "pitch_percent": 0.36131725417439703,
      "rhh_percent": 0.3545369504209542,
      "lhh_percent": 0.36798528058877644,
      "start_speed": 95.39306803594344,
      "max_start_speed": 98.5,
      "ivb": 16.538639281129655,
      "hb": 8.444801026957647,
      "release_pos_z": 5.798528437246044,
      "release_pos_x": 0.8775959491686126,
      "extension": 7.593217194548614,
      "pitches": 789,
      "whiffs": 84,
      "swings": 409,
      "spin_rate": 2116,
      "swing_miss_percent": 20.5,
      "arm_angle": 42.2,
      "barrels_per_pa_percent": 5.82010582010582,
      "hardhit_percent": 51.77304964539007,
      "whiffs_per_pitch": 0.10646387832699619,
      "active_spin_percent": 96.9
    },
    {
      "code": "SL",
      "title": "slider",
      "color": "#EEE716",
      "count": 760,
      "pitch_percent": 0.3525046382189239,
      "rhh_percent": 0.3199251637043966,
      "lhh_percent": 0.3845446182152714,
      "start_speed": 87.47342105263164,
      "max_start_speed": 91.1,
      "ivb": 0.7759210526315784,
      "hb": -0.6778947368421048,
      "release_pos_z": 5.765960257373084,
      "release_pos_x": 0.9568095270989785,
      "extension": 7.482383649656102,
      "pitches": 759,
      "whiffs": 126,
      "swings": 364,
      "spin_rate": 1821,
      "swing_miss_percent": 34.6,
      "arm_angle": 41.1,
      "barrels_per_pa_percent": 7.100591715976331,
      "hardhit_percent": 37.28813559322034,
      "whiffs_per_pitch": 0.16600790513833993,
      "active_spin_percent": 16.9
    },
    {
      "code": "FS",
      "title": "splitter",
      "color": "#3BACAC",
      "count": 423,
      "pitch_percent": 0.19619666048237477,
      "rhh_percent": 0.19270346117867165,
      "lhh_percent": 0.19963201471941122,
      "start_speed": 81.74917257683211,
      "max_start_speed": 85.4,
      "ivb": -0.9539007092198583,
      "hb": 4.812056737588651,
      "release_pos_z": 5.659794870125939,
      "release_pos_x": 0.9855708520949635,
      "extension": 7.414588119273519,
      "pitches": 423,
      "whiffs": 123,
      "swings": 244,
      "spin_rate": 725,
      "swing_miss_percent": 50.4,
      "arm_angle": 34.8,
      "barrels_per_pa_percent": 2.8368794326241136,
      "hardhit_percent": 26.666666666666668,
      "whiffs_per_pitch": 0.2907801418439716,
      "active_spin_percent": 57.2
    },
    {
      "code": "CU",
      "title": "curveball",
      "color": "#00D2ED",
      "count": 161,
      "pitch_percent": 0.07467532467532467,
      "rhh_percent": 0.1216089803554724,
      "lhh_percent": 0.028518859245630176,
      "start_speed": 82.083850931677,
      "max_start_speed": 86.3,
      "ivb": -3.1068322981366454,
      "hb": -12.930434782608694,
      "release_pos_z": 5.711489967821203,
      "release_pos_x": 0.9431183859183995,
      "extension": 7.384816867070908,
      "pitches": 161,
      "whiffs": 27,
      "swings": 70,
      "spin_rate": 2183,
      "swing_miss_percent": 38.6,
      "arm_angle": 40.3,
      "barrels_per_pa_percent": 3.4482758620689653,
      "hardhit_percent": 21.428571428571427,
      "whiffs_per_pitch": 0.16770186335403728,
      "active_spin_percent": 66
    },
    {
      "code": "SI",
      "title": "sinker",
      "color": "#FE9E00",
      "count": 33,
      "pitch_percent": 0.015306122448979591,
      "rhh_percent": 0.011225444340505144,
      "lhh_percent": 0.019319227230910764,
      "start_speed": 95.5,
      "max_start_speed": 97.9,
      "ivb": 13.98181818181818,
      "hb": 14.215151515151515,
      "release_pos_z": 5.632940901875247,
      "release_pos_x": 1.064636290102373,
      "extension": 7.515842738062896,
      "pitches": 21,
      "whiffs": 2,
      "swings": 11,
      "spin_rate": 2156,
      "swing_miss_percent": 18.2,
      "arm_angle": 35,
      "barrels_per_pa_percent": 0,
      "hardhit_percent": 100,
      "whiffs_per_pitch": 0.09523809523809523,
      "active_spin_percent": 97.8
    }
  ]
}