{
  "pitcher_id": "669432",
  "pitcher_name": "Trevor Rogers",
  "pitches": [
    {
      "code": "FF",
      "title": "four-seam fastball",
      "color": "#D22D49",
      "count": 662,
      "pitch_percent": 0.4068838352796558,
      "rhh_percent": 0.43599397590361444,
      "lhh_percent": 0.27759197324414714,
      "start_speed": 93.0515105740181,
      "max_start_speed": 96.3,
      "ivb": 14.689879154078545,
      "hb": 11.439123867069492,
      "release_pos_z": 5.850963537532546,
      "release_pos_x": 2.1251294523469713,
      "extension": 6.619539480769655,
      "pitches": 661,
      "whiffs": 88,
      "swings": 363,
      "spin_rate": 2411,
      "swing_miss_percent": 24.2,
      "arm_angle": 22.3,
      "barrels_per_pa_percent": 5.263157894736842,
      "hardhit_percent": 48.421052631578945,
      "whiffs_per_pitch": 0.13313161875945537,
      "active_spin_percent": 87.9
    },
    {
      "code": "CH",
      "title": "changeup",
      "color": "#1DBF3A",
      "count": 406,
      "pitch_percent": 0.24953902888752305,
      "rhh_percent": 0.27710843373493976,
      "lhh_percent": 0.12709030100334448,
      "start_speed": 86.2413793103448,
      "max_start_speed": 90.2,
      "ivb": 0.6359605911330045,
      "hb": 13.81600985221677,
      "release_pos_z": 5.729233318223784,
      "release_pos_x": 2.0943008238525502,
      "extension": 6.825741300458439,
      "pitches": 405,
      "whiffs": 64,
      "swings": 237,
      "spin_rate": 1478,
      "swing_miss_percent": 27,
      "arm_angle": 21.8,
      "barrels_per_pa_percent": 5.042016806722689,
      "hardhit_percent": 51.06382978723404,
      "whiffs_per_pitch": 0.1580246913580247,
      "active_spin_percent": 87.4
    },
    {
      "code": "SI",
      "title": "sinker",
      "color": "#FE9E00",
      "count": 246,
      "pitch_percent": 0.15119852489244007,
      "rhh_percent": 0.125,
      "lhh_percent": 0.26755852842809363,
      "start_speed": 92.80243902439014,
      "max_start_speed": 96,
      "ivb": 8.02113821138211,
      "hb": 17.806097560975612,
      "release_pos_z": 5.814732007452482,
      "release_pos_x": 2.059505641454441,
      "extension": 6.698520418215114,
      "pitches": 244,
      "whiffs": 11,
      "swings": 112,
      "spin_rate": 2343,
      "swing_miss_percent": 9.8,
      "arm_angle": 22.7,
      "barrels_per_pa_percent": 6.493506493506493,
      "hardhit_percent": 59.64912280701754,
      "whiffs_per_pitch": 0.045081967213114756,
      "active_spin_percent": 89.1
    },
    {
      "code": "SL",
      "title": "slider",
      "color": "#EEE716",
      "count": 195,
      "pitch_percent": 0.11985248924400738,
      "rhh_percent": 0.09789156626506024,
      "lhh_percent": 0.21739130434782608,
      "start_speed": 81.24666666666668,
      "max_start_speed": 85.4,
      "ivb": 3.4056410256410277,
      "hb": -4.987179487179486,
      "release_pos_z": 5.774729898141921,
      "release_pos_x": 2.198522454816476,
      "extension": 6.671151338336723,
      "pitches": 195,
      "whiffs": 34,
      "swings": 83,
      "spin_rate": 2191,
      "swing_miss_percent": 41,
      "arm_angle": 23,
      "barrels_per_pa_percent": 5.263157894736842,
      "hardhit_percent": 32,
      "whiffs_per_pitch": 0.17435897435897435,
      "active_spin_percent": 27.4
    },
    {
      "code": "ST",
      "title": "sweeper",
      "color": "#DDB43A",
      "count": 118,
      "pitch_percent": 0.0725261216963737,
      "rhh_percent": 0.06400602409638555,
      "lhh_percent": 0.11036789297658862,
      "start_speed": 78.17711864406779,
      "max_start_speed": 82.2,
      "ivb": 8.01101694915254,
      "hb": -7.558474576271184,
      "release_pos_z": 5.625257223801248,
      "release_pos_x": 2.292795471049452,
      "extension": 6.617685018967031,
      "pitches": 118,
      "whiffs": 23,
      "swings": 61,
      "spin_rate": 2050,
      "swing_miss_percent": 37.7,
      "arm_angle": 18.4,
      "barrels_per_pa_percent": 3.0303030303030303,
      "hardhit_percent": 28.57142857142857,
      "whiffs_per_pitch": 0.19491525423728814,
      "active_spin_percent": 32.8
    }
  ]
}