{
  "pitcher_id": "669467",
  "pitcher_name": "Andre Pallante",
  "pitches": [
    {
      "code": "FF",
      "title": "four-seam fastball",
      "color": "#D22D49",
      "count": 1198,
      "pitch_percent": 0.4404411764705882,
      "rhh_percent": 0.2794440380395026,
      "lhh_percent": 0.6031042128603105,
      "start_speed": 94.47654424040063,
      "max_start_speed": 97.5,
      "ivb": 10.051252086811356,
      "hb": 0.2926544240400669,
      "release_pos_z": 6.146272182168975,
      "release_pos_x": 1.5845476767600952,
      "extension": 6.51287361415227,
      "pitches": 1196,
      "whiffs": 81,
      "swings": 572,
      "spin_rate": 2307,
      "swing_miss_percent": 14.2,
      "arm_angle": 58.2,
      "barrels_per_pa_percent": 5.555555555555555,
      "hardhit_percent": 47.08029197080292,
      "whiffs_per_pitch": 0.0677257525083612,
      "active_spin_percent": 68.6
    },
    {
      "code": "SL",
      "title": "slider",
      "color": "#EEE716",
      "count": 778,
      "pitch_percent": 0.28602941176470587,
      "rhh_percent": 0.3650329188002926,
      "lhh_percent": 0.20620842572062084,
      "start_speed": 87.40822622107963,
      "max_start_speed": 92.6,
      "ivb": -0.7889460154241632,
      "hb": -4.709897172236504,
      "release_pos_z": 6.025652646513745,
      "release_pos_x": 1.7092068719319016,
      "extension": 6.618090731757933,
      "pitches": 773,
      "whiffs": 121,
      "swings": 356,
      "spin_rate": 2405,
      "swing_miss_percent": 34,
      "arm_angle": 56,
      "barrels_per_pa_percent": 5.527638190954774,
      "hardhit_percent": 38.34586466165413,
      "whiffs_per_pitch": 0.15653298835705046,
      "active_spin_percent": 32.2
    },
    {
      "code": "KC",
      "title": "knuckle curve",
      "color": "#6236CD",
      "count": 381,
      "pitch_percent": 0.1400735294117647,
      "rhh_percent": 0.10899780541331383,
      "lhh_percent": 0.1714708056171471,
      "start_speed": 78.1937007874016,
      "max_start_speed": 81.7,
      "ivb": -16.108661417322832,
      "hb": -3.7496062992125965,
      "release_pos_z": 6.128418206089516,
      "release_pos_x": 1.4683234177600568,
      "extension": 6.553169684384078,
      "pitches": 381,
      "whiffs": 48,
      "swings": 117,
      "spin_rate": 2804,
      "swing_miss_percent": 41,
      "arm_angle": 61.7,
      "barrels_per_pa_percent": 3.125,
      "hardhit_percent": 45.714285714285715,
      "whiffs_per_pitch": 0.12598425196850394,
      "active_spin_percent": null
    },
    {
      "code": "SI",
      "title": "sinker",
      "color": "#FE9E00",
      "count": 360,
      "pitch_percent": 0.1323529411764706,
      "rhh_percent": 0.24506217995610827,
      "lhh_percent": 0.018477457501847747,
      "start_speed": 94.97972222222221,
      "max_start_speed": 98.1,
      "ivb": 13.978055555555558,
      "hb": 10.298055555555552,
      "release_pos_z": 6.109820486941947,
      "release_pos_x": 1.6135509587907542,
      "extension": 6.502096094560894,
      "pitches": 362,
      "whiffs": 28,
      "swings": 198,
      "spin_rate": 2192,
      "swing_miss_percent": 14.1,
      "arm_angle": 57.1,
      "barrels_per_pa_percent": 2.857142857142857,
      "hardhit_percent": 21.176470588235293,
      "whiffs_per_pitch": 0.07734806629834254,
      "active_spin_percent": 78.6
    },
    {
      "code": "ST",
      "title": "sweeper",
      "color": "#DDB43A",
      "count": 3,
      "pitch_percent": 0.0011029411764705882,
      "rhh_percent": 0.001463057790782736,
      "lhh_percent": 0.0007390983000739098,
      "start_speed": 84.96666666666667,
      "max_start_speed": 89.4,
      "ivb": -3,
      "hb": -11.966666666666667,
      "release_pos_z": 5.9584468259934775,
      "release_pos_x": 1.7133906142935764,
      "extension": 6.7319579320302205,
      "pitches": 3,
      "whiffs": 0,
      "swings": 1,
      "spin_rate": 2554,
      "swing_miss_percent": 0,
      "arm_angle": 53.9,
      "barrels_per_pa_percent": null,
      "hardhit_percent": null,
      "whiffs_per_pitch": 0,
      "active_spin_percent": null
    }
  ]
}