{
  "pitcher_id": "669449",
  "pitcher_name": "Jake Palisch",
  "pitches": [
    {
      "code": "FF",
      "title": "four-seam fastball",
      "color": "#D22D49",
      "count": 8,
      "pitch_percent": 0.3333333333333333,
      "rhh_percent": 0.3157894736842105,
      "lhh_percent": 0.4,
      "start_speed": 91.975,
      "max_start_speed": 92.6,
      "ivb": 12.012500000000001,
      "hb": 7.825,
      "release_pos_z": 5.995325925852057,
      "release_pos_x": 3.25888931064602,
      "extension": 5.8998827883348195,
      "pitches": 8,
      "whiffs": 0,
      "swings": 6,
      "spin_rate": 2251,
      "swing_miss_percent": 0,
      "arm_angle": 29.9,
      "barrels_per_pa_percent": 0,
      "hardhit_percent": 50,
      "whiffs_per_pitch": 0,
      "active_spin_percent": null
    },
    {
      "code": "SL",
      "title": "slider",
      "color": "#EEE716",
      "count": 7,
      "pitch_percent": 0.2916666666666667,
      "rhh_percent": 0.21052631578947367,
      "lhh_percent": 0.6,
      "start_speed": 81.52857142857144,
      "max_start_speed": 83.2,
      "ivb": -0.7000000000000001,
      "hb": -10.442857142857141,
      "release_pos_z": 5.795870470958953,
      "release_pos_x": 3.4603985552032728,
      "extension": 5.819630511186701,
      "pitches": 7,
      "whiffs": 0,
      "swings": 4,
      "spin_rate": 2345,
      "swing_miss_percent": 0,
      "arm_angle": 27.7,
      "barrels_per_pa_percent": null,
      "hardhit_percent": null,
      "whiffs_per_pitch": 0,
      "active_spin_percent": null
    },
    {
      "code": "CH",
      "title": "changeup",
      "color": "#1DBF3A",
      "count": 5,
      "pitch_percent": 0.20833333333333334,
      "rhh_percent": 0.2631578947368421,
      "lhh_percent": 0,
      "start_speed": 85.62,
      "max_start_speed": 86.7,
      "ivb": 5.38,
      "hb": 15.520000000000001,
      "release_pos_z": 5.778717188919679,
      "release_pos_x": 3.4598947220315397,
      "extension": 5.913909461148304,
      "pitches": 5,
      "whiffs": 1,
      "swings": 1,
      "spin_rate": 1917,
      "swing_miss_percent": 100,
      "arm_angle": 24.8,
      "barrels_per_pa_percent": null,
      "hardhit_percent": null,
      "whiffs_per_pitch": 0.2,
      "active_spin_percent": null
    },
    {
      "code": "FC",
      "title": "cutter",
      "color": "#933F2C",
      "count": 4,
      "pitch_percent": 0.16666666666666666,
      "rhh_percent": 0.21052631578947367,
      "lhh_percent": 0,
      "start_speed": 85.775,
      "max_start_speed": 87.7,
      "ivb": 6,
      "hb": -3.425,
      "release_pos_z": 5.830348838338311,
      "release_pos_x": 3.340842362234054,
      "extension": 5.893820085926909,
      "pitches": 4,
      "whiffs": 1,
      "swings": 3,
      "spin_rate": 2229,
      "swing_miss_percent": 33.3,
      "arm_angle": 27.1,
      "barrels_per_pa_percent": 50,
      "hardhit_percent": 50,
      "whiffs_per_pitch": 0.25,
      "active_spin_percent": null
    }
  ]
}