{
  "pitcher_id": "669920",
  "pitcher_name": "Jason Alexander",
  "pitches": [
    {
      "code": "SI",
      "title": "sinker",
      "color": "#FE9E00",
      "count": 501,
      "pitch_percent": 0.4001597444089457,
      "rhh_percent": 0.48586572438162545,
      "lhh_percent": 0.3294460641399417,
      "start_speed": 90.88303393213579,
      "max_start_speed": 93.8,
      "ivb": 1.2558882235528965,
      "hb": 16.542115768463077,
      "release_pos_z": 5.4441024873748205,
      "release_pos_x": 1.6286342355637948,
      "extension": 6.4996181130104675,
      "pitches": 500,
      "whiffs": 11,
      "swings": 208,
      "spin_rate": 2054,
      "swing_miss_percent": 5.3,
      "arm_angle": 19.4,
      "barrels_per_pa_percent": 4.137931034482759,
      "hardhit_percent": 52.84552845528455,
      "whiffs_per_pitch": 0.022,
      "active_spin_percent": 92.2
    },
    {
      "code": "CH",
      "title": "changeup",
      "color": "#1DBF3A",
      "count": 410,
      "pitch_percent": 0.3274760383386581,
      "rhh_percent": 0.2791519434628975,
      "lhh_percent": 0.3673469387755102,
      "start_speed": 80.31975609756095,
      "max_start_speed": 83.6,
      "ivb": 1.1992682926829266,
      "hb": 17.09341463414633,
      "release_pos_z": 5.533800665880531,
      "release_pos_x": 1.4609495616229466,
      "extension": 6.613419508710157,
      "pitches": 410,
      "whiffs": 96,
      "swings": 230,
      "spin_rate": 1764,
      "swing_miss_percent": 41.7,
      "arm_angle": 22.9,
      "barrels_per_pa_percent": 6.504065040650407,
      "hardhit_percent": 35.714285714285715,
      "whiffs_per_pitch": 0.23414634146341465,
      "active_spin_percent": 98.1
    },
    {
      "code": "ST",
      "title": "sweeper",
      "color": "#DDB43A",
      "count": 200,
      "pitch_percent": 0.1597444089456869,
      "rhh_percent": 0.1625441696113074,
      "lhh_percent": 0.15743440233236153,
      "start_speed": 78.50250000000003,
      "max_start_speed": 81.8,
      "ivb": -0.21600000000000005,
      "hb": -16.308999999999997,
      "release_pos_z": 5.337430424624914,
      "release_pos_x": 1.940472678014829,
      "extension": 6.485089577156985,
      "pitches": 200,
      "whiffs": 17,
      "swings": 64,
      "spin_rate": 2626,
      "swing_miss_percent": 26.6,
      "arm_angle": 20.5,
      "barrels_per_pa_percent": 10.256410256410255,
      "hardhit_percent": 42.857142857142854,
      "whiffs_per_pitch": 0.085,
      "active_spin_percent": 66.7
    },
    {
      "code": "FF",
      "title": "four-seam fastball",
      "color": "#D22D49",
      "count": 126,
      "pitch_percent": 0.10063897763578275,
      "rhh_percent": 0.06890459363957598,
      "lhh_percent": 0.12682215743440234,
      "start_speed": 91.94285714285712,
      "max_start_speed": 94.1,
      "ivb": 11.94126984126984,
      "hb": 13.614285714285709,
      "release_pos_z": 5.774230222636262,
      "release_pos_x": 1.4065358244574886,
      "extension": 6.427373437085802,
      "pitches": 126,
      "whiffs": 11,
      "swings": 42,
      "spin_rate": 2270,
      "swing_miss_percent": 26.2,
      "arm_angle": 28,
      "barrels_per_pa_percent": 8,
      "hardhit_percent": 50,
      "whiffs_per_pitch": 0.0873015873015873,
      "active_spin_percent": 92.2
    },
    {
      "code": "FC",
      "title": "cutter",
      "color": "#933F2C",
      "count": 13,
      "pitch_percent": 0.010383386581469648,
      "rhh_percent": 0.0017667844522968198,
      "lhh_percent": 0.01749271137026239,
      "start_speed": 87.18461538461537,
      "max_start_speed": 89.3,
      "ivb": 6.615384615384615,
      "hb": -0.07692307692307696,
      "release_pos_z": 5.529695759151759,
      "release_pos_x": 1.6408759957851504,
      "extension": 6.618131309365934,
      "pitches": 13,
      "whiffs": 0,
      "swings": 2,
      "spin_rate": 2208,
      "swing_miss_percent": 0,
      "arm_angle": 25.9,
      "barrels_per_pa_percent": 0,
      "hardhit_percent": 0,
      "whiffs_per_pitch": 0,
      "active_spin_percent": 37.7
    },
    {
      "code": "SL",
      "title": "slider",
      "color": "#EEE716",
      "count": 2,
      "pitch_percent": 0.001597444089456869,
      "rhh_percent": 0.0017667844522968198,
      "lhh_percent": 0.0014577259475218659,
      "start_speed": 82.35,
      "max_start_speed": 82.4,
      "ivb": 11.2,
      "hb": -3.85,
      "release_pos_z": 5.233920569431017,
      "release_pos_x": 1.852433150767288,
      "extension": 6.969341471381762,
      "pitches": 2,
      "whiffs": 0,
      "swings": 2,
      "spin_rate": 2533,
      "swing_miss_percent": 0,
      "arm_angle": 17.9,
      "barrels_per_pa_percent": 0,
      "hardhit_percent": 100,
      "whiffs_per_pitch": 0,
      "active_spin_percent": null
    }
  ]
}