{
  "pitcher_id": "670036",
  "pitcher_name": "Matt Festa",
  "pitches": [
    {
      "code": "FF",
      "title": "four-seam fastball",
      "color": "#D22D49",
      "count": 320,
      "pitch_percent": 0.39167686658506734,
      "rhh_percent": 0.33259911894273125,
      "lhh_percent": 0.465564738292011,
      "start_speed": 92.09687500000004,
      "max_start_speed": 93.8,
      "ivb": 11.647187499999998,
      "hb": -0.5778124999999998,
      "release_pos_z": 5.062309672160841,
      "release_pos_x": 2.0994991185380107,
      "extension": 6.4021711476853485,
      "pitches": 319,
      "whiffs": 50,
      "swings": 172,
      "spin_rate": 2512,
      "swing_miss_percent": 29.1,
      "arm_angle": 31.7,
      "barrels_per_pa_percent": 3.3707865168539324,
      "hardhit_percent": 40.98360655737705,
      "whiffs_per_pitch": 0.15673981191222572,
      "active_spin_percent": 60.4
    },
    {
      "code": "ST",
      "title": "sweeper",
      "color": "#DDB43A",
      "count": 312,
      "pitch_percent": 0.3818849449204406,
      "rhh_percent": 0.45374449339207046,
      "lhh_percent": 0.29201101928374656,
      "start_speed": 83.08269230769237,
      "max_start_speed": 86.2,
      "ivb": 0.5766025641025646,
      "hb": -15.625641025641013,
      "release_pos_z": 5.125571077903979,
      "release_pos_x": 2.0586789126097718,
      "extension": 6.325630185626002,
      "pitches": 309,
      "whiffs": 44,
      "swings": 160,
      "spin_rate": 2666,
      "swing_miss_percent": 27.5,
      "arm_angle": 34.7,
      "barrels_per_pa_percent": 4.878048780487805,
      "hardhit_percent": 23.636363636363637,
      "whiffs_per_pitch": 0.1423948220064725,
      "active_spin_percent": 53.3
    },
    {
      "code": "FC",
      "title": "cutter",
      "color": "#933F2C",
      "count": 119,
      "pitch_percent": 0.1456548347613219,
      "rhh_percent": 0.08370044052863436,
      "lhh_percent": 0.2231404958677686,
      "start_speed": 90.67058823529413,
      "max_start_speed": 92.8,
      "ivb": 8.281512605042016,
      "hb": -4.528571428571428,
      "release_pos_z": 5.147489802888579,
      "release_pos_x": 2.0260002264800927,
      "extension": 6.355538476812785,
      "pitches": 118,
      "whiffs": 16,
      "swings": 60,
      "spin_rate": 2488,
      "swing_miss_percent": 26.7,
      "arm_angle": 34.6,
      "barrels_per_pa_percent": 6.896551724137931,
      "hardhit_percent": 35,
      "whiffs_per_pitch": 0.13559322033898305,
      "active_spin_percent": 50.5
    },
    {
      "code": "SI",
      "title": "sinker",
      "color": "#FE9E00",
      "count": 66,
      "pitch_percent": 0.08078335373317014,
      "rhh_percent": 0.1299559471365639,
      "lhh_percent": 0.01928374655647383,
      "start_speed": 93.12424242424244,
      "max_start_speed": 94.5,
      "ivb": 8.446969696969694,
      "hb": 10.895454545454541,
      "release_pos_z": 4.933701037559606,
      "release_pos_x": 2.1109370475785267,
      "extension": 6.454607086535837,
      "pitches": 66,
      "whiffs": 5,
      "swings": 24,
      "spin_rate": 2436,
      "swing_miss_percent": 20.8,
      "arm_angle": 27.9,
      "barrels_per_pa_percent": 0,
      "hardhit_percent": 66.66666666666666,
      "whiffs_per_pitch": 0.07575757575757576,
      "active_spin_percent": 61.4
    }
  ]
}