{
  "pitcher_id": "670059",
  "pitcher_name": "Colin Holderman",
  "pitches": [
    {
      "code": "SI",
      "title": "sinker",
      "color": "#FE9E00",
      "count": 184,
      "pitch_percent": 0.37398373983739835,
      "rhh_percent": 0.4682274247491639,
      "lhh_percent": 0.22797927461139897,
      "start_speed": 97.36902173913046,
      "max_start_speed": 100.7,
      "ivb": 7.983695652173914,
      "hb": 16.48967391304347,
      "release_pos_z": 5.711968734721715,
      "release_pos_x": 1.5994993831531286,
      "extension": 6.570765134376593,
      "pitches": 184,
      "whiffs": 18,
      "swings": 82,
      "spin_rate": 2258,
      "swing_miss_percent": 22,
      "arm_angle": 31.3,
      "barrels_per_pa_percent": 2.083333333333333,
      "hardhit_percent": 52.63157894736842,
      "whiffs_per_pitch": 0.09782608695652174,
      "active_spin_percent": 86.6
    },
    {
      "code": "ST",
      "title": "sweeper",
      "color": "#DDB43A",
      "count": 133,
      "pitch_percent": 0.2703252032520325,
      "rhh_percent": 0.29431438127090304,
      "lhh_percent": 0.23316062176165803,
      "start_speed": 82.9187969924812,
      "max_start_speed": 89.4,
      "ivb": 4.840601503759401,
      "hb": -11.595488721804513,
      "release_pos_z": 5.583501513493483,
      "release_pos_x": 1.6917763350331378,
      "extension": 6.49380022233967,
      "pitches": 133,
      "whiffs": 19,
      "swings": 62,
      "spin_rate": 2513,
      "swing_miss_percent": 30.6,
      "arm_angle": 28,
      "barrels_per_pa_percent": 2.4390243902439024,
      "hardhit_percent": 34.78260869565217,
      "whiffs_per_pitch": 0.14285714285714285,
      "active_spin_percent": 46.1
    },
    {
      "code": "FC",
      "title": "cutter",
      "color": "#933F2C",
      "count": 119,
      "pitch_percent": 0.241869918699187,
      "rhh_percent": 0.20066889632107024,
      "lhh_percent": 0.30569948186528495,
      "start_speed": 90.47983193277311,
      "max_start_speed": 93.5,
      "ivb": 5.960504201680672,
      "hb": -2.981512605042017,
      "release_pos_z": 5.694152349549995,
      "release_pos_x": 1.595750129504294,
      "extension": 6.529424126512357,
      "pitches": 119,
      "whiffs": 15,
      "swings": 56,
      "spin_rate": 2321,
      "swing_miss_percent": 26.8,
      "arm_angle": 31,
      "barrels_per_pa_percent": 8.333333333333332,
      "hardhit_percent": 33.33333333333333,
      "whiffs_per_pitch": 0.12605042016806722,
      "active_spin_percent": 36.7
    },
    {
      "code": "FF",
      "title": "four-seam fastball",
      "color": "#D22D49",
      "count": 33,
      "pitch_percent": 0.06707317073170732,
      "rhh_percent": 0.026755852842809364,
      "lhh_percent": 0.12953367875647667,
      "start_speed": 97.10303030303028,
      "max_start_speed": 100,
      "ivb": 14.300000000000002,
      "hb": 10.793939393939395,
      "release_pos_z": 5.6303843648271386,
      "release_pos_x": 1.6213461037692591,
      "extension": 6.483175888376583,
      "pitches": 32,
      "whiffs": 2,
      "swings": 17,
      "spin_rate": 2291,
      "swing_miss_percent": 11.8,
      "arm_angle": 29.9,
      "barrels_per_pa_percent": 14.285714285714285,
      "hardhit_percent": 83.33333333333334,
      "whiffs_per_pitch": 0.0625,
      "active_spin_percent": 85.8
    },
    {
      "code": "FS",
      "title": "splitter",
      "color": "#3BACAC",
      "count": 19,
      "pitch_percent": 0.03861788617886179,
      "rhh_percent": 0,
      "lhh_percent": 0.09844559585492228,
      "start_speed": 90.09473684210523,
      "max_start_speed": 92.1,
      "ivb": 1.7789473684210524,
      "hb": 17.19473684210526,
      "release_pos_z": 5.471017279228678,
      "release_pos_x": 1.7375678089842912,
      "extension": 6.621577101780059,
      "pitches": 19,
      "whiffs": 4,
      "swings": 10,
      "spin_rate": 1838,
      "swing_miss_percent": 40,
      "arm_angle": 24.1,
      "barrels_per_pa_percent": 0,
      "hardhit_percent": 0,
      "whiffs_per_pitch": 0.21052631578947367,
      "active_spin_percent": 89.2
    },
    {
      "code": "SL",
      "title": "slider",
      "color": "#EEE716",
      "count": 4,
      "pitch_percent": 0.008130081300813009,
      "rhh_percent": 0.010033444816053512,
      "lhh_percent": 0.0051813471502590676,
      "start_speed": 85.55,
      "max_start_speed": 86.2,
      "ivb": 6.7,
      "hb": -1.4500000000000002,
      "release_pos_z": 5.536731137110692,
      "release_pos_x": 1.57830424281991,
      "extension": 6.692331964861428,
      "pitches": 4,
      "whiffs": 1,
      "swings": 1,
      "spin_rate": 2412,
      "swing_miss_percent": 100,
      "arm_angle": 29.8,
      "barrels_per_pa_percent": null,
      "hardhit_percent": null,
      "whiffs_per_pitch": 0.25,
      "active_spin_percent": null
    }
  ]
}