{
  "pitcher_id": "670102",
  "pitcher_name": "Bowden Francis",
  "pitches": [
    {
      "code": "FF",
      "title": "four-seam fastball",
      "color": "#D22D49",
      "count": 639,
      "pitch_percent": 0.5600350569675723,
      "rhh_percent": 0.5401301518438177,
      "lhh_percent": 0.5735294117647058,
      "start_speed": 92.46932707355248,
      "max_start_speed": 95.6,
      "ivb": 18.307042253521143,
      "hb": 7.245696400625976,
      "release_pos_z": 5.957710147630858,
      "release_pos_x": 2.128870325444682,
      "extension": 6.833248672039863,
      "pitches": 639,
      "whiffs": 50,
      "swings": 332,
      "spin_rate": 2254,
      "swing_miss_percent": 15.1,
      "arm_angle": 38.8,
      "barrels_per_pa_percent": 6.896551724137931,
      "hardhit_percent": 54.47761194029851,
      "whiffs_per_pitch": 0.0782472613458529,
      "active_spin_percent": 92.3
    },
    {
      "code": "FS",
      "title": "splitter",
      "color": "#3BACAC",
      "count": 256,
      "pitch_percent": 0.22436459246275198,
      "rhh_percent": 0.1843817787418655,
      "lhh_percent": 0.2514705882352941,
      "start_speed": 82.18828125000002,
      "max_start_speed": 85.7,
      "ivb": 5.498437500000001,
      "hb": 8.541015625000004,
      "release_pos_z": 5.8920480709548215,
      "release_pos_x": 2.152152522088324,
      "extension": 6.944334083716608,
      "pitches": 255,
      "whiffs": 46,
      "swings": 124,
      "spin_rate": 1018,
      "swing_miss_percent": 37.1,
      "arm_angle": 38.3,
      "barrels_per_pa_percent": 10.95890410958904,
      "hardhit_percent": 48.717948717948715,
      "whiffs_per_pitch": 0.1803921568627451,
      "active_spin_percent": 93
    },
    {
      "code": "CU",
      "title": "curveball",
      "color": "#00D2ED",
      "count": 160,
      "pitch_percent": 0.14022787028921999,
      "rhh_percent": 0.12147505422993492,
      "lhh_percent": 0.15294117647058825,
      "start_speed": 73.73687499999997,
      "max_start_speed": 78.5,
      "ivb": -7.3143749999999965,
      "hb": -15.528124999999998,
      "release_pos_z": 6.0108560512083695,
      "release_pos_x": 2.1587925872336773,
      "extension": 6.66776055678275,
      "pitches": 160,
      "whiffs": 16,
      "swings": 40,
      "spin_rate": 2195,
      "swing_miss_percent": 40,
      "arm_angle": 41.1,
      "barrels_per_pa_percent": 14.285714285714285,
      "hardhit_percent": 37.5,
      "whiffs_per_pitch": 0.1,
      "active_spin_percent": 83.7
    },
    {
      "code": "SL",
      "title": "slider",
      "color": "#EEE716",
      "count": 66,
      "pitch_percent": 0.057843996494303246,
      "rhh_percent": 0.1193058568329718,
      "lhh_percent": 0.016176470588235296,
      "start_speed": 82.70606060606059,
      "max_start_speed": 85.5,
      "ivb": -0.1621212121212121,
      "hb": -5.668181818181819,
      "release_pos_z": 6.031614919296451,
      "release_pos_x": 2.0463530608295484,
      "extension": 6.815298402568806,
      "pitches": 66,
      "whiffs": 11,
      "swings": 29,
      "spin_rate": 2434,
      "swing_miss_percent": 37.9,
      "arm_angle": 41.8,
      "barrels_per_pa_percent": 12.5,
      "hardhit_percent": 63.63636363636363,
      "whiffs_per_pitch": 0.16666666666666666,
      "active_spin_percent": 29.6
    },
    {
      "code": "SI",
      "title": "sinker",
      "color": "#FE9E00",
      "count": 20,
      "pitch_percent": 0.017528483786152498,
      "rhh_percent": 0.03470715835140998,
      "lhh_percent": 0.0058823529411764705,
      "start_speed": 91.52,
      "max_start_speed": 95,
      "ivb": 13.219999999999999,
      "hb": 13.180000000000001,
      "release_pos_z": 6.012357291116423,
      "release_pos_x": 2.0534132200258326,
      "extension": 6.978871163910095,
      "pitches": 20,
      "whiffs": 1,
      "swings": 7,
      "spin_rate": 2132,
      "swing_miss_percent": 14.3,
      "arm_angle": 39.2,
      "barrels_per_pa_percent": null,
      "hardhit_percent": null,
      "whiffs_per_pitch": 0.05,
      "active_spin_percent": 94.1
    }
  ]
}