{
  "pitcher_id": "670970",
  "pitcher_name": "Adrian Morejon",
  "pitches": [
    {
      "code": "SI",
      "title": "sinker",
      "color": "#FE9E00",
      "count": 616,
      "pitch_percent": 0.6166166166166166,
      "rhh_percent": 0.5759717314487632,
      "lhh_percent": 0.6697459584295612,
      "start_speed": 97.70194805194802,
      "max_start_speed": 100.7,
      "ivb": 10.527922077922087,
      "hb": 15.30454545454547,
      "release_pos_z": 5.96670460661444,
      "release_pos_x": 2.3457395317344374,
      "extension": 6.330403063596239,
      "pitches": 610,
      "whiffs": 46,
      "swings": 293,
      "spin_rate": 2419,
      "swing_miss_percent": 15.7,
      "arm_angle": 44,
      "barrels_per_pa_percent": 2.197802197802198,
      "hardhit_percent": 33.08270676691729,
      "whiffs_per_pitch": 0.07540983606557378,
      "active_spin_percent": 81.4
    },
    {
      "code": "SL",
      "title": "slider",
      "color": "#EEE716",
      "count": 246,
      "pitch_percent": 0.24624624624624625,
      "rhh_percent": 0.20318021201413428,
      "lhh_percent": 0.302540415704388,
      "start_speed": 87.49512195121953,
      "max_start_speed": 91.4,
      "ivb": -1.2272357723577236,
      "hb": -5.809349593495933,
      "release_pos_z": 5.864628596888431,
      "release_pos_x": 2.7075677862571452,
      "extension": 6.254033153609324,
      "pitches": 246,
      "whiffs": 44,
      "swings": 115,
      "spin_rate": 2847,
      "swing_miss_percent": 38.3,
      "arm_angle": 40.6,
      "barrels_per_pa_percent": 4.761904761904762,
      "hardhit_percent": 26.82926829268293,
      "whiffs_per_pitch": 0.17886178861788618,
      "active_spin_percent": 41.3
    },
    {
      "code": "CH",
      "title": "changeup",
      "color": "#1DBF3A",
      "count": 66,
      "pitch_percent": 0.06606606606606606,
      "rhh_percent": 0.1166077738515901,
      "lhh_percent": 0,
      "start_speed": 90.49545454545455,
      "max_start_speed": 92.8,
      "ivb": 2.5939393939393938,
      "hb": 14.434848484848485,
      "release_pos_z": 5.95889374741722,
      "release_pos_x": 2.628999472625771,
      "extension": 6.27908959729216,
      "pitches": 66,
      "whiffs": 20,
      "swings": 41,
      "spin_rate": 1328,
      "swing_miss_percent": 48.8,
      "arm_angle": 42.3,
      "barrels_per_pa_percent": 0,
      "hardhit_percent": 36.36363636363637,
      "whiffs_per_pitch": 0.30303030303030304,
      "active_spin_percent": 95
    },
    {
      "code": "FC",
      "title": "cutter",
      "color": "#933F2C",
      "count": 35,
      "pitch_percent": 0.035035035035035036,
      "rhh_percent": 0.054770318021201414,
      "lhh_percent": 0.009237875288683603,
      "start_speed": 93.99142857142859,
      "max_start_speed": 95.5,
      "ivb": 13.157142857142857,
      "hb": -1.0799999999999998,
      "release_pos_z": 5.935688511845761,
      "release_pos_x": 2.397274400140836,
      "extension": 6.261147644349842,
      "pitches": 34,
      "whiffs": 1,
      "swings": 14,
      "spin_rate": 2585,
      "swing_miss_percent": 7.1,
      "arm_angle": 44.3,
      "barrels_per_pa_percent": 16.666666666666664,
      "hardhit_percent": 33.33333333333333,
      "whiffs_per_pitch": 0.029411764705882353,
      "active_spin_percent": 55.8
    },
    {
      "code": "FF",
      "title": "four-seam fastball",
      "color": "#D22D49",
      "count": 31,
      "pitch_percent": 0.031031031031031032,
      "rhh_percent": 0.04063604240282685,
      "lhh_percent": 0.018475750577367205,
      "start_speed": 96.79354838709678,
      "max_start_speed": 98.7,
      "ivb": 16.95806451612904,
      "hb": 5.570967741935482,
      "release_pos_z": 6.086328556419717,
      "release_pos_x": 2.2061267465728047,
      "extension": 6.344663694180786,
      "pitches": 31,
      "whiffs": 3,
      "swings": 9,
      "spin_rate": 2482,
      "swing_miss_percent": 33.3,
      "arm_angle": 47.2,
      "barrels_per_pa_percent": null,
      "hardhit_percent": null,
      "whiffs_per_pitch": 0.0967741935483871,
      "active_spin_percent": 87.1
    }
  ]
}