{
  "pitcher_id": "671111",
  "pitcher_name": "Sammy Peralta",
  "pitches": [
    {
      "code": "SL",
      "title": "slider",
      "color": "#EEE716",
      "count": 74,
      "pitch_percent": 0.48366013071895425,
      "rhh_percent": 0.41304347826086957,
      "lhh_percent": 0.5901639344262295,
      "start_speed": 80.88108108108106,
      "max_start_speed": 83,
      "ivb": 4.483783783783784,
      "hb": -5.178378378378378,
      "release_pos_z": 4.657850407434711,
      "release_pos_x": 3.453880765273526,
      "extension": 6.606958998847473,
      "pitches": 74,
      "whiffs": 12,
      "swings": 42,
      "spin_rate": 2466,
      "swing_miss_percent": 28.6,
      "arm_angle": 12.1,
      "barrels_per_pa_percent": 4.545454545454546,
      "hardhit_percent": 40,
      "whiffs_per_pitch": 0.16216216216216217,
      "active_spin_percent": 28.5
    },
    {
      "code": "SI",
      "title": "sinker",
      "color": "#FE9E00",
      "count": 51,
      "pitch_percent": 0.3333333333333333,
      "rhh_percent": 0.29347826086956524,
      "lhh_percent": 0.39344262295081966,
      "start_speed": 88.99803921568625,
      "max_start_speed": 90.9,
      "ivb": 4.48235294117647,
      "hb": 16.092156862745092,
      "release_pos_z": 4.928332362729587,
      "release_pos_x": 3.076858999976325,
      "extension": 6.858895569896485,
      "pitches": 50,
      "whiffs": 4,
      "swings": 21,
      "spin_rate": 2180,
      "swing_miss_percent": 19,
      "arm_angle": 22.2,
      "barrels_per_pa_percent": 0,
      "hardhit_percent": 61.53846153846154,
      "whiffs_per_pitch": 0.08,
      "active_spin_percent": 83.6
    },
    {
      "code": "CH",
      "title": "changeup",
      "color": "#1DBF3A",
      "count": 16,
      "pitch_percent": 0.10457516339869281,
      "rhh_percent": 0.17391304347826086,
      "lhh_percent": 0,
      "start_speed": 84.11250000000001,
      "max_start_speed": 86,
      "ivb": 0.7125,
      "hb": 18.550000000000004,
      "release_pos_z": 4.78595896513772,
      "release_pos_x": 3.2410301665467505,
      "extension": 6.938221769720447,
      "pitches": 16,
      "whiffs": 1,
      "swings": 8,
      "spin_rate": 1993,
      "swing_miss_percent": 12.5,
      "arm_angle": 18.5,
      "barrels_per_pa_percent": 0,
      "hardhit_percent": 50,
      "whiffs_per_pitch": 0.0625,
      "active_spin_percent": 98.9
    },
    {
      "code": "FF",
      "title": "four-seam fastball",
      "color": "#D22D49",
      "count": 11,
      "pitch_percent": 0.0718954248366013,
      "rhh_percent": 0.11956521739130435,
      "lhh_percent": 0,
      "start_speed": 88.92727272727274,
      "max_start_speed": 90.2,
      "ivb": 9.145454545454546,
      "hb": 10.236363636363636,
      "release_pos_z": 4.659962060981271,
      "release_pos_x": 3.391433187389676,
      "extension": 6.767756484986523,
      "pitches": 11,
      "whiffs": 0,
      "swings": 4,
      "spin_rate": 2201,
      "swing_miss_percent": 0,
      "arm_angle": 13.6,
      "barrels_per_pa_percent": 0,
      "hardhit_percent": 0,
      "whiffs_per_pitch": 0,
      "active_spin_percent": 79.6
    },
    {
      "code": "ST",
      "title": "sweeper",
      "color": "#DDB43A",
      "count": 1,
      "pitch_percent": 0.006535947712418301,
      "rhh_percent": 0,
      "lhh_percent": 0.01639344262295082,
      "start_speed": 79.5,
      "max_start_speed": 79.5,
      "ivb": 3.8,
      "hb": -11.6,
      "release_pos_z": 4.690048434414857,
      "release_pos_x": 3.478055127736027,
      "extension": 6.553493343754342,
      "pitches": 1,
      "whiffs": 0,
      "swings": 1,
      "spin_rate": 2608,
      "swing_miss_percent": 0,
      "arm_angle": 8.9,
      "barrels_per_pa_percent": null,
      "hardhit_percent": null,
      "whiffs_per_pitch": 0,
      "active_spin_percent": null
    }
  ]
}