{
  "pitcher_id": "671305",
  "pitcher_name": "Michel Otañez",
  "pitches": [
    {
      "code": "FF",
      "title": "four-seam fastball",
      "color": "#D22D49",
      "count": 51,
      "pitch_percent": 0.4214876033057851,
      "rhh_percent": 0.3176470588235294,
      "lhh_percent": 0.6666666666666666,
      "start_speed": 97.38823529411765,
      "max_start_speed": 99.6,
      "ivb": 15.643137254901958,
      "hb": 12.211764705882352,
      "release_pos_z": 5.506700304283377,
      "release_pos_x": 2.367845355471335,
      "extension": 6.258558022673778,
      "pitches": 51,
      "whiffs": 4,
      "swings": 17,
      "spin_rate": 2376,
      "swing_miss_percent": 23.5,
      "arm_angle": 26.9,
      "barrels_per_pa_percent": 18.75,
      "hardhit_percent": 62.5,
      "whiffs_per_pitch": 0.0784313725490196,
      "active_spin_percent": 96.9
    },
    {
      "code": "SL",
      "title": "slider",
      "color": "#EEE716",
      "count": 43,
      "pitch_percent": 0.35537190082644626,
      "rhh_percent": 0.3764705882352941,
      "lhh_percent": 0.3055555555555556,
      "start_speed": 85.153488372093,
      "max_start_speed": 87.1,
      "ivb": 2.818604651162791,
      "hb": -1.837209302325581,
      "release_pos_z": 5.709029977857244,
      "release_pos_x": 2.1710929385111455,
      "extension": 6.181228290774441,
      "pitches": 43,
      "whiffs": 8,
      "swings": 16,
      "spin_rate": 1929,
      "swing_miss_percent": 50,
      "arm_angle": 31.6,
      "barrels_per_pa_percent": 0,
      "hardhit_percent": 0,
      "whiffs_per_pitch": 0.18604651162790697,
      "active_spin_percent": 13.9
    },
    {
      "code": "SI",
      "title": "sinker",
      "color": "#FE9E00",
      "count": 27,
      "pitch_percent": 0.2231404958677686,
      "rhh_percent": 0.3058823529411765,
      "lhh_percent": 0.027777777777777776,
      "start_speed": 96.57777777777777,
      "max_start_speed": 99.6,
      "ivb": 12.240740740740746,
      "hb": 15.85185185185185,
      "release_pos_z": 5.619993470134797,
      "release_pos_x": 2.225916062911052,
      "extension": 6.238573390114395,
      "pitches": 27,
      "whiffs": 4,
      "swings": 12,
      "spin_rate": 2238,
      "swing_miss_percent": 33.3,
      "arm_angle": 28.2,
      "barrels_per_pa_percent": 0,
      "hardhit_percent": 60,
      "whiffs_per_pitch": 0.14814814814814814,
      "active_spin_percent": 97.4
    }
  ]
}