{
  "pitcher_id": "672335",
  "pitcher_name": "Cionel Pérez",
  "pitches": [
    {
      "code": "SI",
      "title": "sinker",
      "color": "#FE9E00",
      "count": 187,
      "pitch_percent": 0.4279176201372998,
      "rhh_percent": 0.376865671641791,
      "lhh_percent": 0.5088757396449705,
      "start_speed": 95.61604278074867,
      "max_start_speed": 98.5,
      "ivb": 7.564705882352941,
      "hb": 14.657219251336896,
      "release_pos_z": 5.592858409084962,
      "release_pos_x": 1.2446348577094317,
      "extension": 5.971538378670879,
      "pitches": 186,
      "whiffs": 10,
      "swings": 63,
      "spin_rate": 2108,
      "swing_miss_percent": 15.9,
      "arm_angle": 37.4,
      "barrels_per_pa_percent": 2.127659574468085,
      "hardhit_percent": 55.55555555555556,
      "whiffs_per_pitch": 0.053763440860215055,
      "active_spin_percent": 80.6
    },
    {
      "code": "SL",
      "title": "slider",
      "color": "#EEE716",
      "count": 99,
      "pitch_percent": 0.22654462242562928,
      "rhh_percent": 0.2126865671641791,
      "lhh_percent": 0.2485207100591716,
      "start_speed": 88.1969696969697,
      "max_start_speed": 90.2,
      "ivb": 2.9424242424242424,
      "hb": -5.737373737373736,
      "release_pos_z": 5.531259058531562,
      "release_pos_x": 1.2995147362081503,
      "extension": 5.983058205702884,
      "pitches": 99,
      "whiffs": 19,
      "swings": 56,
      "spin_rate": 2358,
      "swing_miss_percent": 33.9,
      "arm_angle": 38.5,
      "barrels_per_pa_percent": 0,
      "hardhit_percent": 50,
      "whiffs_per_pitch": 0.1919191919191919,
      "active_spin_percent": 21.3
    },
    {
      "code": "SV",
      "title": "slurve",
      "color": "#93AFD4",
      "count": 96,
      "pitch_percent": 0.21967963386727687,
      "rhh_percent": 0.26492537313432835,
      "lhh_percent": 0.14792899408284024,
      "start_speed": 83.11979166666666,
      "max_start_speed": 87.9,
      "ivb": -5.592708333333333,
      "hb": -10.912499999999996,
      "release_pos_z": 5.500886325506246,
      "release_pos_x": 1.3459895589073092,
      "extension": 5.9932444389984845,
      "pitches": 96,
      "whiffs": 17,
      "swings": 52,
      "spin_rate": 2529,
      "swing_miss_percent": 32.7,
      "arm_angle": 39.1,
      "barrels_per_pa_percent": 3.8461538461538463,
      "hardhit_percent": 38.88888888888889,
      "whiffs_per_pitch": 0.17708333333333334,
      "active_spin_percent": 56.2
    },
    {
      "code": "FF",
      "title": "four-seam fastball",
      "color": "#D22D49",
      "count": 49,
      "pitch_percent": 0.11212814645308924,
      "rhh_percent": 0.1455223880597015,
      "lhh_percent": 0.05917159763313609,
      "start_speed": 95.4714285714286,
      "max_start_speed": 97.6,
      "ivb": 14.88979591836735,
      "hb": 6.983673469387756,
      "release_pos_z": 5.580189334136533,
      "release_pos_x": 1.309286658439258,
      "extension": 6.027488979123647,
      "pitches": 48,
      "whiffs": 3,
      "swings": 23,
      "spin_rate": 2075,
      "swing_miss_percent": 13,
      "arm_angle": 37,
      "barrels_per_pa_percent": 0,
      "hardhit_percent": 14.285714285714285,
      "whiffs_per_pitch": 0.0625,
      "active_spin_percent": 85.8
    },
    {
      "code": "FC",
      "title": "cutter",
      "color": "#933F2C",
      "count": 6,
      "pitch_percent": 0.013729977116704805,
      "rhh_percent": 0,
      "lhh_percent": 0.03550295857988166,
      "start_speed": 91.09999999999998,
      "max_start_speed": 91.8,
      "ivb": 11.15,
      "hb": -3.5666666666666664,
      "release_pos_z": 5.442939212443726,
      "release_pos_x": 1.0652699739425342,
      "extension": 6.073602314874272,
      "pitches": 6,
      "whiffs": 0,
      "swings": 3,
      "spin_rate": 2368,
      "swing_miss_percent": 0,
      "arm_angle": 39.3,
      "barrels_per_pa_percent": 0,
      "hardhit_percent": 100,
      "whiffs_per_pitch": 0,
      "active_spin_percent": null
    }
  ]
}