{
  "pitcher_id": "674370",
  "pitcher_name": "Osvaldo Bido",
  "pitches": [
    {
      "code": "FF",
      "title": "four-seam fastball",
      "color": "#D22D49",
      "count": 517,
      "pitch_percent": 0.3746376811594203,
      "rhh_percent": 0.3324607329842932,
      "lhh_percent": 0.42694805194805197,
      "start_speed": 94.51257253384907,
      "max_start_speed": 97.3,
      "ivb": 15.748742746615074,
      "hb": 10.109864603481613,
      "release_pos_z": 5.887574858676457,
      "release_pos_x": 2.309590474579604,
      "extension": 6.315965338308694,
      "pitches": 523,
      "whiffs": 57,
      "swings": 262,
      "spin_rate": 2442,
      "swing_miss_percent": 21.8,
      "arm_angle": 34.1,
      "barrels_per_pa_percent": 11.023622047244094,
      "hardhit_percent": 52.32558139534884,
      "whiffs_per_pitch": 0.1089866156787763,
      "active_spin_percent": 92.3
    },
    {
      "code": "SL",
      "title": "slider",
      "color": "#EEE716",
      "count": 411,
      "pitch_percent": 0.29782608695652174,
      "rhh_percent": 0.34554973821989526,
      "lhh_percent": 0.23863636363636365,
      "start_speed": 85.24695863746959,
      "max_start_speed": 89.6,
      "ivb": 3.344525547445255,
      "hb": -7.131630170316298,
      "release_pos_z": 5.986261249194499,
      "release_pos_x": 2.3407961409714373,
      "extension": 6.141268682434775,
      "pitches": 411,
      "whiffs": 72,
      "swings": 211,
      "spin_rate": 2228,
      "swing_miss_percent": 34.1,
      "arm_angle": 36.8,
      "barrels_per_pa_percent": 10.526315789473683,
      "hardhit_percent": 45.714285714285715,
      "whiffs_per_pitch": 0.17518248175182483,
      "active_spin_percent": 26.3
    },
    {
      "code": "SI",
      "title": "sinker",
      "color": "#FE9E00",
      "count": 211,
      "pitch_percent": 0.15289855072463768,
      "rhh_percent": 0.2094240837696335,
      "lhh_percent": 0.08279220779220779,
      "start_speed": 94.72559241706162,
      "max_start_speed": 97.6,
      "ivb": 10.272511848341239,
      "hb": 15.868246445497626,
      "release_pos_z": 5.852785926234703,
      "release_pos_x": 2.3310381191107616,
      "extension": 6.37535932141846,
      "pitches": 203,
      "whiffs": 12,
      "swings": 97,
      "spin_rate": 2331,
      "swing_miss_percent": 12.4,
      "arm_angle": 34.2,
      "barrels_per_pa_percent": 0,
      "hardhit_percent": 30.434782608695656,
      "whiffs_per_pitch": 0.059113300492610835,
      "active_spin_percent": 89.6
    },
    {
      "code": "CH",
      "title": "changeup",
      "color": "#1DBF3A",
      "count": 147,
      "pitch_percent": 0.10652173913043478,
      "rhh_percent": 0.03534031413612566,
      "lhh_percent": 0.19480519480519481,
      "start_speed": 88.76870748299326,
      "max_start_speed": 92.1,
      "ivb": 10.033333333333333,
      "hb": 16.012244897959178,
      "release_pos_z": 5.907402369544149,
      "release_pos_x": 2.291096451695839,
      "extension": 6.421279750074946,
      "pitches": 146,
      "whiffs": 16,
      "swings": 64,
      "spin_rate": 2184,
      "swing_miss_percent": 25,
      "arm_angle": 35.1,
      "barrels_per_pa_percent": 5.128205128205128,
      "hardhit_percent": 25.806451612903224,
      "whiffs_per_pitch": 0.1095890410958904,
      "active_spin_percent": 95
    },
    {
      "code": "FC",
      "title": "cutter",
      "color": "#933F2C",
      "count": 94,
      "pitch_percent": 0.06811594202898551,
      "rhh_percent": 0.07722513089005235,
      "lhh_percent": 0.056818181818181816,
      "start_speed": 86.57340425531912,
      "max_start_speed": 88.6,
      "ivb": 6.03723404255319,
      "hb": 0.12127659574468082,
      "release_pos_z": 6.001064485628908,
      "release_pos_x": 2.3026810554206465,
      "extension": 6.109071219103686,
      "pitches": 94,
      "whiffs": 14,
      "swings": 48,
      "spin_rate": 2191,
      "swing_miss_percent": 29.2,
      "arm_angle": 36.3,
      "barrels_per_pa_percent": 8.333333333333332,
      "hardhit_percent": 26.31578947368421,
      "whiffs_per_pitch": 0.14893617021276595,
      "active_spin_percent": 16.1
    }
  ]
}