{
  "pitcher_id": "675540",
  "pitcher_name": "Xzavion Curry",
  "pitches": [
    {
      "code": "FF",
      "title": "four-seam fastball",
      "color": "#D22D49",
      "count": 21,
      "pitch_percent": 0.375,
      "rhh_percent": 0.4666666666666667,
      "lhh_percent": 0.2692307692307692,
      "start_speed": 90.52380952380955,
      "max_start_speed": 91.7,
      "ivb": 19.166666666666668,
      "hb": 4.628571428571429,
      "release_pos_z": 6.0651521836375775,
      "release_pos_x": 1.4223455249166268,
      "extension": 6.277254031353165,
      "pitches": 20,
      "whiffs": 0,
      "swings": 8,
      "spin_rate": 2062,
      "swing_miss_percent": 0,
      "arm_angle": 62.7,
      "barrels_per_pa_percent": 0,
      "hardhit_percent": 25,
      "whiffs_per_pitch": 0,
      "active_spin_percent": null
    },
    {
      "code": "SL",
      "title": "slider",
      "color": "#EEE716",
      "count": 21,
      "pitch_percent": 0.375,
      "rhh_percent": 0.3,
      "lhh_percent": 0.46153846153846156,
      "start_speed": 80.22380952380952,
      "max_start_speed": 83.1,
      "ivb": 0.9523809523809523,
      "hb": -6.876190476190477,
      "release_pos_z": 6.025325538467977,
      "release_pos_x": 1.6635203017252214,
      "extension": 6.150495014124196,
      "pitches": 21,
      "whiffs": 0,
      "swings": 9,
      "spin_rate": 2379,
      "swing_miss_percent": 0,
      "arm_angle": 59.3,
      "barrels_per_pa_percent": 20,
      "hardhit_percent": 60,
      "whiffs_per_pitch": 0,
      "active_spin_percent": null
    },
    {
      "code": "CU",
      "title": "curveball",
      "color": "#00D2ED",
      "count": 10,
      "pitch_percent": 0.17857142857142858,
      "rhh_percent": 0.2,
      "lhh_percent": 0.15384615384615385,
      "start_speed": 72.37,
      "max_start_speed": 73.1,
      "ivb": -13.719999999999999,
      "hb": -10.29,
      "release_pos_z": 5.950194472367476,
      "release_pos_x": 1.593726477204311,
      "extension": 6.340633839891083,
      "pitches": 10,
      "whiffs": 1,
      "swings": 5,
      "spin_rate": 2436,
      "swing_miss_percent": 20,
      "arm_angle": 62,
      "barrels_per_pa_percent": 0,
      "hardhit_percent": 0,
      "whiffs_per_pitch": 0.1,
      "active_spin_percent": null
    },
    {
      "code": "FS",
      "title": "splitter",
      "color": "#3BACAC",
      "count": 3,
      "pitch_percent": 0.05357142857142857,
      "rhh_percent": 0,
      "lhh_percent": 0.11538461538461539,
      "start_speed": 85.63333333333334,
      "max_start_speed": 86.4,
      "ivb": 14.699999999999998,
      "hb": 15.1,
      "release_pos_z": 6.022873619321572,
      "release_pos_x": 1.6085653625646952,
      "extension": 6.239711200435299,
      "pitches": 3,
      "whiffs": 0,
      "swings": 0,
      "spin_rate": 1325,
      "swing_miss_percent": null,
      "arm_angle": 59.5,
      "barrels_per_pa_percent": null,
      "hardhit_percent": null,
      "whiffs_per_pitch": 0,
      "active_spin_percent": null
    },
    {
      "code": "ST",
      "title": "sweeper",
      "color": "#DDB43A",
      "count": 1,
      "pitch_percent": 0.017857142857142856,
      "rhh_percent": 0.03333333333333333,
      "lhh_percent": 0,
      "start_speed": 80,
      "max_start_speed": 80,
      "ivb": 4,
      "hb": -12.5,
      "release_pos_z": 6.119260460625885,
      "release_pos_x": 1.6547824807659477,
      "extension": 6.032691480597001,
      "pitches": 1,
      "whiffs": 0,
      "swings": 1,
      "spin_rate": 2392,
      "swing_miss_percent": 0,
      "arm_angle": 60.1,
      "barrels_per_pa_percent": null,
      "hardhit_percent": null,
      "whiffs_per_pitch": 0,
      "active_spin_percent": null
    }
  ]
}