{
  "pitcher_id": "675848",
  "pitcher_name": "Juan Mejia",
  "pitches": [
    {
      "code": "FF",
      "title": "four-seam fastball",
      "color": "#D22D49",
      "count": 722,
      "pitch_percent": 0.6722532588454376,
      "rhh_percent": 0.5682210708117443,
      "lhh_percent": 0.793939393939394,
      "start_speed": 96.61897506925204,
      "max_start_speed": 99.5,
      "ivb": 12.292520775623275,
      "hb": 1.0887811634349034,
      "release_pos_z": 5.975650691726089,
      "release_pos_x": 1.249663464597667,
      "extension": 6.151006579633557,
      "pitches": 721,
      "whiffs": 100,
      "swings": 349,
      "spin_rate": 2580,
      "swing_miss_percent": 28.7,
      "arm_angle": 37.7,
      "barrels_per_pa_percent": 2.8735632183908044,
      "hardhit_percent": 34.31372549019608,
      "whiffs_per_pitch": 0.13869625520110956,
      "active_spin_percent": 72.3
    },
    {
      "code": "SL",
      "title": "slider",
      "color": "#EEE716",
      "count": 352,
      "pitch_percent": 0.32774674115456237,
      "rhh_percent": 0.4317789291882556,
      "lhh_percent": 0.20606060606060606,
      "start_speed": 83.15965909090905,
      "max_start_speed": 86.2,
      "ivb": -1.6829545454545454,
      "hb": -13.943749999999994,
      "release_pos_z": 5.950063764645404,
      "release_pos_x": 1.4114547864378206,
      "extension": 6.058532941192222,
      "pitches": 352,
      "whiffs": 57,
      "swings": 166,
      "spin_rate": 2843,
      "swing_miss_percent": 34.3,
      "arm_angle": 37.6,
      "barrels_per_pa_percent": 3.5294117647058822,
      "hardhit_percent": 38.88888888888889,
      "whiffs_per_pitch": 0.16193181818181818,
      "active_spin_percent": 63.7
    }
  ]
}