{
  "pitcher_id": "676106",
  "pitcher_name": "Emerson Hancock",
  "pitches": [
    {
      "code": "SI",
      "title": "sinker",
      "color": "#FE9E00",
      "count": 557,
      "pitch_percent": 0.39142656359803235,
      "rhh_percent": 0.4678456591639871,
      "lhh_percent": 0.33208489388264667,
      "start_speed": 94.69964093357267,
      "max_start_speed": 98.2,
      "ivb": 5.081687612208257,
      "hb": 18.74057450628366,
      "release_pos_z": 5.259895632360263,
      "release_pos_x": 2.510473384025584,
      "extension": 6.103395270598441,
      "pitches": 539,
      "whiffs": 26,
      "swings": 269,
      "spin_rate": 2387,
      "swing_miss_percent": 9.7,
      "arm_angle": 15,
      "barrels_per_pa_percent": 4.733727810650888,
      "hardhit_percent": 48.507462686567166,
      "whiffs_per_pitch": 0.04823747680890538,
      "active_spin_percent": 91.6
    },
    {
      "code": "FF",
      "title": "four-seam fastball",
      "color": "#D22D49",
      "count": 366,
      "pitch_percent": 0.2572030920590302,
      "rhh_percent": 0.19935691318327975,
      "lhh_percent": 0.3021223470661673,
      "start_speed": 94.93551912568309,
      "max_start_speed": 98.8,
      "ivb": 11.575136612021856,
      "hb": 12.645355191256833,
      "release_pos_z": 5.515478302578344,
      "release_pos_x": 2.345042268645514,
      "extension": 6.148440013980385,
      "pitches": 384,
      "whiffs": 49,
      "swings": 206,
      "spin_rate": 2389,
      "swing_miss_percent": 23.8,
      "arm_angle": 21.4,
      "barrels_per_pa_percent": 6.25,
      "hardhit_percent": 41.07142857142857,
      "whiffs_per_pitch": 0.12760416666666666,
      "active_spin_percent": 90.5
    },
    {
      "code": "CH",
      "title": "changeup",
      "color": "#1DBF3A",
      "count": 291,
      "pitch_percent": 0.2044975404075896,
      "rhh_percent": 0.0932475884244373,
      "lhh_percent": 0.2908863920099875,
      "start_speed": 86.47353951890035,
      "max_start_speed": 91.9,
      "ivb": 1.4175257731958757,
      "hb": 16.152920962199318,
      "release_pos_z": 5.294144524104848,
      "release_pos_x": 2.537132389049509,
      "extension": 6.103652965752982,
      "pitches": 290,
      "whiffs": 36,
      "swings": 134,
      "spin_rate": 1647,
      "swing_miss_percent": 26.9,
      "arm_angle": 16.6,
      "barrels_per_pa_percent": 8.21917808219178,
      "hardhit_percent": 32.72727272727273,
      "whiffs_per_pitch": 0.12413793103448276,
      "active_spin_percent": 98.3
    },
    {
      "code": "SL",
      "title": "slider",
      "color": "#EEE716",
      "count": 166,
      "pitch_percent": 0.11665495432185524,
      "rhh_percent": 0.1752411575562701,
      "lhh_percent": 0.07116104868913857,
      "start_speed": 81.82168674698792,
      "max_start_speed": 85.8,
      "ivb": -1.9753012048192777,
      "hb": -5.733734939759037,
      "release_pos_z": 5.683128156642071,
      "release_pos_x": 2.2885207249732002,
      "extension": 6.072121386429086,
      "pitches": 166,
      "whiffs": 25,
      "swings": 79,
      "spin_rate": 2445,
      "swing_miss_percent": 31.6,
      "arm_angle": 27.2,
      "barrels_per_pa_percent": 6.122448979591836,
      "hardhit_percent": 40.625,
      "whiffs_per_pitch": 0.15060240963855423,
      "active_spin_percent": 36
    },
    {
      "code": "ST",
      "title": "sweeper",
      "color": "#DDB43A",
      "count": 43,
      "pitch_percent": 0.030217849613492623,
      "rhh_percent": 0.06430868167202572,
      "lhh_percent": 0.003745318352059925,
      "start_speed": 78.65581395348836,
      "max_start_speed": 81.4,
      "ivb": 2.9976744186046513,
      "hb": -15.35581395348837,
      "release_pos_z": 5.225133744072916,
      "release_pos_x": 3.2782603237071455,
      "extension": 5.9968281338087905,
      "pitches": 43,
      "whiffs": 7,
      "swings": 17,
      "spin_rate": 2682,
      "swing_miss_percent": 41.2,
      "arm_angle": 15.8,
      "barrels_per_pa_percent": 0,
      "hardhit_percent": 28.57142857142857,
      "whiffs_per_pitch": 0.16279069767441862,
      "active_spin_percent": 61.7
    }
  ]
}