{
  "pitcher_id": "676282",
  "pitcher_name": "Joey Cantillo",
  "pitches": [
    {
      "code": "FF",
      "title": "four-seam fastball",
      "color": "#D22D49",
      "count": 687,
      "pitch_percent": 0.41967012828344535,
      "rhh_percent": 0.4039115646258503,
      "lhh_percent": 0.4598698481561822,
      "start_speed": 91.71965065502184,
      "max_start_speed": 96.6,
      "ivb": 16.866812227074224,
      "hb": 7.0534206695778705,
      "release_pos_z": 5.800002857226496,
      "release_pos_x": 0.5075010851674626,
      "extension": 7.447002443625464,
      "pitches": 686,
      "whiffs": 42,
      "swings": 281,
      "spin_rate": 1842,
      "swing_miss_percent": 14.9,
      "arm_angle": 52.8,
      "barrels_per_pa_percent": 8.13953488372093,
      "hardhit_percent": 57.65765765765766,
      "whiffs_per_pitch": 0.061224489795918366,
      "active_spin_percent": 99.3
    },
    {
      "code": "CH",
      "title": "changeup",
      "color": "#1DBF3A",
      "count": 500,
      "pitch_percent": 0.30543677458766033,
      "rhh_percent": 0.3435374149659864,
      "lhh_percent": 0.20824295010845986,
      "start_speed": 78.25359999999998,
      "max_start_speed": 82,
      "ivb": 12.396400000000009,
      "hb": 10.309199999999993,
      "release_pos_z": 5.897061424957814,
      "release_pos_x": 0.502404303512565,
      "extension": 7.387508042725435,
      "pitches": 500,
      "whiffs": 121,
      "swings": 245,
      "spin_rate": 1512,
      "swing_miss_percent": 49.4,
      "arm_angle": 52.9,
      "barrels_per_pa_percent": 1.574803149606299,
      "hardhit_percent": 21.428571428571427,
      "whiffs_per_pitch": 0.242,
      "active_spin_percent": 98.1
    },
    {
      "code": "CU",
      "title": "curveball",
      "color": "#00D2ED",
      "count": 307,
      "pitch_percent": 0.18753817959682345,
      "rhh_percent": 0.21258503401360543,
      "lhh_percent": 0.12364425162689804,
      "start_speed": 77.26091205211719,
      "max_start_speed": 82.3,
      "ivb": -18.04723127035831,
      "hb": -8.178175895765476,
      "release_pos_z": 5.964603557884589,
      "release_pos_x": 0.6554676768820009,
      "extension": 7.084750420634908,
      "pitches": 307,
      "whiffs": 27,
      "swings": 111,
      "spin_rate": 2650,
      "swing_miss_percent": 24.3,
      "arm_angle": 56,
      "barrels_per_pa_percent": 1.5151515151515151,
      "hardhit_percent": 30,
      "whiffs_per_pitch": 0.08794788273615635,
      "active_spin_percent": 95.5
    },
    {
      "code": "SL",
      "title": "slider",
      "color": "#EEE716",
      "count": 143,
      "pitch_percent": 0.08735491753207086,
      "rhh_percent": 0.039965986394557826,
      "lhh_percent": 0.20824295010845986,
      "start_speed": 85.0685314685315,
      "max_start_speed": 89.2,
      "ivb": 5.6006993006993,
      "hb": -4.9405594405594435,
      "release_pos_z": 5.753227763230443,
      "release_pos_x": 0.7572017198039196,
      "extension": 7.181155777340968,
      "pitches": 143,
      "whiffs": 20,
      "swings": 70,
      "spin_rate": 2014,
      "swing_miss_percent": 28.6,
      "arm_angle": 51.8,
      "barrels_per_pa_percent": 2.857142857142857,
      "hardhit_percent": 48.275862068965516,
      "whiffs_per_pitch": 0.13986013986013987,
      "active_spin_percent": 39.2
    }
  ]
}