{
  "pitcher_id": "676206",
  "pitcher_name": "Freddy Tarnok",
  "pitches": [
    {
      "code": "FF",
      "title": "four-seam fastball",
      "color": "#D22D49",
      "count": 44,
      "pitch_percent": 0.3384615384615385,
      "rhh_percent": 0.37777777777777777,
      "lhh_percent": 0.3176470588235294,
      "start_speed": 95.3931818181818,
      "max_start_speed": 97.6,
      "ivb": 17.01590909090909,
      "hb": 3.875,
      "release_pos_z": 6.592551351796749,
      "release_pos_x": 1.5726640495603035,
      "extension": 5.978654200385254,
      "pitches": 44,
      "whiffs": 5,
      "swings": 19,
      "spin_rate": 2453,
      "swing_miss_percent": 26.3,
      "arm_angle": 47.7,
      "barrels_per_pa_percent": 0,
      "hardhit_percent": 50,
      "whiffs_per_pitch": 0.11363636363636363,
      "active_spin_percent": 83.9
    },
    {
      "code": "CH",
      "title": "changeup",
      "color": "#1DBF3A",
      "count": 32,
      "pitch_percent": 0.24615384615384617,
      "rhh_percent": 0.17777777777777778,
      "lhh_percent": 0.2823529411764706,
      "start_speed": 83.67187500000001,
      "max_start_speed": 85.7,
      "ivb": 4.66875,
      "hb": 13.009375,
      "release_pos_z": 6.522303350722945,
      "release_pos_x": 1.4965062021261986,
      "extension": 5.917541020009945,
      "pitches": 32,
      "whiffs": 2,
      "swings": 7,
      "spin_rate": 1674,
      "swing_miss_percent": 28.6,
      "arm_angle": 46.8,
      "barrels_per_pa_percent": 0,
      "hardhit_percent": 0,
      "whiffs_per_pitch": 0.0625,
      "active_spin_percent": 80.8
    },
    {
      "code": "CU",
      "title": "curveball",
      "color": "#00D2ED",
      "count": 23,
      "pitch_percent": 0.17692307692307693,
      "rhh_percent": 0.044444444444444446,
      "lhh_percent": 0.24705882352941178,
      "start_speed": 79.84782608695652,
      "max_start_speed": 82.2,
      "ivb": -16.182608695652174,
      "hb": -9.134782608695652,
      "release_pos_z": 6.484344293385922,
      "release_pos_x": 1.6761834504878281,
      "extension": 5.777293615949096,
      "pitches": 23,
      "whiffs": 0,
      "swings": 8,
      "spin_rate": 2587,
      "swing_miss_percent": 0,
      "arm_angle": 46.2,
      "barrels_per_pa_percent": 0,
      "hardhit_percent": 50,
      "whiffs_per_pitch": 0,
      "active_spin_percent": 79.1
    },
    {
      "code": "SL",
      "title": "slider",
      "color": "#EEE716",
      "count": 22,
      "pitch_percent": 0.16923076923076924,
      "rhh_percent": 0.24444444444444444,
      "lhh_percent": 0.12941176470588237,
      "start_speed": 86.56818181818181,
      "max_start_speed": 88.7,
      "ivb": 2.0545454545454547,
      "hb": -3.909090909090909,
      "release_pos_z": 6.62913790623081,
      "release_pos_x": 1.4982097906601979,
      "extension": 5.872696881664393,
      "pitches": 22,
      "whiffs": 2,
      "swings": 7,
      "spin_rate": 2468,
      "swing_miss_percent": 28.6,
      "arm_angle": 48,
      "barrels_per_pa_percent": 0,
      "hardhit_percent": 50,
      "whiffs_per_pitch": 0.09090909090909091,
      "active_spin_percent": 25.9
    },
    {
      "code": "SI",
      "title": "sinker",
      "color": "#FE9E00",
      "count": 9,
      "pitch_percent": 0.06923076923076923,
      "rhh_percent": 0.15555555555555556,
      "lhh_percent": 0.023529411764705882,
      "start_speed": 93.67777777777776,
      "max_start_speed": 95.8,
      "ivb": 9.355555555555554,
      "hb": 11.777777777777779,
      "release_pos_z": 6.502061587825192,
      "release_pos_x": 1.6036847435346218,
      "extension": 6.030929500772802,
      "pitches": 9,
      "whiffs": 2,
      "swings": 5,
      "spin_rate": 2202,
      "swing_miss_percent": 40,
      "arm_angle": 43.7,
      "barrels_per_pa_percent": 0,
      "hardhit_percent": 50,
      "whiffs_per_pitch": 0.2222222222222222,
      "active_spin_percent": null
    }
  ]
}