{
  "pitcher_id": "676263",
  "pitcher_name": "Jack Dreyer",
  "pitches": [
    {
      "code": "SL",
      "title": "slider",
      "color": "#EEE716",
      "count": 529,
      "pitch_percent": 0.46160558464223383,
      "rhh_percent": 0.4276315789473684,
      "lhh_percent": 0.5284974093264249,
      "start_speed": 88.0586011342155,
      "max_start_speed": 91.9,
      "ivb": 3.8703213610585983,
      "hb": -2.5372400756143665,
      "release_pos_z": 5.9191043917560435,
      "release_pos_x": 1.5087036932076583,
      "extension": 6.505563577291258,
      "pitches": 527,
      "whiffs": 93,
      "swings": 307,
      "spin_rate": 2356,
      "swing_miss_percent": 30.3,
      "arm_angle": 53.7,
      "barrels_per_pa_percent": 1.3157894736842104,
      "hardhit_percent": 40.19607843137255,
      "whiffs_per_pitch": 0.17647058823529413,
      "active_spin_percent": 23.6
    },
    {
      "code": "FF",
      "title": "four-seam fastball",
      "color": "#D22D49",
      "count": 517,
      "pitch_percent": 0.4511343804537522,
      "rhh_percent": 0.475,
      "lhh_percent": 0.40414507772020725,
      "start_speed": 92.66847195357838,
      "max_start_speed": 95.5,
      "ivb": 19.63965183752418,
      "hb": 6.99922630560929,
      "release_pos_z": 5.966876903393114,
      "release_pos_x": 1.0823086327246787,
      "extension": 6.585545337728919,
      "pitches": 513,
      "whiffs": 57,
      "swings": 248,
      "spin_rate": 2395,
      "swing_miss_percent": 23,
      "arm_angle": 58.3,
      "barrels_per_pa_percent": 6.153846153846154,
      "hardhit_percent": 42.69662921348314,
      "whiffs_per_pitch": 0.1111111111111111,
      "active_spin_percent": 99.6
    },
    {
      "code": "CU",
      "title": "curveball",
      "color": "#00D2ED",
      "count": 100,
      "pitch_percent": 0.08726003490401396,
      "rhh_percent": 0.09736842105263158,
      "lhh_percent": 0.06735751295336788,
      "start_speed": 78.89699999999999,
      "max_start_speed": 83.1,
      "ivb": -16.402,
      "hb": -6.773,
      "release_pos_z": 5.937835652314074,
      "release_pos_x": 1.4109913502138645,
      "extension": 6.566702375930996,
      "pitches": 100,
      "whiffs": 7,
      "swings": 28,
      "spin_rate": 2537,
      "swing_miss_percent": 25,
      "arm_angle": 58.2,
      "barrels_per_pa_percent": 7.142857142857142,
      "hardhit_percent": 36.36363636363637,
      "whiffs_per_pitch": 0.07,
      "active_spin_percent": 90.8
    }
  ]
}