{
  "pitcher_id": "676395",
  "pitcher_name": "Robert Garcia",
  "pitches": [
    {
      "code": "FF",
      "title": "four-seam fastball",
      "color": "#D22D49",
      "count": 435,
      "pitch_percent": 0.4484536082474227,
      "rhh_percent": 0.3924050632911392,
      "lhh_percent": 0.5532544378698225,
      "start_speed": 94.43402298850569,
      "max_start_speed": 97.2,
      "ivb": 13.758390804597708,
      "hb": 10.67471264367817,
      "release_pos_z": 5.646557653828908,
      "release_pos_x": 3.7100982360943173,
      "extension": 6.493696621994556,
      "pitches": 433,
      "whiffs": 66,
      "swings": 215,
      "spin_rate": 2251,
      "swing_miss_percent": 30.7,
      "arm_angle": 25.2,
      "barrels_per_pa_percent": 4.9504950495049505,
      "hardhit_percent": 44.44444444444444,
      "whiffs_per_pitch": 0.15242494226327943,
      "active_spin_percent": 87.1
    },
    {
      "code": "CH",
      "title": "changeup",
      "color": "#1DBF3A",
      "count": 273,
      "pitch_percent": 0.28144329896907216,
      "rhh_percent": 0.3939873417721519,
      "lhh_percent": 0.07100591715976332,
      "start_speed": 88.92161172161177,
      "max_start_speed": 92.1,
      "ivb": 1.6754578754578755,
      "hb": 16.471062271062273,
      "release_pos_z": 5.616835579063542,
      "release_pos_x": 3.7874437087837074,
      "extension": 6.327340572836315,
      "pitches": 275,
      "whiffs": 47,
      "swings": 145,
      "spin_rate": 1687,
      "swing_miss_percent": 32.4,
      "arm_angle": 25,
      "barrels_per_pa_percent": 3.896103896103896,
      "hardhit_percent": 31.57894736842105,
      "whiffs_per_pitch": 0.1709090909090909,
      "active_spin_percent": 89.5
    },
    {
      "code": "SL",
      "title": "slider",
      "color": "#EEE716",
      "count": 261,
      "pitch_percent": 0.2690721649484536,
      "rhh_percent": 0.2120253164556962,
      "lhh_percent": 0.3757396449704142,
      "start_speed": 86.89540229885063,
      "max_start_speed": 90.5,
      "ivb": 3.0846743295019166,
      "hb": -3.7593869731800758,
      "release_pos_z": 5.698097812760861,
      "release_pos_x": 3.6347146077859054,
      "extension": 6.625820839098743,
      "pitches": 261,
      "whiffs": 29,
      "swings": 133,
      "spin_rate": 2403,
      "swing_miss_percent": 21.8,
      "arm_angle": 29,
      "barrels_per_pa_percent": 6.976744186046512,
      "hardhit_percent": 29.6875,
      "whiffs_per_pitch": 0.1111111111111111,
      "active_spin_percent": 25.9
    },
    {
      "code": "FC",
      "title": "cutter",
      "color": "#933F2C",
      "count": 1,
      "pitch_percent": 0.0010309278350515464,
      "rhh_percent": 0.0015822784810126582,
      "lhh_percent": 0,
      "start_speed": 91.8,
      "max_start_speed": 91.8,
      "ivb": 8.9,
      "hb": 2.5,
      "release_pos_z": 6.246090025528855,
      "release_pos_x": -3.0246921236927293,
      "extension": 6.1703618102701165,
      "active_spin_percent": null
    }
  ]
}