{
  "pitcher_id": "676428",
  "pitcher_name": "Brant Hurter",
  "pitches": [
    {
      "code": "SI",
      "title": "sinker",
      "color": "#FE9E00",
      "count": 553,
      "pitch_percent": 0.5256653992395437,
      "rhh_percent": 0.44715447154471544,
      "lhh_percent": 0.6361556064073226,
      "start_speed": 92.2600361663652,
      "max_start_speed": 94.4,
      "ivb": 3.3173598553345385,
      "hb": 16.36546112115733,
      "release_pos_z": 5.852397850759074,
      "release_pos_x": 3.3271555710145213,
      "extension": 6.153495626802757,
      "pitches": 549,
      "whiffs": 34,
      "swings": 243,
      "spin_rate": 2135,
      "swing_miss_percent": 14,
      "arm_angle": 28.9,
      "barrels_per_pa_percent": 3.2467532467532463,
      "hardhit_percent": 44.339622641509436,
      "whiffs_per_pitch": 0.061930783242258654,
      "active_spin_percent": 78.4
    },
    {
      "code": "ST",
      "title": "sweeper",
      "color": "#DDB43A",
      "count": 332,
      "pitch_percent": 0.3155893536121673,
      "rhh_percent": 0.2926829268292683,
      "lhh_percent": 0.34782608695652173,
      "start_speed": 82.22560240963855,
      "max_start_speed": 84.7,
      "ivb": 1.6382530120481926,
      "hb": -10.649397590361449,
      "release_pos_z": 5.869714895146039,
      "release_pos_x": 3.501241140591284,
      "extension": 5.939276975345587,
      "pitches": 331,
      "whiffs": 60,
      "swings": 133,
      "spin_rate": 2684,
      "swing_miss_percent": 45.1,
      "arm_angle": 28.9,
      "barrels_per_pa_percent": 0,
      "hardhit_percent": 23.333333333333332,
      "whiffs_per_pitch": 0.18126888217522658,
      "active_spin_percent": 50.4
    },
    {
      "code": "CH",
      "title": "changeup",
      "color": "#1DBF3A",
      "count": 112,
      "pitch_percent": 0.10646387832699619,
      "rhh_percent": 0.1772357723577236,
      "lhh_percent": 0.006864988558352402,
      "start_speed": 85.80267857142859,
      "max_start_speed": 88.4,
      "ivb": 1.0901785714285712,
      "hb": 14.76785714285715,
      "release_pos_z": 5.776462107250038,
      "release_pos_x": 3.425425124663356,
      "extension": 6.187272022162051,
      "pitches": 112,
      "whiffs": 17,
      "swings": 59,
      "spin_rate": 1599,
      "swing_miss_percent": 28.8,
      "arm_angle": 27.5,
      "barrels_per_pa_percent": 3.8461538461538463,
      "hardhit_percent": 34.78260869565217,
      "whiffs_per_pitch": 0.15178571428571427,
      "active_spin_percent": 89.4
    },
    {
      "code": "FF",
      "title": "four-seam fastball",
      "color": "#D22D49",
      "count": 55,
      "pitch_percent": 0.05228136882129278,
      "rhh_percent": 0.08292682926829269,
      "lhh_percent": 0.009153318077803204,
      "start_speed": 92.06363636363633,
      "max_start_speed": 93.5,
      "ivb": 10.298181818181815,
      "hb": 4.081818181818182,
      "release_pos_z": 5.895348685368855,
      "release_pos_x": 3.3148397582416975,
      "extension": 6.147230378447108,
      "pitches": 55,
      "whiffs": 10,
      "swings": 25,
      "spin_rate": 2120,
      "swing_miss_percent": 40,
      "arm_angle": 29.5,
      "barrels_per_pa_percent": 0,
      "hardhit_percent": 14.285714285714285,
      "whiffs_per_pitch": 0.18181818181818182,
      "active_spin_percent": 71.9
    }
  ]
}