{
  "pitcher_id": "676684",
  "pitcher_name": "Will Vest",
  "pitches": [
    {
      "code": "FF",
      "title": "four-seam fastball",
      "color": "#D22D49",
      "count": 595,
      "pitch_percent": 0.5237676056338029,
      "rhh_percent": 0.43760399334442596,
      "lhh_percent": 0.6205607476635514,
      "start_speed": 96.68638655462185,
      "max_start_speed": 99,
      "ivb": 16.67294117647058,
      "hb": 5.752773109243693,
      "release_pos_z": 5.6966250393528695,
      "release_pos_x": 1.8734999937995858,
      "extension": 6.382303397413774,
      "pitches": 596,
      "whiffs": 63,
      "swings": 278,
      "spin_rate": 2255,
      "swing_miss_percent": 22.7,
      "arm_angle": 54.3,
      "barrels_per_pa_percent": 3.571428571428571,
      "hardhit_percent": 55.81395348837209,
      "whiffs_per_pitch": 0.10570469798657718,
      "active_spin_percent": 88.7
    },
    {
      "code": "SL",
      "title": "slider",
      "color": "#EEE716",
      "count": 271,
      "pitch_percent": 0.238556338028169,
      "rhh_percent": 0.24625623960066556,
      "lhh_percent": 0.22990654205607478,
      "start_speed": 88.70516605166054,
      "max_start_speed": 91.1,
      "ivb": -0.4121771217712182,
      "hb": -5.141328413284133,
      "release_pos_z": 5.560044570105655,
      "release_pos_x": 2.097279732814119,
      "extension": 6.329296506315501,
      "pitches": 271,
      "whiffs": 55,
      "swings": 126,
      "spin_rate": 2748,
      "swing_miss_percent": 43.7,
      "arm_angle": 49.5,
      "barrels_per_pa_percent": 2.941176470588235,
      "hardhit_percent": 30.555555555555557,
      "whiffs_per_pitch": 0.2029520295202952,
      "active_spin_percent": 19.2
    },
    {
      "code": "SI",
      "title": "sinker",
      "color": "#FE9E00",
      "count": 190,
      "pitch_percent": 0.16725352112676056,
      "rhh_percent": 0.3144758735440932,
      "lhh_percent": 0.001869158878504673,
      "start_speed": 96.07894736842105,
      "max_start_speed": 97.9,
      "ivb": 11.200526315789473,
      "hb": 13.996315789473678,
      "release_pos_z": 5.638099211851399,
      "release_pos_x": 1.976304597427852,
      "extension": 6.404283386259108,
      "pitches": 188,
      "whiffs": 13,
      "swings": 101,
      "spin_rate": 2142,
      "swing_miss_percent": 12.9,
      "arm_angle": 51.7,
      "barrels_per_pa_percent": 1.7857142857142856,
      "hardhit_percent": 29.411764705882355,
      "whiffs_per_pitch": 0.06914893617021277,
      "active_spin_percent": 86.7
    },
    {
      "code": "CH",
      "title": "changeup",
      "color": "#1DBF3A",
      "count": 80,
      "pitch_percent": 0.07042253521126761,
      "rhh_percent": 0.0016638935108153079,
      "lhh_percent": 0.14766355140186915,
      "start_speed": 90.38,
      "max_start_speed": 92.3,
      "ivb": 4.947500000000001,
      "hb": 15.6,
      "release_pos_z": 5.552949507016896,
      "release_pos_x": 2.1252587032906685,
      "extension": 6.393347114197846,
      "pitches": 80,
      "whiffs": 15,
      "swings": 39,
      "spin_rate": 1660,
      "swing_miss_percent": 38.5,
      "arm_angle": 48.8,
      "barrels_per_pa_percent": 0,
      "hardhit_percent": 27.27272727272727,
      "whiffs_per_pitch": 0.1875,
      "active_spin_percent": 90.3
    }
  ]
}