{
  "pitcher_id": "676604",
  "pitcher_name": "Tyler Zuber",
  "pitches": [
    {
      "code": "ST",
      "title": "sweeper",
      "color": "#DDB43A",
      "count": 84,
      "pitch_percent": 0.34285714285714286,
      "rhh_percent": 0.4012345679012346,
      "lhh_percent": 0.2289156626506024,
      "start_speed": 82.82023809523811,
      "max_start_speed": 85.4,
      "ivb": 4.439285714285715,
      "hb": -17.648809523809526,
      "release_pos_z": 5.008711401476161,
      "release_pos_x": 2.24867486466216,
      "extension": 6.013247389942064,
      "pitches": 84,
      "whiffs": 12,
      "swings": 49,
      "spin_rate": 2718,
      "swing_miss_percent": 24.5,
      "arm_angle": 31.3,
      "barrels_per_pa_percent": 10.714285714285714,
      "hardhit_percent": 44.44444444444444,
      "whiffs_per_pitch": 0.14285714285714285,
      "active_spin_percent": 57.7
    },
    {
      "code": "FF",
      "title": "four-seam fastball",
      "color": "#D22D49",
      "count": 68,
      "pitch_percent": 0.27755102040816326,
      "rhh_percent": 0.2716049382716049,
      "lhh_percent": 0.2891566265060241,
      "start_speed": 94.66323529411768,
      "max_start_speed": 96.7,
      "ivb": 16.17794117647059,
      "hb": 8.724999999999998,
      "release_pos_z": 5.309873635878763,
      "release_pos_x": 2.025026220648004,
      "extension": 6.133997934503253,
      "pitches": 68,
      "whiffs": 6,
      "swings": 21,
      "spin_rate": 2344,
      "swing_miss_percent": 28.6,
      "arm_angle": 39,
      "barrels_per_pa_percent": 0,
      "hardhit_percent": 20,
      "whiffs_per_pitch": 0.08823529411764706,
      "active_spin_percent": 89.6
    },
    {
      "code": "SL",
      "title": "slider",
      "color": "#EEE716",
      "count": 42,
      "pitch_percent": 0.17142857142857143,
      "rhh_percent": 0.1419753086419753,
      "lhh_percent": 0.2289156626506024,
      "start_speed": 87.67142857142859,
      "max_start_speed": 90.5,
      "ivb": 1.9404761904761911,
      "hb": -6.659523809523809,
      "release_pos_z": 5.266890128101984,
      "release_pos_x": 2.058680598444851,
      "extension": 5.9995794585551305,
      "pitches": 42,
      "whiffs": 2,
      "swings": 26,
      "spin_rate": 2587,
      "swing_miss_percent": 7.7,
      "arm_angle": 37.3,
      "barrels_per_pa_percent": 33.33333333333333,
      "hardhit_percent": 66.66666666666666,
      "whiffs_per_pitch": 0.047619047619047616,
      "active_spin_percent": 40.5
    },
    {
      "code": "SI",
      "title": "sinker",
      "color": "#FE9E00",
      "count": 30,
      "pitch_percent": 0.12244897959183673,
      "rhh_percent": 0.1419753086419753,
      "lhh_percent": 0.08433734939759036,
      "start_speed": 93.91999999999999,
      "max_start_speed": 95.7,
      "ivb": 7.2733333333333325,
      "hb": 15.750000000000002,
      "release_pos_z": 5.145324476165035,
      "release_pos_x": 2.0981049709505375,
      "extension": 6.15762288864673,
      "pitches": 30,
      "whiffs": 1,
      "swings": 7,
      "spin_rate": 2170,
      "swing_miss_percent": 14.3,
      "arm_angle": 35.8,
      "barrels_per_pa_percent": 0,
      "hardhit_percent": 0,
      "whiffs_per_pitch": 0.03333333333333333,
      "active_spin_percent": 88
    },
    {
      "code": "CH",
      "title": "changeup",
      "color": "#1DBF3A",
      "count": 17,
      "pitch_percent": 0.06938775510204082,
      "rhh_percent": 0.018518518518518517,
      "lhh_percent": 0.1686746987951807,
      "start_speed": 87.95882352941176,
      "max_start_speed": 90.1,
      "ivb": 1.8176470588235294,
      "hb": 14.782352941176471,
      "release_pos_z": 5.070693919569306,
      "release_pos_x": 2.085624521960848,
      "extension": 6.274327512781179,
      "pitches": 17,
      "whiffs": 1,
      "swings": 8,
      "spin_rate": 1214,
      "swing_miss_percent": 12.5,
      "arm_angle": 36.1,
      "barrels_per_pa_percent": 0,
      "hardhit_percent": 20,
      "whiffs_per_pitch": 0.058823529411764705,
      "active_spin_percent": 93
    },
    {
      "code": "FC",
      "title": "cutter",
      "color": "#933F2C",
      "count": 4,
      "pitch_percent": 0.0163265306122449,
      "rhh_percent": 0.024691358024691357,
      "lhh_percent": 0,
      "start_speed": 92.10000000000001,
      "max_start_speed": 92.8,
      "ivb": 6.825,
      "hb": -2.6750000000000003,
      "release_pos_z": 5.437302653852268,
      "release_pos_x": 2.1589094990884368,
      "extension": 6.191226118254724,
      "pitches": 4,
      "whiffs": 0,
      "swings": 0,
      "spin_rate": 2387,
      "swing_miss_percent": null,
      "arm_angle": 39.6,
      "barrels_per_pa_percent": null,
      "hardhit_percent": null,
      "whiffs_per_pitch": 0,
      "active_spin_percent": null
    }
  ]
}