{
  "pitcher_id": "678024",
  "pitcher_name": "Mike Vasil",
  "pitches": [
    {
      "code": "SI",
      "title": "sinker",
      "color": "#FE9E00",
      "count": 657,
      "pitch_percent": 0.3991494532199271,
      "rhh_percent": 0.45232558139534884,
      "lhh_percent": 0.34096692111959287,
      "start_speed": 94.37168949771687,
      "max_start_speed": 97.5,
      "ivb": 4.569558599695588,
      "hb": 14.558143074581428,
      "release_pos_z": 5.85831254693224,
      "release_pos_x": 1.6005491001071162,
      "extension": 6.23694822596289,
      "pitches": 657,
      "whiffs": 42,
      "swings": 287,
      "spin_rate": 2185,
      "swing_miss_percent": 14.6,
      "arm_angle": 28.2,
      "barrels_per_pa_percent": 4.519774011299435,
      "hardhit_percent": 35.15625,
      "whiffs_per_pitch": 0.0639269406392694,
      "active_spin_percent": 68.6
    },
    {
      "code": "ST",
      "title": "sweeper",
      "color": "#DDB43A",
      "count": 265,
      "pitch_percent": 0.16099635479951396,
      "rhh_percent": 0.2837209302325581,
      "lhh_percent": 0.026717557251908396,
      "start_speed": 81.67358490566035,
      "max_start_speed": 86.4,
      "ivb": -3.467924528301887,
      "hb": -16.51886792452831,
      "release_pos_z": 5.908632702337559,
      "release_pos_x": 1.5783779125804318,
      "extension": 6.201469154933433,
      "pitches": 264,
      "whiffs": 28,
      "swings": 98,
      "spin_rate": 2557,
      "swing_miss_percent": 28.6,
      "arm_angle": 31,
      "barrels_per_pa_percent": 3.125,
      "hardhit_percent": 33.33333333333333,
      "whiffs_per_pitch": 0.10606060606060606,
      "active_spin_percent": 64
    },
    {
      "code": "FF",
      "title": "four-seam fastball",
      "color": "#D22D49",
      "count": 231,
      "pitch_percent": 0.14034021871202917,
      "rhh_percent": 0.11744186046511627,
      "lhh_percent": 0.16539440203562342,
      "start_speed": 94.61038961038965,
      "max_start_speed": 97,
      "ivb": 12.87056277056276,
      "hb": 6.342857142857142,
      "release_pos_z": 5.878259081769753,
      "release_pos_x": 1.6044170485043032,
      "extension": 6.253853024213144,
      "pitches": 231,
      "whiffs": 39,
      "swings": 100,
      "spin_rate": 2290,
      "swing_miss_percent": 39,
      "arm_angle": 29.3,
      "barrels_per_pa_percent": 3.6363636363636362,
      "hardhit_percent": 41.17647058823529,
      "whiffs_per_pitch": 0.16883116883116883,
      "active_spin_percent": 78.3
    },
    {
      "code": "CU",
      "title": "curveball",
      "color": "#00D2ED",
      "count": 203,
      "pitch_percent": 0.12332928311057108,
      "rhh_percent": 0.05581395348837209,
      "lhh_percent": 0.19720101781170485,
      "start_speed": 81.70443349753694,
      "max_start_speed": 85.4,
      "ivb": -13.926108374384249,
      "hb": -10.12512315270936,
      "release_pos_z": 6.102758038525852,
      "release_pos_x": 1.4151125375296796,
      "extension": 6.0825139441778315,
      "pitches": 203,
      "whiffs": 21,
      "swings": 65,
      "spin_rate": 2455,
      "swing_miss_percent": 32.3,
      "arm_angle": 35.5,
      "barrels_per_pa_percent": 5.405405405405405,
      "hardhit_percent": 48,
      "whiffs_per_pitch": 0.10344827586206896,
      "active_spin_percent": 89.8
    },
    {
      "code": "CH",
      "title": "changeup",
      "color": "#1DBF3A",
      "count": 200,
      "pitch_percent": 0.12150668286755771,
      "rhh_percent": 0.023255813953488372,
      "lhh_percent": 0.22900763358778625,
      "start_speed": 86.57449999999993,
      "max_start_speed": 90,
      "ivb": 0.4395000000000001,
      "hb": 12.522499999999997,
      "release_pos_z": 5.869474912892549,
      "release_pos_x": 1.5764720345397336,
      "extension": 6.465667245350556,
      "pitches": 200,
      "whiffs": 21,
      "swings": 102,
      "spin_rate": 1497,
      "swing_miss_percent": 20.6,
      "arm_angle": 30.5,
      "barrels_per_pa_percent": 6.666666666666667,
      "hardhit_percent": 38.775510204081634,
      "whiffs_per_pitch": 0.105,
      "active_spin_percent": 89.1
    },
    {
      "code": "FC",
      "title": "cutter",
      "color": "#933F2C",
      "count": 90,
      "pitch_percent": 0.054678007290400975,
      "rhh_percent": 0.06744186046511629,
      "lhh_percent": 0.04071246819338423,
      "start_speed": 86.11111111111109,
      "max_start_speed": 89.8,
      "ivb": 2.3288888888888883,
      "hb": -1.675555555555555,
      "release_pos_z": 5.89880593950576,
      "release_pos_x": 1.5499565316454207,
      "extension": 6.3848950749855815,
      "pitches": 90,
      "whiffs": 16,
      "swings": 47,
      "spin_rate": 2408,
      "swing_miss_percent": 34,
      "arm_angle": 31.9,
      "barrels_per_pa_percent": 8.695652173913043,
      "hardhit_percent": 55.00000000000001,
      "whiffs_per_pitch": 0.17777777777777778,
      "active_spin_percent": 19.9
    }
  ]
}