{
  "pitcher_id": "679775",
  "pitcher_name": "Kyle Backhus",
  "pitches": [
    {
      "code": "SI",
      "title": "sinker",
      "color": "#FE9E00",
      "count": 273,
      "pitch_percent": 0.6348837209302326,
      "rhh_percent": 0.6353790613718412,
      "lhh_percent": 0.6339869281045751,
      "start_speed": 90.97216117216115,
      "max_start_speed": 93.9,
      "ivb": 2.135531135531136,
      "hb": 18.337362637362638,
      "release_pos_z": 4.333542537905529,
      "release_pos_x": 2.9778668629247154,
      "extension": 7.21673290318846,
      "pitches": 270,
      "whiffs": 16,
      "swings": 119,
      "spin_rate": 2262,
      "swing_miss_percent": 13.4,
      "arm_angle": 9.4,
      "barrels_per_pa_percent": 1.36986301369863,
      "hardhit_percent": 43.13725490196079,
      "whiffs_per_pitch": 0.05925925925925926,
      "active_spin_percent": 96
    },
    {
      "code": "ST",
      "title": "sweeper",
      "color": "#DDB43A",
      "count": 116,
      "pitch_percent": 0.26976744186046514,
      "rhh_percent": 0.21660649819494585,
      "lhh_percent": 0.3660130718954248,
      "start_speed": 78.39137931034483,
      "max_start_speed": 83.1,
      "ivb": 2.1982758620689644,
      "hb": -13.06206896551724,
      "release_pos_z": 4.174701392036931,
      "release_pos_x": 3.102147188717835,
      "extension": 6.947753429883945,
      "pitches": 115,
      "whiffs": 20,
      "swings": 59,
      "spin_rate": 2216,
      "swing_miss_percent": 33.9,
      "arm_angle": 6.2,
      "barrels_per_pa_percent": 6.25,
      "hardhit_percent": 26.08695652173913,
      "whiffs_per_pitch": 0.17391304347826086,
      "active_spin_percent": 48.4
    },
    {
      "code": "CH",
      "title": "changeup",
      "color": "#1DBF3A",
      "count": 41,
      "pitch_percent": 0.09534883720930233,
      "rhh_percent": 0.148014440433213,
      "lhh_percent": 0,
      "start_speed": 78.2731707317073,
      "max_start_speed": 83.6,
      "ivb": 6.658536585365855,
      "hb": 12.541463414634148,
      "release_pos_z": 4.643532891312597,
      "release_pos_x": 2.9711065905593705,
      "extension": 7.3045705357691,
      "pitches": 41,
      "whiffs": 7,
      "swings": 15,
      "spin_rate": 1467,
      "swing_miss_percent": 46.7,
      "arm_angle": 16.3,
      "barrels_per_pa_percent": 16.666666666666664,
      "hardhit_percent": 25,
      "whiffs_per_pitch": 0.17073170731707318,
      "active_spin_percent": 98.2
    }
  ]
}