{
  "pitcher_id": "680730",
  "pitcher_name": "Mitchell Parker",
  "pitches": [
    {
      "code": "FF",
      "title": "four-seam fastball",
      "color": "#D22D49",
      "count": 1501,
      "pitch_percent": 0.5548983364140481,
      "rhh_percent": 0.5575087895529884,
      "lhh_percent": 0.5476190476190477,
      "start_speed": 92.95016655562956,
      "max_start_speed": 96.4,
      "ivb": 17.98121252498339,
      "hb": 5.800399733510987,
      "release_pos_z": 6.334234180508623,
      "release_pos_x": 1.2484407511070805,
      "extension": 6.880711632877781,
      "pitches": 1497,
      "whiffs": 82,
      "swings": 763,
      "spin_rate": 2168,
      "swing_miss_percent": 10.7,
      "arm_angle": 64.3,
      "barrels_per_pa_percent": 7.990314769975787,
      "hardhit_percent": 54.90797546012271,
      "whiffs_per_pitch": 0.05477621910487642,
      "active_spin_percent": 99.4
    },
    {
      "code": "CU",
      "title": "curveball",
      "color": "#00D2ED",
      "count": 594,
      "pitch_percent": 0.21959334565619223,
      "rhh_percent": 0.2531391260673029,
      "lhh_percent": 0.12605042016806722,
      "start_speed": 81.13821548821548,
      "max_start_speed": 84.7,
      "ivb": -6.982154882154881,
      "hb": -0.6998316498316494,
      "release_pos_z": 6.193737114254109,
      "release_pos_x": 1.6229320156207694,
      "extension": 6.7629248040858005,
      "pitches": 593,
      "whiffs": 80,
      "swings": 275,
      "spin_rate": 2280,
      "swing_miss_percent": 29.1,
      "arm_angle": 59.5,
      "barrels_per_pa_percent": 6.993006993006993,
      "hardhit_percent": 48.598130841121495,
      "whiffs_per_pitch": 0.13490725126475547,
      "active_spin_percent": 51.7
    },
    {
      "code": "SL",
      "title": "slider",
      "color": "#EEE716",
      "count": 322,
      "pitch_percent": 0.11903881700554529,
      "rhh_percent": 0.04922149673530889,
      "lhh_percent": 0.3137254901960784,
      "start_speed": 84.983850931677,
      "max_start_speed": 88.8,
      "ivb": 2.5521739130434797,
      "hb": -4.660559006211179,
      "release_pos_z": 5.967864571840817,
      "release_pos_x": 1.9951385910812123,
      "extension": 6.88470916426815,
      "pitches": 322,
      "whiffs": 64,
      "swings": 181,
      "spin_rate": 2267,
      "swing_miss_percent": 35.4,
      "arm_angle": 50.5,
      "barrels_per_pa_percent": 4.49438202247191,
      "hardhit_percent": 37.704918032786885,
      "whiffs_per_pitch": 0.19875776397515527,
      "active_spin_percent": 20.5
    },
    {
      "code": "FS",
      "title": "splitter",
      "color": "#3BACAC",
      "count": 288,
      "pitch_percent": 0.10646950092421442,
      "rhh_percent": 0.1401305876443998,
      "lhh_percent": 0.012605042016806723,
      "start_speed": 85.42430555555549,
      "max_start_speed": 89.4,
      "ivb": 8.990277777777772,
      "hb": 6.754513888888888,
      "release_pos_z": 6.180253276795046,
      "release_pos_x": 1.6979050571837064,
      "extension": 6.9022565706310255,
      "pitches": 288,
      "whiffs": 46,
      "swings": 162,
      "spin_rate": 975,
      "swing_miss_percent": 28.4,
      "arm_angle": 57.3,
      "barrels_per_pa_percent": 9.333333333333334,
      "hardhit_percent": 44.06779661016949,
      "whiffs_per_pitch": 0.1597222222222222,
      "active_spin_percent": 91
    }
  ]
}