{
  "pitcher_id": "680729",
  "pitcher_name": "Garrett McDaniels",
  "pitches": [
    {
      "code": "SL",
      "title": "slider",
      "color": "#EEE716",
      "count": 100,
      "pitch_percent": 0.5235602094240838,
      "rhh_percent": 0.47413793103448276,
      "lhh_percent": 0.6,
      "start_speed": 85.04800000000002,
      "max_start_speed": 87.7,
      "ivb": -2.3550000000000004,
      "hb": -1.137,
      "release_pos_z": 6.149586557769515,
      "release_pos_x": 1.6051396480567142,
      "extension": 5.758799266109347,
      "pitches": 100,
      "whiffs": 12,
      "swings": 39,
      "spin_rate": 2458,
      "swing_miss_percent": 30.8,
      "arm_angle": 47.7,
      "barrels_per_pa_percent": 8.333333333333332,
      "hardhit_percent": 37.5,
      "whiffs_per_pitch": 0.12,
      "active_spin_percent": 19.5
    },
    {
      "code": "SI",
      "title": "sinker",
      "color": "#FE9E00",
      "count": 83,
      "pitch_percent": 0.43455497382198954,
      "rhh_percent": 0.49137931034482757,
      "lhh_percent": 0.3466666666666667,
      "start_speed": 92.21325301204824,
      "max_start_speed": 94.3,
      "ivb": 6.078313253012049,
      "hb": 12.546987951807235,
      "release_pos_z": 6.196290009042731,
      "release_pos_x": 1.549668099650017,
      "extension": 5.7342845626397265,
      "pitches": 83,
      "whiffs": 6,
      "swings": 34,
      "spin_rate": 2262,
      "swing_miss_percent": 17.6,
      "arm_angle": 47.9,
      "barrels_per_pa_percent": 8,
      "hardhit_percent": 50,
      "whiffs_per_pitch": 0.07228915662650602,
      "active_spin_percent": 66.4
    },
    {
      "code": "CU",
      "title": "curveball",
      "color": "#00D2ED",
      "count": 8,
      "pitch_percent": 0.041884816753926704,
      "rhh_percent": 0.034482758620689655,
      "lhh_percent": 0.05333333333333334,
      "start_speed": 79.9875,
      "max_start_speed": 83.3,
      "ivb": -10.6875,
      "hb": -12.437500000000002,
      "release_pos_z": 6.095647541456633,
      "release_pos_x": 1.5064126892175242,
      "extension": 6.042089927479229,
      "pitches": 8,
      "whiffs": 0,
      "swings": 2,
      "spin_rate": 2488,
      "swing_miss_percent": 0,
      "arm_angle": 54.5,
      "barrels_per_pa_percent": 0,
      "hardhit_percent": 0,
      "whiffs_per_pitch": 0,
      "active_spin_percent": null
    }
  ]
}