{
  "pitcher_id": "680701",
  "pitcher_name": "John Rooney",
  "pitches": [
    {
      "code": "ST",
      "title": "sweeper",
      "color": "#DDB43A",
      "count": 14,
      "pitch_percent": 0.6086956521739131,
      "rhh_percent": 0.6666666666666666,
      "lhh_percent": 0.5882352941176471,
      "start_speed": 81.49285714285713,
      "max_start_speed": 83,
      "ivb": 5.307142857142857,
      "hb": -13.25,
      "release_pos_z": 5.0575945168686545,
      "release_pos_x": 3.4808522110482687,
      "extension": 6.75285090029685,
      "pitches": 14,
      "whiffs": 3,
      "swings": 7,
      "spin_rate": 2652,
      "swing_miss_percent": 42.9,
      "arm_angle": 13.4,
      "barrels_per_pa_percent": 20,
      "hardhit_percent": 33.33333333333333,
      "whiffs_per_pitch": 0.21428571428571427,
      "active_spin_percent": null
    },
    {
      "code": "SI",
      "title": "sinker",
      "color": "#FE9E00",
      "count": 5,
      "pitch_percent": 0.21739130434782608,
      "rhh_percent": 0,
      "lhh_percent": 0.29411764705882354,
      "start_speed": 90.82000000000001,
      "max_start_speed": 91.9,
      "ivb": 0.66,
      "hb": 17.48,
      "release_pos_z": 5.25367563596931,
      "release_pos_x": 2.9853606378350435,
      "extension": 6.9953791332090685,
      "pitches": 5,
      "whiffs": 0,
      "swings": 0,
      "spin_rate": 2312,
      "swing_miss_percent": null,
      "arm_angle": 17.5,
      "barrels_per_pa_percent": null,
      "hardhit_percent": null,
      "whiffs_per_pitch": 0,
      "active_spin_percent": null
    },
    {
      "code": "FF",
      "title": "four-seam fastball",
      "color": "#D22D49",
      "count": 4,
      "pitch_percent": 0.17391304347826086,
      "rhh_percent": 0.3333333333333333,
      "lhh_percent": 0.11764705882352941,
      "start_speed": 91.14999999999999,
      "max_start_speed": 91.4,
      "ivb": 11.149999999999999,
      "hb": 8.9,
      "release_pos_z": 5.374064642555321,
      "release_pos_x": 3.085579141515476,
      "extension": 6.980743624398045,
      "pitches": 4,
      "whiffs": 1,
      "swings": 1,
      "spin_rate": 2372,
      "swing_miss_percent": 100,
      "arm_angle": 19.9,
      "barrels_per_pa_percent": null,
      "hardhit_percent": null,
      "whiffs_per_pitch": 0.25,
      "active_spin_percent": null
    }
  ]
}