{
  "pitcher_id": "681432",
  "pitcher_name": "Luke Little",
  "pitches": [
    {
      "code": "FF",
      "title": "four-seam fastball",
      "color": "#D22D49",
      "count": 41,
      "pitch_percent": 0.5394736842105263,
      "rhh_percent": 0.6136363636363636,
      "lhh_percent": 0.4375,
      "start_speed": 93.31219512195122,
      "max_start_speed": 97.5,
      "ivb": 7.76829268292683,
      "hb": 3.270731707317074,
      "release_pos_z": 5.346457134648783,
      "release_pos_x": 3.1275639678884986,
      "extension": 7.153796767612617,
      "pitches": 40,
      "whiffs": 3,
      "swings": 11,
      "spin_rate": 2281,
      "swing_miss_percent": 27.3,
      "arm_angle": 21.8,
      "barrels_per_pa_percent": 0,
      "hardhit_percent": 100,
      "whiffs_per_pitch": 0.075,
      "active_spin_percent": null
    },
    {
      "code": "ST",
      "title": "sweeper",
      "color": "#DDB43A",
      "count": 35,
      "pitch_percent": 0.4605263157894737,
      "rhh_percent": 0.38636363636363635,
      "lhh_percent": 0.5625,
      "start_speed": 82.2885714285714,
      "max_start_speed": 84.4,
      "ivb": 1.9628571428571433,
      "hb": -13.32857142857143,
      "release_pos_z": 5.128844734828879,
      "release_pos_x": 3.5755714346152145,
      "extension": 7.040224197114598,
      "pitches": 35,
      "whiffs": 1,
      "swings": 7,
      "spin_rate": 2425,
      "swing_miss_percent": 14.3,
      "arm_angle": 16.5,
      "barrels_per_pa_percent": 0,
      "hardhit_percent": 0,
      "whiffs_per_pitch": 0.02857142857142857,
      "active_spin_percent": null
    }
  ]
}