{
  "pitcher_id": "681869",
  "pitcher_name": "Shawn Dubin",
  "pitches": [
    {
      "code": "FF",
      "title": "four-seam fastball",
      "color": "#D22D49",
      "count": 187,
      "pitch_percent": 0.3393829401088929,
      "rhh_percent": 0.32075471698113206,
      "lhh_percent": 0.3648068669527897,
      "start_speed": 94.28021390374334,
      "max_start_speed": 96.7,
      "ivb": 14.044919786096257,
      "hb": 11.099999999999996,
      "release_pos_z": 5.8291117860883785,
      "release_pos_x": 1.8310190490222058,
      "extension": 6.484507010873879,
      "pitches": 187,
      "whiffs": 13,
      "swings": 77,
      "spin_rate": 2296,
      "swing_miss_percent": 16.9,
      "arm_angle": 36.8,
      "barrels_per_pa_percent": 2.1739130434782608,
      "hardhit_percent": 45.16129032258064,
      "whiffs_per_pitch": 0.06951871657754011,
      "active_spin_percent": 90.8
    },
    {
      "code": "ST",
      "title": "sweeper",
      "color": "#DDB43A",
      "count": 96,
      "pitch_percent": 0.17422867513611615,
      "rhh_percent": 0.3018867924528302,
      "lhh_percent": 0,
      "start_speed": 83.27916666666665,
      "max_start_speed": 85.8,
      "ivb": 0.2416666666666668,
      "hb": -16.389583333333338,
      "release_pos_z": 5.601769514620583,
      "release_pos_x": 2.1822080561232196,
      "extension": 6.380607519267315,
      "pitches": 96,
      "whiffs": 14,
      "swings": 49,
      "spin_rate": 2846,
      "swing_miss_percent": 28.6,
      "arm_angle": 30.9,
      "barrels_per_pa_percent": 6.451612903225806,
      "hardhit_percent": 26.08695652173913,
      "whiffs_per_pitch": 0.14583333333333334,
      "active_spin_percent": 56.1
    },
    {
      "code": "SI",
      "title": "sinker",
      "color": "#FE9E00",
      "count": 89,
      "pitch_percent": 0.16152450090744103,
      "rhh_percent": 0.2389937106918239,
      "lhh_percent": 0.055793991416309016,
      "start_speed": 93.85842696629216,
      "max_start_speed": 95.9,
      "ivb": 8.297752808988765,
      "hb": 16.27752808988765,
      "release_pos_z": 5.739428208074938,
      "release_pos_x": 1.913443200212206,
      "extension": 6.528419186239272,
      "pitches": 89,
      "whiffs": 5,
      "swings": 34,
      "spin_rate": 2152,
      "swing_miss_percent": 14.7,
      "arm_angle": 35.1,
      "barrels_per_pa_percent": 0,
      "hardhit_percent": 37.5,
      "whiffs_per_pitch": 0.056179775280898875,
      "active_spin_percent": 91
    },
    {
      "code": "CH",
      "title": "changeup",
      "color": "#1DBF3A",
      "count": 80,
      "pitch_percent": 0.14519056261343014,
      "rhh_percent": 0.015723270440251572,
      "lhh_percent": 0.3218884120171674,
      "start_speed": 87.71749999999996,
      "max_start_speed": 90.6,
      "ivb": -2.495,
      "hb": 14.23125,
      "release_pos_z": 5.671417140639118,
      "release_pos_x": 1.932008896139957,
      "extension": 6.535641781028728,
      "pitches": 80,
      "whiffs": 8,
      "swings": 42,
      "spin_rate": 1599,
      "swing_miss_percent": 19,
      "arm_angle": 33.1,
      "barrels_per_pa_percent": 0,
      "hardhit_percent": 60,
      "whiffs_per_pitch": 0.1,
      "active_spin_percent": 87.2
    },
    {
      "code": "CU",
      "title": "curveball",
      "color": "#00D2ED",
      "count": 80,
      "pitch_percent": 0.14519056261343014,
      "rhh_percent": 0.07547169811320754,
      "lhh_percent": 0.24034334763948498,
      "start_speed": 81.72375000000002,
      "max_start_speed": 83.6,
      "ivb": -14.80625,
      "hb": -10.647499999999999,
      "release_pos_z": 5.950640120088147,
      "release_pos_x": 1.7921584412880471,
      "extension": 6.323828403937875,
      "pitches": 80,
      "whiffs": 10,
      "swings": 35,
      "spin_rate": 2653,
      "swing_miss_percent": 28.6,
      "arm_angle": 40,
      "barrels_per_pa_percent": 0,
      "hardhit_percent": 11.11111111111111,
      "whiffs_per_pitch": 0.125,
      "active_spin_percent": 87.5
    },
    {
      "code": "FC",
      "title": "cutter",
      "color": "#933F2C",
      "count": 19,
      "pitch_percent": 0.034482758620689655,
      "rhh_percent": 0.04716981132075472,
      "lhh_percent": 0.017167381974248927,
      "start_speed": 88.8684210526316,
      "max_start_speed": 90.4,
      "ivb": 8.647368421052633,
      "hb": -3.210526315789474,
      "release_pos_z": 5.633561714620887,
      "release_pos_x": 2.075065839595995,
      "extension": 6.474705221067907,
      "pitches": 19,
      "whiffs": 1,
      "swings": 9,
      "spin_rate": 2595,
      "swing_miss_percent": 11.1,
      "arm_angle": 32.9,
      "barrels_per_pa_percent": 40,
      "hardhit_percent": 60,
      "whiffs_per_pitch": 0.05263157894736842,
      "active_spin_percent": 42.4
    }
  ]
}