{
  "pitcher_id": "681916",
  "pitcher_name": "Dylan Smith",
  "pitches": [
    {
      "code": "FF",
      "title": "four-seam fastball",
      "color": "#D22D49",
      "count": 84,
      "pitch_percent": 0.509090909090909,
      "rhh_percent": 0.49019607843137253,
      "lhh_percent": 0.5396825396825397,
      "start_speed": 94.62976190476189,
      "max_start_speed": 96.4,
      "ivb": 16.634523809523817,
      "hb": 3.1202380952380944,
      "release_pos_z": 6.065945039680733,
      "release_pos_x": 1.5781264112617617,
      "extension": 6.616929092255033,
      "pitches": 84,
      "whiffs": 9,
      "swings": 43,
      "spin_rate": 2509,
      "swing_miss_percent": 20.9,
      "arm_angle": 49.7,
      "barrels_per_pa_percent": 8,
      "hardhit_percent": 44.44444444444444,
      "whiffs_per_pitch": 0.10714285714285714,
      "active_spin_percent": 91.9
    },
    {
      "code": "ST",
      "title": "sweeper",
      "color": "#DDB43A",
      "count": 56,
      "pitch_percent": 0.3393939393939394,
      "rhh_percent": 0.37254901960784315,
      "lhh_percent": 0.2857142857142857,
      "start_speed": 85.68749999999997,
      "max_start_speed": 88.4,
      "ivb": 5.439285714285716,
      "hb": -10.198214285714288,
      "release_pos_z": 5.917934044923737,
      "release_pos_x": 1.7766385931111954,
      "extension": 6.566515127555414,
      "pitches": 56,
      "whiffs": 9,
      "swings": 25,
      "spin_rate": 2569,
      "swing_miss_percent": 36,
      "arm_angle": 47.6,
      "barrels_per_pa_percent": 0,
      "hardhit_percent": 11.11111111111111,
      "whiffs_per_pitch": 0.16071428571428573,
      "active_spin_percent": 35
    },
    {
      "code": "FS",
      "title": "splitter",
      "color": "#3BACAC",
      "count": 15,
      "pitch_percent": 0.09090909090909091,
      "rhh_percent": 0.0392156862745098,
      "lhh_percent": 0.1746031746031746,
      "start_speed": 86.14666666666666,
      "max_start_speed": 88.8,
      "ivb": 7.006666666666666,
      "hb": 6.933333333333334,
      "release_pos_z": 5.818442462029166,
      "release_pos_x": 1.792817152488015,
      "extension": 6.757833205870418,
      "pitches": 15,
      "whiffs": 1,
      "swings": 4,
      "spin_rate": 1087,
      "swing_miss_percent": 25,
      "arm_angle": 46.6,
      "barrels_per_pa_percent": 0,
      "hardhit_percent": 33.33333333333333,
      "whiffs_per_pitch": 0.06666666666666667,
      "active_spin_percent": 88.2
    },
    {
      "code": "SI",
      "title": "sinker",
      "color": "#FE9E00",
      "count": 10,
      "pitch_percent": 0.06060606060606061,
      "rhh_percent": 0.09803921568627451,
      "lhh_percent": 0,
      "start_speed": 94.1,
      "max_start_speed": 95.2,
      "ivb": 14.190000000000001,
      "hb": 12.510000000000002,
      "release_pos_z": 5.878999828567764,
      "release_pos_x": 1.6690537754718093,
      "extension": 6.5900515480409485,
      "pitches": 10,
      "whiffs": 0,
      "swings": 7,
      "spin_rate": 2219,
      "swing_miss_percent": 0,
      "arm_angle": 47.2,
      "barrels_per_pa_percent": 14.285714285714285,
      "hardhit_percent": 40,
      "whiffs_per_pitch": 0,
      "active_spin_percent": 97.7
    }
  ]
}