{
  "pitcher_id": "682990",
  "pitcher_name": "Quinn Priester",
  "pitches": [
    {
      "code": "SI",
      "title": "sinker",
      "color": "#FE9E00",
      "count": 1029,
      "pitch_percent": 0.41693679092382496,
      "rhh_percent": 0.4230483271375465,
      "lhh_percent": 0.40961709706144256,
      "start_speed": 93.87628765792024,
      "max_start_speed": 97.1,
      "ivb": 7.151506316812437,
      "hb": 14.639844509232274,
      "release_pos_z": 6.024425691484687,
      "release_pos_x": 1.6790477796046035,
      "extension": 6.431827305279799,
      "pitches": 1026,
      "whiffs": 59,
      "swings": 439,
      "spin_rate": 2043,
      "swing_miss_percent": 13.4,
      "arm_angle": 45.5,
      "barrels_per_pa_percent": 3.546099290780142,
      "hardhit_percent": 42.25352112676056,
      "whiffs_per_pitch": 0.057504873294346975,
      "active_spin_percent": 81.3
    },
    {
      "code": "SL",
      "title": "slider",
      "color": "#EEE716",
      "count": 671,
      "pitch_percent": 0.27188006482982174,
      "rhh_percent": 0.3576208178438662,
      "lhh_percent": 0.16918967052537845,
      "start_speed": 86.10447093889707,
      "max_start_speed": 90.6,
      "ivb": -0.4636363636363634,
      "hb": -4.1020864381520115,
      "release_pos_z": 6.077599101372859,
      "release_pos_x": 1.7249267641710482,
      "extension": 6.38249801419003,
      "pitches": 669,
      "whiffs": 121,
      "swings": 344,
      "spin_rate": 2470,
      "swing_miss_percent": 35.2,
      "arm_angle": 47.4,
      "barrels_per_pa_percent": 7.4866310160427805,
      "hardhit_percent": 35.60606060606061,
      "whiffs_per_pitch": 0.18086696562032886,
      "active_spin_percent": 28.6
    },
    {
      "code": "FC",
      "title": "cutter",
      "color": "#933F2C",
      "count": 504,
      "pitch_percent": 0.20421393841166938,
      "rhh_percent": 0.17397769516728626,
      "lhh_percent": 0.2404274265360641,
      "start_speed": 92.29503968253964,
      "max_start_speed": 96.1,
      "ivb": 11.194444444444438,
      "hb": -0.6339285714285721,
      "release_pos_z": 6.101496916477874,
      "release_pos_x": 1.7959190533221745,
      "extension": 6.366562287734655,
      "pitches": 504,
      "whiffs": 53,
      "swings": 234,
      "spin_rate": 2353,
      "swing_miss_percent": 22.6,
      "arm_angle": 47.3,
      "barrels_per_pa_percent": 5.042016806722689,
      "hardhit_percent": 40.25974025974026,
      "whiffs_per_pitch": 0.10515873015873016,
      "active_spin_percent": 62.4
    },
    {
      "code": "CU",
      "title": "curveball",
      "color": "#00D2ED",
      "count": 227,
      "pitch_percent": 0.0919773095623987,
      "rhh_percent": 0.04535315985130112,
      "lhh_percent": 0.14781834372217276,
      "start_speed": 80.93083700440526,
      "max_start_speed": 83.8,
      "ivb": -8.770044052863437,
      "hb": -4.633480176211452,
      "release_pos_z": 6.17994407540074,
      "release_pos_x": 1.6684666858539872,
      "extension": 6.33245436015943,
      "pitches": 227,
      "whiffs": 42,
      "swings": 102,
      "spin_rate": 2663,
      "swing_miss_percent": 41.2,
      "arm_angle": 50.9,
      "barrels_per_pa_percent": 5.769230769230769,
      "hardhit_percent": 40,
      "whiffs_per_pitch": 0.18502202643171806,
      "active_spin_percent": 56
    },
    {
      "code": "CH",
      "title": "changeup",
      "color": "#1DBF3A",
      "count": 37,
      "pitch_percent": 0.014991896272285251,
      "rhh_percent": 0,
      "lhh_percent": 0.03294746215494212,
      "start_speed": 88.41621621621621,
      "max_start_speed": 91.4,
      "ivb": 4.4648648648648654,
      "hb": 13.029729729729727,
      "release_pos_z": 6.027360982228974,
      "release_pos_x": 1.4216449183739988,
      "extension": 6.5583418344569955,
      "pitches": 37,
      "whiffs": 4,
      "swings": 15,
      "spin_rate": 1415,
      "swing_miss_percent": 26.7,
      "arm_angle": 47.1,
      "barrels_per_pa_percent": 12.5,
      "hardhit_percent": 50,
      "whiffs_per_pitch": 0.10810810810810811,
      "active_spin_percent": 96.4
    }
  ]
}