{
  "pitcher_id": "683232",
  "pitcher_name": "Nick Mears",
  "pitches": [
    {
      "code": "FF",
      "title": "four-seam fastball",
      "color": "#D22D49",
      "count": 454,
      "pitch_percent": 0.535377358490566,
      "rhh_percent": 0.49390243902439024,
      "lhh_percent": 0.5926966292134831,
      "start_speed": 95.41035242290752,
      "max_start_speed": 98.1,
      "ivb": 18.38700440528634,
      "hb": 5.0535242290748865,
      "release_pos_z": 6.272489303768374,
      "release_pos_x": 1.6572598519998987,
      "extension": 6.744097648725442,
      "pitches": 450,
      "whiffs": 36,
      "swings": 245,
      "spin_rate": 2282,
      "swing_miss_percent": 14.7,
      "arm_angle": 55.9,
      "barrels_per_pa_percent": 8.264462809917356,
      "hardhit_percent": 51.06382978723404,
      "whiffs_per_pitch": 0.08,
      "active_spin_percent": 95.2
    },
    {
      "code": "SL",
      "title": "slider",
      "color": "#EEE716",
      "count": 359,
      "pitch_percent": 0.4233490566037736,
      "rhh_percent": 0.48577235772357724,
      "lhh_percent": 0.33707865168539325,
      "start_speed": 86.64958217270197,
      "max_start_speed": 90.3,
      "ivb": -0.20724233983286922,
      "hb": -1.977715877437325,
      "release_pos_z": 6.1967733347215415,
      "release_pos_x": 1.725354679738654,
      "extension": 6.678092762922835,
      "pitches": 358,
      "whiffs": 78,
      "swings": 203,
      "spin_rate": 2513,
      "swing_miss_percent": 38.4,
      "arm_angle": 54.7,
      "barrels_per_pa_percent": 5.376344086021505,
      "hardhit_percent": 30.508474576271187,
      "whiffs_per_pitch": 0.21787709497206703,
      "active_spin_percent": 19
    },
    {
      "code": "CU",
      "title": "curveball",
      "color": "#00D2ED",
      "count": 35,
      "pitch_percent": 0.041273584905660375,
      "rhh_percent": 0.02032520325203252,
      "lhh_percent": 0.0702247191011236,
      "start_speed": 82.67714285714285,
      "max_start_speed": 84,
      "ivb": -13.154285714285717,
      "hb": -5.12,
      "release_pos_z": 6.114087596817953,
      "release_pos_x": 1.6750254628381172,
      "extension": 6.706243881661567,
      "pitches": 35,
      "whiffs": 2,
      "swings": 14,
      "spin_rate": 2564,
      "swing_miss_percent": 14.3,
      "arm_angle": 54.8,
      "barrels_per_pa_percent": 40,
      "hardhit_percent": 60,
      "whiffs_per_pitch": 0.05714285714285714,
      "active_spin_percent": 77.7
    }
  ]
}