{
  "pitcher_id": "683409",
  "pitcher_name": "Angel Chivilli",
  "pitches": [
    {
      "code": "FF",
      "title": "four-seam fastball",
      "color": "#D22D49",
      "count": 469,
      "pitch_percent": 0.4589041095890411,
      "rhh_percent": 0.4375,
      "lhh_percent": 0.49033816425120774,
      "start_speed": 97.05181236673768,
      "max_start_speed": 99.4,
      "ivb": 9.515991471215354,
      "hb": 14.258635394456284,
      "release_pos_z": 5.8112524977671525,
      "release_pos_x": 1.545979207857988,
      "extension": 6.320777861077013,
      "pitches": 469,
      "whiffs": 24,
      "swings": 218,
      "spin_rate": 2308,
      "swing_miss_percent": 11,
      "arm_angle": 34.3,
      "barrels_per_pa_percent": 6.896551724137931,
      "hardhit_percent": 57.01754385964912,
      "whiffs_per_pitch": 0.0511727078891258,
      "active_spin_percent": 99.3
    },
    {
      "code": "CH",
      "title": "changeup",
      "color": "#1DBF3A",
      "count": 374,
      "pitch_percent": 0.3659491193737769,
      "rhh_percent": 0.2911184210526316,
      "lhh_percent": 0.4758454106280193,
      "start_speed": 88.6633689839572,
      "max_start_speed": 91.8,
      "ivb": 7.040909090909103,
      "hb": 11.702673796791444,
      "release_pos_z": 5.754541149395904,
      "release_pos_x": 1.6397949722462373,
      "extension": 6.287397086452312,
      "pitches": 374,
      "whiffs": 83,
      "swings": 195,
      "spin_rate": 1848,
      "swing_miss_percent": 42.6,
      "arm_angle": 34.4,
      "barrels_per_pa_percent": 5.813953488372093,
      "hardhit_percent": 27.586206896551722,
      "whiffs_per_pitch": 0.22192513368983957,
      "active_spin_percent": 93.2
    },
    {
      "code": "SL",
      "title": "slider",
      "color": "#EEE716",
      "count": 179,
      "pitch_percent": 0.175146771037182,
      "rhh_percent": 0.2713815789473684,
      "lhh_percent": 0.033816425120772944,
      "start_speed": 90.2223463687151,
      "max_start_speed": 94.2,
      "ivb": 4.053072625698325,
      "hb": -0.9480446927374303,
      "release_pos_z": 5.802089585348717,
      "release_pos_x": 1.658516494918604,
      "extension": 6.227218670990999,
      "pitches": 179,
      "whiffs": 45,
      "swings": 99,
      "spin_rate": 2160,
      "swing_miss_percent": 45.5,
      "arm_angle": 34.9,
      "barrels_per_pa_percent": 11.627906976744185,
      "hardhit_percent": 19.35483870967742,
      "whiffs_per_pitch": 0.25139664804469275,
      "active_spin_percent": 25.7
    }
  ]
}