{
  "pitcher_id": "684007",
  "pitcher_name": "Shota Imanaga",
  "pitches": [
    {
      "code": "FF",
      "title": "four-seam fastball",
      "color": "#D22D49",
      "count": 1059,
      "pitch_percent": 0.4866727941176471,
      "rhh_percent": 0.48261134838316044,
      "lhh_percent": 0.49906890130353815,
      "start_speed": 90.84088762983941,
      "max_start_speed": 93.8,
      "ivb": 17.989990557129357,
      "hb": 11.920868744098211,
      "release_pos_z": 5.444890111002585,
      "release_pos_x": 2.4602912483456607,
      "extension": 6.191186823588693,
      "pitches": 1056,
      "whiffs": 89,
      "swings": 555,
      "spin_rate": 2482,
      "swing_miss_percent": 16,
      "arm_angle": 37.2,
      "barrels_per_pa_percent": 13.127413127413126,
      "hardhit_percent": 51.94174757281553,
      "whiffs_per_pitch": 0.08428030303030302,
      "active_spin_percent": 99.3
    },
    {
      "code": "FS",
      "title": "splitter",
      "color": "#3BACAC",
      "count": 683,
      "pitch_percent": 0.31387867647058826,
      "rhh_percent": 0.38316046369737644,
      "lhh_percent": 0.10242085661080075,
      "start_speed": 82.97320644216691,
      "max_start_speed": 85.5,
      "ivb": 6.685505124450949,
      "hb": 12.966910688140548,
      "release_pos_z": 5.400738275506618,
      "release_pos_x": 2.610414723431736,
      "extension": 6.308639120012509,
      "pitches": 682,
      "whiffs": 136,
      "swings": 419,
      "spin_rate": 1277,
      "swing_miss_percent": 32.5,
      "arm_angle": 35,
      "barrels_per_pa_percent": 6.046511627906977,
      "hardhit_percent": 37.01298701298701,
      "whiffs_per_pitch": 0.19941348973607037,
      "active_spin_percent": 95.1
    },
    {
      "code": "ST",
      "title": "sweeper",
      "color": "#DDB43A",
      "count": 362,
      "pitch_percent": 0.16636029411764705,
      "rhh_percent": 0.11104331909701037,
      "lhh_percent": 0.33519553072625696,
      "start_speed": 80.35248618784534,
      "max_start_speed": 83,
      "ivb": 1.9458563535911615,
      "hb": -11.866850828729282,
      "release_pos_z": 5.3399545047553,
      "release_pos_x": 2.849989536048377,
      "extension": 6.095865604966456,
      "pitches": 361,
      "whiffs": 58,
      "swings": 163,
      "spin_rate": 2533,
      "swing_miss_percent": 35.6,
      "arm_angle": 32.6,
      "barrels_per_pa_percent": 2.73972602739726,
      "hardhit_percent": 29.268292682926827,
      "whiffs_per_pitch": 0.16066481994459833,
      "active_spin_percent": 35
    },
    {
      "code": "CU",
      "title": "curveball",
      "color": "#00D2ED",
      "count": 35,
      "pitch_percent": 0.01608455882352941,
      "rhh_percent": 0.020134228187919462,
      "lhh_percent": 0.0037243947858473,
      "start_speed": 71.61428571428571,
      "max_start_speed": 76.7,
      "ivb": -12.700000000000001,
      "hb": -10.602857142857141,
      "release_pos_z": 5.7486255994068935,
      "release_pos_x": 2.1804919593200656,
      "extension": 6.230633070588001,
      "pitches": 35,
      "whiffs": 2,
      "swings": 9,
      "spin_rate": 2495,
      "swing_miss_percent": 22.2,
      "arm_angle": 48.3,
      "barrels_per_pa_percent": 0,
      "hardhit_percent": 66.66666666666666,
      "whiffs_per_pitch": 0.05714285714285714,
      "active_spin_percent": 80.2
    },
    {
      "code": "SI",
      "title": "sinker",
      "color": "#FE9E00",
      "count": 28,
      "pitch_percent": 0.012867647058823529,
      "rhh_percent": 0.0018303843807199512,
      "lhh_percent": 0.04655493482309125,
      "start_speed": 88.1642857142857,
      "max_start_speed": 89.9,
      "ivb": 9.346428571428573,
      "hb": 14.667857142857146,
      "release_pos_z": 5.375027904348017,
      "release_pos_x": 2.573818234681749,
      "extension": 6.238132421441153,
      "pitches": 28,
      "whiffs": 2,
      "swings": 17,
      "spin_rate": 1781,
      "swing_miss_percent": 11.8,
      "arm_angle": 33.1,
      "barrels_per_pa_percent": 0,
      "hardhit_percent": 50,
      "whiffs_per_pitch": 0.07142857142857142,
      "active_spin_percent": 91.5
    },
    {
      "code": "SL",
      "title": "slider",
      "color": "#EEE716",
      "count": 9,
      "pitch_percent": 0.004136029411764706,
      "rhh_percent": 0.0012202562538133007,
      "lhh_percent": 0.01303538175046555,
      "start_speed": 81.37777777777778,
      "max_start_speed": 83.6,
      "ivb": 6.066666666666667,
      "hb": -2.011111111111111,
      "release_pos_z": 5.29623162774878,
      "release_pos_x": 2.8854358029202722,
      "extension": 6.113595257807714,
      "pitches": 9,
      "whiffs": 1,
      "swings": 3,
      "spin_rate": 2579,
      "swing_miss_percent": 33.3,
      "arm_angle": 32,
      "barrels_per_pa_percent": 0,
      "hardhit_percent": 50,
      "whiffs_per_pitch": 0.1111111111111111,
      "active_spin_percent": null
    }
  ]
}