{
  "pitcher_id": "685005",
  "pitcher_name": "Christian Roa",
  "pitches": [
    {
      "code": "SI",
      "title": "sinker",
      "color": "#FE9E00",
      "count": 17,
      "pitch_percent": 0.4146341463414634,
      "rhh_percent": 0.56,
      "lhh_percent": 0.1875,
      "start_speed": 96.28235294117647,
      "max_start_speed": 98.1,
      "ivb": 13.064705882352943,
      "hb": 15.088235294117647,
      "release_pos_z": 6.272597780661777,
      "release_pos_x": 1.6027153424054708,
      "extension": 6.468962761348003,
      "pitches": 17,
      "whiffs": 0,
      "swings": 6,
      "spin_rate": 2112,
      "swing_miss_percent": 0,
      "arm_angle": 42.9,
      "barrels_per_pa_percent": 25,
      "hardhit_percent": 33.33333333333333,
      "whiffs_per_pitch": 0,
      "active_spin_percent": null
    },
    {
      "code": "SL",
      "title": "slider",
      "color": "#EEE716",
      "count": 12,
      "pitch_percent": 0.2926829268292683,
      "rhh_percent": 0.28,
      "lhh_percent": 0.3125,
      "start_speed": 87.45833333333333,
      "max_start_speed": 90.8,
      "ivb": -0.44999999999999996,
      "hb": -7.141666666666667,
      "release_pos_z": 6.152615263866163,
      "release_pos_x": 1.8399674549293854,
      "extension": 6.2859735881806635,
      "pitches": 12,
      "whiffs": 0,
      "swings": 4,
      "spin_rate": 2232,
      "swing_miss_percent": 0,
      "arm_angle": 39.5,
      "barrels_per_pa_percent": null,
      "hardhit_percent": null,
      "whiffs_per_pitch": 0,
      "active_spin_percent": null
    },
    {
      "code": "FF",
      "title": "four-seam fastball",
      "color": "#D22D49",
      "count": 9,
      "pitch_percent": 0.21951219512195122,
      "rhh_percent": 0.16,
      "lhh_percent": 0.3125,
      "start_speed": 97,
      "max_start_speed": 98.5,
      "ivb": 17.722222222222225,
      "hb": 8.911111111111111,
      "release_pos_z": 6.3349999986342915,
      "release_pos_x": 1.5127170938461605,
      "extension": 6.448769960889177,
      "pitches": 9,
      "whiffs": 2,
      "swings": 4,
      "spin_rate": 2267,
      "swing_miss_percent": 50,
      "arm_angle": 44.3,
      "barrels_per_pa_percent": 0,
      "hardhit_percent": 50,
      "whiffs_per_pitch": 0.2222222222222222,
      "active_spin_percent": null
    },
    {
      "code": "CH",
      "title": "changeup",
      "color": "#1DBF3A",
      "count": 3,
      "pitch_percent": 0.07317073170731707,
      "rhh_percent": 0,
      "lhh_percent": 0.1875,
      "start_speed": 86.73333333333335,
      "max_start_speed": 88.6,
      "ivb": 8.8,
      "hb": 13.166666666666666,
      "release_pos_z": 6.204794710612268,
      "release_pos_x": 1.6516064780901047,
      "extension": 6.537675740675275,
      "pitches": 3,
      "whiffs": 0,
      "swings": 1,
      "spin_rate": 1977,
      "swing_miss_percent": 0,
      "arm_angle": 45.1,
      "barrels_per_pa_percent": 0,
      "hardhit_percent": 100,
      "whiffs_per_pitch": 0,
      "active_spin_percent": null
    }
  ]
}