{
  "pitcher_id": "685068",
  "pitcher_name": "Carson Ragsdale",
  "pitches": [
    {
      "code": "CU",
      "title": "curveball",
      "color": "#00D2ED",
      "count": 30,
      "pitch_percent": 0.3157894736842105,
      "rhh_percent": 0.3220338983050847,
      "lhh_percent": 0.3055555555555556,
      "start_speed": 81.30333333333331,
      "max_start_speed": 83.4,
      "ivb": -12.966666666666667,
      "hb": -7.230000000000001,
      "release_pos_z": 6.245259757404939,
      "release_pos_x": 1.913124705631047,
      "extension": 6.550984014829294,
      "pitches": 30,
      "whiffs": 3,
      "swings": 15,
      "spin_rate": 2561,
      "swing_miss_percent": 20,
      "arm_angle": 45.6,
      "barrels_per_pa_percent": 0,
      "hardhit_percent": 0,
      "whiffs_per_pitch": 0.1,
      "active_spin_percent": null
    },
    {
      "code": "FF",
      "title": "four-seam fastball",
      "color": "#D22D49",
      "count": 27,
      "pitch_percent": 0.28421052631578947,
      "rhh_percent": 0.1864406779661017,
      "lhh_percent": 0.4444444444444444,
      "start_speed": 93.92962962962963,
      "max_start_speed": 96.4,
      "ivb": 17.218518518518515,
      "hb": 4.329629629629629,
      "release_pos_z": 6.308130598439409,
      "release_pos_x": 1.9736007609316317,
      "extension": 6.756398745223748,
      "pitches": 27,
      "whiffs": 4,
      "swings": 17,
      "spin_rate": 2269,
      "swing_miss_percent": 23.5,
      "arm_angle": 45.1,
      "barrels_per_pa_percent": 11.11111111111111,
      "hardhit_percent": 57.14285714285714,
      "whiffs_per_pitch": 0.14814814814814814,
      "active_spin_percent": null
    },
    {
      "code": "SI",
      "title": "sinker",
      "color": "#FE9E00",
      "count": 22,
      "pitch_percent": 0.23157894736842105,
      "rhh_percent": 0.3389830508474576,
      "lhh_percent": 0.05555555555555555,
      "start_speed": 92.41818181818181,
      "max_start_speed": 94.3,
      "ivb": 11.14090909090909,
      "hb": 13.036363636363637,
      "release_pos_z": 6.190356499884419,
      "release_pos_x": 1.972264761299813,
      "extension": 6.742724101702842,
      "pitches": 22,
      "whiffs": 1,
      "swings": 11,
      "spin_rate": 2100,
      "swing_miss_percent": 9.1,
      "arm_angle": 42.7,
      "barrels_per_pa_percent": 0,
      "hardhit_percent": 80,
      "whiffs_per_pitch": 0.045454545454545456,
      "active_spin_percent": null
    },
    {
      "code": "FS",
      "title": "splitter",
      "color": "#3BACAC",
      "count": 9,
      "pitch_percent": 0.09473684210526316,
      "rhh_percent": 0.03389830508474576,
      "lhh_percent": 0.19444444444444445,
      "start_speed": 88.02222222222223,
      "max_start_speed": 89.8,
      "ivb": 3.611111111111111,
      "hb": 6.033333333333334,
      "release_pos_z": 6.187508648178575,
      "release_pos_x": 2.0625747495438653,
      "extension": 6.8437554521492725,
      "pitches": 9,
      "whiffs": 0,
      "swings": 4,
      "spin_rate": 1275,
      "swing_miss_percent": 0,
      "arm_angle": 44.5,
      "barrels_per_pa_percent": 0,
      "hardhit_percent": 50,
      "whiffs_per_pitch": 0,
      "active_spin_percent": null
    },
    {
      "code": "SL",
      "title": "slider",
      "color": "#EEE716",
      "count": 7,
      "pitch_percent": 0.07368421052631578,
      "rhh_percent": 0.11864406779661017,
      "lhh_percent": 0,
      "start_speed": 89.22857142857141,
      "max_start_speed": 90.4,
      "ivb": 7.671428571428572,
      "hb": -3.5857142857142854,
      "release_pos_z": 6.1980975286853495,
      "release_pos_x": 2.090789327152401,
      "extension": 6.609866719707687,
      "pitches": 7,
      "whiffs": 0,
      "swings": 3,
      "spin_rate": 2371,
      "swing_miss_percent": 0,
      "arm_angle": 42.9,
      "barrels_per_pa_percent": 33.33333333333333,
      "hardhit_percent": 66.66666666666666,
      "whiffs_per_pitch": 0,
      "active_spin_percent": null
    }
  ]
}