{
  "pitcher_id": "685126",
  "pitcher_name": "Brandon Eisert",
  "pitches": [
    {
      "code": "SL",
      "title": "slider",
      "color": "#EEE716",
      "count": 433,
      "pitch_percent": 0.35667215815486,
      "rhh_percent": 0.15326251896813353,
      "lhh_percent": 0.5981981981981982,
      "start_speed": 85.10600461893775,
      "max_start_speed": 88,
      "ivb": 5.11385681293303,
      "hb": -2.425866050808313,
      "release_pos_z": 5.10513863453628,
      "release_pos_x": 3.9752186061869006,
      "extension": 7.100797398644169,
      "pitches": 435,
      "whiffs": 66,
      "swings": 227,
      "spin_rate": 2126,
      "swing_miss_percent": 29.1,
      "arm_angle": 33.6,
      "barrels_per_pa_percent": 6.923076923076923,
      "hardhit_percent": 39.56043956043956,
      "whiffs_per_pitch": 0.15172413793103448,
      "active_spin_percent": 41.8
    },
    {
      "code": "FF",
      "title": "four-seam fastball",
      "color": "#D22D49",
      "count": 383,
      "pitch_percent": 0.3154859967051071,
      "rhh_percent": 0.34446130500758726,
      "lhh_percent": 0.2810810810810811,
      "start_speed": 89.70156657963446,
      "max_start_speed": 92.8,
      "ivb": 15.177284595300263,
      "hb": 10.08798955613577,
      "release_pos_z": 5.122763368422759,
      "release_pos_x": 3.9941936793789363,
      "extension": 7.06885071852558,
      "pitches": 383,
      "whiffs": 42,
      "swings": 146,
      "spin_rate": 2048,
      "swing_miss_percent": 28.8,
      "arm_angle": 32,
      "barrels_per_pa_percent": 10.526315789473683,
      "hardhit_percent": 51.515151515151516,
      "whiffs_per_pitch": 0.10966057441253264,
      "active_spin_percent": 95.6
    },
    {
      "code": "CH",
      "title": "changeup",
      "color": "#1DBF3A",
      "count": 356,
      "pitch_percent": 0.2932454695222405,
      "rhh_percent": 0.4977238239757208,
      "lhh_percent": 0.05045045045045045,
      "start_speed": 83.60337078651692,
      "max_start_speed": 86.4,
      "ivb": 1.8671348314606753,
      "hb": 12.769101123595503,
      "release_pos_z": 4.998110032916386,
      "release_pos_x": 4.1129921136997245,
      "extension": 7.0718788382018944,
      "pitches": 356,
      "whiffs": 73,
      "swings": 174,
      "spin_rate": 1329,
      "swing_miss_percent": 42,
      "arm_angle": 30,
      "barrels_per_pa_percent": 3.0927835051546393,
      "hardhit_percent": 33.33333333333333,
      "whiffs_per_pitch": 0.2050561797752809,
      "active_spin_percent": 88.1
    },
    {
      "code": "SI",
      "title": "sinker",
      "color": "#FE9E00",
      "count": 40,
      "pitch_percent": 0.032948929159802305,
      "rhh_percent": 0.004552352048558422,
      "lhh_percent": 0.06666666666666667,
      "start_speed": 87.98250000000003,
      "max_start_speed": 89.9,
      "ivb": 8.819999999999999,
      "hb": 16.690000000000005,
      "release_pos_z": 5.007598635680233,
      "release_pos_x": 4.041773146286446,
      "extension": 7.050335433262544,
      "pitches": 40,
      "whiffs": 1,
      "swings": 20,
      "spin_rate": 1951,
      "swing_miss_percent": 5,
      "arm_angle": 32.1,
      "barrels_per_pa_percent": 7.142857142857142,
      "hardhit_percent": 9.090909090909092,
      "whiffs_per_pitch": 0.025,
      "active_spin_percent": 92.8
    },
    {
      "code": "ST",
      "title": "sweeper",
      "color": "#DDB43A",
      "count": 2,
      "pitch_percent": 0.0016474464579901153,
      "rhh_percent": 0,
      "lhh_percent": 0.0036036036036036037,
      "start_speed": 82.1,
      "max_start_speed": 82.4,
      "ivb": 0.5,
      "hb": -7.2,
      "release_pos_z": 4.7265203873057455,
      "release_pos_x": 3.9002158293016578,
      "extension": 5.779210836657862,
      "active_spin_percent": null
    }
  ]
}