{
  "pitcher_id": "685299",
  "pitcher_name": "Tanner Gordon",
  "pitches": [
    {
      "code": "FF",
      "title": "four-seam fastball",
      "color": "#D22D49",
      "count": 657,
      "pitch_percent": 0.5281350482315113,
      "rhh_percent": 0.5025125628140703,
      "lhh_percent": 0.5517774343122102,
      "start_speed": 92.26499238964999,
      "max_start_speed": 95.9,
      "ivb": 14.36544901065448,
      "hb": 11.126331811263313,
      "release_pos_z": 6.1860339444850965,
      "release_pos_x": 2.7311091791795667,
      "extension": 6.198716670446031,
      "pitches": 657,
      "whiffs": 49,
      "swings": 348,
      "spin_rate": 2250,
      "swing_miss_percent": 14.1,
      "arm_angle": 43.2,
      "barrels_per_pa_percent": 9.35672514619883,
      "hardhit_percent": 52.54237288135594,
      "whiffs_per_pitch": 0.0745814307458143,
      "active_spin_percent": 99.3
    },
    {
      "code": "SL",
      "title": "slider",
      "color": "#EEE716",
      "count": 311,
      "pitch_percent": 0.25,
      "rhh_percent": 0.4036850921273032,
      "lhh_percent": 0.10819165378670788,
      "start_speed": 84.25401929260457,
      "max_start_speed": 88.9,
      "ivb": 2.126688102893891,
      "hb": -1.5070739549839225,
      "release_pos_z": 6.065182634522356,
      "release_pos_x": 2.8787530083967705,
      "extension": 6.097022591272946,
      "pitches": 310,
      "whiffs": 30,
      "swings": 150,
      "spin_rate": 2100,
      "swing_miss_percent": 20,
      "arm_angle": 40.9,
      "barrels_per_pa_percent": 6.172839506172839,
      "hardhit_percent": 28.35820895522388,
      "whiffs_per_pitch": 0.0967741935483871,
      "active_spin_percent": 19.9
    },
    {
      "code": "CH",
      "title": "changeup",
      "color": "#1DBF3A",
      "count": 263,
      "pitch_percent": 0.21141479099678456,
      "rhh_percent": 0.08040201005025126,
      "lhh_percent": 0.3323029366306028,
      "start_speed": 83.20684410646392,
      "max_start_speed": 86.2,
      "ivb": 7.380608365019018,
      "hb": 12.333460076045636,
      "release_pos_z": 6.211167002774633,
      "release_pos_x": 2.7241846476444005,
      "extension": 6.331708808259897,
      "pitches": 262,
      "whiffs": 40,
      "swings": 154,
      "spin_rate": 2106,
      "swing_miss_percent": 26,
      "arm_angle": 44.7,
      "barrels_per_pa_percent": 8.974358974358974,
      "hardhit_percent": 37.704918032786885,
      "whiffs_per_pitch": 0.15267175572519084,
      "active_spin_percent": 94.3
    },
    {
      "code": "CU",
      "title": "curveball",
      "color": "#00D2ED",
      "count": 13,
      "pitch_percent": 0.01045016077170418,
      "rhh_percent": 0.01340033500837521,
      "lhh_percent": 0.0077279752704791345,
      "start_speed": 80.77692307692307,
      "max_start_speed": 82.3,
      "ivb": -2.0615384615384618,
      "hb": -1.6538461538461537,
      "release_pos_z": 6.098222065611872,
      "release_pos_x": 2.81110004258962,
      "extension": 6.095507949048143,
      "pitches": 12,
      "whiffs": 0,
      "swings": 7,
      "spin_rate": 2166,
      "swing_miss_percent": 0,
      "arm_angle": 42.8,
      "barrels_per_pa_percent": 25,
      "hardhit_percent": 25,
      "whiffs_per_pitch": 0,
      "active_spin_percent": 21.7
    }
  ]
}