{
  "pitcher_id": "686249",
  "pitcher_name": "Nathan Wiles",
  "pitches": [
    {
      "code": "CH",
      "title": "changeup",
      "color": "#1DBF3A",
      "count": 9,
      "pitch_percent": 0.375,
      "rhh_percent": 0.2222222222222222,
      "lhh_percent": 0.4666666666666667,
      "start_speed": 85.6,
      "max_start_speed": 87,
      "ivb": 7.333333333333333,
      "hb": 9.5,
      "release_pos_z": 6.46306276499374,
      "release_pos_x": 2.4594627584251287,
      "extension": 6.668760717661344,
      "pitches": 9,
      "whiffs": 1,
      "swings": 5,
      "spin_rate": 1681,
      "swing_miss_percent": 20,
      "arm_angle": 44.2,
      "barrels_per_pa_percent": 0,
      "hardhit_percent": 100,
      "whiffs_per_pitch": 0.1111111111111111,
      "active_spin_percent": null
    },
    {
      "code": "FF",
      "title": "four-seam fastball",
      "color": "#D22D49",
      "count": 9,
      "pitch_percent": 0.375,
      "rhh_percent": 0.4444444444444444,
      "lhh_percent": 0.3333333333333333,
      "start_speed": 93.88888888888889,
      "max_start_speed": 94.7,
      "ivb": 17.188888888888886,
      "hb": 6.588888888888888,
      "release_pos_z": 6.455400871187257,
      "release_pos_x": 2.502342552289674,
      "extension": 6.73013461249197,
      "pitches": 9,
      "whiffs": 1,
      "swings": 6,
      "spin_rate": 2452,
      "swing_miss_percent": 16.7,
      "arm_angle": 44.2,
      "barrels_per_pa_percent": 0,
      "hardhit_percent": 25,
      "whiffs_per_pitch": 0.1111111111111111,
      "active_spin_percent": null
    },
    {
      "code": "FC",
      "title": "cutter",
      "color": "#933F2C",
      "count": 6,
      "pitch_percent": 0.25,
      "rhh_percent": 0.3333333333333333,
      "lhh_percent": 0.2,
      "start_speed": 86.49999999999999,
      "max_start_speed": 87.9,
      "ivb": 5.75,
      "hb": -2.316666666666667,
      "release_pos_z": 6.352814206935007,
      "release_pos_x": 2.56976268888132,
      "extension": 6.786210892865107,
      "pitches": 6,
      "whiffs": 0,
      "swings": 3,
      "spin_rate": 2258,
      "swing_miss_percent": 0,
      "arm_angle": 42.2,
      "barrels_per_pa_percent": 0,
      "hardhit_percent": 100,
      "whiffs_per_pitch": 0,
      "active_spin_percent": null
    }
  ]
}