{
  "pitcher_id": "686654",
  "pitcher_name": "Ty Adcock",
  "pitches": [
    {
      "code": "FF",
      "title": "four-seam fastball",
      "color": "#D22D49",
      "count": 34,
      "pitch_percent": 0.4146341463414634,
      "rhh_percent": 0.375,
      "lhh_percent": 0.44,
      "start_speed": 97.11176470588234,
      "max_start_speed": 99.1,
      "ivb": 17.04705882352941,
      "hb": 5.5852941176470585,
      "release_pos_z": 6.0312435991653075,
      "release_pos_x": 1.1199998244637566,
      "extension": 6.255963407566407,
      "pitches": 34,
      "whiffs": 3,
      "swings": 18,
      "spin_rate": 2172,
      "swing_miss_percent": 16.7,
      "arm_angle": 47.7,
      "barrels_per_pa_percent": 0,
      "hardhit_percent": 0,
      "whiffs_per_pitch": 0.08823529411764706,
      "active_spin_percent": null
    },
    {
      "code": "SL",
      "title": "slider",
      "color": "#EEE716",
      "count": 25,
      "pitch_percent": 0.3048780487804878,
      "rhh_percent": 0.40625,
      "lhh_percent": 0.24,
      "start_speed": 86.9,
      "max_start_speed": 88.9,
      "ivb": -1.464,
      "hb": -2.9760000000000004,
      "release_pos_z": 6.051502099485042,
      "release_pos_x": 1.2832197114887174,
      "extension": 6.232284290680796,
      "pitches": 25,
      "whiffs": 4,
      "swings": 13,
      "spin_rate": 2199,
      "swing_miss_percent": 30.8,
      "arm_angle": 46.2,
      "barrels_per_pa_percent": 16.666666666666664,
      "hardhit_percent": 25,
      "whiffs_per_pitch": 0.16,
      "active_spin_percent": null
    },
    {
      "code": "FC",
      "title": "cutter",
      "color": "#933F2C",
      "count": 17,
      "pitch_percent": 0.2073170731707317,
      "rhh_percent": 0.1875,
      "lhh_percent": 0.22,
      "start_speed": 93.0529411764706,
      "max_start_speed": 94.6,
      "ivb": 9.717647058823529,
      "hb": -3.435294117647058,
      "release_pos_z": 6.0028356474126054,
      "release_pos_x": 1.2315121844625836,
      "extension": 6.284220309357189,
      "pitches": 17,
      "whiffs": 0,
      "swings": 10,
      "spin_rate": 2205,
      "swing_miss_percent": 0,
      "arm_angle": 47.4,
      "barrels_per_pa_percent": 0,
      "hardhit_percent": 100,
      "whiffs_per_pitch": 0,
      "active_spin_percent": null
    },
    {
      "code": "FS",
      "title": "splitter",
      "color": "#3BACAC",
      "count": 5,
      "pitch_percent": 0.06097560975609756,
      "rhh_percent": 0.03125,
      "lhh_percent": 0.08,
      "start_speed": 87.64000000000001,
      "max_start_speed": 89,
      "ivb": 5.24,
      "hb": 8.879999999999999,
      "release_pos_z": 6.17364062620374,
      "release_pos_x": 1.3567322008637928,
      "extension": 5.98049401739287,
      "pitches": 5,
      "whiffs": 1,
      "swings": 3,
      "spin_rate": 876,
      "swing_miss_percent": 33.3,
      "arm_angle": 45.1,
      "barrels_per_pa_percent": null,
      "hardhit_percent": null,
      "whiffs_per_pitch": 0.2,
      "active_spin_percent": null
    },
    {
      "code": "SI",
      "title": "sinker",
      "color": "#FE9E00",
      "count": 1,
      "pitch_percent": 0.012195121951219513,
      "rhh_percent": 0,
      "lhh_percent": 0.02,
      "start_speed": 94.9,
      "max_start_speed": 94.9,
      "ivb": 10.6,
      "hb": 12.6,
      "release_pos_z": 6.130229626721974,
      "release_pos_x": 1.0999556522188592,
      "extension": 6.158465341283922,
      "pitches": 1,
      "whiffs": 0,
      "swings": 0,
      "spin_rate": 2233,
      "swing_miss_percent": null,
      "arm_angle": 49.8,
      "barrels_per_pa_percent": null,
      "hardhit_percent": null,
      "whiffs_per_pitch": 0,
      "active_spin_percent": null
    }
  ]
}