{
  "pitcher_id": "686642",
  "pitcher_name": "Fraser Ellard",
  "pitches": [
    {
      "code": "FF",
      "title": "four-seam fastball",
      "color": "#D22D49",
      "count": 169,
      "pitch_percent": 0.513677811550152,
      "rhh_percent": 0.5508982035928144,
      "lhh_percent": 0.47530864197530864,
      "start_speed": 94.94260355029596,
      "max_start_speed": 97.6,
      "ivb": 14.666863905325448,
      "hb": 11.176923076923082,
      "release_pos_z": 5.737380037611467,
      "release_pos_x": 2.6866190642163787,
      "extension": 6.252383120122837,
      "pitches": 169,
      "whiffs": 23,
      "swings": 78,
      "spin_rate": 2536,
      "swing_miss_percent": 29.5,
      "arm_angle": 27.7,
      "barrels_per_pa_percent": 3.125,
      "hardhit_percent": 53.84615384615385,
      "whiffs_per_pitch": 0.13609467455621302,
      "active_spin_percent": 85.4
    },
    {
      "code": "SL",
      "title": "slider",
      "color": "#EEE716",
      "count": 86,
      "pitch_percent": 0.2613981762917933,
      "rhh_percent": 0.25149700598802394,
      "lhh_percent": 0.2716049382716049,
      "start_speed": 85.0627906976744,
      "max_start_speed": 88.9,
      "ivb": -2.0197674418604654,
      "hb": -6.833720930232559,
      "release_pos_z": 5.682220553982079,
      "release_pos_x": 2.783847628456811,
      "extension": 6.203904929405593,
      "pitches": 86,
      "whiffs": 15,
      "swings": 32,
      "spin_rate": 2357,
      "swing_miss_percent": 46.9,
      "arm_angle": 26.9,
      "barrels_per_pa_percent": 0,
      "hardhit_percent": 25,
      "whiffs_per_pitch": 0.1744186046511628,
      "active_spin_percent": 45.4
    },
    {
      "code": "SI",
      "title": "sinker",
      "color": "#FE9E00",
      "count": 48,
      "pitch_percent": 0.1458966565349544,
      "rhh_percent": 0.041916167664670656,
      "lhh_percent": 0.25308641975308643,
      "start_speed": 93.69583333333331,
      "max_start_speed": 96,
      "ivb": 6.312500000000001,
      "hb": 15.808333333333335,
      "release_pos_z": 5.714622963071598,
      "release_pos_x": 2.7497996634524213,
      "extension": 6.202544695149665,
      "pitches": 48,
      "whiffs": 2,
      "swings": 17,
      "spin_rate": 2395,
      "swing_miss_percent": 11.8,
      "arm_angle": 26.9,
      "barrels_per_pa_percent": 7.6923076923076925,
      "hardhit_percent": 50,
      "whiffs_per_pitch": 0.041666666666666664,
      "active_spin_percent": 76.6
    },
    {
      "code": "CH",
      "title": "changeup",
      "color": "#1DBF3A",
      "count": 24,
      "pitch_percent": 0.0729483282674772,
      "rhh_percent": 0.1437125748502994,
      "lhh_percent": 0,
      "start_speed": 89.88333333333334,
      "max_start_speed": 93,
      "ivb": 2.7375000000000003,
      "hb": 11.85,
      "release_pos_z": 5.810431428923128,
      "release_pos_x": 2.6761966782112836,
      "extension": 6.113594464013651,
      "pitches": 24,
      "whiffs": 6,
      "swings": 10,
      "spin_rate": 1689,
      "swing_miss_percent": 60,
      "arm_angle": 29.7,
      "barrels_per_pa_percent": 0,
      "hardhit_percent": 0,
      "whiffs_per_pitch": 0.25,
      "active_spin_percent": 73.7
    },
    {
      "code": "FC",
      "title": "cutter",
      "color": "#933F2C",
      "count": 2,
      "pitch_percent": 0.0060790273556231,
      "rhh_percent": 0.011976047904191617,
      "lhh_percent": 0,
      "start_speed": 89.85,
      "max_start_speed": 90.1,
      "ivb": 4.25,
      "hb": -0.45,
      "release_pos_z": 5.7113524551337695,
      "release_pos_x": 2.716786092089452,
      "extension": 5.800243488742613,
      "pitches": 2,
      "whiffs": 1,
      "swings": 1,
      "spin_rate": 2327,
      "swing_miss_percent": 100,
      "arm_angle": 27.1,
      "barrels_per_pa_percent": null,
      "hardhit_percent": null,
      "whiffs_per_pitch": 0.5,
      "active_spin_percent": null
    }
  ]
}