{
  "pitcher_id": "687849",
  "pitcher_name": "Zak Kent",
  "pitches": [
    {
      "code": "SL",
      "title": "slider",
      "color": "#EEE716",
      "count": 121,
      "pitch_percent": 0.39285714285714285,
      "rhh_percent": 0.5555555555555556,
      "lhh_percent": 0.2931937172774869,
      "start_speed": 85.73719008264463,
      "max_start_speed": 88.6,
      "ivb": -3.7636363636363637,
      "hb": -6.534710743801654,
      "release_pos_z": 6.190879028234409,
      "release_pos_x": 1.004677622963084,
      "extension": 6.104091221140101,
      "pitches": 121,
      "whiffs": 16,
      "swings": 58,
      "spin_rate": 2850,
      "swing_miss_percent": 27.6,
      "arm_angle": 50.8,
      "barrels_per_pa_percent": 0,
      "hardhit_percent": 23.809523809523807,
      "whiffs_per_pitch": 0.1322314049586777,
      "active_spin_percent": 47.5
    },
    {
      "code": "FF",
      "title": "four-seam fastball",
      "color": "#D22D49",
      "count": 90,
      "pitch_percent": 0.2922077922077922,
      "rhh_percent": 0.21367521367521367,
      "lhh_percent": 0.3403141361256545,
      "start_speed": 92.56111111111112,
      "max_start_speed": 96,
      "ivb": 9.727777777777778,
      "hb": -1.9211111111111119,
      "release_pos_z": 6.26058608782489,
      "release_pos_x": 0.9704541911792354,
      "extension": 6.049575160799955,
      "pitches": 90,
      "whiffs": 10,
      "swings": 42,
      "spin_rate": 2762,
      "swing_miss_percent": 23.8,
      "arm_angle": 51.8,
      "barrels_per_pa_percent": 0,
      "hardhit_percent": 33.33333333333333,
      "whiffs_per_pitch": 0.1111111111111111,
      "active_spin_percent": 51.7
    },
    {
      "code": "CU",
      "title": "curveball",
      "color": "#00D2ED",
      "count": 77,
      "pitch_percent": 0.25,
      "rhh_percent": 0.1111111111111111,
      "lhh_percent": 0.33507853403141363,
      "start_speed": 81.57922077922075,
      "max_start_speed": 83.9,
      "ivb": -14.7987012987013,
      "hb": -7.537662337662342,
      "release_pos_z": 6.252175424984884,
      "release_pos_x": 0.9317340661202205,
      "extension": 6.088487997282722,
      "pitches": 77,
      "whiffs": 3,
      "swings": 24,
      "spin_rate": 2851,
      "swing_miss_percent": 12.5,
      "arm_angle": 53.3,
      "barrels_per_pa_percent": 0,
      "hardhit_percent": 25,
      "whiffs_per_pitch": 0.03896103896103896,
      "active_spin_percent": 81.4
    },
    {
      "code": "SI",
      "title": "sinker",
      "color": "#FE9E00",
      "count": 20,
      "pitch_percent": 0.06493506493506493,
      "rhh_percent": 0.11965811965811966,
      "lhh_percent": 0.031413612565445025,
      "start_speed": 93.61,
      "max_start_speed": 95.4,
      "ivb": 11.724999999999998,
      "hb": 8.459999999999999,
      "release_pos_z": 6.170871686794461,
      "release_pos_x": 0.8826421194475096,
      "extension": 5.950729205497369,
      "pitches": 20,
      "whiffs": 1,
      "swings": 7,
      "spin_rate": 2619,
      "swing_miss_percent": 14.3,
      "arm_angle": 48.4,
      "barrels_per_pa_percent": 0,
      "hardhit_percent": 50,
      "whiffs_per_pitch": 0.05,
      "active_spin_percent": 68
    }
  ]
}