{
  "pitcher_id": "687830",
  "pitcher_name": "Sawyer Gipson-Long",
  "pitches": [
    {
      "code": "FF",
      "title": "four-seam fastball",
      "color": "#D22D49",
      "count": 131,
      "pitch_percent": 0.28293736501079914,
      "rhh_percent": 0.20361990950226244,
      "lhh_percent": 0.35537190082644626,
      "start_speed": 92.78549618320608,
      "max_start_speed": 95.7,
      "ivb": 14.37786259541984,
      "hb": 10.793129770992367,
      "release_pos_z": 5.382615719337174,
      "release_pos_x": 2.265107793627675,
      "extension": 7.350122823828554,
      "pitches": 131,
      "whiffs": 9,
      "swings": 66,
      "spin_rate": 2296,
      "swing_miss_percent": 13.6,
      "arm_angle": 29.2,
      "barrels_per_pa_percent": 20.930232558139537,
      "hardhit_percent": 54.285714285714285,
      "whiffs_per_pitch": 0.06870229007633588,
      "active_spin_percent": 88.3
    },
    {
      "code": "SL",
      "title": "slider",
      "color": "#EEE716",
      "count": 99,
      "pitch_percent": 0.21382289416846653,
      "rhh_percent": 0.29411764705882354,
      "lhh_percent": 0.14049586776859505,
      "start_speed": 82.33333333333333,
      "max_start_speed": 84.8,
      "ivb": -1.406060606060606,
      "hb": -7.063636363636358,
      "release_pos_z": 5.332574042246875,
      "release_pos_x": 2.254404522131723,
      "extension": 7.2769084043568535,
      "pitches": 99,
      "whiffs": 21,
      "swings": 47,
      "spin_rate": 2638,
      "swing_miss_percent": 44.7,
      "arm_angle": 29.1,
      "barrels_per_pa_percent": 4.545454545454546,
      "hardhit_percent": 18.75,
      "whiffs_per_pitch": 0.21212121212121213,
      "active_spin_percent": 41.6
    },
    {
      "code": "CH",
      "title": "changeup",
      "color": "#1DBF3A",
      "count": 98,
      "pitch_percent": 0.21166306695464362,
      "rhh_percent": 0.12669683257918551,
      "lhh_percent": 0.2892561983471074,
      "start_speed": 84.18877551020408,
      "max_start_speed": 88.9,
      "ivb": 1.7642857142857142,
      "hb": 13.622448979591832,
      "release_pos_z": 5.374210211606104,
      "release_pos_x": 2.2300965000107706,
      "extension": 7.476795369337583,
      "pitches": 98,
      "whiffs": 18,
      "swings": 43,
      "spin_rate": 1311,
      "swing_miss_percent": 41.9,
      "arm_angle": 30.4,
      "barrels_per_pa_percent": 0,
      "hardhit_percent": 33.33333333333333,
      "whiffs_per_pitch": 0.1836734693877551,
      "active_spin_percent": 98.8
    },
    {
      "code": "SI",
      "title": "sinker",
      "color": "#FE9E00",
      "count": 85,
      "pitch_percent": 0.183585313174946,
      "rhh_percent": 0.36199095022624433,
      "lhh_percent": 0.02066115702479339,
      "start_speed": 91.07294117647061,
      "max_start_speed": 94.6,
      "ivb": 4.989411764705882,
      "hb": 15.276470588235297,
      "release_pos_z": 5.308367778426258,
      "release_pos_x": 2.206433525978561,
      "extension": 7.346219988091319,
      "pitches": 85,
      "whiffs": 5,
      "swings": 50,
      "spin_rate": 2196,
      "swing_miss_percent": 10,
      "arm_angle": 28.9,
      "barrels_per_pa_percent": 3.225806451612903,
      "hardhit_percent": 30.76923076923077,
      "whiffs_per_pitch": 0.058823529411764705,
      "active_spin_percent": 82.9
    },
    {
      "code": "FC",
      "title": "cutter",
      "color": "#933F2C",
      "count": 50,
      "pitch_percent": 0.1079913606911447,
      "rhh_percent": 0.013574660633484163,
      "lhh_percent": 0.19421487603305784,
      "start_speed": 87.65399999999998,
      "max_start_speed": 90.5,
      "ivb": 7.758000000000003,
      "hb": -1.9559999999999997,
      "release_pos_z": 5.32302376266084,
      "release_pos_x": 2.227711651410941,
      "extension": 7.226976815844949,
      "pitches": 50,
      "whiffs": 5,
      "swings": 32,
      "spin_rate": 2523,
      "swing_miss_percent": 15.6,
      "arm_angle": 28,
      "barrels_per_pa_percent": 12.5,
      "hardhit_percent": 46.15384615384615,
      "whiffs_per_pitch": 0.1,
      "active_spin_percent": 42
    }
  ]
}