{
  "pitcher_id": "687922",
  "pitcher_name": "Easton Lucas",
  "pitches": [
    {
      "code": "FF",
      "title": "four-seam fastball",
      "color": "#D22D49",
      "count": 218,
      "pitch_percent": 0.4977168949771689,
      "rhh_percent": 0.4967105263157895,
      "lhh_percent": 0.5,
      "start_speed": 93.81330275229361,
      "max_start_speed": 97.2,
      "ivb": 17.38853211009174,
      "hb": 5.092201834862387,
      "release_pos_z": 6.258016496116734,
      "release_pos_x": 2.214181201052952,
      "extension": 6.29961137904931,
      "pitches": 218,
      "whiffs": 35,
      "swings": 129,
      "spin_rate": 2208,
      "swing_miss_percent": 27.1,
      "arm_angle": 49.3,
      "barrels_per_pa_percent": 6.557377049180328,
      "hardhit_percent": 51.35135135135135,
      "whiffs_per_pitch": 0.16055045871559634,
      "active_spin_percent": 91.7
    },
    {
      "code": "CH",
      "title": "changeup",
      "color": "#1DBF3A",
      "count": 92,
      "pitch_percent": 0.2100456621004566,
      "rhh_percent": 0.28618421052631576,
      "lhh_percent": 0.03731343283582089,
      "start_speed": 87.35978260869564,
      "max_start_speed": 90.7,
      "ivb": 7.396739130434785,
      "hb": 13.580434782608691,
      "release_pos_z": 6.044033617281122,
      "release_pos_x": 2.4267770143065537,
      "extension": 6.406858877652291,
      "pitches": 92,
      "whiffs": 10,
      "swings": 40,
      "spin_rate": 1369,
      "swing_miss_percent": 25,
      "arm_angle": 45.5,
      "barrels_per_pa_percent": 6.666666666666667,
      "hardhit_percent": 28.57142857142857,
      "whiffs_per_pitch": 0.10869565217391304,
      "active_spin_percent": 96.3
    },
    {
      "code": "SL",
      "title": "slider",
      "color": "#EEE716",
      "count": 53,
      "pitch_percent": 0.12100456621004566,
      "rhh_percent": 0.08552631578947369,
      "lhh_percent": 0.20149253731343283,
      "start_speed": 86.42452830188681,
      "max_start_speed": 89.5,
      "ivb": 1.8037735849056606,
      "hb": -3.3660377358490567,
      "release_pos_z": 6.197685341326096,
      "release_pos_x": 2.25302105022385,
      "extension": 6.296928309071254,
      "pitches": 53,
      "whiffs": 5,
      "swings": 25,
      "spin_rate": 2255,
      "swing_miss_percent": 20,
      "arm_angle": 49.4,
      "barrels_per_pa_percent": 11.76470588235294,
      "hardhit_percent": 54.54545454545454,
      "whiffs_per_pitch": 0.09433962264150944,
      "active_spin_percent": 24.9
    },
    {
      "code": "ST",
      "title": "sweeper",
      "color": "#DDB43A",
      "count": 43,
      "pitch_percent": 0.09817351598173515,
      "rhh_percent": 0.03289473684210526,
      "lhh_percent": 0.2462686567164179,
      "start_speed": 81.13720930232559,
      "max_start_speed": 83.7,
      "ivb": 1.4697674418604658,
      "hb": -11.516279069767442,
      "release_pos_z": 6.098162464331243,
      "release_pos_x": 2.377356537807487,
      "extension": 6.282448838055291,
      "pitches": 43,
      "whiffs": 2,
      "swings": 17,
      "spin_rate": 2341,
      "swing_miss_percent": 11.8,
      "arm_angle": 47.1,
      "barrels_per_pa_percent": 14.285714285714285,
      "hardhit_percent": 40,
      "whiffs_per_pitch": 0.046511627906976744,
      "active_spin_percent": 36.3
    },
    {
      "code": "FC",
      "title": "cutter",
      "color": "#933F2C",
      "count": 32,
      "pitch_percent": 0.0730593607305936,
      "rhh_percent": 0.09868421052631579,
      "lhh_percent": 0.014925373134328358,
      "start_speed": 91.48125000000003,
      "max_start_speed": 93.5,
      "ivb": 9.39375,
      "hb": -1.4625000000000001,
      "release_pos_z": 6.173237640304476,
      "release_pos_x": 2.3408168240741607,
      "extension": 6.370331780481371,
      "pitches": 32,
      "whiffs": 2,
      "swings": 15,
      "spin_rate": 2237,
      "swing_miss_percent": 13.3,
      "arm_angle": 47.6,
      "barrels_per_pa_percent": 0,
      "hardhit_percent": 16.666666666666664,
      "whiffs_per_pitch": 0.0625,
      "active_spin_percent": 55.3
    }
  ]
}