{
  "pitcher_id": "690916",
  "pitcher_name": "Richard Fitts",
  "pitches": [
    {
      "code": "FF",
      "title": "four-seam fastball",
      "color": "#D22D49",
      "count": 282,
      "pitch_percent": 0.3873626373626374,
      "rhh_percent": 0.3,
      "lhh_percent": 0.4881656804733728,
      "start_speed": 95.89078014184405,
      "max_start_speed": 98.9,
      "ivb": 17.00851063829787,
      "hb": 2.4358156028368785,
      "release_pos_z": 6.032944957411157,
      "release_pos_x": 1.9928215789797876,
      "extension": 6.658012366292148,
      "pitches": 284,
      "whiffs": 34,
      "swings": 145,
      "spin_rate": 2452,
      "swing_miss_percent": 23.4,
      "arm_angle": 52.5,
      "barrels_per_pa_percent": 8.47457627118644,
      "hardhit_percent": 59.45945945945946,
      "whiffs_per_pitch": 0.11971830985915492,
      "active_spin_percent": 85.5
    },
    {
      "code": "SL",
      "title": "slider",
      "color": "#EEE716",
      "count": 207,
      "pitch_percent": 0.28434065934065933,
      "rhh_percent": 0.3384615384615385,
      "lhh_percent": 0.22189349112426035,
      "start_speed": 87.7797101449275,
      "max_start_speed": 90.3,
      "ivb": 0.44734299516908194,
      "hb": -4.266666666666667,
      "release_pos_z": 5.996144297596139,
      "release_pos_x": 2.071985568892374,
      "extension": 6.607197609229375,
      "pitches": 206,
      "whiffs": 29,
      "swings": 113,
      "spin_rate": 2410,
      "swing_miss_percent": 25.7,
      "arm_angle": 52.8,
      "barrels_per_pa_percent": 12.903225806451612,
      "hardhit_percent": 56.81818181818182,
      "whiffs_per_pitch": 0.1407766990291262,
      "active_spin_percent": 30.1
    },
    {
      "code": "CU",
      "title": "curveball",
      "color": "#00D2ED",
      "count": 78,
      "pitch_percent": 0.10714285714285714,
      "rhh_percent": 0.007692307692307693,
      "lhh_percent": 0.22189349112426035,
      "start_speed": 82.97179487179487,
      "max_start_speed": 85.4,
      "ivb": -9.575641025641026,
      "hb": -5.820512820512818,
      "release_pos_z": 6.1002874002026575,
      "release_pos_x": 1.9456999217212372,
      "extension": 6.55587499966759,
      "pitches": 81,
      "whiffs": 7,
      "swings": 38,
      "spin_rate": 2498,
      "swing_miss_percent": 18.4,
      "arm_angle": 55.8,
      "barrels_per_pa_percent": 9.090909090909092,
      "hardhit_percent": 44.44444444444444,
      "whiffs_per_pitch": 0.08641975308641975,
      "active_spin_percent": 59
    },
    {
      "code": "ST",
      "title": "sweeper",
      "color": "#DDB43A",
      "count": 78,
      "pitch_percent": 0.10714285714285714,
      "rhh_percent": 0.19487179487179487,
      "lhh_percent": 0.005917159763313609,
      "start_speed": 85.01025641025639,
      "max_start_speed": 88,
      "ivb": 1.0923076923076922,
      "hb": -12.648717948717948,
      "release_pos_z": 5.971481242920695,
      "release_pos_x": 2.199520964575843,
      "extension": 6.60230136637101,
      "pitches": 78,
      "whiffs": 19,
      "swings": 48,
      "spin_rate": 2454,
      "swing_miss_percent": 39.6,
      "arm_angle": 51,
      "barrels_per_pa_percent": 8.695652173913043,
      "hardhit_percent": 30.76923076923077,
      "whiffs_per_pitch": 0.24358974358974358,
      "active_spin_percent": 38.4
    },
    {
      "code": "SI",
      "title": "sinker",
      "color": "#FE9E00",
      "count": 64,
      "pitch_percent": 0.08791208791208792,
      "rhh_percent": 0.15897435897435896,
      "lhh_percent": 0.005917159763313609,
      "start_speed": 94.83437500000001,
      "max_start_speed": 97.4,
      "ivb": 14.167187499999999,
      "hb": 12.3140625,
      "release_pos_z": 6.022980852634139,
      "release_pos_x": 2.018371234298959,
      "extension": 6.717137057253894,
      "pitches": 66,
      "whiffs": 7,
      "swings": 38,
      "spin_rate": 2204,
      "swing_miss_percent": 18.4,
      "arm_angle": 52.3,
      "barrels_per_pa_percent": 0,
      "hardhit_percent": 33.33333333333333,
      "whiffs_per_pitch": 0.10606060606060606,
      "active_spin_percent": 85.2
    },
    {
      "code": "CH",
      "title": "changeup",
      "color": "#1DBF3A",
      "count": 19,
      "pitch_percent": 0.0260989010989011,
      "rhh_percent": 0,
      "lhh_percent": 0.05621301775147929,
      "start_speed": 89.2578947368421,
      "max_start_speed": 91.3,
      "ivb": 6.321052631578948,
      "hb": 9.963157894736844,
      "release_pos_z": 5.929194882275417,
      "release_pos_x": 2.2624460691682313,
      "extension": 6.617412851803819,
      "pitches": 19,
      "whiffs": 3,
      "swings": 8,
      "spin_rate": 1600,
      "swing_miss_percent": 37.5,
      "arm_angle": 47.1,
      "barrels_per_pa_percent": 0,
      "hardhit_percent": 0,
      "whiffs_per_pitch": 0.15789473684210525,
      "active_spin_percent": 69.1
    }
  ]
}