{
  "pitcher_id": "691587",
  "pitcher_name": "Eury Pérez",
  "pitches": [
    {
      "code": "FF",
      "title": "four-seam fastball",
      "color": "#D22D49",
      "count": 862,
      "pitch_percent": 0.5152420800956365,
      "rhh_percent": 0.5022488755622189,
      "lhh_percent": 0.5238568588469185,
      "start_speed": 97.88805104408348,
      "max_start_speed": 101.5,
      "ivb": 17.671693735498835,
      "hb": 10.255336426914162,
      "release_pos_z": 6.000441090155229,
      "release_pos_x": 1.714464973737012,
      "extension": 6.462156199489015,
      "pitches": 858,
      "whiffs": 106,
      "swings": 494,
      "spin_rate": 2686,
      "swing_miss_percent": 21.5,
      "arm_angle": 31.7,
      "barrels_per_pa_percent": 6.912442396313365,
      "hardhit_percent": 52.41379310344828,
      "whiffs_per_pitch": 0.12354312354312354,
      "active_spin_percent": 96.2
    },
    {
      "code": "SL",
      "title": "slider",
      "color": "#EEE716",
      "count": 386,
      "pitch_percent": 0.23072325164375374,
      "rhh_percent": 0.272863568215892,
      "lhh_percent": 0.20278330019880716,
      "start_speed": 85.96191709844557,
      "max_start_speed": 89.7,
      "ivb": 4.162694300518137,
      "hb": -1.5800518134715011,
      "release_pos_z": 5.703960951644029,
      "release_pos_x": 1.970747181394339,
      "extension": 6.486014635971604,
      "pitches": 385,
      "whiffs": 71,
      "swings": 178,
      "spin_rate": 2488,
      "swing_miss_percent": 39.9,
      "arm_angle": 27,
      "barrels_per_pa_percent": 2.2988505747126435,
      "hardhit_percent": 40.816326530612244,
      "whiffs_per_pitch": 0.18441558441558442,
      "active_spin_percent": 25.3
    },
    {
      "code": "CU",
      "title": "curveball",
      "color": "#00D2ED",
      "count": 153,
      "pitch_percent": 0.09145248057381948,
      "rhh_percent": 0.031484257871064465,
      "lhh_percent": 0.1312127236580517,
      "start_speed": 79.8882352941176,
      "max_start_speed": 84.3,
      "ivb": -7.455555555555556,
      "hb": -10.571895424836601,
      "release_pos_z": 6.071600815685665,
      "release_pos_x": 1.7518674720592198,
      "extension": 6.538172736151408,
      "pitches": 153,
      "whiffs": 14,
      "swings": 68,
      "spin_rate": 2831,
      "swing_miss_percent": 20.6,
      "arm_angle": 36.3,
      "barrels_per_pa_percent": 5.263157894736842,
      "hardhit_percent": 36.666666666666664,
      "whiffs_per_pitch": 0.0915032679738562,
      "active_spin_percent": 59.3
    },
    {
      "code": "CH",
      "title": "changeup",
      "color": "#1DBF3A",
      "count": 131,
      "pitch_percent": 0.07830245068738792,
      "rhh_percent": 0.022488755622188907,
      "lhh_percent": 0.11530815109343936,
      "start_speed": 89.68091603053438,
      "max_start_speed": 92.3,
      "ivb": 8.291603053435109,
      "hb": 15.011450381679388,
      "release_pos_z": 5.703317844108857,
      "release_pos_x": 1.9930285703605464,
      "extension": 6.561318522210606,
      "pitches": 131,
      "whiffs": 22,
      "swings": 36,
      "spin_rate": 1742,
      "swing_miss_percent": 61.1,
      "arm_angle": 26.1,
      "barrels_per_pa_percent": 6.666666666666667,
      "hardhit_percent": 20,
      "whiffs_per_pitch": 0.16793893129770993,
      "active_spin_percent": 99.1
    },
    {
      "code": "ST",
      "title": "sweeper",
      "color": "#DDB43A",
      "count": 127,
      "pitch_percent": 0.07591153616258219,
      "rhh_percent": 0.1664167916041979,
      "lhh_percent": 0.015904572564612324,
      "start_speed": 82.73622047244098,
      "max_start_speed": 85.7,
      "ivb": 8.71181102362205,
      "hb": -9.788188976377953,
      "release_pos_z": 5.739849827427765,
      "release_pos_x": 1.9449372091007344,
      "extension": 6.448185425335361,
      "pitches": 128,
      "whiffs": 26,
      "swings": 56,
      "spin_rate": 2549,
      "swing_miss_percent": 46.4,
      "arm_angle": 27.9,
      "barrels_per_pa_percent": 4,
      "hardhit_percent": 30.76923076923077,
      "whiffs_per_pitch": 0.203125,
      "active_spin_percent": 37.1
    },
    {
      "code": "SI",
      "title": "sinker",
      "color": "#FE9E00",
      "count": 14,
      "pitch_percent": 0.008368200836820083,
      "rhh_percent": 0.004497751124437781,
      "lhh_percent": 0.010934393638170975,
      "start_speed": 96.57857142857142,
      "max_start_speed": 98.1,
      "ivb": 12.078571428571427,
      "hb": 16.54285714285714,
      "release_pos_z": 5.720826851798504,
      "release_pos_x": 1.923231780779947,
      "extension": 6.516780431937808,
      "pitches": 18,
      "whiffs": 0,
      "swings": 10,
      "spin_rate": 2371,
      "swing_miss_percent": 0,
      "arm_angle": 25.1,
      "barrels_per_pa_percent": 33.33333333333333,
      "hardhit_percent": 100,
      "whiffs_per_pitch": 0,
      "active_spin_percent": 94.9
    }
  ]
}