{
  "pitcher_id": "691799",
  "pitcher_name": "Grant Taylor",
  "pitches": [
    {
      "code": "FF",
      "title": "four-seam fastball",
      "color": "#D22D49",
      "count": 337,
      "pitch_percent": 0.5533661740558292,
      "rhh_percent": 0.5584905660377358,
      "lhh_percent": 0.5494186046511628,
      "start_speed": 98.67537091988132,
      "max_start_speed": 102.2,
      "ivb": 16.834718100890207,
      "hb": 0.5528189910979231,
      "release_pos_z": 5.867316944933788,
      "release_pos_x": 0.5747413144470128,
      "extension": 7.405116980760335,
      "pitches": 333,
      "whiffs": 53,
      "swings": 163,
      "spin_rate": 2430,
      "swing_miss_percent": 32.5,
      "arm_angle": 59.2,
      "barrels_per_pa_percent": 3.896103896103896,
      "hardhit_percent": 58.333333333333336,
      "whiffs_per_pitch": 0.15915915915915915,
      "active_spin_percent": 85.4
    },
    {
      "code": "CU",
      "title": "curveball",
      "color": "#00D2ED",
      "count": 132,
      "pitch_percent": 0.21674876847290642,
      "rhh_percent": 0.1660377358490566,
      "lhh_percent": 0.2558139534883721,
      "start_speed": 85.23560606060605,
      "max_start_speed": 88.4,
      "ivb": -13.903787878787881,
      "hb": -2.9696969696969706,
      "release_pos_z": 5.910894570942256,
      "release_pos_x": 0.5807543651890055,
      "extension": 7.26092233070737,
      "pitches": 132,
      "whiffs": 20,
      "swings": 54,
      "spin_rate": 2486,
      "swing_miss_percent": 37,
      "arm_angle": 61.1,
      "barrels_per_pa_percent": 0,
      "hardhit_percent": 45,
      "whiffs_per_pitch": 0.15151515151515152,
      "active_spin_percent": 79.2
    },
    {
      "code": "FC",
      "title": "cutter",
      "color": "#933F2C",
      "count": 101,
      "pitch_percent": 0.16584564860426929,
      "rhh_percent": 0.12830188679245283,
      "lhh_percent": 0.19476744186046513,
      "start_speed": 95.28316831683172,
      "max_start_speed": 97.8,
      "ivb": 6.439603960396041,
      "hb": -3.0821782178217836,
      "release_pos_z": 5.732113265638709,
      "release_pos_x": 0.959392281621098,
      "extension": 7.325905085275257,
      "pitches": 101,
      "whiffs": 10,
      "swings": 52,
      "spin_rate": 2569,
      "swing_miss_percent": 19.2,
      "arm_angle": 51.7,
      "barrels_per_pa_percent": 3.571428571428571,
      "hardhit_percent": 60,
      "whiffs_per_pitch": 0.09900990099009901,
      "active_spin_percent": 48
    },
    {
      "code": "SL",
      "title": "slider",
      "color": "#EEE716",
      "count": 39,
      "pitch_percent": 0.06403940886699508,
      "rhh_percent": 0.1471698113207547,
      "lhh_percent": 0,
      "start_speed": 90.05128205128206,
      "max_start_speed": 93,
      "ivb": -1.8871794871794867,
      "hb": -4.999999999999999,
      "release_pos_z": 5.770213644121117,
      "release_pos_x": 0.9566018271135625,
      "extension": 7.227035582866699,
      "pitches": 39,
      "whiffs": 6,
      "swings": 19,
      "spin_rate": 2686,
      "swing_miss_percent": 31.6,
      "arm_angle": 52.1,
      "barrels_per_pa_percent": 10,
      "hardhit_percent": 28.57142857142857,
      "whiffs_per_pitch": 0.15384615384615385,
      "active_spin_percent": 33.4
    }
  ]
}