{
  "pitcher_id": "692030",
  "pitcher_name": "Jose Corniell",
  "pitches": [
    {
      "code": "FF",
      "title": "four-seam fastball",
      "color": "#D22D49",
      "count": 20,
      "pitch_percent": 0.4878048780487805,
      "rhh_percent": null,
      "lhh_percent": 0.4878048780487805,
      "start_speed": 96.35499999999999,
      "max_start_speed": 97.2,
      "ivb": 13.555000000000001,
      "hb": 10.084999999999999,
      "release_pos_z": 5.7040683352666495,
      "release_pos_x": 1.2955433238760052,
      "extension": 6.866316272970904,
      "pitches": 20,
      "whiffs": 5,
      "swings": 16,
      "spin_rate": 2107,
      "swing_miss_percent": 31.3,
      "arm_angle": 34.8,
      "barrels_per_pa_percent": 16.666666666666664,
      "hardhit_percent": 60,
      "whiffs_per_pitch": 0.25,
      "active_spin_percent": null
    },
    {
      "code": "FC",
      "title": "cutter",
      "color": "#933F2C",
      "count": 12,
      "pitch_percent": 0.2926829268292683,
      "rhh_percent": null,
      "lhh_percent": 0.2926829268292683,
      "start_speed": 92.66666666666667,
      "max_start_speed": 94.4,
      "ivb": 6.566666666666667,
      "hb": 1.2416666666666665,
      "release_pos_z": 5.736904908718057,
      "release_pos_x": 1.3980159628679782,
      "extension": 6.760004934789747,
      "pitches": 12,
      "whiffs": 0,
      "swings": 5,
      "spin_rate": 2142,
      "swing_miss_percent": 0,
      "arm_angle": 35.9,
      "barrels_per_pa_percent": 0,
      "hardhit_percent": 50,
      "whiffs_per_pitch": 0,
      "active_spin_percent": null
    },
    {
      "code": "CH",
      "title": "changeup",
      "color": "#1DBF3A",
      "count": 8,
      "pitch_percent": 0.1951219512195122,
      "rhh_percent": null,
      "lhh_percent": 0.1951219512195122,
      "start_speed": 87.875,
      "max_start_speed": 90.2,
      "ivb": 5.824999999999999,
      "hb": 13.2125,
      "release_pos_z": 5.672146173095387,
      "release_pos_x": 1.3481226573951792,
      "extension": 6.978029980546307,
      "pitches": 8,
      "whiffs": 2,
      "swings": 3,
      "spin_rate": 1524,
      "swing_miss_percent": 66.7,
      "arm_angle": 36.3,
      "barrels_per_pa_percent": null,
      "hardhit_percent": null,
      "whiffs_per_pitch": 0.25,
      "active_spin_percent": null
    },
    {
      "code": "ST",
      "title": "sweeper",
      "color": "#DDB43A",
      "count": 1,
      "pitch_percent": 0.024390243902439025,
      "rhh_percent": null,
      "lhh_percent": 0.024390243902439025,
      "start_speed": 84.4,
      "max_start_speed": 84.4,
      "ivb": 4.3,
      "hb": -5.9,
      "release_pos_z": 5.667940844177395,
      "release_pos_x": 1.7109943622537307,
      "extension": 6.606908468266943,
      "pitches": 1,
      "whiffs": 0,
      "swings": 0,
      "spin_rate": 2456,
      "swing_miss_percent": null,
      "arm_angle": 36.5,
      "barrels_per_pa_percent": null,
      "hardhit_percent": null,
      "whiffs_per_pitch": 0,
      "active_spin_percent": null
    }
  ]
}