{
  "pitcher_id": "692024",
  "pitcher_name": "Alex Carrillo",
  "pitches": [
    {
      "code": "FF",
      "title": "four-seam fastball",
      "color": "#D22D49",
      "count": 35,
      "pitch_percent": 0.4166666666666667,
      "rhh_percent": 0.5294117647058824,
      "lhh_percent": 0.24242424242424243,
      "start_speed": 97.75999999999999,
      "max_start_speed": 99.3,
      "ivb": 13.074285714285713,
      "hb": 10.302857142857144,
      "release_pos_z": 5.308429044943003,
      "release_pos_x": 1.5687215375251518,
      "extension": 5.6901997759722525,
      "pitches": 35,
      "whiffs": 3,
      "swings": 17,
      "spin_rate": 2464,
      "swing_miss_percent": 17.6,
      "arm_angle": 19.6,
      "barrels_per_pa_percent": 33.33333333333333,
      "hardhit_percent": 60,
      "whiffs_per_pitch": 0.08571428571428572,
      "active_spin_percent": null
    },
    {
      "code": "SL",
      "title": "slider",
      "color": "#EEE716",
      "count": 27,
      "pitch_percent": 0.32142857142857145,
      "rhh_percent": 0.37254901960784315,
      "lhh_percent": 0.24242424242424243,
      "start_speed": 86.88148148148149,
      "max_start_speed": 89.3,
      "ivb": -0.06296296296296304,
      "hb": -4.4333333333333345,
      "release_pos_z": 5.168882679461579,
      "release_pos_x": 1.672628533366471,
      "extension": 5.6984318470027056,
      "pitches": 27,
      "whiffs": 3,
      "swings": 9,
      "spin_rate": 2615,
      "swing_miss_percent": 33.3,
      "arm_angle": 18.3,
      "barrels_per_pa_percent": 0,
      "hardhit_percent": 0,
      "whiffs_per_pitch": 0.1111111111111111,
      "active_spin_percent": null
    },
    {
      "code": "FS",
      "title": "splitter",
      "color": "#3BACAC",
      "count": 22,
      "pitch_percent": 0.2619047619047619,
      "rhh_percent": 0.09803921568627451,
      "lhh_percent": 0.5151515151515151,
      "start_speed": 90.38636363636364,
      "max_start_speed": 92,
      "ivb": 0.6227272727272727,
      "hb": 13.913636363636362,
      "release_pos_z": 5.093579041574748,
      "release_pos_x": 1.7042195847066905,
      "extension": 5.867632479075666,
      "pitches": 22,
      "whiffs": 6,
      "swings": 9,
      "spin_rate": 1649,
      "swing_miss_percent": 66.7,
      "arm_angle": 16.3,
      "barrels_per_pa_percent": 0,
      "hardhit_percent": 0,
      "whiffs_per_pitch": 0.2727272727272727,
      "active_spin_percent": null
    }
  ]
}