{
  "pitcher_id": "694361",
  "pitcher_name": "Will Klein",
  "pitches": [
    {
      "code": "FF",
      "title": "four-seam fastball",
      "color": "#D22D49",
      "count": 175,
      "pitch_percent": 0.5737704918032787,
      "rhh_percent": 0.6304347826086957,
      "lhh_percent": 0.5269461077844312,
      "start_speed": 97.91942857142858,
      "max_start_speed": 100.6,
      "ivb": 17.259999999999994,
      "hb": 6.582285714285714,
      "release_pos_z": 5.864883915192007,
      "release_pos_x": 1.0956076948462177,
      "extension": 6.634225002531242,
      "pitches": 175,
      "whiffs": 20,
      "swings": 74,
      "spin_rate": 2215,
      "swing_miss_percent": 27,
      "arm_angle": 53.4,
      "barrels_per_pa_percent": 2.7777777777777777,
      "hardhit_percent": 66.66666666666666,
      "whiffs_per_pitch": 0.11428571428571428,
      "active_spin_percent": 98.6
    },
    {
      "code": "CU",
      "title": "curveball",
      "color": "#00D2ED",
      "count": 67,
      "pitch_percent": 0.21967213114754097,
      "rhh_percent": 0.1956521739130435,
      "lhh_percent": 0.23952095808383234,
      "start_speed": 85.72985074626865,
      "max_start_speed": 87.4,
      "ivb": -13.113432835820891,
      "hb": -5.758208955223879,
      "release_pos_z": 6.007888575299561,
      "release_pos_x": 1.0090120469857982,
      "extension": 6.313999093938331,
      "pitches": 67,
      "whiffs": 8,
      "swings": 26,
      "spin_rate": 2320,
      "swing_miss_percent": 30.8,
      "arm_angle": 57.7,
      "barrels_per_pa_percent": 5.88235294117647,
      "hardhit_percent": 20,
      "whiffs_per_pitch": 0.11940298507462686,
      "active_spin_percent": 82.8
    },
    {
      "code": "FC",
      "title": "cutter",
      "color": "#933F2C",
      "count": 49,
      "pitch_percent": 0.16065573770491803,
      "rhh_percent": 0.08695652173913043,
      "lhh_percent": 0.2215568862275449,
      "start_speed": 92.55714285714284,
      "max_start_speed": 95.6,
      "ivb": 6.520408163265305,
      "hb": -0.716326530612245,
      "release_pos_z": 5.861442694042345,
      "release_pos_x": 1.329730716980392,
      "extension": 6.503112588953819,
      "pitches": 49,
      "whiffs": 7,
      "swings": 26,
      "spin_rate": 2306,
      "swing_miss_percent": 26.9,
      "arm_angle": 50.7,
      "barrels_per_pa_percent": 0,
      "hardhit_percent": 20,
      "whiffs_per_pitch": 0.14285714285714285,
      "active_spin_percent": 43.6
    },
    {
      "code": "ST",
      "title": "sweeper",
      "color": "#DDB43A",
      "count": 14,
      "pitch_percent": 0.04590163934426229,
      "rhh_percent": 0.08695652173913043,
      "lhh_percent": 0.011976047904191617,
      "start_speed": 90.77857142857144,
      "max_start_speed": 92.5,
      "ivb": -1.7714285714285711,
      "hb": -9.807142857142859,
      "release_pos_z": 5.704141756983104,
      "release_pos_x": 1.5757262091543378,
      "extension": 6.469242437654965,
      "pitches": 14,
      "whiffs": 1,
      "swings": 6,
      "spin_rate": 2446,
      "swing_miss_percent": 16.7,
      "arm_angle": 46.2,
      "barrels_per_pa_percent": 0,
      "hardhit_percent": 100,
      "whiffs_per_pitch": 0.07142857142857142,
      "active_spin_percent": 38.2
    }
  ]
}