{
  "pitcher_id": "694335",
  "pitcher_name": "Matt Svanson",
  "pitches": [
    {
      "code": "SI",
      "title": "sinker",
      "color": "#FE9E00",
      "count": 457,
      "pitch_percent": 0.47406639004149376,
      "rhh_percent": 0.5555555555555556,
      "lhh_percent": 0.35768261964735515,
      "start_speed": 96.84595185995624,
      "max_start_speed": 99.5,
      "ivb": 9.66936542669585,
      "hb": 15.378774617067835,
      "release_pos_z": 5.6901979023561005,
      "release_pos_x": 1.5165177708084678,
      "extension": 6.649823572819178,
      "pitches": 455,
      "whiffs": 40,
      "swings": 206,
      "spin_rate": 2263,
      "swing_miss_percent": 19.4,
      "arm_angle": 30.9,
      "barrels_per_pa_percent": 5.785123966942149,
      "hardhit_percent": 34.21052631578947,
      "whiffs_per_pitch": 0.08791208791208792,
      "active_spin_percent": 86.6
    },
    {
      "code": "ST",
      "title": "sweeper",
      "color": "#DDB43A",
      "count": 336,
      "pitch_percent": 0.34854771784232363,
      "rhh_percent": 0.38095238095238093,
      "lhh_percent": 0.3022670025188917,
      "start_speed": 87.14642857142859,
      "max_start_speed": 90.3,
      "ivb": 2.7842261904761885,
      "hb": -10.005357142857145,
      "release_pos_z": 5.737400424888929,
      "release_pos_x": 1.6634182238536541,
      "extension": 6.517602422017563,
      "pitches": 336,
      "whiffs": 40,
      "swings": 150,
      "spin_rate": 2261,
      "swing_miss_percent": 26.7,
      "arm_angle": 33,
      "barrels_per_pa_percent": 4.3478260869565215,
      "hardhit_percent": 33.33333333333333,
      "whiffs_per_pitch": 0.11904761904761904,
      "active_spin_percent": 34
    },
    {
      "code": "FC",
      "title": "cutter",
      "color": "#933F2C",
      "count": 158,
      "pitch_percent": 0.16390041493775934,
      "rhh_percent": 0.0582010582010582,
      "lhh_percent": 0.3148614609571788,
      "start_speed": 92.2132911392405,
      "max_start_speed": 95.2,
      "ivb": 6.520886075949369,
      "hb": -1.787341772151899,
      "release_pos_z": 5.716097798624241,
      "release_pos_x": 1.6517745662783945,
      "extension": 6.565433992321039,
      "pitches": 158,
      "whiffs": 17,
      "swings": 60,
      "spin_rate": 2282,
      "swing_miss_percent": 28.3,
      "arm_angle": 31.3,
      "barrels_per_pa_percent": 2.564102564102564,
      "hardhit_percent": 47.82608695652174,
      "whiffs_per_pitch": 0.10759493670886076,
      "active_spin_percent": 38.3
    },
    {
      "code": "FF",
      "title": "four-seam fastball",
      "color": "#D22D49",
      "count": 13,
      "pitch_percent": 0.013485477178423237,
      "rhh_percent": 0.005291005291005291,
      "lhh_percent": 0.02518891687657431,
      "start_speed": 96.50000000000001,
      "max_start_speed": 97.7,
      "ivb": 12.115384615384617,
      "hb": 9.03076923076923,
      "release_pos_z": 5.689985044757682,
      "release_pos_x": 1.5730675103889202,
      "extension": 6.651036239183221,
      "pitches": 13,
      "whiffs": 1,
      "swings": 7,
      "spin_rate": 2257,
      "swing_miss_percent": 14.3,
      "arm_angle": 30.9,
      "barrels_per_pa_percent": 33.33333333333333,
      "hardhit_percent": 50,
      "whiffs_per_pitch": 0.07692307692307693,
      "active_spin_percent": 88.2
    }
  ]
}