{
  "pitcher_id": "694462",
  "pitcher_name": "Hurston Waldrep",
  "pitches": [
    {
      "code": "FS",
      "title": "splitter",
      "color": "#3BACAC",
      "count": 279,
      "pitch_percent": 0.3236658932714617,
      "rhh_percent": 0.26956521739130435,
      "lhh_percent": 0.3597678916827853,
      "start_speed": 86.75734767025097,
      "max_start_speed": 89.3,
      "ivb": 1.9849462365591393,
      "hb": 6.280286738351258,
      "release_pos_z": 6.198096030969139,
      "release_pos_x": 0.7671092677639092,
      "extension": 6.389555065450767,
      "pitches": 279,
      "whiffs": 64,
      "swings": 141,
      "spin_rate": 762,
      "swing_miss_percent": 45.4,
      "arm_angle": 55.5,
      "barrels_per_pa_percent": 2.2988505747126435,
      "hardhit_percent": 31.57894736842105,
      "whiffs_per_pitch": 0.22939068100358423,
      "active_spin_percent": 83.6
    },
    {
      "code": "FC",
      "title": "cutter",
      "color": "#933F2C",
      "count": 190,
      "pitch_percent": 0.22041763341067286,
      "rhh_percent": 0.23768115942028986,
      "lhh_percent": 0.20889748549323017,
      "start_speed": 93.10526315789471,
      "max_start_speed": 96.2,
      "ivb": 9.187894736842104,
      "hb": -1.1478947368421053,
      "release_pos_z": 6.21471754587118,
      "release_pos_x": 0.853999524651701,
      "extension": 6.323156998548312,
      "pitches": 189,
      "whiffs": 10,
      "swings": 93,
      "spin_rate": 2287,
      "swing_miss_percent": 10.8,
      "arm_angle": 55.4,
      "barrels_per_pa_percent": 6.382978723404255,
      "hardhit_percent": 55.00000000000001,
      "whiffs_per_pitch": 0.05291005291005291,
      "active_spin_percent": 54.5
    },
    {
      "code": "SI",
      "title": "sinker",
      "color": "#FE9E00",
      "count": 158,
      "pitch_percent": 0.18329466357308585,
      "rhh_percent": 0.17101449275362318,
      "lhh_percent": 0.19148936170212766,
      "start_speed": 95.90632911392406,
      "max_start_speed": 98.4,
      "ivb": 10.874050632911397,
      "hb": 12.777215189873418,
      "release_pos_z": 6.27507192795631,
      "release_pos_x": 0.7363477007915016,
      "extension": 6.266295649274684,
      "pitches": 158,
      "whiffs": 12,
      "swings": 63,
      "spin_rate": 2180,
      "swing_miss_percent": 19,
      "arm_angle": 56,
      "barrels_per_pa_percent": 2.7777777777777777,
      "hardhit_percent": 48.148148148148145,
      "whiffs_per_pitch": 0.0759493670886076,
      "active_spin_percent": 81.5
    },
    {
      "code": "CU",
      "title": "curveball",
      "color": "#00D2ED",
      "count": 114,
      "pitch_percent": 0.13225058004640372,
      "rhh_percent": 0.10434782608695652,
      "lhh_percent": 0.15087040618955513,
      "start_speed": 82.68245614035087,
      "max_start_speed": 85.5,
      "ivb": -12.953508771929826,
      "hb": -7.077192982456139,
      "release_pos_z": 6.224912956651801,
      "release_pos_x": 0.9497480786495048,
      "extension": 6.200054814905056,
      "pitches": 114,
      "whiffs": 12,
      "swings": 31,
      "spin_rate": 2310,
      "swing_miss_percent": 38.7,
      "arm_angle": 55.8,
      "barrels_per_pa_percent": 0,
      "hardhit_percent": 50,
      "whiffs_per_pitch": 0.10526315789473684,
      "active_spin_percent": 81.7
    },
    {
      "code": "SL",
      "title": "slider",
      "color": "#EEE716",
      "count": 99,
      "pitch_percent": 0.1148491879350348,
      "rhh_percent": 0.18840579710144928,
      "lhh_percent": 0.06576402321083172,
      "start_speed": 87.19898989898986,
      "max_start_speed": 89.4,
      "ivb": -1.208080808080808,
      "hb": -1.8737373737373735,
      "release_pos_z": 6.1597088824045665,
      "release_pos_x": 0.8832813874047944,
      "extension": 6.362879208072348,
      "pitches": 99,
      "whiffs": 12,
      "swings": 49,
      "spin_rate": 2246,
      "swing_miss_percent": 24.5,
      "arm_angle": 55.1,
      "barrels_per_pa_percent": 0,
      "hardhit_percent": 14.285714285714285,
      "whiffs_per_pitch": 0.12121212121212122,
      "active_spin_percent": 21.3
    },
    {
      "code": "FF",
      "title": "four-seam fastball",
      "color": "#D22D49",
      "count": 22,
      "pitch_percent": 0.025522041763341066,
      "rhh_percent": 0.028985507246376812,
      "lhh_percent": 0.02321083172147002,
      "start_speed": 95.60454545454544,
      "max_start_speed": 97.9,
      "ivb": 13.70909090909091,
      "hb": 5.059090909090909,
      "release_pos_z": 6.2235339584459375,
      "release_pos_x": 0.7022738829408959,
      "extension": 6.291416351269948,
      "pitches": 22,
      "whiffs": 2,
      "swings": 8,
      "spin_rate": 2203,
      "swing_miss_percent": 25,
      "arm_angle": 57,
      "barrels_per_pa_percent": 0,
      "hardhit_percent": 50,
      "whiffs_per_pitch": 0.09090909090909091,
      "active_spin_percent": 81.2
    }
  ]
}