{
  "pitcher_id": "694973",
  "pitcher_name": "Paul Skenes",
  "pitches": [
    {
      "code": "FF",
      "title": "four-seam fastball",
      "color": "#D22D49",
      "count": 1187,
      "pitch_percent": 0.39606272939606274,
      "rhh_percent": 0.3258508327299059,
      "lhh_percent": 0.4560643564356436,
      "start_speed": 98.18163437236727,
      "max_start_speed": 100.4,
      "ivb": 11.566301600673965,
      "hb": 14.039679865206416,
      "release_pos_z": 5.607538223855368,
      "release_pos_x": 2.4346048797185302,
      "extension": 6.713379395611428,
      "pitches": 1166,
      "whiffs": 182,
      "swings": 613,
      "spin_rate": 2255,
      "swing_miss_percent": 29.7,
      "arm_angle": 24.3,
      "barrels_per_pa_percent": 4.436860068259386,
      "hardhit_percent": 53.6144578313253,
      "whiffs_per_pitch": 0.15608919382504288,
      "active_spin_percent": 97.1
    },
    {
      "code": "ST",
      "title": "sweeper",
      "color": "#DDB43A",
      "count": 476,
      "pitch_percent": 0.1588254921588255,
      "rhh_percent": 0.2447501810282404,
      "lhh_percent": 0.0853960396039604,
      "start_speed": 84.44978991596633,
      "max_start_speed": 87.7,
      "ivb": 5.72226890756302,
      "hb": -11.418907563025195,
      "release_pos_z": 5.527762007119123,
      "release_pos_x": 2.3977954748806938,
      "extension": 6.636418648427009,
      "pitches": 475,
      "whiffs": 72,
      "swings": 219,
      "spin_rate": 2333,
      "swing_miss_percent": 32.9,
      "arm_angle": 23.2,
      "barrels_per_pa_percent": 3.5398230088495577,
      "hardhit_percent": 19.17808219178082,
      "whiffs_per_pitch": 0.15157894736842106,
      "active_spin_percent": 36.8
    },
    {
      "code": "FS",
      "title": "splitter",
      "color": "#3BACAC",
      "count": 409,
      "pitch_percent": 0.1364698031364698,
      "rhh_percent": 0.09485879797248371,
      "lhh_percent": 0.17202970297029702,
      "start_speed": 93.69046454767735,
      "max_start_speed": 96.7,
      "ivb": 0.053789731051344804,
      "hb": 13.415403422982891,
      "release_pos_z": 5.577652395412561,
      "release_pos_x": 2.4581496019225413,
      "extension": 6.597857991998301,
      "pitches": 405,
      "whiffs": 49,
      "swings": 215,
      "spin_rate": 1676,
      "swing_miss_percent": 22.8,
      "arm_angle": 22.3,
      "barrels_per_pa_percent": 3.9603960396039604,
      "hardhit_percent": 44.871794871794876,
      "whiffs_per_pitch": 0.12098765432098765,
      "active_spin_percent": 89.9
    },
    {
      "code": "CH",
      "title": "changeup",
      "color": "#1DBF3A",
      "count": 326,
      "pitch_percent": 0.10877544210877545,
      "rhh_percent": 0.05792903692976104,
      "lhh_percent": 0.15222772277227722,
      "start_speed": 88.74601226993863,
      "max_start_speed": 91.9,
      "ivb": 5.398773006134971,
      "hb": 16.56257668711657,
      "release_pos_z": 5.564690528832175,
      "release_pos_x": 2.66915057572226,
      "extension": 6.623795534095208,
      "pitches": 326,
      "whiffs": 76,
      "swings": 173,
      "spin_rate": 1808,
      "swing_miss_percent": 43.9,
      "arm_angle": 21.2,
      "barrels_per_pa_percent": 1.1363636363636365,
      "hardhit_percent": 11.627906976744185,
      "whiffs_per_pitch": 0.2331288343558282,
      "active_spin_percent": 97.9
    },
    {
      "code": "SI",
      "title": "sinker",
      "color": "#FE9E00",
      "count": 288,
      "pitch_percent": 0.0960960960960961,
      "rhh_percent": 0.1889934829833454,
      "lhh_percent": 0.01670792079207921,
      "start_speed": 97.6048611111111,
      "max_start_speed": 100.6,
      "ivb": 6.183333333333328,
      "hb": 17.629166666666666,
      "release_pos_z": 5.597174029953071,
      "release_pos_x": 2.2821342145923835,
      "extension": 6.683358696488259,
      "pitches": 311,
      "whiffs": 24,
      "swings": 143,
      "spin_rate": 2268,
      "swing_miss_percent": 16.8,
      "arm_angle": 23.3,
      "barrels_per_pa_percent": 3.571428571428571,
      "hardhit_percent": 50,
      "whiffs_per_pitch": 0.07717041800643087,
      "active_spin_percent": 96.4
    },
    {
      "code": "SL",
      "title": "slider",
      "color": "#EEE716",
      "count": 171,
      "pitch_percent": 0.057057057057057055,
      "rhh_percent": 0.07458363504706735,
      "lhh_percent": 0.04207920792079208,
      "start_speed": 85.25672514619883,
      "max_start_speed": 87.6,
      "ivb": 7.493567251461986,
      "hb": -3.2678362573099418,
      "release_pos_z": 5.511375286292362,
      "release_pos_x": 2.4208832581090682,
      "extension": 6.62474510737753,
      "pitches": 168,
      "whiffs": 25,
      "swings": 74,
      "spin_rate": 2316,
      "swing_miss_percent": 33.8,
      "arm_angle": 22.6,
      "barrels_per_pa_percent": 0,
      "hardhit_percent": 16.666666666666664,
      "whiffs_per_pitch": 0.1488095238095238,
      "active_spin_percent": 28.9
    },
    {
      "code": "CU",
      "title": "curveball",
      "color": "#00D2ED",
      "count": 140,
      "pitch_percent": 0.04671338004671338,
      "rhh_percent": 0.013034033309196235,
      "lhh_percent": 0.07549504950495049,
      "start_speed": 83.86142857142859,
      "max_start_speed": 87.4,
      "ivb": -2.698571428571428,
      "hb": -6.217142857142858,
      "release_pos_z": 5.608777220698751,
      "release_pos_x": 2.688027410725593,
      "extension": 6.589421968263939,
      "pitches": 144,
      "whiffs": 20,
      "swings": 49,
      "spin_rate": 2438,
      "swing_miss_percent": 40.8,
      "arm_angle": 25.5,
      "barrels_per_pa_percent": 7.142857142857142,
      "hardhit_percent": 44.44444444444444,
      "whiffs_per_pitch": 0.1388888888888889,
      "active_spin_percent": 43
    }
  ]
}