{
  "pitcher_id": "697812",
  "pitcher_name": "Joe Rock",
  "pitches": [
    {
      "code": "SI",
      "title": "sinker",
      "color": "#FE9E00",
      "count": 68,
      "pitch_percent": 0.4689655172413793,
      "rhh_percent": 0.43243243243243246,
      "lhh_percent": 0.5070422535211268,
      "start_speed": 93.55882352941175,
      "max_start_speed": 95.1,
      "ivb": 6.816176470588235,
      "hb": 17.99705882352941,
      "release_pos_z": 5.810736564253373,
      "release_pos_x": 2.1212141026093203,
      "extension": 6.771228946881609,
      "pitches": 68,
      "whiffs": 2,
      "swings": 24,
      "spin_rate": 2276,
      "swing_miss_percent": 8.3,
      "arm_angle": 25.1,
      "barrels_per_pa_percent": 0,
      "hardhit_percent": 50,
      "whiffs_per_pitch": 0.029411764705882353,
      "active_spin_percent": 92.6
    },
    {
      "code": "SL",
      "title": "slider",
      "color": "#EEE716",
      "count": 38,
      "pitch_percent": 0.2620689655172414,
      "rhh_percent": 0.17567567567567569,
      "lhh_percent": 0.352112676056338,
      "start_speed": 86.24736842105264,
      "max_start_speed": 87.7,
      "ivb": -0.37368421052631573,
      "hb": -3.0894736842105264,
      "release_pos_z": 5.624040385586608,
      "release_pos_x": 2.27518679048394,
      "extension": 6.757569296740032,
      "pitches": 38,
      "whiffs": 7,
      "swings": 19,
      "spin_rate": 2542,
      "swing_miss_percent": 36.8,
      "arm_angle": 22.7,
      "barrels_per_pa_percent": 10,
      "hardhit_percent": 40,
      "whiffs_per_pitch": 0.18421052631578946,
      "active_spin_percent": 19.4
    },
    {
      "code": "FF",
      "title": "four-seam fastball",
      "color": "#D22D49",
      "count": 29,
      "pitch_percent": 0.2,
      "rhh_percent": 0.25675675675675674,
      "lhh_percent": 0.14084507042253522,
      "start_speed": 94.1793103448276,
      "max_start_speed": 95.4,
      "ivb": 12.9551724137931,
      "hb": 13.213793103448275,
      "release_pos_z": 5.773534730063803,
      "release_pos_x": 2.1471461124115967,
      "extension": 6.757182979831576,
      "pitches": 29,
      "whiffs": 5,
      "swings": 14,
      "spin_rate": 2257,
      "swing_miss_percent": 35.7,
      "arm_angle": 24.6,
      "barrels_per_pa_percent": 0,
      "hardhit_percent": 100,
      "whiffs_per_pitch": 0.1724137931034483,
      "active_spin_percent": 95.1
    },
    {
      "code": "CH",
      "title": "changeup",
      "color": "#1DBF3A",
      "count": 10,
      "pitch_percent": 0.06896551724137931,
      "rhh_percent": 0.13513513513513514,
      "lhh_percent": 0,
      "start_speed": 87.73,
      "max_start_speed": 88.8,
      "ivb": 0.8399999999999999,
      "hb": 16.7,
      "release_pos_z": 5.609699325930417,
      "release_pos_x": 2.197929255119406,
      "extension": 6.851324909169664,
      "pitches": 10,
      "whiffs": 1,
      "swings": 4,
      "spin_rate": 1991,
      "swing_miss_percent": 25,
      "arm_angle": 21.4,
      "barrels_per_pa_percent": 0,
      "hardhit_percent": 0,
      "whiffs_per_pitch": 0.1,
      "active_spin_percent": null
    }
  ]
}