{
  "pitcher_id": "700241",
  "pitcher_name": "Michael McGreevy",
  "pitches": [
    {
      "code": "FF",
      "title": "four-seam fastball",
      "color": "#D22D49",
      "count": 376,
      "pitch_percent": 0.2566552901023891,
      "rhh_percent": 0.1362397820163488,
      "lhh_percent": 0.37756497948016415,
      "start_speed": 92.96515957446813,
      "max_start_speed": 95.9,
      "ivb": 13.24521276595745,
      "hb": 9.535638297872334,
      "release_pos_z": 5.851031564555447,
      "release_pos_x": 2.2740946051971185,
      "extension": 6.725376377603024,
      "pitches": 371,
      "whiffs": 38,
      "swings": 162,
      "spin_rate": 2236,
      "swing_miss_percent": 23.5,
      "arm_angle": 34.4,
      "barrels_per_pa_percent": 9.195402298850574,
      "hardhit_percent": 56.14035087719298,
      "whiffs_per_pitch": 0.10242587601078167,
      "active_spin_percent": 86.1
    },
    {
      "code": "SI",
      "title": "sinker",
      "color": "#FE9E00",
      "count": 318,
      "pitch_percent": 0.21706484641638224,
      "rhh_percent": 0.40599455040871935,
      "lhh_percent": 0.027359781121751026,
      "start_speed": 91.78238993710696,
      "max_start_speed": 94.6,
      "ivb": 4.268238993710693,
      "hb": 13.761006289308174,
      "release_pos_z": 5.765716495959983,
      "release_pos_x": 2.329904262330737,
      "extension": 6.786678584450227,
      "pitches": 322,
      "whiffs": 13,
      "swings": 160,
      "spin_rate": 2201,
      "swing_miss_percent": 8.1,
      "arm_angle": 33,
      "barrels_per_pa_percent": 3.6036036036036037,
      "hardhit_percent": 40.20618556701031,
      "whiffs_per_pitch": 0.040372670807453416,
      "active_spin_percent": 76.8
    },
    {
      "code": "ST",
      "title": "sweeper",
      "color": "#DDB43A",
      "count": 287,
      "pitch_percent": 0.19590443686006825,
      "rhh_percent": 0.3201634877384196,
      "lhh_percent": 0.07113543091655267,
      "start_speed": 83.67595818815329,
      "max_start_speed": 86.1,
      "ivb": 0.07630662020905925,
      "hb": -12.935888501742161,
      "release_pos_z": 5.67961800534766,
      "release_pos_x": 2.430057416239767,
      "extension": 6.646530493246932,
      "pitches": 287,
      "whiffs": 28,
      "swings": 118,
      "spin_rate": 2468,
      "swing_miss_percent": 23.7,
      "arm_angle": 31,
      "barrels_per_pa_percent": 6.493506493506493,
      "hardhit_percent": 34.42622950819672,
      "whiffs_per_pitch": 0.0975609756097561,
      "active_spin_percent": 49.2
    },
    {
      "code": "CU",
      "title": "curveball",
      "color": "#00D2ED",
      "count": 177,
      "pitch_percent": 0.12081911262798635,
      "rhh_percent": 0.08719346049046321,
      "lhh_percent": 0.1545827633378933,
      "start_speed": 79.58926553672312,
      "max_start_speed": 81.9,
      "ivb": -12.071186440677966,
      "hb": -11.227118644067794,
      "release_pos_z": 5.828612388877518,
      "release_pos_x": 2.2289923387228323,
      "extension": 6.700939373925242,
      "pitches": 176,
      "whiffs": 11,
      "swings": 63,
      "spin_rate": 2535,
      "swing_miss_percent": 17.5,
      "arm_angle": 37,
      "barrels_per_pa_percent": 8.823529411764707,
      "hardhit_percent": 46.15384615384615,
      "whiffs_per_pitch": 0.0625,
      "active_spin_percent": 78.6
    },
    {
      "code": "CH",
      "title": "changeup",
      "color": "#1DBF3A",
      "count": 151,
      "pitch_percent": 0.10307167235494881,
      "rhh_percent": 0.01226158038147139,
      "lhh_percent": 0.19425444596443228,
      "start_speed": 88.06357615894038,
      "max_start_speed": 89.8,
      "ivb": 2.698013245033113,
      "hb": 14.7841059602649,
      "release_pos_z": 5.795571726538984,
      "release_pos_x": 2.3230491429974514,
      "extension": 6.752021835602289,
      "pitches": 151,
      "whiffs": 23,
      "swings": 80,
      "spin_rate": 1753,
      "swing_miss_percent": 28.7,
      "arm_angle": 34.4,
      "barrels_per_pa_percent": 6.666666666666667,
      "hardhit_percent": 22.857142857142858,
      "whiffs_per_pitch": 0.152317880794702,
      "active_spin_percent": 75.2
    },
    {
      "code": "FC",
      "title": "cutter",
      "color": "#933F2C",
      "count": 144,
      "pitch_percent": 0.09829351535836177,
      "rhh_percent": 0.02316076294277929,
      "lhh_percent": 0.17373461012311903,
      "start_speed": 88.62291666666663,
      "max_start_speed": 90.7,
      "ivb": 6.5256944444444445,
      "hb": -0.9090277777777774,
      "release_pos_z": 5.741619288003784,
      "release_pos_x": 2.4314032323339614,
      "extension": 6.682233798692708,
      "pitches": 144,
      "whiffs": 12,
      "swings": 82,
      "spin_rate": 2305,
      "swing_miss_percent": 14.6,
      "arm_angle": 31.6,
      "barrels_per_pa_percent": 12.195121951219512,
      "hardhit_percent": 38.46153846153847,
      "whiffs_per_pitch": 0.08333333333333333,
      "active_spin_percent": 40.5
    },
    {
      "code": "SL",
      "title": "slider",
      "color": "#EEE716",
      "count": 12,
      "pitch_percent": 0.008191126279863481,
      "rhh_percent": 0.014986376021798364,
      "lhh_percent": 0.0013679890560875513,
      "start_speed": 84.575,
      "max_start_speed": 86,
      "ivb": 0.6916666666666668,
      "hb": -7.033333333333334,
      "release_pos_z": 5.645003239345495,
      "release_pos_x": 2.385450184807224,
      "extension": 6.741005069827371,
      "pitches": 12,
      "whiffs": 4,
      "swings": 5,
      "spin_rate": 2434,
      "swing_miss_percent": 80,
      "arm_angle": 30.8,
      "barrels_per_pa_percent": 0,
      "hardhit_percent": 100,
      "whiffs_per_pitch": 0.3333333333333333,
      "active_spin_percent": 39.6
    }
  ]
}