{
  "pitcher_id": "700669",
  "pitcher_name": "Gordon Graceffo",
  "pitches": [
    {
      "code": "FF",
      "title": "four-seam fastball",
      "color": "#D22D49",
      "count": 322,
      "pitch_percent": 0.42592592592592593,
      "rhh_percent": 0.421875,
      "lhh_percent": 0.4318181818181818,
      "start_speed": 95.67763975155277,
      "max_start_speed": 99,
      "ivb": 16.035093167701863,
      "hb": 5.205900621118012,
      "release_pos_z": 6.1417261770913605,
      "release_pos_x": 1.4996324450078327,
      "extension": 6.390347702449025,
      "pitches": 329,
      "whiffs": 30,
      "swings": 168,
      "spin_rate": 2084,
      "swing_miss_percent": 17.9,
      "arm_angle": 51.8,
      "barrels_per_pa_percent": 6.315789473684211,
      "hardhit_percent": 62.121212121212125,
      "whiffs_per_pitch": 0.0911854103343465,
      "active_spin_percent": 94.2
    },
    {
      "code": "SL",
      "title": "slider",
      "color": "#EEE716",
      "count": 199,
      "pitch_percent": 0.26322751322751325,
      "rhh_percent": 0.33482142857142855,
      "lhh_percent": 0.1590909090909091,
      "start_speed": 89.20904522613063,
      "max_start_speed": 93,
      "ivb": 2.6025125628140704,
      "hb": -1.9532663316582914,
      "release_pos_z": 6.019060696435663,
      "release_pos_x": 1.6343175519001443,
      "extension": 6.381301051853104,
      "pitches": 201,
      "whiffs": 29,
      "swings": 101,
      "spin_rate": 2359,
      "swing_miss_percent": 28.7,
      "arm_angle": 49.6,
      "barrels_per_pa_percent": 2.631578947368421,
      "hardhit_percent": 54.54545454545454,
      "whiffs_per_pitch": 0.14427860696517414,
      "active_spin_percent": 21.2
    },
    {
      "code": "CU",
      "title": "curveball",
      "color": "#00D2ED",
      "count": 195,
      "pitch_percent": 0.25793650793650796,
      "rhh_percent": 0.19866071428571427,
      "lhh_percent": 0.34415584415584416,
      "start_speed": 83.37641025641025,
      "max_start_speed": 86.9,
      "ivb": -15.787692307692314,
      "hb": -1.6312820512820505,
      "release_pos_z": 6.20891367574326,
      "release_pos_x": 1.4999723223400088,
      "extension": 6.216455352307732,
      "pitches": 195,
      "whiffs": 25,
      "swings": 80,
      "spin_rate": 2654,
      "swing_miss_percent": 31.3,
      "arm_angle": 55.1,
      "barrels_per_pa_percent": 4,
      "hardhit_percent": 38.70967741935484,
      "whiffs_per_pitch": 0.1282051282051282,
      "active_spin_percent": 76.8
    },
    {
      "code": "SI",
      "title": "sinker",
      "color": "#FE9E00",
      "count": 20,
      "pitch_percent": 0.026455026455026454,
      "rhh_percent": 0.03794642857142857,
      "lhh_percent": 0.00974025974025974,
      "start_speed": 95.88000000000001,
      "max_start_speed": 98.6,
      "ivb": 14.345000000000002,
      "hb": 12.195,
      "release_pos_z": 6.119536566856946,
      "release_pos_x": 1.5503698783755668,
      "extension": 6.366713883963943,
      "pitches": 11,
      "whiffs": 0,
      "swings": 3,
      "spin_rate": 1990,
      "swing_miss_percent": 0,
      "arm_angle": 49.5,
      "barrels_per_pa_percent": 0,
      "hardhit_percent": 50,
      "whiffs_per_pitch": 0,
      "active_spin_percent": 92
    },
    {
      "code": "CH",
      "title": "changeup",
      "color": "#1DBF3A",
      "count": 20,
      "pitch_percent": 0.026455026455026454,
      "rhh_percent": 0.006696428571428571,
      "lhh_percent": 0.05519480519480519,
      "start_speed": 86.18499999999999,
      "max_start_speed": 88.1,
      "ivb": 11.235,
      "hb": 15.285,
      "release_pos_z": 5.822883815669282,
      "release_pos_x": 1.7331694237535864,
      "extension": 6.4265293145235445,
      "pitches": 20,
      "whiffs": 0,
      "swings": 11,
      "spin_rate": 2175,
      "swing_miss_percent": 0,
      "arm_angle": 44.5,
      "barrels_per_pa_percent": 16.666666666666664,
      "hardhit_percent": 33.33333333333333,
      "whiffs_per_pitch": 0,
      "active_spin_percent": 95.1
    }
  ]
}