{
  "pitcher_id": "701656",
  "pitcher_name": "Logan Henderson",
  "pitches": [
    {
      "code": "FF",
      "title": "four-seam fastball",
      "color": "#D22D49",
      "count": 200,
      "pitch_percent": 0.4878048780487805,
      "rhh_percent": 0.5310344827586206,
      "lhh_percent": 0.4641509433962264,
      "start_speed": 92.93749999999994,
      "max_start_speed": 95.6,
      "ivb": 17.119499999999988,
      "hb": 10.988499999999997,
      "release_pos_z": 5.242267427728351,
      "release_pos_x": 1.3517275233757684,
      "extension": 6.0875107586096115,
      "pitches": 200,
      "whiffs": 32,
      "swings": 114,
      "spin_rate": 2338,
      "swing_miss_percent": 28.1,
      "arm_angle": 33.4,
      "barrels_per_pa_percent": 7.2727272727272725,
      "hardhit_percent": 34.48275862068966,
      "whiffs_per_pitch": 0.16,
      "active_spin_percent": 97.9
    },
    {
      "code": "CH",
      "title": "changeup",
      "color": "#1DBF3A",
      "count": 164,
      "pitch_percent": 0.4,
      "rhh_percent": 0.3931034482758621,
      "lhh_percent": 0.4037735849056604,
      "start_speed": 81.85000000000005,
      "max_start_speed": 84.3,
      "ivb": 5.285365853658534,
      "hb": 18.77682926829269,
      "release_pos_z": 5.181982834400381,
      "release_pos_x": 1.451974552618098,
      "extension": 6.0353332884421995,
      "pitches": 164,
      "whiffs": 24,
      "swings": 85,
      "spin_rate": 2504,
      "swing_miss_percent": 28.2,
      "arm_angle": 31.6,
      "barrels_per_pa_percent": 0,
      "hardhit_percent": 33.33333333333333,
      "whiffs_per_pitch": 0.14634146341463414,
      "active_spin_percent": 94.5
    },
    {
      "code": "FC",
      "title": "cutter",
      "color": "#933F2C",
      "count": 32,
      "pitch_percent": 0.07804878048780488,
      "rhh_percent": 0,
      "lhh_percent": 0.12075471698113208,
      "start_speed": 87.61875000000002,
      "max_start_speed": 91,
      "ivb": 11.640625000000002,
      "hb": -0.7375,
      "release_pos_z": 5.186961613864162,
      "release_pos_x": 1.4333360591933992,
      "extension": 6.038079515820741,
      "pitches": 31,
      "whiffs": 5,
      "swings": 17,
      "spin_rate": 2343,
      "swing_miss_percent": 29.4,
      "arm_angle": 32.9,
      "barrels_per_pa_percent": 25,
      "hardhit_percent": 33.33333333333333,
      "whiffs_per_pitch": 0.16129032258064516,
      "active_spin_percent": 58.2
    },
    {
      "code": "SL",
      "title": "slider",
      "color": "#EEE716",
      "count": 14,
      "pitch_percent": 0.03414634146341464,
      "rhh_percent": 0.07586206896551724,
      "lhh_percent": 0.011320754716981131,
      "start_speed": 83.29285714285713,
      "max_start_speed": 86.3,
      "ivb": -1.7857142857142858,
      "hb": 0.46428571428571425,
      "release_pos_z": 5.319271849977511,
      "release_pos_x": 1.3477093486841782,
      "extension": 5.983457030245565,
      "pitches": 14,
      "whiffs": 1,
      "swings": 8,
      "spin_rate": 2388,
      "swing_miss_percent": 12.5,
      "arm_angle": 35.8,
      "barrels_per_pa_percent": 0,
      "hardhit_percent": 25,
      "whiffs_per_pitch": 0.07142857142857142,
      "active_spin_percent": 20.7
    }
  ]
}