{
  "pitcher_id": "800311",
  "pitcher_name": "Didier Fuentes",
  "pitches": [
    {
      "code": "FF",
      "title": "four-seam fastball",
      "color": "#D22D49",
      "count": 169,
      "pitch_percent": 0.5767918088737202,
      "rhh_percent": 0.562874251497006,
      "lhh_percent": 0.5952380952380952,
      "start_speed": 95.9550295857988,
      "max_start_speed": 98.3,
      "ivb": 15.732544378698229,
      "hb": 9.357396449704142,
      "release_pos_z": 5.140524069012355,
      "release_pos_x": 2.3302132391619987,
      "extension": 6.770429708647783,
      "pitches": 169,
      "whiffs": 16,
      "swings": 85,
      "spin_rate": 2199,
      "swing_miss_percent": 18.8,
      "arm_angle": 30.3,
      "barrels_per_pa_percent": 9.523809523809524,
      "hardhit_percent": 58.06451612903226,
      "whiffs_per_pitch": 0.09467455621301775,
      "active_spin_percent": 97
    },
    {
      "code": "ST",
      "title": "sweeper",
      "color": "#DDB43A",
      "count": 82,
      "pitch_percent": 0.27986348122866894,
      "rhh_percent": 0.3592814371257485,
      "lhh_percent": 0.1746031746031746,
      "start_speed": 83.38292682926827,
      "max_start_speed": 86.7,
      "ivb": -1.0792682926829271,
      "hb": -8.307317073170735,
      "release_pos_z": 5.057482130064237,
      "release_pos_x": 2.4212501093477496,
      "extension": 6.729935160877673,
      "pitches": 82,
      "whiffs": 12,
      "swings": 35,
      "spin_rate": 2489,
      "swing_miss_percent": 34.3,
      "arm_angle": 26.4,
      "barrels_per_pa_percent": 11.11111111111111,
      "hardhit_percent": 46.15384615384615,
      "whiffs_per_pitch": 0.14634146341463414,
      "active_spin_percent": 50.9
    },
    {
      "code": "CU",
      "title": "curveball",
      "color": "#00D2ED",
      "count": 33,
      "pitch_percent": 0.11262798634812286,
      "rhh_percent": 0.04790419161676647,
      "lhh_percent": 0.1984126984126984,
      "start_speed": 79.33030303030301,
      "max_start_speed": 82.1,
      "ivb": -10.245454545454546,
      "hb": -14.842424242424244,
      "release_pos_z": 5.204996155345376,
      "release_pos_x": 2.3164799144840686,
      "extension": 6.7251874796683975,
      "pitches": 33,
      "whiffs": 4,
      "swings": 12,
      "spin_rate": 2642,
      "swing_miss_percent": 33.3,
      "arm_angle": 35.4,
      "barrels_per_pa_percent": 12.5,
      "hardhit_percent": 75,
      "whiffs_per_pitch": 0.12121212121212122,
      "active_spin_percent": 79.6
    },
    {
      "code": "FS",
      "title": "splitter",
      "color": "#3BACAC",
      "count": 9,
      "pitch_percent": 0.030716723549488054,
      "rhh_percent": 0.029940119760479042,
      "lhh_percent": 0.031746031746031744,
      "start_speed": 88.05555555555556,
      "max_start_speed": 89.2,
      "ivb": 7.011111111111111,
      "hb": 14.622222222222225,
      "release_pos_z": 4.958679356121998,
      "release_pos_x": 2.414896353710163,
      "extension": 6.869948903837611,
      "pitches": 9,
      "whiffs": 0,
      "swings": 2,
      "spin_rate": 1802,
      "swing_miss_percent": 0,
      "arm_angle": 20,
      "barrels_per_pa_percent": 0,
      "hardhit_percent": 100,
      "whiffs_per_pitch": 0,
      "active_spin_percent": null
    }
  ]
}