{
  "pitcher_id": "801216",
  "pitcher_name": "Christian Montes De Oca",
  "pitches": [
    {
      "code": "FF",
      "title": "four-seam fastball",
      "color": "#D22D49",
      "count": 16,
      "pitch_percent": 0.34782608695652173,
      "rhh_percent": 0.24,
      "lhh_percent": 0.47619047619047616,
      "start_speed": 96.10000000000002,
      "max_start_speed": 97.7,
      "ivb": 16.55,
      "hb": 6.75,
      "release_pos_z": 6.382468651632527,
      "release_pos_x": 1.0224800651507102,
      "extension": 6.43722806474176,
      "pitches": 16,
      "whiffs": 3,
      "swings": 8,
      "spin_rate": 2314,
      "swing_miss_percent": 37.5,
      "arm_angle": 47.7,
      "barrels_per_pa_percent": 0,
      "hardhit_percent": 0,
      "whiffs_per_pitch": 0.1875,
      "active_spin_percent": null
    },
    {
      "code": "SL",
      "title": "slider",
      "color": "#EEE716",
      "count": 14,
      "pitch_percent": 0.30434782608695654,
      "rhh_percent": 0.32,
      "lhh_percent": 0.2857142857142857,
      "start_speed": 85.47142857142858,
      "max_start_speed": 87.9,
      "ivb": -1.5500000000000003,
      "hb": -3.292857142857144,
      "release_pos_z": 6.361138785355125,
      "release_pos_x": 1.2134620477420486,
      "extension": 6.479418804651971,
      "pitches": 14,
      "whiffs": 2,
      "swings": 7,
      "spin_rate": 2410,
      "swing_miss_percent": 28.6,
      "arm_angle": 48.1,
      "barrels_per_pa_percent": 0,
      "hardhit_percent": 0,
      "whiffs_per_pitch": 0.14285714285714285,
      "active_spin_percent": null
    },
    {
      "code": "SI",
      "title": "sinker",
      "color": "#FE9E00",
      "count": 12,
      "pitch_percent": 0.2608695652173913,
      "rhh_percent": 0.44,
      "lhh_percent": 0.047619047619047616,
      "start_speed": 95.54166666666669,
      "max_start_speed": 96.7,
      "ivb": 11.633333333333333,
      "hb": 14.208333333333334,
      "release_pos_z": 6.255742154336956,
      "release_pos_x": 1.2298356274449151,
      "extension": 6.522619666111345,
      "pitches": 12,
      "whiffs": 0,
      "swings": 1,
      "spin_rate": 1923,
      "swing_miss_percent": 0,
      "arm_angle": 44.4,
      "barrels_per_pa_percent": null,
      "hardhit_percent": null,
      "whiffs_per_pitch": 0,
      "active_spin_percent": null
    },
    {
      "code": "CH",
      "title": "changeup",
      "color": "#1DBF3A",
      "count": 4,
      "pitch_percent": 0.08695652173913043,
      "rhh_percent": 0,
      "lhh_percent": 0.19047619047619047,
      "start_speed": 91.075,
      "max_start_speed": 92,
      "ivb": 8.799999999999999,
      "hb": 14.35,
      "release_pos_z": 6.337983619455197,
      "release_pos_x": 1.178862422175503,
      "extension": 6.612368290039067,
      "pitches": 4,
      "whiffs": 0,
      "swings": 1,
      "spin_rate": 1771,
      "swing_miss_percent": 0,
      "arm_angle": 45.7,
      "barrels_per_pa_percent": 0,
      "hardhit_percent": 0,
      "whiffs_per_pitch": 0,
      "active_spin_percent": null
    }
  ]
}