{
  "pitcher_id": "801434",
  "pitcher_name": "Paul Gervase",
  "pitches": [
    {
      "code": "FF",
      "title": "four-seam fastball",
      "color": "#D22D49",
      "count": 80,
      "pitch_percent": 0.5882352941176471,
      "rhh_percent": 0.5072463768115942,
      "lhh_percent": 0.6716417910447762,
      "start_speed": 93.82124999999999,
      "max_start_speed": 97,
      "ivb": 15.649999999999995,
      "hb": 5.8025,
      "release_pos_z": 5.643185726104805,
      "release_pos_x": 2.2306871266953987,
      "extension": 7.5174317239457995,
      "pitches": 80,
      "whiffs": 11,
      "swings": 33,
      "spin_rate": 2187,
      "swing_miss_percent": 33.3,
      "arm_angle": 31.2,
      "barrels_per_pa_percent": 4.166666666666666,
      "hardhit_percent": 46.15384615384615,
      "whiffs_per_pitch": 0.1375,
      "active_spin_percent": 93.6
    },
    {
      "code": "SL",
      "title": "slider",
      "color": "#EEE716",
      "count": 40,
      "pitch_percent": 0.29411764705882354,
      "rhh_percent": 0.463768115942029,
      "lhh_percent": 0.11940298507462686,
      "start_speed": 84.17749999999998,
      "max_start_speed": 85.7,
      "ivb": -2.3824999999999994,
      "hb": -5.1725,
      "release_pos_z": 5.582773235997496,
      "release_pos_x": 2.3126102367747152,
      "extension": 7.51080892773719,
      "pitches": 40,
      "whiffs": 9,
      "swings": 22,
      "spin_rate": 2400,
      "swing_miss_percent": 40.9,
      "arm_angle": 30.9,
      "barrels_per_pa_percent": 9.090909090909092,
      "hardhit_percent": 44.44444444444444,
      "whiffs_per_pitch": 0.225,
      "active_spin_percent": 39.9
    },
    {
      "code": "FC",
      "title": "cutter",
      "color": "#933F2C",
      "count": 16,
      "pitch_percent": 0.11764705882352941,
      "rhh_percent": 0.028985507246376812,
      "lhh_percent": 0.208955223880597,
      "start_speed": 89.8375,
      "max_start_speed": 91.6,
      "ivb": 9.906249999999998,
      "hb": -2.7624999999999997,
      "release_pos_z": 5.462313925570574,
      "release_pos_x": 2.431526961390049,
      "extension": 7.540453781190666,
      "pitches": 15,
      "whiffs": 0,
      "swings": 5,
      "spin_rate": 2324,
      "swing_miss_percent": 0,
      "arm_angle": 27.2,
      "barrels_per_pa_percent": 0,
      "hardhit_percent": 50,
      "whiffs_per_pitch": 0,
      "active_spin_percent": 58.2
    }
  ]
}