{
  "pitcher_id": "805427",
  "pitcher_name": "Drew Sommers",
  "pitches": [
    {
      "code": "SI",
      "title": "sinker",
      "color": "#FE9E00",
      "count": 34,
      "pitch_percent": 0.4358974358974359,
      "rhh_percent": 0.425531914893617,
      "lhh_percent": 0.45161290322580644,
      "start_speed": 93.44999999999999,
      "max_start_speed": 94.6,
      "ivb": 3.9499999999999993,
      "hb": 16.091176470588238,
      "release_pos_z": 4.695747168974518,
      "release_pos_x": 2.9950879654266056,
      "extension": 7.255329443838539,
      "pitches": 34,
      "whiffs": 1,
      "swings": 10,
      "spin_rate": 1983,
      "swing_miss_percent": 10,
      "arm_angle": 11.8,
      "barrels_per_pa_percent": 12.5,
      "hardhit_percent": 60,
      "whiffs_per_pitch": 0.029411764705882353,
      "active_spin_percent": null
    },
    {
      "code": "SL",
      "title": "slider",
      "color": "#EEE716",
      "count": 33,
      "pitch_percent": 0.4230769230769231,
      "rhh_percent": 0.3829787234042553,
      "lhh_percent": 0.4838709677419355,
      "start_speed": 81.82424242424241,
      "max_start_speed": 84.1,
      "ivb": -0.20909090909090916,
      "hb": -10.8,
      "release_pos_z": 4.829567732708414,
      "release_pos_x": 2.9462436266172514,
      "extension": 7.2435679736690215,
      "pitches": 33,
      "whiffs": 6,
      "swings": 15,
      "spin_rate": 2208,
      "swing_miss_percent": 40,
      "arm_angle": 15.7,
      "barrels_per_pa_percent": 0,
      "hardhit_percent": 50,
      "whiffs_per_pitch": 0.18181818181818182,
      "active_spin_percent": null
    },
    {
      "code": "FF",
      "title": "four-seam fastball",
      "color": "#D22D49",
      "count": 10,
      "pitch_percent": 0.1282051282051282,
      "rhh_percent": 0.1702127659574468,
      "lhh_percent": 0.06451612903225806,
      "start_speed": 93.13,
      "max_start_speed": 93.9,
      "ivb": 10.58,
      "hb": 12.06,
      "release_pos_z": 4.763971622397969,
      "release_pos_x": 2.99595402148236,
      "extension": 7.1678121014562395,
      "pitches": 10,
      "whiffs": 0,
      "swings": 2,
      "spin_rate": 2059,
      "swing_miss_percent": 0,
      "arm_angle": 13.3,
      "barrels_per_pa_percent": null,
      "hardhit_percent": null,
      "whiffs_per_pitch": 0,
      "active_spin_percent": null
    },
    {
      "code": "CH",
      "title": "changeup",
      "color": "#1DBF3A",
      "count": 1,
      "pitch_percent": 0.01282051282051282,
      "rhh_percent": 0.02127659574468085,
      "lhh_percent": 0,
      "start_speed": 87.2,
      "max_start_speed": 87.2,
      "ivb": 2.5,
      "hb": 12.1,
      "release_pos_z": 4.594554358777405,
      "release_pos_x": 2.846359322399225,
      "extension": 7.335644440525414,
      "pitches": 1,
      "whiffs": 0,
      "swings": 1,
      "spin_rate": 1724,
      "swing_miss_percent": 0,
      "arm_angle": 16.5,
      "barrels_per_pa_percent": 0,
      "hardhit_percent": 0,
      "whiffs_per_pitch": 0,
      "active_spin_percent": null
    }
  ]
}