{
  "pitcher_id": "813349",
  "pitcher_name": "Connelly Early",
  "pitches": [
    {
      "code": "FF",
      "title": "four-seam fastball",
      "color": "#D22D49",
      "count": 95,
      "pitch_percent": 0.29411764705882354,
      "rhh_percent": 0.33472803347280333,
      "lhh_percent": 0.17857142857142858,
      "start_speed": 94.0336842105263,
      "max_start_speed": 96.6,
      "ivb": 15.253684210526314,
      "hb": 9.537894736842107,
      "release_pos_z": 5.520613366307194,
      "release_pos_x": 2.7035822148293627,
      "extension": 6.911990445754941,
      "pitches": 94,
      "whiffs": 12,
      "swings": 41,
      "spin_rate": 2308,
      "swing_miss_percent": 29.3,
      "arm_angle": 33.7,
      "barrels_per_pa_percent": 5.555555555555555,
      "hardhit_percent": 44.44444444444444,
      "whiffs_per_pitch": 0.1276595744680851,
      "active_spin_percent": 86.6
    },
    {
      "code": "CU",
      "title": "curveball",
      "color": "#00D2ED",
      "count": 68,
      "pitch_percent": 0.21052631578947367,
      "rhh_percent": 0.2510460251046025,
      "lhh_percent": 0.09523809523809523,
      "start_speed": 80.74411764705881,
      "max_start_speed": 84.8,
      "ivb": -9.573529411764708,
      "hb": -9.695588235294117,
      "release_pos_z": 5.59172176622504,
      "release_pos_x": 2.8938276849634597,
      "extension": 6.723495608931646,
      "pitches": 67,
      "whiffs": 13,
      "swings": 33,
      "spin_rate": 2442,
      "swing_miss_percent": 39.4,
      "arm_angle": 35.1,
      "barrels_per_pa_percent": 0,
      "hardhit_percent": 40,
      "whiffs_per_pitch": 0.19402985074626866,
      "active_spin_percent": 71
    },
    {
      "code": "CH",
      "title": "changeup",
      "color": "#1DBF3A",
      "count": 63,
      "pitch_percent": 0.19504643962848298,
      "rhh_percent": 0.24686192468619247,
      "lhh_percent": 0.047619047619047616,
      "start_speed": 83.97301587301587,
      "max_start_speed": 87.4,
      "ivb": -1.377777777777778,
      "hb": 13.074603174603176,
      "release_pos_z": 5.489879820976672,
      "release_pos_x": 2.9118635078623596,
      "extension": 6.877865860820506,
      "pitches": 63,
      "whiffs": 9,
      "swings": 39,
      "spin_rate": 1366,
      "swing_miss_percent": 23.1,
      "arm_angle": 30.4,
      "barrels_per_pa_percent": 0,
      "hardhit_percent": 41.17647058823529,
      "whiffs_per_pitch": 0.14285714285714285,
      "active_spin_percent": 87.3
    },
    {
      "code": "SI",
      "title": "sinker",
      "color": "#FE9E00",
      "count": 41,
      "pitch_percent": 0.12693498452012383,
      "rhh_percent": 0.06694560669456066,
      "lhh_percent": 0.2976190476190476,
      "start_speed": 93.0048780487805,
      "max_start_speed": 94.3,
      "ivb": 8.339024390243901,
      "hb": 18.265853658536585,
      "release_pos_z": 5.266629594500331,
      "release_pos_x": 2.8476112529831465,
      "extension": 6.941663470818111,
      "pitches": 42,
      "whiffs": 7,
      "swings": 23,
      "spin_rate": 2158,
      "swing_miss_percent": 30.4,
      "arm_angle": 26.5,
      "barrels_per_pa_percent": 0,
      "hardhit_percent": 25,
      "whiffs_per_pitch": 0.16666666666666666,
      "active_spin_percent": 91
    },
    {
      "code": "SL",
      "title": "slider",
      "color": "#EEE716",
      "count": 38,
      "pitch_percent": 0.11764705882352941,
      "rhh_percent": 0.100418410041841,
      "lhh_percent": 0.16666666666666666,
      "start_speed": 86.42105263157892,
      "max_start_speed": 88.4,
      "ivb": 6.455263157894739,
      "hb": -0.6921052631578947,
      "release_pos_z": 5.3317824294972604,
      "release_pos_x": 3.000838234032095,
      "extension": 6.905197414014793,
      "pitches": 37,
      "whiffs": 5,
      "swings": 17,
      "spin_rate": 2320,
      "swing_miss_percent": 29.4,
      "arm_angle": 26.7,
      "barrels_per_pa_percent": 14.285714285714285,
      "hardhit_percent": 60,
      "whiffs_per_pitch": 0.13513513513513514,
      "active_spin_percent": 32
    },
    {
      "code": "ST",
      "title": "sweeper",
      "color": "#DDB43A",
      "count": 18,
      "pitch_percent": 0.05572755417956656,
      "rhh_percent": 0,
      "lhh_percent": 0.21428571428571427,
      "start_speed": 82.91666666666667,
      "max_start_speed": 85,
      "ivb": 0.2666666666666667,
      "hb": -13.022222222222222,
      "release_pos_z": 5.311077648698911,
      "release_pos_x": 3.068576088359275,
      "extension": 6.756820772916123,
      "pitches": 20,
      "whiffs": 10,
      "swings": 12,
      "spin_rate": 2458,
      "swing_miss_percent": 83.3,
      "arm_angle": 26.1,
      "barrels_per_pa_percent": 0,
      "hardhit_percent": 0,
      "whiffs_per_pitch": 0.5,
      "active_spin_percent": 35.4
    }
  ]
}